path,size,sha256,rows,from,to
dhan-data/candles/daily/IDX_I/ALLCAP.parquet,68839,d863eb5b214049a50f246b5cee6bb090ce7449c2eae6f30635e9611140fe0621,2219,2015-11-23,2024-11-05
dhan-data/candles/daily/IDX_I/AUTO.parquet,157139,03099278851448354ce9caf4fdad3cf58ab3df433de05b7e3e2d6bf3aeff49fc,5144,2006-01-02,2026-10-05
dhan-data/candles/daily/IDX_I/BANKEX.parquet,157804,56fff9e0712299ea10f8b83f5d06e2fea4bf53ef3964c29000fbeb79d053bb1d,5144,2006-01-02,2026-10-05
dhan-data/candles/daily/IDX_I/BANKNIFTY.parquet,157917,a2d7644713cf42dddedcfec577a7f25fe4b0ce70e98d214661d7d8f163ee6b8b,5144,2006-01-02,2026-10-05
dhan-data/candles/daily/IDX_I/BHRT22.parquet,63934,a7c1cd95de55c7bca34273ea86656487cb546a0cad817209efd8b769a1fb56cb,2260,2017-08-17,2026-10-05
dhan-data/candles/daily/IDX_I/BSE100.parquet,147338,866c118c1b35fc9d6c31baa4a751deb5f80135e91e39aa312d08a212e7089286,5145,2006-01-02,2026-10-05
dhan-data/candles/daily/IDX_I/BSE200.parquet,159510,9e3b9f9b8532c05651fcd3df4f57eea77cc6e40ffed59ebca04d71a588be01f5,5144,2006-01-02,2026-10-05
dhan-data/candles/daily/IDX_I/BSE500.parquet,161397,1f63c8523cfaf115744858bb420151d9ecf156d4c5d88330de6fc1009575ea3f,5144,2006-01-02,2026-10-05
dhan-data/candles/daily/IDX_I/BSEDSI.parquet,35718,5c73387d60715e9fa3dfbc51b3beac60d805b2b1a9221ad3eadd2d06d518fb5a,1150,2022-02-14,2026-10-05
dhan-data/candles/daily/IDX_I/BSEEVI.parquet,36767,c06359255f8b3ce54b0cc06f867785f60febdc76ade784445ac2dfd800c2014d,1150,2022-02-14,2026-10-05
dhan-data/candles/daily/IDX_I/BSEFMC.parquet,156429,5837af958efbbbc10d1fbda5bc56ab93c14f952659fddd87f07fb687ca82d5cd,5143,2006-01-02,2026-10-05
dhan-data/candles/daily/IDX_I/BSEIPO.parquet,134654,9f8727f57e6ed5be8ed03513aa15a9167f75cbb24f1d5dac20306f5f724341be,5145,2006-01-02,2026-10-05
dhan-data/candles/daily/IDX_I/BSELVI.parquet,35488,1e742417423b717116598bef5543d4f32cdff71797ee602155faa9744471f95f,1150,2022-02-14,2026-10-05
dhan-data/candles/daily/IDX_I/BSEMOI.parquet,36509,40793c46f8222b8b8939e043b4e5741b4a1ffdbacd6c3a7b92e4b42cae227c03,1150,2022-02-14,2026-10-05
dhan-data/candles/daily/IDX_I/BSEPBI.parquet,36439,1eacf987d3335c9b6e71d5d690c9e049309c69396482cc7f0b87a4f5b431287c,1150,2022-02-14,2026-10-05
dhan-data/candles/daily/IDX_I/BSEPSU.parquet,157329,3d5695394193111c0dc84e49945fcf41b67999fbd5a96a0d8b16a05db97a1b96,5144,2006-01-02,2026-10-05
dhan-data/candles/daily/IDX_I/BSEQUI.parquet,35616,afca97316d305244c3d55aa92b4ececeddad04720905ed64c1d42397ebb26745,1150,2022-02-14,2026-10-05
dhan-data/candles/daily/IDX_I/BSESER.parquet,12582,ddd8f9f91d4151afd80f7c69dc05faa564912388808c627a3fad1bb882dced9c,324,2025-06-16,2026-10-05
dhan-data/candles/daily/IDX_I/BSE_CD.parquet,157679,cfeada9ed882b6941e75598eb6c7cd532b4f7b515c3c64136bbf75faa57eab34,5144,2006-01-02,2026-10-05
dhan-data/candles/daily/IDX_I/BSE_CG.parquet,157351,1647bcf6744edefaadb76d8da629190f63f95ac5d6fa6e32b77e4192fa2068da,5144,2006-01-02,2026-10-05
dhan-data/candles/daily/IDX_I/BSE_HC.parquet,156602,cf39a019389930e8d79065f897087ce7625dbdb364a728f7d04b65fdd3fd444e,5143,2006-01-02,2026-10-05
dhan-data/candles/daily/IDX_I/BSE_IT.parquet,157547,6acb0df2ffe014707815b78d970b33869dc931a321b61714369fdc8c71fd418f,5144,2006-01-02,2026-10-05
dhan-data/candles/daily/IDX_I/CAPINS.parquet,12604,376766a2bd1d38497209996791ba6da03a271d2a9ea77a919194b5538cbfe849,397,2025-02-24,2026-10-05
dhan-data/candles/daily/IDX_I/CARBON.parquet,84774,b9b158f86c72e829e3dab83e839f0460c544345ee282e83136937ff42617de99,2903,2012-11-30,2024-08-29
dhan-data/candles/daily/IDX_I/COMDTY.parquet,25685,b5e88daa9722d8dfb108897866929a355110c3802e0706e6f49fb1fb934a0574,786,2023-08-03,2026-10-05
dhan-data/candles/daily/IDX_I/CONDIS.parquet,25816,32b7812e93c2244fef37dce6472f2b195f4e58cc6aaaf45ad4a2958ee9892f09,786,2023-08-03,2026-10-05
dhan-data/candles/daily/IDX_I/CPSE.parquet,88064,b45eb788767a940efb1ccf73b202353c21bc2b1f8dc518d3f18be6bab68131cd,2964,2014-10-13,2026-10-05
dhan-data/candles/daily/IDX_I/DFRGRI.parquet,35980,bd0dc7ce360366e16c550461e53ba89f515474b90560c69fc6e957415c204695,1150,2022-02-14,2026-10-05
dhan-data/candles/daily/IDX_I/DOL100.parquet,105976,8ab8a6041d5e844e2e7f38900960e7e1a8d1459fb5fc276f880fc8c1db66f4f8,4225,2006-05-23,2026-10-05
dhan-data/candles/daily/IDX_I/DOL200.parquet,109592,5fa89785fae12f23991dd48a426184c61f0d2385bced4e4c5d21011de22d43f8,4318,2006-01-02,2026-10-05
dhan-data/candles/daily/IDX_I/DOL30.parquet,108170,7989b023322295bdaf40880b6f8573a12eab58fd241e4fe94c6a704cc258e4d4,4318,2006-01-02,2026-10-05
dhan-data/candles/daily/IDX_I/ENERGY.parquet,81015,f39585959c857486dece6114412293b5e52686faf4c1b6322acb1695ddf74eb5,2692,2015-11-23,2026-10-05
dhan-data/candles/daily/IDX_I/ESG100.parquet,35554,5b00f054f241245db389c3a28e172c88c05d81d6e12b7695bd2ebf79e26b6687,1150,2022-02-14,2026-10-05
dhan-data/candles/daily/IDX_I/FINNIFTY.parquet,149883,938a0d69301fd45cf56551de49b72217982a78b0de50a1ea1ab13cee49ba1795,5145,2006-01-02,2026-10-05
dhan-data/candles/daily/IDX_I/FINSER.parquet,25548,80ce63acb86e40d8a40f5dd9135ff74d606faa3eb958045506f1e12fffe6df9e,786,2023-08-03,2026-10-05
dhan-data/candles/daily/IDX_I/FOCIT.parquet,11277,5a5087bf2181cfdf38aefcedd4038d46c7b6895294e571eeacea858b000178f4,324,2025-06-16,2026-10-05
dhan-data/candles/daily/IDX_I/FOCMID.parquet,11144,7bfb78109cda3486ebfc4aba40ef13009d6f733a46c0701323b5bd64bc32e4ee,324,2025-06-16,2026-10-05
dhan-data/candles/daily/IDX_I/GIFTNIFTY.parquet,54083,ddd1fdbbf2a1010ed420c755fd32211d31a5ceaa9be83b5ee569b96568891aa6,2485,2017-07-05,2026-10-05
dhan-data/candles/daily/IDX_I/GREENX.parquet,20996,7272f8b713bc8da426e000fa3a26e88647e0687dc77a194a0a67b1ffe97ebaaf,630,2022-02-14,2024-08-29
dhan-data/candles/daily/IDX_I/IND150.parquet,11033,d8f25fb6790eef1925c9e1d7a598c4f948e15c9d0cb593a0dbd1237cf43ae3be,324,2025-06-16,2026-10-05
dhan-data/candles/daily/IDX_I/INDIA_VIX.parquet,74284,6a88ad3dc25b8bdee9bbbde283a6f05069cc64a8f1853e900ae335c27ad88f42,4669,2007-11-01,2026-10-05
dhan-data/candles/daily/IDX_I/INDSTR.parquet,82898,7da475704325df2739a1087671e1a92319fcaf8139c9a0cd3bc67cfa60573fa3,2692,2015-11-23,2026-10-05
dhan-data/candles/daily/IDX_I/INFRA.parquet,87781,cfb836cd11bcf8f31e498f1fc6a9406dcbece5372f328ee49ae64baccbe457df,3056,2014-05-29,2026-10-05
dhan-data/candles/daily/IDX_I/LMI250.parquet,37154,babb896d2704377e699afa4a8615ac2d85d35745d57a086cc7551a6291427744,1150,2022-02-14,2026-10-05
dhan-data/candles/daily/IDX_I/METAL.parquet,155576,907cc68b6ae7c16888ebeeffa7cdf1041cedeb56052187a71c5cf4926e8b4507,5144,2006-01-02,2026-10-05
dhan-data/candles/daily/IDX_I/MFG.parquet,82425,8556b3e450efadb5b98832cb3e57432eba119ac187bdbfa5cc718c29522f1a32,2795,2015-06-24,2026-10-05
dhan-data/candles/daily/IDX_I/MID150.parquet,63084,1242a35b77d0fc649a4f217df88e0a98df5a79bc5dbe44110fb4ba2ba952f25e,2186,2017-12-04,2026-10-05
dhan-data/candles/daily/IDX_I/MIDCPNIFTY.parquet,34483,27539a08827840ca389531d0810474a8d886f46022769b8c96249a635da1eda0,1160,2022-01-31,2026-10-05
dhan-data/candles/daily/IDX_I/MIDSEL.parquet,81914,3c4e2054bbb5886b6c1d0005fc954acfa047181dc967d39c233d2aa3b401f9ca,2692,2015-11-23,2026-10-05
dhan-data/candles/daily/IDX_I/MSL400.parquet,62908,22d3f936e1db5f2d5fecd3c051322a65c7e492e16e0a3bd145e9c80ec42c1345,2186,2017-12-04,2026-10-05
dhan-data/candles/daily/IDX_I/NIFTY.parquet,155683,5c44eaab28ded198c47d1cac090202052436fb11768d6a8589cedc6cb7dcf6ef,5145,2006-01-02,2026-10-05
dhan-data/candles/daily/IDX_I/NIFTY100ESGSECLDR.parquet,9701,c65b20db683f889670ff7d90203e607c2774364abcbf4c679740b4dcf51b8e3d,277,2025-08-21,2026-10-05
dhan-data/candles/daily/IDX_I/NIFTY100_ALPHA_30.parquet,10683,ed970104d48913a941d8034963065b6a5ff1a1b8cacdaff9d3e9d007517fe731,324,2025-06-16,2026-10-05
dhan-data/candles/daily/IDX_I/NIFTY100_ENH_ESG.parquet,10562,00620471cac7ce002aa78eb57552914fcf31e9a269148fac5a52ca252f0a8633,324,2025-06-16,2026-10-05
dhan-data/candles/daily/IDX_I/NIFTY100_EQUAL_WEIGHT.parquet,35895,8705f6aa61de7017b85856e497ea90cb6568ce964afcf18427b6234865c10288,1117,2022-02-14,2026-10-05
dhan-data/candles/daily/IDX_I/NIFTY100_ESG.parquet,19393,dbef23c79dc020e991d5dca6904f6d2d1c21ee1ba7dafb9fe6c03d7aae0d85b4,651,2022-01-31,2026-10-05
dhan-data/candles/daily/IDX_I/NIFTY100_LIQ_15.parquet,92074,9f70b777179019fccbcb45fc72baafcdaa2e22ebc31e64d8a3109176555f8b9d,3276,2013-07-08,2026-10-05
dhan-data/candles/daily/IDX_I/NIFTY100_LOW_VOLATILITY_30.parquet,34892,77cce17817cf9783fc2a099e02cfce85c31f457c82e8d461874795f135778c00,1117,2022-02-14,2026-10-05
dhan-data/candles/daily/IDX_I/NIFTY100_QUALTY30.parquet,35230,8285cfce44065052e3b620a9ee3e38361f354554fbc04fec24fe0254ed0238f6,1150,2022-02-14,2026-10-05
dhan-data/candles/daily/IDX_I/NIFTY200MOMENTM30.parquet,11315,4906839b5c415cbf9204a56ee46cae848437c02116d461fe3e59c4ca365b9f80,277,2025-08-21,2026-10-05
dhan-data/candles/daily/IDX_I/NIFTY200_ALPHA_30.parquet,9844,0e3ef8fe1e7e47c79bfdc39ec60a53a7553f5d4a195d06522455197fa48362f2,277,2025-08-21,2026-10-05
dhan-data/candles/daily/IDX_I/NIFTY200_QUALTY30.parquet,11249,7066e1b72fca2dce58cb719ede76387f04c9c530edb8b0bbce7c3cdd21a2ebf4,277,2025-08-21,2026-10-05
dhan-data/candles/daily/IDX_I/NIFTY200_VALUE_30.parquet,9817,8bac76e05b60f1ce692f9a9436bda421ad256a6ccffc7ec1a14228ef91ce3383,277,2025-08-21,2026-10-05
dhan-data/candles/daily/IDX_I/NIFTY500MOMENTM50.parquet,9935,73a66373b9efdca16a27cc3dc84278312932aea9d325c47350d9298aa2e93ec0,277,2025-08-21,2026-10-05
dhan-data/candles/daily/IDX_I/NIFTY500_EW.parquet,10709,23ef6761ea9a71515d2059caad95b501d843df778f244e2156f0922749a6a4b9,324,2025-06-16,2026-10-05
dhan-data/candles/daily/IDX_I/NIFTY500_LMS_EQL.parquet,10725,f63b79583cb32946f0f8b6623aa08daac102b48154bfbac3d384117a1c707aa7,324,2025-06-16,2026-10-05
dhan-data/candles/daily/IDX_I/NIFTY500_LOWVOL50.parquet,10734,7081bd10fab8ae885944127355df042a304f480cb0d60221b3946a8735eda77a,324,2025-06-16,2026-10-05
dhan-data/candles/daily/IDX_I/NIFTY500_MQVLV50.parquet,10789,872f98e959c0b5f4f30fc66c4039bd70528e62834eca0c21240c18894380f19c,324,2025-06-16,2026-10-05
dhan-data/candles/daily/IDX_I/NIFTY500_MULTICAP.parquet,11243,7d8bdf4f7d19e57a9187ee910a84806b6dd9f9bf97907dafc8f41809f747a148,277,2025-08-21,2026-10-05
dhan-data/candles/daily/IDX_I/NIFTY500_QLTY50.parquet,10731,9a4463a32afec7ae673537c05177fd5c180fa5da0ea94b7c62c9acf0cff61fb0,324,2025-06-16,2026-10-05
dhan-data/candles/daily/IDX_I/NIFTY500_SHARIAH.parquet,10605,06065be162396c08d674dd2fa66f343d2146657aa14ce45d896839540fa6a943,324,2025-06-16,2026-10-05
dhan-data/candles/daily/IDX_I/NIFTY500_VALUE_50.parquet,10827,a9bb2defec933745edd654e5b4becd03e3dfd6a0570a22d573523337a4ff894f,324,2025-06-16,2026-10-05
dhan-data/candles/daily/IDX_I/NIFTY50_DIV_POINT.parquet,39994,6a5f6940c958e6e061c0e84d5547bede1ce20da842c33fbb00c3f337179b1cdb,2568,2012-03-19,2026-10-05
dhan-data/candles/daily/IDX_I/NIFTY50_EQL_WGT.parquet,11464,55dd43e2151804d43c475e0d9605f6e1a8a808821202389a4d4cc964f3b4a858,277,2025-08-21,2026-10-05
dhan-data/candles/daily/IDX_I/NIFTY50_PR_1X_INV.parquet,8521,4c539ca5275ba3e8c94cf2eba14b76276aea37ad27aff492f38eeb7837e47acd,277,2025-08-21,2026-10-05
dhan-data/candles/daily/IDX_I/NIFTY50_PR_2X_LEV.parquet,9825,ea01c5d4f7330eac1825c97604baad17b73372c9c48653b973d761d3ee322048,277,2025-08-21,2026-10-05
dhan-data/candles/daily/IDX_I/NIFTY50_SHARIAH.parquet,10688,3fe552209c90e99cfe4b6bac5116c47a7d074cf0708370dfb3215e9de061d638,324,2025-06-16,2026-10-05
dhan-data/candles/daily/IDX_I/NIFTY50_TR_1X_INV.parquet,8425,5cf0e9e79c4039fd47271b77f784ec37093107bfc0fb68297310820c90164413,277,2025-08-21,2026-10-05
dhan-data/candles/daily/IDX_I/NIFTY50_TR_2X_LEV.parquet,9942,f12e2a29e274665c61386e39e0a5b8b31b178865dbce45b4e03e125d59fa2e21,277,2025-08-21,2026-10-05
dhan-data/candles/daily/IDX_I/NIFTY50_VALUE_20.parquet,83158,ef7145cef8095d8373902531b2b75e74169b943288601ee6aab8e967f86a911c,2796,2015-06-22,2026-10-05
dhan-data/candles/daily/IDX_I/NIFTYCPSE.parquet,88642,4ab3ecd0485d28ece1dcc637ce819762efcf6e00c5088c5ee55d73d3123bad10,3105,2014-03-18,2026-10-05
dhan-data/candles/daily/IDX_I/NIFTYINFRA.parquet,119956,5f8fcecd1ae7dd634bed4c15f46b1b3a1a61e8cd62381b2c96ccdf3d0a2f4ce1,4304,2009-06-01,2026-10-05
dhan-data/candles/daily/IDX_I/NIFTYIT.parquet,151704,5dbccd3d797880acd6a7ccdbd9a030e4ec7cd6bee6bb094ac8c8b6e126a9a29a,5144,2006-01-02,2026-10-05
dhan-data/candles/daily/IDX_I/NIFTYM150MOMNTM50.parquet,18995,58a7277c07cc75eb08b50c6d62e722c808ef1b2873f78b8d4b2e33bcc9eb140e,679,2024-01-09,2026-10-05
dhan-data/candles/daily/IDX_I/NIFTYMCAP50.parquet,144942,cbe834cc85adadb408bf28754e613a77c8c707687090554edc8f82c382a25902,5144,2006-01-02,2026-10-05
dhan-data/candles/daily/IDX_I/NIFTYNXT50.parquet,158585,f41e27762942da449eb3347ec59355aca0fabf540d07395b315fa174269a9212,5145,2006-01-02,2026-10-05
dhan-data/candles/daily/IDX_I/NIFTYPSE.parquet,121462,c13cf6b69544e70892aab413305edaa2c930eee5018f18285c3300fa70b6ad34,5145,2006-01-02,2026-10-05
dhan-data/candles/daily/IDX_I/NIFTYSML250MQ_100.parquet,10033,0516fdbbe9bbbab8bbb634570f4507962cf3b347a68cccd703cb12bf84ba77fe,277,2025-08-21,2026-10-05
dhan-data/candles/daily/IDX_I/NIFTY_100.parquet,155632,67534549c2264fb62dc967955a49a5f8b7928431911e017864bdf4d1971562be,5144,2006-01-02,2026-10-05
dhan-data/candles/daily/IDX_I/NIFTY_200.parquet,117262,8bd97fe123c7db264764b17b7d5312b765c7310311317e7b2c520f29f617fa3c,5145,2006-01-02,2026-10-05
dhan-data/candles/daily/IDX_I/NIFTY_500.parquet,155233,651163748efcf65e4b885d137597c1c40c73d18c5f7e6c9aa0095e5951ce5584,5144,2006-01-02,2026-10-05
dhan-data/candles/daily/IDX_I/NIFTY_ALPHALOWVOL.parquet,11284,843596a3f24cb9dc60543bf39a9325330e8c1745f452f6adb531ceb98aafca30,277,2025-08-21,2026-10-05
dhan-data/candles/daily/IDX_I/NIFTY_ALPHA_50.parquet,34520,716e65aa6a3bf750a2a6b7d0ac3927d396d40b5cd0a2d92c539e8e99c00365c2,1148,2022-02-14,2026-10-05
dhan-data/candles/daily/IDX_I/NIFTY_AUTO.parquet,144338,2513506c6966a407ec8d4a7be3bcbec9670eea49a1d7c89b19fe1e7652de1e60,5632,2004-01-01,2026-10-05
dhan-data/candles/daily/IDX_I/NIFTY_CAPITAL_MKT.parquet,13812,c484dec5e7933df97f0ece1c60911f70f6c60a0035d7fc7f7976bac1e6d76a13,470,2024-11-11,2026-10-05
dhan-data/candles/daily/IDX_I/NIFTY_COMMODITIES.parquet,106356,0c0e34e758557bba214d8cc228112b67bb222bad89daa15cd1c94598c3a7c065,3619,2012-02-27,2026-10-05
dhan-data/candles/daily/IDX_I/NIFTY_CONSR_DURBL.parquet,36396,3fca1838466d58d53e8f5da975def70b980a40b58b36ef32c097b24403b477d0,1278,2021-08-09,2026-10-05
dhan-data/candles/daily/IDX_I/NIFTY_CONSUMPTION.parquet,106662,2a873ba4d68ed492d22016c44f7f006954da5891a7f32ccb90bfc2cf3d90e45f,3619,2012-02-27,2026-10-05
dhan-data/candles/daily/IDX_I/NIFTY_COREHOUSING.parquet,10785,ecd088f726b51a9df4dee908fa4049b8fc210b6d4e2da4e15bd490ea65062a79,324,2025-06-16,2026-10-05
dhan-data/candles/daily/IDX_I/NIFTY_CORP_MAATR.parquet,10925,004e2417441fdda58b99d6cf2a990e21ba5513058cf67bb60b94e323f336065d,324,2025-06-16,2026-10-05
dhan-data/candles/daily/IDX_I/NIFTY_DIV_OPPS_50.parquet,106234,0221233f9ef7b91fbd6cdb8e438af99eba3a14d44deaad48d88e97147e512c90,3634,2012-01-30,2026-10-05
dhan-data/candles/daily/IDX_I/NIFTY_ENERGY.parquet,164453,4a6b71f6da80c27638680c79dff6f729fd127de8c1bbc31b9441aeb67024d4d0,6382,2001-01-01,2026-10-05
dhan-data/candles/daily/IDX_I/NIFTY_EV.parquet,9640,c0178031fc70b34e4962bb1089297f5d5c84867b36620cc194b38401a17b6ae8,277,2025-08-21,2026-10-05
dhan-data/candles/daily/IDX_I/NIFTY_FINSEREXBNK.parquet,13558,5336c844f15b520d1115b2ec2068a6bad4344e77257a3c0eb83ea2136545923a,447,2024-12-16,2026-10-05
dhan-data/candles/daily/IDX_I/NIFTY_FINSRV25_50.parquet,25467,0e547679be8d582dc23d4c312e52b88778159346c9543b27d57c6d01b68bed6e,790,2023-07-06,2026-10-05
dhan-data/candles/daily/IDX_I/NIFTY_FMCG.parquet,171771,c84d63e183a2ce684a8c1a19f61a70bb8b79260d0deb82109ec77eeccb592d34,6632,2000-01-03,2026-10-05
dhan-data/candles/daily/IDX_I/NIFTY_GROWSECT_15.parquet,88260,903f518be607a5ea631163b67c238c176c8877b5ff78529fca0e413b729759ad,3056,2014-05-30,2026-10-05
dhan-data/candles/daily/IDX_I/NIFTY_GS_11_15YR.parquet,10720,b223af6d1d4bad32c3699b0f130910f67ec42272412f944d3e4ff356f646e1ae,324,2025-06-16,2026-10-05
dhan-data/candles/daily/IDX_I/NIFTY_GS_15YRPLUS.parquet,10792,3bb3c6e55d0deae87edf67585049cdfc7b4deb4825ed6ca63511449af112ea48,324,2025-06-16,2026-10-05
dhan-data/candles/daily/IDX_I/NIFTY_GS_4_8YR.parquet,10707,2c647b857ef59a98042ec03ea1147583c59decf6768d32d0873395fc4a77d028,324,2025-06-16,2026-10-05
dhan-data/candles/daily/IDX_I/NIFTY_GS_COMPSITE.parquet,10670,b01d22df67bf728a277c1f60d38c206e324d2458822839a9eaf5471565c09873,324,2025-06-16,2026-10-05
dhan-data/candles/daily/IDX_I/NIFTY_HEALTHCARE.parquet,24793,bb35ad31a9d6e7613569696cf83bf11da8b1458910b6c4abc8c58620f8350772,787,2023-07-13,2026-10-05
dhan-data/candles/daily/IDX_I/NIFTY_HOUSING.parquet,10569,24382764c0fae9181bc4c01c9bdb117cca9792f69a3bff248f6c4c9cb31636a3,324,2025-06-16,2026-10-05
dhan-data/candles/daily/IDX_I/NIFTY_INDIA_MFG.parquet,34310,ab4456692d84a957ac8f882042d10c89f308b96ffad05c5b6b056d2e8248ef2c,1160,2022-01-31,2026-10-05
dhan-data/candles/daily/IDX_I/NIFTY_IND_DEFENCE.parquet,14070,9f0790c1a5755c32df421c3619b4f9a033a1c05998098f5ac1b32c6702d57bb8,470,2024-11-11,2026-10-05
dhan-data/candles/daily/IDX_I/NIFTY_IND_DIGITAL.parquet,34431,6b778fed4f87708de0c2352397f942078d218962a2263178c92607af1bcc80bb,1160,2022-01-31,2026-10-05
dhan-data/candles/daily/IDX_I/NIFTY_IND_TOURISM.parquet,10951,45addfdd0829192d71af43f98573c81ba0f40464ed0d59c89ff623a23ab5dbc6,324,2025-06-16,2026-10-05
dhan-data/candles/daily/IDX_I/NIFTY_IPO.parquet,10868,fcda915c4bd577476365b8a141188104f74c87e5363bc63acabd6e84d333bdbc,324,2025-06-16,2026-10-05
dhan-data/candles/daily/IDX_I/NIFTY_LARGEMID250.parquet,34864,4e438e6acc2d26f52ba4a52ef994ef0f2610be587c99acafdebf1177cd9c47ef,1278,2021-08-09,2026-10-05
dhan-data/candles/daily/IDX_I/NIFTY_M150_QLTY50.parquet,34075,66fbb12acf8723cf342dd09c6bbd1b9c5e35d70883417a20ca3bc344805ea80d,1160,2022-01-31,2026-10-05
dhan-data/candles/daily/IDX_I/NIFTY_MEDIA.parquet,113907,e9cfe75dd739306a6886ea154cbdb258d49b60775211590796f325a223d30cf4,5145,2006-01-02,2026-10-05
dhan-data/candles/daily/IDX_I/NIFTY_METAL.parquet,92987,48f8e8b288ce244b4ce9b51c0ab8f6ae46d6b7ab945ada267cb3dc4d2811b997,3765,2011-07-12,2026-10-05
dhan-data/candles/daily/IDX_I/NIFTY_MICROCAP250.parquet,34479,f9b0c766b1286d2b12cceb2bf7566fdb0d52192330ed6bc70401441f759a9bdf,1160,2022-01-31,2026-10-05
dhan-data/candles/daily/IDX_I/NIFTY_MID100_FREE.parquet,158043,2a397ae63cbcb1bea6a8d963b8222d1c11da22f7c4035da9c34c3d16efdce648,5144,2006-01-02,2026-10-05
dhan-data/candles/daily/IDX_I/NIFTY_MIDCAP_150.parquet,132127,7e2a61774db3513a0cf1a6e03ee3e605de8f6d06c2eb9f60f938a2c20b70ad42,5319,2005-04-01,2026-10-05
dhan-data/candles/daily/IDX_I/NIFTY_MIDSMALLCAP_400.parquet,35796,849b88c9a110f985928c7a71421b4eda6251b58d8f2cc168c330ad2be64517a3,1150,2022-02-14,2026-10-05
dhan-data/candles/daily/IDX_I/NIFTY_MIDSML_HLTH.parquet,10010,fece3280ebeb7a5667dfb51d9e5cb9bc988174bbab7a9355e81bc4a9db7a7932,277,2025-08-21,2026-10-05
dhan-data/candles/daily/IDX_I/NIFTY_MID_LIQ_15.parquet,70510,8a58d4175e5d0ae89c7382801d8102647af8bab17c3c3c18733e117b2d564fb6,2615,2016-03-14,2026-10-05
dhan-data/candles/daily/IDX_I/NIFTY_MNC.parquet,124873,acfe4e93d075361d25708bd66a1b9f70efec639bf6786a8c85d38c1e3cb0fea1,5145,2006-01-02,2026-10-05
dhan-data/candles/daily/IDX_I/NIFTY_MOBILITY.parquet,10812,9adfb09c6209783ed1806e3cf609b59b54030ae75e41844fc5b9f82e00cdf61e,324,2025-06-16,2026-10-05
dhan-data/candles/daily/IDX_I/NIFTY_MS_FIN_SERV.parquet,10911,d12d5da5459abc485e5a5eed6099fa24ee8b4963300d62138d8d90817b57a333,324,2025-06-16,2026-10-05
dhan-data/candles/daily/IDX_I/NIFTY_MS_IND_CONS.parquet,10837,062546a2e3b77fccf94871cdb2b3ead2228d9216f23355222dea354fe7a58050,324,2025-06-16,2026-10-05
dhan-data/candles/daily/IDX_I/NIFTY_MS_IT_TELCM.parquet,10795,9b99d56f408ddfd96ec4e434768e9f37ac5c22fe3a3e9ccf900cb3bf52023bd2,324,2025-06-16,2026-10-05
dhan-data/candles/daily/IDX_I/NIFTY_MULTI_INFRA.parquet,9690,8356da2c8c69780dd6301ec152775aaf42785bedae71c21d154ace4c98f3750c,277,2025-08-21,2026-10-05
dhan-data/candles/daily/IDX_I/NIFTY_MULTI_MFG.parquet,9805,30eba72724c3df6d13df14bbbb8705a5a3d70bb0c10859d2bbf9c0e200a45bdd,277,2025-08-21,2026-10-05
dhan-data/candles/daily/IDX_I/NIFTY_MULTI_MQ_50.parquet,9885,64b1f78746d8e75608db7c2d8b852fd810f104db6852d1b5dbeb59362b1f9f3f,277,2025-08-21,2026-10-05
dhan-data/candles/daily/IDX_I/NIFTY_NEW_CONSUMP.parquet,10705,4d4e22518057a812a01c1f3bb3d9c7e792337a5de9167ac479060b2045e37a55,324,2025-06-16,2026-10-05
dhan-data/candles/daily/IDX_I/NIFTY_NONCYC_CONS.parquet,10800,e316cff49614c4a1b71ba837a6b92b2e1fd79f59b2bf4ae17351bc71727dcc3f,324,2025-06-16,2026-10-05
dhan-data/candles/daily/IDX_I/NIFTY_OIL_AND_GAS.parquet,35209,eba8d7b26a9445c05990729eff7794f60d5cc6f1e8599576fe3813aee4337c46,1278,2021-08-09,2026-10-05
dhan-data/candles/daily/IDX_I/NIFTY_PHARMA.parquet,162683,b8b3ef5cfb2b39bddfcab970f380785c65118260d62034e41b0478d7cb847f48,6382,2001-01-01,2026-10-05
dhan-data/candles/daily/IDX_I/NIFTY_PSU_BANK.parquet,158751,7a06f032054d5fae01983f74cef13daf00126ddb1d2a71d87b45a2bd81e28fa8,5639,2004-01-01,2026-10-05
dhan-data/candles/daily/IDX_I/NIFTY_PVT_BANK.parquet,70656,d85b3c2702bb5ffbb403104f4c6d009cb9812c78996c33350e5791de80ece865,2616,2016-03-14,2026-10-05
dhan-data/candles/daily/IDX_I/NIFTY_QLTY_LV_30.parquet,10767,46a1fa0c997e42bdcc53cc58ad84f7737128bc8ba333eafaef53a52eed73fbbd,324,2025-06-16,2026-10-05
dhan-data/candles/daily/IDX_I/NIFTY_REALTY.parquet,107714,20965775c73d0cfc642e77de87c4520413f00416a88166fd2e93a65ed25c2987,4885,2006-12-29,2026-10-05
dhan-data/candles/daily/IDX_I/NIFTY_RURAL.parquet,10713,6a01c6a054449d463c979806a26d435aae55fe4a64189a03e10bc5335a243495,324,2025-06-16,2026-10-05
dhan-data/candles/daily/IDX_I/NIFTY_SERV_SECTOR.parquet,127774,0a2de5be15b910b669afe8364035240a9465ca0628306cde3937b9acacb38053,5145,2006-01-02,2026-10-05
dhan-data/candles/daily/IDX_I/NIFTY_SHARIAH_25.parquet,10754,7f0f966b4d383fb1aedd9e4d20cb98090c7757188e6298cadffaa3af97bbca13,324,2025-06-16,2026-10-05
dhan-data/candles/daily/IDX_I/NIFTY_SMALLCAP_100.parquet,36008,b6046b55b9298f7a375f44159b5935cf2957f5ac29430fc219d909085265d2fe,1150,2022-02-14,2026-10-05
dhan-data/candles/daily/IDX_I/NIFTY_SMALLCAP_250.parquet,50034,5d611272bc394a214bd71567577815f91055cc37a7a7422113212747dc6ddda4,1914,2019-01-14,2026-10-05
dhan-data/candles/daily/IDX_I/NIFTY_SMALLCAP_50.parquet,138398,59bb0cf04ffd00c1839c3a189abc65efcd4f73e5c06f8057a535ed644d6f1eba,5145,2006-01-02,2026-10-05
dhan-data/candles/daily/IDX_I/NIFTY_SML250_Q50.parquet,10887,52fdfe831b4950b05f27abac963386ca767f3ccf8b1c3da4b1468cfdc11650b3,324,2025-06-16,2026-10-05
dhan-data/candles/daily/IDX_I/NIFTY_TATA_25_CAP.parquet,9715,93379472caa96fc41c08f61f908ee2f8915be0cb67f3dddc4573af2b6401a6a8,277,2025-08-21,2026-10-05
dhan-data/candles/daily/IDX_I/NIFTY_TOP_10_EW.parquet,9752,4a77bda07866fd8fce354897e9bb5c35451596200aa8b5c10490127c1ea1d213,277,2025-08-21,2026-10-05
dhan-data/candles/daily/IDX_I/NIFTY_TOP_15_EW.parquet,10710,d648c844b4c3db3b68756452f97ca6c2e2c3cbeba3736b78d6cabb2b2db78f25,324,2025-06-16,2026-10-05
dhan-data/candles/daily/IDX_I/NIFTY_TOP_20_EW.parquet,10679,96cd7f9e524ed70aa330df4063ec55c6d90a389ec3a4bb0cb725ac4c8db1fc91,324,2025-06-16,2026-10-05
dhan-data/candles/daily/IDX_I/NIFTY_TOTAL_MKT.parquet,33447,7cf77eaa55be43c7173164908c8be0c582f6aaa9c696dca8a43bfa34415df42f,1145,2022-01-31,2026-10-05
dhan-data/candles/daily/IDX_I/NIFTY_TRANS_LOGIS.parquet,10868,a747e2d860561ed8edc12ce3b1496c30b88dfcdf85f4079977a87aaca808f876,324,2025-06-16,2026-10-05
dhan-data/candles/daily/IDX_I/OILGAS.parquet,154931,f33c73742447632b6ac2b0a3e4fbeca0b8edb338083a3e5db4a5fac067ad60a8,5144,2006-01-02,2026-10-05
dhan-data/candles/daily/IDX_I/POWER.parquet,143269,b6c424d9a65104560a260c9d37ac2cd426347193aa9848559d9a59559040496c,5144,2006-01-02,2026-10-05
dhan-data/candles/daily/IDX_I/REALTY.parquet,144898,d026261fae0d8bddc9678c84580bc8b15c773ecf0feb69dc0637dfed1707e4ea,5144,2006-01-02,2026-10-05
dhan-data/candles/daily/IDX_I/SELIPO.parquet,11026,101ec5c158dd69196523314db29d3ba5f0768b69e0bd7a512251df42a388bd61,324,2025-06-16,2026-10-05
dhan-data/candles/daily/IDX_I/SENSEX.parquet,158770,bc48a04f99e134fa60caf7d8a66ce5c2313d80aae7c4cd24159fcd18817a060d,5144,2006-01-02,2026-10-05
dhan-data/candles/daily/IDX_I/SMEIPO.parquet,31681,9676d6906f185450899993ae6ca7eb2e6acdb6c1e00b68e41144b87bf3000842,1150,2022-02-14,2026-10-05
dhan-data/candles/daily/IDX_I/SML250.parquet,25601,0c07c59a2cdd70bffec81dcb2c08245915618b48db17f2aad71a582b8e8f2a74,786,2023-08-03,2026-10-05
dhan-data/candles/daily/IDX_I/SMLSEL.parquet,81582,31cfe61c8b6b8262d11e8bc29bc79c651efc5550afd1d2e8c9be26305fa44862,2692,2015-11-23,2026-10-05
dhan-data/candles/daily/IDX_I/SNSX50.parquet,67610,879f9708ff38165d0664f4ec517690c32caded72336dcbb0825460adc168d84b,2428,2016-12-14,2026-10-05
dhan-data/candles/daily/IDX_I/SNSX60.parquet,11301,1019705d836b1559a98fbe118539ef3981a81fddb2cd92a542a8303d81209e81,324,2025-06-16,2026-10-05
dhan-data/candles/daily/IDX_I/SNXN30.parquet,12781,92922c4713eedddba5081c0835b9ea6e98fc9a92e4ed92b27907c8b4d3fddeb9,397,2025-02-24,2026-10-05
dhan-data/candles/daily/IDX_I/SNXT50.parquet,36824,bc97367ab88587810c682dbe4fe792411a07ed76591218e8bd908ba8f7274c0e,1150,2022-02-14,2026-10-05
dhan-data/candles/daily/IDX_I/SS6535.parquet,11160,20418c46544b8da14da3cd8abc68802da665139c8fdc3634ac1b806bde47b666,324,2025-06-16,2026-10-05
dhan-data/candles/daily/IDX_I/TECK.parquet,36541,73292bc6f2d06660664733ff044d95ec813930db3aee3569a3f917e1444e31ce,1150,2022-02-14,2026-10-05
dhan-data/candles/daily/IDX_I/TELCOM.parquet,82562,891e7f2722c35014bd2149a9dfa3d53cc672bed119b9a3843a5dbe371d207c6f,2692,2015-11-23,2026-10-05
dhan-data/candles/daily/IDX_I/UTILS.parquet,82521,31a698a77615a4cb1b28cc673e891dbb4c74afeb18872a7a92aef3df41e50f5a,2692,2015-11-23,2026-10-05
dhan-data/candles/daily/NSE_EQ/360ONE.parquet,48621,7a2f5b126e0d41c339d0ad60260cf8f2c9dab09c177d15542be1b94e5bf49174,1748,2019-09-19,2026-10-05
dhan-data/candles/daily/NSE_EQ/ABB.parquet,154038,ef0bcc59ad6f22a31f4e53145da7be9a82d2d247241229ae22b731076aed9167,5733,2003-09-05,2026-10-05
dhan-data/candles/daily/NSE_EQ/ABCAPITAL.parquet,56597,efa1d5681b77c458d05143f9c0e4df693f8cf650043b67839735c7e10755b962,2253,2017-09-01,2026-10-05
dhan-data/candles/daily/NSE_EQ/ADANIENSOL.parquet,74169,aca132d5e0d91179eb3d2e50978c629ff3d5cf174735082549792faaceb5bf4f,2768,2015-07-31,2026-10-05
dhan-data/candles/daily/NSE_EQ/ADANIENT.parquet,159506,8360f5a9429b9284d6805a38ab5ebee225df1213b6c9ddef04bfcd531bf42a00,5733,2003-09-05,2026-10-05
dhan-data/candles/daily/NSE_EQ/ADANIGREEN.parquet,55900,5e3fee18efa313ef906fd9cd517481fe4b1f1211c21822ef253357e5c171b6e4,2056,2018-06-18,2026-10-05
dhan-data/candles/daily/NSE_EQ/ADANIPORTS.parquet,119662,70e0025ae855ba7f82b3f62729088645f5727a72e481a2dc156c5dcc3a410bd7,4664,2007-11-27,2026-10-05
dhan-data/candles/daily/NSE_EQ/ADANIPOWER.parquet,101405,af3b1c445a9158d39b7c4cf9142d908750335898717f8dbb3377b4e21d45c933,4246,2009-08-20,2026-10-05
dhan-data/candles/daily/NSE_EQ/ALKEM.parquet,72312,d32c02658bfa17488ae8a7c3d38c73fda34097e9b01efa5623c7fbc35fbee815,2671,2015-12-23,2026-10-05
dhan-data/candles/daily/NSE_EQ/AMBER.parquet,59010,1d2173b85ffc9c84e2221e825b3650bbd976914c404b4abe69d4794f38fc7518,2150,2018-01-30,2026-10-05
dhan-data/candles/daily/NSE_EQ/AMBUJACEM.parquet,136997,28875e1f437376533db5fbc07b503d5287c68c1e8e4c4985414eea5028d52fb4,5733,2003-09-05,2026-10-05
dhan-data/candles/daily/NSE_EQ/ANANDRATHI.parquet,35308,44d8e761779d18e699ad2347099d4467274fca67b82e6da6c47b418010e20f4e,1193,2021-12-14,2026-10-05
dhan-data/candles/daily/NSE_EQ/ANGELONE.parquet,42562,9989d6a8753f322432024ffd3a16bf89420b49d27eade616fd8c3a641c0be743,1489,2020-10-05,2026-10-05
dhan-data/candles/daily/NSE_EQ/APLAPOLLO.parquet,98220,31fb00ab59a0f14f162c6b460b98eb16581161a27b39482e0dc5a861893783f8,3666,2011-12-14,2026-10-05
dhan-data/candles/daily/NSE_EQ/APOLLOHOSP.parquet,152609,a4718143ca6fb047979036a84b1a09a094d014eb326589cc4bb29f3826421aef,5733,2003-09-05,2026-10-05
dhan-data/candles/daily/NSE_EQ/ASHOKLEY.parquet,129279,bf5ec5c081fcb89f793302213aed9e25e62192f02381fd0445b7159c5e45c2e3,5733,2003-09-05,2026-10-05
dhan-data/candles/daily/NSE_EQ/ASIANPAINT.parquet,155409,b8b31aa723bfabe0953508be27948284203591ea978c57d6c72a67967fee5e63,5733,2003-09-05,2026-10-05
dhan-data/candles/daily/NSE_EQ/ASTRAL.parquet,127435,abf488ab4f2b1cf19777734c5b29d80e62d49d87987d5df947f84b8ff61f017f,4840,2007-03-20,2026-10-05
dhan-data/candles/daily/NSE_EQ/ATHERENERG.parquet,12874,a2afb3c06873128bd7665478d96a1abf830dd49883400569015f6952ac27d4bb,353,2025-05-06,2026-10-05
dhan-data/candles/daily/NSE_EQ/AUBANK.parquet,61747,3a4b9e4484c4be4e6933e21d1c803d1ef9281c49c7f2833b5aaeddbfa766d5b2,2290,2017-07-10,2026-10-05
dhan-data/candles/daily/NSE_EQ/AUROPHARMA.parquet,149870,4e39c768b3dedf7cf2973e3deb7f5189e7891ee5127dba2cb94bc6a930eb53d9,5733,2003-09-05,2026-10-05
dhan-data/candles/daily/NSE_EQ/AXISBANK.parquet,166865,0061df26559fabdd75f965ba5d1026332e2a70a7327c281d1bf7b5ce1e2f2cd5,6155,2002-01-01,2026-10-05
dhan-data/candles/daily/NSE_EQ/BAJAJ-AUTO.parquet,124465,c4c48ecd2fadc567006fad1bed9b090aa89bbdafb4e668201f108beaca393db8,4549,2008-05-26,2026-10-05
dhan-data/candles/daily/NSE_EQ/BAJAJFINSV.parquet,124924,cab9bfe15666d9fca77dac2cc2ce039aeeffa2aa249056273cbd6cd9b6c613a6,4548,2008-05-26,2026-10-05
dhan-data/candles/daily/NSE_EQ/BAJAJHFL.parquet,16420,2d85fd764423af02b485758c945bc1c2f5963c45f59871358852f09e8e921fbf,509,2024-09-16,2026-10-05
dhan-data/candles/daily/NSE_EQ/BAJAJHLDNG.parquet,150482,2906413faaa0580ccde1bd0187820943a7c91f06003b685668b3eb1d9aecd912,5733,2003-09-05,2026-10-05
dhan-data/candles/daily/NSE_EQ/BAJFINANCE.parquet,141001,a82d8bf284b4017c7e6c860fdfea03b969c880457378ea59e36c5683c87d1e29,5732,2003-09-05,2026-10-05
dhan-data/candles/daily/NSE_EQ/BANDHANBNK.parquet,56419,d11b0571c32760022eb9563ab572044fe66161704ab47507969edffe1aa6c467,2112,2018-03-27,2026-10-05
dhan-data/candles/daily/NSE_EQ/BANKBARODA.parquet,142066,9c48f9bc75ce761e10f069cc47f61f1f76e17d235f4b686a9776765ffba4d77c,5733,2003-09-05,2026-10-05
dhan-data/candles/daily/NSE_EQ/BANKINDIA.parquet,132842,5294e35930b2fe9a9fe8b1ae435e89c48e4949a04985f1effb98ca125c49ad74,5733,2003-09-05,2026-10-05
dhan-data/candles/daily/NSE_EQ/BDL.parquet,57802,3522361c1f4b1fd161d28a1e54839321eb5896bb3ac84437d967ed06d4501d8f,2114,2018-03-23,2026-10-05
dhan-data/candles/daily/NSE_EQ/BEL.parquet,147004,452f8b0868e7cbf20c0ec40390b9ebb349f60261a25c5f99b5cbce5fa6cc74d3,6155,2002-01-01,2026-10-05
dhan-data/candles/daily/NSE_EQ/BHARATFORG.parquet,149991,33d52ea64cefcc6ef19415722d9895d4b8da52fc17fd2f7e78ad53652636f3cc,5733,2003-09-05,2026-10-05
dhan-data/candles/daily/NSE_EQ/BHARTIARTL.parquet,162072,dae5eb64ecfab75c1261539587ad006a8827f4ac31121f6a17f753e9e8c2a95d,6122,2002-02-15,2026-10-05
dhan-data/candles/daily/NSE_EQ/BHEL.parquet,146273,cecb8fb3045467b4cd4237001805f02996c2cb68e8dc2be3cadb0701fc6f6f58,5733,2003-09-05,2026-10-05
dhan-data/candles/daily/NSE_EQ/BIOCON.parquet,138043,8146ee79b6000ad51dc1d065708436b8f4e0f4239167abb49152773ed7ad99e3,5584,2004-04-07,2026-10-05
dhan-data/candles/daily/NSE_EQ/BLUESTARCO.parquet,154980,15ef08ffe36abe18f6dcf3a916ec55c51f631fa9086a4e5065646cd8aa459afd,6155,2002-01-01,2026-10-05
dhan-data/candles/daily/NSE_EQ/BOSCHLTD.parquet,150962,c3e92f73e9b6c93a0372eb7d06eebd429162ddf68eca8734a6ab76077b3a3b17,5733,2003-09-05,2026-10-05
dhan-data/candles/daily/NSE_EQ/BPCL.parquet,145668,aa2aa724ce39ada5e0905c9d49ec19247f1bf91a80f7db5cb2bdf4f8d01952c0,5733,2003-09-05,2026-10-05
dhan-data/candles/daily/NSE_EQ/BRITANNIA.parquet,154438,52c8990b1c6271a157a30d496b8bed1e2d284db7aad4fb77d25e07abc4d2a4dc,5732,2003-09-05,2026-10-05
dhan-data/candles/daily/NSE_EQ/BSE.parquet,68208,63ce30c40edcd9207013fd3ff8f6b5bf87873d85fc8594c9de65e388763f97a9,2395,2017-02-03,2026-10-05
dhan-data/candles/daily/NSE_EQ/CAMS.parquet,42983,13b9cce9c9af3cadde5428e046481d3408861e3d5bb2c31a7b97eb975b76e203,1489,2020-10-05,2026-10-05
dhan-data/candles/daily/NSE_EQ/CANBK.parquet,147235,9813146507f1a196f2a7e3175f26dd9b34b45b76e733b445d5403a06bc9e63cb,5881,2003-01-01,2026-10-05
dhan-data/candles/daily/NSE_EQ/CDSL.parquet,63262,5824aeb0314055f8fdc2b44579a43c2f3b82c04bf66369054a1e8fcd20bad36f,2296,2017-06-30,2026-10-05
dhan-data/candles/daily/NSE_EQ/CGPOWER.parquet,143972,a8c3d589405c15b844ca105ee98278c4b0f94bc9a767ab53ec046c00b4f8e087,5733,2003-09-05,2026-10-05
dhan-data/candles/daily/NSE_EQ/CHOLAFIN.parquet,149645,e1b06eb0e2c6b3d98925ed4db57c36a36120091d276a458a3ea2a8c761dc86bc,5732,2003-09-05,2026-10-05
dhan-data/candles/daily/NSE_EQ/CIPLA.parquet,147427,106264cc5d659173dd00ffad1f2546a99515ce2a926beea7a43b43db14027fe6,5733,2003-09-05,2026-10-05
dhan-data/candles/daily/NSE_EQ/COALINDIA.parquet,94301,94b2d68738738a71959d73758068e15ac53f8092c3ac45aa58fa43aaa4fd91dc,3945,2010-11-04,2026-10-05
dhan-data/candles/daily/NSE_EQ/COCHINSHIP.parquet,60413,126379924ef7ade91a476c2336a30a33780cfece180556b734e9aa6dfb065d1e,2266,2017-08-11,2026-10-05
dhan-data/candles/daily/NSE_EQ/COFORGE.parquet,146201,5862aa73bc24d68d6c54f69158372ab332c75cdd9b19e74de36fcceb6dfab716,5396,2005-01-03,2026-10-05
dhan-data/candles/daily/NSE_EQ/COLPAL.parquet,153512,bf64c825e0d1a8fb2c0de4c15c079f54537bbe3d022c5557aba6a02a2966db90,5721,2003-09-05,2026-10-05
dhan-data/candles/daily/NSE_EQ/CONCOR.parquet,152447,f4ed3c8af781d5c8340756c06e74fe0b206764bcaabb04123d4c67b9faeb70a6,5732,2003-09-05,2026-10-05
dhan-data/candles/daily/NSE_EQ/CROMPTON.parquet,63203,d290aafef2faef07ff221d1cbdbee318a995a548fbcee15aa65e33646a2fef4c,2577,2016-05-13,2026-10-05
dhan-data/candles/daily/NSE_EQ/CUMMINSIND.parquet,154330,81c11625901db3e96baf252b4841d6611067860c5489f7abcbc9d7b0714807c3,5733,2003-09-05,2026-10-05
dhan-data/candles/daily/NSE_EQ/DABUR.parquet,141376,d1bfa3b702d2c1e6721f2dd822a3c13880cf8af62f492736f8ef13713ef7da14,5733,2003-09-05,2026-10-05
dhan-data/candles/daily/NSE_EQ/DELHIVERY.parquet,29551,1dd9d8fcd5c7a88b8fb771ba369327fd00afc2adb2c00f307736b77d2f2e29d0,1084,2022-05-24,2026-10-05
dhan-data/candles/daily/NSE_EQ/DIVISLAB.parquet,157415,78222c94ce17c94de6414d9539000ad516c32b08b1cc8584a7b20815748eefc2,5733,2003-09-05,2026-10-05
dhan-data/candles/daily/NSE_EQ/DIXON.parquet,64586,f6abd65d8ec33ee60d3da1b19800a42b6580e6000b73bf99eb747c3084c81624,2242,2017-09-18,2026-10-05
dhan-data/candles/daily/NSE_EQ/DLF.parquet,116894,a7f3aeda14dbcf593b3c7962bcdb80aee4af8afb33bd65d787fcfff00e7386f3,4770,2007-07-05,2026-10-05
dhan-data/candles/daily/NSE_EQ/DMART.parquet,65017,7bd90ea914109707169b49af6f377a61615d75c64cb0235ba6aa8a4699b8d899,2365,2017-03-21,2026-10-05
dhan-data/candles/daily/NSE_EQ/DRREDDY.parquet,158158,f94c85ce55641381918ff3d7773104add9c52f12d5aad42346b5cf8cdf74b12d,5733,2003-09-05,2026-10-05
dhan-data/candles/daily/NSE_EQ/EICHERMOT.parquet,155540,ec6727347bcb9004f46b45c00ca9017716466b16f94b9f86ac250fdde3d83b69,5733,2003-09-05,2026-10-05
dhan-data/candles/daily/NSE_EQ/ENRIN.parquet,11848,5251168400b31e157b3f25bb869c319f9d0db40c162bb2cd5c1a68d95c85e2c0,321,2025-06-19,2026-10-05
dhan-data/candles/daily/NSE_EQ/ETERNAL.parquet,36246,e29e0668f9607d7f7fbec0d9afb5f5797885f411f3817b1aebc8834c79b08c72,1290,2021-07-23,2026-10-05
dhan-data/candles/daily/NSE_EQ/FEDERALBNK.parquet,145901,fd6e1e15e85189878259d415d1907a46aff4ab8a42e70cfb1cf06d488736fc53,6155,2002-01-01,2026-10-05
dhan-data/candles/daily/NSE_EQ/FORCEMOT.parquet,46677,f6301c746d740fdea42919d637cddd73c277afc76fc3d31dc662f25035834f60,1693,2019-08-19,2026-10-05
dhan-data/candles/daily/NSE_EQ/FORTIS.parquet,111580,cf5d88eda99340fe19fe2b0c6432295496a3dcb88d58366f4399e179d1f52d48,4811,2007-05-09,2026-10-05
dhan-data/candles/daily/NSE_EQ/GAIL.parquet,152458,f0d36f1834bfdb751fd59d73cc09386776887b6b5963008f97c13da74f803e63,6155,2002-01-01,2026-10-05
dhan-data/candles/daily/NSE_EQ/GLENMARK.parquet,148036,e9863ec37b168fe77960fb6c66630ba92e9af52fe15299d8986e3916f8d1b95a,5733,2003-09-05,2026-10-05
dhan-data/candles/daily/NSE_EQ/GMRAIRPORT.parquet,105907,fb06b668537a1b4138674f059e9ac5a25dae163b294dfac157e2d2e79756d32a,4987,2006-08-21,2026-10-05
dhan-data/candles/daily/NSE_EQ/GODFRYPHLP.parquet,143563,4c0274f59b02d832c044dea2a1075ff9a99e2065dc4598bcdaad1b58688bfb91,5729,2003-09-05,2026-10-05
dhan-data/candles/daily/NSE_EQ/GODREJCP.parquet,153717,cd452c968390c67ed6c80ae1ea011448c6b5f22954a79c24b598d3feab2592ce,5733,2003-09-05,2026-10-05
dhan-data/candles/daily/NSE_EQ/GODREJPROP.parquet,111134,9c82363171ceb6005661b5cbff6e829c7692400f993f41b44c66618705475e5d,4156,2010-01-05,2026-10-05
dhan-data/candles/daily/NSE_EQ/GRASIM.parquet,160348,e53fce4372720a3e502942c9bbd12349d61ff5e85a195d5baaa45f87806b4913,5733,2003-09-05,2026-10-05
dhan-data/candles/daily/NSE_EQ/GVT_D.parquet,110756,851e224c92986f254126983475ce4f5048aa100de28269702a3e657257717092,4522,2008-06-30,2026-10-05
dhan-data/candles/daily/NSE_EQ/HAL.parquet,59715,6bfcf721fea7349a68294539383e9f4e90f39d465b5ce9b9ef27f0801d135e8f,2111,2018-03-28,2026-10-05
dhan-data/candles/daily/NSE_EQ/HAVELLS.parquet,154848,b8636b3476db914db859aea4c42f34bbec5c9c379237b5e8f6dae2d18d05215e,5733,2003-09-05,2026-10-05
dhan-data/candles/daily/NSE_EQ/HCLTECH.parquet,155167,ffa25291e3cca6c92c290a351d1a1050d3e376b8038b8a449bb3fd8385905458,5733,2003-09-05,2026-10-05
dhan-data/candles/daily/NSE_EQ/HDFCAMC.parquet,56636,1ba54b477524667169dcd6e588edad8bd518084b4c1f5d60cc70d8340fe76019,2021,2018-08-06,2026-10-05
dhan-data/candles/daily/NSE_EQ/HDFCBANK.parquet,157672,736f8140b6d49e453e4cf56bfb013d3ad8e484ddd173b4b3b20820ac1024648d,5733,2003-09-05,2026-10-05
dhan-data/candles/daily/NSE_EQ/HDFCLIFE.parquet,56167,4380445ae5ec89c31f04dcc5f33bc3331e5617a75f12dbb610e16c8db2ec325b,2200,2017-11-17,2026-10-05
dhan-data/candles/daily/NSE_EQ/HEROMOTOCO.parquet,151190,e907c9ff33847c5c9a9ad4d4bca8ea18eb5dcea708d791ec18ad684221a3b757,5733,2003-09-05,2026-10-05
dhan-data/candles/daily/NSE_EQ/HINDALCO.parquet,141966,e3e5301ee0c8e22921b45766194ffd19c62505752d52fc342f85a6cac7dfe6c0,5733,2003-09-05,2026-10-05
dhan-data/candles/daily/NSE_EQ/HINDPETRO.parquet,146166,22fc5a5e8568e9f127e901e68543427e7b3f739861fd5bed90c1af25f71cffc4,5733,2003-09-05,2026-10-05
dhan-data/candles/daily/NSE_EQ/HINDUNILVR.parquet,156413,997bd091d6d80a84c030e47300c291adff984ff447ae8c600e6449bbf4096b04,5733,2003-09-05,2026-10-05
dhan-data/candles/daily/NSE_EQ/HINDZINC.parquet,121778,7a38b3fc628df828f1aa7bee0e22eb5738c634ec2046b0208d98cc570e0b7392,4923,2006-11-21,2026-10-05
dhan-data/candles/daily/NSE_EQ/HYUNDAI.parquet,15926,8d1e7340fb0ce175e98a18e3eb48006c55f5f6d46d1a3a9c3b7c768b39aced19,484,2024-10-22,2026-10-05
dhan-data/candles/daily/NSE_EQ/ICICIBANK.parquet,159048,898cdbac085d090bc5a5613fad1d081b0ab185f18d82428188715b6a01bc98e7,5733,2003-09-05,2026-10-05
dhan-data/candles/daily/NSE_EQ/ICICIGI.parquet,59427,7f356318e2ada5ebd70badff75593243f213ee694248a142e4e6332e03f7b6aa,2235,2017-09-27,2026-10-05
dhan-data/candles/daily/NSE_EQ/ICICIPRULI.parquet,63553,85472d0452d5d3d233e43e64aa9679f3a734dbb8d4459235b65e49b77569f1dc,2482,2016-09-29,2026-10-05
dhan-data/candles/daily/NSE_EQ/IDEA.parquet,108388,a5207480221f9d5041f78df49c69b60d55c5217e62913d401d62da2aa9947d98,4849,2007-03-09,2026-10-05
dhan-data/candles/daily/NSE_EQ/IDFCFIRSTB.parquet,60100,6b96dea40fe8d8d53708606229e6ae798106d30c70d9d71b3623f935e9b67109,2701,2015-11-06,2026-10-05
dhan-data/candles/daily/NSE_EQ/IEX.parquet,57493,eabdcc1a9f4764afffb8e45af8899503079039b0ce75b5fb00d4d1222aa69699,2219,2017-10-23,2026-10-05
dhan-data/candles/daily/NSE_EQ/INDHOTEL.parquet,143869,2adc0b2bf113eb572290868d4c76e074f6bf9e51d8e916d412ef208f7831e0cf,6155,2002-01-01,2026-10-05
dhan-data/candles/daily/NSE_EQ/INDIANB.parquet,114847,f01b0c7c06736bfe325bbaea8f73c291130a7db70b34d84316d0d1759ee5c20f,4856,2007-03-01,2026-10-05
dhan-data/candles/daily/NSE_EQ/INDIGO.parquet,74111,02f4f151dfa571fbfb046f6ae7076028d24c69775805cf940e204e990a356fc1,2700,2015-11-10,2026-10-05
dhan-data/candles/daily/NSE_EQ/INDUSINDBK.parquet,146161,081f6043c93da25d59f97268eb2c6cbef95b626b5412d12f2112697b224c380a,5733,2003-09-05,2026-10-05
dhan-data/candles/daily/NSE_EQ/INDUSTOWER.parquet,81829,4f0c06405d63de83655644ac3df93be8dc83765efa57e682d24bc8cd323e9a7e,3409,2012-12-28,2026-10-05
dhan-data/candles/daily/NSE_EQ/INFY.parquet,159495,0466f7cc3a348111a9bda54c9190dabb5a8356419824d8738678f0bb25cf8733,5733,2003-09-05,2026-10-05
dhan-data/candles/daily/NSE_EQ/INOXWIND.parquet,76375,3fce6ffc5b4a2b84bcd86d0853fcb6bd02be184a85fb89251b6a638a8403be07,2847,2015-04-09,2026-10-05
dhan-data/candles/daily/NSE_EQ/IOC.parquet,136283,8236759ec73f1300984177a63bc50ddfb4b3e27ed120701f7d181dc77f924463,5733,2003-09-05,2026-10-05
dhan-data/candles/daily/NSE_EQ/IREDA.parquet,22406,157a63902b7c320462ac6e56a4f97abb7323b4eb1f40b5e94fe802e7bd42cbbc,707,2023-11-29,2026-10-05
dhan-data/candles/daily/NSE_EQ/IRFC.parquet,35821,d186c4ad375a0de53fed0007687f2723bbf60a296892a6402edef3af8c496a39,1408,2021-01-29,2026-10-05
dhan-data/candles/daily/NSE_EQ/ITC.parquet,149844,d81e9cee060875a035cb22485d08bbff8d3181a660959dc784231ba326ab6e87,5733,2003-09-05,2026-10-05
dhan-data/candles/daily/NSE_EQ/JINDALSTEL.parquet,153421,886ba654f758283c455ff6dfea66219eaf4b8a083085ca79c01b409d2aa3258c,5733,2003-09-05,2026-10-05
dhan-data/candles/daily/NSE_EQ/JIOFIN.parquet,22726,a28af0c9a79df19fbb78e3cb627b68242d0ffc5fe6ab7303e6e8801a723160d2,775,2023-08-21,2026-10-05
dhan-data/candles/daily/NSE_EQ/JSWENERGY.parquet,94100,f020b60c11c3352794d26427965e3e5c96a611e16fc0948dba35540bffd4c451,4157,2010-01-04,2026-10-05
dhan-data/candles/daily/NSE_EQ/JSWSTEEL.parquet,151347,1fbdf00a27c5a9715d9e326f9e0762e6b6f4efbbf5fa8c7eb9c230568bb3d833,5706,2003-09-05,2026-10-05
dhan-data/candles/daily/NSE_EQ/JUBLFOOD.parquet,113750,93014f7febc07777c065edc297a87344c7f80b7d0a4d49274e444218cf8515e7,4132,2010-02-08,2026-10-05
dhan-data/candles/daily/NSE_EQ/KALYANKJIL.parquet,37448,95c3e2e7a97c33d8082c4aaf468281aac0ef982430747224d5f9e700c6204178,1369,2021-03-26,2026-10-05
dhan-data/candles/daily/NSE_EQ/KAYNES.parquet,28486,9b6609d68ff7c8379377f80f8cc97b3c66fd3051c9b2654824c5cc8736ced189,960,2022-11-22,2026-10-05
dhan-data/candles/daily/NSE_EQ/KEI.parquet,123429,b19705b668b46b346dbf7364486c9b9d60dae66dbc317b8a99cd207a4c5d81a9,5090,2006-03-23,2026-10-05
dhan-data/candles/daily/NSE_EQ/KFINTECH.parquet,27279,07555a75e27f18e07a9faad38a8202cb266e99a12ac87decd9711923e1b3f82d,933,2022-12-29,2026-10-05
dhan-data/candles/daily/NSE_EQ/KOTAKBANK.parquet,151371,c3c29a09a84694cc7ce676abf32b3999d227b262c57d3e7e5f467d879daddd3b,5733,2003-09-05,2026-10-05
dhan-data/candles/daily/NSE_EQ/KPITTECH.parquet,50406,f6d0eea80f7e04cf341ff998598770c7b2e3212ed3a321aa9c9fbc6d522e540e,1849,2019-04-22,2026-10-05
dhan-data/candles/daily/NSE_EQ/LAURUSLABS.parquet,67095,e09707dfc0cbf190f48f91350808c8ecfdaf8eea29f170dc400280814dfe8d97,2428,2016-12-19,2026-10-05
dhan-data/candles/daily/NSE_EQ/LICHSGFIN.parquet,146472,a6078f3b921e7d7fa8280b1165647a92a45340614c4899cd8bd2262b37349e78,5733,2003-09-05,2026-10-05
dhan-data/candles/daily/NSE_EQ/LICI.parquet,30856,e9782b0bcb5e7a26410c27b680afd0ee637c5ccd16eb7fe685fadef249a31af8,1089,2022-05-17,2026-10-05
dhan-data/candles/daily/NSE_EQ/LODHA.parquet,38954,7366d5b3c2cbdf369a6b5c89da633c052d1a10978d03fc784230d090c5f0b7d9,1356,2021-04-19,2026-10-05
dhan-data/candles/daily/NSE_EQ/LT.parquet,161339,a96c8dfcbd6dfe06871817a665a106a37c65b016de424bf2299031ca78aa7f52,5711,2003-09-05,2026-10-05
dhan-data/candles/daily/NSE_EQ/LTF.parquet,91782,b7d4acb0d5e251d9ce8361ebe9b5f799635ace39c0dd9d062a1ba6af04539ff4,3751,2011-08-12,2026-10-05
dhan-data/candles/daily/NSE_EQ/LTM.parquet,69510,4b0fc9cd1aaf5119c46e6fd8e2fd7d091977ab59b2d5ece9b551dcdca647e2c7,2529,2016-07-21,2026-10-05
dhan-data/candles/daily/NSE_EQ/LUPIN.parquet,152879,e89cbe3a67679a5f61d766f63601288eecbfd41ace48d70493a176413b9eee5c,5733,2003-09-05,2026-10-05
dhan-data/candles/daily/NSE_EQ/MAHABANK.parquet,104641,ddd510286c0c333dfe126a6d2f7edc9f2f82793a6ee5a07ed86c697774087fc8,5582,2004-04-12,2026-10-05
dhan-data/candles/daily/NSE_EQ/MANAPPURAM.parquet,93574,55599c7cd54645971821f371d38a9f7b8571193c0ca1d65a08ae7bd70630103e,4035,2010-06-30,2026-10-05
dhan-data/candles/daily/NSE_EQ/MANKIND.parquet,24982,580731d915aa0aec88082352e417de7429c9b63d67340fc376b47de7c7c3a2a4,847,2023-05-09,2026-10-05
dhan-data/candles/daily/NSE_EQ/MARICO.parquet,143748,f6381ca8ac17b031a879274ca7e40e5ff53c2a76ba7c37fe89d02da7b4d44dba,5733,2003-09-05,2026-10-05
dhan-data/candles/daily/NSE_EQ/MARUTI.parquet,157419,f71a73f3271aa7fead189476f00313bee474ba9e357781aeecb6f6788873c4ad,5733,2003-09-05,2026-10-05
dhan-data/candles/daily/NSE_EQ/MAXHEALTH.parquet,42562,74549636fff7f272ac4541105f56e373077756db9ca3d6a3528ed2d8da17ae74,1519,2020-08-21,2026-10-05
dhan-data/candles/daily/NSE_EQ/MAZDOCK.parquet,43258,8258bcfa0334ea3fd514dde15bbf61b52608efdce75867092b67f6fbe30d155a,1484,2020-10-12,2026-10-05
dhan-data/candles/daily/NSE_EQ/MCX.parquet,98841,2821d00f49fb991f646727ac95ebc1b97c6b7ccf2c5e6371c78dbaac94d407cb,3610,2012-03-09,2026-10-05
dhan-data/candles/daily/NSE_EQ/MFSL.parquet,144791,ab447ed47529d68408f7cfcff4464ecf133b586d5ced3d4a4e6c56bbff550304,5733,2003-09-05,2026-10-05
dhan-data/candles/daily/NSE_EQ/MOTHERSON.parquet,147107,29d465439c93abe4adfe1b8dca44788f4bf2d690e918f8c1404fcdeeaa6795d0,6417,2000-01-03,2026-10-05
dhan-data/candles/daily/NSE_EQ/MOTILALOFS.parquet,121091,19f0e78c08d515bbdb45ce1d790ec0160b3923f3ad21c5a8dae1cfde26ebc989,4722,2007-09-11,2026-10-05
dhan-data/candles/daily/NSE_EQ/MPHASIS.parquet,148197,97359ea70672ee6b4c37434dc791b0dee246abbc7cdd41fdaf21fbc623b7360f,5733,2003-09-05,2026-10-05
dhan-data/candles/daily/NSE_EQ/MUTHOOTFIN.parquet,99791,53f9e98276390535d6126ce974550784da2312f0019753deaf2fbb8c86582649,3821,2011-05-06,2026-10-05
dhan-data/candles/daily/NSE_EQ/M_M.parquet,157156,cbf646e17ac083725ccf93ea4f07cdf7b995fffcc39bdf0b3624ffcf8741f56d,5733,2003-09-05,2026-10-05
dhan-data/candles/daily/NSE_EQ/NAM-INDIA.parquet,57634,4be43dd97bcc3073ec1784cba16af59d154e604c670ba9b82431fd4e0ffb6b7d,2208,2017-11-06,2026-10-05
dhan-data/candles/daily/NSE_EQ/NATIONALUM.parquet,127317,a0a365fd2563e5bcef11a3caec45c9e37afd12902ef1f6c87c0fe194a7b6ec60,5733,2003-09-05,2026-10-05
dhan-data/candles/daily/NSE_EQ/NAUKRI.parquet,130347,1dccfa2450df2a5c2648f33c4fc9f8de1300b2dbc833ab40f2e1aea242492442,4921,2006-11-21,2026-10-05
dhan-data/candles/daily/NSE_EQ/NBCC.parquet,88549,50c28998e614570d821c822dcc3581a479124b3fec441a15658c83dbe7923697,3588,2012-04-12,2026-10-05
dhan-data/candles/daily/NSE_EQ/NESTLEIND.parquet,111435,2f371cacbf115dbebbc2d8b24a600824af914e861e53135a5e614742237e03af,4153,2010-01-08,2026-10-05
dhan-data/candles/daily/NSE_EQ/NHPC.parquet,80826,361b1720fb2e63d5090467837467757d224d4999583b1f39824187dbeba79ad1,4238,2009-09-01,2026-10-05
dhan-data/candles/daily/NSE_EQ/NMDC.parquet,108213,7f776074edd74a4be38667015ffddd2fc86a9833d54f7da31c7e9ee6bd800873,4602,2008-03-03,2026-10-05
dhan-data/candles/daily/NSE_EQ/NTPC.parquet,124225,5cceb1e43d8caf0f7c4c10309f37cacc351f0561a35302790540788d96a2d58d,5435,2004-11-05,2026-10-05
dhan-data/candles/daily/NSE_EQ/NYKAA.parquet,34488,f2ce165b11adf0030330a6e1b4671f00aec444db5e0ede17ba18029e3efbb2a1,1216,2021-11-10,2026-10-05
dhan-data/candles/daily/NSE_EQ/OBEROIRLTY.parquet,99541,5a1e7cb1a7cac64c2ddb249a5b44e6f02ced85984c3808017304bec2014d3aa4,3956,2010-10-20,2026-10-05
dhan-data/candles/daily/NSE_EQ/OFSS.parquet,149366,b7f804a98627e20eefa4348e5556931ad003bf14600afc53402173c291e60ca5,5733,2003-09-05,2026-10-05
dhan-data/candles/daily/NSE_EQ/OIL.parquet,106556,63e6a32fa194034d29568cbae779713af8d036b580a22d21d4c88c54c93f67f6,4219,2009-09-30,2026-10-05
dhan-data/candles/daily/NSE_EQ/ONGC.parquet,141314,8e7fd02662f336377503f4e0ab7fef4458191bc07504c1ee2a29f969dc471956,5733,2003-09-05,2026-10-05
dhan-data/candles/daily/NSE_EQ/PAGEIND.parquet,129140,7c6163a2e9ad773185306a46a8c38f96658ce0796adf950e46f52dc41bf0191a,4833,2007-03-16,2026-10-05
dhan-data/candles/daily/NSE_EQ/PATANJALI.parquet,95589,a2da02ef76490e0b7b7cbce1c529ffa4489283e0a23dc9395172877dd4868f88,3854,2011-01-03,2026-10-05
dhan-data/candles/daily/NSE_EQ/PAYTM.parquet,34584,0c50f97fc8965edcdf7dcfeb354d2bffdf75e9da21cfc23c8020911260a89bb9,1210,2021-11-18,2026-10-05
dhan-data/candles/daily/NSE_EQ/PERSISTENT.parquet,108807,79e599b1f83c0ca51a8e2fd6868e3220f50bc16788c3f8a44f5fa8c8677707cd,4095,2010-04-06,2026-10-05
dhan-data/candles/daily/NSE_EQ/PETRONET.parquet,129422,1a741b558520e4b2ef9a590f8fb4d35dfa97890dd08a11c46923e284c408d58c,5592,2004-03-26,2026-10-05
dhan-data/candles/daily/NSE_EQ/PFC.parquet,113629,b9bbac29b831f355e9229be18eeaf720da3bb7ac38dcfd7fe7d479ce3edb6891,4860,2007-02-23,2026-10-05
dhan-data/candles/daily/NSE_EQ/PGEL.parquet,92845,87828ed3a586ff33ae1743f36713315175b8a02513ef266b2f0370dba1f212e7,3720,2011-09-26,2026-10-05
dhan-data/candles/daily/NSE_EQ/PHOENIXLTD.parquet,123022,f690db2098806975e1f6873b583997143fc5d4ee4358dfb8329f19a9a990b691,4820,2007-04-23,2026-10-05
dhan-data/candles/daily/NSE_EQ/PIDILITIND.parquet,150693,4877bb66bd785619a751cd4f1d9ff26047a80aa48838bdfcf7709f62abd77126,5732,2003-09-05,2026-10-05
dhan-data/candles/daily/NSE_EQ/PIIND.parquet,101385,ee94c7bbbda1ad380223d8fd088d7dd092ab395f99846c8f75747cf1aa21977d,3789,2011-06-15,2026-10-05
dhan-data/candles/daily/NSE_EQ/PNB.parquet,139579,3d78835275280c8d534bcfe71daf5a39e602ba843f6b6d17b67311ce5555f5da,5733,2003-09-05,2026-10-05
dhan-data/candles/daily/NSE_EQ/PNBHOUSING.parquet,70094,52feb20a8ce1912aa6b323081ceb54e4415aa2e2dc94204a5ed429ac23341d9f,2457,2016-11-07,2026-10-05
dhan-data/candles/daily/NSE_EQ/POLICYBZR.parquet,35041,cf5e0797d46753015c181060d7acb0b88700d1e8f01d941550f5bafb798ecc82,1213,2021-11-15,2026-10-05
dhan-data/candles/daily/NSE_EQ/POLYCAB.parquet,51973,64c97de65833396c38664b7a7db3d0ea964eb9875bc879216f5460a26de1f340,1851,2019-04-16,2026-10-05
dhan-data/candles/daily/NSE_EQ/POWERGRID.parquet,111364,abf0cff83d354b496a8be9175f6c25ede6dec2ebf286baeb73ccc9b9a32a83e0,4706,2007-10-05,2026-10-05
dhan-data/candles/daily/NSE_EQ/POWERINDIA.parquet,45959,8904f0629074f2046d70eb2dc545cd951ca1d6d5ad0052372162466aca100e6f,1617,2020-03-30,2026-10-05
dhan-data/candles/daily/NSE_EQ/PREMIERENE.parquet,16122,d57b5aa3353c20ba6a01cfb10910c689817acd2050c967c3929245ace8b88375,518,2024-09-03,2026-10-05
dhan-data/candles/daily/NSE_EQ/PRESTIGE.parquet,97876,8e9793d369bbfdc18d6fe7c3074b34e347ea7eec8e08fdc9e097d95a304d7141,3951,2010-10-27,2026-10-05
dhan-data/candles/daily/NSE_EQ/RADICO.parquet,127786,6370ccae76cdb088fad26084130a4b005b2530d5f53b1e2b8e068a5e3789fda0,5376,2005-02-02,2026-10-05
dhan-data/candles/daily/NSE_EQ/RBLBANK.parquet,66601,4d441c2bfb375270a3280d8f4c476e527cba1337fb1965b321b958401824a000,2501,2016-08-31,2026-10-05
dhan-data/candles/daily/NSE_EQ/RECLTD.parquet,113046,9e03bb5b50fb46df356530b5a833a373b2a3aea62464aba06b896b8f8d115388,4596,2008-03-12,2026-10-05
dhan-data/candles/daily/NSE_EQ/RELIANCE.parquet,171394,dd1f1d4f35c5b88836cff923682dd2d94ed66ab131e5abf612c47eac606b0f6d,6155,2002-01-01,2026-10-05
dhan-data/candles/daily/NSE_EQ/RVNL.parquet,45891,a42196a67890cbc2934802159918d69dedf0c4065aafcf6e2b56b427dd23fe13,1854,2019-04-11,2026-10-05
dhan-data/candles/daily/NSE_EQ/SAGILITY.parquet,14717,107c865a89ba79d5e75f52e71354123099c4bfedb121b5b816664dc776253623,469,2024-11-12,2026-10-05
dhan-data/candles/daily/NSE_EQ/SAIL.parquet,124508,73e1c768fca1bda325cd8b0d822943380533e18cdce20ea6163eb1c0841e5c4a,5733,2003-09-05,2026-10-05
dhan-data/candles/daily/NSE_EQ/SBICARD.parquet,42842,4559e305f436caa353f549240aac2496c788de0bac1d0d4ea00c936f7c2516f0,1627,2020-03-16,2026-10-05
dhan-data/candles/daily/NSE_EQ/SBILIFE.parquet,59769,d9580e017f54f9cfdf529918f64569a0f9a093f130a8d21b154419638efd30ea,2232,2017-10-03,2026-10-05
dhan-data/candles/daily/NSE_EQ/SBIN.parquet,156044,362a68011f0ebffc26fa52278292d8991b8c51f7a071669db094465e7ab68cd9,5733,2003-09-05,2026-10-05
dhan-data/candles/daily/NSE_EQ/SHREECEM.parquet,152094,ba08a36b7d5a4f0816afabdc5b4c857c52c4ef9e270fa2afb4509e69124b6e9e,5733,2003-09-05,2026-10-05
dhan-data/candles/daily/NSE_EQ/SHRIRAMFIN.parquet,155100,9390ad3075b2192b9fc31a4f7f8c5ce629eb4c9fcf5202ddfc8c25caa53cb31a,5733,2003-09-05,2026-10-05
dhan-data/candles/daily/NSE_EQ/SIEMENS.parquet,160472,8df8be175a076b3952f32b3d2d1a7235eb12317ea5441b7582fb9cc77abcab0d,5733,2003-09-05,2026-10-05
dhan-data/candles/daily/NSE_EQ/SOLARINDS.parquet,132886,f0eba882a9571c9c1095b3af742c338068be958c2e12c50e191ef13e01b536b7,5081,2006-04-03,2026-10-05
dhan-data/candles/daily/NSE_EQ/SONACOMS.parquet,36009,d3c18ad912f1078535b945ee0142bed40c5da8d96020473bee6025d73663f0a5,1310,2021-06-24,2026-10-05
dhan-data/candles/daily/NSE_EQ/SRF.parquet,165178,a14905510fa2edf490d879f9567eda6541822fba60566b485069de70d54f4a22,6155,2002-01-01,2026-10-05
dhan-data/candles/daily/NSE_EQ/SUNPHARMA.parquet,154592,cb72304154b14b15032c07055dd7dec6f4b0add1649fd5ea39a7fdc2639f779e,5733,2003-09-05,2026-10-05
dhan-data/candles/daily/NSE_EQ/SUPREMEIND.parquet,150030,61fbd3ac12679a50994c90a6b1e29de7b80ad1f317aadbc194293fbd209268e7,5733,2003-09-05,2026-10-05
dhan-data/candles/daily/NSE_EQ/SUZLON.parquet,117044,8e8e310bc8c21c04211f18bd5900f7ad074290fbc379cdf3a01d54b3432d59ca,5196,2005-10-19,2026-10-05
dhan-data/candles/daily/NSE_EQ/SWIGGY.parquet,15369,f7feb7794026426b56ceb8dd30c365abad7ad8d67dc6940327a59e9ec5f7f7f5,468,2024-11-13,2026-10-05
dhan-data/candles/daily/NSE_EQ/TATACONSUM.parquet,139008,b244986984fd97cf0386ea461b8fada5233646e2ee183b06b93c0a07965f4380,5396,2005-01-03,2026-10-05
dhan-data/candles/daily/NSE_EQ/TATAELXSI.parquet,150086,87756a83531148a152456063e092c250e3993d991f5a626055ed6f55caf94a26,5733,2003-09-05,2026-10-05
dhan-data/candles/daily/NSE_EQ/TATAPOWER.parquet,135017,3ba475e9e66773ea5d41a099e4e09ed990a2bb1c35d36decef918e6c186b52c8,5733,2003-09-05,2026-10-05
dhan-data/candles/daily/NSE_EQ/TATASTEEL.parquet,151821,bc3fc3f244b42f3236aa9349a5f0451cc5a095e5343e5c2c96a19c0a6a4a8185,5733,2003-09-05,2026-10-05
dhan-data/candles/daily/NSE_EQ/TCS.parquet,151947,13e6cbb0c6afb02687444202ce5e88a879f823056d29e3811cd3d32f392b0014,5486,2004-08-25,2026-10-05
dhan-data/candles/daily/NSE_EQ/TECHM.parquet,134556,c556767e0a081f13360d8f5693844839a08e20740041ff29deebd52dffc224f6,4982,2006-08-28,2026-10-05
dhan-data/candles/daily/NSE_EQ/TIINDIA.parquet,61158,c335542cae7ed463dcc1e3dc2e80008ccebb20d8b7cd5ebd55ca3afbf0702112,2211,2017-11-02,2026-10-05
dhan-data/candles/daily/NSE_EQ/TITAN.parquet,156204,252c2a3585ef63da3feee44fdd9fb9169ab3a0845593fd56aff820d11cd5c538,5733,2003-09-05,2026-10-05
dhan-data/candles/daily/NSE_EQ/TMPV.parquet,159470,7853f94287da2ae91c8476f296f82dcc5a96e9fe5922554a654419e2a3d02941,5732,2003-09-05,2026-10-05
dhan-data/candles/daily/NSE_EQ/TORNTPHARM.parquet,163845,c1c08c1d5e6e1c91ea007f5a1e66db78b9094f3afbac5aa0ffde8b4a5ebca58d,6154,2002-01-01,2026-10-05
dhan-data/candles/daily/NSE_EQ/TRENT.parquet,149825,8052759ff325b0f7e13cc25339eda40f101327d9f13687e248c9bbfacd63d9cc,5732,2003-09-05,2026-10-05
dhan-data/candles/daily/NSE_EQ/TVSMOTOR.parquet,143930,b184921c5fa3e6ce63a79be543058ace2dabe434585edb3d7a8df0017dabf6b5,5733,2003-09-05,2026-10-05
dhan-data/candles/daily/NSE_EQ/UJJIVANSFB.parquet,39588,2beff584b24bb234f556d78ecd4a643f742a1a5a58d199a69518089f9ec820a6,1692,2019-12-12,2026-10-05
dhan-data/candles/daily/NSE_EQ/ULTRACEMCO.parquet,148955,7cdf2f202ea270ce8aa9b7f98517bed8407170fe461af15fdcaa5d105ef720b1,5487,2004-08-24,2026-10-05
dhan-data/candles/daily/NSE_EQ/UNIONBANK.parquet,129980,0c90d73009e4043c4cab6a8a4adcf2be35da88ff8742450a61c880928c2b7f96,5733,2003-09-05,2026-10-05
dhan-data/candles/daily/NSE_EQ/UNITDSPR.parquet,157881,9525877d1831cd3f33ee3839480659ddb13fb6ddbf745e01eab1fb8e91685d67,5733,2003-09-05,2026-10-05
dhan-data/candles/daily/NSE_EQ/UNOMINDA.parquet,116780,b0870892c678244cbcc71138857d4ce13ec39d31b0087f0a4f70145dc1634f67,4833,2007-02-02,2026-10-05
dhan-data/candles/daily/NSE_EQ/UPL.parquet,151727,acd91acbf6c1d425216a0a27d92e2e7d883fb28406ecf14472d9eea40be2c16e,5698,2003-09-05,2026-10-05
dhan-data/candles/daily/NSE_EQ/VBL.parquet,68753,34824b9363731e89283988e1d95336e027208795d8fff5cce5b550ddc8908010,2456,2016-11-08,2026-10-05
dhan-data/candles/daily/NSE_EQ/VEDL.parquet,147525,df2afada17a600ab17bd5c8ecd88d17deb9a4c919236d8c2fbaee6fc5f6d2429,5733,2003-09-05,2026-10-05
dhan-data/candles/daily/NSE_EQ/VMM.parquet,15210,221956a8c05ba20329aac4edbe7318862a20db2ec41aa44e25a012326edc766f,445,2024-12-18,2026-10-05
dhan-data/candles/daily/NSE_EQ/VOLTAS.parquet,148230,14982a248f6e20ea358341b8d1065bbf11ab72f368667ea8959ed035703c9123,5733,2003-09-05,2026-10-05
dhan-data/candles/daily/NSE_EQ/WAAREEENER.parquet,15517,22544c0adc989b77a04aec5a950c7561bfbc52ed3ef9ccb4aa700d8f3e8ed2df,480,2024-10-28,2026-10-05
dhan-data/candles/daily/NSE_EQ/WIPRO.parquet,147476,cd46ecca442b33495f4b32b8de457b9f1d660edf361beb285c21d10ffb57079d,5733,2003-09-05,2026-10-05
dhan-data/candles/daily/NSE_EQ/YESBANK.parquet,129764,681d90f58d4ff0acbaa32e0ab9e22edae1885f38359d8cda2d9dff41974cad70,5263,2005-07-12,2026-10-05
dhan-data/candles/daily/NSE_EQ/ZYDUSLIFE.parquet,148120,c2a12f6e2295f9b4233636810f5ce877c54b66b353a37eba1da61d233c184cd8,5732,2003-09-05,2026-10-05
dhan-data/candles/minute/IDX_I/BANKEX/2021.parquet,603800,2117c81bbdfb2706029d0d68fe29768489e36426d2c2d9da97087e40993cbeb9,34031,2021-10-08,2021-12-31
dhan-data/candles/minute/IDX_I/BANKEX/2022.parquet,2400253,6727045e65f5db3eec7d73276cdc3a406e66b80bec2fb54a17b7ffe5b9f42533,114042,2022-01-03,2022-12-30
dhan-data/candles/minute/IDX_I/BANKEX/2023.parquet,2204393,e108ce843f5227e36436e8d19cddfaa23bb8f27240eac380bdcbed39c87c35a1,91876,2023-01-02,2023-12-29
dhan-data/candles/minute/IDX_I/BANKEX/2024.parquet,2254508,093ae33d65ee633853084848bc3821e1cf5e28935651ee26ae8fc563b9095976,92648,2024-01-01,2024-12-31
dhan-data/candles/minute/IDX_I/BANKEX/2025.parquet,2304440,a76f0c59468305397e1efd052f13f8ba9d00ca76892efb938719e734bd4a72dd,93090,2025-01-01,2025-12-31
dhan-data/candles/minute/IDX_I/BANKEX/2026.parquet,1969930,c1de5b6ce69cfb988e81bb8291bb7caeee0f91c25687d1e6e8c28fb726328ff7,70603,2026-01-01,2026-10-06
dhan-data/candles/minute/IDX_I/BANKNIFTY/2021.parquet,593139,9f59b4298da8949a2e66e6eed3567d56c923d887505c8bcd2ad52c6e673b724d,42049,2021-10-08,2021-12-31
dhan-data/candles/minute/IDX_I/BANKNIFTY/2022.parquet,2195433,5458bc5ea457ac74ff33d0bd7090c8a5d218dcd82822258241045aa16fdfb0f5,124824,2022-01-03,2022-12-30
dhan-data/candles/minute/IDX_I/BANKNIFTY/2023.parquet,1874381,eab4f6fb24569d7b5e647c73cbfa6fe530292fabe50234e44cece81462406091,91949,2023-01-02,2023-12-29
dhan-data/candles/minute/IDX_I/BANKNIFTY/2024.parquet,1944858,ef780bad90a11bf730b589f496f3673579dd43fc04fe084f55f1d6cedfffb652,92528,2024-01-01,2024-12-31
dhan-data/candles/minute/IDX_I/BANKNIFTY/2025.parquet,2017023,3c78ecf64e82d0a2720bed12b1124595ae01999f1efeedad62923b1e604086b6,93090,2025-01-01,2025-12-31
dhan-data/candles/minute/IDX_I/BANKNIFTY/2026.parquet,1852637,478b2a96081f2821890365f99dcf08dfa1d67db8083e367a7bd3868251347d7a,70462,2026-01-01,2026-10-06
dhan-data/candles/minute/IDX_I/FINNIFTY/2021.parquet,542226,07a0805eceafd902b0a9a2265081a1eff6bb462be739dc7a62992c97f35aca55,42049,2021-10-08,2021-12-31
dhan-data/candles/minute/IDX_I/FINNIFTY/2022.parquet,1911118,afa35f4bffaa546e845ca3289019e5b28ce0730e3e7ff6b979077b4427b0cde4,124820,2022-01-03,2022-12-30
dhan-data/candles/minute/IDX_I/FINNIFTY/2023.parquet,1627542,db815c6388cdd4373b5f52af22834267b4a1010e3056fdc6f9880d0685abd614,91945,2023-01-02,2023-12-29
dhan-data/candles/minute/IDX_I/FINNIFTY/2024.parquet,1709845,155bd39e780c57e9e8dfa3e425bf467077abd5fa07e9ea44134118a02aa723c9,92528,2024-01-01,2024-12-31
dhan-data/candles/minute/IDX_I/FINNIFTY/2025.parquet,1736805,efe85d736234c4f3abf07bad181d553342c861e3a030f633691ae5c147688ce0,93090,2025-01-01,2025-12-31
dhan-data/candles/minute/IDX_I/FINNIFTY/2026.parquet,1683908,5adc78710775c01eda164fac7ce904b04ae15b19ec1db14dbb80b0ca3209e49e,70463,2026-01-01,2026-10-06
dhan-data/candles/minute/IDX_I/FOCIT/2025.parquet,1257658,9ddc313737285f4ae7248465a2e49dc46c0ace1d5a05343b8995a68f0a0ff991,51075,2025-06-16,2025-12-31
dhan-data/candles/minute/IDX_I/FOCIT/2026.parquet,1892237,bdbe10ebae84ffd1200e28b86eb82894c786503cc8f85619b5a548a605f5efbe,70603,2026-01-01,2026-10-06
dhan-data/candles/minute/IDX_I/INDIA_VIX/2021.parquet,315426,c5c0c6a363c8a6b29482b56d9ae99c4c70b208999396a657200210ea95c1a2dd,43480,2021-10-08,2021-12-31
dhan-data/candles/minute/IDX_I/INDIA_VIX/2022.parquet,1116013,0e751d0aeff571e44e12225d25d43758dcdb40608e1b8f58eef26291980f01a5,128007,2022-01-03,2022-12-30
dhan-data/candles/minute/IDX_I/INDIA_VIX/2023.parquet,837310,484572187b9ad46ebe1adf3339683212e4c71a2c85e7a20de0966e7807301464,91941,2023-01-02,2023-12-29
dhan-data/candles/minute/IDX_I/INDIA_VIX/2024.parquet,903685,43a8dd0c603bb22508d420b91f24042de83039cef7a90388aed5ec242a7da1a4,92468,2024-01-01,2024-12-31
dhan-data/candles/minute/IDX_I/INDIA_VIX/2025.parquet,899227,b81af1733016faa6812d0b65b48d58ae08e15002685dcf873b8b5fdaf98d34d3,93090,2025-01-01,2025-12-31
dhan-data/candles/minute/IDX_I/INDIA_VIX/2026.parquet,710260,ec3a0ae5ad3ff3821d37adf67a99b9170e57cbaecda453a6a364f2c791aa3c45,70460,2026-01-01,2026-10-06
dhan-data/candles/minute/IDX_I/MIDCPNIFTY/2022.parquet,1457024,5b2bd1b5d456c3ce02486a1441cf26ddec311c16fd0841b4d9dfc04cd8e71841,111223,2022-01-31,2022-12-30
dhan-data/candles/minute/IDX_I/MIDCPNIFTY/2023.parquet,1551106,25e2685e518248458674ccef37853fe8833e7937006e0b401a91642c36b85d18,91919,2023-01-02,2023-12-29
dhan-data/candles/minute/IDX_I/MIDCPNIFTY/2024.parquet,1571546,7644f0893126d07fd168567b6036e48586cfb3d548876776a2f12d49bcdf1eea,92528,2024-01-01,2024-12-31
dhan-data/candles/minute/IDX_I/MIDCPNIFTY/2025.parquet,1649952,39caadbab8276bbd00ef8d0add58bb3b7b64fe1cfe34e3dfca5e6474be0c0f1a,93090,2025-01-01,2025-12-31
dhan-data/candles/minute/IDX_I/MIDCPNIFTY/2026.parquet,1573850,c7d4dc7ad4b703d38bd7cbc85eabab242e5c80af3438314a4f63338096bf3a1b,70463,2026-01-01,2026-10-06
dhan-data/candles/minute/IDX_I/NIFTY/2021.parquet,521496,6b1a47dad2ac59e23f56ccf714a398a094a24fdf4da9f9bd4bb070ae0ca28446,41969,2021-10-08,2021-12-31
dhan-data/candles/minute/IDX_I/NIFTY/2022.parquet,1820558,848b15f4d0e889e52313465c9e655abbd6ebbbf87e8d01dd36a118344e019e5b,124909,2022-01-03,2022-12-30
dhan-data/candles/minute/IDX_I/NIFTY/2023.parquet,1617152,64b7c4ad87ac7a40f9920ab452c2579321c0d4fc2350224e74052e9173b2f7e5,91949,2023-01-02,2023-12-29
dhan-data/candles/minute/IDX_I/NIFTY/2024.parquet,1693216,009c4d6e75fa5ffffa6b8acf8f776ebe36e073785c3228c282eab58a447aeebb,92528,2024-01-01,2024-12-31
dhan-data/candles/minute/IDX_I/NIFTY/2025.parquet,1699787,98b6b26d226567b90ae95ed7814c4ee223b19f6b605560e8fa0414d78cfa398a,93090,2025-01-01,2025-12-31
dhan-data/candles/minute/IDX_I/NIFTY/2026.parquet,1623127,8de9771dcb5501e7815fe5e2811f4835f7eb47392c28a4b65757582338a63906,70457,2026-01-01,2026-10-06
dhan-data/candles/minute/IDX_I/NIFTYNXT50/2021.parquet,574310,7cc636cea7d488d896533af7ddc4d1f17dbd66cb5bca2d93ad0acc3c1b465c35,42049,2021-10-08,2021-12-31
dhan-data/candles/minute/IDX_I/NIFTYNXT50/2022.parquet,2111041,a2c08364cf77fd2ee3088e31eca12f2275ef849f1650240a108f5810386bedc7,124823,2022-01-03,2022-12-30
dhan-data/candles/minute/IDX_I/NIFTYNXT50/2023.parquet,1954607,8419719acd7cbb9b5c09003e14a896fd72e4c7cfe121464e3fd8e681bf74c780,91945,2023-01-02,2023-12-29
dhan-data/candles/minute/IDX_I/NIFTYNXT50/2024.parquet,2153394,4d4036d1f2489219472867ba76a7b68a71f2ffa056f0cafcca4029369f0ac2fe,92528,2024-01-01,2024-12-31
dhan-data/candles/minute/IDX_I/NIFTYNXT50/2025.parquet,2047498,41697ff003e6dd7bd00a334e1ab70f61a03fa583bafd3a7c48109a58407b5bef,93090,2025-01-01,2025-12-31
dhan-data/candles/minute/IDX_I/NIFTYNXT50/2026.parquet,1883172,0ee46d90016265240c9cc5c0c1ad8289b5ce49e06b17ede1048c954de74087b1,70463,2026-01-01,2026-10-06
dhan-data/candles/minute/IDX_I/SENSEX/2021.parquet,600629,cfac97607220af64e6a08b8490dd8525c28dd3a0b7d1d2573947be95c98da4e6,34094,2021-10-08,2021-12-31
dhan-data/candles/minute/IDX_I/SENSEX/2022.parquet,2397113,abe3c96d27477a3c79471199213365d7a69ad10c534244c6bdc1bb8f0fa33045,114151,2022-01-03,2022-12-30
dhan-data/candles/minute/IDX_I/SENSEX/2023.parquet,2232665,34129d9b3ab5fd8b7c258fab532253b0255e16dd6ff4bf4dff311009f39d9f74,91884,2023-01-02,2023-12-29
dhan-data/candles/minute/IDX_I/SENSEX/2024.parquet,2258478,babf32016103e8d99edf7f07fbc5f2e5b77bec1238f855d7d596421827033a41,92648,2024-01-01,2024-12-31
dhan-data/candles/minute/IDX_I/SENSEX/2025.parquet,2296166,a0d59c038f27ac34f6d30a9c5360cb10af963c273835f64619a0830156ab2e1b,93089,2025-01-01,2025-12-31
dhan-data/candles/minute/IDX_I/SENSEX/2026.parquet,1959868,c440d88e4ddc88aa3f1a38516a6547509dd38301b436170cf2242354e2cbbbb0,70603,2026-01-01,2026-10-06
dhan-data/candles/minute/IDX_I/SENSEX50/2021.parquet,370610,c1cf377db61c9522474b4547e4c3e094930e3608f496c4afa1553c3acf7029b5,30165,2021-10-08,2021-12-31
dhan-data/candles/minute/IDX_I/SENSEX50/2022.parquet,1550787,cbe5e2ea7347dbfc2d752723021978a608698a9a2b7986de6f61c835ad4b9c5d,121363,2022-01-03,2022-12-30
dhan-data/candles/minute/IDX_I/SENSEX50/2023.parquet,1234167,2e6ef756843c6fa6df272ffb5b50389de54c4da9d06e97e1419b12b078cbeb32,115759,2023-01-02,2023-12-29
dhan-data/candles/minute/IDX_I/SENSEX50/2024.parquet,610801,33abc44dab517cb280bdd1c3ace005ef42949a4c80e9632d9516fb1907a2db19,75607,2024-01-01,2024-08-29
dhan-data/candles/minute/NSE_EQ/360ONE/2024.parquet,346864,37885112a89344d2e3b7891a39e5761b6578830f73706a56208ba5406a08e8ba,21825,2024-10-07,2024-12-31
dhan-data/candles/minute/NSE_EQ/360ONE/2025.parquet,1336083,6118689dd125ec9d901d84819a8a8921833776a6656f9e3a021642d189127d21,93060,2025-01-01,2025-12-31
dhan-data/candles/minute/NSE_EQ/360ONE/2026.parquet,947995,443c403bfd893d0fd42c658be91b4ba9214e84e779bc5ffd7c25e1314cfb9264,69747,2026-01-01,2026-10-06
dhan-data/candles/minute/NSE_EQ/ABB/2024.parquet,458391,0255dc84f1d39cb104472fcd9df00ae65655c3a344e84022dceb09da95f011fa,21825,2024-10-07,2024-12-31
dhan-data/candles/minute/NSE_EQ/ABB/2025.parquet,1457924,001b142e374e72b3121234a2e41ed2abf8654a45e3c8f0f2a3dd7a815347fc0c,93060,2025-01-01,2025-12-31
dhan-data/candles/minute/NSE_EQ/ABB/2026.parquet,946821,fda909479ae38b759d42f3e6a98ab4acdce38bf22aaa218119a0cae43cc85182,69747,2026-01-01,2026-10-06
dhan-data/candles/minute/NSE_EQ/ABCAPITAL/2024.parquet,350752,2068e3a74368f562220a4e0c7ee581417fda733ae4bfdb4fc6499a6b53a1eee7,21825,2024-10-07,2024-12-31
dhan-data/candles/minute/NSE_EQ/ABCAPITAL/2025.parquet,1379225,1dfc94225f023494a2e0a9cb27ec266b7e76c25f7b350d0ef274bdcdf7482c6f,93060,2025-01-01,2025-12-31
dhan-data/candles/minute/NSE_EQ/ABCAPITAL/2026.parquet,918133,6aa1d42501279bbd75ee8d8d579df04be9c04de4e953d268cb55dde96c004525,69747,2026-01-01,2026-10-06
dhan-data/candles/minute/NSE_EQ/ADANIENSOL/2024.parquet,363597,e7858adcd02281b0c6616ef023c0cd037ce6290a09e890c2f873955bc4a5e9b4,21825,2024-10-07,2024-12-31
dhan-data/candles/minute/NSE_EQ/ADANIENSOL/2025.parquet,1328866,834ff4ea3f1c9410f000c4c9200fe7af17b138767eb9428897032113cad83276,93060,2025-01-01,2025-12-31
dhan-data/candles/minute/NSE_EQ/ADANIENSOL/2026.parquet,1073930,1d896ce3a285abb9be61e3783dfc3d0c9fb8fa05734c372623b60070396a16dd,69747,2026-01-01,2026-10-06
dhan-data/candles/minute/NSE_EQ/ADANIENT/2024.parquet,429012,ac5c3a092f8963e1e85f58c9db48188cd362350bbaad07de1cb5b778b4621452,21825,2024-10-07,2024-12-31
dhan-data/candles/minute/NSE_EQ/ADANIENT/2025.parquet,1372400,5085455424772491d7c286f8f0a95eb8d0ae2bd24b0449604c9fbcb88c08bece,93060,2025-01-01,2025-12-31
dhan-data/candles/minute/NSE_EQ/ADANIENT/2026.parquet,1080130,04ab8a8fcb053f209b459625b60ba5ee3cbee4b038e5e95491b27d9099b096a4,69747,2026-01-01,2026-10-06
dhan-data/candles/minute/NSE_EQ/ADANIGREEN/2024.parquet,416784,1dfcfbb97cc0489336cc402e215ae3db8a1ad19555ed058de478017bcce834e4,21825,2024-10-07,2024-12-31
dhan-data/candles/minute/NSE_EQ/ADANIGREEN/2025.parquet,1347917,4b57452903aa203a1387f95ae26ea4a7eeef3265a2f03bf9113e03d372544480,93060,2025-01-01,2025-12-31
dhan-data/candles/minute/NSE_EQ/ADANIGREEN/2026.parquet,1076816,0b4cfb6324d155ad199fb16ededebdab8cce16403b94bd5cee96d10a2961866b,69747,2026-01-01,2026-10-06
dhan-data/candles/minute/NSE_EQ/ADANIPORTS/2024.parquet,371465,6b911bdfde98d4f9c13db72735fba2fb3d62389f76be3e5cbdeb686954804b68,21825,2024-10-07,2024-12-31
dhan-data/candles/minute/NSE_EQ/ADANIPORTS/2025.parquet,1315508,72928a88a160864a8a218d27f963513a12a59426d4152b5e554e76cc77d0272f,93060,2025-01-01,2025-12-31
dhan-data/candles/minute/NSE_EQ/ADANIPORTS/2026.parquet,995325,8afc912f1c24392a36073eecef461d1db910cdfce3b7e14c840e31911a958c03,69747,2026-01-01,2026-10-06
dhan-data/candles/minute/NSE_EQ/ADANIPOWER/2024.parquet,282602,e6103089875f3013b7edfd1a295d0a67c53d93ec024d328463223356b12b49c9,21825,2024-10-07,2024-12-31
dhan-data/candles/minute/NSE_EQ/ADANIPOWER/2025.parquet,1200380,f6f29afe456ade128d343b1bfab33e328b44b5b2f2370d45048d57ef57038093,93060,2025-01-01,2025-12-31
dhan-data/candles/minute/NSE_EQ/ADANIPOWER/2026.parquet,1152579,297e1ef1aeb3c7fb31ec75d44aed22aeb98a5137a5ed1a2221a07d4f151f7796,69747,2026-01-01,2026-10-06
dhan-data/candles/minute/NSE_EQ/ALKEM/2024.parquet,412661,ad77bb718ff12577463ae5b78253f9f02e327572a30adf59a7cf1113dff68a46,21825,2024-10-07,2024-12-31
dhan-data/candles/minute/NSE_EQ/ALKEM/2025.parquet,1345107,582e0fb0fc8210777690650af72800ddad8cc1f97ad0796f30002b26d1be386d,93060,2025-01-01,2025-12-31
dhan-data/candles/minute/NSE_EQ/ALKEM/2026.parquet,827802,00af9f18ae6c79793997aa652ce9b32ec0b7bc2e5401c4f3da7ecf9565989145,69747,2026-01-01,2026-10-06
dhan-data/candles/minute/NSE_EQ/AMBER/2024.parquet,446632,ba4424360440f6caea4cc1568df862682d6eb97b4acb5c304c4a72780befa09d,21825,2024-10-07,2024-12-31
dhan-data/candles/minute/NSE_EQ/AMBER/2025.parquet,1499725,3c920048c7d15d25cf90e67809b7487aa8a379cafc0967e8ced5860773c7e58f,93060,2025-01-01,2025-12-31
dhan-data/candles/minute/NSE_EQ/AMBER/2026.parquet,967173,b12d877a8743e5946b2f8183277b7a6be1b598bf6e66b67e44866eaf17db8995,69747,2026-01-01,2026-10-06
dhan-data/candles/minute/NSE_EQ/AMBUJACEM/2024.parquet,313844,993655e1397aa3b186ddcc1932c46109b838d6afa185f7e08e1f958ae314dcf8,21825,2024-10-07,2024-12-31
dhan-data/candles/minute/NSE_EQ/AMBUJACEM/2025.parquet,1188726,dd18af958fc708ec076819b488227ec8f18c922dfb38d7deba4e3a86fa4a14e1,93060,2025-01-01,2025-12-31
dhan-data/candles/minute/NSE_EQ/AMBUJACEM/2026.parquet,920651,a27c573120bcb28b1e81f4187750ded291e5192afb6a47bc2a483f0ae9dccf2f,69747,2026-01-01,2026-10-06
dhan-data/candles/minute/NSE_EQ/ANANDRATHI/2024.parquet,293702,4fee22c8ac390cfa09fa1631558f4a43e7616ed555e4c7113feb7e9f0fbcbe64,21825,2024-10-07,2024-12-31
dhan-data/candles/minute/NSE_EQ/ANANDRATHI/2025.parquet,1322916,e4667a082255d43a62a259f8c79de006dc507d337f12fefb8cfe227d37ffc28b,93060,2025-01-01,2025-12-31
dhan-data/candles/minute/NSE_EQ/ANANDRATHI/2026.parquet,1022253,9ad8a76c26a7015ce938f3c888084489f937f15e920ca38756bdb5bbab86237a,70389,2026-01-01,2026-10-06
dhan-data/candles/minute/NSE_EQ/ANGELONE/2024.parquet,306711,f7ef722923e2f3c5a7d764b4ff7083a3a4dec4cb46713edb62c86361f077aaaf,21825,2024-10-07,2024-12-31
dhan-data/candles/minute/NSE_EQ/ANGELONE/2025.parquet,1156400,23f6bd353725e9ba5fab6979d2a77b5bd8daccfce783d615f1f34e59c7d1c9c5,93060,2025-01-01,2025-12-31
dhan-data/candles/minute/NSE_EQ/ANGELONE/2026.parquet,1050210,2d93497faf62985307e21a37574c893532b4f82f37038e1fedeccbf76b1c27b6,69747,2026-01-01,2026-10-06
dhan-data/candles/minute/NSE_EQ/APLAPOLLO/2024.parquet,317135,fd7f0d52d2baf28af6467f375b2f946314fa44e136c4e785b05e0ea7e8151829,21825,2024-10-07,2024-12-31
dhan-data/candles/minute/NSE_EQ/APLAPOLLO/2025.parquet,1317484,d1f47f22fbcde4b7db11b3ad8273e264f72552184459d22452029bf5b4eb5def,93060,2025-01-01,2025-12-31
dhan-data/candles/minute/NSE_EQ/APLAPOLLO/2026.parquet,968430,8780825ef060b031d450d1992c4bf67976b0c6f9854c00c2c17cbdb7e5c56347,69748,2026-01-01,2026-10-06
dhan-data/candles/minute/NSE_EQ/APOLLOHOSP/2024.parquet,398628,0e2d1b4515dbb17f08e32c0563d94caac6168e5c9d65369f94cd287b8343597e,21825,2024-10-07,2024-12-31
dhan-data/candles/minute/NSE_EQ/APOLLOHOSP/2025.parquet,1385826,fea365ec9a330a3fa9530c52c367c9af22fd8b0b7db9776a99b3ef3f75fe8554,93060,2025-01-01,2025-12-31
dhan-data/candles/minute/NSE_EQ/APOLLOHOSP/2026.parquet,917157,0f92083932e955afacc411fbd8597ff5a0dc8db44562f7b1a2b054034fe562bf,69748,2026-01-01,2026-10-06
dhan-data/candles/minute/NSE_EQ/ASHOKLEY/2024.parquet,271535,869e8c46df82c920474420d5a7ccdd20883c59daea7dce5b82ea0c466464092c,21825,2024-10-07,2024-12-31
dhan-data/candles/minute/NSE_EQ/ASHOKLEY/2025.parquet,1249331,1ec09539087dc9c6ff8466725b13a07d0845f4adc87cc0c7bd5f403cb56291dd,93060,2025-01-01,2025-12-31
dhan-data/candles/minute/NSE_EQ/ASHOKLEY/2026.parquet,1118688,e3c088315718aa7a9a11d12df1c95cc4fedcc0b719c686eb6819ec830f7a8aa3,69748,2026-01-01,2026-10-06
dhan-data/candles/minute/NSE_EQ/ASIANPAINT/2024.parquet,381005,e07a1d5c79a91917ae416b6d4a0ae20a576b066ac6cc04dc475f76f709ba67e5,21825,2024-10-07,2024-12-31
dhan-data/candles/minute/NSE_EQ/ASIANPAINT/2025.parquet,1328197,a667d718e3d9b93012b596aebfada786305989a1bb9d0a8f74e9384a181391c2,93060,2025-01-01,2025-12-31
dhan-data/candles/minute/NSE_EQ/ASIANPAINT/2026.parquet,1005037,8d85b1a5f30a44f3b191c04ccb90515dfc17df73d020a5b4d65ffb5bf0d18f1e,69748,2026-01-01,2026-10-06
dhan-data/candles/minute/NSE_EQ/ASTRAL/2024.parquet,329891,f03c3a6877b9e6155458c0cda7a0831889889b3b8a09d305ec72900feee4a4a6,21825,2024-10-07,2024-12-31
dhan-data/candles/minute/NSE_EQ/ASTRAL/2025.parquet,1295935,31e736460ecc82dbd49999137f735d301dd67f306feaf951a9893d0e8891debb,93060,2025-01-01,2025-12-31
dhan-data/candles/minute/NSE_EQ/ASTRAL/2026.parquet,914215,569ffdac140603e2bbf48c371524a1466fe02d109b74a082537bc0a6e57dfce1,69748,2026-01-01,2026-10-06
dhan-data/candles/minute/NSE_EQ/ATHERENERG/2025.parquet,902782,e6cf97dda63bf3be621b26c301f3fc584d428170e4e622927d11a9c59629ef0d,61911,2025-05-06,2025-12-31
dhan-data/candles/minute/NSE_EQ/ATHERENERG/2026.parquet,1109137,bcae30e8944586311a0cfb90e153a2ffa4c6b6d26a8c5f2b46debb76f367479f,70030,2026-01-01,2026-10-06
dhan-data/candles/minute/NSE_EQ/AUBANK/2024.parquet,323753,7395bef31cfc23b6e12a495e8e3645190bbe59f49f958ba06e326c17e164ef7d,21825,2024-10-07,2024-12-31
dhan-data/candles/minute/NSE_EQ/AUBANK/2025.parquet,1350888,10bb1283a747525a72149a49fafc28d33e00ed92983a8ed45e84aeb580cfc9d6,93060,2025-01-01,2025-12-31
dhan-data/candles/minute/NSE_EQ/AUBANK/2026.parquet,979601,a51a53eac9be1902a14a9064609cf2229d51104139d37fce928d1a760ced895c,69748,2026-01-01,2026-10-06
dhan-data/candles/minute/NSE_EQ/AUROPHARMA/2024.parquet,347390,3687f149778efe8c78e4fa413572a3ef7062fa3d47b841d9e12e7b80f0ef09ee,21825,2024-10-07,2024-12-31
dhan-data/candles/minute/NSE_EQ/AUROPHARMA/2025.parquet,1292251,e4d28855b02cd83c7b3254d2ffe6398daa501e9869f9200099fab3256d30d23a,93060,2025-01-01,2025-12-31
dhan-data/candles/minute/NSE_EQ/AUROPHARMA/2026.parquet,974602,8fb7952a87f0f6b1990eaa47a8b00bb760b46782041f462eb6116702b32e9079,69748,2026-01-01,2026-10-06
dhan-data/candles/minute/NSE_EQ/AXISBANK/2024.parquet,330916,ab89200520b2ff6c6d3f7444aa9bcb715825d9bf273710d9d38050082b5f536c,21825,2024-10-07,2024-12-31
dhan-data/candles/minute/NSE_EQ/AXISBANK/2025.parquet,1338995,827f294b4c516cb9d108045c6f41b0b58cd521fbaea78156ed6a966588b52643,93060,2025-01-01,2025-12-31
dhan-data/candles/minute/NSE_EQ/AXISBANK/2026.parquet,946021,397cbbd7931351ef8fd306541eba00c25766f7ade7b66a015d65f5562ae8b121,69748,2026-01-01,2026-10-06
dhan-data/candles/minute/NSE_EQ/BAJAJ-AUTO/2024.parquet,452032,3357b11a17eaee4a8d2e429811ad68342a9321422df4d8f242700d71e9e2d912,21825,2024-10-07,2024-12-31
dhan-data/candles/minute/NSE_EQ/BAJAJ-AUTO/2025.parquet,1432813,6440b8a2cfcabf7e4388b30eaca354d549c192cc03d95ab3e5c1a73c684f2acf,93060,2025-01-01,2025-12-31
dhan-data/candles/minute/NSE_EQ/BAJAJ-AUTO/2026.parquet,945843,0f9dab8583a164c94ae0a78f3c3a630a88d0025d9d3c3ff01f90dfa7c59769ef,69748,2026-01-01,2026-10-06
dhan-data/candles/minute/NSE_EQ/BAJAJFINSV/2024.parquet,356368,b4661cd626a1c5029d8d460681fc89363973a0a1f0baf993d111d1b71912b106,21825,2024-10-07,2024-12-31
dhan-data/candles/minute/NSE_EQ/BAJAJFINSV/2025.parquet,1338448,2141e21163b652798c815cd013bc829cbccccb6bbd289293eb1a9592ac6e0660,93060,2025-01-01,2025-12-31
dhan-data/candles/minute/NSE_EQ/BAJAJFINSV/2026.parquet,965398,79f3a4625221cd74744e71497760dd9401c0624454ffe06e8366cb41842482e4,69748,2026-01-01,2026-10-06
dhan-data/candles/minute/NSE_EQ/BAJAJHFL/2024.parquet,339979,66a686d37533dc01f5e660ce4876d0181459e01b6fb883d4dca72bd314cc039f,21825,2024-10-07,2024-12-31
dhan-data/candles/minute/NSE_EQ/BAJAJHFL/2025.parquet,1228605,a64caad960dced9a3efaae1f0837aa8c3a8b25ddee652eba0b8caee85e408388,93060,2025-01-01,2025-12-31
dhan-data/candles/minute/NSE_EQ/BAJAJHFL/2026.parquet,896199,353329f5c2ca9584c3b3b05ef98809e709fce937e7ccbbc31893e0332cdf15b9,70435,2026-01-01,2026-10-06
dhan-data/candles/minute/NSE_EQ/BAJAJHLDNG/2024.parquet,414205,ff807f6b9d29f239a3bb513da48bd21facd0fc04fd4d48993bf511441e1ea778,21825,2024-10-07,2024-12-31
dhan-data/candles/minute/NSE_EQ/BAJAJHLDNG/2025.parquet,1432176,8dc7238e818d39766c50d90e83386b45dd8fea9f9e992fb745f32e7fa7993ae9,93060,2025-01-01,2025-12-31
dhan-data/candles/minute/NSE_EQ/BAJAJHLDNG/2026.parquet,840908,80dc87ef9a97667d3f15ca9719e889526dd179fc8b367c817f76ba32e45e0290,69748,2026-01-01,2026-10-06
dhan-data/candles/minute/NSE_EQ/BAJFINANCE/2024.parquet,294529,9b83194c38cab766599cc43cd30319dbca8d9ab9e5310dfc84eb42297c02d656,21825,2024-10-07,2024-12-31
dhan-data/candles/minute/NSE_EQ/BAJFINANCE/2025.parquet,1348896,8b491412d3732b96ea1046d5761e984542677a4f317d39ab9660458d5addc971,93060,2025-01-01,2025-12-31
dhan-data/candles/minute/NSE_EQ/BAJFINANCE/2026.parquet,1045548,205b15471a58428356359481c7c5d9c0c18363e7e6346796fffaac4901c1ff89,69748,2026-01-01,2026-10-06
dhan-data/candles/minute/NSE_EQ/BANDHANBNK/2024.parquet,358874,c1c94794a9a7578ccf37557a38e8b4e3d984a998c34e1d6165b3d664efe6538f,21825,2024-10-07,2024-12-31
dhan-data/candles/minute/NSE_EQ/BANDHANBNK/2025.parquet,1373933,39e0521258dc287bb0a1fce3f6deec1cd99ab86bd6f83dee75a64914bf839da9,93060,2025-01-01,2025-12-31
dhan-data/candles/minute/NSE_EQ/BANDHANBNK/2026.parquet,1100450,2aaf2671ac6f9c0b649bc35fc5ed1f6ed5ee5fed6cc978e554972924954c9273,69748,2026-01-01,2026-10-06
dhan-data/candles/minute/NSE_EQ/BANKBARODA/2024.parquet,353677,e0e1e436ea5ec8932cbaa99a58b3c2e5558e77842417131f4a4eccd03b962768,21825,2024-10-07,2024-12-31
dhan-data/candles/minute/NSE_EQ/BANKBARODA/2025.parquet,1387527,5569c4418b7e1e2b6589dfdd5448648c47c6d7f7942913dfc4e439655a47fc3f,93060,2025-01-01,2025-12-31
dhan-data/candles/minute/NSE_EQ/BANKBARODA/2026.parquet,1023181,329e1069d399f13b72affe7fc1bbb281b9e9b2fa60ef24000c8daead726fefc1,69748,2026-01-01,2026-10-06
dhan-data/candles/minute/NSE_EQ/BANKINDIA/2024.parquet,323061,45f22bb808a549961cd51a816c6d77fe5d270ba928712bbbd946f1d1d6d1378f,21825,2024-10-07,2024-12-31
dhan-data/candles/minute/NSE_EQ/BANKINDIA/2025.parquet,1342547,65e54442f14ff512d1fcc7f81dad19a7f68aa2b8402857978141d59b33ecae10,93060,2025-01-01,2025-12-31
dhan-data/candles/minute/NSE_EQ/BANKINDIA/2026.parquet,1055122,12e22f0fa9637e094a954748cf200f4d1282f6dbcdf24730110cf2556c833872,69748,2026-01-01,2026-10-06
dhan-data/candles/minute/NSE_EQ/BDL/2024.parquet,353358,0fdb01cdf5d9e4cf2bef61cc088f186ae34088b0d41d7b6096f1dc4da7688d0a,21825,2024-10-07,2024-12-31
dhan-data/candles/minute/NSE_EQ/BDL/2025.parquet,1427795,5c4cf1ba2df3d0b15ef849a68ff9873be45fc0f063b7cce11e9e1cd806442167,93060,2025-01-01,2025-12-31
dhan-data/candles/minute/NSE_EQ/BDL/2026.parquet,976587,e7795da4685b551735b78757b588e080426883d1df83953c1a1d4285d6b342a2,69748,2026-01-01,2026-10-06
dhan-data/candles/minute/NSE_EQ/BEL/2024.parquet,322588,1922736df7e0f3248f787af9e79a91756582a9d8dabd30cab5531b49f32a09ea,21825,2024-10-07,2024-12-31
dhan-data/candles/minute/NSE_EQ/BEL/2025.parquet,1395198,8bb38231a1edce6e6187f222095fda7cb94abf24e5213959e545698e7d42d20d,93060,2025-01-01,2025-12-31
dhan-data/candles/minute/NSE_EQ/BEL/2026.parquet,968271,00084f22e1d338d9e5ec8aaef7e55421897b78587d112ebdb0e2bf5b7bad9499,69748,2026-01-01,2026-10-06
dhan-data/candles/minute/NSE_EQ/BHARATFORG/2024.parquet,342789,6251d2def83ab5e77b231a4ab1c54354bad076ea1e56eafc0640a572a4d66755,21825,2024-10-07,2024-12-31
dhan-data/candles/minute/NSE_EQ/BHARATFORG/2025.parquet,1319327,949ec65b4cf4ac522370e6fefb790fb7087d8a1421333e34a3c8dc6a3efeb776,93060,2025-01-01,2025-12-31
dhan-data/candles/minute/NSE_EQ/BHARATFORG/2026.parquet,1020904,055d7701d9245aa6ce54dc37fe22f19de0fcc88b69ab635acf5aa9eef0a6b5df,69748,2026-01-01,2026-10-06
dhan-data/candles/minute/NSE_EQ/BHARTIARTL/2024.parquet,346850,ab7a996280ca67214584bfd456ada055d06bdc891b223d3ca2be1619c775dbdc,21825,2024-10-07,2024-12-31
dhan-data/candles/minute/NSE_EQ/BHARTIARTL/2025.parquet,1361220,8e7f39a7ad6b3cb4a70ddd7efcf2fe7319faf41c94de9ab1f9b3454d4bf3c325,93060,2025-01-01,2025-12-31
dhan-data/candles/minute/NSE_EQ/BHARTIARTL/2026.parquet,976507,20efddc40eb9de3d6f1c3d7f3dc9809a374d24b7cf6a848413ba7e64c058e9ca,69748,2026-01-01,2026-10-06
dhan-data/candles/minute/NSE_EQ/BHEL/2024.parquet,344726,aab4af6fabf2350daecd3ba96ad46ac0d983de8845bd872a2901ef73f4de69bf,21825,2024-10-07,2024-12-31
dhan-data/candles/minute/NSE_EQ/BHEL/2025.parquet,1424438,8f8eef56db40160ac431c6a2ccc159ef529899030228668ee97ebc108ca67d6b,93060,2025-01-01,2025-12-31
dhan-data/candles/minute/NSE_EQ/BHEL/2026.parquet,1063923,9430b8d7953dc3592dd3b3e4295ea13e8dfa1d7f9409e7dbc876213ed4037a88,69748,2026-01-01,2026-10-06
dhan-data/candles/minute/NSE_EQ/BIOCON/2024.parquet,302452,5163bd474db207f6d8ef8d9f717890e94f957bf0a4793119c9ee3eb01a98f7c1,21825,2024-10-07,2024-12-31
dhan-data/candles/minute/NSE_EQ/BIOCON/2025.parquet,1189601,1fa0ed04a608dbca9e87405f01e29272d427dedc760ba106934ff4c11ebc340a,93060,2025-01-01,2025-12-31
dhan-data/candles/minute/NSE_EQ/BIOCON/2026.parquet,892213,78d8b1c045e98b624aa7feb1e51dcfcaa1683ea0af9363c26c6a04dba78ba027,69748,2026-01-01,2026-10-06
dhan-data/candles/minute/NSE_EQ/BLUESTARCO/2024.parquet,359749,3cb472c540918c3851433e5737a25a8425371e202c4edd3d69174f1811ea1652,21825,2024-10-07,2024-12-31
dhan-data/candles/minute/NSE_EQ/BLUESTARCO/2025.parquet,1376297,f6061622001b174ea36e01a9ecce046677f4b4143c5872a4c61d10b05ba2b0fa,93060,2025-01-01,2025-12-31
dhan-data/candles/minute/NSE_EQ/BLUESTARCO/2026.parquet,962507,d7243e0a185e0c3c3ae3dd9fd283c9562a7334b1f6d3e3c86bbff8aa9d7df4c7,69748,2026-01-01,2026-10-06
dhan-data/candles/minute/NSE_EQ/BOSCHLTD/2024.parquet,470142,ef8b4f110bcaa5b23f4cef29cbd7167755de5cdd93fd8b5fb8ed8a88ca77195d,21825,2024-10-07,2024-12-31
dhan-data/candles/minute/NSE_EQ/BOSCHLTD/2025.parquet,1431924,1cdb5f451d6402ab380e45fad8148ba5c1330f4419baadcd1b4ef5c4f5e6c0a3,93060,2025-01-01,2025-12-31
dhan-data/candles/minute/NSE_EQ/BOSCHLTD/2026.parquet,827389,13fbed1e87a89ef7b4ea347ec9c16c27b1e9ac392e58e50ed5118145155f793a,69748,2026-01-01,2026-10-06
dhan-data/candles/minute/NSE_EQ/BPCL/2024.parquet,315080,5f1f628da8ccee54c4ffa0c7fa8fffc1a3ada682d5c1ae234899cd73739647d7,21825,2024-10-07,2024-12-31
dhan-data/candles/minute/NSE_EQ/BPCL/2025.parquet,1301011,29b4f0afd8efa5241a1640fcc535135f285abd3183052396702f40d7486302cd,93060,2025-01-01,2025-12-31
dhan-data/candles/minute/NSE_EQ/BPCL/2026.parquet,917221,a5d1252ba76caf3dc1a02285554b8b12ac9e9ccc16e98c923b0542872c9f8eeb,69748,2026-01-01,2026-10-06
dhan-data/candles/minute/NSE_EQ/BRITANNIA/2024.parquet,412978,942d60f1aa2cbc423a461ef2bbd52466294c45ab6a138dd7c77521e39aa499ba,21825,2024-10-07,2024-12-31
dhan-data/candles/minute/NSE_EQ/BRITANNIA/2025.parquet,1319694,47c4106a07f3c8b097395c55ce60d4b3fa93f3d279c84e02f84a57d0647c0559,93060,2025-01-01,2025-12-31
dhan-data/candles/minute/NSE_EQ/BRITANNIA/2026.parquet,857421,95aeda718fc36117b08e9f8a3ad18559e8a2dfbf532f707e63d6c65967ee0062,69748,2026-01-01,2026-10-06
dhan-data/candles/minute/NSE_EQ/BSE/2024.parquet,397664,c5101615f857d9bb9a0b7f3285539498bda2424e8c268253869794fd849519f9,21825,2024-10-07,2024-12-31
dhan-data/candles/minute/NSE_EQ/BSE/2025.parquet,1588371,2fb7df082f741d120aa27909135cb6d521ef6a40ae2bfc69b86808ff62c395f7,93060,2025-01-01,2025-12-31
dhan-data/candles/minute/NSE_EQ/BSE/2026.parquet,1160178,c7b66089200b838741458113eee7d6ce0ef358ecc84d96db26ba0787e0484caa,69749,2026-01-01,2026-10-06
dhan-data/candles/minute/NSE_EQ/CAMS/2024.parquet,327305,59efd463b78822e748071b41b74f9ac8910071d9e62e504ea164179c6f12d447,21825,2024-10-07,2024-12-31
dhan-data/candles/minute/NSE_EQ/CAMS/2025.parquet,1291261,bf07b98868544e1f834ea357ee32d7fe1e7980a3fc55fa4dfd01f5c6021d069b,93060,2025-01-01,2025-12-31
dhan-data/candles/minute/NSE_EQ/CAMS/2026.parquet,963136,211a8d2b0be3b5020eefdbbd7c98c136158bb72e59f9b29358fd255630314421,69749,2026-01-01,2026-10-06
dhan-data/candles/minute/NSE_EQ/CANBK/2024.parquet,333820,6bbd4032c0565c37487b02e6dfa5af0f5279901c02360830d38d4fbde45e4af0,21825,2024-10-07,2024-12-31
dhan-data/candles/minute/NSE_EQ/CANBK/2025.parquet,1432075,9fabc41195e37bcd53d76b73073d66eac85bca48a9918aaf6ecd00c4f5b71277,93060,2025-01-01,2025-12-31
dhan-data/candles/minute/NSE_EQ/CANBK/2026.parquet,1057219,0a93a719459c351cd5c7ce10ecfec3fc83cd8494a47b569825e6d86749b9201b,69749,2026-01-01,2026-10-06
dhan-data/candles/minute/NSE_EQ/CDSL/2024.parquet,401210,ece85e543e46b2d455a85950eb00faeb477fb2f5ca7dc5c2ad42e48aad841fe4,21825,2024-10-07,2024-12-31
dhan-data/candles/minute/NSE_EQ/CDSL/2025.parquet,1430978,6f2fd97decb2a94a3ea3c105e01f06ec69b0eb30f6a99aebd06f78850f46d57b,93060,2025-01-01,2025-12-31
dhan-data/candles/minute/NSE_EQ/CDSL/2026.parquet,925430,264feded230b7f9ee3026d74342c4cedc8c3259affee6976b1ac45c5534546f4,69749,2026-01-01,2026-10-06
dhan-data/candles/minute/NSE_EQ/CGPOWER/2024.parquet,328035,e861bb86d9e4dfcc8122828887b2173153af4ea00908d8c5a867d930f8cdb9dc,21825,2024-10-07,2024-12-31
dhan-data/candles/minute/NSE_EQ/CGPOWER/2025.parquet,1270931,bc00b14d77cac73a49dc906c664816054079a6f0739dab4592d73118a0216a7d,93060,2025-01-01,2025-12-31
dhan-data/candles/minute/NSE_EQ/CGPOWER/2026.parquet,1031461,3d39fc8bf49e62843ca5e8b5d1522bf81b0d275135b370561e6358a45b385e86,69749,2026-01-01,2026-10-06
dhan-data/candles/minute/NSE_EQ/CHOLAFIN/2024.parquet,363208,d20e28d1b2868cf3a29b3abefd40e6401610f91abe422205b2e229fe2b4d73b4,21825,2024-10-07,2024-12-31
dhan-data/candles/minute/NSE_EQ/CHOLAFIN/2025.parquet,1351145,f07b5bec06a7d8c1139ae8be4f12f4b820b083f1ba427dbdb744e3aa77e1f30a,93060,2025-01-01,2025-12-31
dhan-data/candles/minute/NSE_EQ/CHOLAFIN/2026.parquet,985094,fdfd59e6c939e7f001a8058c0aead146b1884a75f7211b3fae3924e7648abb7c,69749,2026-01-01,2026-10-06
dhan-data/candles/minute/NSE_EQ/CIPLA/2024.parquet,352645,5a2cb594fc71d75777c6228e9453e694cb5159b0a4b14fedbda664f7271a8958,21825,2024-10-07,2024-12-31
dhan-data/candles/minute/NSE_EQ/CIPLA/2025.parquet,1231291,0a9dedc1dc39be0909bb4bf40a167c4f769a8a9dad6e0bceb76c5dc8e2b8d254,93060,2025-01-01,2025-12-31
dhan-data/candles/minute/NSE_EQ/CIPLA/2026.parquet,905875,30228f45f9a1072627e501a5c3b8699a08e02e95afb68fdcd2e70b8949bd394b,69749,2026-01-01,2026-10-06
dhan-data/candles/minute/NSE_EQ/COALINDIA/2024.parquet,321005,41dd18073a9a6af91c92a9a5943302cc371c6e485aff3f128c302f58d77bc8bd,21825,2024-10-07,2024-12-31
dhan-data/candles/minute/NSE_EQ/COALINDIA/2025.parquet,1179265,ec7edfd4a27becca07ea366b4be89d2e695455fcd3c4b89442caf2e8c62de53c,93060,2025-01-01,2025-12-31
dhan-data/candles/minute/NSE_EQ/COALINDIA/2026.parquet,943639,b27a88c1e0f1fbd1be8024e0e16628c6b939aa180d935c339bee3de84503961a,69749,2026-01-01,2026-10-06
dhan-data/candles/minute/NSE_EQ/COCHINSHIP/2024.parquet,296486,1b2851f17f8723fdb53b6c3a8b5c51663b8383c5dc15b576f0918d9c1b9d7de7,21825,2024-10-07,2024-12-31
dhan-data/candles/minute/NSE_EQ/COCHINSHIP/2025.parquet,1432711,89f6447ec227e5c460b1a8de529274b3706773cfef917eab2f90cfa15bd0f65c,93060,2025-01-01,2025-12-31
dhan-data/candles/minute/NSE_EQ/COCHINSHIP/2026.parquet,977016,024891649945262756d2f1a695b36d02fc5f1a1b73c0f6c86682a51b7cd0846c,69748,2026-01-01,2026-10-06
dhan-data/candles/minute/NSE_EQ/COFORGE/2024.parquet,371990,a547cb5bfa55a8a9f84d631bbc31e3d5f31692c234b6c2a6f6b54d819811690f,21825,2024-10-07,2024-12-31
dhan-data/candles/minute/NSE_EQ/COFORGE/2025.parquet,1396419,5112c3e984303a05e5febb59bdda8dc58a511ac20c587b2b7a861679cddee9f4,93060,2025-01-01,2025-12-31
dhan-data/candles/minute/NSE_EQ/COFORGE/2026.parquet,1059865,adafc2e3caa79d3b35e9390743096ff95a7a41f91cf8188e1be627ea7414cd5c,69749,2026-01-01,2026-10-06
dhan-data/candles/minute/NSE_EQ/COLPAL/2024.parquet,411557,97d8f384ad319e6931275a1465922be5eb7b0d84efccb74ef8995bc9c9dfddc0,21825,2024-10-07,2024-12-31
dhan-data/candles/minute/NSE_EQ/COLPAL/2025.parquet,1357282,22c1982af1abe1747d7ac5600a2900f7b60c3f33b2ad7ef2f13fd78332c1909f,93060,2025-01-01,2025-12-31
dhan-data/candles/minute/NSE_EQ/COLPAL/2026.parquet,953202,7f1dd0453a3b60562fc5439a116e814bd1160b04771b85ea448e6e37d12f621f,69749,2026-01-01,2026-10-06
dhan-data/candles/minute/NSE_EQ/CONCOR/2024.parquet,303295,9dbac770546910d14d99b2a35ea06e15dfed165ac44988abd6b3b0a3ed81308a,21825,2024-10-07,2024-12-31
dhan-data/candles/minute/NSE_EQ/CONCOR/2025.parquet,1189947,8261e18483f4dcf9d677fe9bb70af978737aa6f8bcea8a2713b71b6970755aef,93060,2025-01-01,2025-12-31
dhan-data/candles/minute/NSE_EQ/CONCOR/2026.parquet,891985,b1bb7b5e7242fd057cead1009d1c745281bcce7a1af0f0ff65e86644bb58e7a1,69749,2026-01-01,2026-10-06
dhan-data/candles/minute/NSE_EQ/CROMPTON/2024.parquet,295489,fcaf9e1f2419ecec437f5a0006ad6c8248ba79b263c197eeff3fe2477186b69a,21825,2024-10-07,2024-12-31
dhan-data/candles/minute/NSE_EQ/CROMPTON/2025.parquet,1159964,4b165851da22415e229fb44cdaf094600ac8e6ee9e1a65c37391a1237c89e859,93060,2025-01-01,2025-12-31
dhan-data/candles/minute/NSE_EQ/CROMPTON/2026.parquet,1003047,6b22c63228eeb625a4c1cc06f2d5fc615ff0a1c9a5f5f9f31e2b47e9c1804569,69749,2026-01-01,2026-10-06
dhan-data/candles/minute/NSE_EQ/CUMMINSIND/2024.parquet,386969,59eb10fc2699020c35c22826417ab23112052a8ccfe5ea8574458eda41b92c56,21825,2024-10-07,2024-12-31
dhan-data/candles/minute/NSE_EQ/CUMMINSIND/2025.parquet,1492771,5c72d57f4b271233ec2fd4dc078bbc00a13e101fb2cd9b5790946500f0897407,93060,2025-01-01,2025-12-31
dhan-data/candles/minute/NSE_EQ/CUMMINSIND/2026.parquet,1050254,912bcf530fd15ea4bc22046532eabe1e2cdf3185350d64ec8fb6732731242f6a,69749,2026-01-01,2026-10-06
dhan-data/candles/minute/NSE_EQ/DABUR/2024.parquet,297976,352ccbe8014ec3a9e01ca3824a8f21b5e1f5c51219137825c22b9424c0d72dbc,21825,2024-10-07,2024-12-31
dhan-data/candles/minute/NSE_EQ/DABUR/2025.parquet,1172210,588b51c1e46186a1c7531f16c561f55c6737838fa9c96b32755c37d26a6b0ae0,93060,2025-01-01,2025-12-31
dhan-data/candles/minute/NSE_EQ/DABUR/2026.parquet,883479,8eaa830a0d3aace4d886816f8038d1007cc6ed2f6d3d7a83c616f5a3425a3f00,69749,2026-01-01,2026-10-06
dhan-data/candles/minute/NSE_EQ/DELHIVERY/2024.parquet,299933,cd6f8feb61900f1d3e3dd903eba302cf8a3c951e8060847dbe8abf3224b8bbea,21825,2024-10-07,2024-12-31
dhan-data/candles/minute/NSE_EQ/DELHIVERY/2025.parquet,1312778,977067921ef6e8e2e19926c2d9ce211b8fdd90554e89bfc6281ca14d05a8b2c8,93060,2025-01-01,2025-12-31
dhan-data/candles/minute/NSE_EQ/DELHIVERY/2026.parquet,917730,ed61682c391afd478225249c31b21a186fc58903f2af0ff030b60871bae6cbe3,69749,2026-01-01,2026-10-06
dhan-data/candles/minute/NSE_EQ/DIVISLAB/2024.parquet,392261,a0e2921c8bff8790ba14caecaa000cca9545b2fefbff5be0a12be5a19c868d30,21825,2024-10-07,2024-12-31
dhan-data/candles/minute/NSE_EQ/DIVISLAB/2025.parquet,1359978,72b51139f9fbd396cf84c31395ea22131c8b8f4047c2c5b49716404a5d15a5ba,93060,2025-01-01,2025-12-31
dhan-data/candles/minute/NSE_EQ/DIVISLAB/2026.parquet,931048,696cbe3d4ef76dcceb4f0363b8de63a0cfe3902a348b473972e9495bb78ef0fb,69749,2026-01-01,2026-10-06
dhan-data/candles/minute/NSE_EQ/DIXON/2024.parquet,476211,8f3b683cd8138dc02827356ee4d3279cbb09383adb60e4ca3f2ccf61f6b12878,21825,2024-10-07,2024-12-31
dhan-data/candles/minute/NSE_EQ/DIXON/2025.parquet,1548541,c3865e062a63a183429c5c7a6d1d33ebe58cf49c8ebaa5500988290cf601f221,93060,2025-01-01,2025-12-31
dhan-data/candles/minute/NSE_EQ/DIXON/2026.parquet,951406,aae7bc904fbb55142823bee89d05491d82f4c7c4b764e5c7853306127194ad25,69749,2026-01-01,2026-10-06
dhan-data/candles/minute/NSE_EQ/DLF/2024.parquet,328274,f580388f2534f73dda5ec8a12185bdf5698bed3001099082a77b4f6dbf5405f7,21825,2024-10-07,2024-12-31
dhan-data/candles/minute/NSE_EQ/DLF/2025.parquet,1317883,8401fd21bffcfb0f126429f177786b8290a2fb89c2558ffb66e5e75af46efd7e,93060,2025-01-01,2025-12-31
dhan-data/candles/minute/NSE_EQ/DLF/2026.parquet,995983,a9fd3fd8c506981cce11b7fd3c488d13f57bc4e241e33ee6ba28f5d295ae4e52,69749,2026-01-01,2026-10-06
dhan-data/candles/minute/NSE_EQ/DMART/2024.parquet,411307,9d626fd7f4703601f1814c4ce8206894750cd0fd9ce4f6fdec390ab5687e3678,21825,2024-10-07,2024-12-31
dhan-data/candles/minute/NSE_EQ/DMART/2025.parquet,1470031,56959bdf733c159d7ec99c088d897840e3bf7e51f92ac2f4b16d3cda5be5eb45,93060,2025-01-01,2025-12-31
dhan-data/candles/minute/NSE_EQ/DMART/2026.parquet,1033386,05590731729eaade3e78307fb21a951e5cd00ec8d50d326788614b83f387c142,69749,2026-01-01,2026-10-06
dhan-data/candles/minute/NSE_EQ/DRREDDY/2024.parquet,333452,9eafd5a9d96f764c55e10cdd26645a9c5d995763a63c95b3aba56e01cab310c6,21825,2024-10-07,2024-12-31
dhan-data/candles/minute/NSE_EQ/DRREDDY/2025.parquet,1294604,7127f2f957babcda6ade55b32b21c4b614c634d3fb09091defcc0388e2eedcc1,93060,2025-01-01,2025-12-31
dhan-data/candles/minute/NSE_EQ/DRREDDY/2026.parquet,901393,f7298c5461632ad334619bf13fbfbff44c89ce21ce617eae8f97b69c7a26a832,69749,2026-01-01,2026-10-06
dhan-data/candles/minute/NSE_EQ/EICHERMOT/2024.parquet,364749,7f7678dd8bb3a628342b4da78ec5eea051628b8643cc059b6aa31c0dde4bb649,21825,2024-10-07,2024-12-31
dhan-data/candles/minute/NSE_EQ/EICHERMOT/2025.parquet,1376223,b8a8ee3964eac6a73fbab03de90d27b1d8266c694e178cebe7b23848a67463d5,93060,2025-01-01,2025-12-31
dhan-data/candles/minute/NSE_EQ/EICHERMOT/2026.parquet,891208,beed3176682c29f2e66831ec98efe18548afbc376877738bac19dd157d5ad344,69749,2026-01-01,2026-10-06
dhan-data/candles/minute/NSE_EQ/ENRIN/2025.parquet,751855,ce3abb4e1c350ffff897e91a6ac475f59059f1c1953ed04d5cd2b6da98e9e5aa,49911,2025-06-19,2025-12-31
dhan-data/candles/minute/NSE_EQ/ENRIN/2026.parquet,1113608,7578dbdeda86363edf8dcc96ebc7a98da2cace140d1e78567a46b459b2d906b7,70391,2026-01-01,2026-10-06
dhan-data/candles/minute/NSE_EQ/ETERNAL/2024.parquet,365986,a3476929db20b88e98d85a30d18f14d3fb55de1675910e025b1f19da28b4c2df,21825,2024-10-07,2024-12-31
dhan-data/candles/minute/NSE_EQ/ETERNAL/2025.parquet,1486819,b52018fd7d0cd8c7e357d30b3a7833957f7f0869d644d8005df6cca928469c8c,93060,2025-01-01,2025-12-31
dhan-data/candles/minute/NSE_EQ/ETERNAL/2026.parquet,1106991,a4e8849eaa3cdfd2db53c8de0362f095362ec06e14761076ae43014b74c0adb8,69749,2026-01-01,2026-10-06
dhan-data/candles/minute/NSE_EQ/FEDERALBNK/2024.parquet,350557,b3a252893e754dfc0890087e83cfe3db63ba95a30eb8efb662cee34a1378fa0f,21825,2024-10-07,2024-12-31
dhan-data/candles/minute/NSE_EQ/FEDERALBNK/2025.parquet,1367704,be803b63a2fb342d495ecb348843c6633f0e441b6577def1143fc4d095d4dcb5,93060,2025-01-01,2025-12-31
dhan-data/candles/minute/NSE_EQ/FEDERALBNK/2026.parquet,918132,80068fa874c8f0a34b39d80844656d8aff87e45e542b77b0c32e04da1f3bece5,69749,2026-01-01,2026-10-06
dhan-data/candles/minute/NSE_EQ/FORCEMOT/2024.parquet,398503,fdf280e773f17b1bd4f966b9c8765bf923280ccc11257d4a1653002fc4fcb076,21825,2024-10-07,2024-12-31
dhan-data/candles/minute/NSE_EQ/FORCEMOT/2025.parquet,1563023,083eda6dc13dee0b2ff20280283da5326d56fed3806f1203d21599300d95a17b,93060,2025-01-01,2025-12-31
dhan-data/candles/minute/NSE_EQ/FORCEMOT/2026.parquet,946543,8dab496a63c82fb87c7539661d5e7d7798947d4c487c888a7974b70d6c55f37c,69749,2026-01-01,2026-10-06
dhan-data/candles/minute/NSE_EQ/FORTIS/2024.parquet,309347,0f99f7b7ae689cf85827cbb365b2bb0b35c175057c77eedebd73a94b0141073b,21825,2024-10-07,2024-12-31
dhan-data/candles/minute/NSE_EQ/FORTIS/2025.parquet,1327945,d4d8d4ee6594b69718bba05151cf7ab3c79a57da4cd166587c11374d1fb28e1a,93060,2025-01-01,2025-12-31
dhan-data/candles/minute/NSE_EQ/FORTIS/2026.parquet,972989,1d50f34a6dacbc852515de9e32ffc33d1a93e97f1e377576b6644bcf5c9d5ee6,69749,2026-01-01,2026-10-06
dhan-data/candles/minute/NSE_EQ/GAIL/2024.parquet,380078,d0a15ee2f791e2865a3509ba614bff3022db3eb97e506ee224c60a68bc7cad8b,21825,2024-10-07,2024-12-31
dhan-data/candles/minute/NSE_EQ/GAIL/2025.parquet,1375890,b9e373003fc11400e252889e7ba38d0dc309e7e19bcd747462dcdd141bdcde78,93060,2025-01-01,2025-12-31
dhan-data/candles/minute/NSE_EQ/GAIL/2026.parquet,1017226,6255ca2f79db15c113b367fe7f35b8e718ff6659412f7c43b510d9170cdeceee,69750,2026-01-01,2026-10-06
dhan-data/candles/minute/NSE_EQ/GLENMARK/2024.parquet,355275,e5bf80b059e63f0494219acd538ed8fc1a8f05ad7b857bbf622772292f08643b,21825,2024-10-07,2024-12-31
dhan-data/candles/minute/NSE_EQ/GLENMARK/2025.parquet,1377726,cd7fab85e57ffa7be58179278041e251b942eaf66c753fcaa8f78f644a867820,93060,2025-01-01,2025-12-31
dhan-data/candles/minute/NSE_EQ/GLENMARK/2026.parquet,971291,1768f48916eed66f6586074edf1fa1813c417a320e9d295e8c0aa2b76c40c373,69750,2026-01-01,2026-10-06
dhan-data/candles/minute/NSE_EQ/GMRAIRPORT/2024.parquet,326684,bc3747db537f91d6a5c88b499ba7976c1a4fb3be7b0fc500e5f9d1294a69efa1,21825,2024-10-07,2024-12-31
dhan-data/candles/minute/NSE_EQ/GMRAIRPORT/2025.parquet,1282350,ccab9f36a12bcfad26bd6906afdbb83b783c30afbb96c0fc495cc953e54586af,93060,2025-01-01,2025-12-31
dhan-data/candles/minute/NSE_EQ/GMRAIRPORT/2026.parquet,984707,c89f27d755b274598bf6af5b685a98c97c7e5c82dd88076dae60113503d9f6d4,69750,2026-01-01,2026-10-06
dhan-data/candles/minute/NSE_EQ/GODFRYPHLP/2024.parquet,378470,a8a7634d7bf6c49069770c6e27a9e2cf779915a39e90923ad443e6e9c22fd628,21825,2024-10-07,2024-12-31
dhan-data/candles/minute/NSE_EQ/GODFRYPHLP/2025.parquet,1512343,bbf1a9f36fb0fb763e485e796f0c27a800c2e51a94abc734b16ce52d5e02c3d5,93060,2025-01-01,2025-12-31
dhan-data/candles/minute/NSE_EQ/GODFRYPHLP/2026.parquet,995011,ef843026b8bf6029cdb9a42883ca918a9dc3d7a4b60f63aa5d0b9ecfc39d2b4e,69750,2026-01-01,2026-10-06
dhan-data/candles/minute/NSE_EQ/GODREJCP/2024.parquet,349486,07fd85436ea593416205140123317a8cdd8fe993fc9e5ac7c54e59309bba3f96,21825,2024-10-07,2024-12-31
dhan-data/candles/minute/NSE_EQ/GODREJCP/2025.parquet,1277249,7ba0cca7083b9c3f5905d4890c7772a7e43939152fe8bb48673b3c7780d3e5ae,93060,2025-01-01,2025-12-31
dhan-data/candles/minute/NSE_EQ/GODREJCP/2026.parquet,951771,c147e872ddd51b84cc3cc926275d7efe4f0d9d2a197ce9962764b77ac1a5a21b,69750,2026-01-01,2026-10-06
dhan-data/candles/minute/NSE_EQ/GODREJPROP/2024.parquet,384078,2c2015dc01d84e237185884f56f9680b16759f4a4bebc6b7ebcf7b53d5378a1f,21825,2024-10-07,2024-12-31
dhan-data/candles/minute/NSE_EQ/GODREJPROP/2025.parquet,1409199,34ff2e5cfafbbaa33b68e6be9eb9d10a976c0830140a5ab448c09fdba937b310,93060,2025-01-01,2025-12-31
dhan-data/candles/minute/NSE_EQ/GODREJPROP/2026.parquet,1002821,eb08cc067a234b0b9e63ee8116f526cf43d0eef1bace2fbbe1d081d4af0a7b60,69750,2026-01-01,2026-10-06
dhan-data/candles/minute/NSE_EQ/GRASIM/2024.parquet,355169,2da40cabfcde282c22db589a203cdbb9fd6632e0a8b603245ded95af268daa8d,21825,2024-10-07,2024-12-31
dhan-data/candles/minute/NSE_EQ/GRASIM/2025.parquet,1333332,97cc12074c2a38ec7cbd5ae86cd5dcfdc1449ee00cf5325991373bf8f596bd51,93060,2025-01-01,2025-12-31
dhan-data/candles/minute/NSE_EQ/GRASIM/2026.parquet,996509,4ebb2b45532a7d0dede8e5221dd35a8682256dce03121185dbe0f03ab690e8cf,69750,2026-01-01,2026-10-06
dhan-data/candles/minute/NSE_EQ/GVT_D/2024.parquet,314481,26b2ea843c7be1c55d2769a13db8f0761c298ff3cc28ae505647cbd8307d14c6,21765,2024-10-07,2024-12-31
dhan-data/candles/minute/NSE_EQ/GVT_D/2025.parquet,1440639,b6a6439b04670a0e7f32f55c06918002f500dd8ac5d178279b8113844c69b18e,93060,2025-01-01,2025-12-31
dhan-data/candles/minute/NSE_EQ/GVT_D/2026.parquet,1158073,653683ce906e52f72e6054baf3a1d998cc7ff5a4c77a29d6f581f1a099b5ae4f,69750,2026-01-01,2026-10-06
dhan-data/candles/minute/NSE_EQ/HAL/2024.parquet,411418,d2df37c9d3a6d65455ca99fc24596150cfb4cf8722413a0e7c7e451a7b6f9183,21825,2024-10-07,2024-12-31
dhan-data/candles/minute/NSE_EQ/HAL/2025.parquet,1570070,d1aef7593b784728f645e4d899c54c539198addb0d6a9e4ddf85aa7d43fde0b4,93060,2025-01-01,2025-12-31
dhan-data/candles/minute/NSE_EQ/HAL/2026.parquet,1105022,4ad97c00f11c33397ddbe3fe1b115cc03066aa35af878478fffcb33b242883c5,69750,2026-01-01,2026-10-06
dhan-data/candles/minute/NSE_EQ/HAVELLS/2024.parquet,351368,394258bd33b20b86d484e5fe195d7da2de68d0f2adad90d049da3dbcdfcf95d2,21825,2024-10-07,2024-12-31
dhan-data/candles/minute/NSE_EQ/HAVELLS/2025.parquet,1287096,0eb0e20186e9cb647b575e658b6bd8ec624f55a22f2ab860746f549ebd5edbe1,93060,2025-01-01,2025-12-31
dhan-data/candles/minute/NSE_EQ/HAVELLS/2026.parquet,922402,1fc494a8b2f00f8108fe33cd85586ae6a9549cba56e9f626bcabb977757750a4,69750,2026-01-01,2026-10-06
dhan-data/candles/minute/NSE_EQ/HCLTECH/2024.parquet,336005,9bf9beb9f570c6fb2ff548dca48eb9c3005fbb306fed1f8d560b5d22cc43fd83,21825,2024-10-07,2024-12-31
dhan-data/candles/minute/NSE_EQ/HCLTECH/2025.parquet,1375965,0ebbf23cb9847d89c77981e0350579b6bb7cca7e15dd4cec07fc0e33354e532a,93060,2025-01-01,2025-12-31
dhan-data/candles/minute/NSE_EQ/HCLTECH/2026.parquet,1013536,bd2786f0408fa5f3b118384df44e7ed275513dfffb023cbde1b1d142a6f39ffc,69750,2026-01-01,2026-10-06
dhan-data/candles/minute/NSE_EQ/HDFCAMC/2024.parquet,345124,5f842024b32862304a4845fe16260949d80a01add2434c563557d2db20e7d849,21825,2024-10-07,2024-12-31
dhan-data/candles/minute/NSE_EQ/HDFCAMC/2025.parquet,1386829,daf2a18552a51aea614e8cb54f0cf060c4c399b0e83432be3b82337a5f76d23e,93060,2025-01-01,2025-12-31
dhan-data/candles/minute/NSE_EQ/HDFCAMC/2026.parquet,993313,cea7fa66db9b0c0bc72ab10d86512e631b0ad8402effb6979f09e165d8847a07,69750,2026-01-01,2026-10-06
dhan-data/candles/minute/NSE_EQ/HDFCBANK/2024.parquet,340255,378d2b01d72468987699dbc8a39331e952e4e30998e8837a6c4aa41adb795a1d,21825,2024-10-07,2024-12-31
dhan-data/candles/minute/NSE_EQ/HDFCBANK/2025.parquet,1300994,4895e2af52526b43ebbd3ff070005bdb78501cfffadff8723a0030f665652f19,93060,2025-01-01,2025-12-31
dhan-data/candles/minute/NSE_EQ/HDFCBANK/2026.parquet,1112107,c1b06cf7cd979a032015103860f4fd5f54923ff78dfc6795b135a3218ba77de5,69750,2026-01-01,2026-10-06
dhan-data/candles/minute/NSE_EQ/HDFCLIFE/2024.parquet,319446,cf77d18db50e45998116b74f5ea88ffc545932e7479766f9fdddc5f637c177a0,21825,2024-10-07,2024-12-31
dhan-data/candles/minute/NSE_EQ/HDFCLIFE/2025.parquet,1270501,a8f60bbf76dcd3434bd6eafb9933b1398f3661ae152f6abe8b2b638d3b6a9754,93060,2025-01-01,2025-12-31
dhan-data/candles/minute/NSE_EQ/HDFCLIFE/2026.parquet,978652,687987f61ee89a30b2442e0c8917ac5bec201b72b4e20943ccd7fa8fe185917a,69750,2026-01-01,2026-10-06
dhan-data/candles/minute/NSE_EQ/HEROMOTOCO/2024.parquet,427357,ea98967300d1882bd5e48ab6d08b1cf478e2435764693429bfdf7c72d72fa139,21825,2024-10-07,2024-12-31
dhan-data/candles/minute/NSE_EQ/HEROMOTOCO/2025.parquet,1490177,f7c40df0c8d44466309c0d3b341b8e5e2bd561a9d44706bd5bd09118a209b4e2,93060,2025-01-01,2025-12-31
dhan-data/candles/minute/NSE_EQ/HEROMOTOCO/2026.parquet,935348,d886accedb94d46de725da0b5f33dcd73c504488fa006dbbfc682f76589724c4,69750,2026-01-01,2026-10-06
dhan-data/candles/minute/NSE_EQ/HINDALCO/2024.parquet,329742,0753d7f5076f9333cf7efc504830ab471e8cee33b2269ffa60476b7e9db71b96,21825,2024-10-07,2024-12-31
dhan-data/candles/minute/NSE_EQ/HINDALCO/2025.parquet,1315725,5d0be0528c617e8374eb6597c444ae899c498ac4b2a3f40517c4fc661fe7b21c,93060,2025-01-01,2025-12-31
dhan-data/candles/minute/NSE_EQ/HINDALCO/2026.parquet,1021033,493293cb67fd5697f243b9a4fb8e1cc0f312df90dd4e7e9c5202a056fd75fa0d,69750,2026-01-01,2026-10-06
dhan-data/candles/minute/NSE_EQ/HINDPETRO/2024.parquet,312032,6998e076b8f9d4618449d6ccfd68e89efac7d0a67c0474bde56802e9d04312dd,21825,2024-10-07,2024-12-31
dhan-data/candles/minute/NSE_EQ/HINDPETRO/2025.parquet,1242973,6919b95e4e902379fbe6dec8930b01e1450585b7d452ac79f04d8602e42569dc,93060,2025-01-01,2025-12-31
dhan-data/candles/minute/NSE_EQ/HINDPETRO/2026.parquet,941725,f0039f066ad6e4fdfe8df9de34da7f50f7977ae717c171ae0d870a13636d832e,69750,2026-01-01,2026-10-06
dhan-data/candles/minute/NSE_EQ/HINDUNILVR/2024.parquet,370829,4ad3744b00b3027531a2dc72b03049804d7d59b7bd7219b720e8e327f82b29b6,21825,2024-10-07,2024-12-31
dhan-data/candles/minute/NSE_EQ/HINDUNILVR/2025.parquet,1347882,0c8bf0f3ef1a5e901dbe2cb8a9a76fe93ee01efa223617c6e9bb1aedbe543b31,93031,2025-01-01,2025-12-31
dhan-data/candles/minute/NSE_EQ/HINDUNILVR/2026.parquet,989988,e743b55ed612782f64388a513a62a26685d15f73cc73522479b7987b8f49268a,69750,2026-01-01,2026-10-06
dhan-data/candles/minute/NSE_EQ/HINDZINC/2024.parquet,304948,2f7672afab1f24dd4d6cc34e94280ca7a578c05b7bc26a447509ca6079eb8daa,21825,2024-10-07,2024-12-31
dhan-data/candles/minute/NSE_EQ/HINDZINC/2025.parquet,1247109,3b741a7fed12794396ae2fc4dc9f76fb2236a3d530c45a89a28ee88d5db55a6e,93060,2025-01-01,2025-12-31
dhan-data/candles/minute/NSE_EQ/HINDZINC/2026.parquet,1029201,2e5b50f3bdb3b4a78f630afb2bc17421ffd9e283b047301a2362e275f0c92c6b,69750,2026-01-01,2026-10-06
dhan-data/candles/minute/NSE_EQ/HYUNDAI/2024.parquet,268492,8d4bd25b238b61ddd006236be8de71bbedec57fa5eaba164e2b9f8c67e3e0c30,17664,2024-10-22,2024-12-31
dhan-data/candles/minute/NSE_EQ/HYUNDAI/2025.parquet,1391175,f75c1c69b6fd37d28e5582e559d7aedef577263e2656101261b4f1fea5ba2a60,93060,2025-01-01,2025-12-31
dhan-data/candles/minute/NSE_EQ/HYUNDAI/2026.parquet,977489,7c73e6bb44db338d55c709865ab3253da1823d8149b7347b98c350beab5a96f1,69750,2026-01-01,2026-10-06
dhan-data/candles/minute/NSE_EQ/ICICIBANK/2024.parquet,340304,358d547f4bd7d26b6c56cb455050e5f1621d2ecd708250feca1cbdae910093d4,21825,2024-10-07,2024-12-31
dhan-data/candles/minute/NSE_EQ/ICICIBANK/2025.parquet,1340748,60ae2652c6a05e7400ccad1fd10466a792405b580913b7882869afb72e1f63b7,93060,2025-01-01,2025-12-31
dhan-data/candles/minute/NSE_EQ/ICICIBANK/2026.parquet,984964,b2a3386b1c6293617257d002a71a16568db4f51e119d17df8f86844865190f81,69750,2026-01-01,2026-10-06
dhan-data/candles/minute/NSE_EQ/ICICIGI/2024.parquet,354251,bb949982e367d74c58d0842305d0dca41fc82ed7376f31a0112ef2e37266d283,21825,2024-10-07,2024-12-31
dhan-data/candles/minute/NSE_EQ/ICICIGI/2025.parquet,1293977,48633df372004070ebd30e5fa07fa07e1dd6ac7f33bd77c5212767d5ca4465ce,93060,2025-01-01,2025-12-31
dhan-data/candles/minute/NSE_EQ/ICICIGI/2026.parquet,946626,df70da3e9ceb9f40391da7898848043245bf043da4d97e8989fbe10977c1725c,69750,2026-01-01,2026-10-06
dhan-data/candles/minute/NSE_EQ/ICICIPRULI/2024.parquet,303331,adefd8a3e252252ebf1ac47ae5ee775a5511b6457be83472d7a34d530ce2ca00,21825,2024-10-07,2024-12-31
dhan-data/candles/minute/NSE_EQ/ICICIPRULI/2025.parquet,1178276,44f23cf7a63eb642567356b510f6b7f8a5b3268282d45a134c69b0203db5d119,93060,2025-01-01,2025-12-31
dhan-data/candles/minute/NSE_EQ/ICICIPRULI/2026.parquet,963097,916e8fcdb211fca3f824aabbd084eaa65d1815ff9b4e2dabd953e4e35ce60577,69750,2026-01-01,2026-10-06
dhan-data/candles/minute/NSE_EQ/IDEA/2024.parquet,287012,6cce6642d86bb491f5c35d805b0ea3bb49c62402cbd34e2b6a87284fbdb3ee49,21825,2024-10-07,2024-12-31
dhan-data/candles/minute/NSE_EQ/IDEA/2025.parquet,1213309,b67077ed861f4f446c64d30771ceb0e934f5ecfefd9612f680298e78b8a72089,93060,2025-01-01,2025-12-31
dhan-data/candles/minute/NSE_EQ/IDEA/2026.parquet,924999,31ff03ba371c15b54ba37df7d13ebdd8b14a2927f972288b378e6782b8171457,69750,2026-01-01,2026-10-06
dhan-data/candles/minute/NSE_EQ/IDFCFIRSTB/2024.parquet,330295,ea927cc07fe8e12df17aab771b5f3e5d89b50a6d4e0213c2e415cc320d135dc2,21825,2024-10-07,2024-12-31
dhan-data/candles/minute/NSE_EQ/IDFCFIRSTB/2025.parquet,1318063,1cd47bcc74a9bbb0dc9aea6b04a55ef7b575eae76cbb209365e644aa2e7dc08c,93060,2025-01-01,2025-12-31
dhan-data/candles/minute/NSE_EQ/IDFCFIRSTB/2026.parquet,999405,7da435034ead622772321cfa365f9fde78f279d3b058fc002661c972b384c4dc,69750,2026-01-01,2026-10-06
dhan-data/candles/minute/NSE_EQ/IEX/2024.parquet,360356,2d3b4d6ce2818492e8af4ea089a2fc1caa7a8ed1262942cbd84bd3df1e549a33,21825,2024-10-07,2024-12-31
dhan-data/candles/minute/NSE_EQ/IEX/2025.parquet,1385177,b5b53693792ef2f226ec840ad46880ccb1bb3eb8ce7769097aa158475cf77886,93060,2025-01-01,2025-12-31
dhan-data/candles/minute/NSE_EQ/IEX/2026.parquet,971348,98ab83fc08bc4fd4a581b3ced425f78e19e3bc4a7f3953b63dba59c8bb261136,69750,2026-01-01,2026-10-06
dhan-data/candles/minute/NSE_EQ/INDHOTEL/2024.parquet,340797,8c7ec2f6454d9df2969fea37fe61ee9525d7bce144fe2b6bca993d5e23cd24c9,21825,2024-10-07,2024-12-31
dhan-data/candles/minute/NSE_EQ/INDHOTEL/2025.parquet,1235225,4560b46a6208a29b05389a657bdfed1947bd440d95110938f33c003279b81b9c,93060,2025-01-01,2025-12-31
dhan-data/candles/minute/NSE_EQ/INDHOTEL/2026.parquet,926107,a9e0c37c7481e6654eb337f1e34f8982c8b65d371a98a02f4892fb3d7d5b097b,69751,2026-01-01,2026-10-06
dhan-data/candles/minute/NSE_EQ/INDIANB/2024.parquet,303565,b4541602b4acb31985dcbc8148327bc9b4c10298f3e8608a8e2ff5f63e2eaf8a,21825,2024-10-07,2024-12-31
dhan-data/candles/minute/NSE_EQ/INDIANB/2025.parquet,1273775,91d7849c0f74536a70f4905f8e80aaa8ff41dcda17b9d71d26027fb94fe90d8f,93060,2025-01-01,2025-12-31
dhan-data/candles/minute/NSE_EQ/INDIANB/2026.parquet,963254,8b69b684551814f58a079966d2e338619402cdb992bbce40b04a669373d2b180,69751,2026-01-01,2026-10-06
dhan-data/candles/minute/NSE_EQ/INDIGO/2024.parquet,418074,a6c4aa774c19a0d294f6c7d647f526f3b68c255e35b9ec57cd57a62f5c1ef15e,21825,2024-10-07,2024-12-31
dhan-data/candles/minute/NSE_EQ/INDIGO/2025.parquet,1405254,2d0b0af6e82bd0ca8c283ffa24d7ebdb8f3226547d8cfdd34dd245d352e72d10,93060,2025-01-01,2025-12-31
dhan-data/candles/minute/NSE_EQ/INDIGO/2026.parquet,1048694,5f01da0570f6eb0a90ec7d5eec9daeac27594d215fb01b1bef64e050ba25a61a,69751,2026-01-01,2026-10-06
dhan-data/candles/minute/NSE_EQ/INDUSINDBK/2024.parquet,363137,453a32055d4377b045fd343527e0bb0d3fb6bbc7b5c5b887be7879eb09952482,21825,2024-10-07,2024-12-31
dhan-data/candles/minute/NSE_EQ/INDUSINDBK/2025.parquet,1371517,64bb7486ceb1c064e19f671ac9f22fed14c74e028db95dc26b416f459f275e0e,93060,2025-01-01,2025-12-31
dhan-data/candles/minute/NSE_EQ/INDUSINDBK/2026.parquet,990218,92bbef424deba51e4f52a372204dcde49f3bd5d551466dfb32f52477b921494d,69751,2026-01-01,2026-10-06
dhan-data/candles/minute/NSE_EQ/INDUSTOWER/2024.parquet,313794,86863eaaf47f797b6bd74411a2bf2fec8ecf9b09d3036d5e38448a8cd86abf7e,21825,2024-10-07,2024-12-31
dhan-data/candles/minute/NSE_EQ/INDUSTOWER/2025.parquet,1228600,8399a673c875fec4722ed8012326bfab39e0359fff1c9d07b00927d29a9ff428,93060,2025-01-01,2025-12-31
dhan-data/candles/minute/NSE_EQ/INDUSTOWER/2026.parquet,923139,ca7945f65bfb7f977acac37efadea561a143bdbde15c5969528ee411f9cdf251,69751,2026-01-01,2026-10-06
dhan-data/candles/minute/NSE_EQ/INFY/2024.parquet,363041,388b6b1b26f4e43891c098e52e85a1af79792944bc9009db3ccf648da3bf3415,21825,2024-10-07,2024-12-31
dhan-data/candles/minute/NSE_EQ/INFY/2025.parquet,1420519,53dad658ba57800b0f0d24a75e16cda2066941a4dddfcf7eeaa4e4c62c03a523,93060,2025-01-01,2025-12-31
dhan-data/candles/minute/NSE_EQ/INFY/2026.parquet,1069551,82bec5bf883ad212ed064a80ef5ac72dbf646b3722f6ddd88eeb721608914a03,69751,2026-01-01,2026-10-06
dhan-data/candles/minute/NSE_EQ/INOXWIND/2024.parquet,362807,008e1f34c41cb3368c8112d4ce54e16ea01f4e9d717f9f4a759eac8d79849770,21825,2024-10-07,2024-12-31
dhan-data/candles/minute/NSE_EQ/INOXWIND/2025.parquet,1403481,6785bfc850daba8eb98adde51becb5ffbb8e087ca216c70368c7628144989fd2,93060,2025-01-01,2025-12-31
dhan-data/candles/minute/NSE_EQ/INOXWIND/2026.parquet,1076274,ea6a15e813270cb0917e3780fc859e4d8a6377c5d6d96074c27b9ec6b2361050,69751,2026-01-01,2026-10-06
dhan-data/candles/minute/NSE_EQ/IOC/2024.parquet,355081,44c7985fc82c460dd8d7e044429a133d30b4f290404cf478483bebf6b322c062,21825,2024-10-07,2024-12-31
dhan-data/candles/minute/NSE_EQ/IOC/2025.parquet,1385406,05c5038e78e19795ea5130fe7663025e8a63b8580c61d5b67e1d4da7f73e9461,93060,2025-01-01,2025-12-31
dhan-data/candles/minute/NSE_EQ/IOC/2026.parquet,1066607,da4c51f47ed9da92b84966d5a54f8d3c8191615aa9f2666df3d2acc2910ce627,69751,2026-01-01,2026-10-06
dhan-data/candles/minute/NSE_EQ/IREDA/2024.parquet,366838,fb262fe530d08b612f60170e361da910ee52e7d6185bf1c126e8b0f295813fff,21825,2024-10-07,2024-12-31
dhan-data/candles/minute/NSE_EQ/IREDA/2025.parquet,1440669,466dfc2540128e1a90f4a1f4e0dc8ae086f2d6ed7439f2fe0e7c01faa9c37bd6,93060,2025-01-01,2025-12-31
dhan-data/candles/minute/NSE_EQ/IREDA/2026.parquet,986904,219a453e09e591ddb288f8071cac148e3beb89572bc776f5fafacf0b3d9fc1f5,69751,2026-01-01,2026-10-06
dhan-data/candles/minute/NSE_EQ/IRFC/2024.parquet,351167,f6ef8ec6abceb647530c5a8facfe6841b4b0cecadcdc0611d923fa1384ab0726,21825,2024-10-07,2024-12-31
dhan-data/candles/minute/NSE_EQ/IRFC/2025.parquet,1392961,c4d13d3640dad8ed873a08f6e31205b42c23be3edcf731ec64f42df806550736,93060,2025-01-01,2025-12-31
dhan-data/candles/minute/NSE_EQ/IRFC/2026.parquet,1013293,6c7408dd8a4a4f29a7972c9b832e88beb85f8abc4dae87a3554493359aced9d8,69751,2026-01-01,2026-10-06
dhan-data/candles/minute/NSE_EQ/ITC/2024.parquet,315068,311bccb5218d7d8770c3ec33bbf82a7c4b731c2a0549b2a7b0ead487d2b916f2,21825,2024-10-07,2024-12-31
dhan-data/candles/minute/NSE_EQ/ITC/2025.parquet,1233245,d6d53a8951e6ffbcdf9613f59467942c6b74bbe6123cb391915c8fd6c95feb85,93036,2025-01-01,2025-12-31
dhan-data/candles/minute/NSE_EQ/ITC/2026.parquet,945949,aa7dfcd5aa0e07a26cb68e7def44a4eae7124cc2432c1129098ede64b5f5ad2e,69751,2026-01-01,2026-10-06
dhan-data/candles/minute/NSE_EQ/JINDALSTEL/2024.parquet,323840,680506a262a7da2e5f131202ed95091386a2a250b27b9f6346af828b429c8242,21825,2024-10-07,2024-12-31
dhan-data/candles/minute/NSE_EQ/JINDALSTEL/2025.parquet,1305647,4fe9d27cfac73403ca5527d17cebdec69dc4e16fe59195eab3418dcaa56f3b4b,93060,2025-01-01,2025-12-31
dhan-data/candles/minute/NSE_EQ/JINDALSTEL/2026.parquet,904253,5727637d8fc616ade2d6044881d9e63468dfa4a40b75ce857d9d23f589bb5ba9,69751,2026-01-01,2026-10-06
dhan-data/candles/minute/NSE_EQ/JIOFIN/2024.parquet,302410,ceb12a4563adc2d64810ab8e5eb102a931dbed8f3bf5cdd80a6a2ab8666e1155,21825,2024-10-07,2024-12-31
dhan-data/candles/minute/NSE_EQ/JIOFIN/2025.parquet,1392057,3998641c7768f5d51d78384f17b526d1c464b175e68cdb2ecd592da59a6cf1e8,93060,2025-01-01,2025-12-31
dhan-data/candles/minute/NSE_EQ/JIOFIN/2026.parquet,1032125,5ef9abc31028241603509d31348b36a6b477132603ad6937a2d48f6ac5b2b7e4,69751,2026-01-01,2026-10-06
dhan-data/candles/minute/NSE_EQ/JSWENERGY/2024.parquet,316955,b3a50e8810e3df1f7afedb767fb37019bb62b599f5e77c981f2fa5544fb0a394,21825,2024-10-07,2024-12-31
dhan-data/candles/minute/NSE_EQ/JSWENERGY/2025.parquet,1235922,6dde3926f4251ef5108fefa198665143b10c1e547e6fa4e73fcbd70c56f7dce7,93060,2025-01-01,2025-12-31
dhan-data/candles/minute/NSE_EQ/JSWENERGY/2026.parquet,930395,ddc0f9bba64d38aba2645461962dfeae6754b6eaea27887d69b6cd71a0aaf33e,69751,2026-01-01,2026-10-06
dhan-data/candles/minute/NSE_EQ/JSWSTEEL/2024.parquet,315626,7abcf946bfef966f06d0518ba16f3f8ca77a56f7600bb9150331777bfe6f4311,21825,2024-10-07,2024-12-31
dhan-data/candles/minute/NSE_EQ/JSWSTEEL/2025.parquet,1256352,690267a325bd4b8d352953b6589ef7584bd72fce421c2bb7fbb556b6b5568022,93060,2025-01-01,2025-12-31
dhan-data/candles/minute/NSE_EQ/JSWSTEEL/2026.parquet,892420,a90552382d5ba1005dfeca47a92bee84ce7f75d0b167eff6621aa1c0c40de34d,69751,2026-01-01,2026-10-06
dhan-data/candles/minute/NSE_EQ/JUBLFOOD/2024.parquet,322915,7c0ba61cb12794795d3db03a4b8682e908f43679e9f8b56a0c673d6f59ebf470,21825,2024-10-07,2024-12-31
dhan-data/candles/minute/NSE_EQ/JUBLFOOD/2025.parquet,1246689,e460fec48f570a03cd75eb20888f88d8199f7000abc119716798f155fed344df,93060,2025-01-01,2025-12-31
dhan-data/candles/minute/NSE_EQ/JUBLFOOD/2026.parquet,917435,c330db6ba4a68332ba2d983da4da59f4a5c4d431b053afdef9be5fce52aebbb0,69751,2026-01-01,2026-10-06
dhan-data/candles/minute/NSE_EQ/KALYANKJIL/2024.parquet,330258,600c93762d52c944cd4881f5a94f6dd7afb6da721beb344e6485136487b3ffd4,21825,2024-10-07,2024-12-31
dhan-data/candles/minute/NSE_EQ/KALYANKJIL/2025.parquet,1368111,c2db5276915f897c4633bd94bd768cfaee36be062b30968141df7ffa0698923f,93060,2025-01-01,2025-12-31
dhan-data/candles/minute/NSE_EQ/KALYANKJIL/2026.parquet,1039607,0fd390c235f1947a390af6fe70f5fc2a713187a9883dd76aa765d3e75d91b723,69751,2026-01-01,2026-10-06
dhan-data/candles/minute/NSE_EQ/KAYNES/2024.parquet,450381,4b217870a57b5a70a0986f5c0de2eb60a74f3a93a68eecd46e4033ec53cf60e5,21825,2024-10-07,2024-12-31
dhan-data/candles/minute/NSE_EQ/KAYNES/2025.parquet,1559492,f4d0b67cf2215858bdbc80ee6a8a9cc987ff2013e0f27e6089d95d53b58a7364,93060,2025-01-01,2025-12-31
dhan-data/candles/minute/NSE_EQ/KAYNES/2026.parquet,1104864,8a24082ce05e80d18b50fd56e64efd784a7f2589a0c5c644c50aec44212778ce,69751,2026-01-01,2026-10-06
dhan-data/candles/minute/NSE_EQ/KEI/2024.parquet,410540,85cb494523196e154ca4179ff46fb3bb4534d49e576504ff4c8bd512b818a52f,21825,2024-10-07,2024-12-31
dhan-data/candles/minute/NSE_EQ/KEI/2025.parquet,1549100,d978629ffa55d516e47c6fadee596d032747236afea029a723f9840d43cc1378,93060,2025-01-01,2025-12-31
dhan-data/candles/minute/NSE_EQ/KEI/2026.parquet,1097955,ebaaf13415dbecb7b712b3f98c442b218973a50c0ab4099ea7895783c74b8c4a,69751,2026-01-01,2026-10-06
dhan-data/candles/minute/NSE_EQ/KFINTECH/2024.parquet,375158,2e2e3e79cde3e79e95e713a1675b2638883e490a527bc69e97e8fe570ee9d9f0,21825,2024-10-07,2024-12-31
dhan-data/candles/minute/NSE_EQ/KFINTECH/2025.parquet,1374382,645476fff50361148776c3dfa7390e4f12756717485ad6489174fc35f53cca87,93060,2025-01-01,2025-12-31
dhan-data/candles/minute/NSE_EQ/KFINTECH/2026.parquet,964379,0bbcb20b600dd0fe059c8b4acce68ad0e00e14a4182d1679a6969d704601dbe1,69751,2026-01-01,2026-10-06
dhan-data/candles/minute/NSE_EQ/KOTAKBANK/2024.parquet,289880,26f9655b06fe1ccbc4602f38cdefe6d0f1bd61a9d246a6a02998168ee5d2207d,21825,2024-10-07,2024-12-31
dhan-data/candles/minute/NSE_EQ/KOTAKBANK/2025.parquet,1170691,2d00e3542c5ddf760deb5c002fb2b64882a762b1dab999da8bb7acf955bd94f3,93060,2025-01-01,2025-12-31
dhan-data/candles/minute/NSE_EQ/KOTAKBANK/2026.parquet,973086,e920096c2572216188d516e700ddb642cffc0b6f8267f294279ce2f0c1fd0416,69751,2026-01-01,2026-10-06
dhan-data/candles/minute/NSE_EQ/KPITTECH/2024.parquet,369668,a48750b979c47d6940de35e83ccd1cd8913088481f2366bfeb98c7b5046cabc7,21825,2024-10-07,2024-12-31
dhan-data/candles/minute/NSE_EQ/KPITTECH/2025.parquet,1311166,b8da09331e83b73ab4e6744e06e2e6886d42d5437bd4a60144a5d8de5cd8e7bd,93060,2025-01-01,2025-12-31
dhan-data/candles/minute/NSE_EQ/KPITTECH/2026.parquet,1046242,a2d69ef67cd501077a1c87f41366c440d10c7808b200650e91d15a91bc3b2b0b,69751,2026-01-01,2026-10-06
dhan-data/candles/minute/NSE_EQ/LAURUSLABS/2024.parquet,321168,f80872749da053065abd52ff803c461dfa681a2a77ba9f69f92a12ed6f44aad8,21825,2024-10-07,2024-12-31
dhan-data/candles/minute/NSE_EQ/LAURUSLABS/2025.parquet,1336828,8f3424f868629e00bdffa8c7f2e2c089b85c7bf7e05f63bc8ee1ad6b07ed7a90,93060,2025-01-01,2025-12-31
dhan-data/candles/minute/NSE_EQ/LAURUSLABS/2026.parquet,1056018,9cbb7613206f8d47e009d6e74081b57bf0ec8d1cc6e9a40b3c8ae0b8f74e1883,69751,2026-01-01,2026-10-06
dhan-data/candles/minute/NSE_EQ/LICHSGFIN/2024.parquet,294531,0e3ddfb21c29304937ca0bea3c8108655d290630057f383aeb968484d9b3e088,21825,2024-10-07,2024-12-31
dhan-data/candles/minute/NSE_EQ/LICHSGFIN/2025.parquet,1177174,823bc35dbb46f1a3ce6e254456b404683aec570f8868cc6eebc60d6c8214095f,93060,2025-01-01,2025-12-31
dhan-data/candles/minute/NSE_EQ/LICHSGFIN/2026.parquet,895809,546fe0635c6aa9c83f0e085b1c57485571f4869287cdd3e5816bf7fe067b2504,69751,2026-01-01,2026-10-06
dhan-data/candles/minute/NSE_EQ/LICI/2024.parquet,283982,87e3fd5b451a360a7c5900bbcee09d530672f1a1f1f151ce684a5448c51da603,21825,2024-10-07,2024-12-31
dhan-data/candles/minute/NSE_EQ/LICI/2025.parquet,1113501,07e9709acafb49dc6c148672bf0ee1085c3f1c12c4a61185c1c3cb6a10a86166,93060,2025-01-01,2025-12-31
dhan-data/candles/minute/NSE_EQ/LICI/2026.parquet,900020,cbcf691f58bafaca4aa17909a11e5777965629aa545d47f7537668a35e08bb04,69751,2026-01-01,2026-10-06
dhan-data/candles/minute/NSE_EQ/LODHA/2024.parquet,371757,ac268a3bb6701c196574ce169f03bfb10c07e5257685b13696a93c6ccd25b7ee,21825,2024-10-07,2024-12-31
dhan-data/candles/minute/NSE_EQ/LODHA/2025.parquet,1322929,1516d3aff8f502b908dba55aa404299c38615c64d23cc064bc2ec815010a0d8a,93060,2025-01-01,2025-12-31
dhan-data/candles/minute/NSE_EQ/LODHA/2026.parquet,1075440,27a918e3a4fa7ca4185e079da8d74ced1a4a76d81004fc2089cfe440b34b47d8,69751,2026-01-01,2026-10-06
dhan-data/candles/minute/NSE_EQ/LT/2024.parquet,404379,1db839f1c53ce85694fc1749def45e030738fa24efa14a33858f22499ae27aa5,21825,2024-10-07,2024-12-31
dhan-data/candles/minute/NSE_EQ/LT/2025.parquet,1429147,edd72bffc15c5d785dde7580ca5a8eb4d4a0e0908689935d6ce5b831cac776c3,93060,2025-01-01,2025-12-31
dhan-data/candles/minute/NSE_EQ/LT/2026.parquet,1066239,c17bdad5b6a7e35fe2b6eb47f9de7e26631243151f6465d9b931c71e35c7c779,69751,2026-01-01,2026-10-06
dhan-data/candles/minute/NSE_EQ/LTF/2024.parquet,342308,d62e5a35f64ae015e48c192a7c96d9060466735d55012725662ce6c0a61e309b,21825,2024-10-07,2024-12-31
dhan-data/candles/minute/NSE_EQ/LTF/2025.parquet,1434997,38117415c3bfe29dcf17e8d7e5b80fb7d8617cfb6ea459d7ec896674a8a1c7f2,93060,2025-01-01,2025-12-31
dhan-data/candles/minute/NSE_EQ/LTF/2026.parquet,972683,51ffed12ecbbfa4971892789fafa23d14858363ac808a1966b7d37f9e717ccc6,69752,2026-01-01,2026-10-06
dhan-data/candles/minute/NSE_EQ/LTM/2024.parquet,423962,00f6c131e7ece2e473c137d133016358e6c850d4130eafb9961fca23c06d573f,21825,2024-10-07,2024-12-31
dhan-data/candles/minute/NSE_EQ/LTM/2025.parquet,1480857,f1db661e22e2ac086d63053563dc480cbe74044b8edc5f584ab8368e5beaf3f0,93060,2025-01-01,2025-12-31
dhan-data/candles/minute/NSE_EQ/LTM/2026.parquet,1072769,135fc7531928c4b87b6265d1b35b67618b581afc3590a74cb6e216f2aa3587e4,69751,2026-01-01,2026-10-06
dhan-data/candles/minute/NSE_EQ/LUPIN/2024.parquet,356009,38ea37daee201f841a1f346abb38795b579db00543bbbdc2bdba2914b44fe6b6,21825,2024-10-07,2024-12-31
dhan-data/candles/minute/NSE_EQ/LUPIN/2025.parquet,1322345,04037b96fc6d94c0a9a710734b257c974508553871ebe769244e27537f2d0e44,93060,2025-01-01,2025-12-31
dhan-data/candles/minute/NSE_EQ/LUPIN/2026.parquet,954914,b828cef37c7bf57d811e1a47913300cf7725b6f0c63f5de0f2d3a6cef73f1fe0,69752,2026-01-01,2026-10-06
dhan-data/candles/minute/NSE_EQ/MAHABANK/2024.parquet,319967,fd69270fd113fecbdf57325813557e35408c0e819798a33a62f002069d80f52d,21825,2024-10-07,2024-12-31
dhan-data/candles/minute/NSE_EQ/MAHABANK/2025.parquet,1252089,2d9dd1c31208c36f17b2ea927ca6df4fba215eae8d00868b69d7b5ecb55f4509,93060,2025-01-01,2025-12-31
dhan-data/candles/minute/NSE_EQ/MAHABANK/2026.parquet,1000132,df98eda233e16cb95fb5bb836c3b6290d3ac80d40ed60a5f9517a03411c2b55b,70034,2026-01-01,2026-10-06
dhan-data/candles/minute/NSE_EQ/MANAPPURAM/2024.parquet,377123,62d5dfc52515bd25f9c230e0d3840c1fc7a5a6dd2d7ac854d9169e113557af5a,21825,2024-10-07,2024-12-31
dhan-data/candles/minute/NSE_EQ/MANAPPURAM/2025.parquet,1365409,313955b6df46ce32627b26703954309acc3e57e2a4de1252c52b5eef3def139d,93060,2025-01-01,2025-12-31
dhan-data/candles/minute/NSE_EQ/MANAPPURAM/2026.parquet,922553,cbebcf847d524843b5214d817398feb6a3bf644117e31099f5965b2a8c63106d,69752,2026-01-01,2026-10-06
dhan-data/candles/minute/NSE_EQ/MANKIND/2024.parquet,362337,7b3387a0bb2ec9a63310629810077979f857f50058a2dd115287bda63b3fd8b0,21825,2024-10-07,2024-12-31
dhan-data/candles/minute/NSE_EQ/MANKIND/2025.parquet,1381594,0ac417a230af2130a854fd447eeecf3fb3f0d5ef1e17efb915e17f7730f35950,93060,2025-01-01,2025-12-31
dhan-data/candles/minute/NSE_EQ/MANKIND/2026.parquet,972275,bbf0f37d95e3a0d16c6453a531e4facda3723308db6b09a5c1cdb65b6465e35d,69752,2026-01-01,2026-10-06
dhan-data/candles/minute/NSE_EQ/MARICO/2024.parquet,308771,82fd73e20288b60485de639d5cdaaeacc0c26cc15db0e8a899b651e96028845b,21825,2024-10-07,2024-12-31
dhan-data/candles/minute/NSE_EQ/MARICO/2025.parquet,1199848,00f04973ee3ef9868f95c155c7f6ec1c56499e2cdfe05c3671756c185e3b49bc,93060,2025-01-01,2025-12-31
dhan-data/candles/minute/NSE_EQ/MARICO/2026.parquet,909069,f0b7eb6d954d553f69b8ef993c1c4cd2ece7b2d81d6347ec2fe8ec3cdcede33c,69752,2026-01-01,2026-10-06
dhan-data/candles/minute/NSE_EQ/MARUTI/2024.parquet,431354,72f30ca291e5c1d2296d4e06118f525023cc6b5e9c59272d92a959bb114c4ed7,21825,2024-10-07,2024-12-31
dhan-data/candles/minute/NSE_EQ/MARUTI/2025.parquet,1431849,313542451f602e029ea30d70ace4f698337008b724e82992abc059fbcfef9f14,93060,2025-01-01,2025-12-31
dhan-data/candles/minute/NSE_EQ/MARUTI/2026.parquet,944428,5ed6760022d5784d80ac2137fdb4734f1eea66a515f1b2145a069ff0f18be9ce,69752,2026-01-01,2026-10-06
dhan-data/candles/minute/NSE_EQ/MAXHEALTH/2024.parquet,360082,f33cbc7efe5786aa0915636596f2e56875f49f646b464561b46e62f536cbb795,21825,2024-10-07,2024-12-31
dhan-data/candles/minute/NSE_EQ/MAXHEALTH/2025.parquet,1317359,f743289b81965ff97529feae7dd5edb0436d651d993e8ceb9120f976683c34a7,93060,2025-01-01,2025-12-31
dhan-data/candles/minute/NSE_EQ/MAXHEALTH/2026.parquet,971213,c47e33a18b50092c80c22bb81133cc83842b3a4e371b5c0975a99d96710f30f9,69752,2026-01-01,2026-10-06
dhan-data/candles/minute/NSE_EQ/MAZDOCK/2024.parquet,401602,d97ed82d6aa6707a62935f5dace3e21a78796ba2d84226fced95fc98b93c1c1c,21825,2024-10-07,2024-12-31
dhan-data/candles/minute/NSE_EQ/MAZDOCK/2025.parquet,1540694,ebc81de5737bdb4e0d0b80f504637fffad20c0fb533692a103b132e84462f299,93060,2025-01-01,2025-12-31
dhan-data/candles/minute/NSE_EQ/MAZDOCK/2026.parquet,993179,5d8422d3dd541c795a7c8738ec222a7444a9284e1b684035482c90c8e512a54f,69752,2026-01-01,2026-10-06
dhan-data/candles/minute/NSE_EQ/MCX/2024.parquet,326607,6ee4a58a396d9079ea709f808cf9e36c233d21589d0469f76d2a8e6dabb41893,21825,2024-10-07,2024-12-31
dhan-data/candles/minute/NSE_EQ/MCX/2025.parquet,1381230,8a7be7f58d9af3eb92fa7f405c8ab4ce42d273fb28f1377b2792c006114fd2ef,93060,2025-01-01,2025-12-31
dhan-data/candles/minute/NSE_EQ/MCX/2026.parquet,1084060,c5f773386c5d293e72611aed908e20d4ec4825626c735c8ac5ddb7dfdd9bec51,69752,2026-01-01,2026-10-06
dhan-data/candles/minute/NSE_EQ/MFSL/2024.parquet,323465,16f8e3118ec7102a767aa13e0b752cb70942b8ed9d059cc03fd0058fedfc36c4,21825,2024-10-07,2024-12-31
dhan-data/candles/minute/NSE_EQ/MFSL/2025.parquet,1303349,70c0623708c9f1a66fd6836ee89ff3f0b22d6813c514f1712cc46ce8df888eb9,93060,2025-01-01,2025-12-31
dhan-data/candles/minute/NSE_EQ/MFSL/2026.parquet,933284,63a8fd44677eae0f5fe4e889a20f5f748c47670adbfc50516df6e38968ed057c,69752,2026-01-01,2026-10-06
dhan-data/candles/minute/NSE_EQ/MOTHERSON/2024.parquet,294962,799ee5a7e534427c9cc77621c3be31b62f467b190dfeafb3c4253fe498852ce5,21825,2024-10-07,2024-12-31
dhan-data/candles/minute/NSE_EQ/MOTHERSON/2025.parquet,1243961,7887cbeb03626ce68d35da6c289968ccd987f103ba73ceb13f6012434874f8c3,93060,2025-01-01,2025-12-31
dhan-data/candles/minute/NSE_EQ/MOTHERSON/2026.parquet,1097270,cd12cafe425ff396569d7db0decc75e32fe2a14ca2fccc36d7894aabd7960f3f,69752,2026-01-01,2026-10-06
dhan-data/candles/minute/NSE_EQ/MOTILALOFS/2024.parquet,345950,7d76241cfa33a2e036fe66e45d4f260aa6c037b224d1c17dfc52d82cdd6e1c3d,21825,2024-10-07,2024-12-31
dhan-data/candles/minute/NSE_EQ/MOTILALOFS/2025.parquet,1373757,7e60d67e041eaeaee2687925149213a384035999e98285ef26d06cada14ed5a8,93060,2025-01-01,2025-12-31
dhan-data/candles/minute/NSE_EQ/MOTILALOFS/2026.parquet,1001577,0a8c4a5fb77b409ef791412f868849e835b2c1b7a380a370b78c7dc437605323,69752,2026-01-01,2026-10-06
dhan-data/candles/minute/NSE_EQ/MPHASIS/2024.parquet,369939,cee0459e13b8102d6888018268c876fe69af5db1edd5db62798f2962d8e3b25e,21825,2024-10-07,2024-12-31
dhan-data/candles/minute/NSE_EQ/MPHASIS/2025.parquet,1415979,ca5a8cb60c02250796a473c869a29c400eaa6ad14a419a12b314e03780e794ed,93060,2025-01-01,2025-12-31
dhan-data/candles/minute/NSE_EQ/MPHASIS/2026.parquet,997016,85f8f9b8da991ee611094de5e8e5c3d9852497c11ae1ead49ae2c481611ad9ca,69752,2026-01-01,2026-10-06
dhan-data/candles/minute/NSE_EQ/MUTHOOTFIN/2024.parquet,350541,211f67f138abf6c7e380672e876bc991ca855e67380055d7be02121fe8d7bd53,21825,2024-10-07,2024-12-31
dhan-data/candles/minute/NSE_EQ/MUTHOOTFIN/2025.parquet,1420625,c0ab1c43d28af29c51014b8330fdb1765fddc76ef521f5497454b2c48628e867,93060,2025-01-01,2025-12-31
dhan-data/candles/minute/NSE_EQ/MUTHOOTFIN/2026.parquet,1074343,c5005d70a24ff8eda8591d882d1f572bc4fbd1192a935cff77345a6b18619eca,69752,2026-01-01,2026-10-06
dhan-data/candles/minute/NSE_EQ/M_M/2024.parquet,389685,157e31ad843cdb6e1e2f00f23e7206cde23025cf9642c92bdd8761e1af649f01,21765,2024-10-07,2024-12-31
dhan-data/candles/minute/NSE_EQ/M_M/2025.parquet,1508326,7a93e7809663c7b426b4b29474111f6a83403793830a6b48b4c5fb461f25d325,93060,2025-01-01,2025-12-31
dhan-data/candles/minute/NSE_EQ/M_M/2026.parquet,1067307,07241dbf7167c70fb368f4921e090637d2defac5e2ad89f933858d431297d6ee,69752,2026-01-01,2026-10-06
dhan-data/candles/minute/NSE_EQ/NAM-INDIA/2024.parquet,311246,14a73c35346ceacbf29f31e4406e0be622abf7eb54d3378a0602758cc28e97e0,21825,2024-10-07,2024-12-31
dhan-data/candles/minute/NSE_EQ/NAM-INDIA/2025.parquet,1320820,96c9db99be6b88a040608fbe2995c0d40e313876dcf6f861edd65ec4d64f9462,93060,2025-01-01,2025-12-31
dhan-data/candles/minute/NSE_EQ/NAM-INDIA/2026.parquet,987647,fca881ce77f468bac373a51d73b7d2da5ac261f350f93a38317b9d490238fa8d,69752,2026-01-01,2026-10-06
dhan-data/candles/minute/NSE_EQ/NATIONALUM/2024.parquet,387870,7fe738e8f90290b9873e2c94cfdea269c7f6f7db72eb9fe70d91ad442af1fce3,21825,2024-10-07,2024-12-31
dhan-data/candles/minute/NSE_EQ/NATIONALUM/2025.parquet,1469022,35859d3122fe2c6e4919161184d6bc845c8447ea03253be7afd656a65c645df2,93060,2025-01-01,2025-12-31
dhan-data/candles/minute/NSE_EQ/NATIONALUM/2026.parquet,972192,ae05b7f8fc6da18a2b3f52338acd834236a50b44a8fc5ffea31563b61cbb432f,69752,2026-01-01,2026-10-06
dhan-data/candles/minute/NSE_EQ/NAUKRI/2024.parquet,341479,9145d6a8587b242318424ac3a534bf663f1d8c5bbd55d2504cfcdcf823af1ab7,21825,2024-10-07,2024-12-31
dhan-data/candles/minute/NSE_EQ/NAUKRI/2025.parquet,1314615,b16f15f5f8d2c3655800650715f5b694e4f0d1812974cb3d21ff47f312b41ae5,93060,2025-01-01,2025-12-31
dhan-data/candles/minute/NSE_EQ/NAUKRI/2026.parquet,999324,ebab0255ee219ae6c328d947f1f185ba369864ea1e9d36ae2d91e157494fd803,69752,2026-01-01,2026-10-06
dhan-data/candles/minute/NSE_EQ/NBCC/2024.parquet,331745,98f7a16e5e169072d927f188cc7ef96fe1530e2e47bf1a77751112adf12cb47f,21825,2024-10-07,2024-12-31
dhan-data/candles/minute/NSE_EQ/NBCC/2025.parquet,1390473,5c00f60d9dd95063793e98d946f6f68800d9342d89909d551f536b16b3a26175,93060,2025-01-01,2025-12-31
dhan-data/candles/minute/NSE_EQ/NBCC/2026.parquet,1031584,07a3bb402667165049a60d788d751025f09db8c6eb730ff55b378c66c2b37ecf,69752,2026-01-01,2026-10-06
dhan-data/candles/minute/NSE_EQ/NESTLEIND/2024.parquet,308137,d819eb52fb8d083e7afaab75a8711ba50e5c4ae04d219953f9678b3aa1fb6cea,21825,2024-10-07,2024-12-31
dhan-data/candles/minute/NSE_EQ/NESTLEIND/2025.parquet,1200545,27795d1d00cab22095e84da5a15cb7e88c12e07d515a7e7e8124c86c5512b0e8,93060,2025-01-01,2025-12-31
dhan-data/candles/minute/NSE_EQ/NESTLEIND/2026.parquet,915070,59c9945553ba6c70e34c343900234b21b4972d15517c3cfd9b4ba197720e3670,69752,2026-01-01,2026-10-06
dhan-data/candles/minute/NSE_EQ/NHPC/2024.parquet,330106,cea9c2cf26a72265ae596e81d135778a4a7b831b8ad5d82498fec33fd1ff97b2,21825,2024-10-07,2024-12-31
dhan-data/candles/minute/NSE_EQ/NHPC/2025.parquet,1259622,c4095ec2abbdc0fda06b8720e68e0e603a0b2fc63c6beaaa0d2789874e7747bf,93060,2025-01-01,2025-12-31
dhan-data/candles/minute/NSE_EQ/NHPC/2026.parquet,963454,f76d3e6fa187016913656077b22e882e49ca0c2636b5cee7f4fb3bf710b6d2d8,69752,2026-01-01,2026-10-06
dhan-data/candles/minute/NSE_EQ/NMDC/2024.parquet,284847,71e6d7fa815f4a4211be60d22b9cceec9850dcd116fb011a6ddd82f495854d44,21825,2024-10-07,2024-12-31
dhan-data/candles/minute/NSE_EQ/NMDC/2025.parquet,1298667,1ce9d299a0dbd40803a4c3cb5021a3107c27d585e6b79e64da04a0a055ea13fb,93060,2025-01-01,2025-12-31
dhan-data/candles/minute/NSE_EQ/NMDC/2026.parquet,985185,9c50bd47420c736f55456ec15210b2216a79d83ac5c3dc8966080b49b2059161,69752,2026-01-01,2026-10-06
dhan-data/candles/minute/NSE_EQ/NTPC/2024.parquet,328033,899d5a1fe198139f162a6809079ce9031877ed355a1a3d3c7e41086a84b3ba58,21825,2024-10-07,2024-12-31
dhan-data/candles/minute/NSE_EQ/NTPC/2025.parquet,1211030,865f03f2ee3deee9b12e585e8b99fd4a9638cb40179e78d693c290d5c4d2f456,93060,2025-01-01,2025-12-31
dhan-data/candles/minute/NSE_EQ/NTPC/2026.parquet,947258,22bcc786bffb10c5bee54dc14b8b8b9a8f5b4bbd9ae12d72c680efb6f84a4577,69752,2026-01-01,2026-10-06
dhan-data/candles/minute/NSE_EQ/NYKAA/2024.parquet,342310,9c1839a552e4d9683031faefdba2f2f53f748b2ff23a3230a11811c3c4fd72c0,21825,2024-10-07,2024-12-31
dhan-data/candles/minute/NSE_EQ/NYKAA/2025.parquet,1424723,4f7ad3abd87ed6bba0164f0befe9195f864f50193a5b1c2542746e5c6a0c70ca,93060,2025-01-01,2025-12-31
dhan-data/candles/minute/NSE_EQ/NYKAA/2026.parquet,982334,251fec36664917b06816fe8ff701a3b06a57f70b2b61fd993019975fc2606b19,69752,2026-01-01,2026-10-06
dhan-data/candles/minute/NSE_EQ/OBEROIRLTY/2024.parquet,375649,4aa67a1d0c5011f3ed1fbff525f0708606baeee40a143d6f87bf949c3176866f,21825,2024-10-07,2024-12-31
dhan-data/candles/minute/NSE_EQ/OBEROIRLTY/2025.parquet,1381321,db654cb958fbac31e7a979a583c9ee632d55866d2915831584e4c80453cbbc74,93060,2025-01-01,2025-12-31
dhan-data/candles/minute/NSE_EQ/OBEROIRLTY/2026.parquet,947501,af756c382e4e0b45eb9ce1fb60b9b22ad74b86e88b6bfa7f34c324e4fd61df0c,69752,2026-01-01,2026-10-06
dhan-data/candles/minute/NSE_EQ/OFSS/2024.parquet,446319,66192da4328e1f00c10c53f33b03d60b7da74fb9ef69994973095408a39969cd,21825,2024-10-07,2024-12-31
dhan-data/candles/minute/NSE_EQ/OFSS/2025.parquet,1521994,1eef5c64d4be5e2aa345ffed274720f2b88c02906767ffd1d5dab62129ea04e7,93060,2025-01-01,2025-12-31
dhan-data/candles/minute/NSE_EQ/OFSS/2026.parquet,978594,0898f5235a9933b237f5eec4413a07a141c354cfd7d7c8c0a38a59bb1b0ae46b,69753,2026-01-01,2026-10-06
dhan-data/candles/minute/NSE_EQ/OIL/2024.parquet,325518,bd47f30b491887978f6697fd6599a29743ae94bec28bcfe5b046da1c578504f5,21825,2024-10-07,2024-12-31
dhan-data/candles/minute/NSE_EQ/OIL/2025.parquet,1196240,33d936ea0ff1c0658f502112a421512c6a23e8b63419f540e96392cb21094c82,93060,2025-01-01,2025-12-31
dhan-data/candles/minute/NSE_EQ/OIL/2026.parquet,925840,421e4082fe83c57b58463e1364078b63c0aea3f720738c75b38cd5892efda815,69753,2026-01-01,2026-10-06
dhan-data/candles/minute/NSE_EQ/ONGC/2024.parquet,317260,bd44039f199e7580406fa1a0aaa0e5b985dbfd77a2061c4fb8c7c850a0e95841,21825,2024-10-07,2024-12-31
dhan-data/candles/minute/NSE_EQ/ONGC/2025.parquet,1376306,0a496c1a628ec142eea22dac16ea5fcb925e3a637ca6d5435e59fb0bb9d31cbf,93060,2025-01-01,2025-12-31
dhan-data/candles/minute/NSE_EQ/ONGC/2026.parquet,1014876,8a912a4a83af799258097997e088096d5fc20f7ac762c63fa43815cb21a5a6db,69753,2026-01-01,2026-10-06
dhan-data/candles/minute/NSE_EQ/PAGEIND/2024.parquet,483070,5b5b488e3dd753be4ae718989f3c34c2310fef2affef83771a160019fb869b34,21825,2024-10-07,2024-12-31
dhan-data/candles/minute/NSE_EQ/PAGEIND/2025.parquet,1464168,ee0aeb71419f46b78271961d25cc7f6a50cac6eec5de207fbd7446e3e6d44209,93060,2025-01-01,2025-12-31
dhan-data/candles/minute/NSE_EQ/PAGEIND/2026.parquet,809905,d7df178f4355c1469964f31eb5621d2951c77b4ed61d971d70130ed82a742cfa,69753,2026-01-01,2026-10-06
dhan-data/candles/minute/NSE_EQ/PATANJALI/2024.parquet,280052,9d3219daff30815e0737468501f964c901a93e9dc7451a6e713833ccd98b02fd,21825,2024-10-07,2024-12-31
dhan-data/candles/minute/NSE_EQ/PATANJALI/2025.parquet,1165831,14ff054a87e3ed7af268d94b3298a96a1c1e0242617888070413cadccfbcf969,93060,2025-01-01,2025-12-31
dhan-data/candles/minute/NSE_EQ/PATANJALI/2026.parquet,926862,3bd14ecebcf618cb1487997ab3052d47934a5006b04e37d84b12d4ac97d23ef4,69753,2026-01-01,2026-10-06
dhan-data/candles/minute/NSE_EQ/PAYTM/2024.parquet,391539,7c3cf52141c86a4e6292352da7219cf2412ac8394afbe2be36e12e88a5268128,21825,2024-10-07,2024-12-31
dhan-data/candles/minute/NSE_EQ/PAYTM/2025.parquet,1414757,ea4a3da332328b3412ebca727c231bb9f630f9c8886782a079e53834b6968386,93060,2025-01-01,2025-12-31
dhan-data/candles/minute/NSE_EQ/PAYTM/2026.parquet,1043393,4791156423b258f69bc30e3bca4a59dd31ab8f3821bfc1dec674b5d5f7f4f0d8,69753,2026-01-01,2026-10-06
dhan-data/candles/minute/NSE_EQ/PERSISTENT/2024.parquet,432458,d185b71b92fb4e489a69c4fec7936a239d439101571b6d25cc3ad6a091b4ac10,21825,2024-10-07,2024-12-31
dhan-data/candles/minute/NSE_EQ/PERSISTENT/2025.parquet,1506298,24bdd94c39c1bd337b7200cb1fd0403a5797db1850dd9601810caf0014e7efd8,93060,2025-01-01,2025-12-31
dhan-data/candles/minute/NSE_EQ/PERSISTENT/2026.parquet,1065393,d94568be0bbb2a549e3abc5b5e6263b96011bb63bfdb096375f44316512a551a,69753,2026-01-01,2026-10-06
dhan-data/candles/minute/NSE_EQ/PETRONET/2024.parquet,281439,d88163509cf7e6eafa027e424ae047df9e67a8ebc79f8a64cdb43238fe59c338,21825,2024-10-07,2024-12-31
dhan-data/candles/minute/NSE_EQ/PETRONET/2025.parquet,1153869,db06021438442a508a1b22d8b31aa669a8e4c75ef7d6ef1cfabdcda6d2a7ca1c,93060,2025-01-01,2025-12-31
dhan-data/candles/minute/NSE_EQ/PETRONET/2026.parquet,883805,2307f8361586d4e6ffae6aeb47db64dc60dc5505e25f8be326ed78e5291fcd50,69753,2026-01-01,2026-10-06
dhan-data/candles/minute/NSE_EQ/PFC/2024.parquet,320084,e5c261ce6b7f39ecc3641ec5a9f0b75891b0394e462c90e2cb17108d3c107396,21825,2024-10-07,2024-12-31
dhan-data/candles/minute/NSE_EQ/PFC/2025.parquet,1220304,58fb83433ea05c944560142b998046eeb617d3ac00c46c7541d1c260dbf8cd69,93060,2025-01-01,2025-12-31
dhan-data/candles/minute/NSE_EQ/PFC/2026.parquet,951670,45027bc397ff95ad1f8f6f1bd3c467734e039d65b7b8363279d727264577e51f,69753,2026-01-01,2026-10-06
dhan-data/candles/minute/NSE_EQ/PGEL/2024.parquet,366397,806618a4ad58f673621a8956052ed91c98468b6ca5c76ae8d7864196dffa2950,21825,2024-10-07,2024-12-31
dhan-data/candles/minute/NSE_EQ/PGEL/2025.parquet,1357190,adc341102fa3d5697cbd3a37f6734cc4ed750eb4594797c591c19df9fc172d74,93060,2025-01-01,2025-12-31
dhan-data/candles/minute/NSE_EQ/PGEL/2026.parquet,958329,65e28ab9428f400c0f2aba912056518dee960abb3497240d82a41bbbc8ebeecb,69753,2026-01-01,2026-10-06
dhan-data/candles/minute/NSE_EQ/PHOENIXLTD/2024.parquet,372746,b1980a91bfd4c5763b0c8bbe00b76389aed126faadffdeb013196de264ff99f9,21825,2024-10-07,2024-12-31
dhan-data/candles/minute/NSE_EQ/PHOENIXLTD/2025.parquet,1296844,86f45c5e99369b9c33b53a24326524c6293b00cff443f4085ab1dcc63eb8c684,93060,2025-01-01,2025-12-31
dhan-data/candles/minute/NSE_EQ/PHOENIXLTD/2026.parquet,970142,c9ec30cd6cb714480e6dca08c5de834fbd7d946e40e9306d7e4bc93ad9f491b6,69753,2026-01-01,2026-10-06
dhan-data/candles/minute/NSE_EQ/PIDILITIND/2024.parquet,308733,1b18fefff89d5405a630b6f4f3c2d965b1c836e334dc9cd8ca43ef35cfe67ea1,21825,2024-10-07,2024-12-31
dhan-data/candles/minute/NSE_EQ/PIDILITIND/2025.parquet,1246829,e11d3b1db787c22d2f5d389062ce9bc52c6650b8aa3b5910897c988be3d369a9,93060,2025-01-01,2025-12-31
dhan-data/candles/minute/NSE_EQ/PIDILITIND/2026.parquet,926853,d7613875060b9fab853566c57b8f892ddc29070e88147f2323bb3e37e8a68060,69753,2026-01-01,2026-10-06
dhan-data/candles/minute/NSE_EQ/PIIND/2024.parquet,407035,eb95de789aaf14bd2813a9701545cecea3d1fd4ed13c858f4ba00df351e84ba3,21825,2024-10-07,2024-12-31
dhan-data/candles/minute/NSE_EQ/PIIND/2025.parquet,1440605,2acc977444318388720a1c21466a1589d6031ac8e00d2ca434cd410fb990041e,93060,2025-01-01,2025-12-31
dhan-data/candles/minute/NSE_EQ/PIIND/2026.parquet,1005099,5432a7324401e63ee2b988d5968afe5f94fada5835093620a7bb5a3b1a736e2d,69753,2026-01-01,2026-10-06
dhan-data/candles/minute/NSE_EQ/PNB/2024.parquet,337883,f7d5405b7bed5563db563f379ee1188e2f6efaa09302652635cc7c8552c880d4,21825,2024-10-07,2024-12-31
dhan-data/candles/minute/NSE_EQ/PNB/2025.parquet,1357470,38829c68ded1707cd5f3644a6cb48675537be5c9be6015b9256f82387f6467a3,93060,2025-01-01,2025-12-31
dhan-data/candles/minute/NSE_EQ/PNB/2026.parquet,1015107,d2fe22880d2d60564b5fbfc450f045c542bb907dd7f7cdd72f5375a5efdd7f52,69753,2026-01-01,2026-10-06
dhan-data/candles/minute/NSE_EQ/PNBHOUSING/2024.parquet,320503,e613295148d2aa8118208d46f4ecfec662b6f9c2a7dce9643f8c80a3f8d14e1d,21825,2024-10-07,2024-12-31
dhan-data/candles/minute/NSE_EQ/PNBHOUSING/2025.parquet,1297842,c16b59686aa9c3385c9e58d775e1d55b33fe075d67f169333d555024b74b58f4,93060,2025-01-01,2025-12-31
dhan-data/candles/minute/NSE_EQ/PNBHOUSING/2026.parquet,992053,62f3da04b1ebc6a773c6ff5caadd40b515093e86e2b41d79f868ae681e2203fc,69753,2026-01-01,2026-10-06
dhan-data/candles/minute/NSE_EQ/POLICYBZR/2024.parquet,375318,5f55aa9f4b14628b9b09cb7466d5d800b78d223d85ae159145e659c8dd2b1e78,21825,2024-10-07,2024-12-31
dhan-data/candles/minute/NSE_EQ/POLICYBZR/2025.parquet,1407801,298472dac58926fe57b3eea867524c8ed985b5bac163b15c710a355d0debd02a,93060,2025-01-01,2025-12-31
dhan-data/candles/minute/NSE_EQ/POLICYBZR/2026.parquet,996558,5a026b0e8893e75184475469679efa2c21d1132789a60b10a37405e48d6081e4,69753,2026-01-01,2026-10-06
dhan-data/candles/minute/NSE_EQ/POLYCAB/2024.parquet,429895,8789eea0f5b175a7e31296809359039b87d72b80eb135507da853796b4f23f7c,21825,2024-10-07,2024-12-31
dhan-data/candles/minute/NSE_EQ/POLYCAB/2025.parquet,1491832,dc214006a0e0efd0f4fc9786ab63f003bb2126b471c38f8d8d6eaf1166df3a70,93060,2025-01-01,2025-12-31
dhan-data/candles/minute/NSE_EQ/POLYCAB/2026.parquet,961990,09e7e919cb572ffecffd5ab4da7905248876ab4bfd52e52389f1d17fd52ad2cf,69753,2026-01-01,2026-10-06
dhan-data/candles/minute/NSE_EQ/POWERGRID/2024.parquet,300585,917524bed5af00565cbf1dafacfba1ce365059d45a2bc3b662e12c456c9b835c,21825,2024-10-07,2024-12-31
dhan-data/candles/minute/NSE_EQ/POWERGRID/2025.parquet,1230216,e65863b19fa3bfc2b3c703cd3ddd7ecc8000bc99df3abffcda8477fb252d3272,93060,2025-01-01,2025-12-31
dhan-data/candles/minute/NSE_EQ/POWERGRID/2026.parquet,922693,625d1a174469d77529aeeecd24cde3d5b675bef4ff1ad4f08545c02ab1eb84d0,69753,2026-01-01,2026-10-06
dhan-data/candles/minute/NSE_EQ/POWERINDIA/2024.parquet,469760,eb5de27297228b8559baa5ca9a81025e0373cd7176eb757653c393302389ac8e,21825,2024-10-07,2024-12-31
dhan-data/candles/minute/NSE_EQ/POWERINDIA/2025.parquet,1525856,d3c5e65e57ac58a4b402b53ea384f19507963ecd83c929acd001513ed89dd02f,93060,2025-01-01,2025-12-31
dhan-data/candles/minute/NSE_EQ/POWERINDIA/2026.parquet,959856,e2147d41016cf1fcea0203004e4e6be48191f21d993e9a9a9bde50897014ec07,69753,2026-01-01,2026-10-06
dhan-data/candles/minute/NSE_EQ/PREMIERENE/2024.parquet,381707,3063982b2f5a0fe920e7d6d1312db1de281d5d00efad2d7c45024287100ff90a,21825,2024-10-07,2024-12-31
dhan-data/candles/minute/NSE_EQ/PREMIERENE/2025.parquet,1347834,13b1aed2cf0774805208fdb79ed843eece1aac06908e684827a1e249c2765dff,93060,2025-01-01,2025-12-31
dhan-data/candles/minute/NSE_EQ/PREMIERENE/2026.parquet,1000095,2ed1067b8b9afe6335b205d3c7eaf864127f3fbf5983b617445af1d39bcc7f00,69753,2026-01-01,2026-10-06
dhan-data/candles/minute/NSE_EQ/PRESTIGE/2024.parquet,356948,d0c4a18a5ced354fb4fd167c92ad5c25f870d75b7f6eb9ee9f51314a79e4a485,21825,2024-10-07,2024-12-31
dhan-data/candles/minute/NSE_EQ/PRESTIGE/2025.parquet,1373805,029fb9db375dde01e7db0960b1c52e6a3182f8343cde0f5fb5c9f5b930b5d9c4,93060,2025-01-01,2025-12-31
dhan-data/candles/minute/NSE_EQ/PRESTIGE/2026.parquet,980953,7a544be5fc7e4db4a7240f32de61bcee837639a17781651f015b731eb566289e,69753,2026-01-01,2026-10-06
dhan-data/candles/minute/NSE_EQ/RADICO/2024.parquet,372777,5c588daccd67a7d6512918b48c764a53e08488b7d7b87e0d3da3f39ec5d608eb,21825,2024-10-07,2024-12-31
dhan-data/candles/minute/NSE_EQ/RADICO/2025.parquet,1420423,672fb52993b5f1add48d2f81df56dd6dee8bfda7e74704608b885824dba4fe36,93060,2025-01-01,2025-12-31
dhan-data/candles/minute/NSE_EQ/RADICO/2026.parquet,1113288,3aac12cf31a329acb584f3a674d38f691c027c7b1d44228fea1e32d0040a7a46,69753,2026-01-01,2026-10-06
dhan-data/candles/minute/NSE_EQ/RBLBANK/2024.parquet,367800,3395024b23248b2c26f24eb3ad106a77679fadaaac40bcd9adce1507836f3d49,21825,2024-10-07,2024-12-31
dhan-data/candles/minute/NSE_EQ/RBLBANK/2025.parquet,1422908,ad329bdb634cc7b02b4b8ce2763c6ad41fde03c1e72ab7776b4ee9e8a36e1693,93060,2025-01-01,2025-12-31
dhan-data/candles/minute/NSE_EQ/RBLBANK/2026.parquet,909813,10f62a9ba3627a4fa04c57390eadd4cd56811177ec912e6b011d7cdb6556cd2e,69753,2026-01-01,2026-10-06
dhan-data/candles/minute/NSE_EQ/RECLTD/2024.parquet,317901,e072905d77a2cecfe68ee22f1158e4ac5e1fe2fdae12f77552c44d77695fbbaf,21825,2024-10-07,2024-12-31
dhan-data/candles/minute/NSE_EQ/RECLTD/2025.parquet,1240192,4d68f59f139b538ae489a5bfdedb0532c369de13db9c9c26e50c01a663beef77,93060,2025-01-01,2025-12-31
dhan-data/candles/minute/NSE_EQ/RECLTD/2026.parquet,933624,ee7b0676fa9b5a4bb6b8850c8e90f0ec79b4ebe3ff48251d4a7d17165b3a5527,69753,2026-01-01,2026-10-06
dhan-data/candles/minute/NSE_EQ/RELIANCE/2024.parquet,358205,d5420c8ff58d9239459b0f21376db2873ba4e18e74fe0b75d045b5e305074e5b,21825,2024-10-07,2024-12-31
dhan-data/candles/minute/NSE_EQ/RELIANCE/2025.parquet,1365601,bb81514055f0c5bbbaa290cc732946b251215edee3c0500101cb7ba2fb02481e,93060,2025-01-01,2025-12-31
dhan-data/candles/minute/NSE_EQ/RELIANCE/2026.parquet,992675,8f1308e0b019385d4f48a9dc57ebcc2cf1115182ed49ebcec0505a15cef945a1,69753,2026-01-01,2026-10-06
dhan-data/candles/minute/NSE_EQ/RVNL/2024.parquet,310648,46987c5fd00b990292e2a2726dba82ae3813f974055e3b94c0004af76ac85c84,21825,2024-10-07,2024-12-31
dhan-data/candles/minute/NSE_EQ/RVNL/2025.parquet,1254528,65353dd664b36992ed79a1c1a4c965bef6a84f8f2bf06ecf2a849d1610d2c881,93060,2025-01-01,2025-12-31
dhan-data/candles/minute/NSE_EQ/RVNL/2026.parquet,1083868,f9f838e5746ff76b838ce2bd4518cf53ed9648b67d72b2f419b52943719ee0ad,69753,2026-01-01,2026-10-06
dhan-data/candles/minute/NSE_EQ/SAGILITY/2024.parquet,183713,14e48bb01425852eeec7946243aa33732b21dc2348a4a886ba68b1ac568eae11,12347,2024-11-12,2024-12-31
dhan-data/candles/minute/NSE_EQ/SAGILITY/2025.parquet,1247859,7735a8c1ba6bcc64c98e9e8bb8a1af30c6f9b73962c0e6b5cda254f6c012b48a,93060,2025-01-01,2025-12-31
dhan-data/candles/minute/NSE_EQ/SAGILITY/2026.parquet,980026,39b75cac055ccd7caf0346d8ed821e23314077783a58fa58f739b1ce85ab2c04,70035,2026-01-01,2026-10-06
dhan-data/candles/minute/NSE_EQ/SAIL/2024.parquet,352157,5e29dfc4e7dba2b416b4a1a265fd350d180ae787b938278fd1fd465dbc3273bc,21825,2024-10-07,2024-12-31
dhan-data/candles/minute/NSE_EQ/SAIL/2025.parquet,1368280,1e2aa2b11ac52948b16e1e7b443506c0e07d8f339fe7bff1f5e36f9de828eea5,93060,2025-01-01,2025-12-31
dhan-data/candles/minute/NSE_EQ/SAIL/2026.parquet,1104691,07ed0ec78df2437c6ff58161485d1d849ce4708acdc15593a6fcd58aea086601,69754,2026-01-01,2026-10-06
dhan-data/candles/minute/NSE_EQ/SBICARD/2024.parquet,290113,d9b69e91d375d7c13edc5d527596bd15ac1b70a9d4760e9d349e33877737dab2,21825,2024-10-07,2024-12-31
dhan-data/candles/minute/NSE_EQ/SBICARD/2025.parquet,1293550,821e450697ffd93970d79e1ee7649350573bee897fc859248d48ada535a15f96,93060,2025-01-01,2025-12-31
dhan-data/candles/minute/NSE_EQ/SBICARD/2026.parquet,984017,4076b6d7a94e56c0c98522bc3420c081b7f080086174dc2242d529c10f83a85b,69753,2026-01-01,2026-10-06
dhan-data/candles/minute/NSE_EQ/SBILIFE/2024.parquet,366944,2eca901358003197e8603a5edbd6b7d97aad1846a69b557509f7bb9ba59609bd,21825,2024-10-07,2024-12-31
dhan-data/candles/minute/NSE_EQ/SBILIFE/2025.parquet,1288092,049604f0772a4556c3e5ba4b9baaebc63b59f823df38d7035750a8ed89b3f7f7,93060,2025-01-01,2025-12-31
dhan-data/candles/minute/NSE_EQ/SBILIFE/2026.parquet,950155,ad53ef1e79caba732e4a700576cbe9e595c1aeb063520a8cad89832231ff7ce5,69754,2026-01-01,2026-10-06
dhan-data/candles/minute/NSE_EQ/SBIN/2024.parquet,332668,efcf7cfe87832e4b2081ff9951f9017a13e6638d4afe83649fec80dc6bbecf0d,21825,2024-10-07,2024-12-31
dhan-data/candles/minute/NSE_EQ/SBIN/2025.parquet,1333500,80125394233bcc6388920ef02520d5f253a94641754534b39a207a71ad6a4076,93060,2025-01-01,2025-12-31
dhan-data/candles/minute/NSE_EQ/SBIN/2026.parquet,1049716,1431eb74b0e295ffb016e48fffcbf0fd5b4dbfd2a177c09a8be99a88821c8ab0,69754,2026-01-01,2026-10-06
dhan-data/candles/minute/NSE_EQ/SHREECEM/2024.parquet,449040,9395a058d2e8214eba805e06245e644993364cc61248a79ff34d852dcdf10d10,21825,2024-10-07,2024-12-31
dhan-data/candles/minute/NSE_EQ/SHREECEM/2025.parquet,1397728,23b03155e05e32e725f8e5a60da17cdf5fe1289da61183ef9b01a8f84370a841,93060,2025-01-01,2025-12-31
dhan-data/candles/minute/NSE_EQ/SHREECEM/2026.parquet,769346,ae352264898a6955ea0c3e667c38529103a3a49d4afd9d698220e53782e085ff,69754,2026-01-01,2026-10-06
dhan-data/candles/minute/NSE_EQ/SHRIRAMFIN/2024.parquet,314798,276812716174cd964397309c98dbe5a6756e113da7e0fb896127c9ee8fe22652,21825,2024-10-07,2024-12-31
dhan-data/candles/minute/NSE_EQ/SHRIRAMFIN/2025.parquet,1358088,a76ed74ed26db2e16c12b0aeadf9e8d8d2162cbd05bebaeda94badf0e2c0683d,93060,2025-01-01,2025-12-31
dhan-data/candles/minute/NSE_EQ/SHRIRAMFIN/2026.parquet,999352,05f2313864b7b196f2dbe4ade876f8f46d97adf493dc6895c3bee34d31e5a916,69754,2026-01-01,2026-10-06
dhan-data/candles/minute/NSE_EQ/SIEMENS/2024.parquet,443446,47728f55aa23b3ebc44eb0bc4575249548799406017aeec0aac00e90d3a25886,21825,2024-10-07,2024-12-31
dhan-data/candles/minute/NSE_EQ/SIEMENS/2025.parquet,1536334,cc60eba92bd04be1b6889ed550cf564cc250f33ec11589fc623c7d6f2d592442,93036,2025-01-01,2025-12-31
dhan-data/candles/minute/NSE_EQ/SIEMENS/2026.parquet,1058514,5c7a43d0bc0f182fe262b5fe5e1b8f164a6503ed1ed4e1d5dcc323717cfe7ec9,69754,2026-01-01,2026-10-06
dhan-data/candles/minute/NSE_EQ/SOLARINDS/2024.parquet,427331,11e9bad76b8e6648d38a21d82c309b5dd0752cacf0b17f9af3858ef5a9ac56e4,21825,2024-10-07,2024-12-31
dhan-data/candles/minute/NSE_EQ/SOLARINDS/2025.parquet,1495290,1f5522e9441afd3a2aaac4e8714220e161a701913376c51207025704f7c95f21,93060,2025-01-01,2025-12-31
dhan-data/candles/minute/NSE_EQ/SOLARINDS/2026.parquet,952824,a71e34fc11f9cdbb8f2afec49988596e112de5ea05bf89c83d9d8766db6ba75d,69754,2026-01-01,2026-10-06
dhan-data/candles/minute/NSE_EQ/SONACOMS/2024.parquet,306647,f456d69ecbfe960c5290dbc5382d6d6730cec64364ad9e3350ea857028db2853,21825,2024-10-07,2024-12-31
dhan-data/candles/minute/NSE_EQ/SONACOMS/2025.parquet,1222273,4182ebf2e168f8d6eaa70041368bcbdec6d2a86bf7bce4feec9b61d066c96668,93060,2025-01-01,2025-12-31
dhan-data/candles/minute/NSE_EQ/SONACOMS/2026.parquet,981221,c8219f3a583a4fa73e0f7e14dfdb2acf6251cdc43789412277234b2f59b428a4,69754,2026-01-01,2026-10-06
dhan-data/candles/minute/NSE_EQ/SRF/2024.parquet,319837,f2f21d5e27a94a9615089c8c21e5be77e8c03deee49550bfc9d52c0f417f775e,21825,2024-10-07,2024-12-31
dhan-data/candles/minute/NSE_EQ/SRF/2025.parquet,1386299,58fc635a5d9722823914afd215eb70571826fae28074841bbe0d3a60e7aaf5dc,93060,2025-01-01,2025-12-31
dhan-data/candles/minute/NSE_EQ/SRF/2026.parquet,983462,d61f38228d488eca6256ad33d1491899f9735d0f2155474ae78444970dfb4d04,69754,2026-01-01,2026-10-06
dhan-data/candles/minute/NSE_EQ/SUNPHARMA/2024.parquet,332121,b2f249fc00669984e7e5480798ce760b4e489ec9f6261773ffe078a2810d0dbd,21825,2024-10-07,2024-12-31
dhan-data/candles/minute/NSE_EQ/SUNPHARMA/2025.parquet,1319874,4474d480513205ed3cf9b27540a9e1f007f1a8f66f11cb99962a1d0d1e003ad1,93060,2025-01-01,2025-12-31
dhan-data/candles/minute/NSE_EQ/SUNPHARMA/2026.parquet,966890,a6ba5b8975187a3f30fe2755b38025b316570247716c0057d936dc806f14f234,69754,2026-01-01,2026-10-06
dhan-data/candles/minute/NSE_EQ/SUPREMEIND/2024.parquet,414988,90a900f89ff6b647795cf6473b8f5ac6cfdf498328bae31fc037bd6100906f9e,21825,2024-10-07,2024-12-31
dhan-data/candles/minute/NSE_EQ/SUPREMEIND/2025.parquet,1517043,5429d4cd6ffca3226d21efb0959466073f8d0aa43929090b5e76e8a76ea428d5,93060,2025-01-01,2025-12-31
dhan-data/candles/minute/NSE_EQ/SUPREMEIND/2026.parquet,1002940,7fb90d7c1fd079c9e0356accdc7816aa3a94c0e26835d4ede6189b7bd27230c2,69754,2026-01-01,2026-10-06
dhan-data/candles/minute/NSE_EQ/SUZLON/2024.parquet,340575,2826517c11bbdf8360e6eecb0e06bfb5b523919dee3ebd9fe0de531a54428a00,21825,2024-10-07,2024-12-31
dhan-data/candles/minute/NSE_EQ/SUZLON/2025.parquet,1346977,3e9c07c7ea8ca795a306fc1ec63935fe8b09f0c46d7d12838cd2c69b87a185e1,93060,2025-01-01,2025-12-31
dhan-data/candles/minute/NSE_EQ/SUZLON/2026.parquet,1026095,59ee244aa02343d6c7757644e915f2b6db26bf8e0e93337935de67ae6c4e4616,69754,2026-01-01,2026-10-06
dhan-data/candles/minute/NSE_EQ/SWIGGY/2024.parquet,213851,c521b92e41d933e80a70e8a451ff9d6ec3c4981eeed3eb49371f03aa6784b004,11977,2024-11-13,2024-12-31
dhan-data/candles/minute/NSE_EQ/SWIGGY/2025.parquet,1364481,da7ca6ae3b4717709c9e0c94b6b90cb8baa2b2f21c2cc6032079ee05abf3b45e,93060,2025-01-01,2025-12-31
dhan-data/candles/minute/NSE_EQ/SWIGGY/2026.parquet,1037613,2af7457fe6b74b4e3bd172caaa926224ae94419141f13091651ca7cebd051aa3,69754,2026-01-01,2026-10-06
dhan-data/candles/minute/NSE_EQ/TATACONSUM/2024.parquet,323470,9c0370b4e1ec7d7a936f4086ae39a73e8072bbcca562f01b0977f228241f9fc8,21825,2024-10-07,2024-12-31
dhan-data/candles/minute/NSE_EQ/TATACONSUM/2025.parquet,1254923,d1e212f50d03b7ba157d6fae72cbbbec4b3b75ddb25ced13a7df10994752f6fa,93060,2025-01-01,2025-12-31
dhan-data/candles/minute/NSE_EQ/TATACONSUM/2026.parquet,897313,790102139929588f541007e806e0be342a7a7ff5200ce22f103231d945409765,69754,2026-01-01,2026-10-06
dhan-data/candles/minute/NSE_EQ/TATAELXSI/2024.parquet,418147,ef8ea380c782fea7f4c85be7d5920add01be715b9c19360ec58fec28cd41aeb8,21825,2024-10-07,2024-12-31
dhan-data/candles/minute/NSE_EQ/TATAELXSI/2025.parquet,1403750,d54296163d9a6fa9d984c700d76a107e13457281e84a23fc886b9fddae1922f3,93060,2025-01-01,2025-12-31
dhan-data/candles/minute/NSE_EQ/TATAELXSI/2026.parquet,1074511,13cf542fbd6f2976cea18199e1f6ac4a355d891d3edded7c4446e8c9ac38b6b4,69754,2026-01-01,2026-10-06
dhan-data/candles/minute/NSE_EQ/TATAPOWER/2024.parquet,324207,e06436ac659e28ebccad5ee96359d83cbb46c6ad0896873ef8f66ea9e77f3fc0,21825,2024-10-07,2024-12-31
dhan-data/candles/minute/NSE_EQ/TATAPOWER/2025.parquet,1205648,74df9e707917490c13cbb895989cef13b2ee0fd1a4a5c4efa4f7eb480d269013,93060,2025-01-01,2025-12-31
dhan-data/candles/minute/NSE_EQ/TATAPOWER/2026.parquet,905312,0051783b28f5d54375af8574f141dd861f08127e5ef5da26067c4e3fc1148da4,69754,2026-01-01,2026-10-06
dhan-data/candles/minute/NSE_EQ/TATASTEEL/2024.parquet,357829,c4a8abfcc242387fb4a60f950050a5e5b1acd4c737f92eebb869d6bb17a34741,21825,2024-10-07,2024-12-31
dhan-data/candles/minute/NSE_EQ/TATASTEEL/2025.parquet,1448198,d7e31c78bf5edd785e5f608f98daae4849926e621a1633d09053eb4a5d773f5f,93060,2025-01-01,2025-12-31
dhan-data/candles/minute/NSE_EQ/TATASTEEL/2026.parquet,1096118,f890170a893a0d8aaded8045b8be43378b1e37fd92e92a5d05d8004261748a9a,69754,2026-01-01,2026-10-06
dhan-data/candles/minute/NSE_EQ/TCS/2024.parquet,390497,0caecd23f3a16aa28f42ca808582915e25c3bc2f57d2702295a47b86785a79df,21825,2024-10-07,2024-12-31
dhan-data/candles/minute/NSE_EQ/TCS/2025.parquet,1472575,4d4bcb1dc138c17021cdabe55e7431e7155079772f13c185a2d925ce37f0639f,93060,2025-01-01,2025-12-31
dhan-data/candles/minute/NSE_EQ/TCS/2026.parquet,1092345,9406a28c38c63aaee8a6319694dcd1da4a238d8f1a9cfa507ae7c588d9db6b21,69754,2026-01-01,2026-10-06
dhan-data/candles/minute/NSE_EQ/TECHM/2024.parquet,333151,98148ca7ced4f254c38f33cf2fa63fb7237d6ffd96cb7060e9bf7ff74f028a18,21825,2024-10-07,2024-12-31
dhan-data/candles/minute/NSE_EQ/TECHM/2025.parquet,1333370,5382b420676428ce481a173d4bb0b6eaae2f04eb086795fc0b4aee84389e9594,93060,2025-01-01,2025-12-31
dhan-data/candles/minute/NSE_EQ/TECHM/2026.parquet,983516,3fb9fd9bab76d3585a1c49c571db728cd4489f2d1a4ab9b565fadaad97de25ae,69754,2026-01-01,2026-10-06
dhan-data/candles/minute/NSE_EQ/TIINDIA/2024.parquet,414882,8ad2d63a96b2cd5438180a97e0a625fb3e83772c31332666b4292c258d5c3b6a,21825,2024-10-07,2024-12-31
dhan-data/candles/minute/NSE_EQ/TIINDIA/2025.parquet,1436640,1e99ab4f4bc56145e5c56a59a344306742eafe882b4d460754de4a729c9f56cd,93060,2025-01-01,2025-12-31
dhan-data/candles/minute/NSE_EQ/TIINDIA/2026.parquet,1046841,c2d94ed52b97587faf1311768da9ef1ebf8b47a92474e299b863bc813731d230,69754,2026-01-01,2026-10-06
dhan-data/candles/minute/NSE_EQ/TITAN/2024.parquet,376796,4ce2b010627dbd8dc3c13e8982f0098384e2bd6b5aaebbccf7f63f8f7d360b7b,21825,2024-10-07,2024-12-31
dhan-data/candles/minute/NSE_EQ/TITAN/2025.parquet,1428047,908798ae93f4a76d3cb187cc13cf990c8c5a1b7684cee45c47ab4c314ecdcc98,93060,2025-01-01,2025-12-31
dhan-data/candles/minute/NSE_EQ/TITAN/2026.parquet,1056544,a591c90eee712b969ed1456f324c2fb658c478967cbe9d3b677672a27ff3fb0f,69754,2026-01-01,2026-10-06
dhan-data/candles/minute/NSE_EQ/TMPV/2024.parquet,358304,617ed85083906964c02d59f56997473b321e8b9266f6f10219d406f025b6cedc,21825,2024-10-07,2024-12-31
dhan-data/candles/minute/NSE_EQ/TMPV/2025.parquet,1386048,43e39ec1d55b20dab7b16e0914311f5bfe675e6630483fd3a366be860938994b,93035,2025-01-01,2025-12-31
dhan-data/candles/minute/NSE_EQ/TMPV/2026.parquet,951001,21cb9d70c9cdd8197a11487a6961c86c67ee09e86bddd3513e4a97b837eed5d0,69754,2026-01-01,2026-10-06
dhan-data/candles/minute/NSE_EQ/TORNTPHARM/2024.parquet,363294,c63d75b47d847f1319a3ff2e995da5650d28130fae5dd46abe22a34a93bc6b2c,21825,2024-10-07,2024-12-31
dhan-data/candles/minute/NSE_EQ/TORNTPHARM/2025.parquet,1369328,5f804e016b30f70c6cebcde8a824074e88a18a9bc690d9a6f419571b453cfbde,93060,2025-01-01,2025-12-31
dhan-data/candles/minute/NSE_EQ/TORNTPHARM/2026.parquet,1034967,3b93a17ab11f57911486705fe99bf867ca9865e616a0e85bc6b0dc7c69b36b29,69754,2026-01-01,2026-10-06
dhan-data/candles/minute/NSE_EQ/TRENT/2024.parquet,426555,610e039464fa85375e44d8ec5c4650b33b5882f069ce000b65ec179b74566b78,21825,2024-10-07,2024-12-31
dhan-data/candles/minute/NSE_EQ/TRENT/2025.parquet,1498080,a0f3a50ca84a69f7ac836c66f4f2e58d7281fe761505128ddb1f6c4b1d882e95,93060,2025-01-01,2025-12-31
dhan-data/candles/minute/NSE_EQ/TRENT/2026.parquet,1119646,48930c8763efd02e21634111b0f2b2c45cce3a78f4c0843c37b9e066e9a856df,69754,2026-01-01,2026-10-06
dhan-data/candles/minute/NSE_EQ/TVSMOTOR/2024.parquet,363185,95bc2bcf86b8f78bef841741acf055e83140ded0e90ea3755eba467e852d6056,21825,2024-10-07,2024-12-31
dhan-data/candles/minute/NSE_EQ/TVSMOTOR/2025.parquet,1432686,9ddeaaab2544e3f326897b27b2d5f34ee848834a93e27425128b9aed9fd75bf9,93060,2025-01-01,2025-12-31
dhan-data/candles/minute/NSE_EQ/TVSMOTOR/2026.parquet,1057178,548080de3ca7d120132bccb4d84695f4f584228112202d125d6b86a62029b660,69754,2026-01-01,2026-10-06
dhan-data/candles/minute/NSE_EQ/UJJIVANSFB/2024.parquet,289058,fcbec0ed46aaec43270d1118f673d8ba7fcfd6f1fbd13149889fefb1e6cc7e65,21825,2024-10-07,2024-12-31
dhan-data/candles/minute/NSE_EQ/UJJIVANSFB/2025.parquet,1211144,2cb7908bc151ff3934590b411862460c021a37fd8da6feeb63d758756d3779c0,93060,2025-01-01,2025-12-31
dhan-data/candles/minute/NSE_EQ/UJJIVANSFB/2026.parquet,980972,864ce4e3543345680c9ba7b4518eacd8167fc8125f7fedfa4717c16ae18f5448,70397,2026-01-01,2026-10-06
dhan-data/candles/minute/NSE_EQ/ULTRACEMCO/2024.parquet,426512,ee7153fc7d07f60fc807ec4b39e461e9f9dc0c6f1d6963856daa14975118ece5,21825,2024-10-07,2024-12-31
dhan-data/candles/minute/NSE_EQ/ULTRACEMCO/2025.parquet,1366450,071c7ec71e36b058e4974b1f2939d9aa08b31c0b4e3ad59fb76f983dc808beb7,93060,2025-01-01,2025-12-31
dhan-data/candles/minute/NSE_EQ/ULTRACEMCO/2026.parquet,854949,9a2bad8c8c70396bb0474bedd3907a604de572f6da5be15074a41c9c1eda3f96,69755,2026-01-01,2026-10-06
dhan-data/candles/minute/NSE_EQ/UNIONBANK/2024.parquet,331117,5846a49d60dd4d21e36d6d5bfe201609f3076ecd111d533bf572ff14f61ce52a,21825,2024-10-07,2024-12-31
dhan-data/candles/minute/NSE_EQ/UNIONBANK/2025.parquet,1400451,0ca4830ac30742521c7339c405452d55e33328d25f92dcb957b4f44ed85e3b60,93060,2025-01-01,2025-12-31
dhan-data/candles/minute/NSE_EQ/UNIONBANK/2026.parquet,1073779,6c769ffa0f919710e411df13e3bc5b7d334fa7df95014e1e306fddc7bb8f6bf7,69755,2026-01-01,2026-10-06
dhan-data/candles/minute/NSE_EQ/UNITDSPR/2024.parquet,320175,7199afe71452210a5e4a7223c01e07ec59fb892a43288770021b70ebec397e1e,21825,2024-10-07,2024-12-31
dhan-data/candles/minute/NSE_EQ/UNITDSPR/2025.parquet,1299224,5a4d9173841c456bed7aeb2736a88693ea3b925880065fb11083fc1057786ab9,93060,2025-01-01,2025-12-31
dhan-data/candles/minute/NSE_EQ/UNITDSPR/2026.parquet,897598,f3b8aef6dc74a7bc1624d8f0c3a46621357696161ce274a4f4f230351fb1cb7e,69755,2026-01-01,2026-10-06
dhan-data/candles/minute/NSE_EQ/UNOMINDA/2024.parquet,321276,b44cec225ace457ec01d6db5a4d4b67ad427c0b66c34f109fecce4194435a57f,21825,2024-10-07,2024-12-31
dhan-data/candles/minute/NSE_EQ/UNOMINDA/2025.parquet,1306620,790d6650957d3318d12fe7a713908161c060c22f4addeae4fdb87539339eaa3c,93060,2025-01-01,2025-12-31
dhan-data/candles/minute/NSE_EQ/UNOMINDA/2026.parquet,906689,fa0a9e95dee59dc9b4029726f1835793fb9eba547dee28f3b8b9e15b3b091610,69755,2026-01-01,2026-10-06
dhan-data/candles/minute/NSE_EQ/UPL/2024.parquet,303970,8237ffdaa526a76ddac8aa4bbd8508df3f5f6e5f6444fec06105e53445c4ddf6,21825,2024-10-07,2024-12-31
dhan-data/candles/minute/NSE_EQ/UPL/2025.parquet,1267280,f845c8c5ea8227ba3fb714f32da37835d0ba256432d053bcbfdc009aded75c0d,93060,2025-01-01,2025-12-31
dhan-data/candles/minute/NSE_EQ/UPL/2026.parquet,996606,d0319d50dc35660565efc29be62ff04ca19f9f531b5981386ec1cf2ae198667c,69755,2026-01-01,2026-10-06
dhan-data/candles/minute/NSE_EQ/VBL/2024.parquet,314468,abe78766ba4239aad7dde1424bdcf4d270443d9735735036795956bd4a51749b,21825,2024-10-07,2024-12-31
dhan-data/candles/minute/NSE_EQ/VBL/2025.parquet,1302614,c778fe5852df772c65fd0948b487519b5f9a2a5ae6eb153dc0cfdc810d15dc27,93060,2025-01-01,2025-12-31
dhan-data/candles/minute/NSE_EQ/VBL/2026.parquet,952180,1dbad3374fe9cf0f2267e24f3cc4543281e4f08e01390b9f0ccb79d59cca646a,69755,2026-01-01,2026-10-06
dhan-data/candles/minute/NSE_EQ/VEDL/2024.parquet,329483,5cb65e63f72539339b55dafec875d1422bc41010772df3b700e48ea1138b8a3e,21825,2024-10-07,2024-12-31
dhan-data/candles/minute/NSE_EQ/VEDL/2025.parquet,1309549,bd0b66ec80d0c6e548d73fe8befa7f67b1b313c6484a8cc0fab14aa369709f4d,93060,2025-01-01,2025-12-31
dhan-data/candles/minute/NSE_EQ/VEDL/2026.parquet,1096435,0f622e294814d9976b36cdd476335f8e29e99172205e472f11c9f296b88aa6e6,69733,2026-01-01,2026-10-06
dhan-data/candles/minute/NSE_EQ/VMM/2024.parquet,62850,03defb53a91d1e998b5e906c821a0a908de5b56bf2d0d18de7756429a588248d,3354,2024-12-18,2024-12-31
dhan-data/candles/minute/NSE_EQ/VMM/2025.parquet,1391717,cb71a2cc70460f719e4a1e75b35690ee2d64c5ef6cb483d3b364ce4f6df38ae8,93060,2025-01-01,2025-12-31
dhan-data/candles/minute/NSE_EQ/VMM/2026.parquet,993241,b4b0eb6bba4e8923144450e3314c08753b14f045b353783168a8cd9862c7a580,69755,2026-01-01,2026-10-06
dhan-data/candles/minute/NSE_EQ/VOLTAS/2024.parquet,347955,d4ebc56c083ae6eecbd8ad99e6f5d1c718b9a1d94dcbebd3dd67fc3c8d9f4e63,21825,2024-10-07,2024-12-31
dhan-data/candles/minute/NSE_EQ/VOLTAS/2025.parquet,1351625,8cf5437734daa315b7cc33f7d0bff7c1753c903218ff129cd327e9e9d1a89d7c,93060,2025-01-01,2025-12-31
dhan-data/candles/minute/NSE_EQ/VOLTAS/2026.parquet,943482,800b54e3b73bb7dc86df611846040877070a2035a3b7aba9edd6e49f2d417484,69755,2026-01-01,2026-10-06
dhan-data/candles/minute/NSE_EQ/WAAREEENER/2024.parquet,329622,29cfef8d4208602d6825d24a1cf37f49ba0817f934b68e80f6569b921f82a280,16170,2024-10-28,2024-12-31
dhan-data/candles/minute/NSE_EQ/WAAREEENER/2025.parquet,1520148,587f7dbe5cfb8f48b9a840e549d2ecf1c54413b7efe932b7739cc46c64f324b6,93060,2025-01-01,2025-12-31
dhan-data/candles/minute/NSE_EQ/WAAREEENER/2026.parquet,1067139,dcf835c06bd9784bae85aa34b58578c86baf3e375b95876084ac918a9e62baf8,69755,2026-01-01,2026-10-06
dhan-data/candles/minute/NSE_EQ/WIPRO/2024.parquet,311063,2ecb49a87cc630b5569360c028cc7d25f6b8668d2efc4e8231fb8288f7734b31,21825,2024-10-07,2024-12-31
dhan-data/candles/minute/NSE_EQ/WIPRO/2025.parquet,1345852,8d3923895e74ee6e0001d580f043fdfdeff6bd44f4ecb2fcb644537014835453,93060,2025-01-01,2025-12-31
dhan-data/candles/minute/NSE_EQ/WIPRO/2026.parquet,1107300,5348cf01bc5d2b2b5e263979fd5e8e12fd26bd14a8cfe37c29fe8279b375a677,69755,2026-01-01,2026-10-06
dhan-data/candles/minute/NSE_EQ/YESBANK/2024.parquet,293570,eb6e4e2aa7b57c51d1950488f83352e03a189a444b03edc93ee2d6b480ec4ca7,21825,2024-10-07,2024-12-31
dhan-data/candles/minute/NSE_EQ/YESBANK/2025.parquet,1208623,848cfc226623820f70fbd471b8543b31294076a6b765b077b66e9a43642a929b,93060,2025-01-01,2025-12-31
dhan-data/candles/minute/NSE_EQ/YESBANK/2026.parquet,914742,0a1637d921b8565b966680b88bc5f55ed1981a3284463321994d9366895116cf,69755,2026-01-01,2026-10-06
dhan-data/candles/minute/NSE_EQ/ZYDUSLIFE/2024.parquet,303948,e07d0954bb728d92782a64917ef9a0c1903c5b59e28328502f880a6587c02373,21825,2024-10-07,2024-12-31
dhan-data/candles/minute/NSE_EQ/ZYDUSLIFE/2025.parquet,1233397,2cbb164dafa7e1c70eda1b1a48bf833f02d7e76a413d8cd9161e8bdb4a288927,93060,2025-01-01,2025-12-31
dhan-data/candles/minute/NSE_EQ/ZYDUSLIFE/2026.parquet,948507,e4045e519f5840bb4de57e563d34e52b30f07525b6a7092393931b9986666771,69755,2026-01-01,2026-10-06
dhan-data/futures/BSE_FNO/BANKEX/2026-10-29_daily.parquet,14802,39a416e5cdaa0150db174f5442e3378fb09525be5e8d916e847f4c977bce4231,429,2024-12-26,2026-10-05
dhan-data/futures/BSE_FNO/BANKEX/2026-10-29_minute.parquet,16686,b0063d01b922258b6e64edff7d22a2cfe62369d5aa9c1580b4c6325670ee2d09,2458,2026-09-24,2026-10-06
dhan-data/futures/BSE_FNO/BANKEX/2026-11-26_daily.parquet,9304,f5680f184cf8749b4fb0ab6fe200d562e82503f8492a2bff8203e2f50f773f41,209,2025-01-27,2026-10-05
dhan-data/futures/BSE_FNO/BANKEX/2026-12-31_daily.parquet,5919,8897e6490be2804c3c1cd734556fc349f4d8b63709d968c0d5194a4c87d57939,62,2025-02-12,2026-09-23
dhan-data/futures/BSE_FNO/FOCIT/2026-10-29_daily.parquet,7039,d8d9873ee20e9ddc0a2d56a73171590cbb01f045a24eeb2bd91ffd10611218be,102,2026-05-11,2026-10-05
dhan-data/futures/BSE_FNO/FOCIT/2026-10-29_minute.parquet,22053,da41755b6fc58375ded29c5585c64ceaffbde3dc6e07ded6f2f89a21c06eddb4,3328,2026-09-22,2026-10-06
dhan-data/futures/BSE_FNO/FOCIT/2026-11-26_daily.parquet,6434,128b1bf49fe79b0356032403813fc97b128243a4e62256da46c075b4ce554de6,81,2026-05-14,2026-09-23
dhan-data/futures/BSE_FNO/FOCIT/2026-12-31_daily.parquet,5349,a106c539282d9a133198dd2e43239125b5d5fd90f37e48cca50585ddbc326db1,38,2026-06-19,2026-08-26
dhan-data/futures/BSE_FNO/SENSEX/2026-10-29_daily.parquet,16487,8ba49e0275c33773379686d4b173a0b852bd3a5e25c2ce41273c50e00907a5a8,431,2024-12-26,2026-10-05
dhan-data/futures/BSE_FNO/SENSEX/2026-10-29_minute.parquet,164762,a07b2569154fe63d6a946cc0fc45bb290d27cd143e03ddbc191ea3f0d20ddb82,16984,2026-07-31,2026-10-06
dhan-data/futures/BSE_FNO/SENSEX/2026-11-26_daily.parquet,15627,e991143313223640f00b9ba1e59c620b0f5dbbed5d2ddf43a45252ff754ca910,429,2024-12-26,2026-10-05
dhan-data/futures/BSE_FNO/SENSEX/2026-11-26_minute.parquet,69658,5c79d077e3a303ae315d0773f52afd78d3e8eeb92eb3925f17c395e39461c3b1,9028,2026-08-31,2026-10-06
dhan-data/futures/BSE_FNO/SENSEX/2026-12-31_daily.parquet,13027,2f886a809bd5a3f3c588abf2a782858ffa811fc7446c8e906b81cb0d4e16bc48,350,2024-12-26,2026-10-05
dhan-data/futures/BSE_FNO/SENSEX/2026-12-31_minute.parquet,14503,5ff61c9731d1d3f73dd3178cf520c7c5da42283fb58d3bd2eb31e98c26a2b151,2016,2026-09-25,2026-10-06
dhan-data/futures/BSE_FNO/SENSEX50/2026-10-29_daily.parquet,6240,d7e17638b1cccbc4160c619bc0c4f9d74a53c46ba2aa42c194ed561b058befdc,74,2025-07-28,2026-10-05
dhan-data/futures/BSE_FNO/SENSEX50/2026-11-26_daily.parquet,6570,6895a6d1804828e8a2316eb24adfd5ce573ba719c801902aac2017aabb9334e1,91,2025-08-08,2026-09-23
dhan-data/futures/BSE_FNO/SENSEX50/2026-12-31_daily.parquet,5524,75dda5e988ea831c3e16c3fdfb46001b73462c70d2b38c82d9436d67d56f6aff,46,2026-01-19,2026-08-26
dhan-data/futures/NSE_FNO/360ONE/2026-10-27_daily.parquet,13222,c983a3dbb071c8c4130898729be3eabec570419fe6306cc01102423b4514bea6,310,2025-06-27,2026-10-05
dhan-data/futures/NSE_FNO/360ONE/2026-10-27_minute.parquet,121466,e36b7d7e226a584b940a51915f908d5a4ae7586a6ecffcb4e59cef0967e9d8fe,15308,2026-08-04,2026-10-06
dhan-data/futures/NSE_FNO/ABB/2026-10-27_daily.parquet,16574,7f95b3990160c6aca5dd5dc5c02cb0a6b95a2513653cfc81804fc0e6c766c28b,430,2024-12-26,2026-10-05
dhan-data/futures/NSE_FNO/ABB/2026-10-27_minute.parquet,151901,8e0f1b32fe271acf5fba45f489e328059fb6d6720ab37bee36d5c93362ea2ce8,17824,2026-07-29,2026-10-06
dhan-data/futures/NSE_FNO/ABCAPITAL/2026-10-27_daily.parquet,17352,d9afe650b74c72ffa31d650121597612dcac1d0b2f795e409d5d750fe25bd699,430,2024-12-26,2026-10-05
dhan-data/futures/NSE_FNO/ABCAPITAL/2026-10-27_minute.parquet,145661,0a56212518106271e169ec54fb7e6dfe394e8baf6d8d54a0a0c06cd8dbc7c26d,17711,2026-07-29,2026-10-06
dhan-data/futures/NSE_FNO/ADANIENSOL/2026-10-27_daily.parquet,17078,6ed3394a10dd54ebb7a3e6a82973ba2cb610a4557208a0326f4e7a0ca13855ad,430,2024-12-26,2026-10-05
dhan-data/futures/NSE_FNO/ADANIENSOL/2026-10-27_minute.parquet,152418,2d2d68ddfadbca5300d910fd8e07e82fb2bf87860c666f230d4033146818829c,16577,2026-07-29,2026-10-06
dhan-data/futures/NSE_FNO/ADANIENT/2026-10-27_daily.parquet,17188,f37ad2950f7dcc6756f238a8badb227bf605408db6707c6d609cca3654c9a710,430,2024-12-26,2026-10-05
dhan-data/futures/NSE_FNO/ADANIENT/2026-10-27_minute.parquet,183001,fcd26370dddccf02bd027fc32adfe4303d02823e7e5e7796be2bf9b847d0471d,17784,2026-07-29,2026-10-06
dhan-data/futures/NSE_FNO/ADANIGREEN/2026-10-27_daily.parquet,16987,9e07673d4326752eda06748abf389ae8ff51f6d753f24538eebeb38b64163b4c,430,2024-12-26,2026-10-05
dhan-data/futures/NSE_FNO/ADANIGREEN/2026-10-27_minute.parquet,156644,364b6e03b198a49e78ec70343ad64f850661658928ed2a466d6aa91fb1b8c632,17912,2026-07-29,2026-10-06
dhan-data/futures/NSE_FNO/ADANIPORTS/2026-10-27_daily.parquet,16993,64d6e80d29e1f4fccc425f052c43ce5edc830e3ade3496a7a45f802b1885a1b8,430,2024-12-26,2026-10-05
dhan-data/futures/NSE_FNO/ADANIPORTS/2026-10-27_minute.parquet,175091,82e17eaa26d57b0fca212127ec961e86027a506566ecf08b9a3055738d769fdf,18018,2026-07-29,2026-10-06
dhan-data/futures/NSE_FNO/ADANIPOWER/2026-10-27_daily.parquet,8370,e41cdbd7f614bc73b5f76b5c92189962487328955bd95a1fff750e219fb3de49,126,2026-04-01,2026-10-05
dhan-data/futures/NSE_FNO/ADANIPOWER/2026-10-27_minute.parquet,191050,34512a837cadd0f2cdffbde5b04cf82320c7b77b2919b22802d22e9958a893e8,17989,2026-07-29,2026-10-06
dhan-data/futures/NSE_FNO/ALKEM/2026-10-27_daily.parquet,16093,8e435388a5cfc9a02bc795aee0583e3f9bc977ea40e8e8724912d8b42d3d3d5a,430,2024-12-26,2026-10-05
dhan-data/futures/NSE_FNO/ALKEM/2026-10-27_minute.parquet,120015,0b94fa230cf3b63f6aa34b71cbb3bd557361a089270b7cfa61eb08dcd1b1d516,15763,2026-08-03,2026-10-06
dhan-data/futures/NSE_FNO/AMBER/2026-10-27_daily.parquet,13141,aaf05ee5e636a002c90ae54bb89a49070bc83428ffbad843cd854bf983d2aeb6,310,2025-06-27,2026-10-05
dhan-data/futures/NSE_FNO/AMBER/2026-10-27_minute.parquet,146398,cb7867845e99d341f471793c52aca9e59c5bb6883b140e7120c3ea4e2ff1a594,17201,2026-07-29,2026-10-06
dhan-data/futures/NSE_FNO/AMBUJACEM/2026-10-27_daily.parquet,17031,9a23b54b343331b341679b486964d613b84e1c93217832a63e9338e4bc71cb4a,430,2024-12-26,2026-10-05
dhan-data/futures/NSE_FNO/AMBUJACEM/2026-10-27_minute.parquet,170857,0f168229fd84c88451d6fe5f8c5c6739107b2d4231d869a98eaed8e59fa5b8f4,17941,2026-07-29,2026-10-06
dhan-data/futures/NSE_FNO/ANANDRATHI/2026-10-27_daily.parquet,4612,aadda246825a6062dc2f5cd7897ab7a94b72a7c5543b39c51582ffd7e1db8547,3,2026-09-30,2026-10-05
dhan-data/futures/NSE_FNO/ANANDRATHI/2026-10-27_minute.parquet,24033,75ce6104b3d9efe9b7846eaf3f370d807e3dc23b9ebc6fc5efc13fd8e28e9482,1460,2026-09-30,2026-10-06
dhan-data/futures/NSE_FNO/ANGELONE/2026-10-27_daily.parquet,17473,a8e8c4fe69e5775a7b3b8e9b9cdcfc06a1b1d4ef1db2df5b12051ae373395cb0,430,2024-12-26,2026-10-05
dhan-data/futures/NSE_FNO/ANGELONE/2026-10-27_minute.parquet,159829,ca586142cdfc50e852d62164d8364bc97ebee2a02aecef13ab2c93bd229dbce3,18258,2026-07-29,2026-10-06
dhan-data/futures/NSE_FNO/APLAPOLLO/2026-10-27_daily.parquet,17064,69196b125e3ccd43f115a13217913fff91cc81ff73fe4a0117a6f5fe75cbf53a,430,2024-12-26,2026-10-05
dhan-data/futures/NSE_FNO/APLAPOLLO/2026-10-27_minute.parquet,142689,99ee92cff9440163514ed245482af8243862ebc9295001a28c7502c44c3519ba,16141,2026-07-31,2026-10-06
dhan-data/futures/NSE_FNO/APOLLOHOSP/2026-10-27_daily.parquet,16756,1fae8b7df2ad8b432056cb641bf14d2f1ff85ed94b63ebc33c08a4db15dc27ae,430,2024-12-26,2026-10-05
dhan-data/futures/NSE_FNO/APOLLOHOSP/2026-10-27_minute.parquet,155090,0aa92faa065a57be71ea43ebe2b059ea387b187e05e1e59225f30bf0b51cd42b,17358,2026-07-29,2026-10-06
dhan-data/futures/NSE_FNO/ASHOKLEY/2026-10-27_daily.parquet,17940,44213f255ed5a91d63c825f27774a46f657be55cb248ced6233cc5862754ea5d,430,2024-12-26,2026-10-05
dhan-data/futures/NSE_FNO/ASHOKLEY/2026-10-27_minute.parquet,196423,0966f7dad12c03426302e4236b4a8e4048e9dbcd125542252b64707e39b0cb39,18297,2026-07-29,2026-10-06
dhan-data/futures/NSE_FNO/ASIANPAINT/2026-10-27_daily.parquet,16902,f1f1cada69564e5ea4542ef31d008e5fb9a577742be797a477b3b0da0403baba,430,2024-12-26,2026-10-05
dhan-data/futures/NSE_FNO/ASIANPAINT/2026-10-27_minute.parquet,167548,1d9594989fbd9317a992f50279d812a36cc43d379c606aa703b5a6f3df424947,17737,2026-07-29,2026-10-06
dhan-data/futures/NSE_FNO/ASTRAL/2026-10-27_daily.parquet,16650,e1523977b52c524e5739e1f32855c506dc09a2e260048ce68fe8fc4f42442ed0,430,2024-12-26,2026-10-05
dhan-data/futures/NSE_FNO/ASTRAL/2026-10-27_minute.parquet,151055,58e27f4bd65d9c4d35f05204a88b057f111d46de3567c43cf6682e7550f9ac76,17525,2026-07-29,2026-10-06
dhan-data/futures/NSE_FNO/ATHERENERG/2026-10-27_daily.parquet,5358,5a7f3fade5050bf092daa88b1eb1323e4506f29e9e7a315893239c6fa568c4cd,27,2026-08-26,2026-10-05
dhan-data/futures/NSE_FNO/ATHERENERG/2026-10-27_minute.parquet,133757,400c10834f4c9fb509636dccff1a525ab1507ec7e9558393c7d21ad0055ab043,10639,2026-08-26,2026-10-06
dhan-data/futures/NSE_FNO/AUBANK/2026-10-27_daily.parquet,17044,90aa8eeeb3201997e5f5acf3886504ee8da33290c2e3a83525484a499d55de91,430,2024-12-26,2026-10-05
dhan-data/futures/NSE_FNO/AUBANK/2026-10-27_minute.parquet,157073,d2ba4097bc16713c26fef6ffd3d3ae35354a33aaf585d86cdcb2bb8d9228696d,17718,2026-07-29,2026-10-06
dhan-data/futures/NSE_FNO/AUROPHARMA/2026-10-27_daily.parquet,16878,ab9480da3dbb86c4e35876a5841426363fa7d3be19fde2e9041103e7b3061d1f,430,2024-12-26,2026-10-05
dhan-data/futures/NSE_FNO/AUROPHARMA/2026-10-27_minute.parquet,140699,e73d4fee1b32be414fc531095e2e29b405de1a23d595f84cb0a5711a9a9c3994,17072,2026-07-29,2026-10-06
dhan-data/futures/NSE_FNO/AXISBANK/2026-10-27_daily.parquet,16977,d83afe745d771ec4f3a6e0764634e33d07aa6183b4c8630fffa6faa9eba21c59,430,2024-12-26,2026-10-05
dhan-data/futures/NSE_FNO/AXISBANK/2026-10-27_minute.parquet,188093,1e504821873a0385541ea67be210caab676c9a4e9c4bd2fd7fa353bb99a95930,18280,2026-07-29,2026-10-06
dhan-data/futures/NSE_FNO/BAJAJ-AUTO/2026-10-27_daily.parquet,16668,44cef259a254fc779d0a621f226321200957d7eb3324d398e5e83a177c63afc4,429,2024-12-26,2026-10-05
dhan-data/futures/NSE_FNO/BAJAJ-AUTO/2026-10-27_minute.parquet,156169,eff7ed03b236d38874011ea27a6eb849fe27ba09c51109ff9325bd91ac88b40b,17438,2026-07-29,2026-10-06
dhan-data/futures/NSE_FNO/BAJAJFINSV/2026-10-27_daily.parquet,16890,ca6aba9715b6f09bdff96770dab6f2074bad4a80015221d434af948cc711f773,430,2024-12-26,2026-10-05
dhan-data/futures/NSE_FNO/BAJAJFINSV/2026-10-27_minute.parquet,165313,0c3e7f5c0ce5452a2c89e7e74b67abf9f3fa87b0be06126b6c24d83956e697d9,17733,2026-07-30,2026-10-06
dhan-data/futures/NSE_FNO/BAJAJHLDNG/2026-10-27_daily.parquet,9409,a592ad110cfe0b03b494c498dbee04a09661917a16c8d1f20c33d8d143de534e,186,2025-12-31,2026-10-05
dhan-data/futures/NSE_FNO/BAJAJHLDNG/2026-10-27_minute.parquet,87703,f2de45c4b3ac0e8aecddaceccabbaeba0c4772d5b2622c856a1bab07bf71c057,11884,2026-07-31,2026-10-06
dhan-data/futures/NSE_FNO/BAJFINANCE/2026-10-27_daily.parquet,17320,040aa42ef1bfb9d21183cb49156cf91c15eea98409de19596f5a440ca5172794,430,2024-12-26,2026-10-05
dhan-data/futures/NSE_FNO/BAJFINANCE/2026-10-27_minute.parquet,203559,e1a2eb09d887449837ff30ddad50b4b0e433fe61450cd6c643ce539155dd9762,18247,2026-07-29,2026-10-06
dhan-data/futures/NSE_FNO/BANDHANBNK/2026-10-27_daily.parquet,17500,d07da0686b88618644c933a2c2fc56a5114645dc1fef2a973c60516572c7e679,430,2024-12-26,2026-10-05
dhan-data/futures/NSE_FNO/BANDHANBNK/2026-10-27_minute.parquet,146404,da3b1e4d9187987da32ea04aa71131cf4f952290ce9e225961a18b824085ffb5,15032,2026-07-29,2026-10-06
dhan-data/futures/NSE_FNO/BANKBARODA/2026-10-27_daily.parquet,17499,b086b051ad9aece16c027e284fd0d93f851152bb838e7eccab6d2a603e75de91,430,2024-12-26,2026-10-05
dhan-data/futures/NSE_FNO/BANKBARODA/2026-10-27_minute.parquet,196425,cc614fd5e6dbc0c593b3f406423ea853d22dc536d41edb2d3445c0cef2100910,18222,2026-07-29,2026-10-06
dhan-data/futures/NSE_FNO/BANKINDIA/2026-10-27_daily.parquet,17671,0ae8223a48a2b504f2f346a248b7fa16ba885abbe6e1c3472e602111293aae0b,430,2024-12-26,2026-10-05
dhan-data/futures/NSE_FNO/BANKINDIA/2026-10-27_minute.parquet,158579,d57e2a80afb047f15818cd47f8aec48139d343f6c657ee3f82c20c87016b2823,18059,2026-07-29,2026-10-06
dhan-data/futures/NSE_FNO/BANKNIFTY/2026-10-27_daily.parquet,17136,cbc1fe14eb411f473b575074a57e9889a9a4a6f01c9d2de2d6636cd1b2605543,430,2024-12-26,2026-10-05
dhan-data/futures/NSE_FNO/BANKNIFTY/2026-10-27_minute.parquet,296125,f7553512580631f362de892f88051a1d2d82b74da1024db28440534fa6a30aaf,18344,2026-07-29,2026-10-06
dhan-data/futures/NSE_FNO/BANKNIFTY/2026-11-23_daily.parquet,16933,d24fd4460d594c93c246434ef780d11a14922b7b02aa4707ca448a3bef51fbe7,430,2024-12-26,2026-10-05
dhan-data/futures/NSE_FNO/BANKNIFTY/2026-11-23_minute.parquet,147887,67c37188e83659e219bfce7a3cdccc8e1a12fa4a81b9de2a6198568c1d21ead7,10679,2026-08-26,2026-10-06
dhan-data/futures/NSE_FNO/BANKNIFTY/2026-12-29_daily.parquet,16273,62999048a9ecdd5292b5e4220665e5eeeed0d175ff027dbca787af013342348c,421,2024-12-26,2026-10-05
dhan-data/futures/NSE_FNO/BANKNIFTY/2026-12-29_minute.parquet,24627,6030ae9707ee24e959127837152f4b2eecf6ec7a9137a287f8809c442a2a2034,1445,2026-09-30,2026-10-06
dhan-data/futures/NSE_FNO/BDL/2026-10-27_daily.parquet,14103,05c65398e9f26f076b92aac5eae6d4e191f2071cffcad8d5544285ebd044f3cc,329,2025-05-30,2026-10-05
dhan-data/futures/NSE_FNO/BDL/2026-10-27_minute.parquet,194585,964818f6f4a42ec2405608f75ee10ba820c75469c0bf3db83a43c3e3e4cefa97,18115,2026-07-29,2026-10-06
dhan-data/futures/NSE_FNO/BEL/2026-10-27_daily.parquet,16871,65d19a84b1e4787c658029a5572325d156b11b0b5364c65f08a0c416ddd45dec,430,2024-12-26,2026-10-05
dhan-data/futures/NSE_FNO/BEL/2026-10-27_minute.parquet,195872,d6eefa6c511e6c4fa9bee424eab9d28ef3dd35a02636e81d3585dd9243ab1a0f,18337,2026-07-29,2026-10-06
dhan-data/futures/NSE_FNO/BHARATFORG/2026-10-27_daily.parquet,17130,b2cecba7fdbbac49619bb8fd637534aafcf2a48a453589888e40502186584a89,430,2024-12-26,2026-10-05
dhan-data/futures/NSE_FNO/BHARATFORG/2026-10-27_minute.parquet,156644,c988bd294fabaa54ce4943795f91e257d86d22408ce9672ac4d23fa46af229ae,16896,2026-07-31,2026-10-06
dhan-data/futures/NSE_FNO/BHARTIARTL/2026-10-27_daily.parquet,16989,77e81c294079787a94ae6c05de669340f30deac24312e30fde974ef6bbd210b5,430,2024-12-26,2026-10-05
dhan-data/futures/NSE_FNO/BHARTIARTL/2026-10-27_minute.parquet,206901,7d760397247ee7028d44c68cde80c0b200d2ce7ad953bef96d2a1e627966ef11,18258,2026-07-29,2026-10-06
dhan-data/futures/NSE_FNO/BHEL/2026-10-27_daily.parquet,17482,6d921ee43c2d5b260d139ef3eda2f89ee9c463e067783440ed1229f5887b1c9a,430,2024-12-26,2026-10-05
dhan-data/futures/NSE_FNO/BHEL/2026-10-27_minute.parquet,162037,a3e1c65116ade2daa4faa7b0844a7ef940be5858a8c20394fe232fe8e7d217f4,18038,2026-07-29,2026-10-06
dhan-data/futures/NSE_FNO/BIOCON/2026-10-27_daily.parquet,16466,b50735300c34a0fdc7e94570260ce835cac2aa05243690364380f3cd3a27b981,430,2024-12-26,2026-10-05
dhan-data/futures/NSE_FNO/BIOCON/2026-10-27_minute.parquet,155349,2163a7da23f51dade43d4adabacb650a1835997a7c8a1c21bb4fef7e2730c770,17667,2026-07-29,2026-10-06
dhan-data/futures/NSE_FNO/BLUESTARCO/2026-10-27_daily.parquet,14034,7073f17df929936b7d03cf987a5879fe402b3656df4dbca6913337a509372b57,329,2025-05-30,2026-10-05
dhan-data/futures/NSE_FNO/BLUESTARCO/2026-10-27_minute.parquet,156626,28f7e2daddae1eb2064207bbc6432406fe72c5e786cd24287fbb434db73211f5,16005,2026-07-31,2026-10-06
dhan-data/futures/NSE_FNO/BOSCHLTD/2026-10-27_daily.parquet,16521,98065fcf5f17e75230fa4a7c76642b20efe9723e3f8ce48473fd9194fcb50ce6,430,2024-12-26,2026-10-05
dhan-data/futures/NSE_FNO/BOSCHLTD/2026-10-27_minute.parquet,131149,61ed75d26866032128c8d93c5e88fd4f3446ac906d148a7a24488286342f2b8b,16525,2026-07-31,2026-10-06
dhan-data/futures/NSE_FNO/BPCL/2026-10-27_daily.parquet,16582,c8d766212ea166bb5b530802483a1fa9f454ada4f509ab1ab231e9aa23b14d6c,430,2024-12-26,2026-10-05
dhan-data/futures/NSE_FNO/BPCL/2026-10-27_minute.parquet,139360,cd50e4f5421fb79051ecdcb2256ffce683bbdf5ad70e87d150fb8ce1e29ea3eb,17225,2026-07-29,2026-10-06
dhan-data/futures/NSE_FNO/BRITANNIA/2026-10-27_daily.parquet,16347,208ae067d0116332f0336dab64fabfb88cac75418908e8ed9ef412867a215d6f,430,2024-12-26,2026-10-05
dhan-data/futures/NSE_FNO/BRITANNIA/2026-10-27_minute.parquet,141555,05edba4c94954ab3cd8ca700fd9c60143913560a7f44375bff9393e20d14af2a,16273,2026-07-29,2026-10-06
dhan-data/futures/NSE_FNO/BSE/2026-10-27_daily.parquet,17230,d508a2dc18a47ead922e9ceb7786219b38c072f702404bfe6fd3b42335df372c,430,2024-12-26,2026-10-05
dhan-data/futures/NSE_FNO/BSE/2026-10-27_minute.parquet,253328,5cbe6bdd6d3d689a567550143821e0a591b146f9aee6cfa000dc75d4c19528e0,18337,2026-07-29,2026-10-06
dhan-data/futures/NSE_FNO/CAMS/2026-10-27_daily.parquet,17234,6a01d7e634272a3cff7b80d3e8419fafc9f7db6617fee1689a0e803caa01ee3e,430,2024-12-26,2026-10-05
dhan-data/futures/NSE_FNO/CAMS/2026-10-27_minute.parquet,153548,6f1a042dff76af8463a2db9a36a769863d709dcee2969227798cdecc25cbcc9e,17370,2026-07-29,2026-10-06
dhan-data/futures/NSE_FNO/CANBK/2026-10-27_daily.parquet,17983,af14ad3a90512f6321edf72ba9b62d55b88f44fbbc7c173473b4baf066dfecd4,430,2024-12-26,2026-10-05
dhan-data/futures/NSE_FNO/CANBK/2026-10-27_minute.parquet,185544,e56c370fb203651741d0608f8f0e2cb481cb092b4f179bd2f0224db69f2a6934,18200,2026-07-29,2026-10-06
dhan-data/futures/NSE_FNO/CDSL/2026-10-27_daily.parquet,16839,addca90b72ed4e21f44d1341cef02fe95c6680006302c6fef886a2b8504638cb,430,2024-12-26,2026-10-05
dhan-data/futures/NSE_FNO/CDSL/2026-10-27_minute.parquet,186607,646af7ecafd52486282b1b724becd95a9b0c7560821ad1186ea9b32b37f2fb6e,18168,2026-07-29,2026-10-06
dhan-data/futures/NSE_FNO/CGPOWER/2026-10-27_daily.parquet,16885,6078380bca1e3ff3edf03fd1d6554553d6d13081cc31aa9861fb3877a296bb90,430,2024-12-26,2026-10-05
dhan-data/futures/NSE_FNO/CGPOWER/2026-10-27_minute.parquet,159750,f35e81e58840fce8916bd166b3e99e55a185556d5c0cd32f9a61016b51804b29,17616,2026-07-29,2026-10-06
dhan-data/futures/NSE_FNO/CHOLAFIN/2026-10-27_daily.parquet,16773,9aaabb52c1d94f2f89a46aa4456703745dffbd98e29c5f7c820a5977555f0aaf,430,2024-12-26,2026-10-05
dhan-data/futures/NSE_FNO/CHOLAFIN/2026-10-27_minute.parquet,156017,d1e9e77f34926c33137c6c251e223c8879d86ac69f6aef8fd600088978f3e111,17651,2026-07-29,2026-10-06
dhan-data/futures/NSE_FNO/CIPLA/2026-10-27_daily.parquet,16627,0702fa32ffe663b597d5c34c4122a8a2cbdebe8f6706da88538e24680de95218,430,2024-12-26,2026-10-05
dhan-data/futures/NSE_FNO/CIPLA/2026-10-27_minute.parquet,144150,15cf7a2fc23dff1306b50e43c5fbb221d1c2f8c836f0bd0b8a6263f5c360f63c,16754,2026-07-29,2026-10-06
dhan-data/futures/NSE_FNO/COALINDIA/2026-10-27_daily.parquet,16545,568819c89e057c8a4d063987054e8699620b498a495353a1ccf8aba209f040cd,430,2024-12-26,2026-10-05
dhan-data/futures/NSE_FNO/COALINDIA/2026-10-27_minute.parquet,166388,e1066aff14bab92449a81e529986160b8ff99cbafed4945d38b686b77b03382d,18160,2026-07-29,2026-10-06
dhan-data/futures/NSE_FNO/COCHINSHIP/2026-10-27_daily.parquet,8133,652b4c2433db22615ebeb68ae785066dd67bc300ca2870614b65491f18249fdd,126,2026-04-01,2026-10-05
dhan-data/futures/NSE_FNO/COCHINSHIP/2026-10-27_minute.parquet,159638,fdea5ecd7d816ee1da95bb27bfb5a5eb67f0f9a4dd07d1da59f470792ed768fd,17166,2026-07-30,2026-10-06
dhan-data/futures/NSE_FNO/COFORGE/2026-10-27_daily.parquet,17323,45d5d1308a34136908e0ae87fc8caf952fe1f52a7c57a8764847496954cca7b6,430,2024-12-26,2026-10-05
dhan-data/futures/NSE_FNO/COFORGE/2026-10-27_minute.parquet,175967,1a73d50fbef653caadad78e91fd542aea58b32c37ccba698ce8defe0cc2de4e9,18242,2026-07-29,2026-10-06
dhan-data/futures/NSE_FNO/COLPAL/2026-10-27_daily.parquet,17160,e5048abb5158a2609ea8c13ae2645dea986e34ffdd3c59cc057458b5747a7080,430,2024-12-26,2026-10-05
dhan-data/futures/NSE_FNO/COLPAL/2026-10-27_minute.parquet,165677,870d95fe3510bda2e31961cb448d07cf5fe9a7cccef57d0cfed4c327eb6524da,17847,2026-07-29,2026-10-06
dhan-data/futures/NSE_FNO/CONCOR/2026-10-27_daily.parquet,16926,81b5bf9c96fb5addaff09976074769f54241e9c092dfc68a4599e42bf7153fe7,430,2024-12-26,2026-10-05
dhan-data/futures/NSE_FNO/CONCOR/2026-10-27_minute.parquet,151567,2c834734a8d82d49554c45455e2c6257682aa16788dc8965238d86582061d45b,16919,2026-07-29,2026-10-06
dhan-data/futures/NSE_FNO/CROMPTON/2026-10-27_daily.parquet,17030,800ed0bf5ae89f7d0905dbd44a3eff18d9ccc6fa81e79e0fcbf8decfbefd6609,430,2024-12-26,2026-10-05
dhan-data/futures/NSE_FNO/CROMPTON/2026-10-27_minute.parquet,177360,ac1f8ab7f06cab5a72372976c0cfdb420c33a9192266022be4b7b7c03fcb0cd5,17785,2026-07-29,2026-10-06
dhan-data/futures/NSE_FNO/CUMMINSIND/2026-10-27_daily.parquet,17137,107ddd8e36fbc9edb1a0baf1e96384a815a3fcb30de588ce5781866b72c56c28,430,2024-12-26,2026-10-05
dhan-data/futures/NSE_FNO/CUMMINSIND/2026-10-27_minute.parquet,160667,a93cc1817570adf51f529c8e01417f8ae33aea2f2bcde2aa5fc2953e476f1ec5,17328,2026-07-29,2026-10-06
dhan-data/futures/NSE_FNO/DABUR/2026-10-27_daily.parquet,16611,9a115c1837ac179c52fdd6dac3943e5a05b23202f109c2613b3b846063d3660f,430,2024-12-26,2026-10-05
dhan-data/futures/NSE_FNO/DABUR/2026-10-27_minute.parquet,163837,5cf23a4c5f276ad61c76416317abacaf15765fd5ac2049be834f13a43d1c51d6,18192,2026-07-29,2026-10-06
dhan-data/futures/NSE_FNO/DELHIVERY/2026-10-27_daily.parquet,16684,ddaa737f3313e74a7bbcb52f612431f0202b13f5f051abbeff09a812a8f79862,430,2024-12-26,2026-10-05
dhan-data/futures/NSE_FNO/DELHIVERY/2026-10-27_minute.parquet,150164,88b69147da729220f17f9f3d043e68c035664ad24c454a66aceb4cb067430eb8,17487,2026-07-29,2026-10-06
dhan-data/futures/NSE_FNO/DIVISLAB/2026-10-27_daily.parquet,16542,1203993cd8147a3eaadd8a7d9a500f45832ad02fa6ac00741a7e32322467e16d,430,2024-12-26,2026-10-05
dhan-data/futures/NSE_FNO/DIVISLAB/2026-10-27_minute.parquet,182147,f9912e6a37311feeca756bbbc85aeddaffd9bdf3d5de27c3babb2db072891cff,18061,2026-07-29,2026-10-06
dhan-data/futures/NSE_FNO/DIXON/2026-10-27_daily.parquet,16717,dd99e1c775747d6d14f6f2c8a12a9d42fee55c7ed790128078b823056627c76a,430,2024-12-26,2026-10-05
dhan-data/futures/NSE_FNO/DIXON/2026-10-27_minute.parquet,210690,b5fe9176c49bb036746a60f7c0752bafcf6fcc342cfb9944ac12d20b25752a87,18240,2026-07-29,2026-10-06
dhan-data/futures/NSE_FNO/DLF/2026-10-27_daily.parquet,16955,39ea91862741812269702e20cbf2632828d718159338cbddf7e2fbc6768e5eea,430,2024-12-26,2026-10-05
dhan-data/futures/NSE_FNO/DLF/2026-10-27_minute.parquet,170912,e40ec969085b439b9d9c3cf3267a396e5a024ba6acb0c1f6952609a03dac1cde,18000,2026-07-29,2026-10-06
dhan-data/futures/NSE_FNO/DMART/2026-10-27_daily.parquet,17023,c3cf94b32aa3948a61d30236815bb8a636a4e9744794f3052332e1a3d71af509,430,2024-12-26,2026-10-05
dhan-data/futures/NSE_FNO/DMART/2026-10-27_minute.parquet,179498,b7f662da11543afee9ba6b8bc408595a46d62306ac6bdbd2a124f69add1565ac,18139,2026-07-29,2026-10-06
dhan-data/futures/NSE_FNO/DRREDDY/2026-10-27_daily.parquet,16430,f33262d944e549543ebd7fb6e9aae3b9230a43f018673cca4af14fe06911baf6,430,2024-12-26,2026-10-05
dhan-data/futures/NSE_FNO/DRREDDY/2026-10-27_minute.parquet,173116,ffd441022ca910d9adcc6ad8ec7f5f9cd44fd6268212f41c23a7f23067f9dc8d,18067,2026-07-29,2026-10-06
dhan-data/futures/NSE_FNO/EICHERMOT/2026-10-27_daily.parquet,16559,5a774196251b4979a40601981f0ca9edc6d59dcc03c9551b00c571d1c057e8b4,430,2024-12-26,2026-10-05
dhan-data/futures/NSE_FNO/EICHERMOT/2026-10-27_minute.parquet,169370,00cd8a3ff4ddbceaf1bc788eb9eeb809b546ebfb1792999c77db0347aeef72e1,18209,2026-07-29,2026-10-06
dhan-data/futures/NSE_FNO/ENRIN/2026-10-27_daily.parquet,4612,e02aa12f71ba8549e0cc83ae865d997fa945e8df8a83977309a2e47209ce4193,3,2026-09-30,2026-10-05
dhan-data/futures/NSE_FNO/ENRIN/2026-10-27_minute.parquet,26920,0371b023a38ef10bbf5f0d9f8be3c2e750dd6e14afafe0d29c19e7b2e5770fba,1460,2026-09-30,2026-10-06
dhan-data/futures/NSE_FNO/ETERNAL/2026-10-27_daily.parquet,17481,8e7ca8032b2ef7eb26844671d28c1f50ed1d46c7822c0185d09bb279fdbc1078,429,2024-12-26,2026-10-05
dhan-data/futures/NSE_FNO/ETERNAL/2026-10-27_minute.parquet,183518,ce9ab74ec71181d07c0a99e547a411180e51be369f9aae26319d614921752413,18309,2026-07-29,2026-10-06
dhan-data/futures/NSE_FNO/FEDERALBNK/2026-10-27_daily.parquet,17504,754dcf91310cf27608ee22ea12b335774cfeae0877e411972db8fad454ce7cb6,430,2024-12-26,2026-10-05
dhan-data/futures/NSE_FNO/FEDERALBNK/2026-10-27_minute.parquet,166730,bea2851f944351e68272274abef0b0b83acb424a12664c847579421169bab109,18151,2026-07-29,2026-10-06
dhan-data/futures/NSE_FNO/FINNIFTY/2026-10-27_daily.parquet,16160,51a652c2db2c8851b0d48784866e9b4e08bd2757a461cc484bfccbab7815714e,430,2024-12-26,2026-10-05
dhan-data/futures/NSE_FNO/FINNIFTY/2026-10-27_minute.parquet,34814,58728495cd618f8ed8f85edcb93998040f5016406759cf1f78f9d3a9b6a95128,3657,2026-09-11,2026-10-06
dhan-data/futures/NSE_FNO/FINNIFTY/2026-11-23_daily.parquet,14009,4f84293ad6a025d3cbecac3c48f8174f5f43493604a688d9606693c5abffe899,430,2024-12-26,2026-10-05
dhan-data/futures/NSE_FNO/FINNIFTY/2026-11-23_minute.parquet,6520,41c1bacb6a38244f2e8b4c6b8e5231f251e9a4bffa142307851b0dd3e15f378e,434,2026-09-30,2026-10-01
dhan-data/futures/NSE_FNO/FINNIFTY/2026-12-29_daily.parquet,7751,06505e5419136426996f806bf72a2fffca2e97f369e54e62bf19196893b28480,378,2024-12-26,2026-09-29
dhan-data/futures/NSE_FNO/FORCEMOT/2026-10-27_daily.parquet,7896,10e8ff82d2295a46e9ff6ee81b475978ba3d0e4da38ba95fbf7ce0cfd2864e4b,126,2026-04-01,2026-10-05
dhan-data/futures/NSE_FNO/FORCEMOT/2026-10-27_minute.parquet,155531,b3a06b2740197418a1e2c6282ae87ff24c4dcd5da04943d9f8d61f90d4c3b03d,17523,2026-07-29,2026-10-06
dhan-data/futures/NSE_FNO/FORTIS/2026-10-27_daily.parquet,13977,95e001c2c77af010250145ee06e3d16b83fd466e95b45b3a1938a1a3ba57357e,329,2025-05-30,2026-10-05
dhan-data/futures/NSE_FNO/FORTIS/2026-10-27_minute.parquet,141635,5d002e4deaf24b737db31be41bd8004575814dbed92f5f5ad21408ae9083024b,16337,2026-07-31,2026-10-06
dhan-data/futures/NSE_FNO/GAIL/2026-10-27_daily.parquet,17442,103e2775ca4fa2512771e27a52000b8afd36f2f0ff879213cdd8abc99b1b6e54,430,2024-12-26,2026-10-05
dhan-data/futures/NSE_FNO/GAIL/2026-10-27_minute.parquet,152577,4357712ea96e26e62ea54281249eea7253b41b4fd1d0cb1f914e784416f9d522,17696,2026-07-30,2026-10-06
dhan-data/futures/NSE_FNO/GLENMARK/2026-10-27_daily.parquet,17285,8fec1d21e4526d052719bde501bc81fe56560ab9da043b7ca82ac7c54e1389bd,430,2024-12-26,2026-10-05
dhan-data/futures/NSE_FNO/GLENMARK/2026-10-27_minute.parquet,127558,aa9014081f6cbd629a8a337bed3e1c4e5a81fd4257d63ebe76aeff215428fe09,14847,2026-08-03,2026-10-06
dhan-data/futures/NSE_FNO/GMRAIRPORT/2026-10-27_daily.parquet,17509,e0aa65ff2f8af217424c4daf484979de8b15cd48569bcb0d0dfd4ecd2c6defe3,430,2024-12-26,2026-10-05
dhan-data/futures/NSE_FNO/GMRAIRPORT/2026-10-27_minute.parquet,159123,be719b7178d21f1e6420c82f7c11ebdb46cfa99e53b18514fbf051c6eaf3a869,17414,2026-07-29,2026-10-06
dhan-data/futures/NSE_FNO/GODFRYPHLP/2026-10-27_daily.parquet,8187,902008f62fe23211258f1fd4722daca7b188ea7ce6c0ba35ca1ec53a3c87cdb5,126,2026-04-01,2026-10-05
dhan-data/futures/NSE_FNO/GODFRYPHLP/2026-10-27_minute.parquet,136564,46896492123830f7738abb534e8e1df77b2287950f971568ef4c815e5622b190,17119,2026-07-29,2026-10-06
dhan-data/futures/NSE_FNO/GODREJCP/2026-10-27_daily.parquet,16721,0826a20b3e6121f78bc4156ddbb6579df0cd8b1dcdb5f2acc39ad9913c20c38d,430,2024-12-26,2026-10-05
dhan-data/futures/NSE_FNO/GODREJCP/2026-10-27_minute.parquet,159248,b8e859033ee0a9c358750f194529532d1a629d62fa9578c62480662ac8a97c60,16855,2026-07-29,2026-10-06
dhan-data/futures/NSE_FNO/GODREJPROP/2026-10-27_daily.parquet,17211,28d726f7046808a13b9f1219bcbd44c481827f25b47318d9cbc2cf66742428e4,430,2024-12-26,2026-10-05
dhan-data/futures/NSE_FNO/GODREJPROP/2026-10-27_minute.parquet,174198,0ae019f87ec4b9bef5bef1204a1923bf396eb0d92191aae9d9489bdb397d198a,17830,2026-07-29,2026-10-06
dhan-data/futures/NSE_FNO/GRASIM/2026-10-27_daily.parquet,16939,44dece8dbfd2a0b96d0d6bb2a3df0923fcddc4018fb0c4cb0dcffed869a9d535,430,2024-12-26,2026-10-05
dhan-data/futures/NSE_FNO/GRASIM/2026-10-27_minute.parquet,154024,14000eb5f9c7f5a8cb78102b4168b3155ef7fe3f671892393246a4fad807ad32,17053,2026-07-29,2026-10-06
dhan-data/futures/NSE_FNO/GVT_D/2026-10-27_daily.parquet,7227,44b44009c002cde9cc21d46675d842851bf23c92d6c57b03c25cfc0f6bd9be06,89,2026-05-27,2026-10-05
dhan-data/futures/NSE_FNO/GVT_D/2026-10-27_minute.parquet,173422,47b5af3eee28fb1df8eaafc5ec4850207da9af6c8c527019b74f0c5db66f9805,17616,2026-07-29,2026-10-06
dhan-data/futures/NSE_FNO/HAL/2026-10-27_daily.parquet,17021,cfb7f941f2c1a9c776dcdfc54dffa53bdd2ede375325d743378eef3aba3450d8,430,2024-12-26,2026-10-05
dhan-data/futures/NSE_FNO/HAL/2026-10-27_minute.parquet,212803,b2e94ff6f1b89f5441ebd0282de5f82bbe217a946dd8f06094f2d323232d183e,18178,2026-07-29,2026-10-06
dhan-data/futures/NSE_FNO/HAVELLS/2026-10-27_daily.parquet,16730,4f6ad5ebdadd91df1ab56cb2e20719b2834c8fc58b73d849ffc2e6cb7aa4194d,430,2024-12-26,2026-10-05
dhan-data/futures/NSE_FNO/HAVELLS/2026-10-27_minute.parquet,167237,44d52ea9c2037e24939369727394e930a4890f9623982e2e97b4bd617d387112,16819,2026-07-29,2026-10-06
dhan-data/futures/NSE_FNO/HCLTECH/2026-10-27_daily.parquet,17103,8ab81286d91b95002f6580d150d5ec0c5941d4d984e1f9a688d4cdbee3e9b4a9,430,2024-12-26,2026-10-05
dhan-data/futures/NSE_FNO/HCLTECH/2026-10-27_minute.parquet,190676,78b1c7036eb372782c9b1a64f41af27d875cf452df23d1163597069aeeff11d7,18283,2026-07-29,2026-10-06
dhan-data/futures/NSE_FNO/HDFCAMC/2026-10-27_daily.parquet,17137,b019596eaa2bd73fc74c7bf88807f1bcd745998bf44a01e61539dc4ee36c812e,430,2024-12-26,2026-10-05
dhan-data/futures/NSE_FNO/HDFCAMC/2026-10-27_minute.parquet,161686,da91083fcd566e4e8bb3559420e8bb38b3dac9b4ff3502b6e1f668b44272f96e,16655,2026-07-29,2026-10-06
dhan-data/futures/NSE_FNO/HDFCBANK/2026-10-27_daily.parquet,17572,149c7a78fbebf7084ee29620768c5b7b12e80379fcd803594d425afac3a1ff21,430,2024-12-26,2026-10-05
dhan-data/futures/NSE_FNO/HDFCBANK/2026-10-27_minute.parquet,276907,d3e13628e97532e4f72277ae1e9996774d85b267fd94ed97c5742157161fd254,18356,2026-07-29,2026-10-06
dhan-data/futures/NSE_FNO/HDFCLIFE/2026-10-27_daily.parquet,16776,b9edf7e0d4c661aa250ab4e5f92df961ed2473dfd3e21c1690600fc2bb4ff58c,430,2024-12-26,2026-10-05
dhan-data/futures/NSE_FNO/HDFCLIFE/2026-10-27_minute.parquet,182605,9db93060c66d155153d350109a598a104bf31cdeac7e17ca7629103d624a3224,18289,2026-07-29,2026-10-06
dhan-data/futures/NSE_FNO/HEROMOTOCO/2026-10-27_daily.parquet,16920,3738bdb65db4dbc2b50f062a572c4814cd3a35fe260dedc9b67f99f9935503ea,430,2024-12-26,2026-10-05
dhan-data/futures/NSE_FNO/HEROMOTOCO/2026-10-27_minute.parquet,167147,1e764f2b72b494b5a0f886b157c73565137bb42af72f390f90b65a9336e4e80b,18082,2026-07-29,2026-10-06
dhan-data/futures/NSE_FNO/HINDALCO/2026-10-27_daily.parquet,17186,6e6880711411e768ac860167325e473a7847a1231b771aab88ead1c8358ba862,430,2024-12-26,2026-10-05
dhan-data/futures/NSE_FNO/HINDALCO/2026-10-27_minute.parquet,189185,d4db9b5de23d3d10f0b8dc6b7ee6fcfa58f26eba089e84553674db95b46303c2,18257,2026-07-29,2026-10-06
dhan-data/futures/NSE_FNO/HINDPETRO/2026-10-27_daily.parquet,16663,a1e1ffb9da8aaadb79146d0d55027d4ae29063179e68e8fcb90b70c48f479fb0,430,2024-12-26,2026-10-05
dhan-data/futures/NSE_FNO/HINDPETRO/2026-10-27_minute.parquet,148882,d1ae4162d7665e519b6ccb2b2a6a4443d8043d08ab58fd7ba5c55f0717f57b05,17445,2026-07-29,2026-10-06
dhan-data/futures/NSE_FNO/HINDUNILVR/2026-10-27_daily.parquet,16981,585f7fc5bc4b6b46fdb87a6eabdac7d97dcf66d2835370fbd8fb7f708a5ab45d,430,2024-12-26,2026-10-05
dhan-data/futures/NSE_FNO/HINDUNILVR/2026-10-27_minute.parquet,200923,1fe2f951a7014126b8be2c3b12295ddef156ffbd871d59fc1e3d77a588462c88,18259,2026-07-29,2026-10-06
dhan-data/futures/NSE_FNO/HINDZINC/2026-10-27_daily.parquet,15263,beaaa140165bff03699591d072e8a5ac862c9119d46ee8dc81ce5bbc27aa5ccc,368,2025-03-28,2026-10-05
dhan-data/futures/NSE_FNO/HINDZINC/2026-10-27_minute.parquet,178797,3a6f702970a07b41684676b69a276a73baa792228a4e81bc9ec2e323c0bd1fdd,18146,2026-07-29,2026-10-06
dhan-data/futures/NSE_FNO/HYUNDAI/2026-10-27_daily.parquet,8258,45d24897bd26e80cbbc5cf07dede618b250287de2cd5aabbe546fe9418a02bc5,126,2026-04-01,2026-10-05
dhan-data/futures/NSE_FNO/HYUNDAI/2026-10-27_minute.parquet,155926,2d2617e6144fca88685cc3bccb1f0570aedef2c5e30ab811fcca9f15e3a96e22,16952,2026-07-31,2026-10-06
dhan-data/futures/NSE_FNO/ICICIBANK/2026-10-27_daily.parquet,16923,c1fdafd9f97ca757d2b487d9572366c622294c4662c3d058b9b73f372c5f5a64,430,2024-12-26,2026-10-05
dhan-data/futures/NSE_FNO/ICICIBANK/2026-10-27_minute.parquet,219592,e9691fa8e652bef3a6988a9d653aa315a37d10735ea444fc47ff2c0a709d4ddc,18311,2026-07-29,2026-10-06
dhan-data/futures/NSE_FNO/ICICIGI/2026-10-27_daily.parquet,16764,09a011a093f9dbc05e4fd3dfe0bd8094adfc3ccb90170625155d48f5e9c7719a,430,2024-12-26,2026-10-05
dhan-data/futures/NSE_FNO/ICICIGI/2026-10-27_minute.parquet,150373,fbd6e94266e86c8c614904a2a4c23f606049f3b2c274e9d5bbc3e27f736809bd,16910,2026-07-29,2026-10-06
dhan-data/futures/NSE_FNO/ICICIPRULI/2026-10-27_daily.parquet,16887,adcfcb4212d56659b7b34447595940cb5107edb599c94df9b7c5900ff1320cdf,430,2024-12-26,2026-10-05
dhan-data/futures/NSE_FNO/ICICIPRULI/2026-10-27_minute.parquet,160467,f05005ed2bc85e560a4a28a85e988134c502241cf7a9c0d661faefb06f44c3a3,17849,2026-07-29,2026-10-06
dhan-data/futures/NSE_FNO/IDEA/2026-10-27_daily.parquet,17136,6775072a33f99ccb6c808c2a8e261039110f12bf9bc24730c0b20cacb36c7f88,430,2024-12-26,2026-10-05
dhan-data/futures/NSE_FNO/IDEA/2026-10-27_minute.parquet,179068,2106d22467cb3ea85fddf345d2664458c70d3c8bea2851b0d08fc862c44ced26,18236,2026-07-29,2026-10-06
dhan-data/futures/NSE_FNO/IDFCFIRSTB/2026-10-27_daily.parquet,17404,2211aeba2c5b76b43567963a2ac817f3b5d4ea8125ea2725e4af25cae88b539f,430,2024-12-26,2026-10-05
dhan-data/futures/NSE_FNO/IDFCFIRSTB/2026-10-27_minute.parquet,169636,401db6acf93183dea226c252059f0541549bdbb644c56991dd2f6120c9b5ec1b,18035,2026-07-29,2026-10-06
dhan-data/futures/NSE_FNO/IEX/2026-10-27_daily.parquet,17689,075083ab128d2104b3b07f5017ebd7908b8a80296771371c8afa832d3902f356,430,2024-12-26,2026-10-05
dhan-data/futures/NSE_FNO/IEX/2026-10-27_minute.parquet,151272,9839adaaf6a3df2a5d63f55f936078785075767d01b9fede6997f9c36ec894ea,17649,2026-07-29,2026-10-06
dhan-data/futures/NSE_FNO/INDHOTEL/2026-10-27_daily.parquet,16573,ffb062f52309430c277cce678afc7a21a7a33f21e58efcfb1ddc02639cf3879c,430,2024-12-26,2026-10-05
dhan-data/futures/NSE_FNO/INDHOTEL/2026-10-27_minute.parquet,141199,a4c01305f381ac433aac896a0bfe9afed06ad3db7dd674a399ffc5df4c198fc7,16335,2026-07-30,2026-10-06
dhan-data/futures/NSE_FNO/INDIANB/2026-10-27_daily.parquet,16865,e3afc81edf05790d2015cd2cc6d259db242be52d49fa9ae97594db06a45a94aa,430,2024-12-26,2026-10-05
dhan-data/futures/NSE_FNO/INDIANB/2026-10-27_minute.parquet,132801,f498dc8f44cd93f1eb44557757a406eda55fd92a4f5d8e3ee93b928a54237fd4,16226,2026-08-03,2026-10-06
dhan-data/futures/NSE_FNO/INDIGO/2026-10-27_daily.parquet,16738,f80efaf2ff1e0d9a95c5dcd51ea9b95e5494d3b824643ef8118ef8c2b3e04114,430,2024-12-26,2026-10-05
dhan-data/futures/NSE_FNO/INDIGO/2026-10-27_minute.parquet,167944,97f6ccdb2ac14602687f9645739bca7550ce66e9d4ec4a83a9025befa4084d55,17757,2026-07-29,2026-10-06
dhan-data/futures/NSE_FNO/INDUSINDBK/2026-10-27_daily.parquet,17128,3ed1836952065958fcaa4369c5560819d49d497fea50261e23706b211d03f2c1,430,2024-12-26,2026-10-05
dhan-data/futures/NSE_FNO/INDUSINDBK/2026-10-27_minute.parquet,168584,bf20b77f198782b2938d1185251a66cc9d3e47990e18b12baaf361263b11eb41,17481,2026-07-29,2026-10-06
dhan-data/futures/NSE_FNO/INDUSTOWER/2026-10-27_daily.parquet,16769,cf1dd51411e33de610561cfcdceb5101fdc06251fddc4e3ebf337fb017ca4a7a,430,2024-12-26,2026-10-05
dhan-data/futures/NSE_FNO/INDUSTOWER/2026-10-27_minute.parquet,150452,b86cd9385edf4505dbc1c3f72851bfa6d7d5282d71253d25ab75314879545f8b,17521,2026-07-29,2026-10-06
dhan-data/futures/NSE_FNO/INFY/2026-10-27_daily.parquet,17189,c418e6e270504adf808816648ac083449a0b5e0d908a1f11248216a6eb318eea,430,2024-12-26,2026-10-05
dhan-data/futures/NSE_FNO/INFY/2026-10-27_minute.parquet,238261,3c3123588ff13bb5270beb252550a59b3646e8a1d80ede06a3e86daa4d97097f,18356,2026-07-29,2026-10-06
dhan-data/futures/NSE_FNO/INOXWIND/2026-10-27_daily.parquet,15963,62e7e52364f0760ac91b41d7cebde1769fa362b090407e2e0dea8b30e0339f2d,368,2025-03-28,2026-10-05
dhan-data/futures/NSE_FNO/INOXWIND/2026-10-27_minute.parquet,141389,a4fce8126482f2fc71054df9f40beee4fff17ef39e17361f31cab474acfaf4a4,17082,2026-07-29,2026-10-06
dhan-data/futures/NSE_FNO/IOC/2026-10-27_daily.parquet,17430,7a7de0138a5a578df4cacfd904fd64c0ac5d4b39d9ea398cdf2bc677b9b77184,430,2024-12-26,2026-10-05
dhan-data/futures/NSE_FNO/IOC/2026-10-27_minute.parquet,164084,9cb67f89a934c53c4b652876cb699f73d3bddb9187163e9a7092a4bed6967182,18012,2026-07-29,2026-10-06
dhan-data/futures/NSE_FNO/IREDA/2026-10-27_daily.parquet,16447,8e969b13a682b1de80f63439ef2da623e713776296963a4ed20f6e73540b23c0,386,2025-02-28,2026-10-05
dhan-data/futures/NSE_FNO/IREDA/2026-10-27_minute.parquet,185232,d992790e397516de8bc6562d2d8530856dfe25b06a8da5fde7bc8cd4372a5ecd,18009,2026-07-29,2026-10-06
dhan-data/futures/NSE_FNO/IRFC/2026-10-27_daily.parquet,17660,32a753813b4ed801244599dd767c6c01eec5cce6144d7eca3471dc8ad56f6b51,430,2024-12-26,2026-10-05
dhan-data/futures/NSE_FNO/IRFC/2026-10-27_minute.parquet,185414,f6f009fa150b151414812825d83ee4fd1f5cac65697aa47024d11de06af9db4a,18295,2026-07-29,2026-10-06
dhan-data/futures/NSE_FNO/ITC/2026-10-27_daily.parquet,16453,99808556d7ee3627b95962965c3d1129cdb42b867c4f77d5f2ce77bde6130317,430,2024-12-26,2026-10-05
dhan-data/futures/NSE_FNO/ITC/2026-10-27_minute.parquet,197515,3d45923b029c92f13098b5189b43b797297dc795ae7bce246fa5f0faa046a7a0,18301,2026-07-29,2026-10-06
dhan-data/futures/NSE_FNO/JINDALSTEL/2026-10-27_daily.parquet,16875,4b412eeb0e97649db75fa90a8207c0b1fd6c78d30ae4fe32406f83b6aa1fd14d,430,2024-12-26,2026-10-05
dhan-data/futures/NSE_FNO/JINDALSTEL/2026-10-27_minute.parquet,140612,028cfc3da900c11ea831b65694e95df7c49f997773642531444cdc075bb9e74f,16762,2026-07-29,2026-10-06
dhan-data/futures/NSE_FNO/JIOFIN/2026-10-27_daily.parquet,17263,640c4efd3d87b6f9bbc865e7af5e02057ce71b51b0cce49d6b303c1aff9765d9,430,2024-12-26,2026-10-05
dhan-data/futures/NSE_FNO/JIOFIN/2026-10-27_minute.parquet,246372,a1640ed8a483c5e96fb15d4ec4e4b190f1702a4d12d2b1ab6fc37d1544453b5a,18310,2026-07-29,2026-10-06
dhan-data/futures/NSE_FNO/JSWENERGY/2026-10-27_daily.parquet,16731,ec4d556bc8960c5072ca2205ef5fc1f0227feb835f1a92d74f873e9c2520910c,430,2024-12-26,2026-10-05
dhan-data/futures/NSE_FNO/JSWENERGY/2026-10-27_minute.parquet,139063,765597ab2847fb9b1669d8c39be2dcd1dc14e36e80aed52c19cd1031245d5697,15815,2026-08-03,2026-10-06
dhan-data/futures/NSE_FNO/JSWSTEEL/2026-10-27_daily.parquet,16836,80d801cb1d73c3723d8a12763f67a7c937770b27a7d77214f4e18480eccd80c7,430,2024-12-26,2026-10-05
dhan-data/futures/NSE_FNO/JSWSTEEL/2026-10-27_minute.parquet,155039,c5bf6052d041e20896b9ad81abe20f2d2ccf39db92b91a0769231ce5fc58f1cb,17436,2026-07-29,2026-10-06
dhan-data/futures/NSE_FNO/JUBLFOOD/2026-10-27_daily.parquet,17186,d254390cea6cf243499c501e79d6d42f2021923ca35d3a5aa266860cb3fb463c,430,2024-12-26,2026-10-05
dhan-data/futures/NSE_FNO/JUBLFOOD/2026-10-27_minute.parquet,157839,085f3ffb9330059bb2fdb90c5aabf71b761b86531153ada3c751e3394f874510,17836,2026-07-29,2026-10-06
dhan-data/futures/NSE_FNO/KALYANKJIL/2026-10-27_daily.parquet,17183,7852b7e5cfb0bdc2715d588d6ea577820c1aff266854a89932db3fb993153e4b,430,2024-12-26,2026-10-05
dhan-data/futures/NSE_FNO/KALYANKJIL/2026-10-27_minute.parquet,176229,a00e0692b2f0002abaae4c252a5ec9bc9f0ddde36d662e7f238d966260eada3a,18236,2026-07-29,2026-10-06
dhan-data/futures/NSE_FNO/KAYNES/2026-10-27_daily.parquet,14220,069f7147730aebb8911567036ae43e4eed3a60f3a16c3f8ce875750752bcde56,329,2025-05-30,2026-10-05
dhan-data/futures/NSE_FNO/KAYNES/2026-10-27_minute.parquet,185506,d845d298e1ce224d0c8604b80ae5f64a06c49d62352425ad5492b7430aaf04c4,17412,2026-07-29,2026-10-06
dhan-data/futures/NSE_FNO/KEI/2026-10-27_daily.parquet,17083,8e50ce431901fc6cdf6b6f6fe70b27434697730c6e6569dad1be46f8bfbc1177,430,2024-12-26,2026-10-05
dhan-data/futures/NSE_FNO/KEI/2026-10-27_minute.parquet,160550,22354e541ed3f54c391820cae058e204b1b1875427c9ad76676ac75698aef6cd,17397,2026-07-29,2026-10-06
dhan-data/futures/NSE_FNO/KFINTECH/2026-10-27_daily.parquet,13504,d4e28a7c4412c21cc28d2c8845eb4ed0d624812364da94f056f619273633e18f,310,2025-06-27,2026-10-05
dhan-data/futures/NSE_FNO/KFINTECH/2026-10-27_minute.parquet,161371,0502bc06427514a9eb198fd23c1f593d71068f3ac5a18502b22dc114b129e7aa,17503,2026-07-29,2026-10-06
dhan-data/futures/NSE_FNO/KOTAKBANK/2026-10-27_daily.parquet,17414,ef73a13b2aebdb57a7cb0d316c49ce6d5d0770bb0d2507fe969cc873100ee295,430,2024-12-26,2026-10-05
dhan-data/futures/NSE_FNO/KOTAKBANK/2026-10-27_minute.parquet,175666,db7b6334cf44a3aa2ace00301c31d34a3913500aa6835811cb3407c14eb9b4ad,18022,2026-07-29,2026-10-06
dhan-data/futures/NSE_FNO/KPITTECH/2026-10-27_daily.parquet,16988,3fb44fc0c55ee11b85905794e00c882e52905186b4b448d5e42557e633a04722,430,2024-12-26,2026-10-05
dhan-data/futures/NSE_FNO/KPITTECH/2026-10-27_minute.parquet,176956,43da623ded8a8b14d3424c873216a9616239e04591cf8c38357a0f31c0a317f7,18240,2026-07-29,2026-10-06
dhan-data/futures/NSE_FNO/LAURUSLABS/2026-10-27_daily.parquet,17103,fa47c8cccde32e11befb5539f5b6704603a63bf80d1b7490daaced9055ed50a4,430,2024-12-26,2026-10-05
dhan-data/futures/NSE_FNO/LAURUSLABS/2026-10-27_minute.parquet,186387,c14ab882cc4b697b16fbd4ba12863d76b7a8a52eb5f29864fa4bca2965014e9e,18200,2026-07-29,2026-10-06
dhan-data/futures/NSE_FNO/LICHSGFIN/2026-10-27_daily.parquet,16622,0bbd8485ef5cf147309fcfba8e4723182ab8a25b16b90a809c7d3273e4f5580b,430,2024-12-26,2026-10-05
dhan-data/futures/NSE_FNO/LICHSGFIN/2026-10-27_minute.parquet,153976,a32349d574a24ed0f589b57151a69bbbf166dcaa8190e987fc739b6eabe9fb31,17457,2026-07-29,2026-10-06
dhan-data/futures/NSE_FNO/LICI/2026-10-27_daily.parquet,16895,58cdc7d94374159fa53916600a1bd7bbaaaee2e9f835ccd19ca222abd4239238,430,2024-12-26,2026-10-05
dhan-data/futures/NSE_FNO/LICI/2026-10-27_minute.parquet,164529,959acb6eef262934725b01646ec532cd8b4c20880b819418abeda02b35065e96,17993,2026-07-29,2026-10-06
dhan-data/futures/NSE_FNO/LODHA/2026-10-27_daily.parquet,16857,d8e155ef51290e678b9511fb5eea9af46282d1e92f4ae4ca2269d699dcdba576,430,2024-12-26,2026-10-05
dhan-data/futures/NSE_FNO/LODHA/2026-10-27_minute.parquet,167077,9ad6d0e6d3a2042f80dd31d462e31f73003e809ebf4a6c1614aa726d4d547290,17690,2026-07-29,2026-10-06
dhan-data/futures/NSE_FNO/LT/2026-10-27_daily.parquet,16997,f920b895585c14243990ad593b5ec598423a145ce032e0ca34d10f7edcefd347,430,2024-12-26,2026-10-05
dhan-data/futures/NSE_FNO/LT/2026-10-27_minute.parquet,213340,7d6540535b5cbf211f83d057c787011999ce91c8dd64e51811094e9fb21c7cf9,18256,2026-07-29,2026-10-06
dhan-data/futures/NSE_FNO/LTF/2026-10-27_daily.parquet,17515,c2cb06e011425d46d4eb86af8f982c9dd50c0d019365c59079546a88cb045f95,430,2024-12-26,2026-10-05
dhan-data/futures/NSE_FNO/LTF/2026-10-27_minute.parquet,165169,17a016322b8a7448fe6cf83ca65448d9345fd84f66a62362a9760815994ceb2a,18087,2026-07-29,2026-10-06
dhan-data/futures/NSE_FNO/LTM/2026-10-27_daily.parquet,8878,851b3fe727c1fd5a01f3abcc6bf41372fab8f21e01ff54c76fbb4df38e971fdd,145,2026-02-27,2026-10-05
dhan-data/futures/NSE_FNO/LTM/2026-10-27_minute.parquet,197948,c570c117e4b0f432e4a658daf14bf101046147953df458a5cdab21d0a7624107,18081,2026-07-29,2026-10-06
dhan-data/futures/NSE_FNO/LUPIN/2026-10-27_daily.parquet,16987,cc49af3ad51228f7c4ba7bbc89f6fc5b68fd57529d0b9d424e8afe3cd162c8bf,430,2024-12-26,2026-10-05
dhan-data/futures/NSE_FNO/LUPIN/2026-10-27_minute.parquet,160574,5b28bfe03023f293b0a10550987754607e48259fd56ac3621dfa1d02bf38c0ef,17742,2026-07-29,2026-10-06
dhan-data/futures/NSE_FNO/MAHABANK/2026-10-27_daily.parquet,5401,46ac50fd42cd3dac3fb00720cd12c2de984648c92a614614a5417cd5f702c5fb,27,2026-08-26,2026-10-05
dhan-data/futures/NSE_FNO/MAHABANK/2026-10-27_minute.parquet,96303,d737354779ee726c03c3a9f1b4027f3e2a7d4008a50ad5730ca2eac3a57e48d8,10455,2026-08-26,2026-10-06
dhan-data/futures/NSE_FNO/MANAPPURAM/2026-10-27_daily.parquet,17129,7508b657c8fbe36d65df79f159feee9f24440bcc8fc6e7429f959d74ec2e47b1,430,2024-12-26,2026-10-05
dhan-data/futures/NSE_FNO/MANAPPURAM/2026-10-27_minute.parquet,103393,c6a270cde5d0e57db75af5a1845b0a28682a6d928dd7820b0edce5215ee49743,13775,2026-07-29,2026-10-06
dhan-data/futures/NSE_FNO/MANKIND/2026-10-27_daily.parquet,14119,b6b95b67e67b8dbc99cc2814b882d5e0eb9292042924566a235fc869b67c7844,329,2025-05-30,2026-10-05
dhan-data/futures/NSE_FNO/MANKIND/2026-10-27_minute.parquet,145789,c8a01565427e31515bb998cdd58e934407570bf80fedd3c8045dc245c7782004,17003,2026-07-30,2026-10-06
dhan-data/futures/NSE_FNO/MARICO/2026-10-27_daily.parquet,16607,f16234ee9993fbf4a205379ff9a0b1c8a254261d767091282ae1a452b0f8a114,430,2024-12-26,2026-10-05
dhan-data/futures/NSE_FNO/MARICO/2026-10-27_minute.parquet,128330,03f8c81f4296c6b1f06001f6fa116a0fe05e356090518c2bfc8e133c952ac5f4,15079,2026-07-30,2026-10-06
dhan-data/futures/NSE_FNO/MARUTI/2026-10-27_daily.parquet,16572,862d3661ecb1f19af2a8476b29b92002ab20eb0ee73f330a092bf1330e7520b3,430,2024-12-26,2026-10-05
dhan-data/futures/NSE_FNO/MARUTI/2026-10-27_minute.parquet,199643,7968554b22f9de280f6440ae04ffedba1f155be5bfe6637e45fcc19a91a86f4f,18207,2026-07-29,2026-10-06
dhan-data/futures/NSE_FNO/MAXHEALTH/2026-10-27_daily.parquet,16730,b82503eb5fdeb2edd0a61627b02e5ffc4522dba14721aeeccdb9c8068479efe7,430,2024-12-26,2026-10-05
dhan-data/futures/NSE_FNO/MAXHEALTH/2026-10-27_minute.parquet,155290,7a4ff82ff9936bfa896539a0f0bb7dbf61a7b1aacb72a1998d0769b4ebabb75c,17228,2026-07-29,2026-10-06
dhan-data/futures/NSE_FNO/MAZDOCK/2026-10-27_daily.parquet,14212,e502635acd7ddf8922d6a0adf27d22bc91df81734b2c784376c0a74ecb2f2ffd,329,2025-05-30,2026-10-05
dhan-data/futures/NSE_FNO/MAZDOCK/2026-10-27_minute.parquet,188239,96ddea3d5edbf972dd14463000e33dcc5978ab0e3a28fedcb6f5e6faf6687c85,18127,2026-07-29,2026-10-06
dhan-data/futures/NSE_FNO/MCX/2026-10-27_daily.parquet,17197,956d67e7c854331b5ae831fe3570abdcf019f9b4a6521e3a0e75edfef767b2d1,430,2024-12-26,2026-10-05
dhan-data/futures/NSE_FNO/MCX/2026-10-27_minute.parquet,212765,cf15e91bb668002fce7885aa2faee4bb17dab51659d053dadb902fbc390a6dff,18109,2026-07-29,2026-10-06
dhan-data/futures/NSE_FNO/MFSL/2026-10-27_daily.parquet,16696,e3c4e3ad7c888e307fb6798774bf8eaa7f3fcbc1ae02f64b78503ef96a78072f,430,2024-12-26,2026-10-05
dhan-data/futures/NSE_FNO/MFSL/2026-10-27_minute.parquet,128779,7407993b047463c9d00319bd5c887d6f8039b0fe988ac5213c6fd2d5b58965a1,14983,2026-07-31,2026-10-06
dhan-data/futures/NSE_FNO/MIDCPNIFTY/2026-10-27_daily.parquet,17053,a9a6cd0dfd925c725ce59d69f7bca13c16fac2f23c33f0cd99169021ff03e874,430,2024-12-26,2026-10-05
dhan-data/futures/NSE_FNO/MIDCPNIFTY/2026-10-27_minute.parquet,176201,22481c23c444f6a6cccd8d190b0523d69e8d1cf36b3ddf32874eb65f4610e9bd,17333,2026-07-29,2026-10-06
dhan-data/futures/NSE_FNO/MIDCPNIFTY/2026-11-23_daily.parquet,16584,ceb9c47fc80e81a4c9c842130c38ce4cb82ddd32039788d40e73625ee05a4a2c,430,2024-12-26,2026-10-05
dhan-data/futures/NSE_FNO/MIDCPNIFTY/2026-11-23_minute.parquet,72321,066e7f9643c045064e12e83d3313e2d7182a325255f00b8c4ab68c47147b7be2,9694,2026-08-26,2026-10-06
dhan-data/futures/NSE_FNO/MIDCPNIFTY/2026-12-29_daily.parquet,15105,d3cdbd59d9c470b91144e26a7820c8747f6c05c4c0e4e96b28f57877efd17746,420,2024-12-26,2026-10-05
dhan-data/futures/NSE_FNO/MIDCPNIFTY/2026-12-29_minute.parquet,8185,50691ea8bbe3c7635bc85779dd048989da4f8d1a4429abd21abb51934ccc4faa,763,2026-10-01,2026-10-06
dhan-data/futures/NSE_FNO/MOTHERSON/2026-10-27_daily.parquet,18054,84dc13a708bf2f05a6c3a44ecd30af9b347dfad453edf74f27aee49559e112a3,430,2024-12-26,2026-10-05
dhan-data/futures/NSE_FNO/MOTHERSON/2026-10-27_minute.parquet,165248,a787d7c9e7fd9a3026567b7cfdb231ca8ad10e8909a5004e1d055d2b611b7842,18084,2026-07-29,2026-10-06
dhan-data/futures/NSE_FNO/MOTILALOFS/2026-10-27_daily.parquet,8163,ed671b13bcb48201a948a1192e9fc1e547fb1499c85dc83c4d3cdaf369062777,126,2026-04-01,2026-10-05
dhan-data/futures/NSE_FNO/MOTILALOFS/2026-10-27_minute.parquet,141867,f57f1aad42da804334c68c8dcd74143ed7dda5997a83f44d38ef1169922aebdb,17353,2026-07-29,2026-10-06
dhan-data/futures/NSE_FNO/MPHASIS/2026-10-27_daily.parquet,16963,b28203302886c6c1bc9f97720f3402d94fcf92bbe76a126259c746149466ded8,430,2024-12-26,2026-10-05
dhan-data/futures/NSE_FNO/MPHASIS/2026-10-27_minute.parquet,140279,599a715d89e3f6d22885274ac00119194a41c3f596a4efefd0cc0a6d02111260,15844,2026-07-29,2026-10-06
dhan-data/futures/NSE_FNO/MUTHOOTFIN/2026-10-27_daily.parquet,17119,75744c47654159e798ba0eb6edba5de7cef65bef1e15eb89ff2655e73b1888e6,430,2024-12-26,2026-10-05
dhan-data/futures/NSE_FNO/MUTHOOTFIN/2026-10-27_minute.parquet,183318,d839cf34840c77952a2c63730bad43797cea1f527d576a24033666c382ee4071,18018,2026-07-29,2026-10-06
dhan-data/futures/NSE_FNO/M_M/2026-10-27_daily.parquet,17033,e5319dbeacd8c577e63b81fc70724c2af85150648a358097d6aaa40c880abfb0,430,2024-12-26,2026-10-05
dhan-data/futures/NSE_FNO/M_M/2026-10-27_minute.parquet,220709,dd2208e840379eeedcbdee91cc8f88fce3bad1dccd29e377fc80473901bfd315,18276,2026-07-29,2026-10-06
dhan-data/futures/NSE_FNO/NAM-INDIA/2026-10-27_daily.parquet,8144,b497bbdac977c168f9945ea7d5826bf0bc1aa0e82cc0d8e3fdbb17e8020730ea,126,2026-04-01,2026-10-05
dhan-data/futures/NSE_FNO/NAM-INDIA/2026-10-27_minute.parquet,126410,287eb0261e2955fc2c8ba99d287db395b8ad2e0cf5e110d3724c0d4a4902183d,15871,2026-07-29,2026-10-06
dhan-data/futures/NSE_FNO/NATIONALUM/2026-10-27_daily.parquet,17587,2f2f53f281e09433c93ed9d374112b6e49281073215f7ab78a42c857d5ddbdfe,430,2024-12-26,2026-10-05
dhan-data/futures/NSE_FNO/NATIONALUM/2026-10-27_minute.parquet,164659,b8ebbcf092ce5c723d7c9a64fdf56df42a2150ea33986cfe34a70b4970837305,18241,2026-07-29,2026-10-06
dhan-data/futures/NSE_FNO/NAUKRI/2026-10-27_daily.parquet,17150,b0a2c30eba2294e3eb27df1c5f10053c5be73f543da1329bb75d59f3d22a5db2,430,2024-12-26,2026-10-05
dhan-data/futures/NSE_FNO/NAUKRI/2026-10-27_minute.parquet,151202,863f96c18b2947c484633fdf56b70cdeca03d7b77c1645346407b91f0541d591,17593,2026-07-29,2026-10-06
dhan-data/futures/NSE_FNO/NBCC/2026-10-27_daily.parquet,16622,02a8b37230ba6605cde332a984be99f917f26667bb6f3ae4582e109e90289bde,405,2025-01-31,2026-10-05
dhan-data/futures/NSE_FNO/NBCC/2026-10-27_minute.parquet,148238,0471ce2561f3d28d54fec3312656cd1619d093fd10af6d7558261d89e7f3ae61,17892,2026-07-29,2026-10-06
dhan-data/futures/NSE_FNO/NESTLEIND/2026-10-27_daily.parquet,17170,018894f1a3608e30f521ab3efad416bedc1307123721f99e15ca375103071e00,430,2024-12-26,2026-10-05
dhan-data/futures/NSE_FNO/NESTLEIND/2026-10-27_minute.parquet,152053,13b9f99e14aa5614be3b466526eab78332e1bc783a60822810afb00ccc6a36d0,17626,2026-07-29,2026-10-06
dhan-data/futures/NSE_FNO/NHPC/2026-10-27_daily.parquet,16016,bc05bce6e880daafa394be6fac2185c8b820fad2165d547d9937d8a07afc9961,430,2024-12-26,2026-10-05
dhan-data/futures/NSE_FNO/NHPC/2026-10-27_minute.parquet,153577,050d18ceee5980030ed6a1a0bac98c67716551d8126e5e17f42d87861c68fdbc,17854,2026-07-29,2026-10-06
dhan-data/futures/NSE_FNO/NIFTY/2026-10-27_daily.parquet,17110,2f204ac9d3bf4f948c8216ef26a40fe471d1718b5cea227f5504c89b96b82c4c,430,2024-12-26,2026-10-05
dhan-data/futures/NSE_FNO/NIFTY/2026-10-27_minute.parquet,349921,3d58adecb8f2de451ba21c11e28320028912ccfb46307de5ad8f175c5466974a,18354,2026-07-29,2026-10-06
dhan-data/futures/NSE_FNO/NIFTY/2026-11-23_daily.parquet,17040,01f6846fe4541f8c28a2f274585c685154b0c6dd49157cec09000d41db8fd0b6,430,2024-12-26,2026-10-05
dhan-data/futures/NSE_FNO/NIFTY/2026-11-23_minute.parquet,193730,bf46c1ed8340785857bb3f975fcff39b5d8eaa89441b00510a12857afd6e3883,10683,2026-08-26,2026-10-06
dhan-data/futures/NSE_FNO/NIFTY/2026-12-29_daily.parquet,16583,f60f428819342662844f3a3045ba24f3f83f17d00e67da9359674efa1da2780a,420,2024-12-27,2026-10-05
dhan-data/futures/NSE_FNO/NIFTY/2026-12-29_minute.parquet,30079,d7ea40136b9919f585ffb8dc17e476dcff42a454c435139ca26c1ab0fb646125,1445,2026-09-30,2026-10-06
dhan-data/futures/NSE_FNO/NIFTYFPI/2026-10-27_daily.parquet,5417,b0910dc470393f3c7634b67d41dd191fd83d01471916edbc766bd2ecf10f19fa,37,2026-08-12,2026-10-05
dhan-data/futures/NSE_FNO/NIFTYFPI/2026-10-27_minute.parquet,12355,b095e0a2cfa31bedeb2e3583caea6cf6f5b5fc79028c09a56bab5862e87c5494,1695,2026-09-02,2026-10-06
dhan-data/futures/NSE_FNO/NIFTYFPI/2026-11-23_daily.parquet,4897,1faab9e4f2e324d6e75a03f1f2f14bb69bbfbabd39e4e5f07d7be435a7111dcb,37,2026-08-12,2026-10-05
dhan-data/futures/NSE_FNO/NIFTYFPI/2026-11-23_minute.parquet,6233,ed8984e14cb4591896cd0e3724b073a3a5864f4fbda80635a29f35f1fddf42b2,401,2026-09-25,2026-09-28
dhan-data/futures/NSE_FNO/NIFTYFPI/2026-12-29_daily.parquet,4708,26df7537ef36f11bb93e965bb3814d7b324cb307046780c44eb616165b0421f2,27,2026-08-26,2026-10-05
dhan-data/futures/NSE_FNO/NIFTYNXT50/2026-10-27_daily.parquet,15949,a7563fcf8bdf165c6b66bdfff23b8bc3afcdfd48705d6a22d7dbf17b635340d5,430,2024-12-26,2026-10-05
dhan-data/futures/NSE_FNO/NIFTYNXT50/2026-10-27_minute.parquet,60083,a14e44246de57ea379fcbd7aa69355b7dc430933221c915de27da881f14bdc66,8677,2026-08-25,2026-10-06
dhan-data/futures/NSE_FNO/NIFTYNXT50/2026-11-23_daily.parquet,15234,30299c2f4f9626eb8cc19d7f95a85bf54c4202d81ac14ac8d0f62fccaceb73c0,430,2024-12-26,2026-10-05
dhan-data/futures/NSE_FNO/NIFTYNXT50/2026-11-23_minute.parquet,11359,e4c5534e84a41d4eb8d06bee2adb01963cdadea39e6b9d24747849ee7d419393,1473,2026-09-22,2026-10-06
dhan-data/futures/NSE_FNO/NIFTYNXT50/2026-12-29_daily.parquet,9544,58489120175e1c4a5463e136c83ea25ba703fc89787d81065d61de76bf69995e,408,2024-12-26,2026-10-05
dhan-data/futures/NSE_FNO/NIFTYNXT50/2026-12-29_minute.parquet,6096,9b87f03726b47a77cd8cd6b79565f11f3b82978199e7e689e1350f2882808e65,377,2026-10-01,2026-10-01
dhan-data/futures/NSE_FNO/NMDC/2026-10-27_daily.parquet,17307,cc54add85741b0770df34107b059b8b6a082a27544a956a67bb1ed5662ae146f,430,2024-12-26,2026-10-05
dhan-data/futures/NSE_FNO/NMDC/2026-10-27_minute.parquet,174366,670758f14bcc2bf85760f9916682947e86f59140a4a9996fab2e603441027ced,18061,2026-07-29,2026-10-06
dhan-data/futures/NSE_FNO/NTPC/2026-10-27_daily.parquet,16351,8e368f2953b6f8228a5003b8890139de5f270ed142d450f2ec522210873db140,430,2024-12-26,2026-10-05
dhan-data/futures/NSE_FNO/NTPC/2026-10-27_minute.parquet,161276,111f8a01ba087aebd75bbf24179e17859769cb076ed89abe227036a171ab8778,18135,2026-07-29,2026-10-06
dhan-data/futures/NSE_FNO/NYKAA/2026-10-27_daily.parquet,17505,f944a7e6fad233e5a86586e3c2181a5050bbd3ae134844c6065eb40184f0d480,430,2024-12-26,2026-10-05
dhan-data/futures/NSE_FNO/NYKAA/2026-10-27_minute.parquet,133481,ca00394f4adaf8c8cfd71354590a80b4066508a54ddd437aed93f281f8640b98,17243,2026-07-30,2026-10-06
dhan-data/futures/NSE_FNO/OBEROIRLTY/2026-10-27_daily.parquet,16791,a54138340dd3e5270c7fc1f355d849d2ff28f247e50c966f3e146a8c811d75f6,430,2024-12-26,2026-10-05
dhan-data/futures/NSE_FNO/OBEROIRLTY/2026-10-27_minute.parquet,144725,607f996c2c30da511e308b05c07f29bd72c62fe9efe8228f72051e3395ceaf77,16960,2026-07-30,2026-10-06
dhan-data/futures/NSE_FNO/OFSS/2026-10-27_daily.parquet,16859,c05225026f5ae5ce01cc910b664f658cdef52d870a46ccd32f102e7c318cdd42,430,2024-12-26,2026-10-05
dhan-data/futures/NSE_FNO/OFSS/2026-10-27_minute.parquet,156689,d689f5a34cfbdd1bde49d7f91219df907f0804bc4307d4362ad18a573f43fcfd,17301,2026-07-29,2026-10-06
dhan-data/futures/NSE_FNO/OIL/2026-10-27_daily.parquet,16382,d061c31a07a5de3e69e8e8e6f5e17dc63698689b83537b79ccdc4db6e0d76d01,430,2024-12-26,2026-10-05
dhan-data/futures/NSE_FNO/OIL/2026-10-27_minute.parquet,135887,1bb2ea0214c8584883cc65bbb9d4b79a96bf92314e4de35c0bd9d62cbdd273c8,17361,2026-07-30,2026-10-06
dhan-data/futures/NSE_FNO/ONGC/2026-10-27_daily.parquet,17281,dc7e69734eab68a4dbcc4b5863b733a835eb618b1f63fc14a657713ca2a5e329,430,2024-12-26,2026-10-05
dhan-data/futures/NSE_FNO/ONGC/2026-10-27_minute.parquet,182948,238e156bfc022536574799822dcfe3703f46f95e2161d4c43ea21853b8a454ae,18260,2026-07-29,2026-10-06
dhan-data/futures/NSE_FNO/PAGEIND/2026-10-27_daily.parquet,16304,98d2b252e3e719aaf91bc6a3746009d3bc03614491477603a9b6778f3a8b6f2d,430,2024-12-26,2026-10-05
dhan-data/futures/NSE_FNO/PAGEIND/2026-10-27_minute.parquet,123057,87afaa4349002b1e5d14f34de856860e7371b86fc17a0503bd1eb10ad30e5276,16147,2026-07-29,2026-10-06
dhan-data/futures/NSE_FNO/PATANJALI/2026-10-27_daily.parquet,16014,385473aceb503f556b79df4ab37b2169373b8aa5fd8605fc3d3ea1324d571e6e,386,2025-02-28,2026-10-05
dhan-data/futures/NSE_FNO/PATANJALI/2026-10-27_minute.parquet,151757,3c1b9b840782d0bd339bfda9d2c1b5d1672b71b992f8b783110d2df35f2322d5,17566,2026-07-29,2026-10-06
dhan-data/futures/NSE_FNO/PAYTM/2026-10-27_daily.parquet,17139,9055912bfae8aadda2b0d3fd8c74139a09d4955fbdadaa4e16ba826db74a7aba,430,2024-12-26,2026-10-05
dhan-data/futures/NSE_FNO/PAYTM/2026-10-27_minute.parquet,179680,1f9b897c2a78f35b0d7155c4f68e2eda8e96aa8e08cba88b44c0e50992737e02,17946,2026-07-29,2026-10-06
dhan-data/futures/NSE_FNO/PERSISTENT/2026-10-27_daily.parquet,16776,f4a212066c47dfc3a560e930c5d0965018de42de5ccca1ad6f40f48abf1edc10,430,2024-12-26,2026-10-05
dhan-data/futures/NSE_FNO/PERSISTENT/2026-10-27_minute.parquet,169185,1a00edce5816ed2c7ded0a4dcf1d3a883145e005d479629038e839ee8d42a763,18199,2026-07-29,2026-10-06
dhan-data/futures/NSE_FNO/PETRONET/2026-10-27_daily.parquet,15981,b62f217bccf2ff56a9d11014c0009a97d3faee41f50193f17f807bab36a5cd7f,430,2024-12-26,2026-10-05
dhan-data/futures/NSE_FNO/PETRONET/2026-10-27_minute.parquet,106709,c333831bd43b61f2a48c5aab39bfbd2de2fceac0cf86c56926eb3ef41343d823,14391,2026-08-05,2026-10-06
dhan-data/futures/NSE_FNO/PFC/2026-10-27_daily.parquet,16582,c2df129db39a5422b994f46fb850055324c75ff1c68d66e900db539d325d1488,430,2024-12-26,2026-10-05
dhan-data/futures/NSE_FNO/PFC/2026-10-27_minute.parquet,193116,53a893ec6f6642ea5f4a2c30fdffb93520ffd0b66b2c3679240cd85f41d1090b,18180,2026-07-29,2026-10-06
dhan-data/futures/NSE_FNO/PGEL/2026-10-27_daily.parquet,13526,441a2f813c4caf37a0df7c280ee77edf47b62f3de7809dae3d7e7ae547b9282b,310,2025-06-27,2026-10-05
dhan-data/futures/NSE_FNO/PGEL/2026-10-27_minute.parquet,141434,cd080f50a16dca0d409778f0461d7f17adb0733a9108734a44462c9e81626bd8,16222,2026-07-29,2026-10-06
dhan-data/futures/NSE_FNO/PHOENIXLTD/2026-10-27_daily.parquet,16152,2358dc7c3c9f2394fb4f18a2847613d928ba56ddffa87989d89e8439114491f3,405,2025-01-31,2026-10-05
dhan-data/futures/NSE_FNO/PHOENIXLTD/2026-10-27_minute.parquet,106967,2b41c8efc315892957d7e8efa929f6d1661c267ad66385b62b891e7e820ebd25,12501,2026-08-03,2026-10-06
dhan-data/futures/NSE_FNO/PIDILITIND/2026-10-27_daily.parquet,17009,00a3d2ccaaddd44f91370416bdb9a4e765d88ff46fd24f157f162eb7cb3358eb,430,2024-12-26,2026-10-05
dhan-data/futures/NSE_FNO/PIDILITIND/2026-10-27_minute.parquet,137842,46d903ec919a05423682f6fcebc88fd63ea391fdfd553d7c551836ee179778f0,16761,2026-07-31,2026-10-06
dhan-data/futures/NSE_FNO/PIIND/2026-10-27_daily.parquet,17116,bfceea6ae4cb54d22c02f4f8a83ae2d34903fe9b4e55544176e85d92fd12f0ba,430,2024-12-26,2026-10-05
dhan-data/futures/NSE_FNO/PIIND/2026-10-27_minute.parquet,183028,54c60d22472c5c06aebeea0e7d6e596263cd8b7add9e504b3a0ef891933a581e,17908,2026-07-29,2026-10-06
dhan-data/futures/NSE_FNO/PNB/2026-10-27_daily.parquet,17196,0cad5e13b200d193581b9653368455a06aba2171f3bb543aae6414d06abc41a9,430,2024-12-26,2026-10-05
dhan-data/futures/NSE_FNO/PNB/2026-10-27_minute.parquet,168060,b86b333beb476618bcf798e9bfdb4919e6e78f6a4ff84da7f2eec79dd9953ee9,18190,2026-07-29,2026-10-06
dhan-data/futures/NSE_FNO/PNBHOUSING/2026-10-27_daily.parquet,15060,b559e6ef13855b00a23adca489209547ab79c5e8799f8c1aa149ef29ca690732,368,2025-03-28,2026-10-05
dhan-data/futures/NSE_FNO/PNBHOUSING/2026-10-27_minute.parquet,135527,9098c3978c1702f9e3cf2c4256236457868f553d7d0fdd50dc08828a241b162d,16421,2026-07-30,2026-10-06
dhan-data/futures/NSE_FNO/POLICYBZR/2026-10-27_daily.parquet,16949,6e33382b0cde91f65fbf5461e1ca88fdd4f7c3e8ee5ff67660d881bb1e74927f,430,2024-12-26,2026-10-05
dhan-data/futures/NSE_FNO/POLICYBZR/2026-10-27_minute.parquet,153164,c560a56e53bb8e92cbfe1406efbef67be8fa355e5da6841f514172aabc082456,15718,2026-07-31,2026-10-06
dhan-data/futures/NSE_FNO/POLYCAB/2026-10-27_daily.parquet,16901,74530b54114fe1ff4d584063bd5fe427493c93b0a97c6a7b5f69e0a552f49883,430,2024-12-26,2026-10-05
dhan-data/futures/NSE_FNO/POLYCAB/2026-10-27_minute.parquet,165081,1db15d41a431045794f40d637c514c2e4fd9cfb08b8bf6455c141a509bb132f2,17494,2026-07-30,2026-10-06
dhan-data/futures/NSE_FNO/POWERGRID/2026-10-27_daily.parquet,16086,e59ca03ee72023bc0f20bd918f3cd3edf2798b8e2934582890b7badf29c4cdb1,430,2024-12-26,2026-10-05
dhan-data/futures/NSE_FNO/POWERGRID/2026-10-27_minute.parquet,155376,c6f7546b0e58f962f8723e9eb81406a86f544d76136ee386b7a0a9a3efbf3d26,17874,2026-07-29,2026-10-06
dhan-data/futures/NSE_FNO/POWERINDIA/2026-10-27_daily.parquet,11289,f313241ca8ed94a7f454a6447ca2d075a6673fd8e7bb8016b770c1f7b62f38a0,245,2025-10-01,2026-10-05
dhan-data/futures/NSE_FNO/POWERINDIA/2026-10-27_minute.parquet,157281,cc34e56e881e3ae74ae74d9e6b6bc539d9e0c68e06f32801e5966ebfd45b7f98,17662,2026-07-30,2026-10-06
dhan-data/futures/NSE_FNO/PREMIERENE/2026-10-27_daily.parquet,9873,bbea813bcc661f2d4ddb0cb9c22c6aab6209ed83711ca2acf826505e87230a65,186,2025-12-31,2026-10-05
dhan-data/futures/NSE_FNO/PREMIERENE/2026-10-27_minute.parquet,146891,900bc064293315e8a6eefd7b019fd5d19115336d68d64f6ae2904bec8e36a048,16480,2026-07-30,2026-10-06
dhan-data/futures/NSE_FNO/PRESTIGE/2026-10-27_daily.parquet,16864,9d1140dbe33448a6666a72088eb4c4e03303c4f6b8c9c7d0500438bf6910001f,430,2024-12-26,2026-10-05
dhan-data/futures/NSE_FNO/PRESTIGE/2026-10-27_minute.parquet,121518,d7c2de15389bf568376e690d83ebccb02cfe24b3d21c36cad5e0485c7848bc1b,14280,2026-08-04,2026-10-06
dhan-data/futures/NSE_FNO/RADICO/2026-10-27_daily.parquet,7190,0dc3f755eaa5271c4544b81d1562683ffead9ed13f5d81720d0cdfeae1c47258,89,2026-05-27,2026-10-05
dhan-data/futures/NSE_FNO/RADICO/2026-10-27_minute.parquet,136168,190ae2a20ae41941cc5e0828b8639b077a2726f3986d6a497775b047ce0a7ca3,16159,2026-07-29,2026-10-06
dhan-data/futures/NSE_FNO/RBLBANK/2026-10-27_daily.parquet,17431,f233d4159cb022a96767ac893f82460d3486b9f3af3cadfd89d3b49d1585357f,430,2024-12-26,2026-10-05
dhan-data/futures/NSE_FNO/RBLBANK/2026-10-27_minute.parquet,133877,7afc56b9c559254980b11b15440205b3415a3d485d095c6b3a49d90765973f47,16458,2026-07-29,2026-10-06
dhan-data/futures/NSE_FNO/RECLTD/2026-10-27_daily.parquet,16749,dfd29940a8486abffd75fb9bcd4baff653f12d954ea1f3857e2091091c3e0cfe,430,2024-12-26,2026-10-05
dhan-data/futures/NSE_FNO/RECLTD/2026-10-27_minute.parquet,184269,2f6ed11df4f8e5ac500bbecc66cea57ce593a101504d73edca957b1bcc8c2f8c,18185,2026-07-29,2026-10-06
dhan-data/futures/NSE_FNO/RELIANCE/2026-10-27_daily.parquet,17074,dd3d2b0d57e1ba8eb4a61dd6207cd2799e3172a2b521fe4ad9e072beb2a0b95e,430,2024-12-26,2026-10-05
dhan-data/futures/NSE_FNO/RELIANCE/2026-10-27_minute.parquet,258340,a2c387050a0e3af341909060fde0ecd2c631f241f228521b014ce8333b829217,18349,2026-07-29,2026-10-06
dhan-data/futures/NSE_FNO/RVNL/2026-10-27_daily.parquet,14461,25bfa039c4a8e6ba8e79f30b5d402c33d0524c52b1b6d2dd03e9644e83157501,329,2025-05-30,2026-10-05
dhan-data/futures/NSE_FNO/RVNL/2026-10-27_minute.parquet,194526,b39ffb4bf6aa01de5bbb14b3f406f7880bc0a5e869e0a2e7a16a36ba55984c6f,18213,2026-07-29,2026-10-06
dhan-data/futures/NSE_FNO/SAGILITY/2026-10-27_daily.parquet,5393,1e80c5ffc26f154dfbd5a82e49d4631f5d1c08abd0459b9181d0a397d50da17c,27,2026-08-26,2026-10-05
dhan-data/futures/NSE_FNO/SAGILITY/2026-10-27_minute.parquet,98743,694a00826d046b384d51f0f194d231ca1fd05a563197612d9a4d7cd49dc0363d,10612,2026-08-26,2026-10-06
dhan-data/futures/NSE_FNO/SAIL/2026-10-27_daily.parquet,18006,85e681abc3ba3b3706099d71e9048d03790c194a814496bc407397dba7875974,430,2024-12-26,2026-10-05
dhan-data/futures/NSE_FNO/SAIL/2026-10-27_minute.parquet,102813,8c6523f43d3651b6ff3a260a6e6dbdb4f133ea01870e74e78175352695a2e085,14560,2026-07-29,2026-10-06
dhan-data/futures/NSE_FNO/SBICARD/2026-10-27_daily.parquet,16754,f54e2632c87fc89c734c6188820a7b78e489eae539f8fb8b906221d574b1d4bb,430,2024-12-26,2026-10-05
dhan-data/futures/NSE_FNO/SBICARD/2026-10-27_minute.parquet,187839,f9204265fa0a2dae1d3d319346071faabd45a094d4aeb182792779ebc973c837,18179,2026-07-29,2026-10-06
dhan-data/futures/NSE_FNO/SBILIFE/2026-10-27_daily.parquet,16831,4122600da1046da3d2665644ff7091c0261286de71dc496111d865a1057a3a92,430,2024-12-26,2026-10-05
dhan-data/futures/NSE_FNO/SBILIFE/2026-10-27_minute.parquet,150925,d5b0cd80c69e9beb3131076bf3f827f1db35b8794921cb4df1ccc9f69b6aa1d8,16947,2026-07-30,2026-10-06
dhan-data/futures/NSE_FNO/SBIN/2026-10-27_daily.parquet,17267,d305c394932a37b664a00c4b8ca01b15b1ff4445f8c3be01ba06bad1359a5708,430,2024-12-26,2026-10-05
dhan-data/futures/NSE_FNO/SBIN/2026-10-27_minute.parquet,229546,907c67d0afe45a5f87fec628d8725b19d4bc78ac563d68cfcd1c2b10d5ae4657,18322,2026-07-29,2026-10-06
dhan-data/futures/NSE_FNO/SHREECEM/2026-10-27_daily.parquet,15952,d27cc5f96474a22a809cdc7c31be9e41608ada3ce06edc819d706cd35ee9c302,430,2024-12-26,2026-10-05
dhan-data/futures/NSE_FNO/SHREECEM/2026-10-27_minute.parquet,121731,03654298da7ab803769df3751ddee9511268c9602397f67be52d3b9bdc6efa97,15787,2026-07-29,2026-10-06
dhan-data/futures/NSE_FNO/SHRIRAMFIN/2026-10-27_daily.parquet,17188,4bf2d02b28a7da3338bbf19d6f48dfcaa34af75e4204ab4192781ae43711a322,430,2024-12-26,2026-10-05
dhan-data/futures/NSE_FNO/SHRIRAMFIN/2026-10-27_minute.parquet,177603,8ef95bd1425b6e97a273e23bf11f9eed9cbbf7b10c3851935a4c3b9bddc18a24,18077,2026-07-29,2026-10-06
dhan-data/futures/NSE_FNO/SIEMENS/2026-10-27_daily.parquet,17065,3c3807fcf57735d50b6ea411e00bb33de5f9eeeaafccd57744c7a98dd6a33376,430,2024-12-26,2026-10-05
dhan-data/futures/NSE_FNO/SIEMENS/2026-10-27_minute.parquet,162327,b809a9d732827c8dd9149153d363231e6e9347d31e36826f9d047f034bcc7f95,17803,2026-07-29,2026-10-06
dhan-data/futures/NSE_FNO/SOLARINDS/2026-10-27_daily.parquet,15811,60bca9dfbb24f2b395e8eb31f0810e33f414b0815202e01f78a78d2da0899960,405,2025-01-31,2026-10-05
dhan-data/futures/NSE_FNO/SOLARINDS/2026-10-27_minute.parquet,165244,11334d8f5e0eeea5e735d3b27263b37fb90e07fc15aa99ca695275d045e730eb,17051,2026-07-29,2026-10-06
dhan-data/futures/NSE_FNO/SONACOMS/2026-10-27_daily.parquet,17005,1ff0a8ff53e9263b23d22658a6c55bfba339d79b54149b8973f350c807931fda,430,2024-12-26,2026-10-05
dhan-data/futures/NSE_FNO/SONACOMS/2026-10-27_minute.parquet,154226,ae307046648a404b1ae4add701c478fbee2a88c55282a63e1013c58de7ecbda7,17560,2026-07-30,2026-10-06
dhan-data/futures/NSE_FNO/SRF/2026-10-27_daily.parquet,16922,7b2c917cabdcd56c7dae72540d1e2e74b9cfdc17550f57a491e328c228be2bcc,430,2024-12-26,2026-10-05
dhan-data/futures/NSE_FNO/SRF/2026-10-27_minute.parquet,140654,6cfa856fbf8f41653566067c33a472209a47cc5e636ee472fa90092c320417a1,16248,2026-07-30,2026-10-06
dhan-data/futures/NSE_FNO/SUNPHARMA/2026-10-27_daily.parquet,16759,24e19ef9ef3d5bf619ff60e6e61730813b8b48a9db1e5e92cd6c462a3f7aad69,430,2024-12-26,2026-10-05
dhan-data/futures/NSE_FNO/SUNPHARMA/2026-10-27_minute.parquet,165682,17e5204723245620ebc9c34c4aa78146f02043982c2c2a591d2af0fad9608b65,17751,2026-07-29,2026-10-06
dhan-data/futures/NSE_FNO/SUPREMEIND/2026-10-27_daily.parquet,17007,823540d04e4771f6cdc7edd00b913ef1bdec2d5117de46db8aded10bad7d694f,430,2024-12-26,2026-10-05
dhan-data/futures/NSE_FNO/SUPREMEIND/2026-10-27_minute.parquet,139043,5af4b3c47a630ffdb63edca8c49841a03cc969e51be826f344d3e681c77000fa,16292,2026-07-29,2026-10-06
dhan-data/futures/NSE_FNO/SUZLON/2026-10-27_daily.parquet,13087,df61ddcda2adeec02ac1c7c37d6057b9eeed9b0f796e7eada26a3d5c6f27b7ea,286,2025-08-01,2026-10-05
dhan-data/futures/NSE_FNO/SUZLON/2026-10-27_minute.parquet,175302,995ae0b30bba35378ddbf6f5f60bb117ef4ddeea92b76753c23894f78375eec4,18293,2026-07-29,2026-10-06
dhan-data/futures/NSE_FNO/SWIGGY/2026-10-27_daily.parquet,9989,fbea6adf6dd08d0948784902deaf5ff2d7c5f8103d09586144b9a14ada7bcc2f,186,2025-12-31,2026-10-05
dhan-data/futures/NSE_FNO/SWIGGY/2026-10-27_minute.parquet,182203,3a1500c27d2813c46a15b46853dcbb1b3710a4dd5dc50ff631bfcc8ff5f01bdb,18193,2026-07-29,2026-10-06
dhan-data/futures/NSE_FNO/TATACONSUM/2026-10-27_daily.parquet,16464,5be95f158b6d76e7f4393d40d34dd37f68f756fe5dd7e73bccbfe6b260eb3bac,430,2024-12-26,2026-10-05
dhan-data/futures/NSE_FNO/TATACONSUM/2026-10-27_minute.parquet,159711,3ec57d274f067f65cd16a94a66812bd79383faf57ff96be5b885d130abd45e6a,17022,2026-07-30,2026-10-06
dhan-data/futures/NSE_FNO/TATAELXSI/2026-10-27_daily.parquet,16871,37094002f744ab21b2e1c3ca515f2325c18bea6dd9691a774373dee8e7e97eea,430,2024-12-26,2026-10-05
dhan-data/futures/NSE_FNO/TATAELXSI/2026-10-27_minute.parquet,184840,50429ace4bca28972f604fa85982ff84a6faab31a30143435715f7c501f4b4f9,18210,2026-07-29,2026-10-06
dhan-data/futures/NSE_FNO/TATAPOWER/2026-10-27_daily.parquet,16256,cc184fb8f3431d37935916330892b4f5c2e4432472f4f3a16d26d86b001f23e1,430,2024-12-26,2026-10-05
dhan-data/futures/NSE_FNO/TATAPOWER/2026-10-27_minute.parquet,167493,e11b037a9e862d0dd8026ce417c80d8a065199165b689d58a7a7213712a63ad9,18191,2026-07-29,2026-10-06
dhan-data/futures/NSE_FNO/TATASTEEL/2026-10-27_daily.parquet,17724,b3f79cb8683d4a095e71afc1b3a09af882fecf7a327418da3136487282a5d1c7,430,2024-12-26,2026-10-05
dhan-data/futures/NSE_FNO/TATASTEEL/2026-10-27_minute.parquet,220756,8f3042d2199e756f9fbad951357b19799ec7117152824ec1c4573900dff89f55,18281,2026-07-29,2026-10-06
dhan-data/futures/NSE_FNO/TCS/2026-10-27_daily.parquet,17189,278c75ada205b52d65b4ed831111f6f4da5b854c88d9e9e271ab617755a250c4,430,2024-12-26,2026-10-05
dhan-data/futures/NSE_FNO/TCS/2026-10-27_minute.parquet,252472,e08bc8d1970de53f6d3cc9f3ce205017774874ab0909a43ccdc58764844988ee,18352,2026-07-29,2026-10-06
dhan-data/futures/NSE_FNO/TECHM/2026-10-27_daily.parquet,16718,426d696bc47013a9632013f71d3d1e807aa7e81c56a525b4acbe18c40f6268fb,430,2024-12-26,2026-10-05
dhan-data/futures/NSE_FNO/TECHM/2026-10-27_minute.parquet,155826,47c6ef2b56441bbce7914b659243b8b336c6c49cd46e0962d4fc23cbcf40bae4,17185,2026-07-29,2026-10-06
dhan-data/futures/NSE_FNO/TIINDIA/2026-10-27_daily.parquet,16935,3b13cd352ca9d0c7802104b32aae891d167bd1ba584b5bf9b26b8ca7c4045ac3,430,2024-12-26,2026-10-05
dhan-data/futures/NSE_FNO/TIINDIA/2026-10-27_minute.parquet,151292,88112a8ef4e9968e9a07d3de5cfa917da5a360f193df9a75475db6b4451719ae,17292,2026-07-30,2026-10-06
dhan-data/futures/NSE_FNO/TITAN/2026-10-27_daily.parquet,17192,2ac6269c9d59cee055cbd294d658342480a801895971afbb183f1a5cc6bfa3b0,430,2024-12-26,2026-10-05
dhan-data/futures/NSE_FNO/TITAN/2026-10-27_minute.parquet,177146,1376bfaa2fe8a8796d0416b27447a11dbc9570ae7235fe1d8c8c1283e92e7a10,18069,2026-07-29,2026-10-06
dhan-data/futures/NSE_FNO/TMPV/2026-10-27_daily.parquet,11002,017970e7cd9c7bbcc4c58696452399d183091028161ce3fb2f1f1e7471694f65,232,2025-10-24,2026-10-05
dhan-data/futures/NSE_FNO/TMPV/2026-10-27_minute.parquet,209201,43a4fe6c8fbd850fc32c8487c8622b9d0aa1f29e205e65c7d1bd24d997548349,18332,2026-07-29,2026-10-06
dhan-data/futures/NSE_FNO/TORNTPHARM/2026-10-27_daily.parquet,16984,6edd1f1cb029f0667c48ecbb04ebaf1693ba16f295ad1fc625371a4435779078,430,2024-12-26,2026-10-05
dhan-data/futures/NSE_FNO/TORNTPHARM/2026-10-27_minute.parquet,124640,edb9d320df96b68534b42b739358fe095147291a2bac383f4f752b1a946675b1,15401,2026-07-31,2026-10-06
dhan-data/futures/NSE_FNO/TRENT/2026-10-27_daily.parquet,17156,9b12db66581ee5a386327faa6e28843121d4e529bcf1f8ecf003a9241b52eed8,430,2024-12-26,2026-10-05
dhan-data/futures/NSE_FNO/TRENT/2026-10-27_minute.parquet,186009,673ee3541cec583cf665bb1ad7fc41020cf8aa5b05af2491f1de1165cead7c65,18038,2026-07-29,2026-10-06
dhan-data/futures/NSE_FNO/TVSMOTOR/2026-10-27_daily.parquet,17159,94dba9f8dda6170d05d629e28710cea27b70436cb5dd7285cfd5ba7f8f87bef3,430,2024-12-26,2026-10-05
dhan-data/futures/NSE_FNO/TVSMOTOR/2026-10-27_minute.parquet,179475,b72d2c66c408176591dbaa49a4ee23c7dbfad131eb6d30e6598cd1b3e7fa2d00,18144,2026-07-29,2026-10-06
dhan-data/futures/NSE_FNO/UJJIVANSFB/2026-10-27_daily.parquet,4612,ccff304811a08ab0f8c8fdcc8dc4b59d59b645138a1c7e0cf7cdde2f531e9406,3,2026-09-30,2026-10-05
dhan-data/futures/NSE_FNO/UJJIVANSFB/2026-10-27_minute.parquet,21905,770a5a63982da202dee670520ad0ba5ce8f1004b446e246fb3ab34a8b37369a3,1459,2026-09-30,2026-10-06
dhan-data/futures/NSE_FNO/ULTRACEMCO/2026-10-27_daily.parquet,16187,ffdb8aa34099c625192e0e5529be63bfa20553ab619c8e5811e91ffbf8b68687,430,2024-12-26,2026-10-05
dhan-data/futures/NSE_FNO/ULTRACEMCO/2026-10-27_minute.parquet,153678,170461f2d1e27bcc66d07654a99f4b438abbf15272cc1469273b43751936a7aa,17351,2026-07-29,2026-10-06
dhan-data/futures/NSE_FNO/UNIONBANK/2026-10-27_daily.parquet,17872,4a95fba1e9e3fb3d38bc8c4dc5294eca4342e3a4cce433ee3adab9436bf50b88,430,2024-12-26,2026-10-05
dhan-data/futures/NSE_FNO/UNIONBANK/2026-10-27_minute.parquet,169970,811f4e75352bc6a8a10a7bb69716815f2cb5488fe7a0970cb141b36d2aedc73b,17969,2026-07-29,2026-10-06
dhan-data/futures/NSE_FNO/UNITDSPR/2026-10-27_daily.parquet,16612,8258e1bafc28d083e8bcdeb571420db59d6f373ce684c16bb36201867b54e30c,430,2024-12-26,2026-10-05
dhan-data/futures/NSE_FNO/UNITDSPR/2026-10-27_minute.parquet,147174,235f4b198eca00951a32552e9b8a0be336f287af9b864806ef9d393af40e9ffc,16867,2026-07-29,2026-10-06
dhan-data/futures/NSE_FNO/UNOMINDA/2026-10-27_daily.parquet,13811,5de735df30d0ae7b0e0e2fba9659f4addb6b876eaa414e719ab062d81119276e,329,2025-05-30,2026-10-05
dhan-data/futures/NSE_FNO/UNOMINDA/2026-10-27_minute.parquet,120341,031a5f39b37b15aec18dec070d56f3d73d86df235026afb26c0fc4d06dae325b,13873,2026-08-03,2026-10-06
dhan-data/futures/NSE_FNO/UPL/2026-10-27_daily.parquet,16879,cc252b1ba4442c1bbaf6e329e468ff2fe7bee69b75e1e4a4fbd7758af213c118,430,2024-12-26,2026-10-05
dhan-data/futures/NSE_FNO/UPL/2026-10-27_minute.parquet,157218,248ab86523564ba099c141f83a6de89e53058934b7bb47bcd0cb197058dbc3eb,17344,2026-07-31,2026-10-06
dhan-data/futures/NSE_FNO/VBL/2026-10-27_daily.parquet,16880,be0e59877e10d6b0b85b061a53b03e5530f6d98d4db4a64169f489741f1dd8f9,430,2024-12-26,2026-10-05
dhan-data/futures/NSE_FNO/VBL/2026-10-27_minute.parquet,176894,ea1a80ccb631b0f37b9022a9512e604c1a4a1b1591705fe63ef8c64a5e1ea906,18040,2026-07-29,2026-10-06
dhan-data/futures/NSE_FNO/VEDL/2026-10-27_daily.parquet,17361,7d85ad5cf7228071b68f069b1a8cbc8bd04f4e6e9d5df0cda6cd9980974d3f09,430,2024-12-26,2026-10-05
dhan-data/futures/NSE_FNO/VEDL/2026-10-27_minute.parquet,178930,0c22264da0850b8c3c2eecab1b571035cd5d7dabc73383a27dc38d38de4e9b30,18275,2026-07-29,2026-10-06
dhan-data/futures/NSE_FNO/VMM/2026-10-27_daily.parquet,8276,c936d33a04e4e6bcf3be6074aa7328ea0260091f4483dbd2580093723cd55c1d,126,2026-04-01,2026-10-05
dhan-data/futures/NSE_FNO/VMM/2026-10-27_minute.parquet,145089,a3961dc32fba524c02ed2c154c6ec355afbe0f78bc27fd40821102d8562088cc,16324,2026-07-29,2026-10-06
dhan-data/futures/NSE_FNO/VOLTAS/2026-10-27_daily.parquet,16645,06c3258e6ad1643b2d9f985fbc9e4b1a2ec008e3ec6abd718e6f0a0029227681,430,2024-12-26,2026-10-05
dhan-data/futures/NSE_FNO/VOLTAS/2026-10-27_minute.parquet,178539,38a13f166b39bf667d2b97edc607d1dd260b44fdfbc1434e4b3b702a5e0599fd,18018,2026-07-29,2026-10-06
dhan-data/futures/NSE_FNO/WAAREEENER/2026-10-27_daily.parquet,9949,13d60fbfafba2f5cd2176f6f74570d052e7d450635307dafcfbf102f3996d777,186,2025-12-31,2026-10-05
dhan-data/futures/NSE_FNO/WAAREEENER/2026-10-27_minute.parquet,193726,61050bc54eef5adc4af901b08a894d6e1e75520757e7ccb11490e3727e1e6205,18175,2026-07-29,2026-10-06
dhan-data/futures/NSE_FNO/WIPRO/2026-10-27_daily.parquet,17719,d8b076f49b1d5e905062b67b4164a35a93ab444a9c8007379d590f60d785e7d5,430,2024-12-26,2026-10-05
dhan-data/futures/NSE_FNO/WIPRO/2026-10-27_minute.parquet,229905,47ab32ce55c8917665839ec7f92bc5a123a2b35eeda2ba2b44eeb7ee7b5ea5a0,18316,2026-07-29,2026-10-06
dhan-data/futures/NSE_FNO/YESBANK/2026-10-27_daily.parquet,16621,1d95edf6eb46cd6fa504a38e99bcf6474d32aa88e72943a4035e7aaf1ade4a40,430,2024-12-26,2026-10-05
dhan-data/futures/NSE_FNO/YESBANK/2026-10-27_minute.parquet,165040,9eaeeb47b1ac42f31568ebafe12278a6bb021ec6bbc9520a3f2495c8c0c373e6,18256,2026-07-29,2026-10-06
dhan-data/futures/NSE_FNO/ZYDUSLIFE/2026-10-27_daily.parquet,16631,5da43924914469d1dc0bc56b34df7056bf750c5848c84ba3a05f532508dc9c43,430,2024-12-26,2026-10-05
dhan-data/futures/NSE_FNO/ZYDUSLIFE/2026-10-27_minute.parquet,152386,49961e18b1892a0bfe495ec0cbed4140ae6c5fca223516939f08964857878988,17764,2026-07-29,2026-10-06
dhan-data/optionchain/2026-10-06/360ONE.parquet,22111,56948172b5e51a29f025dc7dd809ad3c337883db99a643f4b4e04e6b7de953fc,210,2026-10-06,2026-10-06
dhan-data/optionchain/2026-10-06/ABB.parquet,23585,aa71ad8524c0366e8172efbec272d22d05abf4c0ca6aadfe9ad73b21548dccbe,280,2026-10-06,2026-10-06
dhan-data/optionchain/2026-10-06/ABCAPITAL.parquet,24693,351d2b4c10da06111783bda12e5900cf89244ee56555efb4d8edcf718f72dc55,310,2026-10-06,2026-10-06
dhan-data/optionchain/2026-10-06/ADANIENSOL.parquet,25094,df2185e7892ccdc09888e31930c91134286bfb94d2574bda143f0836212ad73b,280,2026-10-06,2026-10-06
dhan-data/optionchain/2026-10-06/ADANIENT.parquet,23064,81517d3cc19408796a08d4b0e17bc7985e2cc7c8db651e82e8d987a0e8e98a70,228,2026-10-06,2026-10-06
dhan-data/optionchain/2026-10-06/ADANIGREEN.parquet,23733,23a94031b4a38e84df0bfd813c0a201380e692256d24fac9bf5278a54866c07a,242,2026-10-06,2026-10-06
dhan-data/optionchain/2026-10-06/ADANIPORTS.parquet,25871,e2e5e896fa6c36d56ce34b6ea6b211525029208c3062e600059c0533eaa1257d,338,2026-10-06,2026-10-06
dhan-data/optionchain/2026-10-06/ADANIPOWER.parquet,27177,05b309fbd91d491303059fe518a94d379067982437958924c16e665be6918c26,326,2026-10-06,2026-10-06
dhan-data/optionchain/2026-10-06/ALKEM.parquet,26011,8d5156cd7d7f1c92ff252285d7c4ae25c804a2ae3fc1eeebc2d46147a7fe5a8e,402,2026-10-06,2026-10-06
dhan-data/optionchain/2026-10-06/AMBER.parquet,23377,9b46c38066eb48cc6995f1f0a0a8d319ddbe313816a4047445c889cee6d9fb1b,278,2026-10-06,2026-10-06
dhan-data/optionchain/2026-10-06/AMBUJACEM.parquet,24260,39ff6d09273eab558c99b5e7640384defdd731c4a7a79495153762f87f8d180f,322,2026-10-06,2026-10-06
dhan-data/optionchain/2026-10-06/ANANDRATHI.parquet,24705,d496ddb8b8e5fcfa0b57f2e99ad430db6abc3ede3a9b014421c0c926a15130ac,414,2026-10-06,2026-10-06
dhan-data/optionchain/2026-10-06/ANGELONE.parquet,23941,0e17817a35f08637b6e583ae7f8af17394477c9025d39139f6b665d965352734,258,2026-10-06,2026-10-06
dhan-data/optionchain/2026-10-06/APLAPOLLO.parquet,28588,f61806c0f9c5699b945e73688ee551aef75ab38c9bf4b1b95196fd1c01ffd0b6,438,2026-10-06,2026-10-06
dhan-data/optionchain/2026-10-06/APOLLOHOSP.parquet,26069,0879de93004aaf1cfd8a35d75b2dc94b76e468e39df70ed286e64a9278383ac0,356,2026-10-06,2026-10-06
dhan-data/optionchain/2026-10-06/ASHOKLEY.parquet,25081,541aa7f507512cb1a399cb7d517032308a5e8fde9e87b031367bc4787afbf3c6,250,2026-10-06,2026-10-06
dhan-data/optionchain/2026-10-06/ASIANPAINT.parquet,29324,8dd02bb0972c07d3e97c2fcffd6205ed10af41a078f3f05912439ca65743b62b,472,2026-10-06,2026-10-06
dhan-data/optionchain/2026-10-06/ASTRAL.parquet,23849,7e7d15d4b9796029ff7f1f59005f92f25e8956426c7986055918602cec6bce3c,270,2026-10-06,2026-10-06
dhan-data/optionchain/2026-10-06/ATHERENERG.parquet,26163,8d4ac8653ee54b8a74d97551b630f0d32839206968b53474fe6ce911eec91245,316,2026-10-06,2026-10-06
dhan-data/optionchain/2026-10-06/AUBANK.parquet,27766,1b6b6db8e16a52f296bb6cd3ee6dd9fb851b0e53540d0d5c2be1d1f0d1b62e61,420,2026-10-06,2026-10-06
dhan-data/optionchain/2026-10-06/AUROPHARMA.parquet,23925,9ef6f04f38fb2fc9fc6610990062f7292982b1e8f03f2b9d3ec86a2cfb10ae02,306,2026-10-06,2026-10-06
dhan-data/optionchain/2026-10-06/AXISBANK.parquet,29814,14060f13fdd5af22cdec97566b44592a2499aa131e3ab81217cb3b5cae6b1956,470,2026-10-06,2026-10-06
dhan-data/optionchain/2026-10-06/BAJAJ-AUTO.parquet,30605,4e45454dc865dd2b4f183ff95acdb26ce20f815cbfaa23e9aabbf4f152613836,482,2026-10-06,2026-10-06
dhan-data/optionchain/2026-10-06/BAJAJFINSV.parquet,26772,d4322dc40af4cf98685ed5fcc9957a2b66ca17456155995038655fef3c12fcba,358,2026-10-06,2026-10-06
dhan-data/optionchain/2026-10-06/BAJAJHLDNG.parquet,20446,ecbdf13509c2c0b990f03e9f14f44ad532c01789462e4c648ecf816c23f2a3d2,168,2026-10-06,2026-10-06
dhan-data/optionchain/2026-10-06/BAJFINANCE.parquet,29519,730f59b952f809a25aee20b4422cb0af8134b8a800818577c3bdd1276c575995,414,2026-10-06,2026-10-06
dhan-data/optionchain/2026-10-06/BANDHANBNK.parquet,24296,a18d56a6b040905009474e25b8e30df03cd094ae4631783223bbc0fb629d73c3,286,2026-10-06,2026-10-06
dhan-data/optionchain/2026-10-06/BANKBARODA.parquet,27089,338beb412dc81a92305cd3f4d8bb44368e1e0b40dc9abf01c3bceed3c2b2f46e,358,2026-10-06,2026-10-06
dhan-data/optionchain/2026-10-06/BANKEX.parquet,55680,01dd1b4ed459beb9842ee23e22a332b9b01a768395562ce87fb6e995de0f990b,1046,2026-10-06,2026-10-06
dhan-data/optionchain/2026-10-06/BANKINDIA.parquet,22877,613c4ff6f8d40fbdcffb6881f6c7eef4fc6abe1d5ca611444c1c22404188ce66,226,2026-10-06,2026-10-06
dhan-data/optionchain/2026-10-06/BANKNIFTY.parquet,87608,bbccf2a056dbc9eef76cc491bbf22c24a66d4407235975ccc0f3387a56c909ba,2352,2026-10-06,2026-10-06
dhan-data/optionchain/2026-10-06/BDL.parquet,23849,92f515ef8890703cb77d870b19c1778c2e868851c0344640f247d3477e6c7db4,226,2026-10-06,2026-10-06
dhan-data/optionchain/2026-10-06/BEL.parquet,26123,2bab33aed4c46f05627aae9b646f16339e4db2cba6cd971b46e6b8763455a031,316,2026-10-06,2026-10-06
dhan-data/optionchain/2026-10-06/BHARATFORG.parquet,27452,90d56dafc0ec6f62238f82e1d108daadeafd9dc01180db69a46382ba411e1675,386,2026-10-06,2026-10-06
dhan-data/optionchain/2026-10-06/BHARTIARTL.parquet,26496,f2339eb8b73336533a7eb24c9afd87cf7b543bef75bdcdddf6ac38a4069f2913,354,2026-10-06,2026-10-06
dhan-data/optionchain/2026-10-06/BHEL.parquet,23232,6fb56fb0aae4fd77655c9bddc01b87a9ae26cfedc3dddec09ca419cd22d78e56,200,2026-10-06,2026-10-06
dhan-data/optionchain/2026-10-06/BIOCON.parquet,24876,ba12f3388b640b7949f77c75eb76ee53ca49be2037cba2073d4dcb6382195830,310,2026-10-06,2026-10-06
dhan-data/optionchain/2026-10-06/BLUESTARCO.parquet,24935,ac83133f8b1171867e9eb2cb875d27448b14e8a40a47a81574012e431d5dbef1,314,2026-10-06,2026-10-06
dhan-data/optionchain/2026-10-06/BOSCHLTD.parquet,25855,097954f9c9f751ccdd58626e10572e05e73fc0f496d88d0885752daf64f48b0b,386,2026-10-06,2026-10-06
dhan-data/optionchain/2026-10-06/BPCL.parquet,22897,c59a14f19d43b4e0783e513eded7b89c4ff534fbded4d529b6a8ad2b1afc1fba,250,2026-10-06,2026-10-06
dhan-data/optionchain/2026-10-06/BRITANNIA.parquet,26044,cc3a0a2806b32f179a551b0df0d7e3b9cec9b62310d93f7097cf318a611b0c7c,382,2026-10-06,2026-10-06
dhan-data/optionchain/2026-10-06/BSE.parquet,24970,677e7b1f7bc01680c0b47edcef63e210c565d5fe2efd838a46e7d78e91543828,274,2026-10-06,2026-10-06
dhan-data/optionchain/2026-10-06/CAMS.parquet,24281,4513ea4d5e2d07acdc76bf20b2d4f94d8de526cab294fa124dafc45613d7f2f1,274,2026-10-06,2026-10-06
dhan-data/optionchain/2026-10-06/CANBK.parquet,31398,4613d877db1617f4e9c4d7d1cccb3bc46a5e9b6aa97f9c5afc05aeb94ea1383d,488,2026-10-06,2026-10-06
dhan-data/optionchain/2026-10-06/CDSL.parquet,24038,28b4d8553046ff008bdcb0a133170b981b555425347644f013ea59b0349c9222,262,2026-10-06,2026-10-06
dhan-data/optionchain/2026-10-06/CGPOWER.parquet,25309,f7ba5c570094aad6dfe5df06070e6648deb5d3439ed88fafdba075e12ac7cf6f,334,2026-10-06,2026-10-06
dhan-data/optionchain/2026-10-06/CHOLAFIN.parquet,25863,60115cd7b4514552201ea43e06ad8e7ac2a7c5dba219291a73ce7bc9651649a6,358,2026-10-06,2026-10-06
dhan-data/optionchain/2026-10-06/CIPLA.parquet,29571,01b055c95ec90967fca4153f55a8fa34a57a65c6f104ab8210e91e98b7acb8ef,494,2026-10-06,2026-10-06
dhan-data/optionchain/2026-10-06/COALINDIA.parquet,25627,2e84a6b869cbb0c6d5db08c46681b5b0875b1ed03e06deb4db68d8f06df80430,316,2026-10-06,2026-10-06
dhan-data/optionchain/2026-10-06/COCHINSHIP.parquet,23782,10c66513ed2a287b4471e9ece09d16d9e2f7115503e7598146d3ce849006a402,266,2026-10-06,2026-10-06
dhan-data/optionchain/2026-10-06/COFORGE.parquet,27782,322135c4aedb04c325c5b47fd317c3bc350194f95bafa0cd814ddd334faab0d5,366,2026-10-06,2026-10-06
dhan-data/optionchain/2026-10-06/COLPAL.parquet,26509,d9553e8578c3867ab95ef00b3edd14d76fcc05e3457cff7641864cdecd41377e,358,2026-10-06,2026-10-06
dhan-data/optionchain/2026-10-06/CONCOR.parquet,27406,d4989c9efbf868ff0ffb304959388b6772abcb5ad6d8d56372127ca4a87ab69b,382,2026-10-06,2026-10-06
dhan-data/optionchain/2026-10-06/CROMPTON.parquet,27658,00b18191fb8bc698e28170513f46efc1398a86fa0a316908bcc2884d38124ab9,364,2026-10-06,2026-10-06
dhan-data/optionchain/2026-10-06/CUMMINSIND.parquet,25547,6d4e023d788d8edbfbda624f757f783e84e62677b379e6e18976f4062f416271,386,2026-10-06,2026-10-06
dhan-data/optionchain/2026-10-06/DABUR.parquet,25342,4756962592a87f74fe49496390bded4091ba1cfc048e8e1052c239f05b0557ac,316,2026-10-06,2026-10-06
dhan-data/optionchain/2026-10-06/DELHIVERY.parquet,25454,30b0deb7fba30b02f6d7fd6666f81062372013361431e2545f3091461706e6fa,316,2026-10-06,2026-10-06
dhan-data/optionchain/2026-10-06/DIVISLAB.parquet,25453,2479cd69d76e0fc3fce548911342d44269206b9e902e5647494d202928b69a51,354,2026-10-06,2026-10-06
dhan-data/optionchain/2026-10-06/DIXON.parquet,22290,7d9bbd2f9a6268bab1047a377795a9b0384ceec381f676506fd57e9f10d91e0c,214,2026-10-06,2026-10-06
dhan-data/optionchain/2026-10-06/DLF.parquet,23649,153e28e6146974f12376ca31854185a33669b174509f133464907f3be4c6f611,252,2026-10-06,2026-10-06
dhan-data/optionchain/2026-10-06/DMART.parquet,25480,cab1dcf9bcbb0243edefbd98497a90d2ce52097b4e58d43884012f34542f8a40,318,2026-10-06,2026-10-06
dhan-data/optionchain/2026-10-06/DRREDDY.parquet,29982,9963fe38b0e2e064be5cc69336c7e44dab629486f83941659733ac70cab54765,470,2026-10-06,2026-10-06
dhan-data/optionchain/2026-10-06/EICHERMOT.parquet,25043,c320ba9335f169165fc014dc437102295ece03676f8f366e66b03d4a5306386a,322,2026-10-06,2026-10-06
dhan-data/optionchain/2026-10-06/ENRIN.parquet,21717,e2a580a0b6d544300140ad1b3c3643d236668eb417de3d861e550e5612007589,256,2026-10-06,2026-10-06
dhan-data/optionchain/2026-10-06/ETERNAL.parquet,23981,4636a888b8c322135f157f1a6d70566d2949f13f4615eaf7b2855ddfd48af65f,250,2026-10-06,2026-10-06
dhan-data/optionchain/2026-10-06/FEDERALBNK.parquet,23951,8342851e31844189d8121efd589b48c31583730559a20e031366c23b0beedb24,274,2026-10-06,2026-10-06
dhan-data/optionchain/2026-10-06/FINNIFTY.parquet,36122,bfe9f29b3f9a7cfe7e6b07a121f6883196f0b848e3f1bbbbfc4916359f19d9c8,1068,2026-10-06,2026-10-06
dhan-data/optionchain/2026-10-06/FOCIT.parquet,49408,ed4edc3ae57ecd52b5114493bf58346baa6fb9377ac9c236570b8a57c9302721,1056,2026-10-06,2026-10-06
dhan-data/optionchain/2026-10-06/FORCEMOT.parquet,22629,9c09b0bf95556b608df84407223314bbf07a9df4788e64b8dfb3bc65490892cc,274,2026-10-06,2026-10-06
dhan-data/optionchain/2026-10-06/FORTIS.parquet,27163,4e2eef99e316f0f78412dd331aaab53b5944ed5df731a60bc9b7434128b85c52,358,2026-10-06,2026-10-06
dhan-data/optionchain/2026-10-06/GAIL.parquet,24752,d3dd51c76da739f0fa5378a20a9201c9b6689c30c77709cf422c963f03440de0,270,2026-10-06,2026-10-06
dhan-data/optionchain/2026-10-06/GLENMARK.parquet,28150,0d2fd074ec6756db95e5172f2abcb09c8e4ea5a242cdead3f1da01012a27fc65,464,2026-10-06,2026-10-06
dhan-data/optionchain/2026-10-06/GMRAIRPORT.parquet,28322,2ccf5057dd6f899b63c7a9ae5b7e0eabbfb8c7a4fa1861a9f60de9c8cda3611a,366,2026-10-06,2026-10-06
dhan-data/optionchain/2026-10-06/GODFRYPHLP.parquet,26005,3bce061a0549c6e62614f98bfd6bfae5467343d20f7e8c12dff271bb388dd836,398,2026-10-06,2026-10-06
dhan-data/optionchain/2026-10-06/GODREJCP.parquet,26206,e185c41ec389d28b34aabefaaa261ee3f01f3b36a2cc75b976fc4ebcfb55d689,328,2026-10-06,2026-10-06
dhan-data/optionchain/2026-10-06/GODREJPROP.parquet,26402,55abf4b0a4a184deb645fb74e641c42c5596df8ec9038ae43d6d682fc7635f06,318,2026-10-06,2026-10-06
dhan-data/optionchain/2026-10-06/GRASIM.parquet,31575,31ae8dc9f136633c39e13a2a90183d6b78b9ccf107958d4cc1944a6489212f79,576,2026-10-06,2026-10-06
dhan-data/optionchain/2026-10-06/GVT_D.parquet,20968,12cd7de2b4cb25c354a33b0e73f388580a3b73c584e4e9c3887144b49a338793,172,2026-10-06,2026-10-06
dhan-data/optionchain/2026-10-06/HAL.parquet,26165,aec0b4e19f7962adb64f1c5b6d6d3498391edb3ca535c03e367dad02b63e0e1c,374,2026-10-06,2026-10-06
dhan-data/optionchain/2026-10-06/HAVELLS.parquet,28485,76b9d23f37d0f090c336b286eee485ca23074ae707c0e98da1ea84bfc2d73192,424,2026-10-06,2026-10-06
dhan-data/optionchain/2026-10-06/HCLTECH.parquet,26176,faae63349cbccc64fa3f6ebe9b12b77a95f10f9a5bf81c04fba9bd12269de01a,288,2026-10-06,2026-10-06
dhan-data/optionchain/2026-10-06/HDFCAMC.parquet,28984,d91e6a5ea41b4e66530d35a8fa15c49ecbf7e7ae8da325ef29e93969f7656a91,500,2026-10-06,2026-10-06
dhan-data/optionchain/2026-10-06/HDFCBANK.parquet,26545,caa7cb17ca598b88c407222eca1e158b06694afdd3607ce0465e4cd1db4d253b,284,2026-10-06,2026-10-06
dhan-data/optionchain/2026-10-06/HDFCLIFE.parquet,28829,f30550c317d2c48fdd6a5935b39fab0fb18c3cccd8b4a0c9e4ed473bb80c28b4,412,2026-10-06,2026-10-06
dhan-data/optionchain/2026-10-06/HEROMOTOCO.parquet,26927,9db69d048d613c507c7c8db704b639818ad248d94c1d92ab710e9b5db9eebf7b,412,2026-10-06,2026-10-06
dhan-data/optionchain/2026-10-06/HINDALCO.parquet,26885,3f583d7670b35404ab1c4f6ac87d91eb8ab3c4a57e8adfd2a188aad791512787,374,2026-10-06,2026-10-06
dhan-data/optionchain/2026-10-06/HINDPETRO.parquet,24268,bdd35e30c94e33f36c7e4bd7ba0e33b125c6e7253dbaef07e68539b99ffbb23c,284,2026-10-06,2026-10-06
dhan-data/optionchain/2026-10-06/HINDUNILVR.parquet,27735,3ae2d0d766caa9c25ef7f4f66d1f47d4207cf5f01543be23050be908d13a496b,382,2026-10-06,2026-10-06
dhan-data/optionchain/2026-10-06/HINDZINC.parquet,23041,b942e81c8d1fa277d346040459bea9ee787d57cc1b7acde31d37398b6fa12211,222,2026-10-06,2026-10-06
dhan-data/optionchain/2026-10-06/HYUNDAI.parquet,27255,e83999469d6311e308533483be79f94ce590898745eb6f336e0f87c922e0083d,422,2026-10-06,2026-10-06
dhan-data/optionchain/2026-10-06/ICICIBANK.parquet,31504,bea37d597d67cbb864b36a892869a225153e60f55cdb694b0fe14ac02669cc27,500,2026-10-06,2026-10-06
dhan-data/optionchain/2026-10-06/ICICIGI.parquet,24922,bf9730ffd9b05b525413d54a53e534f8a806fafa97c65d7d0503647532470c70,284,2026-10-06,2026-10-06
dhan-data/optionchain/2026-10-06/ICICIPRULI.parquet,27043,5f65411c3acba2051bc33b76c6b6e4275c85cfc823c5193dc9d9f0db895e6164,360,2026-10-06,2026-10-06
dhan-data/optionchain/2026-10-06/IDEA.parquet,20203,f6f22551b45a3de8c72763df7b4f5f3f3ecf6e2f810163d30fea191d7fe345a8,106,2026-10-06,2026-10-06
dhan-data/optionchain/2026-10-06/IDFCFIRSTB.parquet,25432,883e921309eb009c9f56b7ada31212b47d95f37f5cfa47ef4557897fddb38026,268,2026-10-06,2026-10-06
dhan-data/optionchain/2026-10-06/IEX.parquet,28057,2f1decd981c3126556e1689c7d4762e1e434b9014caf94320eb40b3df2fe12f6,358,2026-10-06,2026-10-06
dhan-data/optionchain/2026-10-06/INDHOTEL.parquet,23306,d381d22b96a7a102db6e015b02484af4d9d8b1083c10f11682785ab5ef2601a8,274,2026-10-06,2026-10-06
dhan-data/optionchain/2026-10-06/INDIANB.parquet,25024,326c98dd98cfd6126913b9bc519d0b333e46747463f4a7fb8a189af1c236d17a,320,2026-10-06,2026-10-06
dhan-data/optionchain/2026-10-06/INDIGO.parquet,26120,2a277288b96d9616da1ef4d65964b9c97b1da1a237bfac0d0344d5d872f4a51e,382,2026-10-06,2026-10-06
dhan-data/optionchain/2026-10-06/INDUSINDBK.parquet,27049,db9dfbbc0785ad03701d90d4b7d1faf0c9c28b70ab1442dbaffcf36df6a60360,384,2026-10-06,2026-10-06
dhan-data/optionchain/2026-10-06/INDUSTOWER.parquet,24750,e5046d0ea0d82596d2d9307b12a895c2663f722ba0cdf787d3b4424c8279e51d,316,2026-10-06,2026-10-06
dhan-data/optionchain/2026-10-06/INFY.parquet,24362,ef3b1b67695683748d8af8ac2447a3352cb8dcac207c4c1c16058de0c059b648,220,2026-10-06,2026-10-06
dhan-data/optionchain/2026-10-06/INOXWIND.parquet,26235,ba064a8557104cf6ccf5f8e587555f8d1e83b6efcf0c5eb3c0e5b5fe624c5c9e,322,2026-10-06,2026-10-06
dhan-data/optionchain/2026-10-06/IOC.parquet,32505,97d672237e9fcfe2045effcb196106e5dabbace8fb09918e24b5333a87119dcf,528,2026-10-06,2026-10-06
dhan-data/optionchain/2026-10-06/IREDA.parquet,28380,78acb08d17d8873dad7387df9e6ae8feb4d199ecca8aa16219f2896012ca2d69,356,2026-10-06,2026-10-06
dhan-data/optionchain/2026-10-06/IRFC.parquet,27433,e39cbeaab6e77a46d057ff99fe9e6221837a0698f939e4ad03b66a0533484576,326,2026-10-06,2026-10-06
dhan-data/optionchain/2026-10-06/ITC.parquet,30343,c055ed82db2ed81bf5764f6ba183cbcb338fc5432f449bb96b638de04bc4b06f,426,2026-10-06,2026-10-06
dhan-data/optionchain/2026-10-06/JINDALSTEL.parquet,22562,ddc94b9455a01b528d2d9d5e2b879a3313138e76e7359b18368dc6dbbcef96cc,230,2026-10-06,2026-10-06
dhan-data/optionchain/2026-10-06/JIOFIN.parquet,29590,452b6d82bf617cf74868d560cc23d627aa3c100b70d4a0d065998bab108f924e,360,2026-10-06,2026-10-06
dhan-data/optionchain/2026-10-06/JSWENERGY.parquet,22138,9641d6cf47ad36427005ab25991dc6ffdf605c1f7da145c211a9a8fbe1595b80,210,2026-10-06,2026-10-06
dhan-data/optionchain/2026-10-06/JSWSTEEL.parquet,29313,c0162746298190efb6447515f65698ca01dd3f2788af3064d7e821cd60a9ce03,476,2026-10-06,2026-10-06
dhan-data/optionchain/2026-10-06/JUBLFOOD.parquet,23760,0f92a8a2d6dd8e964352acd13ecea557ab49217e859575f31dab43068d6d94ca,242,2026-10-06,2026-10-06
dhan-data/optionchain/2026-10-06/KALYANKJIL.parquet,24998,5e4ec085424486b266743f2b3132dbabc9ae74240a0d100fed56a4b9a636142d,262,2026-10-06,2026-10-06
dhan-data/optionchain/2026-10-06/KAYNES.parquet,24113,0ab001e1915b845749ca1aa020a58888adf069b9fc350dbedacef38932dbe46f,280,2026-10-06,2026-10-06
dhan-data/optionchain/2026-10-06/KEI.parquet,21533,aa173ba1fe1cb6f84bccd94ca49b1fd300a1f29799e809f55b869da190e21e5f,192,2026-10-06,2026-10-06
dhan-data/optionchain/2026-10-06/KFINTECH.parquet,21221,233170b7ba49c609c312772b87a127d38504ccd788546e4b8e7565670e95f7bc,180,2026-10-06,2026-10-06
dhan-data/optionchain/2026-10-06/KOTAKBANK.parquet,25222,e5a1ef6494c48a9643ae7b7e57f0398fcbc67bd2ff2d6d45ef1d758e3210e3ff,310,2026-10-06,2026-10-06
dhan-data/optionchain/2026-10-06/KPITTECH.parquet,23485,f02546c7145da41c5d9ced2270ba72e992b3472d0d8db78f34deaf1f88986550,228,2026-10-06,2026-10-06
dhan-data/optionchain/2026-10-06/LAURUSLABS.parquet,26621,938f1d15ccfea56868769f6ddf36b01ff2a84c4aaf772deee5c668769c7ec64f,382,2026-10-06,2026-10-06
dhan-data/optionchain/2026-10-06/LICHSGFIN.parquet,29259,103fa1c99a67400ffb0605656ba490870cee369100808d0bc210637d4ebd05bf,434,2026-10-06,2026-10-06
dhan-data/optionchain/2026-10-06/LICI.parquet,25103,e96f022d4751092ae2dc9cd95340ef4e01a3eb4b640484587040d92d872f1b01,318,2026-10-06,2026-10-06
dhan-data/optionchain/2026-10-06/LODHA.parquet,22568,93833f10d6475b40b97ff2b275b780a43ed78f8b04ea89e1c325c2ee30b37133,210,2026-10-06,2026-10-06
dhan-data/optionchain/2026-10-06/LT.parquet,25318,052ca61df095c9af0eb150eb8fb7783ebc725582833d3106a925b970d461452b,318,2026-10-06,2026-10-06
dhan-data/optionchain/2026-10-06/LTF.parquet,23636,aee0c4439aa23dc75e3fa6802c6d5a6de490fd6b6033f32578bbc4364bec2cb4,226,2026-10-06,2026-10-06
dhan-data/optionchain/2026-10-06/LTM.parquet,22799,52f4ae674f6a8cce436584d22e5fe2a0f77492c82e28b1562f15f870ea8872d7,204,2026-10-06,2026-10-06
dhan-data/optionchain/2026-10-06/LUPIN.parquet,27268,616fbd433fd08414c832e3fe41801a36bd77501c97d1c815153f46805887d80c,406,2026-10-06,2026-10-06
dhan-data/optionchain/2026-10-06/MAHABANK.parquet,25916,2d5596d6f18d97a3aeca93080260b3347c11f21a880ecfdba3880ac8298d5591,314,2026-10-06,2026-10-06
dhan-data/optionchain/2026-10-06/MANAPPURAM.parquet,23166,e3bacddeb5d67c6510f64fc7c9663875098cbd4f2d12f4140bdf7faac10a1136,252,2026-10-06,2026-10-06
dhan-data/optionchain/2026-10-06/MANKIND.parquet,28637,5fa99f4f702fb7c79142e1fae2a0e19ed9f554422cf286ef10c46b731b4827f0,454,2026-10-06,2026-10-06
dhan-data/optionchain/2026-10-06/MARICO.parquet,24600,aa27b28b5804ab1a4103c50eed11e46e27d0fc5f861afae746bc82cac2e95220,316,2026-10-06,2026-10-06
dhan-data/optionchain/2026-10-06/MARUTI.parquet,31745,f69279b09b6cb3835142eb43af3d39b349046af07b89187848f5b2583b5bb379,494,2026-10-06,2026-10-06
dhan-data/optionchain/2026-10-06/MAXHEALTH.parquet,28787,87fcc2b49f194811a8e7ddfe94214459aea500e71d9152cc2e34cbf0eb62726b,408,2026-10-06,2026-10-06
dhan-data/optionchain/2026-10-06/MAZDOCK.parquet,29041,d14c065d717181b559b3a84e9b94a01b1db7df3c90791f9cdcea2c01b55e7bbc,446,2026-10-06,2026-10-06
dhan-data/optionchain/2026-10-06/MCX.parquet,23513,f47a6279e4871d09bc9d3c8db7e7bcdead7282428a6585aec17f412c40803992,252,2026-10-06,2026-10-06
dhan-data/optionchain/2026-10-06/MFSL.parquet,24397,d28dca90028e304dd7602908cc155fb6a667528e757031e25a3bc7a11b9334d7,284,2026-10-06,2026-10-06
dhan-data/optionchain/2026-10-06/MIDCPNIFTY.parquet,49360,1329c3bd9a18e2580e8a9b82e5347916784e13f070399af375ee89e90b4c7299,1610,2026-10-06,2026-10-06
dhan-data/optionchain/2026-10-06/MOTHERSON.parquet,24411,7f5348143d18090137ced92d9e58531533c1812edd3211f303433e5cfdd1f9e0,258,2026-10-06,2026-10-06
dhan-data/optionchain/2026-10-06/MOTILALOFS.parquet,22002,8458b5eeb3dd5ef6d31965ee5696af3fccfc1269239166b5b67e82a61a076525,210,2026-10-06,2026-10-06
dhan-data/optionchain/2026-10-06/MPHASIS.parquet,21934,60f4607aa997a721618be9fc5ffacfe3bfb0b6d87e0b404ed6b8fb84b5d9a12c,218,2026-10-06,2026-10-06
dhan-data/optionchain/2026-10-06/MUTHOOTFIN.parquet,22603,d11144b82821202dc560e27d545911553f9085bbad42f2952a7d32a9c5267246,210,2026-10-06,2026-10-06
dhan-data/optionchain/2026-10-06/M_M.parquet,23938,64a0121de44548389cedc2c24383fa5f3c9ec20ac6d9ee172929ca694456c063,256,2026-10-06,2026-10-06
dhan-data/optionchain/2026-10-06/NAM-INDIA.parquet,22209,6ae21a03013bbd1752c0b307124c06a8262020caf67e6135d8d64fe614a34aa3,226,2026-10-06,2026-10-06
dhan-data/optionchain/2026-10-06/NATIONALUM.parquet,24699,a3c448ba0905fbf53e72be5b53d2c674b4dcea8ae832afbb6b359c1699f860c6,280,2026-10-06,2026-10-06
dhan-data/optionchain/2026-10-06/NAUKRI.parquet,22947,db2c46755312f4d4c552f6d505bfe8e526ae900585121412bf518ed15520622a,246,2026-10-06,2026-10-06
dhan-data/optionchain/2026-10-06/NBCC.parquet,27250,f60885200d424fb23aefc618a9da98c230eed78c3c162c19cdc2ed11d1e62329,336,2026-10-06,2026-10-06
dhan-data/optionchain/2026-10-06/NESTLEIND.parquet,30497,ca718a340b3154ef55316e52d5adc493e180dc3f93d4b17aa7181735106f52ee,498,2026-10-06,2026-10-06
dhan-data/optionchain/2026-10-06/NHPC.parquet,25431,43502f355dce061d9f183ea8e6918b475faa9a95b3b61449ed168eb9c5605d01,310,2026-10-06,2026-10-06
dhan-data/optionchain/2026-10-06/NIFTY.parquet,152947,98419021150148ec85b5bc2de2926e640935d575a72a485f0bc096ee9c423967,4140,2026-10-06,2026-10-06
dhan-data/optionchain/2026-10-06/NIFTYNXT50.parquet,45313,818a18dec6f7efc16c293ef520a840772bc6c6c74582ffbf320398f224a2c422,2120,2026-10-06,2026-10-06
dhan-data/optionchain/2026-10-06/NMDC.parquet,26995,a35264f537a975752e441c2708ecc160db0abb09ac94b23e4c6855d7dc4b1073,322,2026-10-06,2026-10-06
dhan-data/optionchain/2026-10-06/NTPC.parquet,30656,a1c932d828b727ab496676eb5693cca2a50cda4817ba0dfffa6378153bc22d76,506,2026-10-06,2026-10-06
dhan-data/optionchain/2026-10-06/NYKAA.parquet,24045,61783a001021a0daed7aaee49fab879a84b421492aca19d56a215660e1cb0049,290,2026-10-06,2026-10-06
dhan-data/optionchain/2026-10-06/OBEROIRLTY.parquet,24842,be2a023a399b49db9fa38cbaede319ffc87a7200c2829920412545f9c2831d87,306,2026-10-06,2026-10-06
dhan-data/optionchain/2026-10-06/OFSS.parquet,25811,d93f8cce1d756b06469a4f690d768c1af85c28ae0bfe13a5e72c10022b88c319,290,2026-10-06,2026-10-06
dhan-data/optionchain/2026-10-06/OIL.parquet,26705,61d4d1c42ad29da41ae89471cdfc33729f940349ae520dfd442ec0431bd203d3,382,2026-10-06,2026-10-06
dhan-data/optionchain/2026-10-06/ONGC.parquet,27627,d8e4e0ada2189303485d2b208886c6e0191dc65192407a956fab74637e46a96e,372,2026-10-06,2026-10-06
dhan-data/optionchain/2026-10-06/PAGEIND.parquet,23244,790cc9dc9bfce3f94dfeb9ba48df970d6cab4d703d7e1e19e22225c4186b73a6,276,2026-10-06,2026-10-06
dhan-data/optionchain/2026-10-06/PATANJALI.parquet,25861,2f1eab7fcdb3bb322ed5fd729b11c87922be11d398a941842bb9adc3e82d8e2b,270,2026-10-06,2026-10-06
dhan-data/optionchain/2026-10-06/PAYTM.parquet,27173,aaf6566a38f69fb34f95d117be2adb35f975d54e2d739617058f76377a2b13ef,352,2026-10-06,2026-10-06
dhan-data/optionchain/2026-10-06/PERSISTENT.parquet,22385,2e375c9ec0917232516e76daab1ce1f5e583f3be8a3331a7301fa86fe965e66b,238,2026-10-06,2026-10-06
dhan-data/optionchain/2026-10-06/PETRONET.parquet,27084,89f77ac90600a5d16a23025bccc1633671dc983ed60747e48c901e1c31a9c66e,454,2026-10-06,2026-10-06
dhan-data/optionchain/2026-10-06/PFC.parquet,25093,30137178175e5c4d154c10c1685e728a1952dc465c4e171c532d9c46241aab5e,274,2026-10-06,2026-10-06
dhan-data/optionchain/2026-10-06/PGEL.parquet,22716,79a92b848feedc3c1b19aabf19f2ca29dab595992cfbdc5f12a41117f6956838,216,2026-10-06,2026-10-06
dhan-data/optionchain/2026-10-06/PHOENIXLTD.parquet,25350,41bfbf5672481ff892d0d0694c8b243623a6fcaa0103f5aacb8046693edcd917,350,2026-10-06,2026-10-06
dhan-data/optionchain/2026-10-06/PIDILITIND.parquet,24350,862043c157b184f2d4588bddf11aa0b68480c76c6e672a3f6d63e0b6b16632ff,314,2026-10-06,2026-10-06
dhan-data/optionchain/2026-10-06/PIIND.parquet,29031,0ce0b4ce1ef7d8d9c0db1b4a5dfce1f015a97635fa152a426d70e9f3a95d128c,456,2026-10-06,2026-10-06
dhan-data/optionchain/2026-10-06/PNB.parquet,30412,209956487ff8cc07796b35f306ea10569ead97c09d297e3a3a00c24fd578dd21,472,2026-10-06,2026-10-06
dhan-data/optionchain/2026-10-06/PNBHOUSING.parquet,22215,07bbb22e97b10a9011159f3fcd8f9385015726690527eb1d1858d1ad19d74a7b,226,2026-10-06,2026-10-06
dhan-data/optionchain/2026-10-06/POLICYBZR.parquet,30851,06404997a0ba9ddcf70bf4fce89555b7cb3caab626550dc5880b2b5b71ffd35d,406,2026-10-06,2026-10-06
dhan-data/optionchain/2026-10-06/POLYCAB.parquet,25291,413e280e76824e95842b44563d770130fd87f9fc6d6f481c4c5130bf51927184,310,2026-10-06,2026-10-06
dhan-data/optionchain/2026-10-06/POWERGRID.parquet,28345,365cdcfcbba420e23cace586ee793b61d254e14004fa1fe502d25d3067eadc7f,424,2026-10-06,2026-10-06
dhan-data/optionchain/2026-10-06/POWERINDIA.parquet,23273,b51741f23cb1e713d4df48cbfbee130ffc21a3fb80cc97f0008e625ea3f350ef,256,2026-10-06,2026-10-06
dhan-data/optionchain/2026-10-06/PREMIERENE.parquet,22340,89e97c4fa5e1963dab611dd04aebfa272432be2d9f4b42ec0f667ab1a53b20fa,210,2026-10-06,2026-10-06
dhan-data/optionchain/2026-10-06/PRESTIGE.parquet,24466,af810f7dd51ccb262c30d636ad3ac3fe3129eb9fb2335c33956622432396ed40,286,2026-10-06,2026-10-06
dhan-data/optionchain/2026-10-06/RADICO.parquet,25390,0f908ec5e675a74576dcef6e51199b49cba1c5cf09b39a226ffd8e6bf01be49b,358,2026-10-06,2026-10-06
dhan-data/optionchain/2026-10-06/RBLBANK.parquet,25391,1d06e5fc7a066cb1366daef15da51b859771fe8b4c2e82b32626adcc5669ea3c,326,2026-10-06,2026-10-06
dhan-data/optionchain/2026-10-06/RECLTD.parquet,24380,40e109b91fb521f16a4422eea1fb73108173d6632c4f5276fed7bf9318a1dc90,252,2026-10-06,2026-10-06
dhan-data/optionchain/2026-10-06/RELIANCE.parquet,33394,c0dccc4429c9d443899525b12037c742a0862a746c91d4fe82c18bc0c5411fc0,478,2026-10-06,2026-10-06
dhan-data/optionchain/2026-10-06/RVNL.parquet,27239,ac0f13dd1058788ad2327b45b1707771f2fb24cadd8f054a6e8c5e0834a932e3,320,2026-10-06,2026-10-06
dhan-data/optionchain/2026-10-06/SAGILITY.parquet,22012,e7316537544b8fed0763a62b14c824f1a841f45b99183f7352853a2ba87f47c6,186,2026-10-06,2026-10-06
dhan-data/optionchain/2026-10-06/SAIL.parquet,21549,4eae0b9c567820e2136f49474f1231e2fafdc111118942812a2f48a686c12ead,280,2026-10-06,2026-10-06
dhan-data/optionchain/2026-10-06/SBICARD.parquet,24231,a9eed87b0eed81eb6569fd2bc45f59fdf94692fbf76ebf66363bf56db54104a6,250,2026-10-06,2026-10-06
dhan-data/optionchain/2026-10-06/SBILIFE.parquet,24790,f0e42e887a71ad823899a51f820b36121997fc963755ea77be8f598816c412cf,318,2026-10-06,2026-10-06
dhan-data/optionchain/2026-10-06/SBIN.parquet,29493,0dce9c4738d8e2261678ac0f0ec93e531a731a45502d214a35d904049969bb7f,378,2026-10-06,2026-10-06
dhan-data/optionchain/2026-10-06/SENSEX.parquet,173498,96bd78af860d0ad46be0082b136104fedd9564474236b1d5ec64704e11451c71,3664,2026-10-06,2026-10-06
dhan-data/optionchain/2026-10-06/SHREECEM.parquet,25179,6ada64d7ded2b238438c80ca765e7d9f100844b9989d8a8de13f42057ccee6d1,352,2026-10-06,2026-10-06
dhan-data/optionchain/2026-10-06/SHRIRAMFIN.parquet,22477,fd000b2075626d5735921bccd536589245e71d47f3514380d8acf98a1da26e31,214,2026-10-06,2026-10-06
dhan-data/optionchain/2026-10-06/SIEMENS.parquet,24216,7bac5195c48b506ca114dd000f727553cb96c13617b5e68c6a1cdcec6fcedaf1,316,2026-10-06,2026-10-06
dhan-data/optionchain/2026-10-06/SOLARINDS.parquet,25728,6eb0ad4a9e46488470188e6a19453a8467d1b6e5606d2cc3eeaec65ae9f0eafa,314,2026-10-06,2026-10-06
dhan-data/optionchain/2026-10-06/SONACOMS.parquet,25581,ced43ca1286db1800181e81b0c4f7b99bef62f21c4bc898fceb13f65e85f169c,326,2026-10-06,2026-10-06
dhan-data/optionchain/2026-10-06/SRF.parquet,27761,1306e56d5565d685678952220ae58d92aa54fced61038726c2ec8c01892596ca,480,2026-10-06,2026-10-06
dhan-data/optionchain/2026-10-06/SUNPHARMA.parquet,25967,99f35d02add355bd3383d9e6535c3ce5d66c0f2abc8b8d15999cabe7283103ba,360,2026-10-06,2026-10-06
dhan-data/optionchain/2026-10-06/SUPREMEIND.parquet,23120,0945bce31099ca96f1d975a6c1c12cca1059ebd549d4bbf0c23cc64110193659,262,2026-10-06,2026-10-06
dhan-data/optionchain/2026-10-06/SUZLON.parquet,23526,e66d3d2dd0979ec6a437e7620db5d9edb2457c6e69a5d20edad64b22af8158ff,180,2026-10-06,2026-10-06
dhan-data/optionchain/2026-10-06/SWIGGY.parquet,23803,99a75a07cc6031d16fd0a1495a934ad7c8b0ea7a3ed5d3cc0116c0e5404e76f4,228,2026-10-06,2026-10-06
dhan-data/optionchain/2026-10-06/TATACONSUM.parquet,26955,0c393e1de089342912704c10caaee88a7efa97c74caa67dd014a10051396247e,382,2026-10-06,2026-10-06
dhan-data/optionchain/2026-10-06/TATAELXSI.parquet,24669,f1c3f9b261c0bd4b5ad5c45195f231331cf2706975616f2cb8918599eeaa9ef5,270,2026-10-06,2026-10-06
dhan-data/optionchain/2026-10-06/TATAPOWER.parquet,24992,6c938d34a96407e323cb23d4487bf8b336df11d7784caa741a05c4a2813331ed,284,2026-10-06,2026-10-06
dhan-data/optionchain/2026-10-06/TATASTEEL.parquet,26118,1407e09b4f106885c28dd4221acdf2a676c8478fefc6f08a95874abb6f7e671f,284,2026-10-06,2026-10-06
dhan-data/optionchain/2026-10-06/TCS.parquet,31202,3898c59ab87814b5e0a1dfd85bc2f3f8b13a6aafc6de7a45dda3bb6f3bf69e32,434,2026-10-06,2026-10-06
dhan-data/optionchain/2026-10-06/TECHM.parquet,24846,302899e1c40a8d13a97a06c0c443e087e31d0362c786f243ecd9396391d6cb85,310,2026-10-06,2026-10-06
dhan-data/optionchain/2026-10-06/TIINDIA.parquet,22139,3681d481c0fa3fc03265b31a26001d217456ba0a43f0abf1bf2c354946b6a885,218,2026-10-06,2026-10-06
dhan-data/optionchain/2026-10-06/TITAN.parquet,26954,32ec563c08535d8e760f372a5548761645769290735fbdb4627fe6c1df3629d2,382,2026-10-06,2026-10-06
dhan-data/optionchain/2026-10-06/TMPV.parquet,25527,b24e51d94613b245773c8b3c77359aa110962c140f0fef337ee9d94c090c40ec,250,2026-10-06,2026-10-06
dhan-data/optionchain/2026-10-06/TORNTPHARM.parquet,25077,4f4ff064162c3dbbe32666713c8a218debd492349fb4e56520a4eb55643ad9f0,378,2026-10-06,2026-10-06
dhan-data/optionchain/2026-10-06/TRENT.parquet,23338,03b66c549b383a4336f054ecc0551fc68f8151df44f2b01570408230acbdcb75,218,2026-10-06,2026-10-06
dhan-data/optionchain/2026-10-06/TVSMOTOR.parquet,25094,b87d419532f464cc241a7ed8aa2c49484d290f2cb04c74c9218128713df3cd4f,318,2026-10-06,2026-10-06
dhan-data/optionchain/2026-10-06/UJJIVANSFB.parquet,23581,957b0ba93bc0d212657cfee8e64014a7cd5fc49cfc6a82a795386f505448b399,268,2026-10-06,2026-10-06
dhan-data/optionchain/2026-10-06/ULTRACEMCO.parquet,27379,dd9ecee1761f9406d86cb976393b9855873fd8e9e135d736bfc424463ebbe7f4,422,2026-10-06,2026-10-06
dhan-data/optionchain/2026-10-06/UNIONBANK.parquet,25569,920d094bebdb2c052e7496adb5757e874d0444094b394bc5cb58c593358b1c56,274,2026-10-06,2026-10-06
dhan-data/optionchain/2026-10-06/UNITDSPR.parquet,23965,197bc2f2a695b2df0d5863a1304edb9bd4e613041766d73d8c1bc4e34d138763,274,2026-10-06,2026-10-06
dhan-data/optionchain/2026-10-06/UNOMINDA.parquet,22777,39c385f28c64a8362abfe1724ebf0b15d49ddca3a3d10749b22654b73491928a,236,2026-10-06,2026-10-06
dhan-data/optionchain/2026-10-06/UPL.parquet,28932,5ffa7eb1e7eb4fea1e6a3d2326be4602a0dd190fb4035088cfa2385f742388ed,454,2026-10-06,2026-10-06
dhan-data/optionchain/2026-10-06/VBL.parquet,25186,dd9bf7512a00e9200d70ebf02aafdd939bcd36205c17041e11408e9dc0424909,322,2026-10-06,2026-10-06
dhan-data/optionchain/2026-10-06/VEDL.parquet,23534,807ea497fafe1690a100492f6bac0b9bdef9a00022dd20e24098a03379294899,218,2026-10-06,2026-10-06
dhan-data/optionchain/2026-10-06/VMM.parquet,28832,1191c3f43d778eb2009c10b898f1dc8b57317e929d25379d1794d0921e6440e2,404,2026-10-06,2026-10-06
dhan-data/optionchain/2026-10-06/VOLTAS.parquet,23364,643753b616d92b938266f32951b37d2d60694ee4c2add680f83d12dd08168a3e,226,2026-10-06,2026-10-06
dhan-data/optionchain/2026-10-06/WAAREEENER.parquet,29711,e7c955af9ddf481580b6173bb2e1c61374db577d05bbaea273f41ceb19c205c8,514,2026-10-06,2026-10-06
dhan-data/optionchain/2026-10-06/WIPRO.parquet,26185,cd4607b2f377169069c13cfced71d3e18c24f55a193d1144f17ce9b36b1b06fb,270,2026-10-06,2026-10-06
dhan-data/optionchain/2026-10-06/YESBANK.parquet,20320,c9d499030f0ca012e5520af24113a51b84a5569c38130d82de650c64f2f5c7ea,132,2026-10-06,2026-10-06
dhan-data/optionchain/2026-10-06/ZYDUSLIFE.parquet,21541,bf2c23ee6150583abb7ddca30abb931589df729fc10e43a68b5251182bb90eba,260,2026-10-06,2026-10-06
dhan-data/options/BANKEX/MONTH/CALL/2023.parquet,4342155,41ce04c7e3b87589b6f7d08fc9469d3e5675cb598cc165a1ba085dcd614d1cd7,310663,2023-10-05,2024-01-29
dhan-data/options/BANKEX/MONTH/CALL/2024.parquet,14355549,55d8daf056d7c8c4bcfe13e31cadcea855b57de48b733773f81c1f1e315437df,998854,2024-01-29,2025-01-23
dhan-data/options/BANKEX/MONTH/CALL/2025.parquet,16452556,17c71dba375fd51aa237d04d12aba7a2503b114d1757b00932be74cf2a659c2f,1483075,2025-01-23,2026-01-16
dhan-data/options/BANKEX/MONTH/CALL/2026.parquet,11634135,3bb2fc67f292997dfbee1c05d05fb9ecd9e82f9bc2b81e94ab77f1594d8aaf6a,808070,2026-01-19,2026-10-06
dhan-data/options/BANKEX/MONTH/PUT/2023.parquet,4052597,bdeccaf457c1c58346fe7530a3918586c4e6822333053581a18edf1b87b6caa4,314798,2023-10-06,2024-01-29
dhan-data/options/BANKEX/MONTH/PUT/2024.parquet,14290114,3a4678772846e725450af71a316c970736d635866fbd7bd591b90a2c4901cde9,1020207,2024-01-29,2025-01-23
dhan-data/options/BANKEX/MONTH/PUT/2025.parquet,16766902,2ea0788e553b60cf5772cb33bf4b3facfa870db1dba41ecf041be363260438c8,1566083,2025-01-23,2026-01-16
dhan-data/options/BANKEX/MONTH/PUT/2026.parquet,11460579,719e5da65d99f649286ec41784eb80f1261be54fd73e517fda3c2ecce3334c74,793265,2026-01-19,2026-10-06
dhan-data/options/BANKEX/WEEK/CALL/2023.parquet,6811131,e04d7a08b9eb1a40943e766fa57f12f652b75a8e9094714de5bb1a1e7861dcfb,439903,2023-10-05,2024-01-29
dhan-data/options/BANKEX/WEEK/CALL/2024.parquet,25452955,c9795696ef163f2e6f6a42a07785eda23dcb6800e8ed85d7cef62aa62b860d80,1458801,2024-01-29,2024-11-29
dhan-data/options/BANKEX/WEEK/PUT/2023.parquet,6431722,8ccb4f6073135c264780cc3182a05dbbd59d16074c95ff8e09148c026d759218,441258,2023-10-06,2024-01-29
dhan-data/options/BANKEX/WEEK/PUT/2024.parquet,24513792,a00106cd30ee547197df593d370ffa0ec31dbcee832724067bf0e2e0fe69b799,1460823,2024-01-29,2024-11-29
dhan-data/options/BANKNIFTY/MONTH/CALL/2021.parquet,15030358,546eae212a7ed6d602ddb5157bec51bb2cc1b6f06a5051e96bb0eb6e2b2402f0,890062,2021-08-04,2022-01-21
dhan-data/options/BANKNIFTY/MONTH/CALL/2022.parquet,35252100,eca725fee32deb91d08ff9a3daddb10eccf1e3c13810b355488ffb6eb070b4f9,1927699,2022-01-24,2023-01-18
dhan-data/options/BANKNIFTY/MONTH/CALL/2023.parquet,35538424,78636d8ec52eb4bc6652b664fe4d25db3b5fc21bcdda803143284cca3761b8e8,1906749,2023-01-18,2024-01-12
dhan-data/options/BANKNIFTY/MONTH/CALL/2024.parquet,35480717,14686c3061d22711a3b2affe0710bb59d2631b69fe7bc5c04980a5aa21703d53,1901932,2024-01-15,2025-01-07
dhan-data/options/BANKNIFTY/MONTH/CALL/2025.parquet,36745358,957e73ba479ae00149bfa0a2dcc2504d7edab0b514d356fe70c87a327ce3d70c,1938457,2025-01-07,2026-01-02
dhan-data/options/BANKNIFTY/MONTH/CALL/2026.parquet,29150583,3353a52d564a47389b81c54d8729b77f5bfa78bab0718a28f6205dfd27bbd178,1473379,2026-01-02,2026-10-06
dhan-data/options/BANKNIFTY/MONTH/PUT/2021.parquet,14725474,add39b6b2d78eb750b6898e9086353592592f00f278fd5d6cb1464fd722b223a,888123,2021-08-04,2022-01-21
dhan-data/options/BANKNIFTY/MONTH/PUT/2022.parquet,35290000,e9b4a6457f7829d15c314fc577e6bf4f4e695a19c378d30c76eeaea490bb435a,1927910,2022-01-24,2023-01-18
dhan-data/options/BANKNIFTY/MONTH/PUT/2023.parquet,35346616,61a68f3935c136aa37279204cde89043a5953ecebe7505a516a653ee6c8229fc,1909156,2023-01-18,2024-01-12
dhan-data/options/BANKNIFTY/MONTH/PUT/2024.parquet,35541789,d769d0d1a428c03fa77ce61abf3f5ac4e677e86cd9f0a0a7875a8089b537b8d9,1894388,2024-01-15,2025-01-07
dhan-data/options/BANKNIFTY/MONTH/PUT/2025.parquet,36580488,1cd11640bdd91415695eb3ae00eb1ebbd660f0d6d28502096c2562276701e5c1,1939383,2025-01-07,2026-01-02
dhan-data/options/BANKNIFTY/MONTH/PUT/2026.parquet,29227201,bf98d675c195821fd704db8715414a7578f75cf57c67abf55ca9ac279a47478e,1476889,2026-01-02,2026-10-06
dhan-data/options/BANKNIFTY/WEEK/CALL/2021.parquet,16865122,1bee5733a9bc6b7c530af94e5c4eeaf4e9f45b3f99d4fbda8033da3c6e5c2938,892639,2021-08-04,2022-01-21
dhan-data/options/BANKNIFTY/WEEK/CALL/2022.parquet,38422675,397bf4bf7ba406a9b01ee33fb9d09e8a33f8d723a184dd51ec05998d857bcc53,1931592,2022-01-24,2023-01-18
dhan-data/options/BANKNIFTY/WEEK/CALL/2023.parquet,37377929,01997e895370648978691e5d9a5fe3a3f85e09aee4e510ebc9e2b1b5f3eca1ec,1917042,2023-01-18,2024-01-12
dhan-data/options/BANKNIFTY/WEEK/CALL/2024.parquet,34540806,f300d567085c3a368658d32d8d78eb2c28611b3242102d97855481787226452e,1705878,2024-01-15,2024-11-29
dhan-data/options/BANKNIFTY/WEEK/PUT/2021.parquet,16414246,88c4a6cf09fc1f6e7729d9c6afd79818ffeb3aad72514f9ffd436982d7f2d212,892552,2021-08-04,2022-01-21
dhan-data/options/BANKNIFTY/WEEK/PUT/2022.parquet,38132162,d44f570773142971527fff02a95e8952b36c847c28358e03a3ff97b7284486b9,1931453,2022-01-24,2023-01-18
dhan-data/options/BANKNIFTY/WEEK/PUT/2023.parquet,37386455,8f871aff93e3cfba677aa923e5f2eec33d0397a3de9a880949b8299d1860898f,1916830,2023-01-18,2024-01-12
dhan-data/options/BANKNIFTY/WEEK/PUT/2024.parquet,33926266,1639d4e494e4b98bb514ad9b843c7a53ed0efb6774e77513628b7624ade6ae7b,1705755,2024-01-15,2024-11-29
dhan-data/options/FINNIFTY/MONTH/CALL/2021.parquet,504986,278ce5aa62925338b67e005ad4560bbe970e75f0485492d4b15bf85f63c90850,85085,2021-08-17,2022-01-21
dhan-data/options/FINNIFTY/MONTH/CALL/2022.parquet,6503568,bc02e7f088f595140ef07f626e0f20a81d34d26f68a1a97a4fb7c85b620bb2e3,538290,2022-01-24,2023-01-18
dhan-data/options/FINNIFTY/MONTH/CALL/2023.parquet,13549635,0040afca8ed1002a01b92d9e485ed527f8cb7a536b560c60e9a7cf60397d7e37,1147293,2023-01-18,2024-01-12
dhan-data/options/FINNIFTY/MONTH/CALL/2024.parquet,15503739,c400242999a69533397122ef9b2f1996c69ee018642a7ed4ffb51ad4c9735f12,1176742,2024-01-15,2025-01-07
dhan-data/options/FINNIFTY/MONTH/CALL/2025.parquet,25158856,af4cad80e355dd8c2c0f53fec294ed86a7930f96a2e0996015ece871c6f687e2,1835440,2025-01-07,2026-01-02
dhan-data/options/FINNIFTY/MONTH/CALL/2026.parquet,16809579,85183dddcd28128914d66b3073972068016bdcc64f6063448ea5ce08bcf1f69f,1146868,2026-01-02,2026-10-06
dhan-data/options/FINNIFTY/MONTH/PUT/2021.parquet,638241,de9146399a01afab10f7ca5b38c9bace5ee60a8398bda1c1267541e2c15edd9f,109520,2021-08-05,2022-01-21
dhan-data/options/FINNIFTY/MONTH/PUT/2022.parquet,5777994,14fc3f3a01e416d8eb2f3144eefbd79c272d39a9bdaf38c699dc3689190812d7,494952,2022-01-24,2023-01-18
dhan-data/options/FINNIFTY/MONTH/PUT/2023.parquet,13030998,c45c43e76204782fd700e72dcd8434189ee6dbf2375a31c05be72e2e989208cf,1120605,2023-01-18,2024-01-12
dhan-data/options/FINNIFTY/MONTH/PUT/2024.parquet,14770217,5c2727eaf02b3c11283dc61136591bb2ccd8098147cabe0898b7c3ab564270a8,1145146,2024-01-15,2025-01-07
dhan-data/options/FINNIFTY/MONTH/PUT/2025.parquet,25445810,769509d303ae3f98bd80711c33215f0f662612634330e1d4bb9e6876ec2eb328,1878468,2025-01-07,2026-01-02
dhan-data/options/FINNIFTY/MONTH/PUT/2026.parquet,16465897,e67a29eed76cb2428115f3ed0f22779f5e96003483149a70106632e731e78ceb,1156141,2026-01-02,2026-10-06
dhan-data/options/FINNIFTY/WEEK/CALL/2021.parquet,1543110,7f0687364460ecd2284997aa8de76b95b438c09332254d6ff65abf2270b4b61d,244094,2021-08-04,2022-01-21
dhan-data/options/FINNIFTY/WEEK/CALL/2022.parquet,18290975,143cb47dd2194eaeba7dd69fbd02aaa071b1280f5577f71f0a0b4d4d497ddfc4,1377020,2022-01-24,2023-01-18
dhan-data/options/FINNIFTY/WEEK/CALL/2023.parquet,31163519,54c31f920d43b0d70d6d978c133d4a4e6d8db719f04ffb1e388e4d2cf4a365c2,1906892,2023-01-18,2024-01-12
dhan-data/options/FINNIFTY/WEEK/CALL/2024.parquet,30327361,dfb44458a2204610f6b8997f0e1b8b59cf53fa7040fe6081acc75a76b35fed39,1698471,2024-01-15,2024-11-29
dhan-data/options/FINNIFTY/WEEK/PUT/2021.parquet,1838452,b4d86805d0767ce9260b6145c9c47594fa92b08119d2e0d3a597dc72e045c9ae,284089,2021-08-04,2022-01-21
dhan-data/options/FINNIFTY/WEEK/PUT/2022.parquet,17012360,5772791174619a02ca74b721912ff428e5d590ba369931f7f3f529bc069de573,1341916,2022-01-24,2023-01-18
dhan-data/options/FINNIFTY/WEEK/PUT/2023.parquet,31786994,32502009531f90297d855fb12c247a3ed09671dcbf03a037cf2d2c9978ebb888,1904451,2023-01-18,2024-01-12
dhan-data/options/FINNIFTY/WEEK/PUT/2024.parquet,30410787,f3d3c907bf12a9ce3d4a1ea3b63d2d79a05591e27221d810b1f1737592c9120a,1699033,2024-01-15,2024-11-29
dhan-data/options/MIDCPNIFTY/MONTH/CALL/2022.parquet,65424,b3dc90a511eacc5e6fc66b03b67a9242a2691b541c6460c130aa6ab1249ed30d,10246,2022-01-31,2023-01-24
dhan-data/options/MIDCPNIFTY/MONTH/CALL/2023.parquet,5908960,2fb8a08f7bb0cf80c2ad423ef843e34e0bad4ed2375510466b90d60b786e1918,503920,2023-01-31,2024-01-20
dhan-data/options/MIDCPNIFTY/MONTH/CALL/2024.parquet,16361747,48cfe713efb668d1704e836f2bd0940480fa27f396af4489e3be4220b60c9898,1217009,2024-01-23,2025-01-15
dhan-data/options/MIDCPNIFTY/MONTH/CALL/2025.parquet,29222706,a02d064906744ae5c4c0db1c50530fb3fea7e4db8978453ae8312a20668ec94a,1921903,2025-01-15,2026-01-09
dhan-data/options/MIDCPNIFTY/MONTH/CALL/2026.parquet,22112105,e33b8d48a45f8d6b961ccf713738816d089ef7561c30c94fb0601303126019f1,1368554,2026-01-12,2026-10-06
dhan-data/options/MIDCPNIFTY/MONTH/PUT/2022.parquet,25503,96c05b38a37368b2354955f43d894fe310aba14cb20a93c3a7be70bfb6be8901,3746,2022-02-01,2023-01-17
dhan-data/options/MIDCPNIFTY/MONTH/PUT/2023.parquet,5352519,a0b8ee05a8f8875576ab3813c3beb4b0e403da3cd094ee3e6229fc1305444d70,453312,2023-02-07,2024-01-20
dhan-data/options/MIDCPNIFTY/MONTH/PUT/2024.parquet,15309413,faa8964300f6024023d1af1a3e3265e2902cfdb476b9fd2e430e1ff65f72fce7,1131348,2024-01-23,2025-01-15
dhan-data/options/MIDCPNIFTY/MONTH/PUT/2025.parquet,29539286,1654bc1236f9bc6ae9173c40be399b144514777eeef584e9dfad866f756f0c9d,1923202,2025-01-15,2026-01-09
dhan-data/options/MIDCPNIFTY/MONTH/PUT/2026.parquet,22372602,4441561c0a75afaa2108ef8ad8d5f86db430b8d4eafce26bd31ae7b7661db554,1384268,2026-01-12,2026-10-06
dhan-data/options/MIDCPNIFTY/WEEK/CALL/2023.parquet,17000027,16e2ed6990f80fe539fa958d8ffea7f476970204effb0ce5cf49b1f4ce281d96,1180288,2023-04-03,2024-01-25
dhan-data/options/MIDCPNIFTY/WEEK/CALL/2024.parquet,28234538,179c9a39e424d11ffdaec8d3ffcbb11025dec23b657f55afdabcbb997ff0a3d0,1632678,2024-01-29,2024-11-29
dhan-data/options/MIDCPNIFTY/WEEK/PUT/2023.parquet,15965079,841e3d564cbaed756c2f65563cb602a9a3e3180cba948b8e5af6afdb03febe72,1159635,2023-04-03,2024-01-25
dhan-data/options/MIDCPNIFTY/WEEK/PUT/2024.parquet,28503100,f8ac0a19c6469d1161fcbaf6e87d1f66441a4d95e695a07982bca5196130784f,1630956,2024-01-29,2024-11-29
dhan-data/options/NIFTY/MONTH/CALL/2020.parquet,15223279,af072e48fbb1bfd79fab2f9bcd9877313371413ed56020d8ef72c1a36d3a5c7d,973918,2020-08-03,2021-01-28
dhan-data/options/NIFTY/MONTH/CALL/2021.parquet,32293167,20ba36bf0d45911229ee769bd2c9abc5e44852f957cc47d2558c33a9cea325db,1921518,2021-01-28,2022-01-21
dhan-data/options/NIFTY/MONTH/CALL/2022.parquet,33794265,32b01320071a2ae031601f8f5d6cb0ad02ae97f7f6dd89460ff2c7f77860609f,1929762,2022-01-24,2023-01-18
dhan-data/options/NIFTY/MONTH/CALL/2023.parquet,33523516,beca8ea7014baaad2567a1ba6e4ffe3860871d973ebce9819bbb3a0b9648748b,1913943,2023-01-18,2024-01-12
dhan-data/options/NIFTY/MONTH/CALL/2024.parquet,35021049,e26d5ac173d91d35f8943a546d51d07d64d8c2b0083b795d9c6e44c2434aec41,1907592,2024-01-15,2025-01-07
dhan-data/options/NIFTY/MONTH/CALL/2025.parquet,33680422,2e0084ddb41db69fe6d15d7dffea7a712e0ff34c93dccf4c39d0d8f8f94103ba,1935162,2025-01-07,2026-01-02
dhan-data/options/NIFTY/MONTH/CALL/2026.parquet,28117691,6c2f4518305376cfe82b12618d04de961250a99c48527d47d7bc6ed6a9269c2a,1470744,2026-01-02,2026-10-06
dhan-data/options/NIFTY/MONTH/PUT/2020.parquet,14294331,87de3c9c309d7a337e28900fb650a8857e926ec220b4b9cb834ccb5e6b1ed369,968749,2020-08-03,2021-01-28
dhan-data/options/NIFTY/MONTH/PUT/2021.parquet,31993436,2b28d4d5516bddb17b5749a64a61894786d1a338484916ab2459fdd9abec442e,1919926,2021-01-28,2022-01-21
dhan-data/options/NIFTY/MONTH/PUT/2022.parquet,33560223,ed1f52234443e20ad4307cd0ecf1a51dc0ec8ca4febf5ee3f82905aef9120f6b,1929652,2022-01-24,2023-01-18
dhan-data/options/NIFTY/MONTH/PUT/2023.parquet,32711877,3f7b5c56303e14ac5b0009d526a94ff6a0eff1e4dd4f4117e389bc761584dfa0,1913817,2023-01-18,2024-01-12
dhan-data/options/NIFTY/MONTH/PUT/2024.parquet,35024295,5b1c0b6d574669a6b6ae5a3819104a65466d54246bfdd63a40c917918c4c609e,1908050,2024-01-15,2025-01-07
dhan-data/options/NIFTY/MONTH/PUT/2025.parquet,33603116,9a0a8b3c6e07a5f989e313f398e07691097dff1dbfb02b0a94b67cc0870018af,1938345,2025-01-07,2026-01-02
dhan-data/options/NIFTY/MONTH/PUT/2026.parquet,27853014,49b86ab8b33dd391eee9cdcfc5857fdfb73f94802c94b3b40c254e353fb147d7,1474039,2026-01-02,2026-10-06
dhan-data/options/NIFTY/WEEK/CALL/2020.parquet,14894842,e501f0237e234ec58ecc739b0af73cd1f21c0c7518c904efcd87b5cc60358679,975475,2020-08-03,2021-01-28
dhan-data/options/NIFTY/WEEK/CALL/2021.parquet,32365023,606a0fcba1393ecb572d2fc63d7d339075f5e2eacfc22bd312a35d007c6a1fed,1923173,2021-01-28,2022-01-21
dhan-data/options/NIFTY/WEEK/CALL/2022.parquet,34865743,32968766c5b5fad3cd1b7efefded77f78e22a89871f834fe16770f7b41695475,1931379,2022-01-24,2023-01-18
dhan-data/options/NIFTY/WEEK/CALL/2023.parquet,32826158,8a46bcd6949ec635ed537bf6acafbcf150e255120c1510acfed66f756bb3d622,1916382,2023-01-18,2024-01-12
dhan-data/options/NIFTY/WEEK/CALL/2024.parquet,35756326,280a6db336edf8cfd94137ae3d5ec7c09dce3f28e6d963763ad3c2c31d91b9ca,1910303,2024-01-15,2025-01-07
dhan-data/options/NIFTY/WEEK/CALL/2025.parquet,35132455,281be7965e55fd5acc9d41cebaa906cc1aa9c155ec6f96d09d1056a1dda2b1f6,1939513,2025-01-07,2026-01-02
dhan-data/options/NIFTY/WEEK/CALL/2026.parquet,28776921,92a38aef26b622481c5056ba894f3dd8272c19ee11c3991f9ccec435fa7d6301,1475970,2026-01-02,2026-10-06
dhan-data/options/NIFTY/WEEK/PUT/2020.parquet,14524016,2528ce9a69c4968235967bc559505816fbf8a52f39cfcd475af815960f861e86,971963,2020-08-03,2021-01-28
dhan-data/options/NIFTY/WEEK/PUT/2021.parquet,32375642,65a96eba3c153f6577da87ca1df22145e8a8d85601f4e04055339390171c6066,1921433,2021-01-28,2022-01-21
dhan-data/options/NIFTY/WEEK/PUT/2022.parquet,34264208,b32fcce2f4f9373d63a25c5edc8e6d7c2c71223c6a614bab11fe89683a4ed05e,1931237,2022-01-24,2023-01-18
dhan-data/options/NIFTY/WEEK/PUT/2023.parquet,33214738,a278354b62ff71b802e39224470d3abee215ed896a38fc311fbab69b9f6f28a2,1915969,2023-01-18,2024-01-12
dhan-data/options/NIFTY/WEEK/PUT/2024.parquet,35841273,311fea11e81a8915abdd905d9b4c440104c2d183feffe0716dfccd58f0d46e26,1910292,2024-01-15,2025-01-07
dhan-data/options/NIFTY/WEEK/PUT/2025.parquet,34828891,4617caeb245e2f1e984edc8a5d5a048b16eff9e6aef773bdb669216efff0cea8,1939571,2025-01-07,2026-01-02
dhan-data/options/NIFTY/WEEK/PUT/2026.parquet,28256764,763c51caaefca8831c05c70e65b331f84464858ae85444bfb8c92c2a0d9c053a,1476107,2026-01-02,2026-10-06
dhan-data/options/NIFTYNXT50/MONTH/CALL/2025.parquet,1213044,f064cc3f56a412739a860d00ffd4c9158032fabc2b25c578fef447d3204925d4,193082,2025-11-26,2026-01-21
dhan-data/options/NIFTYNXT50/MONTH/CALL/2026.parquet,3576918,268e53234012638f44e96ae7e25ed227c72c2f6084e68daa8dba45a5c9ade86a,367193,2026-01-21,2026-10-06
dhan-data/options/NIFTYNXT50/MONTH/PUT/2025.parquet,1050501,c7b6c438174e70f14de8c51f41110cb6bc8b2354ef97bb68b605b1971108870d,168307,2025-11-26,2026-01-21
dhan-data/options/NIFTYNXT50/MONTH/PUT/2026.parquet,2390587,48202a802124761e9d7e527b30e7962f4ce64316fe8c76cf35aa9647a0431f23,290376,2026-01-21,2026-10-06
dhan-data/options/SENSEX/MONTH/CALL/2023.parquet,8035949,6975e9dfefcd03cb84791c6e9480208197c7f1e61fd73910146fb5fc3dea5ce1,644183,2023-05-15,2024-01-25
dhan-data/options/SENSEX/MONTH/CALL/2024.parquet,12592994,3888bf90842b775f0f580b882ec5e74e4eb16af3e170752bb17987ce2439e93a,900361,2024-01-29,2025-01-20
dhan-data/options/SENSEX/MONTH/CALL/2025.parquet,22722086,32f4ce5d6a948b3ad00ec9f6dce2d72e34a4a88d9c8d0340021d4f3ce9e20c3b,1619553,2025-01-20,2026-01-14
dhan-data/options/SENSEX/MONTH/CALL/2026.parquet,16048803,0747a8aef8975b888b90f4e0adce6b75d5ce3ec4fdf80ed6d625bb25e1762d59,979299,2026-01-16,2026-10-06
dhan-data/options/SENSEX/MONTH/PUT/2023.parquet,7670244,0280f47ceb542ac34e8e73cd038fb1b20b357e04f9b0efe3569af1537317a6c3,632616,2023-05-15,2024-01-25
dhan-data/options/SENSEX/MONTH/PUT/2024.parquet,12431519,6011f59f75364da9981753cbfe789a0a2c9e82fc8bbc90d6be4e26ed800f5d52,913510,2024-02-01,2025-01-20
dhan-data/options/SENSEX/MONTH/PUT/2025.parquet,23803376,86785a00ba90b4240e203ea0d251083b061ea05e572807bed34a22f10f46f866,1688665,2025-01-20,2026-01-14
dhan-data/options/SENSEX/MONTH/PUT/2026.parquet,16882639,7e11e42550f0d92f337a9330283b7373c0cc8de2427e02133118b84520f25d63,1001970,2026-01-16,2026-10-06
dhan-data/options/SENSEX/WEEK/CALL/2023.parquet,18927373,5c2e0dc5702b5b367083287a231f48978f0306a3c22d3b800ba8858e90010855,1227990,2023-05-15,2024-01-25
dhan-data/options/SENSEX/WEEK/CALL/2024.parquet,34798235,249bb6472d1a76bfe0203244eaf1f81738894ae5095f645852345becfe520fae,1841360,2024-01-29,2025-01-20
dhan-data/options/SENSEX/WEEK/CALL/2025.parquet,37460738,19a9d26ffe4fc81b48282deed67f66ca8af46b0f9eea347cee221498934f8773,1930541,2025-01-20,2026-01-14
dhan-data/options/SENSEX/WEEK/CALL/2026.parquet,28725948,0a0609506e483cdcf828c87a12e0c3cbf41e666e9f9f3494771026881cfc6756,1404445,2026-01-16,2026-10-06
dhan-data/options/SENSEX/WEEK/PUT/2023.parquet,17780757,1191911cf95d8f6743e1334672d07a1482e5e3d9770d6d59713910e1b5bea055,1205283,2023-05-15,2024-01-25
dhan-data/options/SENSEX/WEEK/PUT/2024.parquet,34978964,da140cd6e319a1349ddf20320e98087649fe95bbdfe890c9ce4ac4b194de4e25,1844645,2024-01-29,2025-01-20
dhan-data/options/SENSEX/WEEK/PUT/2025.parquet,37205699,6b3e688f093a3581e7964ca2c6aeb4e1733d7fce7ccdb1ce100df191b174375c,1930688,2025-01-20,2026-01-14
dhan-data/options/SENSEX/WEEK/PUT/2026.parquet,29003031,e8c342e8f73c6f765668d4b47522d8d41b77a741ef15d0dec3fae1465fe5dab7,1405916,2026-01-16,2026-10-06
