time,p_up,p_dn,big_up,big_dn
2025-07-17 23:00:00+00:00,0.054197756730097524,0.013769328347763949,0.0,0.0
2025-07-18 00:00:00+00:00,0.015193968166397412,0.010709022703060385,0.0,0.0
2025-07-18 01:00:00+00:00,0.021657152111343465,0.020176799077562316,0.0,0.0
2025-07-18 02:00:00+00:00,0.012030475296438475,0.014112739889771818,0.0,0.0
2025-07-18 03:00:00+00:00,0.011744291019069769,0.006125409698645488,0.0,0.0
2025-07-18 04:00:00+00:00,0.01681103592024988,0.003344992247299529,0.0,0.0
2025-07-18 05:00:00+00:00,0.01622048347653532,0.006950050748201844,0.0,0.0
2025-07-18 06:00:00+00:00,0.011748845694633808,0.007207717339820866,0.0,0.0
2025-07-18 07:00:00+00:00,0.00719938455107206,0.008947471993364424,0.0,0.0
2025-07-18 08:00:00+00:00,0.006866281318668478,0.009596751776153224,0.0,0.0
2025-07-18 09:00:00+00:00,0.006927714799386833,0.009959910789835031,0.0,0.0
2025-07-18 10:00:00+00:00,0.010874338059445402,0.009194434706857687,0.0,0.0
2025-07-18 11:00:00+00:00,0.00802687948664421,0.009741919172358974,0.0,0.0
2025-07-18 12:00:00+00:00,0.012093529603141225,0.0064458328061055845,0.0,0.0
2025-07-18 13:00:00+00:00,0.02793818371268889,0.015115802562113312,0.0,0.0
2025-07-18 14:00:00+00:00,0.029437971074257347,0.019403997863267363,0.0,0.0
2025-07-18 15:00:00+00:00,0.015560332177498554,0.010259246530812472,0.0,0.0
2025-07-18 16:00:00+00:00,0.01060159274201891,0.0077769363163934305,0.0,0.0
2025-07-18 17:00:00+00:00,0.008624596353636946,0.003825660073101642,0.0,0.0
2025-07-18 18:00:00+00:00,0.012469388297470041,0.005556422782578954,0.0,0.0
2025-07-18 19:00:00+00:00,0.009908485950127057,0.005273368651592576,0.0,0.0
2025-07-18 20:00:00+00:00,0.01211232907809445,0.012708838684637685,0.0,0.0
2025-07-18 21:00:00+00:00,0.009423356527060259,0.006917125445143116,0.0,0.0
2025-07-18 22:00:00+00:00,0.008972541598063417,0.00939540439032935,0.0,0.0
2025-07-18 23:00:00+00:00,0.012562571017097525,0.009555166568193144,0.0,0.0
2025-07-19 00:00:00+00:00,0.012816092482908936,0.013101953491104058,0.0,0.0
2025-07-19 01:00:00+00:00,0.01699571124045011,0.013909351668472304,0.0,0.0
2025-07-19 02:00:00+00:00,0.013787938914923003,0.01334967011247735,0.0,0.0
2025-07-19 03:00:00+00:00,0.011629274717605359,0.011015027845095032,0.0,0.0
2025-07-19 04:00:00+00:00,0.008288984442585213,0.00800763629697294,0.0,0.0
2025-07-19 05:00:00+00:00,0.008752136939578338,0.007906416209263174,0.0,0.0
2025-07-19 06:00:00+00:00,0.006935230187141189,0.004778785355711884,0.0,0.0
2025-07-19 07:00:00+00:00,0.003728157394013248,0.0035765149506382936,0.0,0.0
2025-07-19 08:00:00+00:00,0.0028951507687009752,0.005092053986579928,0.0,0.0
2025-07-19 09:00:00+00:00,0.0034050285202340256,0.0035832464174684296,0.0,0.0
2025-07-19 10:00:00+00:00,0.005787594646464757,0.005246567595405412,0.0,0.0
2025-07-19 11:00:00+00:00,0.00484854642708251,0.004546420540518791,0.0,0.0
2025-07-19 12:00:00+00:00,0.004319329271076891,0.005452932741262952,0.0,0.0
2025-07-19 13:00:00+00:00,0.0031020853849623373,0.003668618937424733,0.0,0.0
2025-07-19 14:00:00+00:00,0.002162927346048734,0.011211444641111403,0.0,0.0
2025-07-19 15:00:00+00:00,0.0027017506143427474,0.005050310360365093,0.0,0.0
2025-07-19 16:00:00+00:00,0.0014325565690638138,0.0034785870383433354,0.0,0.0
2025-07-19 17:00:00+00:00,0.0013514483197994474,0.00361604196460562,0.0,0.0
2025-07-19 18:00:00+00:00,0.001172720804697618,0.002466490759124549,0.0,0.0
2025-07-19 19:00:00+00:00,0.0034883156045784785,0.004676438299451106,0.0,0.0
2025-07-19 20:00:00+00:00,0.002390612055240557,0.005350608198278341,0.0,0.0
2025-07-19 21:00:00+00:00,0.0037534004596137135,0.010970150222046192,0.0,0.0
2025-07-19 22:00:00+00:00,0.0023822371064035936,0.00363058875290197,0.0,0.0
2025-07-19 23:00:00+00:00,0.0025946284930916073,0.004443736964645144,0.0,0.0
2025-07-20 00:00:00+00:00,0.02606464837010967,0.011545735657210517,0.0,0.0
2025-07-20 01:00:00+00:00,0.03529951200153973,0.017101107988797406,0.0,0.0
2025-07-20 02:00:00+00:00,0.03605746383029643,0.014359261692932562,0.0,0.0
2025-07-20 03:00:00+00:00,0.04010251902620055,0.024621700863156418,0.0,0.0
2025-07-20 04:00:00+00:00,0.026926086820866113,0.009697841237547024,0.0,0.0
2025-07-20 05:00:00+00:00,0.022050136091381605,0.012582293639758874,0.0,0.0
2025-07-20 06:00:00+00:00,0.016113494391347804,0.005952804842495132,0.0,0.0
2025-07-20 07:00:00+00:00,0.04364610063029841,0.015271365128460349,0.0,0.0
2025-07-20 08:00:00+00:00,0.05156338873892566,0.016084055341513026,0.0,0.0
2025-07-20 09:00:00+00:00,0.03329814071283883,0.0171993604414544,0.0,0.0
2025-07-20 10:00:00+00:00,0.031260431988823285,0.013127762622514347,0.0,0.0
2025-07-20 11:00:00+00:00,0.039462436336423365,0.015677261560184,0.0,0.0
2025-07-20 12:00:00+00:00,0.05557897850793495,0.020817316373513955,0.0,0.0
2025-07-20 13:00:00+00:00,0.07206253661762094,0.014505915745170817,0.0,0.0
2025-07-20 14:00:00+00:00,0.08366641235267869,0.014886753972502999,0.0,0.0
2025-07-20 15:00:00+00:00,0.09021283030847936,0.007640568664577612,0.0,0.0
2025-07-20 16:00:00+00:00,0.08201423315039481,0.012583230790283992,0.0,0.0
2025-07-20 17:00:00+00:00,0.026766010315848337,0.025745851754429016,0.0,0.0
2025-07-20 18:00:00+00:00,0.06456244653503261,0.014989372732593086,0.0,0.0
2025-07-20 19:00:00+00:00,0.032977927110656495,0.011501762299178145,0.0,0.0
2025-07-20 20:00:00+00:00,0.040810904835066046,0.016768188590305867,0.0,0.0
2025-07-20 21:00:00+00:00,0.026412524117296287,0.016455357108776075,0.0,0.0
2025-07-20 22:00:00+00:00,0.030212567210642565,0.0283063789544838,0.0,0.0
2025-07-20 23:00:00+00:00,0.022067181058914528,0.023661449078543003,0.0,0.0
2025-07-21 00:00:00+00:00,0.016920716240569286,0.026561173410562734,0.0,0.0
2025-07-21 01:00:00+00:00,0.01425574025527226,0.022895472095766922,0.0,0.0
2025-07-21 02:00:00+00:00,0.04725436845355505,0.0276933785440359,0.0,0.0
2025-07-21 03:00:00+00:00,0.09253649666551966,0.03536940299364944,0.0,0.0
2025-07-21 04:00:00+00:00,0.0693226794788427,0.0270338297213015,0.0,0.0
2025-07-21 05:00:00+00:00,0.07171400608139913,0.021484559919486657,0.0,0.0
2025-07-21 06:00:00+00:00,0.14396023396946225,0.019186388446638735,0.0,0.0
2025-07-21 07:00:00+00:00,0.17699798654429885,0.02228155381870844,0.0,0.0
2025-07-21 08:00:00+00:00,0.11697471885470616,0.026418559232949324,0.0,0.0
2025-07-21 09:00:00+00:00,0.06545388888865868,0.018449962636668923,0.0,0.0
2025-07-21 10:00:00+00:00,0.07968200775375343,0.03782200073242738,0.0,0.0
2025-07-21 11:00:00+00:00,0.0900046970810661,0.019881495628713802,0.0,0.0
2025-07-21 12:00:00+00:00,0.08319661814273731,0.030241033902144724,0.0,0.0
2025-07-21 13:00:00+00:00,0.08293117310677728,0.034770680651324506,0.0,0.0
2025-07-21 14:00:00+00:00,0.10881324625220512,0.07113506683526405,0.0,0.0
2025-07-21 15:00:00+00:00,0.05825307479131583,0.0530260714527638,0.0,0.0
2025-07-21 16:00:00+00:00,0.05082673220586658,0.05378887970364336,0.0,0.0
2025-07-21 17:00:00+00:00,0.02651828910502461,0.04813806003113261,0.0,0.0
2025-07-21 18:00:00+00:00,0.03147142293658759,0.04161281182963452,0.0,0.0
2025-07-21 19:00:00+00:00,0.04413254430390517,0.042073244198863324,0.0,0.0
2025-07-21 20:00:00+00:00,0.03752498896770161,0.04179269142236302,0.0,0.0
2025-07-21 21:00:00+00:00,0.027973943667219697,0.04017554056635889,0.0,0.0
2025-07-21 22:00:00+00:00,0.03357261442341533,0.03292045962742938,0.0,0.0
2025-07-21 23:00:00+00:00,0.0408954549160288,0.04096253821156614,0.0,0.0
2025-07-22 00:00:00+00:00,0.023629629640256514,0.03883874318579731,0.0,0.0
2025-07-22 01:00:00+00:00,0.06196017155447866,0.04510977607512434,0.0,0.0
2025-07-22 02:00:00+00:00,0.03615028871259267,0.060242252235086745,0.0,0.0
2025-07-22 03:00:00+00:00,0.036908225973852626,0.036345652174093857,0.0,0.0
2025-07-22 04:00:00+00:00,0.05334406341577167,0.062002913004146155,0.0,0.0
2025-07-22 05:00:00+00:00,0.04594606553023035,0.04615780367921724,0.0,0.0
2025-07-22 06:00:00+00:00,0.046004508113052844,0.06398085951069865,0.0,0.0
2025-07-22 07:00:00+00:00,0.06970010568168487,0.05025517624987271,0.0,0.0
2025-07-22 08:00:00+00:00,0.043278064887678186,0.03368781202042705,0.0,0.0
2025-07-22 09:00:00+00:00,0.08159893876455841,0.05182911415908778,0.0,0.0
2025-07-22 10:00:00+00:00,0.0673431346244366,0.022440279384673953,0.0,0.0
2025-07-22 11:00:00+00:00,0.04474601929006731,0.03501203215812806,0.0,0.0
2025-07-22 12:00:00+00:00,0.04742973784308349,0.025898308723967884,0.0,0.0
2025-07-22 13:00:00+00:00,0.03447699085563915,0.026441487544599362,0.0,0.0
2025-07-22 14:00:00+00:00,0.02424484945676081,0.03075659022906273,0.0,0.0
2025-07-22 15:00:00+00:00,0.018229076043204583,0.052625250658214294,0.0,0.0
2025-07-22 16:00:00+00:00,0.013695114118547782,0.04339238010336844,0.0,0.0
2025-07-22 17:00:00+00:00,0.011645298057097533,0.02856504035046034,0.0,0.0
2025-07-22 18:00:00+00:00,0.034917485550209744,0.05563451250278589,0.0,0.0
2025-07-22 19:00:00+00:00,0.017217542904014217,0.041463792039748266,0.0,0.0
2025-07-22 20:00:00+00:00,0.013154018735849015,0.04660894460128114,0.0,0.0
2025-07-22 21:00:00+00:00,0.01686951264163418,0.010577998938573405,0.0,0.0
2025-07-22 22:00:00+00:00,0.030897592515338024,0.04365496816615764,0.0,0.0
2025-07-22 23:00:00+00:00,0.04953578364568073,0.0279484522551318,0.0,0.0
2025-07-23 00:00:00+00:00,0.031062049129162845,0.010772620712817912,0.0,0.0
2025-07-23 01:00:00+00:00,0.05569687706235005,0.00998536406976204,0.0,0.0
2025-07-23 02:00:00+00:00,0.05583737962984525,0.016385800015935873,0.0,0.0
2025-07-23 03:00:00+00:00,0.04839609457901134,0.013850477883577976,0.0,0.0
2025-07-23 04:00:00+00:00,0.04093739332685923,0.011583338208047618,0.0,0.0
2025-07-23 05:00:00+00:00,0.049246021972165425,0.01232609228730915,0.0,0.0
2025-07-23 06:00:00+00:00,0.06144889969236398,0.014128134810355603,0.0,0.0
2025-07-23 07:00:00+00:00,0.06919272740873302,0.013054287923523167,0.0,0.0
2025-07-23 08:00:00+00:00,0.07252777802220108,0.01766708481993209,0.0,0.0
2025-07-23 09:00:00+00:00,0.09675027017645178,0.017610586325363452,0.0,0.0
2025-07-23 10:00:00+00:00,0.10567778989337884,0.023060616814594814,0.0,0.0
2025-07-23 11:00:00+00:00,0.11185541577966147,0.014222469241941767,0.0,0.0
2025-07-23 12:00:00+00:00,0.10923321174895963,0.027092038397930288,0.0,0.0
2025-07-23 13:00:00+00:00,0.11373812817642277,0.02316672602667019,0.0,0.0
2025-07-23 14:00:00+00:00,0.06823905992906802,0.02869493600331734,0.0,0.0
2025-07-23 15:00:00+00:00,0.05929196779136884,0.048399203531658615,0.0,0.0
2025-07-23 16:00:00+00:00,0.05823183206953156,0.033021345606838594,0.0,0.0
2025-07-23 17:00:00+00:00,0.04574181741902265,0.01770357324798377,0.0,0.0
2025-07-23 18:00:00+00:00,0.0414819479459229,0.04843351568531499,0.0,0.0
2025-07-23 19:00:00+00:00,0.03863754077721604,0.04206338230369066,0.0,0.0
2025-07-23 20:00:00+00:00,0.03874198133457858,0.031555344713396924,0.0,0.0
2025-07-23 21:00:00+00:00,0.04560658406026822,0.01627525658011734,0.0,0.0
2025-07-23 22:00:00+00:00,0.0681683110793596,0.02704352657230494,0.0,0.0
2025-07-23 23:00:00+00:00,0.06164781040204707,0.034998017403102814,0.0,0.0
2025-07-24 00:00:00+00:00,0.08299458463706409,0.008558307146502776,0.0,0.0
2025-07-24 01:00:00+00:00,0.0810189406659523,0.0033590095260694493,0.0,0.0
2025-07-24 02:00:00+00:00,0.0773565976018199,0.004032752671422194,0.0,0.0
2025-07-24 03:00:00+00:00,0.060534295269130976,0.011422656060921058,0.0,0.0
2025-07-24 04:00:00+00:00,0.04343884996348966,0.014553077096815734,0.0,0.0
2025-07-24 05:00:00+00:00,0.030634686734629792,0.010889324633366481,0.0,0.0
2025-07-24 06:00:00+00:00,0.02912941539839932,0.0099758689654847,0.0,0.0
2025-07-24 07:00:00+00:00,0.05519585399673398,0.01030357673411631,0.0,0.0
2025-07-24 08:00:00+00:00,0.04476680758946291,0.013295323735212463,0.0,0.0
2025-07-24 09:00:00+00:00,0.0453874452780764,0.009749998813682744,0.0,0.0
2025-07-24 10:00:00+00:00,0.060908350820863134,0.013150069127377697,0.0,0.0
2025-07-24 11:00:00+00:00,0.064521371830898,0.015844167906363896,0.0,0.0
2025-07-24 12:00:00+00:00,0.06866258326461637,0.011848543096080402,0.0,0.0
2025-07-24 13:00:00+00:00,0.05797408281961245,0.004694817990890565,0.0,0.0
2025-07-24 14:00:00+00:00,0.06508358725061651,0.0055840777952973425,0.0,1.0
2025-07-24 15:00:00+00:00,0.08711482790820783,0.010566656105477064,0.0,0.0
2025-07-24 16:00:00+00:00,0.04453226284884244,0.008186095211150457,0.0,0.0
2025-07-24 17:00:00+00:00,0.022659131217685455,0.006570277662539563,0.0,0.0
2025-07-24 18:00:00+00:00,0.03499696127443957,0.005700835415789155,0.0,0.0
2025-07-24 19:00:00+00:00,0.039884788896790827,0.007214955015498625,0.0,0.0
2025-07-24 20:00:00+00:00,0.02607805135615404,0.003478832010380906,0.0,0.0
2025-07-24 21:00:00+00:00,0.023167941951880554,0.002398668353432519,0.0,0.0
2025-07-24 22:00:00+00:00,0.04028989815253043,0.004022663000773496,0.0,0.0
2025-07-24 23:00:00+00:00,0.038687525295428356,0.006348787411739423,0.0,0.0
2025-07-25 00:00:00+00:00,0.007931338718106315,0.011844720339227288,0.0,0.0
2025-07-25 01:00:00+00:00,0.00534467430996189,0.016412772126120106,0.0,0.0
2025-07-25 02:00:00+00:00,0.006273136185031368,0.02301740067195648,0.0,0.0
2025-07-25 03:00:00+00:00,0.006022520525818112,0.024926272365080975,0.0,0.0
2025-07-25 04:00:00+00:00,0.007370764913258812,0.02025197140561345,0.0,0.0
2025-07-25 05:00:00+00:00,0.004743523299504761,0.038215007459803385,0.0,0.0
2025-07-25 06:00:00+00:00,0.004034042346324748,0.03084316283052006,0.0,0.0
2025-07-25 07:00:00+00:00,0.007058953665843641,0.03396401376162687,0.0,0.0
2025-07-25 08:00:00+00:00,0.005227531577178188,0.03292081837400037,0.0,0.0
2025-07-25 09:00:00+00:00,0.010332721280893816,0.04657899622746881,0.0,0.0
2025-07-25 10:00:00+00:00,0.014229514226125409,0.04405173731055151,0.0,0.0
2025-07-25 11:00:00+00:00,0.01344203682133556,0.023331849389923925,0.0,0.0
2025-07-25 12:00:00+00:00,0.018030259982251853,0.023576589754796023,0.0,0.0
2025-07-25 13:00:00+00:00,0.02181427465917468,0.03827805911025323,0.0,0.0
2025-07-25 14:00:00+00:00,0.016937716389521084,0.022733000605497735,0.0,0.0
2025-07-25 15:00:00+00:00,0.01674842162877642,0.023637829205310018,0.0,0.0
2025-07-25 16:00:00+00:00,0.008962142940730939,0.025891774950287355,0.0,0.0
2025-07-25 17:00:00+00:00,0.006262315868266803,0.02230019284983564,0.0,0.0
2025-07-25 18:00:00+00:00,0.0062067656678567555,0.011298294854550106,0.0,0.0
2025-07-25 19:00:00+00:00,0.010085995211419634,0.02067609981206094,0.0,0.0
2025-07-25 20:00:00+00:00,0.007263706312724691,0.013652523555818953,0.0,0.0
2025-07-25 21:00:00+00:00,0.005027931828524997,0.01998754448767319,0.0,0.0
2025-07-25 22:00:00+00:00,0.005298690776003622,0.005974035780017675,0.0,0.0
2025-07-25 23:00:00+00:00,0.006739970840267672,0.005926930034140792,0.0,0.0
2025-07-26 00:00:00+00:00,0.00972295594797915,0.014974141184678927,0.0,0.0
2025-07-26 01:00:00+00:00,0.00685644902452074,0.013572055538802844,0.0,0.0
2025-07-26 02:00:00+00:00,0.007242102239698344,0.01738333003504021,0.0,0.0
2025-07-26 03:00:00+00:00,0.003572119125173339,0.005392342170921458,0.0,0.0
2025-07-26 04:00:00+00:00,0.003743886689544336,0.006427449891355588,0.0,0.0
2025-07-26 05:00:00+00:00,0.003827789995472263,0.00456559246354597,0.0,0.0
2025-07-26 06:00:00+00:00,0.003690842357007794,0.004719042055938258,0.0,0.0
2025-07-26 07:00:00+00:00,0.003966513732354835,0.007276122494531762,0.0,0.0
2025-07-26 08:00:00+00:00,0.006498933152895907,0.007220489487561575,0.0,0.0
2025-07-26 09:00:00+00:00,0.006092243550042314,0.004450808042173345,0.0,0.0
2025-07-26 10:00:00+00:00,0.021355968924173824,0.009378467267066315,0.0,0.0
2025-07-26 11:00:00+00:00,0.022707593728310372,0.004127650767169114,0.0,0.0
2025-07-26 12:00:00+00:00,0.025336389407319915,0.0041677004337833745,0.0,0.0
2025-07-26 13:00:00+00:00,0.03739927525107265,0.006011199224174382,0.0,0.0
2025-07-26 14:00:00+00:00,0.015933206595011327,0.00412099584459599,0.0,0.0
2025-07-26 15:00:00+00:00,0.015090304582487722,0.0029650285427923148,0.0,0.0
2025-07-26 16:00:00+00:00,0.02214954030325356,0.0026358190043414827,0.0,0.0
2025-07-26 17:00:00+00:00,0.015356998847180975,0.000721137934418361,0.0,0.0
2025-07-26 18:00:00+00:00,0.02072135570706722,0.001248043745999805,0.0,0.0
2025-07-26 19:00:00+00:00,0.035671392169080544,0.001660816204487564,0.0,0.0
2025-07-26 20:00:00+00:00,0.024927794473072723,0.002963819957465593,0.0,0.0
2025-07-26 21:00:00+00:00,0.022003298320650535,0.001564446089322568,0.0,0.0
2025-07-26 22:00:00+00:00,0.03353499948024433,0.002899436892125606,0.0,0.0
2025-07-26 23:00:00+00:00,0.017952282212072197,0.0022383795308294602,0.0,0.0
2025-07-27 00:00:00+00:00,0.1104888840247637,0.004385249368749271,0.0,0.0
2025-07-27 01:00:00+00:00,0.1688038447116134,0.009177497137763904,0.0,0.0
2025-07-27 02:00:00+00:00,0.1958716645256188,0.007025833775911175,0.0,0.0
2025-07-27 03:00:00+00:00,0.142104132623818,0.006061856374077141,0.0,0.0
2025-07-27 04:00:00+00:00,0.16055282891122788,0.004415190853377535,0.0,0.0
2025-07-27 05:00:00+00:00,0.16199785102643263,0.0048135473206833,0.0,0.0
2025-07-27 06:00:00+00:00,0.19942118372088916,0.00474239206156951,0.0,0.0
2025-07-27 07:00:00+00:00,0.13188360262206333,0.0026059255016434592,0.0,0.0
2025-07-27 08:00:00+00:00,0.1138730959739593,0.0034355407790062245,0.0,0.0
2025-07-27 09:00:00+00:00,0.10674649458043377,0.003946395932642158,0.0,0.0
2025-07-27 10:00:00+00:00,0.16735880478775045,0.006143720890436916,0.0,0.0
2025-07-27 11:00:00+00:00,0.11712216799181484,0.0036585740864262238,0.0,0.0
2025-07-27 12:00:00+00:00,0.1274078145992965,0.007693286492847542,0.0,0.0
2025-07-27 13:00:00+00:00,0.15774205082821482,0.004514459716264368,0.0,0.0
2025-07-27 14:00:00+00:00,0.24566744373062807,0.008044645711766918,0.0,0.0
2025-07-27 15:00:00+00:00,0.24010173390906356,0.007240400519526479,0.0,0.0
2025-07-27 16:00:00+00:00,0.23282178074796908,0.009141576619210714,0.0,0.0
2025-07-27 17:00:00+00:00,0.3515902179817125,0.006045462605756021,0.0,0.0
2025-07-27 18:00:00+00:00,0.3321839102603445,0.008285003727456603,0.0,0.0
2025-07-27 19:00:00+00:00,0.2636478232653327,0.0048029414545028935,0.0,0.0
2025-07-27 20:00:00+00:00,0.2122325530997081,0.009579038247992737,0.0,0.0
2025-07-27 21:00:00+00:00,0.2924046003086742,0.005562207777747433,0.0,0.0
2025-07-27 22:00:00+00:00,0.30327670401990997,0.01152747836872285,0.0,0.0
2025-07-27 23:00:00+00:00,0.3091500503217591,0.00916243021129418,0.0,0.0
2025-07-28 00:00:00+00:00,0.17747988149515473,0.02035388670878156,0.0,0.0
2025-07-28 01:00:00+00:00,0.133710695701756,0.02087707463689516,0.0,0.0
2025-07-28 02:00:00+00:00,0.1617813758376688,0.014022012017833483,0.0,0.0
2025-07-28 03:00:00+00:00,0.0953127479986176,0.013771122933219748,0.0,0.0
2025-07-28 04:00:00+00:00,0.10073217475749842,0.01093017451507019,0.0,0.0
2025-07-28 05:00:00+00:00,0.16230777215027312,0.012928301235226225,0.0,0.0
2025-07-28 06:00:00+00:00,0.1284241112091968,0.009008744526732592,0.0,0.0
2025-07-28 07:00:00+00:00,0.06996545575256034,0.02598926840737577,0.0,0.0
2025-07-28 08:00:00+00:00,0.061738017890408114,0.01677378476681878,0.0,0.0
2025-07-28 09:00:00+00:00,0.052085616770499756,0.016869646942562554,0.0,0.0
2025-07-28 10:00:00+00:00,0.05801348787419012,0.021186786852258045,0.0,0.0
2025-07-28 11:00:00+00:00,0.06339243654857862,0.021781944915461666,0.0,0.0
2025-07-28 12:00:00+00:00,0.12734448429178685,0.01914772954675821,0.0,0.0
2025-07-28 13:00:00+00:00,0.08952765936672726,0.03546800773699515,0.0,0.0
2025-07-28 14:00:00+00:00,0.05690528681981597,0.038954790798241136,0.0,0.0
2025-07-28 15:00:00+00:00,0.036948701766189695,0.030531187636571536,0.0,0.0
2025-07-28 16:00:00+00:00,0.024611212115051833,0.03400616835017814,0.0,0.0
2025-07-28 17:00:00+00:00,0.03760400273839965,0.0415033079001487,0.0,0.0
2025-07-28 18:00:00+00:00,0.029941088793999742,0.031037990539961785,0.0,0.0
2025-07-28 19:00:00+00:00,0.05007120993846553,0.0423355889282798,0.0,0.0
2025-07-28 20:00:00+00:00,0.02637027199754545,0.0357566725445095,0.0,0.0
2025-07-28 21:00:00+00:00,0.025750899058410052,0.026619699209393083,0.0,0.0
2025-07-28 22:00:00+00:00,0.029096234176463443,0.0242351859080515,0.0,0.0
2025-07-28 23:00:00+00:00,0.02767554072420189,0.021819121732181774,0.0,0.0
2025-07-29 00:00:00+00:00,0.016078595805481682,0.026746366844970493,0.0,0.0
2025-07-29 01:00:00+00:00,0.00864652087975578,0.011962495080857545,0.0,0.0
2025-07-29 02:00:00+00:00,0.016809839075543703,0.01563156276871393,0.0,0.0
2025-07-29 03:00:00+00:00,0.036754118661263685,0.023779101291550742,0.0,0.0
2025-07-29 04:00:00+00:00,0.02330401425184504,0.027649046923597386,0.0,0.0
2025-07-29 05:00:00+00:00,0.025371417638389824,0.022539096915357413,0.0,0.0
2025-07-29 06:00:00+00:00,0.03766147201270254,0.017121469934731712,0.0,0.0
2025-07-29 07:00:00+00:00,0.03245495094528535,0.019277670790420226,0.0,0.0
2025-07-29 08:00:00+00:00,0.03131453777270377,0.007422166193444807,0.0,0.0
2025-07-29 09:00:00+00:00,0.03344160412055628,0.0066472630610118115,0.0,0.0
2025-07-29 10:00:00+00:00,0.021503163825464036,0.014295412975317175,0.0,0.0
2025-07-29 11:00:00+00:00,0.019665356976085648,0.020617478070771734,0.0,0.0
2025-07-29 12:00:00+00:00,0.020444273407267354,0.020008545818117646,0.0,0.0
2025-07-29 13:00:00+00:00,0.012427961463224198,0.026269072178650512,0.0,0.0
2025-07-29 14:00:00+00:00,0.006735857839987908,0.029038387506167856,0.0,0.0
2025-07-29 15:00:00+00:00,0.00717770419916,0.03888354002484398,0.0,0.0
2025-07-29 16:00:00+00:00,0.005825260173941776,0.04029674061054488,0.0,0.0
2025-07-29 17:00:00+00:00,0.004043274467614291,0.03866650944132121,0.0,0.0
2025-07-29 18:00:00+00:00,0.0023697670059740065,0.02263717290696661,0.0,0.0
2025-07-29 19:00:00+00:00,0.007855169176231526,0.025700250136373688,0.0,0.0
2025-07-29 20:00:00+00:00,0.012629620287007301,0.04345708370380347,0.0,0.0
2025-07-29 21:00:00+00:00,0.00850333268007534,0.022190180032866408,0.0,0.0
2025-07-29 22:00:00+00:00,0.0061584789730750175,0.016087384855459665,0.0,0.0
2025-07-29 23:00:00+00:00,0.01314712635086677,0.013538381827538581,0.0,0.0
2025-07-30 00:00:00+00:00,0.011617694490692035,0.0076168489287995024,0.0,0.0
2025-07-30 01:00:00+00:00,0.015742464553196583,0.006674607183149852,0.0,0.0
2025-07-30 02:00:00+00:00,0.023657957026852635,0.00909293835929021,0.0,0.0
2025-07-30 03:00:00+00:00,0.031481923899211194,0.009378083883220928,0.0,0.0
2025-07-30 04:00:00+00:00,0.021216688178283167,0.0053563789435676565,0.0,0.0
2025-07-30 05:00:00+00:00,0.02464916870668842,0.005507619359030201,0.0,0.0
2025-07-30 06:00:00+00:00,0.04000936323294172,0.006393507886841593,0.0,0.0
2025-07-30 07:00:00+00:00,0.030812498934737562,0.0048169918007880405,0.0,0.0
2025-07-30 08:00:00+00:00,0.04271138881849354,0.008087794246913927,0.0,0.0
2025-07-30 09:00:00+00:00,0.026544840433308653,0.006068114278849324,0.0,0.0
2025-07-30 10:00:00+00:00,0.026948131620266335,0.009587818588902093,0.0,0.0
2025-07-30 11:00:00+00:00,0.016299301106331442,0.010698339669090432,0.0,0.0
2025-07-30 12:00:00+00:00,0.016637257253585957,0.012617300301705001,0.0,0.0
2025-07-30 13:00:00+00:00,0.0182227900804961,0.013142345724103303,0.0,0.0
2025-07-30 14:00:00+00:00,0.008856405198361112,0.01102323197326237,0.0,0.0
2025-07-30 15:00:00+00:00,0.005164921957341775,0.0234698827944059,0.0,0.0
2025-07-30 16:00:00+00:00,0.0034974888668207384,0.021879689594514373,0.0,0.0
2025-07-30 17:00:00+00:00,0.0029914610312696335,0.022919292197845925,0.0,0.0
2025-07-30 18:00:00+00:00,0.00443038977882913,0.03722569502031672,0.0,0.0
2025-07-30 19:00:00+00:00,0.006814144662553694,0.011338446969363182,0.0,0.0
2025-07-30 20:00:00+00:00,0.0060622480192624095,0.03302050444083203,0.0,0.0
2025-07-30 21:00:00+00:00,0.004915057509032606,0.011128674347639199,0.0,0.0
2025-07-30 22:00:00+00:00,0.006097544420203761,0.02828959140865904,0.0,0.0
2025-07-30 23:00:00+00:00,0.027397889498436412,0.009980326779525749,0.0,0.0
2025-07-31 00:00:00+00:00,0.06472689132323987,0.011487553766340504,0.0,0.0
2025-07-31 01:00:00+00:00,0.03596110278824372,0.013536290480094526,0.0,0.0
2025-07-31 02:00:00+00:00,0.05062571351917538,0.010171689234310164,0.0,0.0
2025-07-31 03:00:00+00:00,0.046685180547604045,0.006712390904496348,0.0,0.0
2025-07-31 04:00:00+00:00,0.050835286358668665,0.006673286904561264,0.0,0.0
2025-07-31 05:00:00+00:00,0.0414986451187953,0.004431231652165704,0.0,0.0
2025-07-31 06:00:00+00:00,0.07065564290039457,0.006875008013043281,0.0,0.0
2025-07-31 07:00:00+00:00,0.06529791679031671,0.004741825137875012,0.0,0.0
2025-07-31 08:00:00+00:00,0.0549753650418155,0.0026375425431999703,0.0,1.0
2025-07-31 09:00:00+00:00,0.06042609800833886,0.0031377031551833713,0.0,0.0
2025-07-31 10:00:00+00:00,0.08462375075626245,0.002930840911918777,0.0,1.0
2025-07-31 11:00:00+00:00,0.08589048229868734,0.0034427796491876034,0.0,0.0
2025-07-31 12:00:00+00:00,0.09781374950160819,0.006852118501579736,0.0,0.0
2025-07-31 13:00:00+00:00,0.10286989143332707,0.007510286651566493,0.0,1.0
2025-07-31 14:00:00+00:00,0.08469348002728579,0.006361046597297773,0.0,0.0
2025-07-31 15:00:00+00:00,0.07676946791412337,0.007734146005757126,0.0,0.0
2025-07-31 16:00:00+00:00,0.0962952940371945,0.009470203228918755,0.0,0.0
2025-07-31 17:00:00+00:00,0.05800887514381085,0.014496555514856136,0.0,0.0
2025-07-31 18:00:00+00:00,0.019321012312743996,0.009864015152084482,0.0,1.0
2025-07-31 19:00:00+00:00,0.032674202356709314,0.012260489831110338,0.0,0.0
2025-07-31 20:00:00+00:00,0.025078113344638175,0.010433069901009418,0.0,0.0
2025-07-31 21:00:00+00:00,0.028008344642527997,0.01177253435742287,0.0,0.0
2025-07-31 22:00:00+00:00,0.02759225791934755,0.008734647156044814,0.0,0.0
2025-07-31 23:00:00+00:00,0.03725758379406036,0.0127659992186418,0.0,0.0
2025-08-01 00:00:00+00:00,0.01703145943851851,0.020843348768285298,0.0,0.0
2025-08-01 01:00:00+00:00,0.008278250564282599,0.012868818631930368,0.0,0.0
2025-08-01 02:00:00+00:00,0.013339257183874352,0.03610924774723742,0.0,0.0
2025-08-01 03:00:00+00:00,0.008201616186273396,0.01689964461100072,0.0,0.0
2025-08-01 04:00:00+00:00,0.00792791263946852,0.017143573746299542,0.0,0.0
2025-08-01 05:00:00+00:00,0.006168165007721334,0.013766989196272119,0.0,0.0
2025-08-01 06:00:00+00:00,0.004324206477981699,0.017205491010300587,0.0,0.0
2025-08-01 07:00:00+00:00,0.005785106614403111,0.023426769815647928,0.0,0.0
2025-08-01 08:00:00+00:00,0.0065056967493121185,0.022791020609787705,0.0,0.0
2025-08-01 09:00:00+00:00,0.0064856724060312785,0.01455841218820307,0.0,0.0
2025-08-01 10:00:00+00:00,0.003539869994922802,0.006980069930183974,0.0,0.0
2025-08-01 11:00:00+00:00,0.008916669841559938,0.013920655244236252,0.0,0.0
2025-08-01 12:00:00+00:00,0.024814228703381375,0.032251083354993666,0.0,0.0
2025-08-01 13:00:00+00:00,0.0232802327973393,0.031930043292928194,0.0,0.0
2025-08-01 14:00:00+00:00,0.029625591469255474,0.029358927506397084,0.0,0.0
2025-08-01 15:00:00+00:00,0.012760649900528562,0.06132268790335102,0.0,0.0
2025-08-01 16:00:00+00:00,0.010099012317893811,0.028909000430749048,0.0,0.0
2025-08-01 17:00:00+00:00,0.016293220641658793,0.03059190297991034,0.0,0.0
2025-08-01 18:00:00+00:00,0.01180323427219702,0.034459839697652074,0.0,0.0
2025-08-01 19:00:00+00:00,0.01054664285151481,0.014045074721941131,0.0,0.0
2025-08-01 20:00:00+00:00,0.007149077692905584,0.020498325179609932,0.0,0.0
2025-08-01 21:00:00+00:00,0.004286109179039759,0.009230028526082184,0.0,0.0
2025-08-01 22:00:00+00:00,0.016312536653321677,0.03879117797147876,0.0,0.0
2025-08-01 23:00:00+00:00,0.0058061634315350755,0.026034904479553093,0.0,0.0
2025-08-02 00:00:00+00:00,0.008651445934207651,0.0776265164651366,0.0,0.0
2025-08-02 01:00:00+00:00,0.008021986356565612,0.08183583678300306,0.0,0.0
2025-08-02 02:00:00+00:00,0.006855879851218358,0.061013824504746184,0.0,0.0
2025-08-02 03:00:00+00:00,0.008020623514522299,0.031047764281861134,0.0,0.0
2025-08-02 04:00:00+00:00,0.005675162593389024,0.03508329241360184,0.0,0.0
2025-08-02 05:00:00+00:00,0.007045556881601468,0.04341230768928075,0.0,0.0
2025-08-02 06:00:00+00:00,0.007716362351018018,0.08039216649105595,0.0,0.0
2025-08-02 07:00:00+00:00,0.0068935345690485745,0.035889350306571054,0.0,0.0
2025-08-02 08:00:00+00:00,0.006016891733888229,0.03578272109659061,0.0,0.0
2025-08-02 09:00:00+00:00,0.0040205110267179855,0.03284302298168822,0.0,0.0
2025-08-02 10:00:00+00:00,0.008087610698484253,0.0394857718240279,0.0,0.0
2025-08-02 11:00:00+00:00,0.009522751055081212,0.04338947448165289,0.0,0.0
2025-08-02 12:00:00+00:00,0.009992388290951006,0.03414024584465324,0.0,0.0
2025-08-02 13:00:00+00:00,0.0038015871014152984,0.05668341080754271,0.0,0.0
2025-08-02 14:00:00+00:00,0.002822315514762065,0.03902467213039124,0.0,0.0
2025-08-02 15:00:00+00:00,0.0022165797903341074,0.0420984252450363,0.0,0.0
2025-08-02 16:00:00+00:00,0.0030035636051742504,0.0303909405045021,0.0,0.0
2025-08-02 17:00:00+00:00,0.00399679288125421,0.056107506694221244,0.0,0.0
2025-08-02 18:00:00+00:00,0.0035844858343744425,0.05857242337162063,0.0,0.0
2025-08-02 19:00:00+00:00,0.002789138766752248,0.06165509612934592,0.0,0.0
2025-08-02 20:00:00+00:00,0.002839047200214464,0.024611886628762892,0.0,0.0
2025-08-02 21:00:00+00:00,0.003589161688948246,0.048371667401520636,0.0,0.0
2025-08-02 22:00:00+00:00,0.0017471709955846273,0.03522980916348021,0.0,0.0
2025-08-02 23:00:00+00:00,0.002942783763095815,0.06898719878646041,0.0,0.0
2025-08-03 00:00:00+00:00,0.01343326647502493,0.0966572251150632,0.0,0.0
2025-08-03 01:00:00+00:00,0.013804194056202456,0.08226682797086445,0.0,0.0
2025-08-03 02:00:00+00:00,0.016917845101270628,0.04741980825865603,0.0,0.0
2025-08-03 03:00:00+00:00,0.018281323874343468,0.05287460873195096,0.0,0.0
2025-08-03 04:00:00+00:00,0.01902735085852619,0.026295709490153685,0.0,0.0
2025-08-03 05:00:00+00:00,0.02328194917918715,0.013125545492103171,0.0,0.0
2025-08-03 06:00:00+00:00,0.020362395679954116,0.010916405059135199,0.0,0.0
2025-08-03 07:00:00+00:00,0.0426691910288774,0.009258258819222306,0.0,0.0
2025-08-03 08:00:00+00:00,0.04753274833063168,0.017237079797844806,0.0,0.0
2025-08-03 09:00:00+00:00,0.04654408678855452,0.010750687749071217,0.0,0.0
2025-08-03 10:00:00+00:00,0.053497150786736926,0.009715522237830185,0.0,0.0
2025-08-03 11:00:00+00:00,0.05604950493372773,0.019497010387955177,0.0,0.0
2025-08-03 12:00:00+00:00,0.07304723779689512,0.023333259060870415,0.0,0.0
2025-08-03 13:00:00+00:00,0.05635338110298672,0.0183932946216949,0.0,0.0
2025-08-03 14:00:00+00:00,0.04293035878543094,0.024347206144565533,0.0,0.0
2025-08-03 15:00:00+00:00,0.04440525163438754,0.012818190045402862,0.0,0.0
2025-08-03 16:00:00+00:00,0.06403935441895374,0.015418805452552935,0.0,0.0
2025-08-03 17:00:00+00:00,0.06209004184892667,0.008668966311012131,0.0,0.0
2025-08-03 18:00:00+00:00,0.08852626077568437,0.013738778765588445,0.0,0.0
2025-08-03 19:00:00+00:00,0.0780293150093586,0.01566373380456661,0.0,0.0
2025-08-03 20:00:00+00:00,0.09617401322395906,0.0063366821026124365,0.0,0.0
2025-08-03 21:00:00+00:00,0.09977599222783917,0.007417219374370634,0.0,0.0
2025-08-03 22:00:00+00:00,0.12091175273209441,0.013480451155118043,0.0,0.0
2025-08-03 23:00:00+00:00,0.07525199733016147,0.011955366369737408,0.0,0.0
2025-08-04 00:00:00+00:00,0.07853733745731017,0.016365858161686425,0.0,0.0
2025-08-04 01:00:00+00:00,0.07111252086079996,0.037212092862680436,0.0,0.0
2025-08-04 02:00:00+00:00,0.07221950200120632,0.019349242354878286,0.0,0.0
2025-08-04 03:00:00+00:00,0.04707514119943501,0.01491507461243091,0.0,0.0
2025-08-04 04:00:00+00:00,0.03568572223892499,0.019482931099006215,0.0,0.0
2025-08-04 05:00:00+00:00,0.07618221842440902,0.01147858681056467,0.0,0.0
2025-08-04 06:00:00+00:00,0.08657848951436493,0.015575219827962212,0.0,0.0
2025-08-04 07:00:00+00:00,0.097084340988577,0.013464399737507996,0.0,0.0
2025-08-04 08:00:00+00:00,0.10952772000896853,0.019958589320437113,0.0,0.0
2025-08-04 09:00:00+00:00,0.06449517070707877,0.011439117194190572,0.0,0.0
2025-08-04 10:00:00+00:00,0.05502261534998987,0.015374540237890722,0.0,0.0
2025-08-04 11:00:00+00:00,0.06293781391071165,0.016642774980532012,0.0,0.0
2025-08-04 12:00:00+00:00,0.049726070094554396,0.016737125984458177,0.0,0.0
2025-08-04 13:00:00+00:00,0.06243606967118694,0.02254273093446944,0.0,0.0
2025-08-04 14:00:00+00:00,0.06694841761292943,0.04055748732279664,0.0,0.0
2025-08-04 15:00:00+00:00,0.06600543967814516,0.042628704836105064,0.0,0.0
2025-08-04 16:00:00+00:00,0.07175682029997643,0.029610194081163634,0.0,0.0
2025-08-04 17:00:00+00:00,0.0674708430258904,0.03518853644641446,0.0,0.0
2025-08-04 18:00:00+00:00,0.04388296992813584,0.029648643280160657,0.0,0.0
2025-08-04 19:00:00+00:00,0.045141769809572733,0.04118614393233523,0.0,0.0
2025-08-04 20:00:00+00:00,0.06883247318159312,0.032287591648771055,0.0,0.0
2025-08-04 21:00:00+00:00,0.08691154003895646,0.024435621694339275,0.0,0.0
2025-08-04 22:00:00+00:00,0.10020713517535239,0.01675580166009435,0.0,0.0
2025-08-04 23:00:00+00:00,0.06301701774820985,0.019992000994616087,0.0,0.0
2025-08-05 00:00:00+00:00,0.022514020944502857,0.016467462299868358,0.0,0.0
2025-08-05 01:00:00+00:00,0.015214790957401927,0.014025461958989733,0.0,0.0
2025-08-05 02:00:00+00:00,0.015446361097862302,0.012651928080527272,0.0,0.0
2025-08-05 03:00:00+00:00,0.0161302536354414,0.017863216376283717,0.0,0.0
2025-08-05 04:00:00+00:00,0.017660377837553348,0.017595111531420182,0.0,0.0
2025-08-05 05:00:00+00:00,0.019249545353523582,0.015167479063500638,0.0,0.0
2025-08-05 06:00:00+00:00,0.014773314886896061,0.018209680416638705,0.0,0.0
2025-08-05 07:00:00+00:00,0.017694870388468488,0.029428015120353968,0.0,0.0
2025-08-05 08:00:00+00:00,0.02135426373851791,0.02680030376640757,0.0,0.0
2025-08-05 09:00:00+00:00,0.025683038371433226,0.034087490185969856,0.0,0.0
2025-08-05 10:00:00+00:00,0.024134684563617753,0.03351666421794481,0.0,0.0
2025-08-05 11:00:00+00:00,0.018731197289330214,0.012211860609658927,0.0,0.0
2025-08-05 12:00:00+00:00,0.01538977549033363,0.041908683281045994,0.0,0.0
2025-08-05 13:00:00+00:00,0.015036878539455593,0.05430328383232952,0.0,0.0
2025-08-05 14:00:00+00:00,0.020704324125758875,0.047532768205800296,0.0,0.0
2025-08-05 15:00:00+00:00,0.010543728311354727,0.04016093714947597,0.0,0.0
2025-08-05 16:00:00+00:00,0.0111991053850039,0.05491208352973797,0.0,0.0
2025-08-05 17:00:00+00:00,0.015432981335520556,0.06203061901391586,0.0,0.0
2025-08-05 18:00:00+00:00,0.009977824933645305,0.05152661419149731,0.0,0.0
2025-08-05 19:00:00+00:00,0.016204563795140143,0.04246366651367638,0.0,0.0
2025-08-05 20:00:00+00:00,0.015289660517759837,0.022398328561805254,0.0,0.0
2025-08-05 21:00:00+00:00,0.009834206532970844,0.033192132077294045,0.0,0.0
2025-08-05 22:00:00+00:00,0.019254985751805426,0.024633686373615824,0.0,0.0
2025-08-05 23:00:00+00:00,0.0168917033914049,0.030439129013110754,0.0,0.0
2025-08-06 00:00:00+00:00,0.024877116805280486,0.02358090136742852,0.0,0.0
2025-08-06 01:00:00+00:00,0.026530037945790192,0.02161085557173652,0.0,0.0
2025-08-06 02:00:00+00:00,0.021196603374762497,0.016894975676674806,0.0,0.0
2025-08-06 03:00:00+00:00,0.018119812358061486,0.01763618086954083,0.0,0.0
2025-08-06 04:00:00+00:00,0.022919864616498364,0.01394301976214807,0.0,0.0
2025-08-06 05:00:00+00:00,0.038533555011300236,0.026995449888361625,0.0,0.0
2025-08-06 06:00:00+00:00,0.030734062515651722,0.02351981289203997,0.0,0.0
2025-08-06 07:00:00+00:00,0.030701366405478023,0.022461126470961698,0.0,0.0
2025-08-06 08:00:00+00:00,0.026465442776987164,0.030386082326823258,0.0,0.0
2025-08-06 09:00:00+00:00,0.031654322114303045,0.02515070535450882,0.0,0.0
2025-08-06 10:00:00+00:00,0.06377551179253504,0.021579448909070972,0.0,0.0
2025-08-06 11:00:00+00:00,0.05802197888300165,0.011130580499481227,0.0,0.0
2025-08-06 12:00:00+00:00,0.03127854001541066,0.012449041786181001,0.0,0.0
2025-08-06 13:00:00+00:00,0.0510163732203369,0.018308918224984972,0.0,0.0
2025-08-06 14:00:00+00:00,0.010207640739312457,0.011713437576490147,0.0,0.0
2025-08-06 15:00:00+00:00,0.010989808141706603,0.023184704465624442,0.0,0.0
2025-08-06 16:00:00+00:00,0.007316192860846701,0.02294668205888022,0.0,0.0
2025-08-06 17:00:00+00:00,0.008587329269382679,0.01551012443560579,0.0,0.0
2025-08-06 18:00:00+00:00,0.013287413598868994,0.014454642412915351,0.0,0.0
2025-08-06 19:00:00+00:00,0.010378851835834813,0.00986249855645875,0.0,0.0
2025-08-06 20:00:00+00:00,0.011324937337085691,0.006004410363655124,0.0,0.0
2025-08-06 21:00:00+00:00,0.014697993659166698,0.005962026082804762,0.0,0.0
2025-08-06 22:00:00+00:00,0.02132624649410278,0.003544005564377161,0.0,0.0
2025-08-06 23:00:00+00:00,0.019673950057122806,0.0037424054890368968,0.0,0.0
2025-08-07 00:00:00+00:00,0.029127601146142823,0.0013086038773143828,0.0,0.0
2025-08-07 01:00:00+00:00,0.061473270196418094,0.004398759006222166,0.0,0.0
2025-08-07 02:00:00+00:00,0.045310036888794286,0.004930287381493234,0.0,0.0
2025-08-07 03:00:00+00:00,0.03559467862803959,0.0027096553240032704,0.0,0.0
2025-08-07 04:00:00+00:00,0.0266376747680498,0.0031611355104180987,0.0,0.0
2025-08-07 05:00:00+00:00,0.05088889298929757,0.0039029154655851796,0.0,0.0
2025-08-07 06:00:00+00:00,0.05299559168725446,0.004192826827212167,0.0,0.0
2025-08-07 07:00:00+00:00,0.06838334739871325,0.00243516879082747,0.0,0.0
2025-08-07 08:00:00+00:00,0.08550836366998311,0.002350971014563263,0.0,0.0
2025-08-07 09:00:00+00:00,0.13237506368447147,0.0017288892700148292,0.0,0.0
2025-08-07 10:00:00+00:00,0.14489340702150955,0.007219974583770376,0.0,0.0
2025-08-07 11:00:00+00:00,0.15942488029329424,0.008054566579717102,0.0,0.0
2025-08-07 12:00:00+00:00,0.12895162058915807,0.01041689054857479,0.0,0.0
2025-08-07 13:00:00+00:00,0.1534967471904717,0.008036442807002312,0.0,0.0
2025-08-07 14:00:00+00:00,0.10607689983468044,0.008699804321279814,0.0,0.0
2025-08-07 15:00:00+00:00,0.14531911360441022,0.005023304293761461,0.0,0.0
2025-08-07 16:00:00+00:00,0.09213473912542519,0.006270273558686721,0.0,0.0
2025-08-07 17:00:00+00:00,0.09449669732655226,0.0021819624790480395,0.0,0.0
2025-08-07 18:00:00+00:00,0.11126927788458546,0.004108955878342274,0.0,0.0
2025-08-07 19:00:00+00:00,0.12102674285043406,0.0031835600678232225,0.0,0.0
2025-08-07 20:00:00+00:00,0.0886664541647464,0.00595946691114001,0.0,0.0
2025-08-07 21:00:00+00:00,0.07712576443491355,0.004953014832419719,0.0,0.0
2025-08-07 22:00:00+00:00,0.11649963193175099,0.0058060451436628795,0.0,0.0
2025-08-07 23:00:00+00:00,0.07131600587812309,0.005234075384293203,0.0,0.0
2025-08-08 00:00:00+00:00,0.04314739454955343,0.005322303574949293,0.0,0.0
2025-08-08 01:00:00+00:00,0.021746689386139273,0.005581316805829087,0.0,0.0
2025-08-08 02:00:00+00:00,0.008144834247432148,0.0018611226507920537,0.0,0.0
2025-08-08 03:00:00+00:00,0.008680980818072405,0.0044642872927542964,0.0,0.0
2025-08-08 04:00:00+00:00,0.007354224677572383,0.0019346289750476655,0.0,0.0
2025-08-08 05:00:00+00:00,0.006463571422691092,0.0019543778688937393,0.0,0.0
2025-08-08 06:00:00+00:00,0.0344463235524076,0.0023055087315277142,0.0,0.0
2025-08-08 07:00:00+00:00,0.04108900703660008,0.0028773934370893203,0.0,0.0
2025-08-08 08:00:00+00:00,0.02861123912142673,0.0032150083306495447,0.0,0.0
2025-08-08 09:00:00+00:00,0.039569061234101706,0.0022267439184428064,0.0,0.0
2025-08-08 10:00:00+00:00,0.030565393182635445,0.001965277699759762,0.0,0.0
2025-08-08 11:00:00+00:00,0.061704866747029526,0.001601049946195418,0.0,0.0
2025-08-08 12:00:00+00:00,0.03475726528137879,0.0021562559907692545,0.0,0.0
2025-08-08 13:00:00+00:00,0.09618676981788417,0.004141795710197079,0.0,0.0
2025-08-08 14:00:00+00:00,0.09459319330828064,0.006874314265037221,0.0,0.0
2025-08-08 15:00:00+00:00,0.08568057417356184,0.00901866009895133,0.0,0.0
2025-08-08 16:00:00+00:00,0.04975368711012324,0.003556994508091715,0.0,0.0
2025-08-08 17:00:00+00:00,0.08771239105065143,0.005199076827478275,0.0,0.0
2025-08-08 18:00:00+00:00,0.10866352246741644,0.008477630311855165,0.0,0.0
2025-08-08 19:00:00+00:00,0.06140526930670879,0.0039581830772345205,0.0,0.0
2025-08-08 20:00:00+00:00,0.07122207813212006,0.0019967819855817334,0.0,0.0
2025-08-08 21:00:00+00:00,0.0639515882293348,0.004945883485216989,0.0,0.0
2025-08-08 22:00:00+00:00,0.04667584326058779,0.0025619745003161195,0.0,0.0
2025-08-08 23:00:00+00:00,0.026922273823052945,0.0015967604670653935,0.0,0.0
2025-08-09 00:00:00+00:00,0.0370308102089969,0.003026459538570409,0.0,0.0
2025-08-09 01:00:00+00:00,0.024620302425692433,0.003953549408380159,0.0,0.0
2025-08-09 02:00:00+00:00,0.014827029300107437,0.0027664708849414383,0.0,0.0
2025-08-09 03:00:00+00:00,0.01654047487239675,0.007812843133084037,0.0,0.0
2025-08-09 04:00:00+00:00,0.016126771445266145,0.006213362552637536,0.0,0.0
2025-08-09 05:00:00+00:00,0.0345317331945302,0.008943415451124098,0.0,0.0
2025-08-09 06:00:00+00:00,0.023567424308436096,0.006918933501389293,0.0,0.0
2025-08-09 07:00:00+00:00,0.03624321959732092,0.003829422597031614,0.0,0.0
2025-08-09 08:00:00+00:00,0.07178559854254765,0.004402659328558105,0.0,0.0
2025-08-09 09:00:00+00:00,0.09667366772231728,0.00512294931955257,0.0,0.0
2025-08-09 10:00:00+00:00,0.09774528607383566,0.006615513379409428,0.0,0.0
2025-08-09 11:00:00+00:00,0.061290585750004845,0.004745222840661784,0.0,0.0
2025-08-09 12:00:00+00:00,0.05462551534890592,0.0037390795543159132,0.0,0.0
2025-08-09 13:00:00+00:00,0.05333518530158379,0.004314969622385228,0.0,0.0
2025-08-09 14:00:00+00:00,0.0436528403958911,0.003536382356348969,0.0,0.0
2025-08-09 15:00:00+00:00,0.044040144281305676,0.003639532296644201,0.0,0.0
2025-08-09 16:00:00+00:00,0.029989843964191448,0.0021522965145126336,0.0,0.0
2025-08-09 17:00:00+00:00,0.029913280640659057,0.0024627238306524943,0.0,0.0
2025-08-09 18:00:00+00:00,0.021622932833723154,0.002668326563561899,0.0,0.0
2025-08-09 19:00:00+00:00,0.024190709963461732,0.004243726593216459,0.0,0.0
2025-08-09 20:00:00+00:00,0.054215770041709556,0.006627796972383876,0.0,0.0
2025-08-09 21:00:00+00:00,0.03018167934148663,0.0072963959934036334,0.0,0.0
2025-08-09 22:00:00+00:00,0.028026051985881945,0.006876510977850556,0.0,0.0
2025-08-09 23:00:00+00:00,0.01015744907062771,0.0022496940607090008,0.0,0.0
2025-08-10 00:00:00+00:00,0.11978723682596988,0.012953673869987832,0.0,0.0
2025-08-10 01:00:00+00:00,0.0885170759694001,0.01627371870163323,0.0,0.0
2025-08-10 02:00:00+00:00,0.20729798792312581,0.014475173725065557,1.0,0.0
2025-08-10 03:00:00+00:00,0.14913678961459564,0.014113340177194214,0.0,0.0
2025-08-10 04:00:00+00:00,0.18383273428461566,0.020515940337479673,0.0,0.0
2025-08-10 05:00:00+00:00,0.1514972089490321,0.03364703622899394,1.0,0.0
2025-08-10 06:00:00+00:00,0.1200141541039167,0.013151216760024486,1.0,0.0
2025-08-10 07:00:00+00:00,0.10960433364540893,0.028923725108498385,1.0,0.0
2025-08-10 08:00:00+00:00,0.18153895287021918,0.016711223588424255,0.0,0.0
2025-08-10 09:00:00+00:00,0.16642520727468957,0.009721274046118797,0.0,0.0
2025-08-10 10:00:00+00:00,0.17789308424296754,0.012100916515592133,0.0,0.0
2025-08-10 11:00:00+00:00,0.20854604586832473,0.01291923535041386,0.0,0.0
2025-08-10 12:00:00+00:00,0.22346377273703846,0.012764598809754923,0.0,0.0
2025-08-10 13:00:00+00:00,0.23412875078116713,0.013451302619182212,0.0,0.0
2025-08-10 14:00:00+00:00,0.3090874519652172,0.022563374266405686,0.0,0.0
2025-08-10 15:00:00+00:00,0.3134921450197949,0.015394362417863206,0.0,0.0
2025-08-10 16:00:00+00:00,0.3070756952411757,0.015922574583152993,0.0,0.0
2025-08-10 17:00:00+00:00,0.21167548532859537,0.007568421879214225,0.0,0.0
2025-08-10 18:00:00+00:00,0.19983937587496578,0.007467263957035908,0.0,0.0
2025-08-10 19:00:00+00:00,0.2599390221306274,0.009023429122445137,0.0,0.0
2025-08-10 20:00:00+00:00,0.2417313334891168,0.026224725927460377,0.0,0.0
2025-08-10 21:00:00+00:00,0.2854778647996486,0.01321632906197408,0.0,0.0
2025-08-10 22:00:00+00:00,0.3455949140878893,0.0192247897099821,0.0,0.0
2025-08-10 23:00:00+00:00,0.38907804969241955,0.02481262732056749,0.0,0.0
2025-08-11 00:00:00+00:00,0.30624348047407807,0.03810091464658758,0.0,0.0
2025-08-11 01:00:00+00:00,0.34609793518614484,0.021789385670047012,0.0,0.0
2025-08-11 02:00:00+00:00,0.2669421071990988,0.025601626427017698,0.0,0.0
2025-08-11 03:00:00+00:00,0.2502410484175826,0.03752315870593243,0.0,0.0
2025-08-11 04:00:00+00:00,0.25477987407998043,0.028542282026339377,0.0,0.0
2025-08-11 05:00:00+00:00,0.23281836817475732,0.02121525290981636,0.0,0.0
2025-08-11 06:00:00+00:00,0.21748168055462555,0.019177468515164182,0.0,0.0
2025-08-11 07:00:00+00:00,0.17654114345053104,0.02315751741348203,0.0,0.0
2025-08-11 08:00:00+00:00,0.16848220547106615,0.0139398869759289,0.0,0.0
2025-08-11 09:00:00+00:00,0.1983830495239768,0.020076402668254504,0.0,0.0
2025-08-11 10:00:00+00:00,0.2052669682691912,0.025981312118743632,0.0,0.0
2025-08-11 11:00:00+00:00,0.15841634363382884,0.020862277370166812,0.0,0.0
2025-08-11 12:00:00+00:00,0.13578119927682222,0.05730392962738098,0.0,0.0
2025-08-11 13:00:00+00:00,0.14491419685280207,0.03378620682559943,0.0,0.0
2025-08-11 14:00:00+00:00,0.14663482844712603,0.07757322913505052,0.0,0.0
2025-08-11 15:00:00+00:00,0.14330051495305285,0.060339970556120615,0.0,0.0
2025-08-11 16:00:00+00:00,0.17602405853604944,0.08223614258101576,0.0,0.0
2025-08-11 17:00:00+00:00,0.1126618509885365,0.043511522948660834,0.0,0.0
2025-08-11 18:00:00+00:00,0.11752200233668397,0.03060820203743911,0.0,0.0
2025-08-11 19:00:00+00:00,0.0861524984811185,0.07047225726517181,0.0,0.0
2025-08-11 20:00:00+00:00,0.07516134419744191,0.03844909149966406,0.0,0.0
2025-08-11 21:00:00+00:00,0.1065647282437074,0.053034727761043086,0.0,0.0
2025-08-11 22:00:00+00:00,0.14719359590894235,0.05264901640398497,0.0,0.0
2025-08-11 23:00:00+00:00,0.11707665431180943,0.03422600694498451,0.0,0.0
2025-08-12 00:00:00+00:00,0.1131595536176316,0.05031587152107848,0.0,0.0
2025-08-12 01:00:00+00:00,0.11681093789194352,0.038933134848284846,0.0,0.0
2025-08-12 02:00:00+00:00,0.11116745801676059,0.031970049570475036,0.0,0.0
2025-08-12 03:00:00+00:00,0.10070015783881155,0.027012737120982875,0.0,0.0
2025-08-12 04:00:00+00:00,0.10444876831541727,0.025021360988235666,0.0,0.0
2025-08-12 05:00:00+00:00,0.1191328460541915,0.04314118178232953,0.0,0.0
2025-08-12 06:00:00+00:00,0.12443320257603392,0.045596571183851124,0.0,0.0
2025-08-12 07:00:00+00:00,0.1056774803730704,0.028989373831944946,0.0,0.0
2025-08-12 08:00:00+00:00,0.10476143546592763,0.03624204380701643,0.0,0.0
2025-08-12 09:00:00+00:00,0.09911846166201056,0.028200158690631083,0.0,0.0
2025-08-12 10:00:00+00:00,0.07008891745262204,0.0348351401087839,0.0,0.0
2025-08-12 11:00:00+00:00,0.03755513507863637,0.02038446596558509,0.0,0.0
2025-08-12 12:00:00+00:00,0.04875404766382971,0.039139936896514606,0.0,0.0
2025-08-12 13:00:00+00:00,0.04516990398222886,0.04800511584419764,0.0,0.0
2025-08-12 14:00:00+00:00,0.03364444986433929,0.04735429964602722,0.0,0.0
2025-08-12 15:00:00+00:00,0.035440488436856675,0.07241374907249985,0.0,0.0
2025-08-12 16:00:00+00:00,0.022241349494934448,0.05048454904349122,0.0,0.0
2025-08-12 17:00:00+00:00,0.014348335085941638,0.03925672156823835,0.0,0.0
2025-08-12 18:00:00+00:00,0.018823549986746804,0.034366641579236294,0.0,0.0
2025-08-12 19:00:00+00:00,0.014105444428851144,0.02055917916051589,0.0,0.0
2025-08-12 20:00:00+00:00,0.02184570163768092,0.04428113021217583,0.0,0.0
2025-08-12 21:00:00+00:00,0.015577636405707104,0.025727424747158712,0.0,0.0
2025-08-12 22:00:00+00:00,0.021286324351508793,0.022862397122893258,0.0,0.0
2025-08-12 23:00:00+00:00,0.025378285680308144,0.02833209510988195,0.0,0.0
2025-08-13 00:00:00+00:00,0.018211699804190046,0.01563339936726268,1.0,0.0
2025-08-13 01:00:00+00:00,0.02036061066716256,0.01633631402603768,1.0,0.0
2025-08-13 02:00:00+00:00,0.03375934479077499,0.018384988400600846,1.0,0.0
2025-08-13 03:00:00+00:00,0.04413585622962537,0.016767486103955023,1.0,0.0
2025-08-13 04:00:00+00:00,0.05103011564932742,0.014626249447290086,1.0,0.0
2025-08-13 05:00:00+00:00,0.04523747500577627,0.01398227274995542,0.0,0.0
2025-08-13 06:00:00+00:00,0.038395158422870224,0.009835455007537066,0.0,0.0
2025-08-13 07:00:00+00:00,0.061379653754407626,0.018478801418746606,0.0,0.0
2025-08-13 08:00:00+00:00,0.0936308088184065,0.018300889601233133,0.0,0.0
2025-08-13 09:00:00+00:00,0.08383714668780351,0.01647538243212204,0.0,0.0
2025-08-13 10:00:00+00:00,0.1333660586307929,0.014352288263836001,0.0,0.0
2025-08-13 11:00:00+00:00,0.15839509535501614,0.01398008524040495,0.0,0.0
2025-08-13 12:00:00+00:00,0.10964703420177228,0.017691288905408418,0.0,0.0
2025-08-13 13:00:00+00:00,0.07154967366403696,0.012436716367203315,0.0,0.0
2025-08-13 14:00:00+00:00,0.049948661416874394,0.027666277594007888,0.0,0.0
2025-08-13 15:00:00+00:00,0.03742546475736065,0.03229838836080511,0.0,0.0
2025-08-13 16:00:00+00:00,0.03493817584572169,0.026891096128022467,0.0,0.0
2025-08-13 17:00:00+00:00,0.03623165801593917,0.02853635707445786,0.0,1.0
2025-08-13 18:00:00+00:00,0.04375814456620544,0.028281242376967827,0.0,0.0
2025-08-13 19:00:00+00:00,0.0582885764395684,0.016631197416036043,0.0,1.0
2025-08-13 20:00:00+00:00,0.06218552656312452,0.012405171243700492,0.0,1.0
2025-08-13 21:00:00+00:00,0.061702370387317074,0.027823841674046834,0.0,1.0
2025-08-13 22:00:00+00:00,0.09115125975808702,0.015432348906418829,0.0,1.0
2025-08-13 23:00:00+00:00,0.06507300336305323,0.0169652160209578,0.0,1.0
2025-08-14 00:00:00+00:00,0.1368539949611112,0.012765100166837828,0.0,1.0
2025-08-14 01:00:00+00:00,0.05751463607086499,0.006121982429263018,0.0,1.0
2025-08-14 02:00:00+00:00,0.07272633938532198,0.004755924277236325,0.0,1.0
2025-08-14 03:00:00+00:00,0.050490896493247554,0.004061228420728012,0.0,1.0
2025-08-14 04:00:00+00:00,0.030478555597280504,0.004759910106897279,0.0,1.0
2025-08-14 05:00:00+00:00,0.02453087897583824,0.012994169912625026,0.0,0.0
2025-08-14 06:00:00+00:00,0.029265837593687505,0.014301161042493954,0.0,0.0
2025-08-14 07:00:00+00:00,0.021499006385572592,0.00946414981952657,0.0,0.0
2025-08-14 08:00:00+00:00,0.023146291919821652,0.010264342992481128,0.0,0.0
2025-08-14 09:00:00+00:00,0.04659566717357119,0.009538938955274487,0.0,0.0
2025-08-14 10:00:00+00:00,0.07613553836866699,0.017481996914969423,0.0,0.0
2025-08-14 11:00:00+00:00,0.058312008818457495,0.013669468942994192,0.0,0.0
2025-08-14 12:00:00+00:00,0.10269419564817255,0.025191513167481416,0.0,0.0
2025-08-14 13:00:00+00:00,0.04945402851245604,0.021249817107861602,0.0,0.0
2025-08-14 14:00:00+00:00,0.08254353765981652,0.02746421415918358,0.0,0.0
2025-08-14 15:00:00+00:00,0.06074879689393653,0.024336118829210922,0.0,0.0
2025-08-14 16:00:00+00:00,0.0955799471484679,0.017938588421308774,0.0,0.0
2025-08-14 17:00:00+00:00,0.04039132933757209,0.017662066720750602,0.0,0.0
2025-08-14 18:00:00+00:00,0.04334646206786568,0.008947717053796399,0.0,0.0
2025-08-14 19:00:00+00:00,0.04270486959934678,0.01959383250371757,0.0,0.0
2025-08-14 20:00:00+00:00,0.040978279897508955,0.011059100986850756,0.0,0.0
2025-08-14 21:00:00+00:00,0.046865980381021244,0.012449538014658165,0.0,0.0
2025-08-14 22:00:00+00:00,0.060362792376267925,0.026831253293377554,0.0,0.0
2025-08-14 23:00:00+00:00,0.04631746164453749,0.027321290992064456,0.0,0.0
2025-08-15 00:00:00+00:00,0.008416744379306148,0.03429062479677547,0.0,0.0
2025-08-15 01:00:00+00:00,0.015433226995759343,0.034660440900271615,0.0,0.0
2025-08-15 02:00:00+00:00,0.008967683970767954,0.041329732954001,0.0,0.0
2025-08-15 03:00:00+00:00,0.010054397398224115,0.046875565238274304,0.0,0.0
2025-08-15 04:00:00+00:00,0.010002086971039308,0.03516552186302829,0.0,0.0
2025-08-15 05:00:00+00:00,0.005553010861162062,0.024088767178701852,0.0,0.0
2025-08-15 06:00:00+00:00,0.004985057044969006,0.025491404077223796,0.0,0.0
2025-08-15 07:00:00+00:00,0.0043442162701184525,0.026521329138928434,0.0,0.0
2025-08-15 08:00:00+00:00,0.0036806603713451743,0.00737409540789398,0.0,0.0
2025-08-15 09:00:00+00:00,0.003249832109824356,0.009859695153327335,0.0,0.0
2025-08-15 10:00:00+00:00,0.003180390608789057,0.008417694740612892,0.0,0.0
2025-08-15 11:00:00+00:00,0.004213938521863089,0.009223271405443911,0.0,0.0
2025-08-15 12:00:00+00:00,0.0007308940756140331,0.008362356524998104,0.0,0.0
2025-08-15 13:00:00+00:00,0.0008903638657440692,0.012158863696141537,0.0,0.0
2025-08-15 14:00:00+00:00,0.0008833726164036484,0.011957635697322963,0.0,0.0
2025-08-15 15:00:00+00:00,0.00042573710209836284,0.012162264565916502,0.0,0.0
2025-08-15 16:00:00+00:00,0.00019306676836889082,0.007196701317506102,0.0,0.0
2025-08-15 17:00:00+00:00,0.000500823308538389,0.008879148108744217,0.0,0.0
2025-08-15 18:00:00+00:00,0.0003887685209802514,0.006727459876547205,0.0,0.0
2025-08-15 19:00:00+00:00,0.0004809643030680175,0.009453156614504557,0.0,0.0
2025-08-15 20:00:00+00:00,0.0005896079526714735,0.009902252341099626,0.0,0.0
2025-08-15 21:00:00+00:00,0.0007531597958550816,0.013794339902503318,0.0,0.0
2025-08-15 22:00:00+00:00,0.0017887120035754457,0.018763867172980647,0.0,0.0
2025-08-15 23:00:00+00:00,0.002313653328046237,0.028418362306268735,0.0,0.0
2025-08-16 00:00:00+00:00,0.003595771524465909,0.0325429097921501,0.0,0.0
2025-08-16 01:00:00+00:00,0.003002822171977136,0.03984359377831344,0.0,0.0
2025-08-16 02:00:00+00:00,0.0024344141473394082,0.03543364725918078,0.0,0.0
2025-08-16 03:00:00+00:00,0.0019869883123914737,0.02449967951410782,0.0,0.0
2025-08-16 04:00:00+00:00,0.0026708141774111453,0.019636352611911954,0.0,0.0
2025-08-16 05:00:00+00:00,0.002079267556998872,0.02466094184283447,0.0,0.0
2025-08-16 06:00:00+00:00,0.001707733578464472,0.02293725475807142,0.0,0.0
2025-08-16 07:00:00+00:00,0.0017571071227157865,0.014504920997887775,0.0,0.0
2025-08-16 08:00:00+00:00,0.001630612780457828,0.015730146062482204,0.0,0.0
2025-08-16 09:00:00+00:00,0.0019230329220945419,0.01874122837735706,0.0,0.0
2025-08-16 10:00:00+00:00,0.0015503323778133082,0.02640047777814131,0.0,0.0
2025-08-16 11:00:00+00:00,0.0016819046588949095,0.010523678113631562,0.0,0.0
2025-08-16 12:00:00+00:00,0.0032048365848736985,0.024167405763863403,0.0,0.0
2025-08-16 13:00:00+00:00,0.0019957591010847215,0.01995059570060565,0.0,0.0
2025-08-16 14:00:00+00:00,0.0016255314686794134,0.009744089521846121,0.0,0.0
2025-08-16 15:00:00+00:00,0.0019134546188759906,0.009951141708048335,0.0,0.0
2025-08-16 16:00:00+00:00,0.0046173269332860445,0.021487336196693286,0.0,0.0
2025-08-16 17:00:00+00:00,0.0032101306498717058,0.004663239854852697,0.0,0.0
2025-08-16 18:00:00+00:00,0.002850185588327522,0.0034556350067830844,0.0,0.0
2025-08-16 19:00:00+00:00,0.002664421070494733,0.0026437876341636572,0.0,0.0
2025-08-16 20:00:00+00:00,0.003984356897791863,0.0044733598278967855,0.0,0.0
2025-08-16 21:00:00+00:00,0.003216279328187866,0.004397444146225694,0.0,0.0
2025-08-16 22:00:00+00:00,0.005162146466469343,0.011589087873380291,0.0,0.0
2025-08-16 23:00:00+00:00,0.0047938348991023545,0.005268500571053488,0.0,0.0
2025-08-17 00:00:00+00:00,0.020110566075171154,0.009332702792783476,0.0,0.0
2025-08-17 01:00:00+00:00,0.04859911199333783,0.010998940349955966,0.0,0.0
2025-08-17 02:00:00+00:00,0.05178721241403961,0.0058335456068742365,0.0,0.0
2025-08-17 03:00:00+00:00,0.07388599059321556,0.009265838361267808,0.0,0.0
2025-08-17 04:00:00+00:00,0.11585287167699099,0.00857797598118242,0.0,0.0
2025-08-17 05:00:00+00:00,0.08721566317912126,0.009061724929955644,0.0,0.0
2025-08-17 06:00:00+00:00,0.0710920087299216,0.008330113737002773,0.0,0.0
2025-08-17 07:00:00+00:00,0.07654587279032765,0.005019200920918087,0.0,0.0
2025-08-17 08:00:00+00:00,0.1251040503234375,0.005440003651724943,0.0,0.0
2025-08-17 09:00:00+00:00,0.1274755358455861,0.007381426201710491,0.0,0.0
2025-08-17 10:00:00+00:00,0.13062616970355842,0.003259199215334005,0.0,0.0
2025-08-17 11:00:00+00:00,0.11149099376462128,0.003454592838470946,0.0,0.0
2025-08-17 12:00:00+00:00,0.08543724959960391,0.006062745702816202,0.0,0.0
2025-08-17 13:00:00+00:00,0.1131947794966323,0.006216676133008359,0.0,1.0
2025-08-17 14:00:00+00:00,0.06393203946548896,0.00704543507334503,0.0,0.0
2025-08-17 15:00:00+00:00,0.06199727131135179,0.006954171207892448,0.0,0.0
2025-08-17 16:00:00+00:00,0.052598848405521,0.022020440798549364,0.0,0.0
2025-08-17 17:00:00+00:00,0.027713427058283214,0.011765162202576411,0.0,0.0
2025-08-17 18:00:00+00:00,0.03350984994999156,0.024095201690034474,0.0,0.0
2025-08-17 19:00:00+00:00,0.02906360049657261,0.022647060272910025,0.0,0.0
2025-08-17 20:00:00+00:00,0.01736524481664649,0.006714115779861129,0.0,0.0
2025-08-17 21:00:00+00:00,0.02540331034142135,0.009691694351999338,0.0,0.0
2025-08-17 22:00:00+00:00,0.08045742267023126,0.009342154269192895,0.0,0.0
2025-08-17 23:00:00+00:00,0.03767440412661365,0.03449053200215243,0.0,0.0
2025-08-18 00:00:00+00:00,0.025966175222874335,0.02863303711038698,0.0,0.0
2025-08-18 01:00:00+00:00,0.019959431949425573,0.05340638975762854,0.0,0.0
2025-08-18 02:00:00+00:00,0.023772821833537183,0.055939527641983976,0.0,0.0
2025-08-18 03:00:00+00:00,0.02654770312908071,0.03219673981164581,0.0,0.0
2025-08-18 04:00:00+00:00,0.028170842734177897,0.0406282300059004,0.0,0.0
2025-08-18 05:00:00+00:00,0.03232317800234581,0.04804421779044551,0.0,0.0
2025-08-18 06:00:00+00:00,0.046412956062762724,0.06625114292903721,0.0,0.0
2025-08-18 07:00:00+00:00,0.04307380928269894,0.05200089116798034,0.0,0.0
2025-08-18 08:00:00+00:00,0.03153447999045773,0.047533106879569444,0.0,0.0
2025-08-18 09:00:00+00:00,0.0289148603888203,0.05427218202947575,0.0,0.0
2025-08-18 10:00:00+00:00,0.021564135641535514,0.02397791063141141,0.0,0.0
2025-08-18 11:00:00+00:00,0.03364983387505083,0.02187482200790357,0.0,0.0
2025-08-18 12:00:00+00:00,0.03991492438010951,0.05224498005605693,0.0,0.0
2025-08-18 13:00:00+00:00,0.0342986089056509,0.05343136564673309,0.0,0.0
2025-08-18 14:00:00+00:00,0.03264034098746985,0.06378262288291663,0.0,0.0
2025-08-18 15:00:00+00:00,0.033288193404227194,0.09756776654104655,0.0,0.0
2025-08-18 16:00:00+00:00,0.023414713108520908,0.12232966448337042,0.0,0.0
2025-08-18 17:00:00+00:00,0.028806784707561272,0.07840286969434308,0.0,0.0
2025-08-18 18:00:00+00:00,0.017993423971564632,0.04907753651575323,0.0,0.0
2025-08-18 19:00:00+00:00,0.023393615833154885,0.04861954755355188,0.0,0.0
2025-08-18 20:00:00+00:00,0.02089507789893565,0.04505314014993012,0.0,0.0
2025-08-18 21:00:00+00:00,0.0323162835098254,0.028083147429115402,0.0,0.0
2025-08-18 22:00:00+00:00,0.04170833599480494,0.043964564967193566,0.0,0.0
2025-08-18 23:00:00+00:00,0.0340006022359494,0.03861337015372892,0.0,0.0
2025-08-19 00:00:00+00:00,0.02299060897959028,0.028672983608832133,0.0,0.0
2025-08-19 01:00:00+00:00,0.009104116175136014,0.06895000220337658,0.0,0.0
2025-08-19 02:00:00+00:00,0.004750173101499429,0.029913388485223694,0.0,0.0
2025-08-19 03:00:00+00:00,0.010289779813187223,0.060243252625992505,0.0,0.0
2025-08-19 04:00:00+00:00,0.011299523375481927,0.038425972711982774,0.0,0.0
2025-08-19 05:00:00+00:00,0.012215509505651109,0.06233438546893141,0.0,0.0
2025-08-19 06:00:00+00:00,0.009896769112062115,0.051403968458399306,0.0,0.0
2025-08-19 07:00:00+00:00,0.009889223206815142,0.0594746838137958,0.0,0.0
2025-08-19 08:00:00+00:00,0.019389039240885725,0.04866726340486178,0.0,0.0
2025-08-19 09:00:00+00:00,0.02355816612527858,0.035287606908311946,0.0,0.0
2025-08-19 10:00:00+00:00,0.02554753495422569,0.031152820462811093,0.0,0.0
2025-08-19 11:00:00+00:00,0.032306283293858436,0.021681503380227563,0.0,0.0
2025-08-19 12:00:00+00:00,0.03737636171120209,0.032166392324767874,0.0,0.0
2025-08-19 13:00:00+00:00,0.02418126171222072,0.05153385553304657,0.0,0.0
2025-08-19 14:00:00+00:00,0.020317652467943346,0.04597551073789016,0.0,0.0
2025-08-19 15:00:00+00:00,0.013700448523252097,0.04754558541959477,0.0,0.0
2025-08-19 16:00:00+00:00,0.01552788637411637,0.0505876446168527,0.0,0.0
2025-08-19 17:00:00+00:00,0.011660561244524381,0.03874471519259193,0.0,0.0
2025-08-19 18:00:00+00:00,0.015339214838902127,0.04846226262147476,0.0,0.0
2025-08-19 19:00:00+00:00,0.017849891591742453,0.034045411285214655,0.0,0.0
2025-08-19 20:00:00+00:00,0.017274244708249818,0.038260752974794726,0.0,0.0
2025-08-19 21:00:00+00:00,0.00935538218015202,0.03091228355450847,0.0,0.0
2025-08-19 22:00:00+00:00,0.01471775454470342,0.05096690326255245,0.0,0.0
2025-08-19 23:00:00+00:00,0.01286098904436197,0.05155909430886857,0.0,0.0
2025-08-20 00:00:00+00:00,0.026754998560193404,0.04660975915831484,0.0,0.0
2025-08-20 01:00:00+00:00,0.026830803742893695,0.05952675227255525,0.0,0.0
2025-08-20 02:00:00+00:00,0.03247586299284443,0.04208346877989364,0.0,0.0
2025-08-20 03:00:00+00:00,0.019720782956919525,0.038583965558761334,0.0,0.0
2025-08-20 04:00:00+00:00,0.02464643992320711,0.02383518711853831,0.0,0.0
2025-08-20 05:00:00+00:00,0.020908967568399012,0.03300242295959926,0.0,0.0
2025-08-20 06:00:00+00:00,0.021430041729504957,0.018502555482295086,0.0,0.0
2025-08-20 07:00:00+00:00,0.024016310885882696,0.01871845190414882,0.0,0.0
2025-08-20 08:00:00+00:00,0.0369253689729723,0.03459516229764733,0.0,0.0
2025-08-20 09:00:00+00:00,0.022580840888199533,0.025803140640035305,0.0,0.0
2025-08-20 10:00:00+00:00,0.02073180462405946,0.02228910123560207,0.0,0.0
2025-08-20 11:00:00+00:00,0.020741927852374015,0.02706122747539631,0.0,0.0
2025-08-20 12:00:00+00:00,0.019704946478894227,0.029371638043037645,0.0,0.0
2025-08-20 13:00:00+00:00,0.015903973061681325,0.03371589356377369,0.0,0.0
2025-08-20 14:00:00+00:00,0.005211602415632004,0.031647512463418674,0.0,0.0
2025-08-20 15:00:00+00:00,0.006804214546481318,0.03380106239974532,0.0,0.0
2025-08-20 16:00:00+00:00,0.004379322600218804,0.057796239802729514,0.0,0.0
2025-08-20 17:00:00+00:00,0.004186353887125221,0.035394261125991366,0.0,0.0
2025-08-20 18:00:00+00:00,0.004738844766205475,0.03804150325728711,0.0,0.0
2025-08-20 19:00:00+00:00,0.005006032233205539,0.030354113498810315,0.0,0.0
2025-08-20 20:00:00+00:00,0.004716547909422747,0.03554862791825156,0.0,0.0
2025-08-20 21:00:00+00:00,0.006761095162732052,0.018147558188418348,0.0,0.0
2025-08-20 22:00:00+00:00,0.010962717721908983,0.029490972520417935,0.0,0.0
2025-08-20 23:00:00+00:00,0.011720375930665355,0.012316509333272415,0.0,0.0
2025-08-21 00:00:00+00:00,0.03377693051010137,0.012013052926360152,0.0,0.0
2025-08-21 01:00:00+00:00,0.03297229214256483,0.012579624604610934,0.0,0.0
2025-08-21 02:00:00+00:00,0.028653125992340142,0.01801006387737648,0.0,0.0
2025-08-21 03:00:00+00:00,0.020566865919143328,0.015764463616881497,0.0,0.0
2025-08-21 04:00:00+00:00,0.021364157794230055,0.007015852499421733,0.0,0.0
2025-08-21 05:00:00+00:00,0.033054625365291364,0.010915238253237326,0.0,0.0
2025-08-21 06:00:00+00:00,0.04495538078742617,0.016490082036827527,0.0,0.0
2025-08-21 07:00:00+00:00,0.058032158126390315,0.012477542443014605,0.0,0.0
2025-08-21 08:00:00+00:00,0.03495206943068795,0.007704788909971771,0.0,0.0
2025-08-21 09:00:00+00:00,0.028592752818531863,0.010109334818564427,0.0,0.0
2025-08-21 10:00:00+00:00,0.036210382343368604,0.006424692936705484,0.0,0.0
2025-08-21 11:00:00+00:00,0.047670258095387615,0.011920722671480798,0.0,0.0
2025-08-21 12:00:00+00:00,0.05485450008221205,0.007622284580088463,0.0,0.0
2025-08-21 13:00:00+00:00,0.06037684464152792,0.020812122538026116,0.0,0.0
2025-08-21 14:00:00+00:00,0.05576796992500802,0.012380439916134231,0.0,0.0
2025-08-21 15:00:00+00:00,0.06151327977138765,0.018817852334373303,1.0,0.0
2025-08-21 16:00:00+00:00,0.04360428862482931,0.016088766472517585,1.0,0.0
2025-08-21 17:00:00+00:00,0.03574467718562891,0.018097764402605857,1.0,0.0
2025-08-21 18:00:00+00:00,0.018572198969392936,0.009650696560787769,1.0,0.0
2025-08-21 19:00:00+00:00,0.020682751203687018,0.010637426000309714,1.0,0.0
2025-08-21 20:00:00+00:00,0.01760836251604889,0.010096027307436065,1.0,0.0
2025-08-21 21:00:00+00:00,0.02563829721765838,0.011522957857910425,1.0,0.0
2025-08-21 22:00:00+00:00,0.011899069069568878,0.006114530950140691,1.0,0.0
2025-08-21 23:00:00+00:00,0.011896645402642486,0.008400426552388636,1.0,0.0
2025-08-22 00:00:00+00:00,0.017810182572034684,0.007311268576855097,1.0,0.0
2025-08-22 01:00:00+00:00,0.03565098718441876,0.006471196431499129,1.0,0.0
2025-08-22 02:00:00+00:00,0.03248040213542575,0.017356297566514762,0.0,0.0
2025-08-22 03:00:00+00:00,0.019401593296628227,0.006517495931366729,0.0,0.0
2025-08-22 04:00:00+00:00,0.014404874650620922,0.007045031325342714,0.0,0.0
2025-08-22 05:00:00+00:00,0.022895638447224313,0.007601677945246595,0.0,0.0
2025-08-22 06:00:00+00:00,0.015468677044235435,0.010768448394167981,0.0,0.0
2025-08-22 07:00:00+00:00,0.012355735904326334,0.011580186753819883,0.0,0.0
2025-08-22 08:00:00+00:00,0.009378452222405423,0.005605510703227082,0.0,0.0
2025-08-22 09:00:00+00:00,0.012011917542124955,0.007593103208292433,0.0,0.0
2025-08-22 10:00:00+00:00,0.008887405819211942,0.005936085944620486,0.0,0.0
2025-08-22 11:00:00+00:00,0.005187904422425799,0.009851530283295612,0.0,0.0
2025-08-22 12:00:00+00:00,0.009530636968124133,0.011931287171359632,0.0,0.0
2025-08-22 13:00:00+00:00,0.01109626410859102,0.016665513994949782,0.0,0.0
2025-08-22 14:00:00+00:00,0.04531800823228798,0.01267452814826047,0.0,0.0
2025-08-22 15:00:00+00:00,0.050892583196601636,0.02252615801890957,0.0,0.0
2025-08-22 16:00:00+00:00,0.038742054694901946,0.01863495352111044,0.0,0.0
2025-08-22 17:00:00+00:00,0.026808831533409794,0.02466690136667186,0.0,0.0
2025-08-22 18:00:00+00:00,0.01946095034218778,0.01538726271539137,0.0,0.0
2025-08-22 19:00:00+00:00,0.010664543633974703,0.02351284900906939,0.0,0.0
2025-08-22 20:00:00+00:00,0.006782249334694481,0.013999361507372141,0.0,0.0
2025-08-22 21:00:00+00:00,0.005262118749302925,0.005242923387037379,0.0,0.0
2025-08-22 22:00:00+00:00,0.011300394290758216,0.004857402550590425,0.0,0.0
2025-08-22 23:00:00+00:00,0.010700584305905862,0.004382662635733726,0.0,0.0
2025-08-23 00:00:00+00:00,0.028174848611805248,0.013223242658529283,0.0,0.0
2025-08-23 01:00:00+00:00,0.021723181839188782,0.036833173405578866,0.0,0.0
2025-08-23 02:00:00+00:00,0.022698570919851762,0.043010350022959866,0.0,0.0
2025-08-23 03:00:00+00:00,0.011474609771098982,0.03033112703299525,0.0,0.0
2025-08-23 04:00:00+00:00,0.021060164782193646,0.03103760038024124,0.0,0.0
2025-08-23 05:00:00+00:00,0.02185678811898972,0.03290733235625695,0.0,0.0
2025-08-23 06:00:00+00:00,0.01656740489347357,0.03675938801029008,0.0,0.0
2025-08-23 07:00:00+00:00,0.020025796485978974,0.03079098747830379,0.0,0.0
2025-08-23 08:00:00+00:00,0.022755415814751923,0.023833804674886216,0.0,0.0
2025-08-23 09:00:00+00:00,0.030983849800012685,0.022290116864002996,0.0,0.0
2025-08-23 10:00:00+00:00,0.13844744695330816,0.013379346712745188,0.0,0.0
2025-08-23 11:00:00+00:00,0.1653656824162599,0.02911754763394946,0.0,0.0
2025-08-23 12:00:00+00:00,0.13532846795600473,0.023509881383540345,0.0,0.0
2025-08-23 13:00:00+00:00,0.18711330530887427,0.04008125403854204,0.0,0.0
2025-08-23 14:00:00+00:00,0.07978991852711094,0.01236955406310195,0.0,0.0
2025-08-23 15:00:00+00:00,0.10404090251466952,0.012734793711809057,0.0,0.0
2025-08-23 16:00:00+00:00,0.09754859833483316,0.009784192639225468,0.0,0.0
2025-08-23 17:00:00+00:00,0.0674688264297826,0.007743529144159912,0.0,0.0
2025-08-23 18:00:00+00:00,0.05703107093978003,0.004330350773685122,0.0,0.0
2025-08-23 19:00:00+00:00,0.04962883849821198,0.003745167225923607,0.0,0.0
2025-08-23 20:00:00+00:00,0.06603479363687938,0.003784506183990266,0.0,0.0
2025-08-23 21:00:00+00:00,0.044447083207031717,0.006624162279557065,0.0,0.0
2025-08-23 22:00:00+00:00,0.054855597268311386,0.003988607243236728,0.0,0.0
2025-08-23 23:00:00+00:00,0.05405248481169971,0.010279461587177524,0.0,0.0
2025-08-24 00:00:00+00:00,0.16412049228757195,0.027597822533311958,0.0,0.0
2025-08-24 01:00:00+00:00,0.16920783969387299,0.02396894926650236,0.0,0.0
2025-08-24 02:00:00+00:00,0.08655629242467798,0.022748823730865828,0.0,0.0
2025-08-24 03:00:00+00:00,0.06599803086289485,0.023361651184572885,0.0,0.0
2025-08-24 04:00:00+00:00,0.07313892915254548,0.018273033155414852,0.0,0.0
2025-08-24 05:00:00+00:00,0.05000051124643282,0.018757017091745484,0.0,0.0
2025-08-24 06:00:00+00:00,0.046907382585657,0.017755582815426236,0.0,0.0
2025-08-24 07:00:00+00:00,0.044749031355754164,0.008519143963337746,0.0,0.0
2025-08-24 08:00:00+00:00,0.04107202243152356,0.02159602754531591,0.0,0.0
2025-08-24 09:00:00+00:00,0.06343990660633957,0.016945556520406784,0.0,0.0
2025-08-24 10:00:00+00:00,0.04910834691880416,0.010967901542205456,0.0,1.0
2025-08-24 11:00:00+00:00,0.0519463347587335,0.010875721309290973,0.0,0.0
2025-08-24 12:00:00+00:00,0.05029245338319366,0.012111942021883822,0.0,0.0
2025-08-24 13:00:00+00:00,0.031861586349481066,0.011508426934276316,0.0,0.0
2025-08-24 14:00:00+00:00,0.023266325845906006,0.022361644680364296,0.0,0.0
2025-08-24 15:00:00+00:00,0.020704422506291717,0.017028599575691417,0.0,0.0
2025-08-24 16:00:00+00:00,0.01489602574118369,0.016854476322911528,0.0,0.0
2025-08-24 17:00:00+00:00,0.022547040102469412,0.028521333508334596,0.0,0.0
2025-08-24 18:00:00+00:00,0.05136708420909578,0.028585827840677213,0.0,0.0
2025-08-24 19:00:00+00:00,0.035057060068834196,0.017421103447238212,0.0,0.0
2025-08-24 20:00:00+00:00,0.035060083704837326,0.027119013511723356,0.0,0.0
2025-08-24 21:00:00+00:00,0.03087903763604972,0.06847503900419218,0.0,0.0
2025-08-24 22:00:00+00:00,0.058968152255618266,0.07879561803027897,0.0,0.0
2025-08-24 23:00:00+00:00,0.06503196286249731,0.10174832506936693,0.0,0.0
2025-08-25 00:00:00+00:00,0.059601408788301224,0.06035461656777571,0.0,0.0
2025-08-25 01:00:00+00:00,0.05526681139232622,0.06480748847494452,0.0,0.0
2025-08-25 02:00:00+00:00,0.021401146436170363,0.044956137820321866,0.0,0.0
2025-08-25 03:00:00+00:00,0.02256107347667874,0.04959078742133367,0.0,0.0
2025-08-25 04:00:00+00:00,0.018404258389430574,0.048314538520455086,0.0,0.0
2025-08-25 05:00:00+00:00,0.03807627527088734,0.07805145270194026,0.0,0.0
2025-08-25 06:00:00+00:00,0.03840047381299114,0.08936300189967662,0.0,0.0
2025-08-25 07:00:00+00:00,0.041972258873750445,0.04769788846889303,0.0,0.0
2025-08-25 08:00:00+00:00,0.03278685049572445,0.061351093918728415,0.0,0.0
2025-08-25 09:00:00+00:00,0.03520788619201352,0.08008721023319525,0.0,0.0
2025-08-25 10:00:00+00:00,0.04936345326049649,0.07490541013353151,0.0,0.0
2025-08-25 11:00:00+00:00,0.023949970761520858,0.08083517898624064,0.0,0.0
2025-08-25 12:00:00+00:00,0.02459044749933233,0.10061751159111394,0.0,0.0
2025-08-25 13:00:00+00:00,0.031128736848478097,0.17238104705100485,0.0,0.0
2025-08-25 14:00:00+00:00,0.030475404016608438,0.11711799015586861,0.0,0.0
2025-08-25 15:00:00+00:00,0.029923069981189765,0.09414374833232197,0.0,0.0
2025-08-25 16:00:00+00:00,0.031582443163223624,0.12248420213851778,0.0,0.0
2025-08-25 17:00:00+00:00,0.022440070015690497,0.09856842596838729,0.0,0.0
2025-08-25 18:00:00+00:00,0.01918324673102657,0.05455187636141882,0.0,0.0
2025-08-25 19:00:00+00:00,0.01221616635028659,0.05160508704015704,0.0,0.0
2025-08-25 20:00:00+00:00,0.017448677010246275,0.05351399092267541,0.0,0.0
2025-08-25 21:00:00+00:00,0.02391140655153559,0.03618327164619928,0.0,0.0
2025-08-25 22:00:00+00:00,0.020093261619162268,0.09510458854476898,0.0,0.0
2025-08-25 23:00:00+00:00,0.02263254490757242,0.08783061438360129,0.0,0.0
2025-08-26 00:00:00+00:00,0.02795704328866243,0.05008456076872844,0.0,0.0
2025-08-26 01:00:00+00:00,0.024094347364513432,0.06967705599184984,0.0,0.0
2025-08-26 02:00:00+00:00,0.015299208387518254,0.05171592526552219,0.0,0.0
2025-08-26 03:00:00+00:00,0.012241080136162897,0.060324776574317195,0.0,0.0
2025-08-26 04:00:00+00:00,0.012493161002870559,0.07105094712429931,0.0,0.0
2025-08-26 05:00:00+00:00,0.023797769296970916,0.053598082378451976,0.0,0.0
2025-08-26 06:00:00+00:00,0.024712764395089848,0.06993385877322662,0.0,0.0
2025-08-26 07:00:00+00:00,0.0181787776510325,0.05711511576783366,0.0,0.0
2025-08-26 08:00:00+00:00,0.019893160377035164,0.06418681647383224,0.0,0.0
2025-08-26 09:00:00+00:00,0.018747731844052366,0.08643765753650749,0.0,0.0
2025-08-26 10:00:00+00:00,0.014803610243353795,0.05750657448767047,0.0,0.0
2025-08-26 11:00:00+00:00,0.01608681911711657,0.11001378786923795,0.0,0.0
2025-08-26 12:00:00+00:00,0.017364375288123523,0.13273668055969784,0.0,0.0
2025-08-26 13:00:00+00:00,0.012328911453698688,0.13626187236761958,0.0,0.0
2025-08-26 14:00:00+00:00,0.011662008222287771,0.1520555903979843,0.0,0.0
2025-08-26 15:00:00+00:00,0.009853351822337458,0.08455940783088105,0.0,0.0
2025-08-26 16:00:00+00:00,0.008083070686943703,0.09446609166468013,0.0,0.0
2025-08-26 17:00:00+00:00,0.010199540188435169,0.11943364112760173,0.0,0.0
2025-08-26 18:00:00+00:00,0.010260769803406372,0.1081035695399394,0.0,0.0
2025-08-26 19:00:00+00:00,0.003818614739010146,0.09639076460269703,0.0,0.0
2025-08-26 20:00:00+00:00,0.0027176127504989233,0.05250866105218215,0.0,0.0
2025-08-26 21:00:00+00:00,0.003349240374804567,0.030040995420166115,0.0,0.0
2025-08-26 22:00:00+00:00,0.005045907560712672,0.03423239632639828,0.0,0.0
2025-08-26 23:00:00+00:00,0.005577364921507798,0.03522621132942835,0.0,0.0
2025-08-27 00:00:00+00:00,0.0027336914964603506,0.019890767561065337,0.0,0.0
2025-08-27 01:00:00+00:00,0.003092143346679623,0.014044580083970264,0.0,0.0
2025-08-27 02:00:00+00:00,0.004064612046097717,0.011293925906445262,0.0,0.0
2025-08-27 03:00:00+00:00,0.007155032530160521,0.018816475547447444,0.0,0.0
2025-08-27 04:00:00+00:00,0.006891772637965604,0.009188572436472166,0.0,0.0
2025-08-27 05:00:00+00:00,0.00814945291062014,0.007192347949049362,0.0,0.0
2025-08-27 06:00:00+00:00,0.006312975085234959,0.006733683904111328,0.0,0.0
2025-08-27 07:00:00+00:00,0.006969767709249071,0.016391912798243067,0.0,0.0
2025-08-27 08:00:00+00:00,0.008225284060394878,0.017624624434018535,0.0,0.0
2025-08-27 09:00:00+00:00,0.006747095638138569,0.008868262000026479,0.0,0.0
2025-08-27 10:00:00+00:00,0.008000805462667557,0.010919909025907495,0.0,0.0
2025-08-27 11:00:00+00:00,0.008041866249026705,0.008411289017542222,0.0,0.0
2025-08-27 12:00:00+00:00,0.013157790972999371,0.01001395402210479,0.0,0.0
2025-08-27 13:00:00+00:00,0.01030358954225557,0.019752340637051894,0.0,0.0
2025-08-27 14:00:00+00:00,0.012589573279241588,0.017110578587119063,0.0,0.0
2025-08-27 15:00:00+00:00,0.008958452066279477,0.010142406515789293,0.0,0.0
2025-08-27 16:00:00+00:00,0.009490676611740483,0.009184372084903471,0.0,0.0
2025-08-27 17:00:00+00:00,0.010708322206434319,0.004719185598045434,0.0,0.0
2025-08-27 18:00:00+00:00,0.007027962963420984,0.005096020678463076,0.0,0.0
2025-08-27 19:00:00+00:00,0.009216105474304586,0.010220217342229762,0.0,0.0
2025-08-27 20:00:00+00:00,0.013088592063278991,0.010787257440072197,0.0,0.0
2025-08-27 21:00:00+00:00,0.0076561391978752545,0.023235009276081898,0.0,0.0
2025-08-27 22:00:00+00:00,0.006579589732648419,0.014563914431731046,0.0,0.0
2025-08-27 23:00:00+00:00,0.007548570743862587,0.016547867974231953,0.0,0.0
2025-08-28 00:00:00+00:00,0.016507061079533532,0.008318986388515163,0.0,0.0
2025-08-28 01:00:00+00:00,0.01622223062014806,0.0067771308077432466,0.0,0.0
2025-08-28 02:00:00+00:00,0.013000616199401488,0.002115528572041803,0.0,0.0
2025-08-28 03:00:00+00:00,0.029652358196824113,0.0030111248315548306,0.0,0.0
2025-08-28 04:00:00+00:00,0.03894502545816382,0.009221351141408245,0.0,0.0
2025-08-28 05:00:00+00:00,0.02719559793067779,0.003930036531386208,0.0,0.0
2025-08-28 06:00:00+00:00,0.026183097924378954,0.004577320898321442,0.0,0.0
2025-08-28 07:00:00+00:00,0.017597111962502465,0.006329226800965614,0.0,0.0
2025-08-28 08:00:00+00:00,0.013504323735877366,0.00831059013542727,0.0,0.0
2025-08-28 09:00:00+00:00,0.014581870843075233,0.003017418231510883,0.0,0.0
2025-08-28 10:00:00+00:00,0.020155859131623318,0.005583101095023003,0.0,0.0
2025-08-28 11:00:00+00:00,0.016745509181787802,0.0029763005049122412,0.0,0.0
2025-08-28 12:00:00+00:00,0.0286066853074429,0.007357210595005325,0.0,0.0
2025-08-28 13:00:00+00:00,0.01958747367172908,0.008321989523011978,0.0,0.0
2025-08-28 14:00:00+00:00,0.023180076859454123,0.014901099318290973,0.0,1.0
2025-08-28 15:00:00+00:00,0.019115204766624302,0.010700803146655983,0.0,1.0
2025-08-28 16:00:00+00:00,0.015470366881654535,0.012807377649101323,0.0,0.0
2025-08-28 17:00:00+00:00,0.016660146475621498,0.00729274166625257,0.0,1.0
2025-08-28 18:00:00+00:00,0.011428562712472515,0.007791383427389723,0.0,1.0
2025-08-28 19:00:00+00:00,0.014316623668765793,0.004616728971945933,0.0,0.0
2025-08-28 20:00:00+00:00,0.008864853601183302,0.006475189815013022,0.0,1.0
2025-08-28 21:00:00+00:00,0.007777996032971864,0.0027647331439517964,0.0,0.0
2025-08-28 22:00:00+00:00,0.011973657025148856,0.008764372887023222,0.0,1.0
2025-08-28 23:00:00+00:00,0.017437363402313825,0.006236788112344065,0.0,1.0
2025-08-29 00:00:00+00:00,0.030234581282086895,0.007906866273025417,0.0,1.0
2025-08-29 01:00:00+00:00,0.0223906968867229,0.027511206980007936,0.0,1.0
2025-08-29 02:00:00+00:00,0.013890715800881396,0.02371076099625327,0.0,0.0
2025-08-29 03:00:00+00:00,0.01746155335077076,0.02363483985575378,0.0,0.0
2025-08-29 04:00:00+00:00,0.007765206964696907,0.012878863749482513,0.0,0.0
2025-08-29 05:00:00+00:00,0.008899771530618463,0.016116944357526038,0.0,0.0
2025-08-29 06:00:00+00:00,0.00823767737535538,0.010137588943763433,0.0,0.0
2025-08-29 07:00:00+00:00,0.012494228310572349,0.0310322382138664,0.0,0.0
2025-08-29 08:00:00+00:00,0.0068340019073982365,0.02659763950638803,0.0,0.0
2025-08-29 09:00:00+00:00,0.005698143297121916,0.03842250280801418,0.0,0.0
2025-08-29 10:00:00+00:00,0.004805742057289067,0.03402486175831446,0.0,0.0
2025-08-29 11:00:00+00:00,0.007890445316528133,0.037449214081874335,0.0,0.0
2025-08-29 12:00:00+00:00,0.040603553660621454,0.03549146986356342,0.0,0.0
2025-08-29 13:00:00+00:00,0.04259374332741972,0.018133686878001275,0.0,0.0
2025-08-29 14:00:00+00:00,0.025285685510236782,0.027932846354136658,0.0,0.0
2025-08-29 15:00:00+00:00,0.011036779076478228,0.03485646700532534,0.0,0.0
2025-08-29 16:00:00+00:00,0.011368123711234544,0.05016713121746588,0.0,0.0
2025-08-29 17:00:00+00:00,0.018002935238954725,0.031555188577379295,0.0,0.0
2025-08-29 18:00:00+00:00,0.01952751283306903,0.018623664564701877,0.0,0.0
2025-08-29 19:00:00+00:00,0.02458290773117162,0.0165350270180657,0.0,0.0
2025-08-29 20:00:00+00:00,0.022359237890160217,0.03533304279130574,0.0,0.0
2025-08-29 21:00:00+00:00,0.01666836271195209,0.018148899223821114,0.0,0.0
2025-08-29 22:00:00+00:00,0.011962867695820632,0.020771273780890564,0.0,0.0
2025-08-29 23:00:00+00:00,0.010913651937673276,0.0345921062962457,0.0,0.0
2025-08-30 00:00:00+00:00,0.019492622401457497,0.09891493472462727,0.0,0.0
2025-08-30 01:00:00+00:00,0.014992517352146672,0.07431355035018865,0.0,0.0
2025-08-30 02:00:00+00:00,0.013110045070207894,0.10349844849934443,0.0,0.0
2025-08-30 03:00:00+00:00,0.01518123776926116,0.06266770798091799,0.0,0.0
2025-08-30 04:00:00+00:00,0.011438010776292572,0.08184526119764679,0.0,0.0
2025-08-30 05:00:00+00:00,0.0123562784990918,0.10818981442661957,0.0,0.0
2025-08-30 06:00:00+00:00,0.008094605476544075,0.04102444470370325,0.0,0.0
2025-08-30 07:00:00+00:00,0.006961521796260216,0.059028480695137046,0.0,0.0
2025-08-30 08:00:00+00:00,0.005990228098249572,0.024099209700956636,0.0,0.0
2025-08-30 09:00:00+00:00,0.004942315345934715,0.017653821591978085,0.0,0.0
2025-08-30 10:00:00+00:00,0.007312414333680344,0.02078878423500252,0.0,0.0
2025-08-30 11:00:00+00:00,0.010803255552312097,0.02616818742282216,0.0,0.0
2025-08-30 12:00:00+00:00,0.01405017951365588,0.024904571921521495,0.0,0.0
2025-08-30 13:00:00+00:00,0.0033881417506293264,0.03793755874067429,0.0,0.0
2025-08-30 14:00:00+00:00,0.0011473125417314762,0.016157959723127373,0.0,0.0
2025-08-30 15:00:00+00:00,0.0021617900013551432,0.019732929075489968,0.0,0.0
2025-08-30 16:00:00+00:00,0.0015736139741607015,0.0142916767508254,0.0,0.0
2025-08-30 17:00:00+00:00,0.0019036128222748858,0.013946790216962041,0.0,0.0
2025-08-30 18:00:00+00:00,0.0012556484315284515,0.008668794299080304,0.0,0.0
2025-08-30 19:00:00+00:00,0.0022532132094764666,0.010320354605424943,0.0,0.0
2025-08-30 20:00:00+00:00,0.0012257673909463263,0.009873733603924238,0.0,0.0
2025-08-30 21:00:00+00:00,0.0012809244022316654,0.010195945587043105,0.0,0.0
2025-08-30 22:00:00+00:00,0.0016049526553097758,0.009015269015394024,0.0,0.0
2025-08-30 23:00:00+00:00,0.007406749738968574,0.0066998075068755054,0.0,0.0
2025-08-31 00:00:00+00:00,0.022752362058493986,0.018188868881138427,0.0,0.0
2025-08-31 01:00:00+00:00,0.013687690038565695,0.012391240810953422,0.0,0.0
2025-08-31 02:00:00+00:00,0.010805444322493649,0.019374113500435424,0.0,0.0
2025-08-31 03:00:00+00:00,0.011728125954330733,0.014958538385407153,0.0,0.0
2025-08-31 04:00:00+00:00,0.011393860214659726,0.031929401460205814,0.0,0.0
2025-08-31 05:00:00+00:00,0.012351212139994799,0.012392150911288834,0.0,0.0
2025-08-31 06:00:00+00:00,0.010840620564351236,0.008762592473367062,0.0,0.0
2025-08-31 07:00:00+00:00,0.010438981649837123,0.01461429159301608,0.0,0.0
2025-08-31 08:00:00+00:00,0.019922437026031012,0.011553242790393705,0.0,0.0
2025-08-31 09:00:00+00:00,0.013195291632392971,0.025558522078827833,0.0,0.0
2025-08-31 10:00:00+00:00,0.009694113354982622,0.030165486172226003,0.0,0.0
2025-08-31 11:00:00+00:00,0.010962977204390462,0.03126892844569231,0.0,0.0
2025-08-31 12:00:00+00:00,0.008806635361326537,0.03709255294081778,0.0,0.0
2025-08-31 13:00:00+00:00,0.011423268574052327,0.03616847502085143,0.0,0.0
2025-08-31 14:00:00+00:00,0.015738796327107462,0.027883023205172126,0.0,0.0
2025-08-31 15:00:00+00:00,0.022207825823977418,0.021425769859132752,0.0,0.0
2025-08-31 16:00:00+00:00,0.032657105820564615,0.03318667884497004,0.0,0.0
2025-08-31 17:00:00+00:00,0.024617294356294686,0.007416363090991898,0.0,0.0
2025-08-31 18:00:00+00:00,0.03347259058179844,0.011634858541297146,0.0,0.0
2025-08-31 19:00:00+00:00,0.014177802335765275,0.008487906037719784,0.0,0.0
2025-08-31 20:00:00+00:00,0.03800787322398873,0.0071947442942488435,0.0,0.0
2025-08-31 21:00:00+00:00,0.02708404402750748,0.010890877208271818,0.0,0.0
2025-08-31 22:00:00+00:00,0.026714974731104412,0.019169718123272488,0.0,0.0
2025-08-31 23:00:00+00:00,0.020985536729750055,0.06330032058517869,0.0,0.0
2025-09-01 00:00:00+00:00,0.006577511787950723,0.029748504350462435,0.0,0.0
2025-09-01 01:00:00+00:00,0.005517272423718936,0.031074760208858746,0.0,0.0
2025-09-01 02:00:00+00:00,0.004652271253997187,0.053305460416110506,0.0,0.0
2025-09-01 03:00:00+00:00,0.0040523509133479066,0.029704663988214683,0.0,0.0
2025-09-01 04:00:00+00:00,0.0046920661430311416,0.03531253429036031,0.0,0.0
2025-09-01 05:00:00+00:00,0.007053436716994224,0.03621453780609712,0.0,0.0
2025-09-01 06:00:00+00:00,0.0062952697129456045,0.04187030809001149,0.0,0.0
2025-09-01 07:00:00+00:00,0.014374726049101491,0.022586671554562843,0.0,0.0
2025-09-01 08:00:00+00:00,0.01244976096684799,0.027257396185322136,0.0,0.0
2025-09-01 09:00:00+00:00,0.008893253649241999,0.026647446104099092,0.0,0.0
2025-09-01 10:00:00+00:00,0.006016467613314837,0.038915957625695115,0.0,0.0
2025-09-01 11:00:00+00:00,0.004233233228171517,0.03812567072109884,0.0,0.0
2025-09-01 12:00:00+00:00,0.0075418205655529945,0.038755235992002805,0.0,0.0
2025-09-01 13:00:00+00:00,0.007116387511769763,0.06425623568681953,0.0,0.0
2025-09-01 14:00:00+00:00,0.006559709448602878,0.04002601328027241,0.0,0.0
2025-09-01 15:00:00+00:00,0.012310902643567911,0.04226439012861133,0.0,0.0
2025-09-01 16:00:00+00:00,0.009135231844711456,0.020558144652630377,0.0,0.0
2025-09-01 17:00:00+00:00,0.011318324202441223,0.04763542345370884,0.0,0.0
2025-09-01 18:00:00+00:00,0.011091436972820362,0.027930320529957992,0.0,0.0
2025-09-01 19:00:00+00:00,0.007322254811579494,0.023906932162779657,0.0,0.0
2025-09-01 20:00:00+00:00,0.014315192548922953,0.06748701400432304,0.0,0.0
2025-09-01 21:00:00+00:00,0.014503800443093491,0.05823194526876946,0.0,0.0
2025-09-01 22:00:00+00:00,0.01035651117939493,0.03797903194831606,0.0,0.0
2025-09-01 23:00:00+00:00,0.009681601386906095,0.058269178229228565,0.0,0.0
2025-09-02 00:00:00+00:00,0.0027136806842781923,0.061679810984804205,0.0,0.0
2025-09-02 01:00:00+00:00,0.0033727800733750674,0.059683408976775286,0.0,0.0
2025-09-02 02:00:00+00:00,0.005557427460560487,0.02278697021579242,0.0,0.0
2025-09-02 03:00:00+00:00,0.010936414998353398,0.04789910822208957,0.0,0.0
2025-09-02 04:00:00+00:00,0.007406628644645026,0.031211454236396135,0.0,0.0
2025-09-02 05:00:00+00:00,0.007753249048993195,0.012786912859388789,0.0,0.0
2025-09-02 06:00:00+00:00,0.012165704627493118,0.02643117479625078,0.0,0.0
2025-09-02 07:00:00+00:00,0.01551328197150989,0.021291586541297786,0.0,0.0
2025-09-02 08:00:00+00:00,0.01576714776970904,0.022466927468169733,0.0,0.0
2025-09-02 09:00:00+00:00,0.015940735369052654,0.01863069935752554,0.0,0.0
2025-09-02 10:00:00+00:00,0.00863847264513379,0.019476580647763482,0.0,0.0
2025-09-02 11:00:00+00:00,0.005769007649030132,0.03180501629879084,0.0,0.0
2025-09-02 12:00:00+00:00,0.006762165240951314,0.038866971699508895,0.0,0.0
2025-09-02 13:00:00+00:00,0.007740359491672357,0.03919629371917685,0.0,0.0
2025-09-02 14:00:00+00:00,0.006756832503412499,0.08212661736951622,0.0,0.0
2025-09-02 15:00:00+00:00,0.005529660041635298,0.04915840224921068,0.0,0.0
2025-09-02 16:00:00+00:00,0.0049237550441583915,0.07339959770185943,0.0,0.0
2025-09-02 17:00:00+00:00,0.009165304324870314,0.038559955454704746,0.0,0.0
2025-09-02 18:00:00+00:00,0.012957977393008023,0.038643246912371955,0.0,0.0
2025-09-02 19:00:00+00:00,0.005446262538811024,0.032113080096319295,0.0,0.0
2025-09-02 20:00:00+00:00,0.008095999061431384,0.012580607881423941,0.0,0.0
2025-09-02 21:00:00+00:00,0.010865120888229085,0.015273020883605099,0.0,0.0
2025-09-02 22:00:00+00:00,0.019853778472514835,0.022802964152571673,0.0,0.0
2025-09-02 23:00:00+00:00,0.021513749653903593,0.03943910069976516,0.0,0.0
2025-09-03 00:00:00+00:00,0.013345339650771885,0.03450523501999058,0.0,0.0
2025-09-03 01:00:00+00:00,0.017583887753606874,0.02748036499107644,0.0,0.0
2025-09-03 02:00:00+00:00,0.02007453178119568,0.017533928345455585,0.0,0.0
2025-09-03 03:00:00+00:00,0.02285110283438571,0.018692875487012307,0.0,0.0
2025-09-03 04:00:00+00:00,0.02412093030393325,0.01957129912642354,0.0,0.0
2025-09-03 05:00:00+00:00,0.020969751933211225,0.015980822305738832,0.0,0.0
2025-09-03 06:00:00+00:00,0.02348642515065036,0.02631868386830616,0.0,0.0
2025-09-03 07:00:00+00:00,0.032724290849177974,0.033780610157034784,0.0,0.0
2025-09-03 08:00:00+00:00,0.02303941422803904,0.013749034533565746,0.0,0.0
2025-09-03 09:00:00+00:00,0.13966146406850402,0.02155225048457557,0.0,0.0
2025-09-03 10:00:00+00:00,0.13590524204071916,0.019825851306079743,0.0,0.0
2025-09-03 11:00:00+00:00,0.13192689291300996,0.01298331597515294,0.0,0.0
2025-09-03 12:00:00+00:00,0.09992799855971285,0.016322695259225656,0.0,0.0
2025-09-03 13:00:00+00:00,0.037869909095506894,0.015217429993723062,0.0,0.0
2025-09-03 14:00:00+00:00,0.03298101385778352,0.015252178545532588,0.0,0.0
2025-09-03 15:00:00+00:00,0.03244292995568355,0.018312340090373375,0.0,0.0
2025-09-03 16:00:00+00:00,0.02986291094695818,0.012267547198446069,0.0,0.0
2025-09-03 17:00:00+00:00,0.03603594678485834,0.020245407442040644,0.0,0.0
2025-09-03 18:00:00+00:00,0.028451232973708208,0.0146261108107724,0.0,0.0
2025-09-03 19:00:00+00:00,0.017964638426405815,0.011801095852102442,0.0,0.0
2025-09-03 20:00:00+00:00,0.021147239335384593,0.006347283922369066,0.0,0.0
2025-09-03 21:00:00+00:00,0.01909045450577489,0.007374166262424276,0.0,0.0
2025-09-03 22:00:00+00:00,0.02630942736668607,0.005464757269560468,0.0,0.0
2025-09-03 23:00:00+00:00,0.02577692450158371,0.009866810371832275,0.0,0.0
2025-09-04 00:00:00+00:00,0.04194388623002434,0.004685172927203102,0.0,0.0
2025-09-04 01:00:00+00:00,0.0342684456052219,0.00470389189934487,0.0,0.0
2025-09-04 02:00:00+00:00,0.021438631829834645,0.007162875531493754,0.0,0.0
2025-09-04 03:00:00+00:00,0.018752080898133756,0.0103892722884067,0.0,0.0
2025-09-04 04:00:00+00:00,0.010751461674466665,0.0074107965287832115,0.0,0.0
2025-09-04 05:00:00+00:00,0.009043385001470467,0.00943923869222108,0.0,0.0
2025-09-04 06:00:00+00:00,0.007704306087121746,0.007681111211495462,0.0,0.0
2025-09-04 07:00:00+00:00,0.007965810368479207,0.006353675323784697,0.0,0.0
2025-09-04 08:00:00+00:00,0.012348173261838088,0.006680252657060287,0.0,0.0
2025-09-04 09:00:00+00:00,0.017497297612821896,0.005924175858955765,0.0,0.0
2025-09-04 10:00:00+00:00,0.02590335337415009,0.003752278399365278,0.0,0.0
2025-09-04 11:00:00+00:00,0.04591018840182474,0.00784846316632015,0.0,0.0
2025-09-04 12:00:00+00:00,0.056297806217408826,0.00855110486824522,0.0,0.0
2025-09-04 13:00:00+00:00,0.05470479216212925,0.011436888812495813,0.0,0.0
2025-09-04 14:00:00+00:00,0.032619846039863,0.010807873117779266,0.0,0.0
2025-09-04 15:00:00+00:00,0.02837637182820431,0.011847680326100072,0.0,0.0
2025-09-04 16:00:00+00:00,0.015593101456450103,0.00712527068030181,0.0,0.0
2025-09-04 17:00:00+00:00,0.018088137895471566,0.009730661049838295,0.0,0.0
2025-09-04 18:00:00+00:00,0.017000816198519928,0.010577032063112687,0.0,0.0
2025-09-04 19:00:00+00:00,0.012217932621808389,0.006200075979948796,0.0,0.0
2025-09-04 20:00:00+00:00,0.03172664943092145,0.014338709822621684,0.0,0.0
2025-09-04 21:00:00+00:00,0.01492625171424698,0.006964549774215799,0.0,0.0
2025-09-04 22:00:00+00:00,0.04661504700658262,0.01944670582699112,0.0,0.0
2025-09-04 23:00:00+00:00,0.03703794274923041,0.035013345552003,0.0,0.0
2025-09-05 00:00:00+00:00,0.013439662492235343,0.026802522127026218,0.0,0.0
2025-09-05 01:00:00+00:00,0.011460094508632229,0.02239780810226724,0.0,0.0
2025-09-05 02:00:00+00:00,0.0078833124733644,0.017410500850420934,0.0,0.0
2025-09-05 03:00:00+00:00,0.0046563155358390305,0.009896471340798544,0.0,0.0
2025-09-05 04:00:00+00:00,0.007127556460119002,0.007277112512433994,0.0,0.0
2025-09-05 05:00:00+00:00,0.006562148021414345,0.004049703379668884,0.0,0.0
2025-09-05 06:00:00+00:00,0.01212197889365269,0.0043749517205773055,0.0,0.0
2025-09-05 07:00:00+00:00,0.012573891807801522,0.006809060853621597,0.0,0.0
2025-09-05 08:00:00+00:00,0.0071138744709191735,0.0052335900622434315,0.0,0.0
2025-09-05 09:00:00+00:00,0.008576259600884928,0.027427965671188548,0.0,0.0
2025-09-05 10:00:00+00:00,0.006400855186406884,0.00927085124571789,0.0,0.0
2025-09-05 11:00:00+00:00,0.008179146785487841,0.01769738346495851,0.0,0.0
2025-09-05 12:00:00+00:00,0.019649812458521074,0.018757045090278753,0.0,0.0
2025-09-05 13:00:00+00:00,0.014062782214431016,0.015116600071487152,0.0,0.0
2025-09-05 14:00:00+00:00,0.018285175992833896,0.013317791859974436,0.0,0.0
2025-09-05 15:00:00+00:00,0.00917193242704997,0.03415948524116103,0.0,0.0
2025-09-05 16:00:00+00:00,0.007170149075531131,0.0354044376762947,0.0,0.0
2025-09-05 17:00:00+00:00,0.011745131410948058,0.03281845608699429,0.0,0.0
2025-09-05 18:00:00+00:00,0.04713644631744574,0.03363116150340065,0.0,0.0
2025-09-05 19:00:00+00:00,0.0167536568728039,0.011279200032448103,0.0,0.0
2025-09-05 20:00:00+00:00,0.026508410933637736,0.008881142776185666,0.0,0.0
2025-09-05 21:00:00+00:00,0.033344006723882456,0.04484473235106423,0.0,0.0
2025-09-05 22:00:00+00:00,0.01590089228600046,0.015777487337173015,0.0,0.0
2025-09-05 23:00:00+00:00,0.007926067749351685,0.03186384171605662,0.0,0.0
2025-09-06 00:00:00+00:00,0.03056514691929881,0.05352503509198355,0.0,0.0
2025-09-06 01:00:00+00:00,0.029320168563659505,0.03389353902009687,0.0,0.0
2025-09-06 02:00:00+00:00,0.02292759463602353,0.01857385560781864,0.0,0.0
2025-09-06 03:00:00+00:00,0.02504916285720996,0.026156597662513242,0.0,0.0
2025-09-06 04:00:00+00:00,0.01842347228325873,0.040474957732696826,0.0,0.0
2025-09-06 05:00:00+00:00,0.01553575972234614,0.02739357084629031,0.0,0.0
2025-09-06 06:00:00+00:00,0.010880785966679372,0.02304374972841511,0.0,0.0
2025-09-06 07:00:00+00:00,0.016432377216711615,0.01392822705546721,0.0,0.0
2025-09-06 08:00:00+00:00,0.023419802663012843,0.017638164487270666,0.0,0.0
2025-09-06 09:00:00+00:00,0.014891088597383964,0.020563330839210612,0.0,0.0
2025-09-06 10:00:00+00:00,0.04295565082873287,0.020623058423899096,0.0,0.0
2025-09-06 11:00:00+00:00,0.052663873306142896,0.01826188597801306,0.0,0.0
2025-09-06 12:00:00+00:00,0.05633645110939106,0.02101861782815626,0.0,0.0
2025-09-06 13:00:00+00:00,0.06555493131958244,0.01793678401634585,0.0,0.0
2025-09-06 14:00:00+00:00,0.0075973059848093915,0.006819224992673833,0.0,0.0
2025-09-06 15:00:00+00:00,0.01200040752705467,0.018205486284395223,0.0,0.0
2025-09-06 16:00:00+00:00,0.010386459804840077,0.033885138961059776,0.0,0.0
2025-09-06 17:00:00+00:00,0.006283026143958551,0.010560797683248283,0.0,0.0
2025-09-06 18:00:00+00:00,0.0071609458510744186,0.01162973201148243,0.0,0.0
2025-09-06 19:00:00+00:00,0.005410065114716888,0.009828116793313618,0.0,0.0
2025-09-06 20:00:00+00:00,0.007436641579192861,0.007763680055315009,0.0,0.0
2025-09-06 21:00:00+00:00,0.0026288352326177696,0.008057946049580997,0.0,0.0
2025-09-06 22:00:00+00:00,0.0029955556795857284,0.011522605527650163,0.0,0.0
2025-09-06 23:00:00+00:00,0.0023172509674930105,0.010858247016223108,0.0,0.0
2025-09-07 00:00:00+00:00,0.02463095239186114,0.015336983094655922,0.0,0.0
2025-09-07 01:00:00+00:00,0.037592315928462024,0.017529100136617706,0.0,0.0
2025-09-07 02:00:00+00:00,0.0436954874080878,0.013372304597853199,0.0,0.0
2025-09-07 03:00:00+00:00,0.033481621788945315,0.015086495695210487,0.0,0.0
2025-09-07 04:00:00+00:00,0.031408752525872295,0.011120451204077687,0.0,0.0
2025-09-07 05:00:00+00:00,0.03206338658162812,0.009603360820785799,0.0,0.0
2025-09-07 06:00:00+00:00,0.023581089089533352,0.010446672244271578,0.0,0.0
2025-09-07 07:00:00+00:00,0.03625709087034645,0.014016327448638078,0.0,0.0
2025-09-07 08:00:00+00:00,0.050828703794376935,0.014897638652099312,0.0,0.0
2025-09-07 09:00:00+00:00,0.06848012774094363,0.010391480712091911,0.0,0.0
2025-09-07 10:00:00+00:00,0.07455953636594113,0.004916900115156352,0.0,0.0
2025-09-07 11:00:00+00:00,0.07447119167532305,0.004618838929935074,0.0,0.0
2025-09-07 12:00:00+00:00,0.07496443933542234,0.006167153428010706,0.0,0.0
2025-09-07 13:00:00+00:00,0.0715866332250314,0.0047205632081443885,0.0,0.0
2025-09-07 14:00:00+00:00,0.06557996064491106,0.009992078789075808,0.0,0.0
2025-09-07 15:00:00+00:00,0.058106615119555234,0.004558363439090457,0.0,0.0
2025-09-07 16:00:00+00:00,0.05789225939020054,0.007397463150683785,0.0,0.0
2025-09-07 17:00:00+00:00,0.039990582051939304,0.014779644022642766,0.0,0.0
2025-09-07 18:00:00+00:00,0.029894892188765173,0.006448185822790231,0.0,0.0
2025-09-07 19:00:00+00:00,0.0353549903759058,0.004455905400685662,0.0,0.0
2025-09-07 20:00:00+00:00,0.05353763838283262,0.005533203114485072,0.0,0.0
2025-09-07 21:00:00+00:00,0.022441716959990626,0.006232546023186204,0.0,0.0
2025-09-07 22:00:00+00:00,0.07952777825849149,0.010721239489313144,0.0,0.0
2025-09-07 23:00:00+00:00,0.07722858965988356,0.0293879260434448,0.0,0.0
2025-09-08 00:00:00+00:00,0.025828835402669104,0.04011828773277196,0.0,0.0
2025-09-08 01:00:00+00:00,0.02889258906405831,0.01425172269443051,0.0,0.0
2025-09-08 02:00:00+00:00,0.03355580395724812,0.012433719122760046,0.0,0.0
2025-09-08 03:00:00+00:00,0.03174928306362119,0.02504434962240279,0.0,0.0
2025-09-08 04:00:00+00:00,0.03151511745798636,0.017826121820254,0.0,0.0
2025-09-08 05:00:00+00:00,0.03741548411291804,0.007035456207875746,0.0,0.0
2025-09-08 06:00:00+00:00,0.03440564513666385,0.008373327785370602,0.0,0.0
2025-09-08 07:00:00+00:00,0.05454140725833353,0.013739566030273037,0.0,0.0
2025-09-08 08:00:00+00:00,0.052773596553414355,0.007559102697625827,0.0,0.0
2025-09-08 09:00:00+00:00,0.05679116345684434,0.004840833121647092,0.0,0.0
2025-09-08 10:00:00+00:00,0.055706263422424775,0.014191009934034519,0.0,0.0
2025-09-08 11:00:00+00:00,0.051962030805980323,0.008755268860473996,0.0,0.0
2025-09-08 12:00:00+00:00,0.04008639302930705,0.012049403768964661,0.0,0.0
2025-09-08 13:00:00+00:00,0.04072281518070765,0.0159532765523867,0.0,0.0
2025-09-08 14:00:00+00:00,0.03565004746320117,0.0168388450120267,0.0,0.0
2025-09-08 15:00:00+00:00,0.04360333228189608,0.024097805118587712,0.0,0.0
2025-09-08 16:00:00+00:00,0.032222455587453264,0.042642028387566734,0.0,0.0
2025-09-08 17:00:00+00:00,0.023375642530654533,0.024637228358506433,0.0,0.0
2025-09-08 18:00:00+00:00,0.026087678511668943,0.023977793781046874,0.0,0.0
2025-09-08 19:00:00+00:00,0.02989941898497367,0.02483984149782771,0.0,0.0
2025-09-08 20:00:00+00:00,0.020988669455577372,0.02604079697199863,0.0,0.0
2025-09-08 21:00:00+00:00,0.027839004144710956,0.009885829314300838,0.0,0.0
2025-09-08 22:00:00+00:00,0.03200520527951501,0.026018928287062485,0.0,0.0
2025-09-08 23:00:00+00:00,0.03122796008159609,0.021922230477766803,0.0,0.0
2025-09-09 00:00:00+00:00,0.007662379604363299,0.02785328291943451,0.0,0.0
2025-09-09 01:00:00+00:00,0.006260223139941689,0.025469500718294343,0.0,0.0
2025-09-09 02:00:00+00:00,0.009727183977984924,0.01604003883720029,0.0,0.0
2025-09-09 03:00:00+00:00,0.008675052141885511,0.013318462692205131,0.0,0.0
2025-09-09 04:00:00+00:00,0.01280088361655877,0.0161624786125482,0.0,0.0
2025-09-09 05:00:00+00:00,0.022034865882953693,0.012095974205828051,0.0,0.0
2025-09-09 06:00:00+00:00,0.03716331352543857,0.013595113364597672,0.0,0.0
2025-09-09 07:00:00+00:00,0.036913926809272954,0.016595918981259974,0.0,0.0
2025-09-09 08:00:00+00:00,0.028037977779124243,0.01904796111745771,0.0,0.0
2025-09-09 09:00:00+00:00,0.02684652442280284,0.012519847263736254,0.0,0.0
2025-09-09 10:00:00+00:00,0.030936857590326872,0.019842783398496534,0.0,0.0
2025-09-09 11:00:00+00:00,0.03554167587353858,0.006648543082189123,0.0,0.0
2025-09-09 12:00:00+00:00,0.03509469607204827,0.013085228474771955,0.0,0.0
2025-09-09 13:00:00+00:00,0.029514446473868253,0.014864335673400708,0.0,0.0
2025-09-09 14:00:00+00:00,0.02094293521344077,0.0357975894402866,0.0,0.0
2025-09-09 15:00:00+00:00,0.016834291779873927,0.02456904710326811,0.0,0.0
2025-09-09 16:00:00+00:00,0.010337230980977578,0.040756929474567896,0.0,0.0
2025-09-09 17:00:00+00:00,0.009654532867751106,0.04153483525486665,0.0,0.0
2025-09-09 18:00:00+00:00,0.008580206574651812,0.03706385088444276,0.0,0.0
2025-09-09 19:00:00+00:00,0.00838517920381212,0.024045315160245443,0.0,0.0
2025-09-09 20:00:00+00:00,0.024676819236984993,0.02333874642171369,0.0,0.0
2025-09-09 21:00:00+00:00,0.015448580668983337,0.020387224347685053,0.0,0.0
2025-09-09 22:00:00+00:00,0.011475867372864905,0.014083650936243355,0.0,0.0
2025-09-09 23:00:00+00:00,0.012380358837770647,0.019460111331082667,0.0,0.0
2025-09-10 00:00:00+00:00,0.0101039782961988,0.02081157805338912,0.0,0.0
2025-09-10 01:00:00+00:00,0.012932880993777561,0.01836007205277895,0.0,0.0
2025-09-10 02:00:00+00:00,0.027596063603779794,0.023683538872745175,0.0,0.0
2025-09-10 03:00:00+00:00,0.02255093121879681,0.01772658514939254,0.0,0.0
2025-09-10 04:00:00+00:00,0.024901074896195922,0.017005142363587546,0.0,0.0
2025-09-10 05:00:00+00:00,0.04252513874963007,0.013401857707861028,0.0,0.0
2025-09-10 06:00:00+00:00,0.04938283906616373,0.013543211608112804,0.0,0.0
2025-09-10 07:00:00+00:00,0.058384625338178724,0.01929615476857317,0.0,0.0
2025-09-10 08:00:00+00:00,0.04333092782079186,0.013497492769497474,0.0,0.0
2025-09-10 09:00:00+00:00,0.038259580834638866,0.014158878110261943,0.0,0.0
2025-09-10 10:00:00+00:00,0.038520857506295136,0.014189585813101651,0.0,0.0
2025-09-10 11:00:00+00:00,0.03139819726392722,0.015248977851400704,0.0,0.0
2025-09-10 12:00:00+00:00,0.0379918295291884,0.015730003171629415,0.0,0.0
2025-09-10 13:00:00+00:00,0.03613782689792924,0.020894356573155803,0.0,0.0
2025-09-10 14:00:00+00:00,0.02184671274102078,0.013597839313548766,0.0,0.0
2025-09-10 15:00:00+00:00,0.011906596392443134,0.012761699750720395,0.0,0.0
2025-09-10 16:00:00+00:00,0.01138667494018765,0.016085669851800117,0.0,0.0
2025-09-10 17:00:00+00:00,0.014942451919665084,0.011171169667532161,0.0,0.0
2025-09-10 18:00:00+00:00,0.01748117960660582,0.005034532852847662,0.0,0.0
2025-09-10 19:00:00+00:00,0.02207262445317543,0.0035849520058942063,0.0,0.0
2025-09-10 20:00:00+00:00,0.03812609204538491,0.0038700665368046187,0.0,0.0
2025-09-10 21:00:00+00:00,0.029517929341857357,0.0018696639281540327,0.0,0.0
2025-09-10 22:00:00+00:00,0.04066883709908057,0.002869601037089478,0.0,0.0
2025-09-10 23:00:00+00:00,0.052495247387958216,0.003551977717468792,0.0,0.0
2025-09-11 00:00:00+00:00,0.05677430697178537,0.001690199071328539,0.0,0.0
2025-09-11 01:00:00+00:00,0.04905637442324425,0.001972700394078292,0.0,0.0
2025-09-11 02:00:00+00:00,0.04295374186055456,0.001089845946395504,0.0,0.0
2025-09-11 03:00:00+00:00,0.10869174012167292,0.002892502489960022,0.0,0.0
2025-09-11 04:00:00+00:00,0.05473520465246746,0.0028188857041609745,0.0,0.0
2025-09-11 05:00:00+00:00,0.07365336913936076,0.003514028003819756,0.0,0.0
2025-09-11 06:00:00+00:00,0.08919139246656987,0.0020542050081877087,0.0,0.0
2025-09-11 07:00:00+00:00,0.04888558325151147,0.004018234462053103,0.0,0.0
2025-09-11 08:00:00+00:00,0.0899990979352836,0.0013463015134652211,0.0,0.0
2025-09-11 09:00:00+00:00,0.10990718482389288,0.0019686945409725307,0.0,0.0
2025-09-11 10:00:00+00:00,0.11122973983881941,0.0016712367618973271,0.0,0.0
2025-09-11 11:00:00+00:00,0.11872994342891423,0.0018154547835562143,0.0,0.0
2025-09-11 12:00:00+00:00,0.09899449771380682,0.0019119845361620354,0.0,0.0
2025-09-11 13:00:00+00:00,0.125823288681103,0.0032370764657422405,0.0,0.0
2025-09-11 14:00:00+00:00,0.11427932085676851,0.004420830060551754,0.0,0.0
2025-09-11 15:00:00+00:00,0.0635370455858909,0.0044156292057640064,0.0,0.0
2025-09-11 16:00:00+00:00,0.06948299064136175,0.003607575876215565,0.0,0.0
2025-09-11 17:00:00+00:00,0.07188326547585806,0.003632922050192698,0.0,0.0
2025-09-11 18:00:00+00:00,0.052105252939050585,0.0035026171420292963,0.0,0.0
2025-09-11 19:00:00+00:00,0.06415881681777376,0.002443268187441864,0.0,0.0
2025-09-11 20:00:00+00:00,0.06167681549489378,0.0018205865976054644,0.0,0.0
2025-09-11 21:00:00+00:00,0.05999948158040458,0.0013755265565549527,0.0,0.0
2025-09-11 22:00:00+00:00,0.14780471754312988,0.004093475519872503,0.0,0.0
2025-09-11 23:00:00+00:00,0.14561277391703664,0.0016427627458805785,0.0,0.0
2025-09-12 00:00:00+00:00,0.09612239046405117,0.003073066363794463,0.0,0.0
2025-09-12 01:00:00+00:00,0.07046984596176799,0.006517681674812967,0.0,0.0
2025-09-12 02:00:00+00:00,0.048962315922899395,0.006597576599123624,0.0,0.0
2025-09-12 03:00:00+00:00,0.024437203839791727,0.0063572574011370835,0.0,0.0
2025-09-12 04:00:00+00:00,0.01936895250523459,0.005097154533443524,0.0,0.0
2025-09-12 05:00:00+00:00,0.019949911597887376,0.0022898093137635844,0.0,0.0
2025-09-12 06:00:00+00:00,0.008977126323334325,0.001917250474164696,0.0,0.0
2025-09-12 07:00:00+00:00,0.008131640772648637,0.002404833036437968,0.0,0.0
2025-09-12 08:00:00+00:00,0.009541086297260642,0.004226217492823839,0.0,0.0
2025-09-12 09:00:00+00:00,0.00845305471870419,0.0021053444287570063,0.0,0.0
2025-09-12 10:00:00+00:00,0.006415362404214156,0.0011506351287380392,0.0,0.0
2025-09-12 11:00:00+00:00,0.0070651568277686925,0.001067869911669732,0.0,0.0
2025-09-12 12:00:00+00:00,0.01652527746751378,0.0017960135300168249,0.0,0.0
2025-09-12 13:00:00+00:00,0.021753536935865694,0.0012716806248774957,0.0,0.0
2025-09-12 14:00:00+00:00,0.03863056971869294,0.0017215491021960818,0.0,0.0
2025-09-12 15:00:00+00:00,0.018366743487213302,0.001330207279254708,0.0,0.0
2025-09-12 16:00:00+00:00,0.05123096517479297,0.0018055659496060427,0.0,0.0
2025-09-12 17:00:00+00:00,0.08744866431580116,0.002143127384315958,0.0,0.0
2025-09-12 18:00:00+00:00,0.13007521116406587,0.002133220753109098,0.0,0.0
2025-09-12 19:00:00+00:00,0.12487036052927476,0.0019747676715781265,0.0,0.0
2025-09-12 20:00:00+00:00,0.12185770939589524,0.00825523156066142,0.0,0.0
2025-09-12 21:00:00+00:00,0.04746603981722597,0.006054882589528497,0.0,0.0
2025-09-12 22:00:00+00:00,0.052099584043943804,0.007539870163259768,0.0,0.0
2025-09-12 23:00:00+00:00,0.027657344035660544,0.002933290186966788,0.0,0.0
2025-09-13 00:00:00+00:00,0.05952614662376893,0.006840601646427095,0.0,0.0
2025-09-13 01:00:00+00:00,0.037485502357436994,0.00773986966964756,0.0,0.0
2025-09-13 02:00:00+00:00,0.029306869453757572,0.00530561829904901,0.0,0.0
2025-09-13 03:00:00+00:00,0.031526533448162024,0.005714267845902202,0.0,0.0
2025-09-13 04:00:00+00:00,0.014203061041099363,0.0041679192301413955,0.0,0.0
2025-09-13 05:00:00+00:00,0.014035650157832884,0.0034274327052677424,0.0,0.0
2025-09-13 06:00:00+00:00,0.010735846661535561,0.0024031247386680343,0.0,0.0
2025-09-13 07:00:00+00:00,0.011227129395738715,0.0017850448005586259,0.0,0.0
2025-09-13 08:00:00+00:00,0.02495489717789902,0.002895240050501728,0.0,0.0
2025-09-13 09:00:00+00:00,0.019805224937768883,0.0011592343236937143,0.0,0.0
2025-09-13 10:00:00+00:00,0.021235075431983844,0.001839649763717292,0.0,0.0
2025-09-13 11:00:00+00:00,0.023485406913944896,0.0015212282078936542,0.0,0.0
2025-09-13 12:00:00+00:00,0.02755967662439776,0.0013230691394845529,0.0,0.0
2025-09-13 13:00:00+00:00,0.029699271380173378,0.003307101632692181,0.0,0.0
2025-09-13 14:00:00+00:00,0.04807423778592526,0.0030905095491025117,0.0,0.0
2025-09-13 15:00:00+00:00,0.03515683345467795,0.0022096213181542843,0.0,0.0
2025-09-13 16:00:00+00:00,0.03266169278177698,0.006931086064093731,0.0,0.0
2025-09-13 17:00:00+00:00,0.029591084496014552,0.003911140096132246,0.0,0.0
2025-09-13 18:00:00+00:00,0.015041670357679041,0.0022459889286827474,0.0,0.0
2025-09-13 19:00:00+00:00,0.026737025811971515,0.0038787670089623014,0.0,0.0
2025-09-13 20:00:00+00:00,0.036633973189035954,0.003992324416151352,0.0,0.0
2025-09-13 21:00:00+00:00,0.0263021682585851,0.0017261748031555245,0.0,0.0
2025-09-13 22:00:00+00:00,0.02127278826478583,0.001379504357053996,0.0,0.0
2025-09-13 23:00:00+00:00,0.020988626440340042,0.0016602090257280468,0.0,0.0
2025-09-14 00:00:00+00:00,0.11739013243293851,0.002739709302272955,0.0,0.0
2025-09-14 01:00:00+00:00,0.12216104712633265,0.0028108278256862764,0.0,0.0
2025-09-14 02:00:00+00:00,0.11096233555900094,0.005448657656621232,0.0,0.0
2025-09-14 03:00:00+00:00,0.06638146461825499,0.005422508918809092,0.0,0.0
2025-09-14 04:00:00+00:00,0.056403249811419004,0.004097588941760786,0.0,0.0
2025-09-14 05:00:00+00:00,0.07428232786007742,0.004526278938418089,0.0,0.0
2025-09-14 06:00:00+00:00,0.05706849638763722,0.0037597766675989378,0.0,0.0
2025-09-14 07:00:00+00:00,0.05914641624038822,0.0033984445401877288,0.0,0.0
2025-09-14 08:00:00+00:00,0.07666743519526986,0.0020710562424266494,0.0,0.0
2025-09-14 09:00:00+00:00,0.13420022083829333,0.0035650493351647495,0.0,0.0
2025-09-14 10:00:00+00:00,0.10962389992105914,0.0021247963666211527,0.0,0.0
2025-09-14 11:00:00+00:00,0.08185020348819469,0.0042732425551392705,0.0,0.0
2025-09-14 12:00:00+00:00,0.069109474973107,0.0056660521170997505,0.0,0.0
2025-09-14 13:00:00+00:00,0.03572799457816799,0.009643036055379367,0.0,0.0
2025-09-14 14:00:00+00:00,0.042244659991033044,0.00897458129608346,0.0,0.0
2025-09-14 15:00:00+00:00,0.032957629095776826,0.0066220914474163645,0.0,0.0
2025-09-14 16:00:00+00:00,0.03333290392996411,0.00897889217221213,0.0,0.0
2025-09-14 17:00:00+00:00,0.039828751621871175,0.009633481369910414,0.0,0.0
2025-09-14 18:00:00+00:00,0.02441807013237827,0.006280315377419281,0.0,0.0
2025-09-14 19:00:00+00:00,0.02887633030451338,0.00410208983569271,0.0,0.0
2025-09-14 20:00:00+00:00,0.04736863146093188,0.005677195572757089,0.0,0.0
2025-09-14 21:00:00+00:00,0.1544212760847966,0.006296247191500125,0.0,0.0
2025-09-14 22:00:00+00:00,0.12467898049588932,0.011901186598032132,0.0,0.0
2025-09-14 23:00:00+00:00,0.04796388876041998,0.031687523886482945,0.0,0.0
2025-09-15 00:00:00+00:00,0.02730461724932773,0.02851510323925834,0.0,0.0
2025-09-15 01:00:00+00:00,0.028588697440643008,0.019639865723413284,0.0,0.0
2025-09-15 02:00:00+00:00,0.030525800567353257,0.018142317968224537,0.0,0.0
2025-09-15 03:00:00+00:00,0.04531780597354193,0.023334009046917906,0.0,0.0
2025-09-15 04:00:00+00:00,0.12233629590018347,0.010531047669208976,0.0,0.0
2025-09-15 05:00:00+00:00,0.17098316489553747,0.009158825290171502,0.0,0.0
2025-09-15 06:00:00+00:00,0.10036182248594361,0.028257913545518345,0.0,0.0
2025-09-15 07:00:00+00:00,0.05921001544127331,0.023051243110434026,0.0,0.0
2025-09-15 08:00:00+00:00,0.03780139473318305,0.03139924519608312,0.0,0.0
2025-09-15 09:00:00+00:00,0.05072627155001087,0.0316053843208069,0.0,0.0
2025-09-15 10:00:00+00:00,0.06397975885759664,0.019695867395563612,0.0,0.0
2025-09-15 11:00:00+00:00,0.06361054092617048,0.03101760391891359,0.0,0.0
2025-09-15 12:00:00+00:00,0.08029160587540607,0.043776755814052846,0.0,0.0
2025-09-15 13:00:00+00:00,0.07628798739114785,0.03677341236914546,0.0,0.0
2025-09-15 14:00:00+00:00,0.06499319648293034,0.023335723379654824,0.0,0.0
2025-09-15 15:00:00+00:00,0.03645870998225609,0.036277607723589206,0.0,0.0
2025-09-15 16:00:00+00:00,0.03533738225537217,0.015780384061690956,0.0,0.0
2025-09-15 17:00:00+00:00,0.047190480319478915,0.024482124208741508,0.0,0.0
2025-09-15 18:00:00+00:00,0.08024846055733408,0.030229732171841394,0.0,0.0
2025-09-15 19:00:00+00:00,0.08714892440352458,0.06182720305022348,0.0,0.0
2025-09-15 20:00:00+00:00,0.06806806357484342,0.021843425168139075,0.0,0.0
2025-09-15 21:00:00+00:00,0.06261651336132677,0.018359927024579285,0.0,0.0
2025-09-15 22:00:00+00:00,0.07554886929592207,0.020680772127640978,0.0,0.0
2025-09-15 23:00:00+00:00,0.03782069658941728,0.016385675880634297,0.0,0.0
2025-09-16 00:00:00+00:00,0.027158801690992784,0.016223048465487465,0.0,0.0
2025-09-16 01:00:00+00:00,0.034093015702579395,0.016962668406297846,0.0,0.0
2025-09-16 02:00:00+00:00,0.034044012591083556,0.00988275958920533,0.0,0.0
2025-09-16 03:00:00+00:00,0.04613008638526731,0.014870575851070787,0.0,0.0
2025-09-16 04:00:00+00:00,0.07007348055549216,0.011023861511672556,0.0,0.0
2025-09-16 05:00:00+00:00,0.09830767343092912,0.00886701295592713,0.0,0.0
2025-09-16 06:00:00+00:00,0.08442344354326409,0.014121056346575941,0.0,0.0
2025-09-16 07:00:00+00:00,0.07085229335864258,0.012922081571917413,0.0,0.0
2025-09-16 08:00:00+00:00,0.035637295940431524,0.011826759631146858,0.0,0.0
2025-09-16 09:00:00+00:00,0.024917457905490773,0.013614631635520959,0.0,0.0
2025-09-16 10:00:00+00:00,0.03189996606955579,0.005043747937885661,0.0,0.0
2025-09-16 11:00:00+00:00,0.03163773815644689,0.007953131673783325,0.0,0.0
2025-09-16 12:00:00+00:00,0.02514072617518183,0.006409159702933986,0.0,0.0
2025-09-16 13:00:00+00:00,0.029128941197012953,0.009553634522907176,0.0,0.0
2025-09-16 14:00:00+00:00,0.02455017453728416,0.005729477686749639,0.0,0.0
2025-09-16 15:00:00+00:00,0.03164521260961379,0.013253623600696457,0.0,0.0
2025-09-16 16:00:00+00:00,0.033866628287244266,0.01714023110777542,0.0,0.0
2025-09-16 17:00:00+00:00,0.035412870098640206,0.01958311789878953,0.0,0.0
2025-09-16 18:00:00+00:00,0.04579457530007811,0.019202118838164566,0.0,0.0
2025-09-16 19:00:00+00:00,0.05252938394831711,0.00979173456921468,0.0,0.0
2025-09-16 20:00:00+00:00,0.06078896637319078,0.010856459533604203,0.0,0.0
2025-09-16 21:00:00+00:00,0.05485291871957354,0.012661844577454279,0.0,0.0
2025-09-16 22:00:00+00:00,0.06836735459906705,0.008150057296124927,0.0,0.0
2025-09-16 23:00:00+00:00,0.07260799857313734,0.011491216054889508,0.0,0.0
2025-09-17 00:00:00+00:00,0.06469808402094462,0.00997709973904053,0.0,0.0
2025-09-17 01:00:00+00:00,0.0789276968055151,0.007353457474485366,0.0,0.0
2025-09-17 02:00:00+00:00,0.12041408958483583,0.012433421250769695,0.0,0.0
2025-09-17 03:00:00+00:00,0.06722635317957347,0.014725144074591195,0.0,0.0
2025-09-17 04:00:00+00:00,0.05483686566099632,0.008381077645457426,0.0,0.0
2025-09-17 05:00:00+00:00,0.10143397310627138,0.018850154308112023,0.0,0.0
2025-09-17 06:00:00+00:00,0.09741610044309586,0.013261672127472215,0.0,0.0
2025-09-17 07:00:00+00:00,0.08513067058553792,0.024679951254770575,0.0,0.0
2025-09-17 08:00:00+00:00,0.07225478653611082,0.020862006687899916,0.0,0.0
2025-09-17 09:00:00+00:00,0.04212473171524562,0.02414125423854684,0.0,0.0
2025-09-17 10:00:00+00:00,0.056806308967449294,0.009423458253165568,0.0,0.0
2025-09-17 11:00:00+00:00,0.05172617461794704,0.007358604683494135,0.0,0.0
2025-09-17 12:00:00+00:00,0.06343512304687886,0.007635147402998882,0.0,0.0
2025-09-17 13:00:00+00:00,0.08562502900173728,0.010177485583049125,0.0,0.0
2025-09-17 14:00:00+00:00,0.07367139456126283,0.007032181769885654,0.0,0.0
2025-09-17 15:00:00+00:00,0.04199453880801062,0.012486185577360398,0.0,0.0
2025-09-17 16:00:00+00:00,0.034370688227147,0.015944916547026757,0.0,0.0
2025-09-17 17:00:00+00:00,0.02845552409836158,0.012440520608243315,0.0,0.0
2025-09-17 18:00:00+00:00,0.03431598972220315,0.009665184677497976,0.0,0.0
2025-09-17 19:00:00+00:00,0.038382122151933616,0.02608716392029259,0.0,0.0
2025-09-17 20:00:00+00:00,0.02726500501581404,0.02323649501856873,0.0,0.0
2025-09-17 21:00:00+00:00,0.028343214073480883,0.026389224484147916,0.0,0.0
2025-09-17 22:00:00+00:00,0.06683348672689167,0.03845193583497227,0.0,0.0
2025-09-17 23:00:00+00:00,0.07005661654337982,0.03379370439341358,0.0,0.0
2025-09-18 00:00:00+00:00,0.05117313285668177,0.023473927649444185,0.0,0.0
2025-09-18 01:00:00+00:00,0.10027831993000662,0.033367774392315856,0.0,0.0
2025-09-18 02:00:00+00:00,0.08859736235287075,0.017919003599979885,0.0,0.0
2025-09-18 03:00:00+00:00,0.1491150086311611,0.018849995759820166,0.0,0.0
2025-09-18 04:00:00+00:00,0.13265772770242437,0.014033092093445707,0.0,0.0
2025-09-18 05:00:00+00:00,0.07844742265556742,0.018367323733777124,0.0,0.0
2025-09-18 06:00:00+00:00,0.0633288099147572,0.025301837502622215,0.0,0.0
2025-09-18 07:00:00+00:00,0.04800974333542649,0.02452698091543161,0.0,0.0
2025-09-18 08:00:00+00:00,0.07418771148978565,0.016779976591951237,0.0,0.0
2025-09-18 09:00:00+00:00,0.05402895060257859,0.011500027474047375,0.0,0.0
2025-09-18 10:00:00+00:00,0.05525282495821356,0.007293945403408073,0.0,0.0
2025-09-18 11:00:00+00:00,0.05971568563303964,0.006466013425739811,0.0,0.0
2025-09-18 12:00:00+00:00,0.058356021686676085,0.008740622522858251,0.0,0.0
2025-09-18 13:00:00+00:00,0.10956545772487207,0.016764949011672036,0.0,0.0
2025-09-18 14:00:00+00:00,0.09728567657986704,0.014388958973300628,0.0,0.0
2025-09-18 15:00:00+00:00,0.1022692666488732,0.012077740805916025,0.0,0.0
2025-09-18 16:00:00+00:00,0.10282203416004483,0.008042732136763578,0.0,0.0
2025-09-18 17:00:00+00:00,0.11250062354359595,0.010807042621564858,0.0,0.0
2025-09-18 18:00:00+00:00,0.11681515509869916,0.01002783874440559,0.0,0.0
2025-09-18 19:00:00+00:00,0.06117776113169924,0.013643367694989866,0.0,0.0
2025-09-18 20:00:00+00:00,0.03870271197150331,0.01866487351368683,0.0,0.0
2025-09-18 21:00:00+00:00,0.0390086635276001,0.012312026447313279,0.0,0.0
2025-09-18 22:00:00+00:00,0.04119970624233765,0.01825122956070971,0.0,0.0
2025-09-18 23:00:00+00:00,0.0785440072659354,0.012372341625604277,0.0,0.0
2025-09-19 00:00:00+00:00,0.021755755796844013,0.011702926441200153,0.0,0.0
2025-09-19 01:00:00+00:00,0.01895032838121696,0.016115330578837017,0.0,0.0
2025-09-19 02:00:00+00:00,0.023070979505444216,0.018506080220114324,0.0,0.0
2025-09-19 03:00:00+00:00,0.012072319359993663,0.009165906867658622,0.0,0.0
2025-09-19 04:00:00+00:00,0.008798864489114431,0.010443835509179636,0.0,0.0
2025-09-19 05:00:00+00:00,0.004921203512510371,0.004859000027851401,0.0,0.0
2025-09-19 06:00:00+00:00,0.003997917351560903,0.0055589491940841625,0.0,0.0
2025-09-19 07:00:00+00:00,0.00623752000948313,0.007632793529552341,0.0,0.0
2025-09-19 08:00:00+00:00,0.005239854462746408,0.0053252823606365005,0.0,0.0
2025-09-19 09:00:00+00:00,0.004356887643175698,0.007319753866706147,0.0,0.0
2025-09-19 10:00:00+00:00,0.002440325783661491,0.006484898014455319,0.0,0.0
2025-09-19 11:00:00+00:00,0.002466315407737113,0.006407821044924113,0.0,0.0
2025-09-19 12:00:00+00:00,0.003582640583212974,0.006582931638470061,0.0,0.0
2025-09-19 13:00:00+00:00,0.0034904229507400145,0.006603475144849218,0.0,0.0
2025-09-19 14:00:00+00:00,0.004581130874087526,0.004560176790769261,0.0,0.0
2025-09-19 15:00:00+00:00,0.0023897453367975555,0.005254245448946868,0.0,0.0
2025-09-19 16:00:00+00:00,0.0024754860445641742,0.005642592627106879,0.0,0.0
2025-09-19 17:00:00+00:00,0.0021646079538185105,0.007690073404651808,0.0,0.0
2025-09-19 18:00:00+00:00,0.001574441537151343,0.007887872492445968,0.0,0.0
2025-09-19 19:00:00+00:00,0.0011461466476180126,0.005070479805614516,0.0,0.0
2025-09-19 20:00:00+00:00,0.0014581434896471619,0.010194009536437726,0.0,0.0
2025-09-19 21:00:00+00:00,0.0010198340261226531,0.008326906834054865,0.0,0.0
2025-09-19 22:00:00+00:00,0.0011860276566310485,0.00768027481128426,0.0,0.0
2025-09-19 23:00:00+00:00,0.0012730822779603074,0.004494326181023029,0.0,0.0
2025-09-20 00:00:00+00:00,0.0030616919735464384,0.003823955914134284,0.0,0.0
2025-09-20 01:00:00+00:00,0.00301598642279475,0.006118797537706361,0.0,0.0
2025-09-20 02:00:00+00:00,0.0018533932172145366,0.004088964661893635,0.0,0.0
2025-09-20 03:00:00+00:00,0.00210245393851384,0.005628049432206846,0.0,0.0
2025-09-20 04:00:00+00:00,0.0018667068261521008,0.0036678562874272007,0.0,0.0
2025-09-20 05:00:00+00:00,0.0029389341669334417,0.003739955056168786,0.0,0.0
2025-09-20 06:00:00+00:00,0.0022138595667744233,0.004021882783211954,0.0,0.0
2025-09-20 07:00:00+00:00,0.005181543820425308,0.004231844215487023,0.0,0.0
2025-09-20 08:00:00+00:00,0.0041020323779940165,0.0066217406673838375,0.0,0.0
2025-09-20 09:00:00+00:00,0.003319356365221781,0.008616826764842843,0.0,0.0
2025-09-20 10:00:00+00:00,0.002850104643838362,0.006206353141961566,0.0,0.0
2025-09-20 11:00:00+00:00,0.004179726064178516,0.009460240567207664,0.0,0.0
2025-09-20 12:00:00+00:00,0.0043870132843803296,0.0054934823106858694,0.0,0.0
2025-09-20 13:00:00+00:00,0.0038795955014429948,0.002960757585115664,0.0,0.0
2025-09-20 14:00:00+00:00,0.006085969028544952,0.003412182008079069,0.0,0.0
2025-09-20 15:00:00+00:00,0.013080390964681601,0.005856065959414719,0.0,0.0
2025-09-20 16:00:00+00:00,0.0071912316768412525,0.002906509864626292,0.0,0.0
2025-09-20 17:00:00+00:00,0.004782112095923579,0.005281728077847335,0.0,0.0
2025-09-20 18:00:00+00:00,0.003617727212234929,0.005193124648547098,0.0,0.0
2025-09-20 19:00:00+00:00,0.0048280500522392775,0.004947221732586409,0.0,0.0
2025-09-20 20:00:00+00:00,0.0022793072198974444,0.005448987320396289,0.0,0.0
2025-09-20 21:00:00+00:00,0.0040114250135228945,0.007007244565631368,0.0,0.0
2025-09-20 22:00:00+00:00,0.0025650627957306354,0.003628909914978238,0.0,0.0
2025-09-20 23:00:00+00:00,0.001768926431204687,0.0031997611680398205,0.0,0.0
2025-09-21 00:00:00+00:00,0.0145920140746499,0.005250424663064128,0.0,0.0
2025-09-21 01:00:00+00:00,0.008699624556243483,0.007469110557967218,0.0,0.0
2025-09-21 02:00:00+00:00,0.01866935070799486,0.0029201178612304293,0.0,0.0
2025-09-21 03:00:00+00:00,0.016408992695717082,0.005921235182215282,0.0,0.0
2025-09-21 04:00:00+00:00,0.00651652821142434,0.0046087600238108985,0.0,0.0
2025-09-21 05:00:00+00:00,0.012940414024715416,0.0024550410685663378,0.0,0.0
2025-09-21 06:00:00+00:00,0.024713326557609838,0.005628239100033263,0.0,0.0
2025-09-21 07:00:00+00:00,0.023851474723078876,0.0025504453890005823,0.0,0.0
2025-09-21 08:00:00+00:00,0.0183500803007204,0.005286836274985406,0.0,0.0
2025-09-21 09:00:00+00:00,0.016042007496883563,0.002731786178985004,0.0,1.0
2025-09-21 10:00:00+00:00,0.009983345010897126,0.0032049164090351204,0.0,0.0
2025-09-21 11:00:00+00:00,0.017241379392099306,0.00584439058976043,0.0,0.0
2025-09-21 12:00:00+00:00,0.024183423571599805,0.005278231694809016,0.0,0.0
2025-09-21 13:00:00+00:00,0.02121988740936646,0.0045429437939328585,0.0,0.0
2025-09-21 14:00:00+00:00,0.02242955388903937,0.004166751638985842,0.0,0.0
2025-09-21 15:00:00+00:00,0.017244630997396572,0.004583682796780644,0.0,0.0
2025-09-21 16:00:00+00:00,0.015202493605497344,0.006821787709669347,0.0,0.0
2025-09-21 17:00:00+00:00,0.027411243293779846,0.009576161316439602,0.0,0.0
2025-09-21 18:00:00+00:00,0.021436366973085222,0.012388514950387723,0.0,0.0
2025-09-21 19:00:00+00:00,0.010820773479520445,0.007020686920445635,0.0,1.0
2025-09-21 20:00:00+00:00,0.0066781868350951346,0.00719867201863877,0.0,0.0
2025-09-21 21:00:00+00:00,0.010520753910192243,0.0053570846566562275,0.0,0.0
2025-09-21 22:00:00+00:00,0.03348117080855552,0.004387881648765608,0.0,0.0
2025-09-21 23:00:00+00:00,0.025606629424595906,0.015978548962722373,0.0,0.0
2025-09-22 00:00:00+00:00,0.014827789110851008,0.018037567876589913,0.0,0.0
2025-09-22 01:00:00+00:00,0.012561590433714779,0.024856832363784817,0.0,0.0
2025-09-22 02:00:00+00:00,0.015866616609723803,0.030239317762719677,0.0,0.0
2025-09-22 03:00:00+00:00,0.019052670890125835,0.014229701965835338,0.0,0.0
2025-09-22 04:00:00+00:00,0.014814162406993433,0.030919716751672096,0.0,0.0
2025-09-22 05:00:00+00:00,0.022759906976173323,0.02367779426774928,0.0,0.0
2025-09-22 06:00:00+00:00,0.025413033169902798,0.016607119235896518,0.0,0.0
2025-09-22 07:00:00+00:00,0.01593046057289241,0.03710080383991159,0.0,0.0
2025-09-22 08:00:00+00:00,0.021623812426261407,0.03658394579286791,0.0,0.0
2025-09-22 09:00:00+00:00,0.02949608276444469,0.02909262705928087,0.0,0.0
2025-09-22 10:00:00+00:00,0.02809862918905409,0.018901870928590102,0.0,0.0
2025-09-22 11:00:00+00:00,0.03562376602941263,0.028707811123286606,0.0,0.0
2025-09-22 12:00:00+00:00,0.028240447049816375,0.03769817234726564,0.0,0.0
2025-09-22 13:00:00+00:00,0.03650084443115235,0.02824296132761911,0.0,0.0
2025-09-22 14:00:00+00:00,0.04461855058550893,0.03710854506808165,0.0,0.0
2025-09-22 15:00:00+00:00,0.037840994520367544,0.028877064072498407,0.0,0.0
2025-09-22 16:00:00+00:00,0.024965936538547034,0.016926897707643763,0.0,0.0
2025-09-22 17:00:00+00:00,0.024899464146672837,0.022962983442462764,0.0,0.0
2025-09-22 18:00:00+00:00,0.027802732142640018,0.012886599291009214,0.0,0.0
2025-09-22 19:00:00+00:00,0.027853846308278637,0.018594726085970417,0.0,0.0
2025-09-22 20:00:00+00:00,0.027270445133594858,0.021344656594862066,0.0,0.0
2025-09-22 21:00:00+00:00,0.02014037048501237,0.031185158316619013,0.0,0.0
2025-09-22 22:00:00+00:00,0.02180118747981948,0.0602280387758912,0.0,0.0
2025-09-22 23:00:00+00:00,0.015247655028846887,0.031022073955389987,0.0,0.0
2025-09-23 00:00:00+00:00,0.00856714600857861,0.029107984138022763,0.0,0.0
2025-09-23 01:00:00+00:00,0.011190615630540336,0.02396706926118711,0.0,0.0
2025-09-23 02:00:00+00:00,0.01883405220433095,0.01688291961666119,0.0,0.0
2025-09-23 03:00:00+00:00,0.024000617218442415,0.015257579570447365,0.0,0.0
2025-09-23 04:00:00+00:00,0.027655383768927243,0.020621366736283564,0.0,0.0
2025-09-23 05:00:00+00:00,0.019646409560652098,0.03424426523350781,0.0,0.0
2025-09-23 06:00:00+00:00,0.014011986195350608,0.028043980317396938,0.0,0.0
2025-09-23 07:00:00+00:00,0.019530797668012054,0.015278204260211245,0.0,0.0
2025-09-23 08:00:00+00:00,0.021531274321430576,0.025587971337334914,0.0,0.0
2025-09-23 09:00:00+00:00,0.01597082040146604,0.018248374203776577,0.0,0.0
2025-09-23 10:00:00+00:00,0.013457449658339442,0.017133799169473742,0.0,0.0
2025-09-23 11:00:00+00:00,0.016503697476779,0.017335011102893743,0.0,0.0
2025-09-23 12:00:00+00:00,0.016004448256064476,0.015700832650505165,0.0,0.0
2025-09-23 13:00:00+00:00,0.014597160172529903,0.013453033910962036,0.0,0.0
2025-09-23 14:00:00+00:00,0.014058996943778214,0.021475508332157542,0.0,0.0
2025-09-23 15:00:00+00:00,0.011494552190644554,0.021585943395057414,0.0,0.0
2025-09-23 16:00:00+00:00,0.013042325732482643,0.023529383126569398,0.0,0.0
2025-09-23 17:00:00+00:00,0.008305192139896453,0.03275281845219943,0.0,0.0
2025-09-23 18:00:00+00:00,0.0074923646227721226,0.025615233772782114,0.0,0.0
2025-09-23 19:00:00+00:00,0.005812045993888369,0.026288681379188356,0.0,0.0
2025-09-23 20:00:00+00:00,0.0056949219379276205,0.015431433898893463,0.0,0.0
2025-09-23 21:00:00+00:00,0.0037035099533363806,0.013428688350055002,0.0,0.0
2025-09-23 22:00:00+00:00,0.006106122320354873,0.009642880286923934,0.0,0.0
2025-09-23 23:00:00+00:00,0.00828936936086576,0.0141742142168875,0.0,0.0
2025-09-24 00:00:00+00:00,0.01894270088930979,0.013712883001393492,0.0,0.0
2025-09-24 01:00:00+00:00,0.018345640801561678,0.009632781502751799,0.0,0.0
2025-09-24 02:00:00+00:00,0.030420517388174143,0.02159075354767001,0.0,0.0
2025-09-24 03:00:00+00:00,0.025596692059195656,0.022757273140088036,0.0,0.0
2025-09-24 04:00:00+00:00,0.038675373656001925,0.016952758508542123,0.0,0.0
2025-09-24 05:00:00+00:00,0.04365127445673408,0.02860878448066369,0.0,0.0
2025-09-24 06:00:00+00:00,0.043265623361227974,0.03789967686956816,0.0,0.0
2025-09-24 07:00:00+00:00,0.04014387014741535,0.03386596957464008,0.0,0.0
2025-09-24 08:00:00+00:00,0.04838175418206651,0.023758815007238282,0.0,0.0
2025-09-24 09:00:00+00:00,0.050959532797394326,0.024167218050107228,0.0,0.0
2025-09-24 10:00:00+00:00,0.06586565373522181,0.021512108871462664,0.0,0.0
2025-09-24 11:00:00+00:00,0.07008351547114164,0.016721929806683637,0.0,0.0
2025-09-24 12:00:00+00:00,0.06874751374601602,0.013113660812173323,0.0,0.0
2025-09-24 13:00:00+00:00,0.05677261795649174,0.012193036083377148,0.0,0.0
2025-09-24 14:00:00+00:00,0.04745823114027412,0.039548526060486845,0.0,0.0
2025-09-24 15:00:00+00:00,0.040649056923005696,0.03517687226227046,0.0,0.0
2025-09-24 16:00:00+00:00,0.03565378311253456,0.037057156430606086,0.0,0.0
2025-09-24 17:00:00+00:00,0.023539831536966465,0.030666079957241996,0.0,1.0
2025-09-24 18:00:00+00:00,0.01852737395192982,0.0418442438631152,0.0,1.0
2025-09-24 19:00:00+00:00,0.024534751555877157,0.01881449346606269,0.0,1.0
2025-09-24 20:00:00+00:00,0.03169606751157746,0.027324121302606214,0.0,1.0
2025-09-24 21:00:00+00:00,0.043898301157391593,0.00827808360223186,0.0,1.0
2025-09-24 22:00:00+00:00,0.04090900485082713,0.013423866996658693,0.0,1.0
2025-09-24 23:00:00+00:00,0.054797992806075634,0.010943985879395143,0.0,1.0
2025-09-25 00:00:00+00:00,0.07901262080606203,0.012069312176761974,0.0,1.0
2025-09-25 01:00:00+00:00,0.10931333552992079,0.011414642046052385,0.0,1.0
2025-09-25 02:00:00+00:00,0.07398123434111904,0.02324743091172331,0.0,1.0
2025-09-25 03:00:00+00:00,0.05591130146166511,0.014759947342948174,0.0,1.0
2025-09-25 04:00:00+00:00,0.04822542982227255,0.01663760278223032,0.0,0.0
2025-09-25 05:00:00+00:00,0.028554876942223677,0.020874026929776954,0.0,0.0
2025-09-25 06:00:00+00:00,0.019285353528241646,0.013585396965106659,0.0,0.0
2025-09-25 07:00:00+00:00,0.03176881670716054,0.02583292053847645,0.0,0.0
2025-09-25 08:00:00+00:00,0.03584323450296592,0.021689931231031537,0.0,0.0
2025-09-25 09:00:00+00:00,0.04435837647863123,0.009158237419230228,0.0,0.0
2025-09-25 10:00:00+00:00,0.057576014765049664,0.009297284268424333,0.0,0.0
2025-09-25 11:00:00+00:00,0.050980391824661526,0.011658978372268987,0.0,0.0
2025-09-25 12:00:00+00:00,0.06624383740552253,0.007605738057211843,0.0,0.0
2025-09-25 13:00:00+00:00,0.07719077181420743,0.008618266077415747,0.0,0.0
2025-09-25 14:00:00+00:00,0.07580287754606425,0.024523091881411347,0.0,1.0
2025-09-25 15:00:00+00:00,0.04598526031369143,0.02051257013113647,0.0,0.0
2025-09-25 16:00:00+00:00,0.045196235769034206,0.021702092224835778,0.0,0.0
2025-09-25 17:00:00+00:00,0.08303605751147618,0.006516789804205037,0.0,0.0
2025-09-25 18:00:00+00:00,0.05935878373403,0.006775885389829837,0.0,0.0
2025-09-25 19:00:00+00:00,0.08217612386859531,0.027622896357835183,0.0,0.0
2025-09-25 20:00:00+00:00,0.035601151930021085,0.01424611483260859,0.0,0.0
2025-09-25 21:00:00+00:00,0.045389238520622675,0.009658800203573124,0.0,0.0
2025-09-25 22:00:00+00:00,0.04009960405605811,0.008688513813088916,0.0,0.0
2025-09-25 23:00:00+00:00,0.09767268570966614,0.01609381186865588,0.0,0.0
2025-09-26 00:00:00+00:00,0.03463629741914374,0.014499557454101981,0.0,0.0
2025-09-26 01:00:00+00:00,0.038029524805506955,0.026691941496658166,0.0,0.0
2025-09-26 02:00:00+00:00,0.02521745803668889,0.025389860646021157,0.0,0.0
2025-09-26 03:00:00+00:00,0.02869124914239304,0.036424367131586956,0.0,0.0
2025-09-26 04:00:00+00:00,0.02050120983195355,0.028264471275556324,0.0,0.0
2025-09-26 05:00:00+00:00,0.019164264845715394,0.03302984462458238,0.0,0.0
2025-09-26 06:00:00+00:00,0.022688024173931256,0.03591930079977509,0.0,0.0
2025-09-26 07:00:00+00:00,0.0196988171832365,0.04777201176809587,0.0,0.0
2025-09-26 08:00:00+00:00,0.018425322055123778,0.039024534450405636,0.0,0.0
2025-09-26 09:00:00+00:00,0.016681602336094347,0.027285507893030653,0.0,0.0
2025-09-26 10:00:00+00:00,0.02742165077185466,0.04202407135520312,0.0,0.0
2025-09-26 11:00:00+00:00,0.02453541470651725,0.042338253580628295,0.0,0.0
2025-09-26 12:00:00+00:00,0.029536605860561824,0.06898057130129091,0.0,0.0
2025-09-26 13:00:00+00:00,0.03377799426280334,0.04585279207878781,0.0,0.0
2025-09-26 14:00:00+00:00,0.05460226217995457,0.03730449623729578,0.0,0.0
2025-09-26 15:00:00+00:00,0.035408860772546735,0.0334788057849629,0.0,0.0
2025-09-26 16:00:00+00:00,0.0310609989961478,0.02528814006112585,0.0,0.0
2025-09-26 17:00:00+00:00,0.009414983717002452,0.036801510427047594,0.0,0.0
2025-09-26 18:00:00+00:00,0.010522015410435652,0.038498703417305095,0.0,0.0
2025-09-26 19:00:00+00:00,0.010570955426372425,0.034390004226091446,0.0,0.0
2025-09-26 20:00:00+00:00,0.004833282119882523,0.01452046691517613,0.0,0.0
2025-09-26 21:00:00+00:00,0.005570407834157821,0.013749405639368653,0.0,0.0
2025-09-26 22:00:00+00:00,0.005151964396261889,0.014122397696958782,0.0,0.0
2025-09-26 23:00:00+00:00,0.00852100144246286,0.01751498627820715,0.0,0.0
2025-09-27 00:00:00+00:00,0.009003741740254803,0.009062411269702952,0.0,0.0
2025-09-27 01:00:00+00:00,0.009583876694874928,0.01799974179883369,0.0,0.0
2025-09-27 02:00:00+00:00,0.007887232294660186,0.01259165509938221,0.0,0.0
2025-09-27 03:00:00+00:00,0.011766415844570647,0.01914741690115546,0.0,0.0
2025-09-27 04:00:00+00:00,0.011680518756868282,0.02324593445645361,0.0,0.0
2025-09-27 05:00:00+00:00,0.009154478435091106,0.015268528316309926,0.0,0.0
2025-09-27 06:00:00+00:00,0.010088410079602697,0.017100705497809763,0.0,0.0
2025-09-27 07:00:00+00:00,0.010492136897155729,0.01972190452708605,0.0,0.0
2025-09-27 08:00:00+00:00,0.010465051202715842,0.014089098284320473,0.0,0.0
2025-09-27 09:00:00+00:00,0.011538108927765274,0.017729839521249496,0.0,0.0
2025-09-27 10:00:00+00:00,0.009639805408486362,0.013639399784482092,0.0,0.0
2025-09-27 11:00:00+00:00,0.010097579442973513,0.012341508862786043,0.0,0.0
2025-09-27 12:00:00+00:00,0.016422594787010112,0.014542103181768169,0.0,0.0
2025-09-27 13:00:00+00:00,0.021471864713965977,0.00939382210383934,0.0,0.0
2025-09-27 14:00:00+00:00,0.0086565341778901,0.010795230511025553,0.0,0.0
2025-09-27 15:00:00+00:00,0.01096520751066824,0.0046474559717664295,0.0,0.0
2025-09-27 16:00:00+00:00,0.010577144476319642,0.005738215271800591,0.0,0.0
2025-09-27 17:00:00+00:00,0.009623388186168137,0.0037128580563914313,0.0,0.0
2025-09-27 18:00:00+00:00,0.010411485934082644,0.002802922577534041,0.0,0.0
2025-09-27 19:00:00+00:00,0.003366306913809323,0.002996257704646753,0.0,0.0
2025-09-27 20:00:00+00:00,0.003479182507012651,0.0034582519297907625,0.0,0.0
2025-09-27 21:00:00+00:00,0.007441590381420904,0.0023954962535130023,0.0,0.0
2025-09-27 22:00:00+00:00,0.016991237944211344,0.004170715081913431,0.0,0.0
2025-09-27 23:00:00+00:00,0.01651355239969041,0.002980823533393283,0.0,0.0
2025-09-28 00:00:00+00:00,0.07625680961966423,0.011112859509580228,0.0,0.0
2025-09-28 01:00:00+00:00,0.03161073291854546,0.010375087864779437,0.0,0.0
2025-09-28 02:00:00+00:00,0.036348848479328934,0.00754424196111899,0.0,0.0
2025-09-28 03:00:00+00:00,0.03127195338808662,0.005619948827940309,0.0,0.0
2025-09-28 04:00:00+00:00,0.026030177213983364,0.005177542420256684,0.0,0.0
2025-09-28 05:00:00+00:00,0.02542325907260405,0.0052170009127140175,0.0,0.0
2025-09-28 06:00:00+00:00,0.04995438082727299,0.003154443006179692,0.0,0.0
2025-09-28 07:00:00+00:00,0.06749370059123697,0.002817236134214754,0.0,0.0
2025-09-28 08:00:00+00:00,0.06718957628870956,0.004722872065637858,0.0,0.0
2025-09-28 09:00:00+00:00,0.060513659775144994,0.003176534231180366,0.0,0.0
2025-09-28 10:00:00+00:00,0.027085059710641957,0.004712208802392666,0.0,0.0
2025-09-28 11:00:00+00:00,0.03867064737470779,0.006807353409671107,0.0,0.0
2025-09-28 12:00:00+00:00,0.03151630971733884,0.006685166765975169,0.0,0.0
2025-09-28 13:00:00+00:00,0.06099413455762918,0.008891715177154952,1.0,0.0
2025-09-28 14:00:00+00:00,0.0766791436896241,0.008809833178788121,1.0,0.0
2025-09-28 15:00:00+00:00,0.10492367627364611,0.006668197877341357,1.0,0.0
2025-09-28 16:00:00+00:00,0.11415031581786739,0.005811829027421662,1.0,0.0
2025-09-28 17:00:00+00:00,0.13273426302499905,0.007247078257243372,1.0,0.0
2025-09-28 18:00:00+00:00,0.13006542955175046,0.0031328035201185433,1.0,0.0
2025-09-28 19:00:00+00:00,0.16736068818487718,0.0042337083605942715,1.0,0.0
2025-09-28 20:00:00+00:00,0.1788040748476276,0.007029275852415042,1.0,0.0
2025-09-28 21:00:00+00:00,0.1985555814101032,0.005930341882239354,1.0,0.0
2025-09-28 22:00:00+00:00,0.17823626213391144,0.0069277529160355796,0.0,0.0
2025-09-28 23:00:00+00:00,0.16518739503485924,0.008701368346881911,0.0,0.0
2025-09-29 00:00:00+00:00,0.11052573147322065,0.012932125346702848,0.0,0.0
2025-09-29 01:00:00+00:00,0.0643671751354486,0.026146857069742374,0.0,0.0
2025-09-29 02:00:00+00:00,0.05050387625346455,0.02716572486974511,0.0,0.0
2025-09-29 03:00:00+00:00,0.08870369598814308,0.011115565140510568,0.0,0.0
2025-09-29 04:00:00+00:00,0.08020273697078746,0.015137991765713565,0.0,0.0
2025-09-29 05:00:00+00:00,0.10451462822289019,0.011034529802640676,0.0,0.0
2025-09-29 06:00:00+00:00,0.09575474598031097,0.012239393530173925,0.0,0.0
2025-09-29 07:00:00+00:00,0.10380339527282355,0.00842335226550065,0.0,0.0
2025-09-29 08:00:00+00:00,0.10288783227168778,0.0209148286202768,0.0,0.0
2025-09-29 09:00:00+00:00,0.12042744185363978,0.014617804950822802,0.0,0.0
2025-09-29 10:00:00+00:00,0.12116786704329485,0.01673874240428282,0.0,0.0
2025-09-29 11:00:00+00:00,0.14278505778455325,0.012324181038389628,0.0,0.0
2025-09-29 12:00:00+00:00,0.12315483523611452,0.020388804003736247,0.0,0.0
2025-09-29 13:00:00+00:00,0.12083647614901553,0.029791672066784226,0.0,0.0
2025-09-29 14:00:00+00:00,0.1188232381826941,0.031634522966214926,0.0,0.0
2025-09-29 15:00:00+00:00,0.14110069186162147,0.05696010388902779,0.0,0.0
2025-09-29 16:00:00+00:00,0.1382665539034531,0.07289245345375468,0.0,0.0
2025-09-29 17:00:00+00:00,0.13659330771865372,0.04239264149622695,0.0,0.0
2025-09-29 18:00:00+00:00,0.19038190499779592,0.05736551365244675,0.0,0.0
2025-09-29 19:00:00+00:00,0.20433193723472365,0.027707959375152774,0.0,0.0
2025-09-29 20:00:00+00:00,0.23422317847623897,0.019957605573357337,0.0,0.0
2025-09-29 21:00:00+00:00,0.22094405107922185,0.021892872646186678,0.0,0.0
2025-09-29 22:00:00+00:00,0.24456180301709296,0.006750609753135531,0.0,0.0
2025-09-29 23:00:00+00:00,0.2563173808437406,0.009829450251656692,0.0,0.0
2025-09-30 00:00:00+00:00,0.17250716581355094,0.011537706959793637,0.0,0.0
2025-09-30 01:00:00+00:00,0.1678942808997792,0.013873150562803584,0.0,0.0
2025-09-30 02:00:00+00:00,0.15855788959062822,0.010946706644566963,0.0,0.0
2025-09-30 03:00:00+00:00,0.14939234898056894,0.014830357367458991,0.0,0.0
2025-09-30 04:00:00+00:00,0.1192786957471725,0.022199572426661027,0.0,0.0
2025-09-30 05:00:00+00:00,0.11126695571532529,0.021044323135897085,0.0,0.0
2025-09-30 06:00:00+00:00,0.1105253051967705,0.021399087476652253,0.0,0.0
2025-09-30 07:00:00+00:00,0.10685458938874552,0.0219981889021716,0.0,0.0
2025-09-30 08:00:00+00:00,0.09481857723281473,0.021667222930747798,0.0,0.0
2025-09-30 09:00:00+00:00,0.10394282087102343,0.023744783810019612,1.0,0.0
2025-09-30 10:00:00+00:00,0.12136303172280526,0.02854520306771524,1.0,0.0
2025-09-30 11:00:00+00:00,0.12032568387921987,0.03402296752611556,1.0,0.0
2025-09-30 12:00:00+00:00,0.09516712980550135,0.046584053396617996,1.0,0.0
2025-09-30 13:00:00+00:00,0.10684748624467262,0.035075387641117166,1.0,0.0
2025-09-30 14:00:00+00:00,0.10551823411526749,0.020479383345973805,1.0,0.0
2025-09-30 15:00:00+00:00,0.07343268297095763,0.03574768481074784,1.0,0.0
2025-09-30 16:00:00+00:00,0.04541471163225547,0.029433829418094273,1.0,0.0
2025-09-30 17:00:00+00:00,0.0645638274888864,0.030270207206980326,1.0,0.0
2025-09-30 18:00:00+00:00,0.06267055684460891,0.045836741601264615,1.0,0.0
2025-09-30 19:00:00+00:00,0.08498913541299884,0.051485254652592065,1.0,0.0
2025-09-30 20:00:00+00:00,0.10239828661346213,0.026235183111435873,0.0,0.0
2025-09-30 21:00:00+00:00,0.09746325082925363,0.04374205886552185,1.0,0.0
2025-09-30 22:00:00+00:00,0.06695090218999585,0.04336906892416437,1.0,0.0
2025-09-30 23:00:00+00:00,0.05030524601659276,0.023187703914358093,1.0,0.0
2025-10-01 00:00:00+00:00,0.060871005261606555,0.0393107896366784,1.0,0.0
2025-10-01 01:00:00+00:00,0.08329791658165726,0.02070326631838192,1.0,0.0
2025-10-01 02:00:00+00:00,0.09788044799289099,0.020033862188035538,1.0,0.0
2025-10-01 03:00:00+00:00,0.09729531076232954,0.022609327450774028,1.0,0.0
2025-10-01 04:00:00+00:00,0.10573820578104583,0.031151120358527424,1.0,0.0
2025-10-01 05:00:00+00:00,0.09178052638568272,0.027116551023160147,1.0,0.0
2025-10-01 06:00:00+00:00,0.06823811504012138,0.021221278863326754,1.0,0.0
2025-10-01 07:00:00+00:00,0.09344476912584132,0.025491555857614413,1.0,0.0
2025-10-01 08:00:00+00:00,0.09321029299504997,0.04504353417700754,0.0,0.0
2025-10-01 09:00:00+00:00,0.09751880516156493,0.029482287566044985,0.0,0.0
2025-10-01 10:00:00+00:00,0.086729451768552,0.04722643852126829,0.0,0.0
2025-10-01 11:00:00+00:00,0.08595006410036178,0.0294073442137202,0.0,0.0
2025-10-01 12:00:00+00:00,0.09316260124397897,0.04037484814678295,0.0,0.0
2025-10-01 13:00:00+00:00,0.10676001927910624,0.03807103018910795,0.0,0.0
2025-10-01 14:00:00+00:00,0.08260909301027015,0.02580562328747016,0.0,0.0
2025-10-01 15:00:00+00:00,0.1028782382333417,0.031395833356832076,0.0,0.0
2025-10-01 16:00:00+00:00,0.11833994165906565,0.024327970825161815,0.0,0.0
2025-10-01 17:00:00+00:00,0.11788425544064159,0.037898005373882056,1.0,0.0
2025-10-01 18:00:00+00:00,0.137389458687635,0.038303546531449524,1.0,0.0
2025-10-01 19:00:00+00:00,0.13718850797827198,0.056036953042720335,1.0,0.0
2025-10-01 20:00:00+00:00,0.12951554273900026,0.03124504013226383,1.0,0.0
2025-10-01 21:00:00+00:00,0.11916398179951994,0.03614077434800701,0.0,0.0
2025-10-01 22:00:00+00:00,0.18754007000820624,0.01716729391234771,0.0,0.0
2025-10-01 23:00:00+00:00,0.19530425648233687,0.015673829285295576,0.0,0.0
2025-10-02 00:00:00+00:00,0.21088949543866106,0.026598301960472043,0.0,0.0
2025-10-02 01:00:00+00:00,0.1716414739247973,0.026448966394201617,0.0,0.0
2025-10-02 02:00:00+00:00,0.17824164253161334,0.01660770183649984,0.0,0.0
2025-10-02 03:00:00+00:00,0.1694257575182924,0.03449597857085825,0.0,0.0
2025-10-02 04:00:00+00:00,0.2412371725377589,0.02671607204790813,0.0,0.0
2025-10-02 05:00:00+00:00,0.1998516174534961,0.02999438561784301,0.0,0.0
2025-10-02 06:00:00+00:00,0.18622963128981462,0.027018585162578254,0.0,0.0
2025-10-02 07:00:00+00:00,0.1802916820892082,0.023309055812166347,0.0,0.0
2025-10-02 08:00:00+00:00,0.18547664135836883,0.01658909435075263,0.0,0.0
2025-10-02 09:00:00+00:00,0.24403269798434205,0.0146475100752496,0.0,0.0
2025-10-02 10:00:00+00:00,0.20378002878627857,0.026036075599160616,0.0,0.0
2025-10-02 11:00:00+00:00,0.25431963851091494,0.024678961037505165,0.0,0.0
2025-10-02 12:00:00+00:00,0.2875985256435265,0.021503982760403707,0.0,0.0
2025-10-02 13:00:00+00:00,0.25299418663388934,0.021752162606755207,0.0,0.0
2025-10-02 14:00:00+00:00,0.2382861319323979,0.03641848223589572,0.0,0.0
2025-10-02 15:00:00+00:00,0.29456359507875424,0.04566865286580198,0.0,0.0
2025-10-02 16:00:00+00:00,0.3003868913718812,0.060836745545439684,0.0,0.0
2025-10-02 17:00:00+00:00,0.2149766561915605,0.03965556282919147,0.0,0.0
2025-10-02 18:00:00+00:00,0.27652351469374764,0.04244400983840574,0.0,0.0
2025-10-02 19:00:00+00:00,0.3033209561140982,0.019997820923405237,0.0,0.0
2025-10-02 20:00:00+00:00,0.27222173995337823,0.027949051466219548,0.0,0.0
2025-10-02 21:00:00+00:00,0.22106986058788783,0.048344094514922525,0.0,0.0
2025-10-02 22:00:00+00:00,0.19375937206982333,0.04737734271787538,0.0,0.0
2025-10-02 23:00:00+00:00,0.24198110897844063,0.05337094002348112,0.0,0.0
2025-10-03 00:00:00+00:00,0.06763410907897532,0.05087445728635182,0.0,0.0
2025-10-03 01:00:00+00:00,0.04994967353549775,0.04171253879575546,0.0,0.0
2025-10-03 02:00:00+00:00,0.04535963544818194,0.03568186270894023,0.0,0.0
2025-10-03 03:00:00+00:00,0.04316753323504541,0.046958299038217154,0.0,0.0
2025-10-03 04:00:00+00:00,0.02760119687916723,0.04801323361035751,0.0,0.0
2025-10-03 05:00:00+00:00,0.025071689835341165,0.03281080648645374,0.0,0.0
2025-10-03 06:00:00+00:00,0.018664672089426713,0.029901284313748305,0.0,0.0
2025-10-03 07:00:00+00:00,0.020042054291424007,0.026801610111587177,0.0,0.0
2025-10-03 08:00:00+00:00,0.05798216298082475,0.027549200745726855,0.0,0.0
2025-10-03 09:00:00+00:00,0.057496159618343666,0.03226164639826996,0.0,0.0
2025-10-03 10:00:00+00:00,0.05817129390817638,0.03182657764470185,0.0,0.0
2025-10-03 11:00:00+00:00,0.09669315869800212,0.023170898917765952,0.0,0.0
2025-10-03 12:00:00+00:00,0.09434939777069024,0.0227487251102525,0.0,0.0
2025-10-03 13:00:00+00:00,0.13539132131283105,0.01965387717056224,0.0,0.0
2025-10-03 14:00:00+00:00,0.18729512416811342,0.019006401184850297,0.0,0.0
2025-10-03 15:00:00+00:00,0.15796000176942881,0.02156080342440439,0.0,0.0
2025-10-03 16:00:00+00:00,0.17316435998453963,0.011984778187223419,0.0,0.0
2025-10-03 17:00:00+00:00,0.23818305603963433,0.03375231025536918,0.0,0.0
2025-10-03 18:00:00+00:00,0.2679393759243065,0.040423523044471214,0.0,0.0
2025-10-03 19:00:00+00:00,0.2432417575620671,0.07882025375233334,0.0,0.0
2025-10-03 20:00:00+00:00,0.16017111256170255,0.047870847467888854,0.0,0.0
2025-10-03 21:00:00+00:00,0.09088114403189616,0.04474754485909375,0.0,0.0
2025-10-03 22:00:00+00:00,0.05443127003659179,0.029739797096325876,0.0,0.0
2025-10-03 23:00:00+00:00,0.04234490683091265,0.02327286624200049,0.0,0.0
2025-10-04 00:00:00+00:00,0.05874829496930641,0.01683450822702439,0.0,0.0
2025-10-04 01:00:00+00:00,0.04083724525261493,0.01812312272971326,0.0,0.0
2025-10-04 02:00:00+00:00,0.035310184208392,0.031598400045527754,0.0,0.0
2025-10-04 03:00:00+00:00,0.055352592959869495,0.01592526931779081,0.0,0.0
2025-10-04 04:00:00+00:00,0.053087278940358286,0.013478539578249044,0.0,0.0
2025-10-04 05:00:00+00:00,0.07107102533169858,0.018532218979034665,0.0,0.0
2025-10-04 06:00:00+00:00,0.054923873767617,0.01655795615117593,0.0,0.0
2025-10-04 07:00:00+00:00,0.042695701078411696,0.01631521727730191,0.0,0.0
2025-10-04 08:00:00+00:00,0.047439211296650526,0.015921690520675866,0.0,0.0
2025-10-04 09:00:00+00:00,0.033707569711758874,0.010436346190229831,0.0,0.0
2025-10-04 10:00:00+00:00,0.03242718548817575,0.009594769363904033,0.0,0.0
2025-10-04 11:00:00+00:00,0.05130823519861069,0.007722032893182869,0.0,0.0
2025-10-04 12:00:00+00:00,0.06036251707737273,0.0074821197409726875,0.0,0.0
2025-10-04 13:00:00+00:00,0.14979990410193353,0.011011949936618179,0.0,0.0
2025-10-04 14:00:00+00:00,0.08438981839679133,0.01586586335237092,0.0,0.0
2025-10-04 15:00:00+00:00,0.10297201808120866,0.02244930918983132,0.0,0.0
2025-10-04 16:00:00+00:00,0.10015695422155645,0.01947944683871285,0.0,0.0
2025-10-04 17:00:00+00:00,0.03992138469696879,0.023363020439369952,0.0,0.0
2025-10-04 18:00:00+00:00,0.02552092813488822,0.011449622193900326,0.0,0.0
2025-10-04 19:00:00+00:00,0.033892021803006246,0.013273053940174447,0.0,0.0
2025-10-04 20:00:00+00:00,0.037829360079605766,0.014213767378304543,0.0,0.0
2025-10-04 21:00:00+00:00,0.06976948573315618,0.015983754185936176,0.0,0.0
2025-10-04 22:00:00+00:00,0.04690879631334157,0.015012260367114505,0.0,0.0
2025-10-04 23:00:00+00:00,0.0380501562793052,0.007884118401430393,0.0,0.0
2025-10-05 00:00:00+00:00,0.16058124921800324,0.015008023792282403,0.0,0.0
2025-10-05 01:00:00+00:00,0.19353709753039594,0.008056351296673014,0.0,0.0
2025-10-05 02:00:00+00:00,0.22789291540586068,0.009075027437268906,0.0,0.0
2025-10-05 03:00:00+00:00,0.22510704942631587,0.022283163187203938,0.0,0.0
2025-10-05 04:00:00+00:00,0.23306375009597238,0.02050874302547945,0.0,0.0
2025-10-05 05:00:00+00:00,0.18092622636762226,0.011643815624613918,0.0,0.0
2025-10-05 06:00:00+00:00,0.22440717437703936,0.026876525258596514,0.0,0.0
2025-10-05 07:00:00+00:00,0.2115310175196968,0.02157102933017405,0.0,0.0
2025-10-05 08:00:00+00:00,0.13815076796850242,0.026929602245414862,0.0,0.0
2025-10-05 09:00:00+00:00,0.1404897259731839,0.02230421011091861,0.0,0.0
2025-10-05 10:00:00+00:00,0.09069269655603673,0.020900221945295738,0.0,0.0
2025-10-05 11:00:00+00:00,0.08614296896290997,0.026239728638229282,0.0,0.0
2025-10-05 12:00:00+00:00,0.14150729738495058,0.09130033007721038,0.0,0.0
2025-10-05 13:00:00+00:00,0.14895475802113906,0.04319406703901979,0.0,0.0
2025-10-05 14:00:00+00:00,0.1322364741883383,0.039565454141877676,0.0,0.0
2025-10-05 15:00:00+00:00,0.1316300233840181,0.0357818099540152,0.0,0.0
2025-10-05 16:00:00+00:00,0.16580845404797095,0.02985073923274045,0.0,0.0
2025-10-05 17:00:00+00:00,0.13978609164111164,0.02091702277608252,0.0,0.0
2025-10-05 18:00:00+00:00,0.14680289538828753,0.03744641894881053,0.0,0.0
2025-10-05 19:00:00+00:00,0.10958341902494544,0.02677908087200846,0.0,0.0
2025-10-05 20:00:00+00:00,0.09613095211528537,0.031855500416269784,0.0,0.0
2025-10-05 21:00:00+00:00,0.08117627571300928,0.02292599173587255,0.0,0.0
2025-10-05 22:00:00+00:00,0.15482361182537507,0.03229077242054506,0.0,0.0
2025-10-05 23:00:00+00:00,0.19100968750186678,0.038431108210264964,0.0,0.0
2025-10-06 00:00:00+00:00,0.2606161442658717,0.05830977795749542,0.0,0.0
2025-10-06 01:00:00+00:00,0.2784050743962064,0.037548575035926776,0.0,0.0
2025-10-06 02:00:00+00:00,0.23112560889290426,0.03260581167389209,0.0,0.0
2025-10-06 03:00:00+00:00,0.20008164871781733,0.049853118157436906,0.0,0.0
2025-10-06 04:00:00+00:00,0.15921643119883713,0.03459796193129521,0.0,0.0
2025-10-06 05:00:00+00:00,0.1786298790032438,0.02969981075205801,0.0,0.0
2025-10-06 06:00:00+00:00,0.22368658120001617,0.03449310362235517,0.0,0.0
2025-10-06 07:00:00+00:00,0.17821767420674836,0.033471565037373134,0.0,0.0
2025-10-06 08:00:00+00:00,0.18622862752252312,0.027080217131767403,0.0,0.0
2025-10-06 09:00:00+00:00,0.149495835560296,0.02188373354054404,0.0,0.0
2025-10-06 10:00:00+00:00,0.1286378500932206,0.027533379364569798,0.0,0.0
2025-10-06 11:00:00+00:00,0.14327089284682676,0.019657593300877612,0.0,0.0
2025-10-06 12:00:00+00:00,0.15952206427808827,0.014117101131294482,0.0,0.0
2025-10-06 13:00:00+00:00,0.15834029279742703,0.009269927365422072,0.0,0.0
2025-10-06 14:00:00+00:00,0.14832701440471077,0.023275388567936126,0.0,0.0
2025-10-06 15:00:00+00:00,0.1344804470444478,0.019502857486395683,0.0,0.0
2025-10-06 16:00:00+00:00,0.14567437232390404,0.026022440475166535,0.0,1.0
2025-10-06 17:00:00+00:00,0.15802463926744226,0.0423473139616155,0.0,1.0
2025-10-06 18:00:00+00:00,0.15107605061404003,0.014803022593476975,0.0,1.0
2025-10-06 19:00:00+00:00,0.14723547069460194,0.04425590118918684,0.0,1.0
2025-10-06 20:00:00+00:00,0.11563299165800138,0.0489476027454862,0.0,0.0
2025-10-06 21:00:00+00:00,0.14130648188265205,0.02578005412391039,0.0,0.0
2025-10-06 22:00:00+00:00,0.11363021306104565,0.04159637120890158,0.0,0.0
2025-10-06 23:00:00+00:00,0.10869157410793266,0.023756268784912354,0.0,0.0
2025-10-07 00:00:00+00:00,0.07223985646858945,0.01660700885729612,0.0,0.0
2025-10-07 01:00:00+00:00,0.07818070665979532,0.02024220646785799,0.0,0.0
2025-10-07 02:00:00+00:00,0.06423298354537961,0.03720700661338014,0.0,0.0
2025-10-07 03:00:00+00:00,0.057737761379162866,0.019999952165931964,0.0,0.0
2025-10-07 04:00:00+00:00,0.06716645033928927,0.028193220189291195,0.0,0.0
2025-10-07 05:00:00+00:00,0.07945110842132075,0.028153817171696054,0.0,0.0
2025-10-07 06:00:00+00:00,0.0849936227079141,0.034391085389012026,0.0,0.0
2025-10-07 07:00:00+00:00,0.08056302169154649,0.026455640657132906,0.0,0.0
2025-10-07 08:00:00+00:00,0.10685383272377307,0.030561520963349197,0.0,0.0
2025-10-07 09:00:00+00:00,0.09519646621820964,0.03381866365146499,0.0,0.0
2025-10-07 10:00:00+00:00,0.09079269692561821,0.03228947894358506,0.0,0.0
2025-10-07 11:00:00+00:00,0.12556754429267877,0.023583176131872455,0.0,0.0
2025-10-07 12:00:00+00:00,0.17863574327359213,0.02201432838090484,0.0,0.0
2025-10-07 13:00:00+00:00,0.10193670707807172,0.04544425358709142,0.0,0.0
2025-10-07 14:00:00+00:00,0.07936233083497136,0.03651487309492869,0.0,0.0
2025-10-07 15:00:00+00:00,0.0872959951934048,0.011881820574195755,0.0,0.0
2025-10-07 16:00:00+00:00,0.07408361747647886,0.023910340757759996,0.0,0.0
2025-10-07 17:00:00+00:00,0.0937118270339668,0.010744376838111443,0.0,0.0
2025-10-07 18:00:00+00:00,0.07158908232334266,0.0070067209860823565,0.0,0.0
2025-10-07 19:00:00+00:00,0.0720850924368263,0.009871791615182075,0.0,0.0
2025-10-07 20:00:00+00:00,0.04449256128265725,0.0241888178091104,0.0,0.0
2025-10-07 21:00:00+00:00,0.037960663726233815,0.04388337515837506,0.0,0.0
2025-10-07 22:00:00+00:00,0.02966316103076738,0.03739698725821366,0.0,0.0
2025-10-07 23:00:00+00:00,0.030617094642621186,0.06070416152598099,0.0,0.0
2025-10-08 00:00:00+00:00,0.043166402518584925,0.04587705606264244,0.0,0.0
2025-10-08 01:00:00+00:00,0.0378113242763655,0.05549213832758987,0.0,0.0
2025-10-08 02:00:00+00:00,0.03432738161054796,0.05325218530799045,0.0,0.0
2025-10-08 03:00:00+00:00,0.05358608848325717,0.04359571782984126,0.0,0.0
2025-10-08 04:00:00+00:00,0.04510598216327924,0.03612182365752906,0.0,0.0
2025-10-08 05:00:00+00:00,0.07282106988875671,0.06378626581514579,0.0,0.0
2025-10-08 06:00:00+00:00,0.0341016287974316,0.05092832659586469,0.0,0.0
2025-10-08 07:00:00+00:00,0.052853480713680435,0.0642418295478779,0.0,0.0
2025-10-08 08:00:00+00:00,0.08849822044849355,0.08528859597709276,0.0,0.0
2025-10-08 09:00:00+00:00,0.0653734202158709,0.058770144289245214,0.0,0.0
2025-10-08 10:00:00+00:00,0.0546416381344608,0.08386909981132414,0.0,0.0
2025-10-08 11:00:00+00:00,0.06568023649947682,0.04004172641779896,0.0,0.0
2025-10-08 12:00:00+00:00,0.038427805174126445,0.04383479407090313,0.0,0.0
2025-10-08 13:00:00+00:00,0.031198790617210367,0.03295410111878976,0.0,0.0
2025-10-08 14:00:00+00:00,0.021123975178314793,0.04381556545536614,0.0,0.0
2025-10-08 15:00:00+00:00,0.01415166000225821,0.023019471658604292,0.0,0.0
2025-10-08 16:00:00+00:00,0.014178497233655274,0.04771030113133218,0.0,0.0
2025-10-08 17:00:00+00:00,0.0186119713791742,0.03735344993158596,0.0,0.0
2025-10-08 18:00:00+00:00,0.023223625747806755,0.04705255778764753,0.0,0.0
2025-10-08 19:00:00+00:00,0.013614584847126571,0.06662578884923338,0.0,0.0
2025-10-08 20:00:00+00:00,0.014966609564057773,0.04840233717552483,0.0,0.0
2025-10-08 21:00:00+00:00,0.008372483237458402,0.03608232505618315,0.0,0.0
2025-10-08 22:00:00+00:00,0.012680674635645484,0.061490911063190316,0.0,0.0
2025-10-08 23:00:00+00:00,0.017394387016708285,0.030650633229340626,0.0,0.0
2025-10-09 00:00:00+00:00,0.027105237935955973,0.023308227235973585,0.0,0.0
2025-10-09 01:00:00+00:00,0.03126119964874393,0.017987546071097583,0.0,0.0
2025-10-09 02:00:00+00:00,0.03587642139849661,0.013130009601264784,0.0,0.0
2025-10-09 03:00:00+00:00,0.013010849973337643,0.029266242863743883,0.0,0.0
2025-10-09 04:00:00+00:00,0.016086448823729383,0.036042548588113676,0.0,0.0
2025-10-09 05:00:00+00:00,0.014358312080567962,0.03294421617293977,0.0,0.0
2025-10-09 06:00:00+00:00,0.021772638909647705,0.030959312231194542,0.0,0.0
2025-10-09 07:00:00+00:00,0.017902560272839926,0.025419051397034223,0.0,0.0
2025-10-09 08:00:00+00:00,0.031250183691056546,0.01256372377697954,0.0,0.0
2025-10-09 09:00:00+00:00,0.021927134368573315,0.0377566675867878,0.0,0.0
2025-10-09 10:00:00+00:00,0.028535649096859416,0.05231051391147908,0.0,0.0
2025-10-09 11:00:00+00:00,0.037998816783620375,0.08228762944148481,0.0,0.0
2025-10-09 12:00:00+00:00,0.05753405250976127,0.067920688436662,0.0,0.0
2025-10-09 13:00:00+00:00,0.06838857377263119,0.03860767157211312,0.0,0.0
2025-10-09 14:00:00+00:00,0.06835883751821237,0.04022042813217591,0.0,0.0
2025-10-09 15:00:00+00:00,0.04670420408899956,0.04236185325715222,0.0,0.0
2025-10-09 16:00:00+00:00,0.10475471807466626,0.020674855099365258,0.0,0.0
2025-10-09 17:00:00+00:00,0.04833202674749637,0.01091042461066491,0.0,0.0
2025-10-09 18:00:00+00:00,0.06041038529566468,0.02365288196412871,0.0,0.0
2025-10-09 19:00:00+00:00,0.032859590597076965,0.014697728492665091,0.0,1.0
2025-10-09 20:00:00+00:00,0.04221550348763089,0.020761097286763664,0.0,1.0
2025-10-09 21:00:00+00:00,0.025586892511943956,0.03438180199667911,0.0,1.0
2025-10-09 22:00:00+00:00,0.031193141802738963,0.020879049340261704,0.0,1.0
2025-10-09 23:00:00+00:00,0.03681236918524758,0.019854582520185068,0.0,1.0
2025-10-10 00:00:00+00:00,0.008857715603019215,0.01799667249267433,0.0,1.0
2025-10-10 01:00:00+00:00,0.011775340625331863,0.02456890534695776,0.0,1.0
2025-10-10 02:00:00+00:00,0.012058684037361864,0.03316131581451017,0.0,1.0
2025-10-10 03:00:00+00:00,0.009546668398933133,0.05385272602541905,0.0,1.0
2025-10-10 04:00:00+00:00,0.005781683656402589,0.03569480869048467,0.0,1.0
2025-10-10 05:00:00+00:00,0.007497689204890631,0.038216955700412926,0.0,1.0
2025-10-10 06:00:00+00:00,0.009909384603435807,0.046215187000947976,0.0,1.0
2025-10-10 07:00:00+00:00,0.010709949607610363,0.04328797542327165,0.0,1.0
2025-10-10 08:00:00+00:00,0.011969363424212372,0.06881790980083433,0.0,1.0
2025-10-10 09:00:00+00:00,0.013503268951166854,0.04491765190882165,0.0,1.0
2025-10-10 10:00:00+00:00,0.007782593141107837,0.0974939305673983,0.0,1.0
2025-10-10 11:00:00+00:00,0.01174753380010994,0.03506868668207534,0.0,1.0
2025-10-10 12:00:00+00:00,0.00919179994683877,0.04610687353981524,0.0,1.0
2025-10-10 13:00:00+00:00,0.02881773713540975,0.02930111617432844,0.0,1.0
2025-10-10 14:00:00+00:00,0.019532992485892797,0.034035774715996635,0.0,1.0
2025-10-10 15:00:00+00:00,0.02635168897021006,0.011500543544347992,0.0,1.0
2025-10-10 16:00:00+00:00,0.019120968566519365,0.015154382463901281,0.0,1.0
2025-10-10 17:00:00+00:00,0.00862330033371418,0.003712533686371346,0.0,1.0
2025-10-10 18:00:00+00:00,0.006344133930670664,0.003533736132503586,0.0,1.0
2025-10-10 19:00:00+00:00,0.011251777640798965,0.001989525647744503,0.0,1.0
2025-10-10 20:00:00+00:00,0.0665568601622843,0.0014453436053367857,0.0,1.0
2025-10-10 21:00:00+00:00,0.10031991225758392,0.000429029048676931,0.0,0.0
2025-10-10 22:00:00+00:00,0.060445018492517794,0.0009998667021600832,0.0,0.0
2025-10-10 23:00:00+00:00,0.030210471189585947,0.0030282336630939846,0.0,0.0
2025-10-11 00:00:00+00:00,0.06189754906093447,0.004347149571700876,0.0,0.0
2025-10-11 01:00:00+00:00,0.07328315770116443,0.003217333992510342,0.0,0.0
2025-10-11 02:00:00+00:00,0.08730228151305831,0.006009883917079035,0.0,0.0
2025-10-11 03:00:00+00:00,0.0808791102022148,0.004168088777409822,0.0,0.0
2025-10-11 04:00:00+00:00,0.07871761485321616,0.01632190256806831,0.0,0.0
2025-10-11 05:00:00+00:00,0.06784115139390001,0.007874012737965324,0.0,0.0
2025-10-11 06:00:00+00:00,0.031303150213245,0.010608808406812104,0.0,0.0
2025-10-11 07:00:00+00:00,0.1149787158672737,0.005678305986405187,0.0,0.0
2025-10-11 08:00:00+00:00,0.059127856177327735,0.014491043559444174,0.0,0.0
2025-10-11 09:00:00+00:00,0.025529684533711947,0.016791818385409586,0.0,0.0
2025-10-11 10:00:00+00:00,0.02013744655474223,0.008615655206594087,0.0,0.0
2025-10-11 11:00:00+00:00,0.006079501920861446,0.024765104533135542,0.0,0.0
2025-10-11 12:00:00+00:00,0.010540292498396933,0.016466712914778917,0.0,0.0
2025-10-11 13:00:00+00:00,0.007976193857796236,0.014515161067947686,0.0,0.0
2025-10-11 14:00:00+00:00,0.0033422941624507378,0.015527564733593334,0.0,0.0
2025-10-11 15:00:00+00:00,0.002326477480770007,0.019970377759332258,0.0,0.0
2025-10-11 16:00:00+00:00,0.002223903831412289,0.020042853233808257,0.0,0.0
2025-10-11 17:00:00+00:00,0.0007382830485514364,0.018231636250842686,0.0,0.0
2025-10-11 18:00:00+00:00,0.0006883222941586343,0.022230166376352167,0.0,0.0
2025-10-11 19:00:00+00:00,0.001966302550977821,0.030266645841150592,0.0,0.0
2025-10-11 20:00:00+00:00,0.0015758880910925626,0.0344436488402962,1.0,0.0
2025-10-11 21:00:00+00:00,0.0008483772072661279,0.019568753605748907,0.0,0.0
2025-10-11 22:00:00+00:00,0.0019329924917212374,0.02422471414231675,0.0,0.0
2025-10-11 23:00:00+00:00,0.002131811366601707,0.027215845623225116,1.0,0.0
2025-10-12 00:00:00+00:00,0.026285282742993302,0.033198721026769386,1.0,0.0
2025-10-12 01:00:00+00:00,0.009806240864387012,0.03656295626576498,1.0,0.0
2025-10-12 02:00:00+00:00,0.011073710078750904,0.03821880388771343,1.0,0.0
2025-10-12 03:00:00+00:00,0.008351140699770781,0.036492167502003035,0.0,0.0
2025-10-12 04:00:00+00:00,0.014079679646477153,0.042682245995575484,0.0,0.0
2025-10-12 05:00:00+00:00,0.012927435816861723,0.02635883970046851,0.0,0.0
2025-10-12 06:00:00+00:00,0.011317107268783497,0.05616599277616365,0.0,0.0
2025-10-12 07:00:00+00:00,0.0029734398604492375,0.021332077937744855,0.0,0.0
2025-10-12 08:00:00+00:00,0.0035248333211814185,0.056654728234876495,0.0,0.0
2025-10-12 09:00:00+00:00,0.0039789928191554,0.06671869961883337,0.0,0.0
2025-10-12 10:00:00+00:00,0.003051608021873889,0.05537262800925794,0.0,0.0
2025-10-12 11:00:00+00:00,0.0034473098761744693,0.06286772198057777,0.0,0.0
2025-10-12 12:00:00+00:00,0.0037641440777644356,0.06892119089108827,0.0,0.0
2025-10-12 13:00:00+00:00,0.004942031156131758,0.050885775870102956,0.0,0.0
2025-10-12 14:00:00+00:00,0.003649470946122777,0.07462819894012045,0.0,0.0
2025-10-12 15:00:00+00:00,0.003085318098413761,0.0534288445310597,0.0,0.0
2025-10-12 16:00:00+00:00,0.0034615756675527285,0.05249764202499691,0.0,0.0
2025-10-12 17:00:00+00:00,0.005480653490967088,0.06920433492217627,0.0,0.0
2025-10-12 18:00:00+00:00,0.004835103188547144,0.06525277533619679,0.0,0.0
2025-10-12 19:00:00+00:00,0.0034202207770006807,0.04491044630280452,0.0,0.0
2025-10-12 20:00:00+00:00,0.0019447475804012994,0.039943328042107006,0.0,0.0
2025-10-12 21:00:00+00:00,0.0031918437748626976,0.04236130589908777,0.0,0.0
2025-10-12 22:00:00+00:00,0.004017169893844885,0.042666418753930326,0.0,0.0
2025-10-12 23:00:00+00:00,0.006172393562424043,0.05028696585277203,0.0,0.0
2025-10-13 00:00:00+00:00,0.007616879508336136,0.039751988064586935,0.0,0.0
2025-10-13 01:00:00+00:00,0.008786474183341867,0.010098724410363311,0.0,0.0
2025-10-13 02:00:00+00:00,0.030742061460667058,0.04145607396854944,0.0,0.0
2025-10-13 03:00:00+00:00,0.05316368001930757,0.074897312253329,0.0,0.0
2025-10-13 04:00:00+00:00,0.06025764615604844,0.039575701073510106,0.0,0.0
2025-10-13 05:00:00+00:00,0.09155778028924688,0.02968424007279771,0.0,0.0
2025-10-13 06:00:00+00:00,0.14970043614753073,0.03657896468238804,0.0,0.0
2025-10-13 07:00:00+00:00,0.13985468368479834,0.034892611140469446,0.0,0.0
2025-10-13 08:00:00+00:00,0.1360939076702605,0.04925579270031646,0.0,0.0
2025-10-13 09:00:00+00:00,0.14571108332938495,0.041272509243269494,0.0,0.0
2025-10-13 10:00:00+00:00,0.11624442123778368,0.05162803977422409,0.0,0.0
2025-10-13 11:00:00+00:00,0.1616385852548163,0.04787888947031019,0.0,0.0
2025-10-13 12:00:00+00:00,0.1922690668913883,0.0662293223378078,0.0,0.0
2025-10-13 13:00:00+00:00,0.1266506121820706,0.061101300485111455,0.0,0.0
2025-10-13 14:00:00+00:00,0.19053903197711186,0.06500362272125645,0.0,0.0
2025-10-13 15:00:00+00:00,0.13126215264591826,0.07334455790765483,0.0,0.0
2025-10-13 16:00:00+00:00,0.11715196881559535,0.059760857314915816,0.0,0.0
2025-10-13 17:00:00+00:00,0.12421039845627875,0.08903711660321895,0.0,0.0
2025-10-13 18:00:00+00:00,0.12554522173637517,0.06295412076828857,0.0,0.0
2025-10-13 19:00:00+00:00,0.16332787806201385,0.0262212383630758,0.0,0.0
2025-10-13 20:00:00+00:00,0.16943904879702987,0.02127641496216418,0.0,0.0
2025-10-13 21:00:00+00:00,0.12255726120504361,0.04022437171179808,0.0,0.0
2025-10-13 22:00:00+00:00,0.11372718479959,0.03686968002935491,0.0,0.0
2025-10-13 23:00:00+00:00,0.12726438265417983,0.05410407718165922,0.0,0.0
2025-10-14 00:00:00+00:00,0.080276678210992,0.04316164228035926,0.0,0.0
2025-10-14 01:00:00+00:00,0.08952779845617624,0.0448205351127837,0.0,0.0
2025-10-14 02:00:00+00:00,0.11122447524400025,0.025825372009056224,0.0,0.0
2025-10-14 03:00:00+00:00,0.10559744243808761,0.020542891217872807,0.0,0.0
2025-10-14 04:00:00+00:00,0.10861409317232372,0.026223785060656618,0.0,0.0
2025-10-14 05:00:00+00:00,0.12276515186163933,0.036082061202407936,0.0,0.0
2025-10-14 06:00:00+00:00,0.1350469087775479,0.019464458492038417,0.0,0.0
2025-10-14 07:00:00+00:00,0.10130500290823859,0.022955018977966448,0.0,0.0
2025-10-14 08:00:00+00:00,0.09709046446454868,0.02638714910229113,0.0,0.0
2025-10-14 09:00:00+00:00,0.13903045141611314,0.023634461316299274,0.0,0.0
2025-10-14 10:00:00+00:00,0.1592279876655874,0.016661960711210237,0.0,0.0
2025-10-14 11:00:00+00:00,0.125880614358248,0.027552595733381664,0.0,0.0
2025-10-14 12:00:00+00:00,0.12128548870818105,0.024603371692478986,0.0,0.0
2025-10-14 13:00:00+00:00,0.10940099161561412,0.031546248093552214,0.0,0.0
2025-10-14 14:00:00+00:00,0.05811921351121796,0.029826508608685003,0.0,0.0
2025-10-14 15:00:00+00:00,0.04476819210567712,0.05499881489867264,0.0,0.0
2025-10-14 16:00:00+00:00,0.04502306637414443,0.037153626998785334,0.0,0.0
2025-10-14 17:00:00+00:00,0.0216104278042564,0.061916454976256474,0.0,0.0
2025-10-14 18:00:00+00:00,0.02048463992410284,0.029992930109099276,0.0,0.0
2025-10-14 19:00:00+00:00,0.018813958031652738,0.053000097094576835,0.0,0.0
2025-10-14 20:00:00+00:00,0.015162409847195047,0.021102298797325513,0.0,0.0
2025-10-14 21:00:00+00:00,0.02081470775950695,0.028235671292404035,0.0,0.0
2025-10-14 22:00:00+00:00,0.02300531270103919,0.033888582190972266,0.0,0.0
2025-10-14 23:00:00+00:00,0.015404558710637789,0.030623200960761418,0.0,0.0
2025-10-15 00:00:00+00:00,0.024046275930369038,0.03398203530103214,0.0,0.0
2025-10-15 01:00:00+00:00,0.026709959525711483,0.04158984686133016,0.0,0.0
2025-10-15 02:00:00+00:00,0.01630384864734824,0.05120959535068573,0.0,0.0
2025-10-15 03:00:00+00:00,0.01829665596948098,0.037123651788557845,0.0,0.0
2025-10-15 04:00:00+00:00,0.01641664762193901,0.04326593867553446,0.0,0.0
2025-10-15 05:00:00+00:00,0.010908348499124339,0.034045994395180725,0.0,0.0
2025-10-15 06:00:00+00:00,0.011213823598971495,0.04647824794795904,0.0,0.0
2025-10-15 07:00:00+00:00,0.011395361987364854,0.05486393361434106,0.0,0.0
2025-10-15 08:00:00+00:00,0.01910118636658405,0.056322499843577206,0.0,0.0
2025-10-15 09:00:00+00:00,0.013361716409464756,0.05166979225899135,0.0,0.0
2025-10-15 10:00:00+00:00,0.007840163785796841,0.05310833624416616,0.0,0.0
2025-10-15 11:00:00+00:00,0.01674143601541885,0.034483498026069793,0.0,0.0
2025-10-15 12:00:00+00:00,0.015488245736207183,0.0645055333887632,0.0,0.0
2025-10-15 13:00:00+00:00,0.020644538788509196,0.027523959203843595,0.0,0.0
2025-10-15 14:00:00+00:00,0.026230566373256648,0.04203870400569065,0.0,0.0
2025-10-15 15:00:00+00:00,0.014668628001817362,0.016994115701126154,0.0,0.0
2025-10-15 16:00:00+00:00,0.007437244999865473,0.02187117352194447,0.0,0.0
2025-10-15 17:00:00+00:00,0.009568765351975215,0.018264708747742612,0.0,0.0
2025-10-15 18:00:00+00:00,0.006678423523708593,0.030298467001284902,0.0,0.0
2025-10-15 19:00:00+00:00,0.005410016338447117,0.025456327374999546,0.0,0.0
2025-10-15 20:00:00+00:00,0.008631953865259629,0.031189514502291932,0.0,0.0
2025-10-15 21:00:00+00:00,0.006770995577052488,0.028745081102778968,0.0,0.0
2025-10-15 22:00:00+00:00,0.004734892405203709,0.017073016496012214,0.0,0.0
2025-10-15 23:00:00+00:00,0.005672736889099163,0.02203037659708161,0.0,0.0
2025-10-16 00:00:00+00:00,0.00527110986705195,0.01679190621348191,0.0,0.0
2025-10-16 01:00:00+00:00,0.011386911545308673,0.02387065755417835,0.0,0.0
2025-10-16 02:00:00+00:00,0.013231061630343577,0.022773413669543968,0.0,0.0
2025-10-16 03:00:00+00:00,0.006349286971234494,0.03702290046625294,0.0,0.0
2025-10-16 04:00:00+00:00,0.008231832083383921,0.04655180793076636,0.0,0.0
2025-10-16 05:00:00+00:00,0.005522290918746498,0.04430998539713208,0.0,0.0
2025-10-16 06:00:00+00:00,0.009595246906228585,0.062066523956138576,0.0,1.0
2025-10-16 07:00:00+00:00,0.010724340187421508,0.028956295181479495,0.0,1.0
2025-10-16 08:00:00+00:00,0.004198940898577621,0.05282230109433203,0.0,1.0
2025-10-16 09:00:00+00:00,0.00740457469221974,0.03849278838768303,0.0,1.0
2025-10-16 10:00:00+00:00,0.004065138162774195,0.05647672769663073,0.0,1.0
2025-10-16 11:00:00+00:00,0.005456566317009641,0.06281124355218866,0.0,1.0
2025-10-16 12:00:00+00:00,0.006866662967064852,0.027849829630412187,0.0,1.0
2025-10-16 13:00:00+00:00,0.007344987139361522,0.03083804537517566,0.0,1.0
2025-10-16 14:00:00+00:00,0.009402135860848518,0.05153264030948943,0.0,1.0
2025-10-16 15:00:00+00:00,0.027102045374854625,0.007424908704393023,0.0,0.0
2025-10-16 16:00:00+00:00,0.018771753022953204,0.011352078767108184,0.0,0.0
2025-10-16 17:00:00+00:00,0.03397214437449134,0.015344870989231735,0.0,0.0
2025-10-16 18:00:00+00:00,0.025790538012786916,0.023247810288713772,0.0,0.0
2025-10-16 19:00:00+00:00,0.051087284916738536,0.014187435109628258,0.0,0.0
2025-10-16 20:00:00+00:00,0.038405330905332,0.035999060504818714,0.0,0.0
2025-10-16 21:00:00+00:00,0.0422124635634509,0.010465426458674461,0.0,0.0
2025-10-16 22:00:00+00:00,0.0272341612125114,0.008232140028609019,0.0,0.0
2025-10-16 23:00:00+00:00,0.028114862091812406,0.02402071920864357,0.0,0.0
2025-10-17 00:00:00+00:00,0.049156927462651025,0.026858331142435864,0.0,0.0
2025-10-17 01:00:00+00:00,0.029487634093976995,0.03738459960580229,0.0,0.0
2025-10-17 02:00:00+00:00,0.06068558384698491,0.07232128022309721,0.0,0.0
2025-10-17 03:00:00+00:00,0.021615157657757237,0.04268835154724926,0.0,0.0
2025-10-17 04:00:00+00:00,0.018869686031413316,0.04117509315222294,0.0,0.0
2025-10-17 05:00:00+00:00,0.020918116664120922,0.051789488936264366,0.0,0.0
2025-10-17 06:00:00+00:00,0.05773462207007691,0.04063612711979344,0.0,0.0
2025-10-17 07:00:00+00:00,0.035446451246629596,0.023851902302436483,0.0,0.0
2025-10-17 08:00:00+00:00,0.027460822028019107,0.019251205712879756,0.0,0.0
2025-10-17 09:00:00+00:00,0.01648371732347943,0.015891262562566393,0.0,0.0
2025-10-17 10:00:00+00:00,0.02531285165496333,0.00691900483308406,0.0,0.0
2025-10-17 11:00:00+00:00,0.04158718739822274,0.012427351316300834,0.0,0.0
2025-10-17 12:00:00+00:00,0.03769027100722824,0.010635104555004113,0.0,0.0
2025-10-17 13:00:00+00:00,0.07604245285589217,0.0325917206992048,0.0,0.0
2025-10-17 14:00:00+00:00,0.09720725833252543,0.01869998378638206,0.0,0.0
2025-10-17 15:00:00+00:00,0.044947657415507526,0.02964436130373918,0.0,0.0
2025-10-17 16:00:00+00:00,0.040432898018534245,0.014058244720182205,0.0,0.0
2025-10-17 17:00:00+00:00,0.014722309999111394,0.03676888100531785,0.0,0.0
2025-10-17 18:00:00+00:00,0.0068899675021142,0.07936542258647905,0.0,0.0
2025-10-17 19:00:00+00:00,0.005302168538441587,0.030110230927440668,0.0,0.0
2025-10-17 20:00:00+00:00,0.0044997319270430785,0.039416866919058685,0.0,0.0
2025-10-17 21:00:00+00:00,0.0037072400382899984,0.01911432799784291,0.0,0.0
2025-10-17 22:00:00+00:00,0.004315365336137402,0.037433017685896026,0.0,0.0
2025-10-17 23:00:00+00:00,0.009644451354440543,0.03538551998000861,0.0,0.0
2025-10-18 00:00:00+00:00,0.006851638762886458,0.02076311212754446,0.0,0.0
2025-10-18 01:00:00+00:00,0.01880259982754728,0.04328969060138856,0.0,0.0
2025-10-18 02:00:00+00:00,0.02274338600332565,0.08270973823309086,0.0,0.0
2025-10-18 03:00:00+00:00,0.011691476965654446,0.04614456516476464,0.0,0.0
2025-10-18 04:00:00+00:00,0.013382606445769211,0.049014200062761866,0.0,0.0
2025-10-18 05:00:00+00:00,0.008637710284156571,0.03825374165788864,0.0,0.0
2025-10-18 06:00:00+00:00,0.00387430726021468,0.026636215060169412,0.0,0.0
2025-10-18 07:00:00+00:00,0.004647529907012295,0.048585394916847054,0.0,0.0
2025-10-18 08:00:00+00:00,0.002304572151322381,0.08121032048098989,0.0,0.0
2025-10-18 09:00:00+00:00,0.0017111765754314727,0.017531930559807327,0.0,0.0
2025-10-18 10:00:00+00:00,0.002034554145807231,0.047505312487167446,0.0,0.0
2025-10-18 11:00:00+00:00,0.012219874607622987,0.021621579714670148,0.0,0.0
2025-10-18 12:00:00+00:00,0.0044345221295380675,0.05012115240838414,0.0,0.0
2025-10-18 13:00:00+00:00,0.007373969258310984,0.09578592887874553,0.0,0.0
2025-10-18 14:00:00+00:00,0.006483172571225923,0.027658245425778646,0.0,0.0
2025-10-18 15:00:00+00:00,0.002613333681578444,0.06628614059941317,0.0,0.0
2025-10-18 16:00:00+00:00,0.003489810422737044,0.06969154856493477,0.0,0.0
2025-10-18 17:00:00+00:00,0.003762430261870724,0.03957051006752615,0.0,0.0
2025-10-18 18:00:00+00:00,0.0030730593948300085,0.03693310747586049,0.0,0.0
2025-10-18 19:00:00+00:00,0.005196331512130367,0.021955485630153888,0.0,0.0
2025-10-18 20:00:00+00:00,0.004959125619480258,0.03110358715946365,0.0,0.0
2025-10-18 21:00:00+00:00,0.011403845258026365,0.019972795909808466,0.0,0.0
2025-10-18 22:00:00+00:00,0.006991596615054299,0.022757694205154052,0.0,0.0
2025-10-18 23:00:00+00:00,0.006680396104184506,0.013194920583092825,0.0,0.0
2025-10-19 00:00:00+00:00,0.0349529299440097,0.02153123761051896,0.0,0.0
2025-10-19 01:00:00+00:00,0.05239901098795662,0.02053358306883489,0.0,0.0
2025-10-19 02:00:00+00:00,0.026099079154189946,0.01525408361020549,0.0,0.0
2025-10-19 03:00:00+00:00,0.04834316314527241,0.016561983758202566,0.0,0.0
2025-10-19 04:00:00+00:00,0.021214838319310463,0.013881168014118742,0.0,0.0
2025-10-19 05:00:00+00:00,0.021299404784353854,0.020475437176671163,0.0,0.0
2025-10-19 06:00:00+00:00,0.020300145563240345,0.010876724140091486,0.0,0.0
2025-10-19 07:00:00+00:00,0.015480226455018153,0.022619729205206912,0.0,0.0
2025-10-19 08:00:00+00:00,0.019145750516935664,0.015439422155697295,0.0,0.0
2025-10-19 09:00:00+00:00,0.03022551490613601,0.025743872965420463,0.0,0.0
2025-10-19 10:00:00+00:00,0.02112131947167063,0.019683694678243876,0.0,0.0
2025-10-19 11:00:00+00:00,0.026367974250260634,0.03508209424275371,0.0,0.0
2025-10-19 12:00:00+00:00,0.017820115880376144,0.01996026194935194,0.0,0.0
2025-10-19 13:00:00+00:00,0.022452110465171315,0.03862501717100867,0.0,0.0
2025-10-19 14:00:00+00:00,0.019653989702507545,0.02320531398841127,0.0,0.0
2025-10-19 15:00:00+00:00,0.01689652818266241,0.026187417275757296,0.0,0.0
2025-10-19 16:00:00+00:00,0.01660098317623343,0.01618767097079098,0.0,0.0
2025-10-19 17:00:00+00:00,0.022202742734991825,0.023237526026624124,0.0,0.0
2025-10-19 18:00:00+00:00,0.023971468924441266,0.009163985102567383,0.0,0.0
2025-10-19 19:00:00+00:00,0.01905887311079595,0.042407707802666735,0.0,0.0
2025-10-19 20:00:00+00:00,0.01693860909753206,0.048317614094204896,0.0,0.0
2025-10-19 21:00:00+00:00,0.02261941447826889,0.039981790703612574,0.0,0.0
2025-10-19 22:00:00+00:00,0.032286564791356796,0.02384318286768958,0.0,0.0
2025-10-19 23:00:00+00:00,0.02770070869603224,0.041707784204105834,0.0,0.0
2025-10-20 00:00:00+00:00,0.0201109321087132,0.04830582877717401,0.0,0.0
2025-10-20 01:00:00+00:00,0.014429388105234113,0.04937293691349065,0.0,0.0
2025-10-20 02:00:00+00:00,0.01795208813612303,0.03870092891839183,0.0,0.0
2025-10-20 03:00:00+00:00,0.011269965721655673,0.02601476238850478,0.0,0.0
2025-10-20 04:00:00+00:00,0.010834850586001766,0.015430531393423368,0.0,0.0
2025-10-20 05:00:00+00:00,0.01513520472196301,0.012074719673021865,0.0,0.0
2025-10-20 06:00:00+00:00,0.014352417050789998,0.016672154895460853,0.0,0.0
2025-10-20 07:00:00+00:00,0.012573414694686915,0.014422962925465757,0.0,0.0
2025-10-20 08:00:00+00:00,0.006589369809972674,0.016440489286037818,0.0,0.0
2025-10-20 09:00:00+00:00,0.00998271350043652,0.02706771376197949,0.0,0.0
2025-10-20 10:00:00+00:00,0.01464864989688209,0.058763455317200446,0.0,0.0
2025-10-20 11:00:00+00:00,0.017044813968924512,0.029026522071584657,0.0,0.0
2025-10-20 12:00:00+00:00,0.01163849281060699,0.028449432055179257,0.0,0.0
2025-10-20 13:00:00+00:00,0.020778125324464037,0.060655753442458805,0.0,0.0
2025-10-20 14:00:00+00:00,0.02116524342710339,0.04852764270997798,0.0,0.0
2025-10-20 15:00:00+00:00,0.022523666130781262,0.05424202693219112,0.0,0.0
2025-10-20 16:00:00+00:00,0.02138196437647012,0.054247522988059745,0.0,0.0
2025-10-20 17:00:00+00:00,0.02348459380389716,0.07079717920236918,0.0,0.0
2025-10-20 18:00:00+00:00,0.02036747675924171,0.04453287049177737,0.0,0.0
2025-10-20 19:00:00+00:00,0.018762827363819717,0.06960631920592202,0.0,0.0
2025-10-20 20:00:00+00:00,0.022062096260990757,0.048358645080959516,0.0,0.0
2025-10-20 21:00:00+00:00,0.021657303620974577,0.04148034273717996,0.0,0.0
2025-10-20 22:00:00+00:00,0.03313544763017595,0.04962750567936137,0.0,0.0
2025-10-20 23:00:00+00:00,0.026037452042512135,0.019594474464296633,0.0,0.0
2025-10-21 00:00:00+00:00,0.013554692272316095,0.037282243674921084,0.0,0.0
2025-10-21 01:00:00+00:00,0.019926211435392555,0.02614975268849799,0.0,0.0
2025-10-21 02:00:00+00:00,0.02483169688054494,0.04453435722863954,0.0,0.0
2025-10-21 03:00:00+00:00,0.017215360150018188,0.01609482628372998,0.0,0.0
2025-10-21 04:00:00+00:00,0.026685893714714592,0.02473097586051597,0.0,0.0
2025-10-21 05:00:00+00:00,0.016292526710400684,0.0269255839803067,0.0,0.0
2025-10-21 06:00:00+00:00,0.017428915026547816,0.025515291331246453,0.0,0.0
2025-10-21 07:00:00+00:00,0.016655064979049502,0.02837686204912508,0.0,0.0
2025-10-21 08:00:00+00:00,0.023066494468972066,0.050353470306112195,0.0,0.0
2025-10-21 09:00:00+00:00,0.020747214852595324,0.020772193155853456,0.0,0.0
2025-10-21 10:00:00+00:00,0.022897567730073436,0.06012749004514569,0.0,0.0
2025-10-21 11:00:00+00:00,0.017083176379164285,0.051807164914392835,0.0,0.0
2025-10-21 12:00:00+00:00,0.01086304897721039,0.04978156787770679,0.0,0.0
2025-10-21 13:00:00+00:00,0.012964264403663833,0.023125701472221514,0.0,0.0
2025-10-21 14:00:00+00:00,0.008279404625171937,0.015852431488502555,0.0,0.0
2025-10-21 15:00:00+00:00,0.005652496344796681,0.04630033255390423,0.0,0.0
2025-10-21 16:00:00+00:00,0.00819398749137352,0.013255212302504397,0.0,0.0
2025-10-21 17:00:00+00:00,0.005492644232812709,0.05143489255078274,0.0,0.0
2025-10-21 18:00:00+00:00,0.005710710008833859,0.04931293083904433,0.0,0.0
2025-10-21 19:00:00+00:00,0.006430305889075542,0.04029251458290886,0.0,0.0
2025-10-21 20:00:00+00:00,0.006038410779247806,0.023534220412273096,0.0,0.0
2025-10-21 21:00:00+00:00,0.007821764318202395,0.044086336540798604,0.0,0.0
2025-10-21 22:00:00+00:00,0.046022611637947027,0.007277782783525193,0.0,0.0
2025-10-21 23:00:00+00:00,0.035885455590290716,0.013459177983191904,0.0,0.0
2025-10-22 00:00:00+00:00,0.013665159349802026,0.0049170761122078336,0.0,0.0
2025-10-22 01:00:00+00:00,0.012524171715264293,0.017876860461847496,0.0,0.0
2025-10-22 02:00:00+00:00,0.01918545767646603,0.044104463964935205,0.0,0.0
2025-10-22 03:00:00+00:00,0.02233382335253528,0.03662694315071135,0.0,0.0
2025-10-22 04:00:00+00:00,0.014391330169584646,0.03500898975029859,0.0,0.0
2025-10-22 05:00:00+00:00,0.01528769396939527,0.02995008683470231,0.0,0.0
2025-10-22 06:00:00+00:00,0.010167666857385035,0.03004864311638296,0.0,0.0
2025-10-22 07:00:00+00:00,0.026087053680657783,0.05362474158522076,0.0,0.0
2025-10-22 08:00:00+00:00,0.017537762785683243,0.05481424964985442,0.0,0.0
2025-10-22 09:00:00+00:00,0.021929352494237952,0.08992722940634879,0.0,0.0
2025-10-22 10:00:00+00:00,0.12834326718968703,0.025179674403125924,0.0,0.0
2025-10-22 11:00:00+00:00,0.20567319890507893,0.06486536152919421,0.0,0.0
2025-10-22 12:00:00+00:00,0.17837766429850552,0.05443856845677771,0.0,0.0
2025-10-22 13:00:00+00:00,0.10028484947424561,0.06933746748848164,0.0,0.0
2025-10-22 14:00:00+00:00,0.03665513905928305,0.04371216581909373,0.0,0.0
2025-10-22 15:00:00+00:00,0.03648876938204041,0.0437870282058955,0.0,0.0
2025-10-22 16:00:00+00:00,0.01658548518661532,0.07983545009805304,0.0,0.0
2025-10-22 17:00:00+00:00,0.01107631889275443,0.029972077553043458,0.0,0.0
2025-10-22 18:00:00+00:00,0.012150876750532004,0.04258741405690655,0.0,0.0
2025-10-22 19:00:00+00:00,0.014446902575650544,0.03296136118796864,0.0,0.0
2025-10-22 20:00:00+00:00,0.012640462169894262,0.041812564712374906,0.0,0.0
2025-10-22 21:00:00+00:00,0.024276974601865398,0.035041162224214696,0.0,0.0
2025-10-22 22:00:00+00:00,0.0041588245312084915,0.039670895429317156,0.0,0.0
2025-10-22 23:00:00+00:00,0.0037561908442700666,0.03164562387379772,0.0,0.0
2025-10-23 00:00:00+00:00,0.001575953248023976,0.024411283083563457,0.0,0.0
2025-10-23 01:00:00+00:00,0.0023332555583098773,0.031758464224880566,0.0,0.0
2025-10-23 02:00:00+00:00,0.0025455704599813248,0.012000068240802414,0.0,0.0
2025-10-23 03:00:00+00:00,0.0018976723070278298,0.01959168519642324,0.0,0.0
2025-10-23 04:00:00+00:00,0.002646884914910032,0.022831740183932914,0.0,0.0
2025-10-23 05:00:00+00:00,0.0016170863350942202,0.014365031149765234,0.0,0.0
2025-10-23 06:00:00+00:00,0.002501428773717426,0.01438919890597193,0.0,0.0
2025-10-23 07:00:00+00:00,0.0028522444004505255,0.02091791013437327,0.0,0.0
2025-10-23 08:00:00+00:00,0.0015554339747300616,0.0667095149861159,0.0,0.0
2025-10-23 09:00:00+00:00,0.001788604997926416,0.03287586582224284,0.0,0.0
2025-10-23 10:00:00+00:00,0.000903992869831758,0.05430389210392758,0.0,0.0
2025-10-23 11:00:00+00:00,0.0009548507681375126,0.039576202249783886,0.0,0.0
2025-10-23 12:00:00+00:00,0.0012669403112512024,0.028115131578444474,0.0,0.0
2025-10-23 13:00:00+00:00,0.0010493453072189412,0.03761989231741634,0.0,0.0
2025-10-23 14:00:00+00:00,0.0033265720469402224,0.030819824651000288,0.0,0.0
2025-10-23 15:00:00+00:00,0.0009702420314707559,0.018627296032906266,0.0,0.0
2025-10-23 16:00:00+00:00,0.0027172415891699455,0.025187223721786296,0.0,0.0
2025-10-23 17:00:00+00:00,0.002279266383384119,0.013762141377325829,0.0,0.0
2025-10-23 18:00:00+00:00,0.004183511550010394,0.03329935397179389,0.0,0.0
2025-10-23 19:00:00+00:00,0.0019097063559846712,0.03545453649410312,0.0,0.0
2025-10-23 20:00:00+00:00,0.003525344796299944,0.062148595738248234,0.0,0.0
2025-10-23 21:00:00+00:00,0.0016536839021862792,0.046668892505705405,0.0,0.0
2025-10-23 22:00:00+00:00,0.001445595873081459,0.03268329522602543,0.0,0.0
2025-10-23 23:00:00+00:00,0.001717317713168784,0.016197489803214882,0.0,0.0
2025-10-24 00:00:00+00:00,0.0025682688616964614,0.02207696963556553,0.0,0.0
2025-10-24 01:00:00+00:00,0.004279790909727296,0.010970144478310762,0.0,0.0
2025-10-24 02:00:00+00:00,0.004327749660085177,0.010818785850738746,0.0,0.0
2025-10-24 03:00:00+00:00,0.005114536210715721,0.020850098906489024,0.0,0.0
2025-10-24 04:00:00+00:00,0.014692416084795412,0.031004949018794192,0.0,0.0
2025-10-24 05:00:00+00:00,0.009332793478359825,0.015281098598175114,0.0,0.0
2025-10-24 06:00:00+00:00,0.009343470670312406,0.012909384443438678,0.0,0.0
2025-10-24 07:00:00+00:00,0.0037096322506692176,0.025954370402775373,0.0,0.0
2025-10-24 08:00:00+00:00,0.0044398608518730264,0.04037364884277685,0.0,0.0
2025-10-24 09:00:00+00:00,0.00374393919498236,0.02207577925834592,0.0,0.0
2025-10-24 10:00:00+00:00,0.0022148902143671223,0.036666732321837696,0.0,0.0
2025-10-24 11:00:00+00:00,0.0036324123974219302,0.038279238181038136,0.0,0.0
2025-10-24 12:00:00+00:00,0.005401658114271191,0.035216313678573925,0.0,0.0
2025-10-24 13:00:00+00:00,0.009098921881646798,0.055485881615525916,0.0,0.0
2025-10-24 14:00:00+00:00,0.008185230908892038,0.07524181043041378,0.0,0.0
2025-10-24 15:00:00+00:00,0.004596710352530394,0.05257449782041601,0.0,0.0
2025-10-24 16:00:00+00:00,0.005404109756663104,0.06650071651167257,0.0,0.0
2025-10-24 17:00:00+00:00,0.003239372198939959,0.04282224685445316,0.0,0.0
2025-10-24 18:00:00+00:00,0.005568319847812009,0.04321120470077927,0.0,0.0
2025-10-24 19:00:00+00:00,0.0037264756120036755,0.017031816268036237,0.0,0.0
2025-10-24 20:00:00+00:00,0.006801685539930145,0.014577309203205727,0.0,0.0
2025-10-24 21:00:00+00:00,0.008898125799347132,0.018240950487814368,0.0,0.0
2025-10-24 22:00:00+00:00,0.003797347460446079,0.02494063989907303,0.0,0.0
2025-10-24 23:00:00+00:00,0.003845223826057962,0.015227021299348789,0.0,0.0
2025-10-25 00:00:00+00:00,0.01480423624064009,0.02409964205492589,0.0,0.0
2025-10-25 01:00:00+00:00,0.020004216671023034,0.024452539242289194,0.0,0.0
2025-10-25 02:00:00+00:00,0.011855256336950873,0.01746587662162008,0.0,0.0
2025-10-25 03:00:00+00:00,0.009073229153691536,0.021452441567485343,0.0,0.0
2025-10-25 04:00:00+00:00,0.01524917304489763,0.016813436275635914,0.0,0.0
2025-10-25 05:00:00+00:00,0.015046233499067661,0.008305690294016505,0.0,0.0
2025-10-25 06:00:00+00:00,0.011790928264655614,0.0073900909620686905,0.0,0.0
2025-10-25 07:00:00+00:00,0.012881498939319924,0.010085001984119834,0.0,0.0
2025-10-25 08:00:00+00:00,0.013868198509350926,0.005761429788638573,0.0,0.0
2025-10-25 09:00:00+00:00,0.01002044443136259,0.013563974089565577,0.0,0.0
2025-10-25 10:00:00+00:00,0.011468912042559759,0.011675386678323074,0.0,0.0
2025-10-25 11:00:00+00:00,0.009139439866570181,0.010541097134888593,0.0,0.0
2025-10-25 12:00:00+00:00,0.018537903142790718,0.01376443113067199,0.0,0.0
2025-10-25 13:00:00+00:00,0.011016279572403635,0.012689001940241891,0.0,0.0
2025-10-25 14:00:00+00:00,0.005457349735353431,0.01639117580263488,0.0,0.0
2025-10-25 15:00:00+00:00,0.00402584768669704,0.014872526194274727,0.0,0.0
2025-10-25 16:00:00+00:00,0.007233288380747498,0.02327870495212246,0.0,0.0
2025-10-25 17:00:00+00:00,0.0032603244335461285,0.008087665246315627,0.0,0.0
2025-10-25 18:00:00+00:00,0.01053734271959676,0.012211494363340689,0.0,0.0
2025-10-25 19:00:00+00:00,0.005739327231027123,0.011868365976476974,0.0,0.0
2025-10-25 20:00:00+00:00,0.005380598003600347,0.016278550297214155,0.0,0.0
2025-10-25 21:00:00+00:00,0.008063509087308698,0.007195539494990236,0.0,0.0
2025-10-25 22:00:00+00:00,0.009929093518772678,0.01232012095530527,0.0,0.0
2025-10-25 23:00:00+00:00,0.008570278862862093,0.006650750856430736,0.0,0.0
2025-10-26 00:00:00+00:00,0.033174700585425314,0.010156069108195956,0.0,0.0
2025-10-26 01:00:00+00:00,0.030184220548715782,0.007790689019376962,0.0,0.0
2025-10-26 02:00:00+00:00,0.018054714084407977,0.011742119906269067,0.0,0.0
2025-10-26 03:00:00+00:00,0.010147584533511778,0.008558865636427495,0.0,0.0
2025-10-26 04:00:00+00:00,0.016188760142843504,0.006245546780438792,0.0,0.0
2025-10-26 05:00:00+00:00,0.021716409930591565,0.005467281751681845,0.0,0.0
2025-10-26 06:00:00+00:00,0.017395758979597237,0.00711532228676449,0.0,0.0
2025-10-26 07:00:00+00:00,0.0227136127465267,0.0030772737415761847,0.0,0.0
2025-10-26 08:00:00+00:00,0.026864716760692648,0.004922237362499633,0.0,0.0
2025-10-26 09:00:00+00:00,0.0244670768414568,0.006613280349421047,0.0,0.0
2025-10-26 10:00:00+00:00,0.02232113317724797,0.009245560053083775,0.0,0.0
2025-10-26 11:00:00+00:00,0.02415448197090279,0.009522264928156172,0.0,0.0
2025-10-26 12:00:00+00:00,0.018735864190969096,0.008208101975238401,0.0,0.0
2025-10-26 13:00:00+00:00,0.024753305205229007,0.017770111886622118,0.0,0.0
2025-10-26 14:00:00+00:00,0.016584510146554796,0.016890190101643648,0.0,0.0
2025-10-26 15:00:00+00:00,0.020364951551084563,0.02556936859466107,0.0,0.0
2025-10-26 16:00:00+00:00,0.016993106853131615,0.012379053475070331,0.0,0.0
2025-10-26 17:00:00+00:00,0.020836776127951356,0.02041898136554052,0.0,0.0
2025-10-26 18:00:00+00:00,0.024989483319385154,0.01377440719772978,0.0,0.0
2025-10-26 19:00:00+00:00,0.03206914892655838,0.015770273694260827,0.0,0.0
2025-10-26 20:00:00+00:00,0.025046223344161355,0.012970647569495697,0.0,0.0
2025-10-26 21:00:00+00:00,0.04551782906271084,0.01124281283967754,0.0,0.0
2025-10-26 22:00:00+00:00,0.037967721817447196,0.01567918014950748,0.0,0.0
2025-10-26 23:00:00+00:00,0.03604179109786438,0.03597352871883613,0.0,0.0
2025-10-27 00:00:00+00:00,0.01861671245368407,0.03451785919746037,0.0,0.0
2025-10-27 01:00:00+00:00,0.01603199495251888,0.008711644917329632,0.0,0.0
2025-10-27 02:00:00+00:00,0.016470376521709525,0.037060303504675145,0.0,0.0
2025-10-27 03:00:00+00:00,0.018043341187033258,0.02112503037363993,0.0,0.0
2025-10-27 04:00:00+00:00,0.014752466268745372,0.007878425148342248,0.0,0.0
2025-10-27 05:00:00+00:00,0.02082395365995094,0.014500632030523505,0.0,0.0
2025-10-27 06:00:00+00:00,0.024260521722220804,0.01656376389541994,0.0,0.0
2025-10-27 07:00:00+00:00,0.029024595450208465,0.024567751780347213,0.0,0.0
2025-10-27 08:00:00+00:00,0.029057822172175864,0.06721436222247441,0.0,0.0
2025-10-27 09:00:00+00:00,0.02622847076668436,0.03803097281351971,0.0,0.0
2025-10-27 10:00:00+00:00,0.022951166393742548,0.0491353724965799,0.0,0.0
2025-10-27 11:00:00+00:00,0.026696220856580036,0.051029897147686985,0.0,0.0
2025-10-27 12:00:00+00:00,0.037257529536896546,0.048556634724707025,0.0,0.0
2025-10-27 13:00:00+00:00,0.040800813211371266,0.04750413714376301,0.0,0.0
2025-10-27 14:00:00+00:00,0.03832626388692981,0.05795186287366597,0.0,0.0
2025-10-27 15:00:00+00:00,0.03266211286682864,0.038965169345304855,0.0,0.0
2025-10-27 16:00:00+00:00,0.02762413924878081,0.033413687279204594,0.0,0.0
2025-10-27 17:00:00+00:00,0.03360027911671041,0.03824456367769157,0.0,0.0
2025-10-27 18:00:00+00:00,0.038828115730505465,0.051681276379281584,0.0,0.0
2025-10-27 19:00:00+00:00,0.0504652976151811,0.058861163804929846,0.0,0.0
2025-10-27 20:00:00+00:00,0.032787794987733244,0.04489088552784071,0.0,0.0
2025-10-27 21:00:00+00:00,0.03732956251761301,0.028847734539070507,0.0,0.0
2025-10-27 22:00:00+00:00,0.028398841524421434,0.016388359887757192,0.0,0.0
2025-10-27 23:00:00+00:00,0.03958863961477226,0.022224316546447503,0.0,0.0
2025-10-28 00:00:00+00:00,0.015708874948187495,0.020742896311374624,0.0,0.0
2025-10-28 01:00:00+00:00,0.020168053628727697,0.025279897383735834,0.0,0.0
2025-10-28 02:00:00+00:00,0.019670683783236526,0.04915233940958564,0.0,0.0
2025-10-28 03:00:00+00:00,0.012531064365966236,0.04246527342566344,0.0,0.0
2025-10-28 04:00:00+00:00,0.011770523450218872,0.027667789988247832,0.0,0.0
2025-10-28 05:00:00+00:00,0.014479496050680293,0.04646339832923534,0.0,0.0
2025-10-28 06:00:00+00:00,0.016814456655322146,0.030396841383199275,0.0,0.0
2025-10-28 07:00:00+00:00,0.016019587873009857,0.03717500944565493,0.0,0.0
2025-10-28 08:00:00+00:00,0.010178029538397696,0.029259292469167534,0.0,0.0
2025-10-28 09:00:00+00:00,0.012993028149680527,0.02562658659265263,0.0,0.0
2025-10-28 10:00:00+00:00,0.009764486277276916,0.018234084219653276,0.0,0.0
2025-10-28 11:00:00+00:00,0.009347849911041957,0.014135040539904007,0.0,0.0
2025-10-28 12:00:00+00:00,0.011717504999417358,0.024525444851865124,0.0,0.0
2025-10-28 13:00:00+00:00,0.009560323630586105,0.03438613562207308,0.0,0.0
2025-10-28 14:00:00+00:00,0.009464997687634162,0.0698077892860932,0.0,0.0
2025-10-28 15:00:00+00:00,0.007384825322166039,0.07866059188390934,0.0,0.0
2025-10-28 16:00:00+00:00,0.0074496935035365955,0.06910153422337618,0.0,0.0
2025-10-28 17:00:00+00:00,0.0074795445903092775,0.104019338504195,0.0,0.0
2025-10-28 18:00:00+00:00,0.005952940043205328,0.07038825659235774,0.0,0.0
2025-10-28 19:00:00+00:00,0.01016961306812682,0.042655340520647816,0.0,0.0
2025-10-28 20:00:00+00:00,0.015929467532228417,0.033420958932785766,0.0,0.0
2025-10-28 21:00:00+00:00,0.011922292032177774,0.01939086747296453,0.0,0.0
2025-10-28 22:00:00+00:00,0.00536176997224623,0.026609430920268993,0.0,0.0
2025-10-28 23:00:00+00:00,0.007511544641601232,0.059583196543606394,0.0,0.0
2025-10-29 00:00:00+00:00,0.0078677944793478,0.03382851223657308,0.0,0.0
2025-10-29 01:00:00+00:00,0.011484222338499791,0.023119453473753576,0.0,0.0
2025-10-29 02:00:00+00:00,0.005359342107455099,0.025613538658729788,0.0,0.0
2025-10-29 03:00:00+00:00,0.00441582332886739,0.022842276476011312,0.0,0.0
2025-10-29 04:00:00+00:00,0.006740855824265868,0.022303796238674605,0.0,0.0
2025-10-29 05:00:00+00:00,0.012807293525156348,0.032237204245003225,0.0,0.0
2025-10-29 06:00:00+00:00,0.015478870074309014,0.034824031451786246,0.0,0.0
2025-10-29 07:00:00+00:00,0.016551214955345155,0.034512224034855016,0.0,0.0
2025-10-29 08:00:00+00:00,0.011837953836120853,0.027956015631949323,0.0,0.0
2025-10-29 09:00:00+00:00,0.017088431134585268,0.047430388558490334,0.0,0.0
2025-10-29 10:00:00+00:00,0.010440154864462004,0.03288697022130677,0.0,0.0
2025-10-29 11:00:00+00:00,0.007898265068984504,0.0727662429393442,0.0,0.0
2025-10-29 12:00:00+00:00,0.009707148863994894,0.031070799645715918,0.0,0.0
2025-10-29 13:00:00+00:00,0.015197748510562705,0.03153836153841078,0.0,1.0
2025-10-29 14:00:00+00:00,0.010292602392264533,0.0290939429125442,0.0,0.0
2025-10-29 15:00:00+00:00,0.010345068699633553,0.03593287379730783,0.0,0.0
2025-10-29 16:00:00+00:00,0.00550953203223355,0.022121650704478624,0.0,0.0
2025-10-29 17:00:00+00:00,0.005652560642850663,0.023168440479413854,0.0,0.0
2025-10-29 18:00:00+00:00,0.018359642639935513,0.013623197280000084,0.0,0.0
2025-10-29 19:00:00+00:00,0.005511509016381046,0.03342841391521267,0.0,0.0
2025-10-29 20:00:00+00:00,0.00346696196092916,0.023258573848573928,0.0,0.0
2025-10-29 21:00:00+00:00,0.0025122107046487876,0.05158537535264624,0.0,0.0
2025-10-29 22:00:00+00:00,0.00420183058463287,0.044334421996744165,0.0,0.0
2025-10-29 23:00:00+00:00,0.010646186781703057,0.03565833405658541,0.0,0.0
2025-10-30 00:00:00+00:00,0.0056050085480840875,0.031043679283775032,0.0,0.0
2025-10-30 01:00:00+00:00,0.004794323757567902,0.029504205425230624,0.0,0.0
2025-10-30 02:00:00+00:00,0.0056133012160608335,0.0510992194074974,0.0,0.0
2025-10-30 03:00:00+00:00,0.0076751197107165275,0.042185260976793905,0.0,0.0
2025-10-30 04:00:00+00:00,0.02835519231797814,0.010046909756519038,0.0,0.0
2025-10-30 05:00:00+00:00,0.016251359104977364,0.033756769531293036,0.0,0.0
2025-10-30 06:00:00+00:00,0.010281419779869206,0.046781024402146376,0.0,0.0
2025-10-30 07:00:00+00:00,0.00867927912603318,0.05639671217775465,0.0,0.0
2025-10-30 08:00:00+00:00,0.01598962979322385,0.031048222882524016,0.0,0.0
2025-10-30 09:00:00+00:00,0.009952624726860726,0.0493559515176212,0.0,0.0
2025-10-30 10:00:00+00:00,0.012969851642670513,0.03061265600129642,0.0,0.0
2025-10-30 11:00:00+00:00,0.0034720620051214442,0.015180566040201,0.0,0.0
2025-10-30 12:00:00+00:00,0.023172694828483636,0.010319762753994398,0.0,0.0
2025-10-30 13:00:00+00:00,0.039814025701930884,0.010220325904461265,0.0,0.0
2025-10-30 14:00:00+00:00,0.014542508810560626,0.010366329878449017,0.0,0.0
2025-10-30 15:00:00+00:00,0.03354679312769932,0.018303644887624697,0.0,0.0
2025-10-30 16:00:00+00:00,0.02589873057086582,0.034462027775403865,0.0,0.0
2025-10-30 17:00:00+00:00,0.09644477914259102,0.017862630581847144,0.0,0.0
2025-10-30 18:00:00+00:00,0.027615509129772463,0.021769129586031315,0.0,0.0
2025-10-30 19:00:00+00:00,0.05859204561041104,0.01711732899725939,0.0,0.0
2025-10-30 20:00:00+00:00,0.05032553895912258,0.02097305288160516,0.0,0.0
2025-10-30 21:00:00+00:00,0.031217458968340994,0.02802455463252566,0.0,0.0
2025-10-30 22:00:00+00:00,0.03079349650396669,0.03654854125284327,0.0,0.0
2025-10-30 23:00:00+00:00,0.024293104227596073,0.035614116218195595,0.0,0.0
2025-10-31 00:00:00+00:00,0.011177891143355155,0.05364947696851646,0.0,0.0
2025-10-31 01:00:00+00:00,0.020405293136800843,0.04447535133513808,0.0,0.0
2025-10-31 02:00:00+00:00,0.02794360707646465,0.03934776755415386,0.0,0.0
2025-10-31 03:00:00+00:00,0.015045129263019449,0.06113546907491605,0.0,0.0
2025-10-31 04:00:00+00:00,0.00451393655418549,0.059683911946658175,0.0,0.0
2025-10-31 05:00:00+00:00,0.0021085754146198143,0.03376620449028717,0.0,0.0
2025-10-31 06:00:00+00:00,0.0028610531152884716,0.0797894592071844,0.0,0.0
2025-10-31 07:00:00+00:00,0.0032432114017043705,0.062349438153721924,0.0,0.0
2025-10-31 08:00:00+00:00,0.0023809360765632286,0.0619208538022887,0.0,0.0
2025-10-31 09:00:00+00:00,0.0013833800335195422,0.033882565395546856,0.0,0.0
2025-10-31 10:00:00+00:00,0.001327079842381745,0.08550273011418964,0.0,0.0
2025-10-31 11:00:00+00:00,0.0023487278940069896,0.03228610186537529,0.0,0.0
2025-10-31 12:00:00+00:00,0.002309848659059635,0.03949785684146087,0.0,0.0
2025-10-31 13:00:00+00:00,0.0010842760621848765,0.053904177817679276,0.0,0.0
2025-10-31 14:00:00+00:00,0.0021427504815354393,0.024399488210832553,0.0,0.0
2025-10-31 15:00:00+00:00,0.002439664408651647,0.041232749248262264,0.0,0.0
2025-10-31 16:00:00+00:00,0.0068889176369311645,0.05608858687180623,0.0,0.0
2025-10-31 17:00:00+00:00,0.0023172443214809183,0.04110725383595477,0.0,0.0
2025-10-31 18:00:00+00:00,0.002852040539112781,0.04157942177439303,0.0,0.0
2025-10-31 19:00:00+00:00,0.004176109376337492,0.06183613012661457,0.0,0.0
2025-10-31 20:00:00+00:00,0.004370614254467108,0.03981086988706434,0.0,0.0
2025-10-31 21:00:00+00:00,0.0033422165461032063,0.04844400406804248,0.0,0.0
2025-10-31 22:00:00+00:00,0.004639534304810709,0.01215748595834945,0.0,0.0
2025-10-31 23:00:00+00:00,0.002779174845768551,0.016321148172777036,0.0,0.0
2025-11-01 00:00:00+00:00,0.01763828391479509,0.013635853981705503,0.0,0.0
2025-11-01 01:00:00+00:00,0.01003267289294185,0.016208659446736686,0.0,0.0
2025-11-01 02:00:00+00:00,0.015451938105315284,0.023815023079904823,0.0,0.0
2025-11-01 03:00:00+00:00,0.02389868158462476,0.029177408376045124,0.0,0.0
2025-11-01 04:00:00+00:00,0.02299884579451768,0.03902941449087755,0.0,0.0
2025-11-01 05:00:00+00:00,0.016296813733564074,0.03271656079569952,0.0,0.0
2025-11-01 06:00:00+00:00,0.013377227666114213,0.031645927922899275,0.0,0.0
2025-11-01 07:00:00+00:00,0.014313034623375116,0.040556430053640076,0.0,0.0
2025-11-01 08:00:00+00:00,0.014518092068620906,0.012217365135010089,0.0,0.0
2025-11-01 09:00:00+00:00,0.012574456745987036,0.019980698590773654,0.0,0.0
2025-11-01 10:00:00+00:00,0.0172782889587631,0.01385181541682773,0.0,0.0
2025-11-01 11:00:00+00:00,0.015780850769373946,0.014370810342902654,0.0,0.0
2025-11-01 12:00:00+00:00,0.012712505360158067,0.018767385461184324,0.0,0.0
2025-11-01 13:00:00+00:00,0.018980032641629143,0.009097990194279442,0.0,0.0
2025-11-01 14:00:00+00:00,0.020642226950946682,0.0073586648206604025,0.0,0.0
2025-11-01 15:00:00+00:00,0.02383086373831811,0.008426880815125937,0.0,0.0
2025-11-01 16:00:00+00:00,0.01539036495946119,0.004722330464965552,0.0,0.0
2025-11-01 17:00:00+00:00,0.01017952430968763,0.012564637597020673,0.0,0.0
2025-11-01 18:00:00+00:00,0.008928617152764474,0.005035617289466939,0.0,0.0
2025-11-01 19:00:00+00:00,0.007133335677026509,0.007182802079441851,0.0,0.0
2025-11-01 20:00:00+00:00,0.013262158824443973,0.007788326050555446,0.0,0.0
2025-11-01 21:00:00+00:00,0.011054512176303636,0.01934105166260585,0.0,0.0
2025-11-01 22:00:00+00:00,0.012138251083151573,0.008262976072835116,0.0,0.0
2025-11-01 23:00:00+00:00,0.008901739243893855,0.0073655305741724105,0.0,0.0
2025-11-02 00:00:00+00:00,0.10007910437173413,0.03145913654935401,0.0,0.0
2025-11-02 01:00:00+00:00,0.05190236192299155,0.016053083030771086,0.0,0.0
2025-11-02 02:00:00+00:00,0.07650776061573188,0.015675077238227322,0.0,0.0
2025-11-02 03:00:00+00:00,0.061133367478437846,0.006442805036510153,0.0,0.0
2025-11-02 04:00:00+00:00,0.08281884669664226,0.008537672672057147,0.0,0.0
2025-11-02 05:00:00+00:00,0.06792925194048567,0.011381414069879227,0.0,0.0
2025-11-02 06:00:00+00:00,0.09705497483169968,0.007335288699173427,0.0,0.0
2025-11-02 07:00:00+00:00,0.08471427646638767,0.011547520533691036,0.0,0.0
2025-11-02 08:00:00+00:00,0.10182987995121533,0.013962828291298955,0.0,0.0
2025-11-02 09:00:00+00:00,0.09892285669694385,0.010304080984280817,0.0,0.0
2025-11-02 10:00:00+00:00,0.07357012354573193,0.017203520352902346,0.0,0.0
2025-11-02 11:00:00+00:00,0.08320915569249691,0.014552417450303922,0.0,0.0
2025-11-02 12:00:00+00:00,0.09024978579074594,0.032197382548842766,0.0,0.0
2025-11-02 13:00:00+00:00,0.06986548623935662,0.032705653933548434,0.0,0.0
2025-11-02 14:00:00+00:00,0.06441753701158598,0.020735115651579202,0.0,0.0
2025-11-02 15:00:00+00:00,0.06296311671466359,0.04753652304390418,0.0,0.0
2025-11-02 16:00:00+00:00,0.05210303069472603,0.007760562737102339,0.0,0.0
2025-11-02 17:00:00+00:00,0.04351702180967368,0.011355594652435267,0.0,0.0
2025-11-02 18:00:00+00:00,0.038319271121976146,0.0072420746357612755,0.0,0.0
2025-11-02 19:00:00+00:00,0.06558148437244876,0.01536177406772291,0.0,0.0
2025-11-02 20:00:00+00:00,0.05510978253207751,0.011508345947855965,0.0,0.0
2025-11-02 21:00:00+00:00,0.03579836114539967,0.014433451601092712,0.0,0.0
2025-11-02 22:00:00+00:00,0.0693094512189903,0.014292060609638188,0.0,0.0
2025-11-02 23:00:00+00:00,0.14266029365648578,0.024136719332469515,0.0,0.0
2025-11-03 00:00:00+00:00,0.056380412729030105,0.06447789353482569,0.0,0.0
2025-11-03 01:00:00+00:00,0.05856844770492523,0.04419695612520091,0.0,0.0
2025-11-03 02:00:00+00:00,0.05273221990869407,0.03806521337076405,0.0,0.0
2025-11-03 03:00:00+00:00,0.053634123917302594,0.060761533601675494,0.0,0.0
2025-11-03 04:00:00+00:00,0.04518245142191878,0.009293008973984862,0.0,0.0
2025-11-03 05:00:00+00:00,0.05025949966047771,0.027392654391566882,0.0,0.0
2025-11-03 06:00:00+00:00,0.03449618114356857,0.018380654067691644,0.0,0.0
2025-11-03 07:00:00+00:00,0.05715173837519189,0.027121761270619507,0.0,0.0
2025-11-03 08:00:00+00:00,0.055993677625895244,0.020265617658134276,0.0,0.0
2025-11-03 09:00:00+00:00,0.05116452156888629,0.016840784586455947,0.0,0.0
2025-11-03 10:00:00+00:00,0.04944320003767874,0.020074182788570833,0.0,0.0
2025-11-03 11:00:00+00:00,0.040033810767102086,0.02513441420105993,0.0,0.0
2025-11-03 12:00:00+00:00,0.045258840589542736,0.055790143307788385,0.0,0.0
2025-11-03 13:00:00+00:00,0.03421888075189816,0.07747779404323167,0.0,0.0
2025-11-03 14:00:00+00:00,0.03241448977584756,0.02936615258200838,0.0,0.0
2025-11-03 15:00:00+00:00,0.04784941591616787,0.012212830665196574,0.0,0.0
2025-11-03 16:00:00+00:00,0.03211211902562735,0.015214424882851713,0.0,0.0
2025-11-03 17:00:00+00:00,0.028695099545585676,0.05130095860986813,0.0,1.0
2025-11-03 18:00:00+00:00,0.04960227194266959,0.05161522220293655,0.0,1.0
2025-11-03 19:00:00+00:00,0.04228145021472055,0.03774933822474075,0.0,1.0
2025-11-03 20:00:00+00:00,0.04783537897490744,0.03670433328718442,0.0,1.0
2025-11-03 21:00:00+00:00,0.06785081141191478,0.05062280746901739,0.0,1.0
2025-11-03 22:00:00+00:00,0.06026132560608189,0.019960717854187342,0.0,1.0
2025-11-03 23:00:00+00:00,0.04677745480744055,0.014473619140286553,0.0,1.0
2025-11-04 00:00:00+00:00,0.05300707675455807,0.013062840540644471,0.0,1.0
2025-11-04 01:00:00+00:00,0.05418196317690788,0.048320012642318694,0.0,1.0
2025-11-04 02:00:00+00:00,0.0683707407783803,0.08430036918979165,0.0,1.0
2025-11-04 03:00:00+00:00,0.04151227450720558,0.05175329388475782,0.0,1.0
2025-11-04 04:00:00+00:00,0.05386235127007421,0.0858853986588637,0.0,1.0
2025-11-04 05:00:00+00:00,0.08923548339242966,0.013275020963790289,0.0,0.0
2025-11-04 06:00:00+00:00,0.04911582381350412,0.02692712793984459,0.0,0.0
2025-11-04 07:00:00+00:00,0.056951156811196696,0.02991775605266685,0.0,0.0
2025-11-04 08:00:00+00:00,0.08583026708547749,0.029037044041343718,0.0,0.0
2025-11-04 09:00:00+00:00,0.109445323130913,0.028289664271881027,0.0,0.0
2025-11-04 10:00:00+00:00,0.09050750929075961,0.019870483146060765,0.0,0.0
2025-11-04 11:00:00+00:00,0.12104572030228167,0.022602657465494596,0.0,0.0
2025-11-04 12:00:00+00:00,0.07799255247302861,0.012819534417027018,0.0,0.0
2025-11-04 13:00:00+00:00,0.10794137543653098,0.03252685154692935,0.0,0.0
2025-11-04 14:00:00+00:00,0.11929537672991793,0.009493782927548404,0.0,0.0
2025-11-04 15:00:00+00:00,0.07415638295658748,0.019337750909114177,0.0,0.0
2025-11-04 16:00:00+00:00,0.09117786211363459,0.023999621188573256,0.0,0.0
2025-11-04 17:00:00+00:00,0.1579982550700273,0.007959322267534421,0.0,0.0
2025-11-04 18:00:00+00:00,0.12420392413537507,0.00508269872757459,0.0,0.0
2025-11-04 19:00:00+00:00,0.19740119908961062,0.009826108812461128,0.0,0.0
2025-11-04 20:00:00+00:00,0.14101777126960208,0.00505338639437461,0.0,0.0
2025-11-04 21:00:00+00:00,0.23000244187953825,0.0026011278306373427,0.0,0.0
2025-11-04 22:00:00+00:00,0.1428255523825617,0.017713184961361553,0.0,0.0
2025-11-04 23:00:00+00:00,0.12522701897547434,0.019128507796108488,0.0,0.0
2025-11-05 00:00:00+00:00,0.1184201955628484,0.006628762929293093,0.0,0.0
2025-11-05 01:00:00+00:00,0.1658263868418927,0.021055846185753836,0.0,0.0
2025-11-05 02:00:00+00:00,0.1320722822913227,0.029152419713930188,0.0,0.0
2025-11-05 03:00:00+00:00,0.1074080614601264,0.04897971147992539,0.0,0.0
2025-11-05 04:00:00+00:00,0.09668525241418184,0.03300175243628164,0.0,0.0
2025-11-05 05:00:00+00:00,0.02314335289715221,0.06948485423973634,0.0,0.0
2025-11-05 06:00:00+00:00,0.022797953272658555,0.06325035784958818,0.0,0.0
2025-11-05 07:00:00+00:00,0.016519703764909008,0.04815030269403525,0.0,0.0
2025-11-05 08:00:00+00:00,0.013660608877224428,0.05827319894338886,0.0,0.0
2025-11-05 09:00:00+00:00,0.010013422021893025,0.05931089557904171,0.0,0.0
2025-11-05 10:00:00+00:00,0.01842626757120823,0.03499346192132727,0.0,0.0
2025-11-05 11:00:00+00:00,0.008253136927757226,0.07472616112913026,0.0,0.0
2025-11-05 12:00:00+00:00,0.0062407803592054245,0.04643016119217804,0.0,0.0
2025-11-05 13:00:00+00:00,0.00919356211335514,0.061174927073150615,0.0,0.0
2025-11-05 14:00:00+00:00,0.009642864284673598,0.09036258541544911,0.0,0.0
2025-11-05 15:00:00+00:00,0.0060476890675655835,0.04175637883445027,0.0,0.0
2025-11-05 16:00:00+00:00,0.0033647449330039977,0.03809654056543373,0.0,0.0
2025-11-05 17:00:00+00:00,0.001788384473729918,0.027376070096728822,0.0,0.0
2025-11-05 18:00:00+00:00,0.0014663933683023182,0.02219682946715301,0.0,0.0
2025-11-05 19:00:00+00:00,0.0030774312977944035,0.023081704213226775,0.0,0.0
2025-11-05 20:00:00+00:00,0.002727195321225045,0.04662446204790282,0.0,0.0
2025-11-05 21:00:00+00:00,0.002622876410909794,0.028464324305901595,0.0,0.0
2025-11-05 22:00:00+00:00,0.005173536737355045,0.0366504906964314,0.0,0.0
2025-11-05 23:00:00+00:00,0.006221605242509396,0.02838234552899993,0.0,0.0
2025-11-06 00:00:00+00:00,0.0018004965813337229,0.01679091798041572,0.0,0.0
2025-11-06 01:00:00+00:00,0.005164590848031993,0.03091055320659618,0.0,0.0
2025-11-06 02:00:00+00:00,0.005563211729373537,0.03556703840382082,0.0,0.0
2025-11-06 03:00:00+00:00,0.00468585997708568,0.024426002629320476,0.0,0.0
2025-11-06 04:00:00+00:00,0.006752253712573604,0.025778267756322637,0.0,0.0
2025-11-06 05:00:00+00:00,0.011646866432116374,0.032403402165937435,0.0,0.0
2025-11-06 06:00:00+00:00,0.0062311001317209595,0.08490053867330101,0.0,0.0
2025-11-06 07:00:00+00:00,0.012783588720934123,0.04622564084258548,0.0,0.0
2025-11-06 08:00:00+00:00,0.00965267042636493,0.047680664856699674,0.0,0.0
2025-11-06 09:00:00+00:00,0.00880656283100386,0.02464554057142973,0.0,0.0
2025-11-06 10:00:00+00:00,0.010512807004755487,0.05670742003017761,0.0,0.0
2025-11-06 11:00:00+00:00,0.011823316242730676,0.022550640423402716,0.0,0.0
2025-11-06 12:00:00+00:00,0.02351993962758639,0.03601952408472557,0.0,0.0
2025-11-06 13:00:00+00:00,0.014647243798524126,0.06802369640934071,0.0,0.0
2025-11-06 14:00:00+00:00,0.05053327623046864,0.009300704839210827,0.0,0.0
2025-11-06 15:00:00+00:00,0.028627652551382266,0.0446165435511072,0.0,0.0
2025-11-06 16:00:00+00:00,0.09678681571424637,0.011540261080785956,0.0,0.0
2025-11-06 17:00:00+00:00,0.047482088218429565,0.02690218911137754,0.0,0.0
2025-11-06 18:00:00+00:00,0.048402234172963764,0.018714661900645878,0.0,0.0
2025-11-06 19:00:00+00:00,0.04521880984121812,0.04671718829613595,0.0,0.0
2025-11-06 20:00:00+00:00,0.05033843157543411,0.010049750379710886,0.0,0.0
2025-11-06 21:00:00+00:00,0.05013706422942252,0.030362968319044215,0.0,0.0
2025-11-06 22:00:00+00:00,0.046067181744655704,0.01243448407970014,0.0,0.0
2025-11-06 23:00:00+00:00,0.0505032116827302,0.01906033043875093,0.0,0.0
2025-11-07 00:00:00+00:00,0.044500000166604305,0.025047880835874337,0.0,0.0
2025-11-07 01:00:00+00:00,0.036442566511596615,0.027404721016889733,0.0,0.0
2025-11-07 02:00:00+00:00,0.0283017526702275,0.03997124149135146,0.0,0.0
2025-11-07 03:00:00+00:00,0.025928936682775364,0.045770295888209855,0.0,0.0
2025-11-07 04:00:00+00:00,0.024321558199037075,0.036552910041529434,0.0,0.0
2025-11-07 05:00:00+00:00,0.01607366900100761,0.05080925276386513,0.0,0.0
2025-11-07 06:00:00+00:00,0.01234392132549407,0.045432498024061234,0.0,0.0
2025-11-07 07:00:00+00:00,0.011366615262845705,0.06919627123501759,0.0,0.0
2025-11-07 08:00:00+00:00,0.00979043913775333,0.040270996293835584,0.0,0.0
2025-11-07 09:00:00+00:00,0.012150512742008563,0.06793766072948433,0.0,0.0
2025-11-07 10:00:00+00:00,0.009870685765452605,0.04704944957141779,0.0,0.0
2025-11-07 11:00:00+00:00,0.009209164965465264,0.03246117935058406,0.0,0.0
2025-11-07 12:00:00+00:00,0.011157074058545727,0.02273670334084441,0.0,0.0
2025-11-07 13:00:00+00:00,0.019932972715489387,0.02639665588905447,0.0,0.0
2025-11-07 14:00:00+00:00,0.013407681332334371,0.029288101408807842,0.0,0.0
2025-11-07 15:00:00+00:00,0.015677747166448975,0.04353269670101568,0.0,0.0
2025-11-07 16:00:00+00:00,0.008758917489256675,0.0581750229190268,0.0,0.0
2025-11-07 17:00:00+00:00,0.01232236922861263,0.026846789339300084,0.0,0.0
2025-11-07 18:00:00+00:00,0.009513009395657522,0.02362236057318191,0.0,0.0
2025-11-07 19:00:00+00:00,0.008442787038510738,0.02863638736707146,0.0,0.0
2025-11-07 20:00:00+00:00,0.006120297066884801,0.031103310961995204,0.0,0.0
2025-11-07 21:00:00+00:00,0.008088704195295565,0.012889807902323962,0.0,0.0
2025-11-07 22:00:00+00:00,0.0029135895714307984,0.040830259828654104,0.0,0.0
2025-11-07 23:00:00+00:00,0.002660105522667211,0.057856156428935546,0.0,0.0
2025-11-08 00:00:00+00:00,0.010130370395630724,0.06442357112859753,0.0,0.0
2025-11-08 01:00:00+00:00,0.007883483052133282,0.04178064492014511,0.0,0.0
2025-11-08 02:00:00+00:00,0.004690762821867807,0.0255549001357253,0.0,0.0
2025-11-08 03:00:00+00:00,0.00698593899778354,0.053343057483336474,0.0,0.0
2025-11-08 04:00:00+00:00,0.007590555656430184,0.02997999676135844,0.0,0.0
2025-11-08 05:00:00+00:00,0.006112794652544484,0.0324711569990671,0.0,0.0
2025-11-08 06:00:00+00:00,0.006298064358617167,0.02957064615543944,0.0,0.0
2025-11-08 07:00:00+00:00,0.010083928239497856,0.02952785955695485,0.0,0.0
2025-11-08 08:00:00+00:00,0.006758190186038535,0.04101718021337805,0.0,0.0
2025-11-08 09:00:00+00:00,0.008616659550272838,0.042476855226667026,0.0,0.0
2025-11-08 10:00:00+00:00,0.010374941553555441,0.02628770346681601,0.0,0.0
2025-11-08 11:00:00+00:00,0.011811385985521713,0.060430871131147555,0.0,0.0
2025-11-08 12:00:00+00:00,0.007724740590157791,0.07306914758381475,0.0,0.0
2025-11-08 13:00:00+00:00,0.014792936778486046,0.042778574897681575,0.0,0.0
2025-11-08 14:00:00+00:00,0.022313899222111255,0.053512480484390966,0.0,0.0
2025-11-08 15:00:00+00:00,0.03036718849683244,0.03510488112015797,0.0,0.0
2025-11-08 16:00:00+00:00,0.03817849100252343,0.03544733966605831,0.0,0.0
2025-11-08 17:00:00+00:00,0.029734088723123952,0.011821204526676348,0.0,0.0
2025-11-08 18:00:00+00:00,0.047382749198586406,0.02108185627242505,0.0,0.0
2025-11-08 19:00:00+00:00,0.026607128110538125,0.010379649435579518,0.0,0.0
2025-11-08 20:00:00+00:00,0.015370143633002145,0.01233138665065004,0.0,0.0
2025-11-08 21:00:00+00:00,0.027928459984830775,0.010798395291113436,0.0,0.0
2025-11-08 22:00:00+00:00,0.032149414531338565,0.012869480748061534,0.0,0.0
2025-11-08 23:00:00+00:00,0.018974896316046413,0.017649258365146445,0.0,0.0
2025-11-09 00:00:00+00:00,0.06505204959420785,0.040192695336274564,0.0,0.0
2025-11-09 01:00:00+00:00,0.0528817185410829,0.022078500800475562,0.0,0.0
2025-11-09 02:00:00+00:00,0.02973416287374377,0.02456746103370956,0.0,0.0
2025-11-09 03:00:00+00:00,0.03820149128363477,0.03196454492052634,0.0,0.0
2025-11-09 04:00:00+00:00,0.02936806732222395,0.02580494828376875,0.0,0.0
2025-11-09 05:00:00+00:00,0.032422557299688494,0.02000953835150511,0.0,0.0
2025-11-09 06:00:00+00:00,0.018261410895382912,0.015402519222338623,0.0,0.0
2025-11-09 07:00:00+00:00,0.03720370054632001,0.010920880819296234,0.0,0.0
2025-11-09 08:00:00+00:00,0.03222262186419995,0.0066106165327319485,0.0,0.0
2025-11-09 09:00:00+00:00,0.02236276009866892,0.024313580412853187,0.0,0.0
2025-11-09 10:00:00+00:00,0.02509810442566827,0.009837347350174637,0.0,0.0
2025-11-09 11:00:00+00:00,0.022471226592263475,0.018540715140869763,0.0,0.0
2025-11-09 12:00:00+00:00,0.01673658193332173,0.027001177737464743,0.0,0.0
2025-11-09 13:00:00+00:00,0.018133832922069684,0.025194395057073857,0.0,0.0
2025-11-09 14:00:00+00:00,0.017499618660232818,0.027360645151611237,0.0,0.0
2025-11-09 15:00:00+00:00,0.019702732966513717,0.029691742644268965,0.0,0.0
2025-11-09 16:00:00+00:00,0.015758511104890804,0.01726432640465033,0.0,0.0
2025-11-09 17:00:00+00:00,0.02069766263177411,0.04935724020118032,0.0,0.0
2025-11-09 18:00:00+00:00,0.01605351333637741,0.025070226975472665,0.0,0.0
2025-11-09 19:00:00+00:00,0.01678758373637802,0.026293698397898097,0.0,0.0
2025-11-09 20:00:00+00:00,0.016670119969487664,0.02583660693174143,0.0,0.0
2025-11-09 21:00:00+00:00,0.02720921927084524,0.043013274188476835,0.0,0.0
2025-11-09 22:00:00+00:00,0.03395810311913507,0.024623885668974527,0.0,0.0
2025-11-09 23:00:00+00:00,0.0403252972726706,0.031173201900351156,0.0,0.0
2025-11-10 00:00:00+00:00,0.009121400768821496,0.00984654471118337,0.0,0.0
2025-11-10 01:00:00+00:00,0.010388499124302841,0.023827672222003007,0.0,0.0
2025-11-10 02:00:00+00:00,0.015701048577677467,0.027425109297580564,0.0,0.0
2025-11-10 03:00:00+00:00,0.010912631517148203,0.02905922048281268,0.0,0.0
2025-11-10 04:00:00+00:00,0.014363625069886365,0.02184819678893754,0.0,0.0
2025-11-10 05:00:00+00:00,0.011336222509672872,0.014807034649735956,0.0,0.0
2025-11-10 06:00:00+00:00,0.015275585322927748,0.00789995272625574,0.0,0.0
2025-11-10 07:00:00+00:00,0.01633884252979934,0.013143077799915486,0.0,0.0
2025-11-10 08:00:00+00:00,0.022327370048158744,0.020199779876145033,0.0,0.0
2025-11-10 09:00:00+00:00,0.022506773498745556,0.019172404217683167,0.0,0.0
2025-11-10 10:00:00+00:00,0.022122397747023067,0.04845571815459323,0.0,0.0
2025-11-10 11:00:00+00:00,0.03408970368847582,0.09193048476410147,0.0,0.0
2025-11-10 12:00:00+00:00,0.027709275758278185,0.044833115722092094,0.0,0.0
2025-11-10 13:00:00+00:00,0.03958208724927589,0.07521425975700662,0.0,0.0
2025-11-10 14:00:00+00:00,0.07931139973438545,0.045491126679209605,0.0,0.0
2025-11-10 15:00:00+00:00,0.06782495468733309,0.07150056784654242,0.0,0.0
2025-11-10 16:00:00+00:00,0.040989026190330326,0.03960593041942281,0.0,0.0
2025-11-10 17:00:00+00:00,0.055671708874018545,0.0819150873216869,0.0,0.0
2025-11-10 18:00:00+00:00,0.061458403380439335,0.06670532671758433,0.0,0.0
2025-11-10 19:00:00+00:00,0.08058164788238227,0.0747049513816087,0.0,0.0
2025-11-10 20:00:00+00:00,0.1016551359813837,0.024137756233105448,0.0,0.0
2025-11-10 21:00:00+00:00,0.08488244996684036,0.06106364678725995,0.0,0.0
2025-11-10 22:00:00+00:00,0.09781271669101223,0.014380424779230553,0.0,0.0
2025-11-10 23:00:00+00:00,0.08217818079179494,0.0371935618609863,0.0,0.0
2025-11-11 00:00:00+00:00,0.05107263585903903,0.03951364948824984,0.0,0.0
2025-11-11 01:00:00+00:00,0.052368599292400314,0.05535223517643576,0.0,0.0
2025-11-11 02:00:00+00:00,0.04994274121364769,0.03952228154066866,0.0,0.0
2025-11-11 03:00:00+00:00,0.04488442232384668,0.05523366468380745,0.0,0.0
2025-11-11 04:00:00+00:00,0.03640150423965656,0.06582328040750247,0.0,0.0
2025-11-11 05:00:00+00:00,0.041907071806120966,0.08556257004236116,0.0,0.0
2025-11-11 06:00:00+00:00,0.04116540847256951,0.067588612049878,0.0,0.0
2025-11-11 07:00:00+00:00,0.03733756493123857,0.04252150800885931,0.0,0.0
2025-11-11 08:00:00+00:00,0.032021038410984394,0.08820106767038301,0.0,0.0
2025-11-11 09:00:00+00:00,0.03405419033949159,0.04553006714957042,0.0,0.0
2025-11-11 10:00:00+00:00,0.03827925585458234,0.06916086895799635,0.0,0.0
2025-11-11 11:00:00+00:00,0.03257694023591939,0.03710997271845897,0.0,0.0
2025-11-11 12:00:00+00:00,0.03767043453594362,0.03643679693915879,0.0,0.0
2025-11-11 13:00:00+00:00,0.03743229727243078,0.03497266706318957,0.0,0.0
2025-11-11 14:00:00+00:00,0.01361189637406495,0.05773382191803097,0.0,0.0
2025-11-11 15:00:00+00:00,0.024809000867205663,0.02683268050855586,0.0,0.0
2025-11-11 16:00:00+00:00,0.018102098626062813,0.0669935494585588,0.0,0.0
2025-11-11 17:00:00+00:00,0.019150369358129183,0.026569490983679705,0.0,0.0
2025-11-11 18:00:00+00:00,0.012343095516023167,0.04101176351272046,0.0,0.0
2025-11-11 19:00:00+00:00,0.015211615126131122,0.03502796821738657,0.0,0.0
2025-11-11 20:00:00+00:00,0.01520620131803734,0.014821354194608746,0.0,0.0
2025-11-11 21:00:00+00:00,0.016403209714383037,0.021821588911628872,0.0,0.0
2025-11-11 22:00:00+00:00,0.019538726308585375,0.028206853787261687,0.0,0.0
2025-11-11 23:00:00+00:00,0.012862746117277732,0.0238379469596873,0.0,0.0
2025-11-12 00:00:00+00:00,0.01347353188677026,0.029114670361697837,0.0,0.0
2025-11-12 01:00:00+00:00,0.023421300523557606,0.053225642048168424,0.0,0.0
2025-11-12 02:00:00+00:00,0.017738534751729176,0.05033800300539475,0.0,0.0
2025-11-12 03:00:00+00:00,0.012617965556467539,0.05216935594264236,0.0,0.0
2025-11-12 04:00:00+00:00,0.010892119194334757,0.039040262033655716,0.0,0.0
2025-11-12 05:00:00+00:00,0.010053662727242839,0.0402431986904034,0.0,0.0
2025-11-12 06:00:00+00:00,0.008679247473972423,0.025871254069757852,0.0,0.0
2025-11-12 07:00:00+00:00,0.0060585947824310276,0.027883546706282448,0.0,0.0
2025-11-12 08:00:00+00:00,0.009091674824972583,0.06841841441453672,0.0,0.0
2025-11-12 09:00:00+00:00,0.007904744928970578,0.040305006994370576,0.0,0.0
2025-11-12 10:00:00+00:00,0.007537341444691919,0.062012284691553544,0.0,0.0
2025-11-12 11:00:00+00:00,0.007066881061921735,0.03164539107074573,0.0,0.0
2025-11-12 12:00:00+00:00,0.0038617492418294686,0.03430495590865449,0.0,0.0
2025-11-12 13:00:00+00:00,0.004434661678234481,0.03946909540954754,0.0,0.0
2025-11-12 14:00:00+00:00,0.0027010096875027256,0.04650772734360264,0.0,0.0
2025-11-12 15:00:00+00:00,0.003747447076153279,0.011433248429221055,0.0,0.0
2025-11-12 16:00:00+00:00,0.004828501599816014,0.01830921754351378,0.0,0.0
2025-11-12 17:00:00+00:00,0.003332079468801976,0.014612629964063671,0.0,0.0
2025-11-12 18:00:00+00:00,0.004636440203596346,0.02448725009138183,0.0,0.0
2025-11-12 19:00:00+00:00,0.007961059971123015,0.020590224496350326,0.0,0.0
2025-11-12 20:00:00+00:00,0.00785623936472444,0.014463108513034636,0.0,0.0
2025-11-12 21:00:00+00:00,0.0073112911948529325,0.010144095479386732,0.0,0.0
2025-11-12 22:00:00+00:00,0.009370370766056816,0.025610285810687822,0.0,0.0
2025-11-12 23:00:00+00:00,0.008123150049507408,0.016641455952453466,0.0,0.0
2025-11-13 00:00:00+00:00,0.00829781477951502,0.013694880256048897,0.0,0.0
2025-11-13 01:00:00+00:00,0.011221461260525846,0.051463690648373785,0.0,0.0
2025-11-13 02:00:00+00:00,0.004708573687703255,0.047861160772299204,0.0,0.0
2025-11-13 03:00:00+00:00,0.01829205307994372,0.058788201754246656,0.0,0.0
2025-11-13 04:00:00+00:00,0.015643123097820844,0.05199769604347811,0.0,0.0
2025-11-13 05:00:00+00:00,0.031271081412863354,0.10918102239513004,0.0,1.0
2025-11-13 06:00:00+00:00,0.020964897035656644,0.051800058095943034,0.0,1.0
2025-11-13 07:00:00+00:00,0.019154871365803523,0.08125323111366953,0.0,1.0
2025-11-13 08:00:00+00:00,0.01784200310979083,0.058721548397969725,0.0,1.0
2025-11-13 09:00:00+00:00,0.014183493968934905,0.05689774064323228,0.0,1.0
2025-11-13 10:00:00+00:00,0.006761158890511126,0.11692566755750766,0.0,1.0
2025-11-13 11:00:00+00:00,0.0059242058866991465,0.03262250540177924,0.0,1.0
2025-11-13 12:00:00+00:00,0.007193890473849652,0.06557243285443758,0.0,1.0
2025-11-13 13:00:00+00:00,0.014665052281903027,0.03645876529903049,0.0,1.0
2025-11-13 14:00:00+00:00,0.008060108864239787,0.05004920417128037,0.0,1.0
2025-11-13 15:00:00+00:00,0.005279678264903143,0.028781963794292178,0.0,1.0
2025-11-13 16:00:00+00:00,0.004546595462256973,0.032657249410393135,0.0,0.0
2025-11-13 17:00:00+00:00,0.012250830728741282,0.00951430045929709,0.0,0.0
2025-11-13 18:00:00+00:00,0.02923840938896041,0.01064980626576536,0.0,0.0
2025-11-13 19:00:00+00:00,0.010824745459854597,0.004784209877367055,0.0,0.0
2025-11-13 20:00:00+00:00,0.01739742105052833,0.012727845848049582,0.0,0.0
2025-11-13 21:00:00+00:00,0.01203757185352486,0.005306599201852867,0.0,0.0
2025-11-13 22:00:00+00:00,0.026231451565793606,0.021007923331674044,0.0,1.0
2025-11-13 23:00:00+00:00,0.022689687998066466,0.01857119597612934,0.0,1.0
2025-11-14 00:00:00+00:00,0.03879084840416295,0.014337067204409132,0.0,0.0
2025-11-14 01:00:00+00:00,0.055779783044052574,0.03997198749192992,0.0,0.0
2025-11-14 02:00:00+00:00,0.030900630354869615,0.04877820998120926,0.0,0.0
2025-11-14 03:00:00+00:00,0.029969519150846047,0.031709137934886146,0.0,0.0
2025-11-14 04:00:00+00:00,0.0841132805322075,0.018170482187731356,0.0,0.0
2025-11-14 05:00:00+00:00,0.018194091366136103,0.021676583905834507,0.0,0.0
2025-11-14 06:00:00+00:00,0.020923146467229325,0.02506958414850019,0.0,0.0
2025-11-14 07:00:00+00:00,0.015334685157684361,0.0256309213657738,0.0,0.0
2025-11-14 08:00:00+00:00,0.014124989559212034,0.029674625698326254,0.0,0.0
2025-11-14 09:00:00+00:00,0.007859389764639471,0.014044326130031684,0.0,0.0
2025-11-14 10:00:00+00:00,0.004328829857226379,0.01863970261401647,0.0,0.0
2025-11-14 11:00:00+00:00,0.01849455075351693,0.01880353330830677,0.0,0.0
2025-11-14 12:00:00+00:00,0.029322385615657785,0.011548047456077603,0.0,0.0
2025-11-14 13:00:00+00:00,0.013147839543201872,0.010557119632480188,0.0,0.0
2025-11-14 14:00:00+00:00,0.015025001890832855,0.020801861752360557,0.0,0.0
2025-11-14 15:00:00+00:00,0.008931101062758379,0.038268104831259565,0.0,0.0
2025-11-14 16:00:00+00:00,0.007984542668783753,0.08293786108683139,0.0,0.0
2025-11-14 17:00:00+00:00,0.013407859447705249,0.026791580096415423,0.0,0.0
2025-11-14 18:00:00+00:00,0.00817598463209857,0.012082872134849982,0.0,0.0
2025-11-14 19:00:00+00:00,0.004105733600789395,0.0241429345246006,0.0,0.0
2025-11-14 20:00:00+00:00,0.02125892779729456,0.00800872971221833,0.0,0.0
2025-11-14 21:00:00+00:00,0.0043487092862857755,0.023664832169649097,0.0,0.0
2025-11-14 22:00:00+00:00,0.005696561571092364,0.016009626754165455,0.0,0.0
2025-11-14 23:00:00+00:00,0.0033036095923882325,0.01912821227968959,0.0,0.0
2025-11-15 00:00:00+00:00,0.0032726050688243586,0.06184195927347797,0.0,0.0
2025-11-15 01:00:00+00:00,0.003085139457773119,0.011384061586103264,0.0,0.0
2025-11-15 02:00:00+00:00,0.0037268656781155054,0.03855982882847776,0.0,0.0
2025-11-15 03:00:00+00:00,0.0063052929443738704,0.03809862350617572,0.0,0.0
2025-11-15 04:00:00+00:00,0.0011994920816422925,0.07124018948459628,0.0,0.0
2025-11-15 05:00:00+00:00,0.0020024947080653104,0.09370717892651037,0.0,0.0
2025-11-15 06:00:00+00:00,0.0008296877268857269,0.07581149368518945,0.0,0.0
2025-11-15 07:00:00+00:00,0.0005527095745936892,0.12168120179524944,0.0,0.0
2025-11-15 08:00:00+00:00,0.000958277246593077,0.055690748924137966,0.0,0.0
2025-11-15 09:00:00+00:00,0.0003623754853928967,0.10636654220711755,0.0,0.0
2025-11-15 10:00:00+00:00,0.0006958794598667916,0.10970853549455041,0.0,0.0
2025-11-15 11:00:00+00:00,0.0004485943202917936,0.04328729267251303,0.0,0.0
2025-11-15 12:00:00+00:00,0.0004335688919299879,0.09414181164405577,0.0,0.0
2025-11-15 13:00:00+00:00,0.0008552540696270752,0.036967223682947706,0.0,0.0
2025-11-15 14:00:00+00:00,0.0005881513995487391,0.07862562955963746,0.0,0.0
2025-11-15 15:00:00+00:00,0.0012147271701741095,0.09917787270553213,0.0,0.0
2025-11-15 16:00:00+00:00,0.0020915006667034195,0.05397778683409107,0.0,0.0
2025-11-15 17:00:00+00:00,0.0013591837668958178,0.07352864286554116,0.0,0.0
2025-11-15 18:00:00+00:00,0.0004234559750377049,0.07661623228331622,0.0,0.0
2025-11-15 19:00:00+00:00,0.00028039506037486924,0.06033882981475267,0.0,0.0
2025-11-15 20:00:00+00:00,0.0004105080013523836,0.059558908722148717,0.0,0.0
2025-11-15 21:00:00+00:00,0.00031933077831983094,0.04489997617922617,0.0,0.0
2025-11-15 22:00:00+00:00,0.0005635236268119369,0.0101629103159479,0.0,0.0
2025-11-15 23:00:00+00:00,0.0003900462981800575,0.019576219177459157,0.0,0.0
2025-11-16 00:00:00+00:00,0.004954441730352685,0.04529160363694188,0.0,0.0
2025-11-16 01:00:00+00:00,0.0096762122451682,0.016252424730587477,0.0,0.0
2025-11-16 02:00:00+00:00,0.0134933519535255,0.024591341530724814,0.0,0.0
2025-11-16 03:00:00+00:00,0.01931403257581936,0.041009959971908115,0.0,0.0
2025-11-16 04:00:00+00:00,0.018527763711381755,0.02590515512599956,0.0,0.0
2025-11-16 05:00:00+00:00,0.016824232909508605,0.03406979549841016,0.0,0.0
2025-11-16 06:00:00+00:00,0.013994192583927366,0.06655444627121139,0.0,0.0
2025-11-16 07:00:00+00:00,0.025029158145145846,0.04065624291509869,0.0,0.0
2025-11-16 08:00:00+00:00,0.017092761585466878,0.01718708889399606,0.0,0.0
2025-11-16 09:00:00+00:00,0.01838647638904287,0.02384937278989205,0.0,0.0
2025-11-16 10:00:00+00:00,0.014244354320048171,0.026765340729628384,0.0,0.0
2025-11-16 11:00:00+00:00,0.009825827867492162,0.04416524625780494,0.0,0.0
2025-11-16 12:00:00+00:00,0.010646941394842837,0.055681825165781795,0.0,0.0
2025-11-16 13:00:00+00:00,0.009250509923210457,0.04257840860735751,0.0,0.0
2025-11-16 14:00:00+00:00,0.009754326935420521,0.05750710438649923,0.0,0.0
2025-11-16 15:00:00+00:00,0.027967811227927575,0.023077760016143575,0.0,0.0
2025-11-16 16:00:00+00:00,0.02737378665902517,0.01827397116816705,0.0,0.0
2025-11-16 17:00:00+00:00,0.030829205139900593,0.010962071228697185,0.0,0.0
2025-11-16 18:00:00+00:00,0.04817769550398935,0.024000461174443512,0.0,0.0
2025-11-16 19:00:00+00:00,0.033584152787791116,0.024740636273893765,0.0,0.0
2025-11-16 20:00:00+00:00,0.02154523235411306,0.027758045011343862,0.0,0.0
2025-11-16 21:00:00+00:00,0.052472608493208305,0.023907635171936902,0.0,0.0
2025-11-16 22:00:00+00:00,0.08364534636912652,0.027461983140104885,0.0,0.0
2025-11-16 23:00:00+00:00,0.07979654264245163,0.023996338483697643,0.0,0.0
2025-11-17 00:00:00+00:00,0.019221177180453384,0.024360387511161725,0.0,0.0
2025-11-17 01:00:00+00:00,0.027119932162361682,0.04356454874171468,0.0,0.0
2025-11-17 02:00:00+00:00,0.01859157575597603,0.07168901346469167,0.0,0.0
2025-11-17 03:00:00+00:00,0.014522463804281183,0.07767488412419343,0.0,1.0
2025-11-17 04:00:00+00:00,0.01324681734733601,0.02526141522953632,0.0,1.0
2025-11-17 05:00:00+00:00,0.01736065630270553,0.07206338975057201,0.0,1.0
2025-11-17 06:00:00+00:00,0.021605536645640525,0.05096839196122224,0.0,1.0
2025-11-17 07:00:00+00:00,0.013514466751561352,0.11563031719389405,0.0,1.0
2025-11-17 08:00:00+00:00,0.016689868611977184,0.060189896131284525,0.0,0.0
2025-11-17 09:00:00+00:00,0.015127722042772537,0.057379757483845995,0.0,0.0
2025-11-17 10:00:00+00:00,0.01389059927726388,0.042609272708270175,0.0,0.0
2025-11-17 11:00:00+00:00,0.009009887278295433,0.08574197867865739,0.0,0.0
2025-11-17 12:00:00+00:00,0.005858451034179022,0.04913569336970672,0.0,0.0
2025-11-17 13:00:00+00:00,0.012030700503885605,0.021168424176075867,0.0,0.0
2025-11-17 14:00:00+00:00,0.0050981761453190305,0.0327634019613812,0.0,0.0
2025-11-17 15:00:00+00:00,0.004474854650967599,0.032267387356234724,0.0,0.0
2025-11-17 16:00:00+00:00,0.0041527063393879135,0.04591899208419372,0.0,0.0
2025-11-17 17:00:00+00:00,0.023867500358738747,0.01696828914787115,0.0,0.0
2025-11-17 18:00:00+00:00,0.024646534626826904,0.025927133757566983,0.0,0.0
2025-11-17 19:00:00+00:00,0.05071934393404171,0.004951608426929756,0.0,0.0
2025-11-17 20:00:00+00:00,0.04636764779024708,0.009804235625782701,0.0,0.0
2025-11-17 21:00:00+00:00,0.031472720833597166,0.008793447163596688,0.0,0.0
2025-11-17 22:00:00+00:00,0.07810948521530743,0.0067650400541139355,0.0,0.0
2025-11-17 23:00:00+00:00,0.07536550015583075,0.016883278684475058,0.0,0.0
2025-11-18 00:00:00+00:00,0.04581997227133557,0.017878711813759284,0.0,0.0
2025-11-18 01:00:00+00:00,0.020383857927416364,0.01802327155025143,0.0,0.0
2025-11-18 02:00:00+00:00,0.031203710161197596,0.007583346389666747,0.0,0.0
2025-11-18 03:00:00+00:00,0.040493842907336965,0.00587537533209827,0.0,0.0
2025-11-18 04:00:00+00:00,0.0725188696387642,0.006154455492711386,0.0,0.0
2025-11-18 05:00:00+00:00,0.05120746450692313,0.010071805178987134,0.0,0.0
2025-11-18 06:00:00+00:00,0.07167831060727074,0.008103370139834358,0.0,0.0
2025-11-18 07:00:00+00:00,0.057656092374569756,0.0158625412197203,0.0,0.0
2025-11-18 08:00:00+00:00,0.03387897556691886,0.059162729387880315,0.0,0.0
2025-11-18 09:00:00+00:00,0.026591736222380147,0.06601955059209137,0.0,0.0
2025-11-18 10:00:00+00:00,0.019826784767956993,0.0793897128043174,0.0,0.0
2025-11-18 11:00:00+00:00,0.018346893547663137,0.023092489668402234,0.0,0.0
2025-11-18 12:00:00+00:00,0.011769343920700262,0.06659798189027263,0.0,0.0
2025-11-18 13:00:00+00:00,0.006117367283514081,0.0381083882007096,0.0,0.0
2025-11-18 14:00:00+00:00,0.004492241341665971,0.024612735417928137,0.0,0.0
2025-11-18 15:00:00+00:00,0.0010804704762289697,0.03609407105982312,0.0,0.0
2025-11-18 16:00:00+00:00,0.0009325811407352897,0.04411549868570221,0.0,0.0
2025-11-18 17:00:00+00:00,0.0006800679208600198,0.08350147973398814,0.0,0.0
2025-11-18 18:00:00+00:00,0.0006448792881562612,0.06116122379444653,0.0,0.0
2025-11-18 19:00:00+00:00,0.00031250750834811155,0.02295991422787326,0.0,0.0
2025-11-18 20:00:00+00:00,0.0004839764639231335,0.06939379538733478,0.0,0.0
2025-11-18 21:00:00+00:00,0.0005620494669086553,0.026078890951175004,0.0,0.0
2025-11-18 22:00:00+00:00,0.0006789361444591951,0.040371710593648025,0.0,0.0
2025-11-18 23:00:00+00:00,0.0021401915120022033,0.02250773648489331,0.0,0.0
2025-11-19 00:00:00+00:00,0.003128273921461358,0.06564532285121062,0.0,0.0
2025-11-19 01:00:00+00:00,0.002315207729029399,0.05033075871805134,0.0,0.0
2025-11-19 02:00:00+00:00,0.0012297413380140815,0.03344072822346126,0.0,0.0
2025-11-19 03:00:00+00:00,0.004523581087296665,0.06722566292554503,0.0,0.0
2025-11-19 04:00:00+00:00,0.004310491495927406,0.04206831791900937,0.0,0.0
2025-11-19 05:00:00+00:00,0.013654795089405812,0.019583971384634077,0.0,0.0
2025-11-19 06:00:00+00:00,0.0073216462806091585,0.03763810404862977,0.0,0.0
2025-11-19 07:00:00+00:00,0.006433366194693907,0.06606524287872186,0.0,0.0
2025-11-19 08:00:00+00:00,0.011123264953121034,0.05382659894718866,0.0,0.0
2025-11-19 09:00:00+00:00,0.01378421287074913,0.06456226287366722,0.0,0.0
2025-11-19 10:00:00+00:00,0.009196540872081082,0.04649305801884507,0.0,0.0
2025-11-19 11:00:00+00:00,0.013946779180938397,0.06900425125853964,0.0,0.0
2025-11-19 12:00:00+00:00,0.01578911292762818,0.0854665131744559,0.0,0.0
2025-11-19 13:00:00+00:00,0.02059403768752224,0.02147851498706591,0.0,0.0
2025-11-19 14:00:00+00:00,0.015987605359191043,0.05155466462481612,0.0,0.0
2025-11-19 15:00:00+00:00,0.03480474405340509,0.007454941290693102,0.0,0.0
2025-11-19 16:00:00+00:00,0.013684713311410487,0.016311266964854475,0.0,0.0
2025-11-19 17:00:00+00:00,0.01832644650761778,0.014498615006734663,0.0,0.0
2025-11-19 18:00:00+00:00,0.027067562047049548,0.011083996040343866,0.0,0.0
2025-11-19 19:00:00+00:00,0.029644047411242044,0.0096453545093557,0.0,0.0
2025-11-19 20:00:00+00:00,0.02746430257410668,0.011203857601004182,0.0,0.0
2025-11-19 21:00:00+00:00,0.01118844351438393,0.015330073332066624,0.0,0.0
2025-11-19 22:00:00+00:00,0.021933885541644726,0.040012373317487825,0.0,0.0
2025-11-19 23:00:00+00:00,0.010071732523999821,0.03740761700831426,0.0,1.0
2025-11-20 00:00:00+00:00,0.027261302162723707,0.009465138250784308,0.0,1.0
2025-11-20 01:00:00+00:00,0.017554242038131027,0.026371245733709612,0.0,1.0
2025-11-20 02:00:00+00:00,0.016108231286070574,0.034455084049807475,0.0,1.0
2025-11-20 03:00:00+00:00,0.008764789911659058,0.01650340310951187,0.0,1.0
2025-11-20 04:00:00+00:00,0.005656613861509075,0.051668684197278845,0.0,1.0
2025-11-20 05:00:00+00:00,0.0019443562108154497,0.011351198186515511,0.0,1.0
2025-11-20 06:00:00+00:00,0.004470110100491731,0.07389884030353781,0.0,1.0
2025-11-20 07:00:00+00:00,0.004506704544758711,0.07278576966808457,0.0,1.0
2025-11-20 08:00:00+00:00,0.002569241476291823,0.04894141458853849,0.0,1.0
2025-11-20 09:00:00+00:00,0.007428093654486515,0.10233887241713013,0.0,1.0
2025-11-20 10:00:00+00:00,0.00436904655920079,0.05680579302265477,0.0,1.0
2025-11-20 11:00:00+00:00,0.008466816926459635,0.06539694402475026,0.0,1.0
2025-11-20 12:00:00+00:00,0.010696787449657484,0.041735999697679015,0.0,1.0
2025-11-20 13:00:00+00:00,0.009881631409239084,0.031094420355253033,0.0,1.0
2025-11-20 14:00:00+00:00,0.019505869389829438,0.04663388446946445,0.0,1.0
2025-11-20 15:00:00+00:00,0.007173953456831313,0.019261552643055613,0.0,1.0
2025-11-20 16:00:00+00:00,0.05599849439249701,0.010024787105485359,0.0,0.0
2025-11-20 17:00:00+00:00,0.08062251264348402,0.002640300475827837,0.0,0.0
2025-11-20 18:00:00+00:00,0.06388407968458686,0.0011624075764549364,0.0,0.0
2025-11-20 19:00:00+00:00,0.05384296823792443,0.0015981939596533678,0.0,0.0
2025-11-20 20:00:00+00:00,0.06521487830120622,0.001775953335770951,0.0,0.0
2025-11-20 21:00:00+00:00,0.10529267991226532,0.005424099307189438,0.0,0.0
2025-11-20 22:00:00+00:00,0.07889485314305165,0.005070612555205943,0.0,0.0
2025-11-20 23:00:00+00:00,0.1338746658214972,0.0024519884589827893,0.0,0.0
2025-11-21 00:00:00+00:00,0.06882506368715345,0.0383959945087906,0.0,0.0
2025-11-21 01:00:00+00:00,0.04990524519674853,0.0024889991589757323,0.0,0.0
2025-11-21 02:00:00+00:00,0.14069441809935493,0.006252525792650255,0.0,0.0
2025-11-21 03:00:00+00:00,0.09866227910771765,0.01714045479977157,0.0,0.0
2025-11-21 04:00:00+00:00,0.023341378088516662,0.010628925746442926,0.0,0.0
2025-11-21 05:00:00+00:00,0.03378577440531231,0.005552570225225292,0.0,0.0
2025-11-21 06:00:00+00:00,0.06017087457802736,0.014299506432168943,0.0,0.0
2025-11-21 07:00:00+00:00,0.13948670549752173,0.0033298968574481985,0.0,0.0
2025-11-21 08:00:00+00:00,0.07776604564947028,0.003947576786936718,0.0,0.0
2025-11-21 09:00:00+00:00,0.1462264550636168,0.0029461802276947295,0.0,0.0
2025-11-21 10:00:00+00:00,0.06610345816122046,0.002268234820231814,0.0,0.0
2025-11-21 11:00:00+00:00,0.07793536220186337,0.0013430150888804997,0.0,0.0
2025-11-21 12:00:00+00:00,0.08376690825283163,0.0021259815110322975,0.0,0.0
2025-11-21 13:00:00+00:00,0.03413103191103535,0.01802917599845539,0.0,0.0
2025-11-21 14:00:00+00:00,0.03229339587701706,0.008790810064615686,0.0,0.0
2025-11-21 15:00:00+00:00,0.13166435231614212,0.001271144474331289,0.0,0.0
2025-11-21 16:00:00+00:00,0.005608312627487601,0.006035419648530664,0.0,0.0
2025-11-21 17:00:00+00:00,0.0039651983716893335,0.008156053528884365,0.0,0.0
2025-11-21 18:00:00+00:00,0.006745015324277202,0.0027391183887202817,0.0,0.0
2025-11-21 19:00:00+00:00,0.0008636159355672871,0.04423724501057236,0.0,0.0
2025-11-21 20:00:00+00:00,0.0006298716489317934,0.005901460836959692,0.0,0.0
2025-11-21 21:00:00+00:00,0.00014607347051737485,0.03139998180212534,0.0,0.0
2025-11-21 22:00:00+00:00,0.0007717923393871666,0.021093889906545135,0.0,0.0
2025-11-21 23:00:00+00:00,7.479315413975361e-05,0.021317976067463617,0.0,0.0
2025-11-22 00:00:00+00:00,0.002745676114875355,0.0050226615575095996,0.0,0.0
2025-11-22 01:00:00+00:00,0.00033862369905462167,0.06996422289790806,0.0,0.0
2025-11-22 02:00:00+00:00,0.0005963084073555984,0.04695502558955402,0.0,0.0
2025-11-22 03:00:00+00:00,0.0004214236476198542,0.02585873646660755,0.0,0.0
2025-11-22 04:00:00+00:00,0.00090774954301263,0.05327779695344548,0.0,0.0
2025-11-22 05:00:00+00:00,0.0005348182515243694,0.04538276422517105,0.0,0.0
2025-11-22 06:00:00+00:00,0.00039313540672818154,0.058713117551157344,0.0,0.0
2025-11-22 07:00:00+00:00,0.00022652907931921664,0.014567948731750864,0.0,0.0
2025-11-22 08:00:00+00:00,0.0005259326413033199,0.07312681927035351,0.0,0.0
2025-11-22 09:00:00+00:00,0.0002789343703776624,0.05604182133304563,0.0,0.0
2025-11-22 10:00:00+00:00,0.00038832310894782633,0.04364239692371994,0.0,0.0
2025-11-22 11:00:00+00:00,0.0003687762802764754,0.08315892025354231,0.0,0.0
2025-11-22 12:00:00+00:00,0.004565098042672417,0.050563225849820814,0.0,0.0
2025-11-22 13:00:00+00:00,0.003987953613085607,0.07161943739425204,0.0,0.0
2025-11-22 14:00:00+00:00,0.004755534248060987,0.05306710112628854,0.0,0.0
2025-11-22 15:00:00+00:00,0.0004202031969828251,0.04962170030180089,0.0,0.0
2025-11-22 16:00:00+00:00,0.00021090425299510518,0.04629735898452819,0.0,0.0
2025-11-22 17:00:00+00:00,0.0003699564030478093,0.018263033872521716,0.0,0.0
2025-11-22 18:00:00+00:00,0.00023922241309993724,0.04173344004529716,0.0,0.0
2025-11-22 19:00:00+00:00,0.0003826060945566585,0.06089916080397547,0.0,0.0
2025-11-22 20:00:00+00:00,0.00048142308718588284,0.052363058754393045,0.0,0.0
2025-11-22 21:00:00+00:00,0.0007650860110650683,0.059752744900785824,0.0,0.0
2025-11-22 22:00:00+00:00,0.0006425376802105016,0.024509996701403747,0.0,0.0
2025-11-22 23:00:00+00:00,0.00040376840766501485,0.030544829844815772,0.0,0.0
2025-11-23 00:00:00+00:00,0.004072606811808968,0.04469969589206272,0.0,0.0
2025-11-23 01:00:00+00:00,0.0032019247528282586,0.010971819575347543,0.0,0.0
2025-11-23 02:00:00+00:00,0.005075803468346356,0.008182740334227253,0.0,0.0
2025-11-23 03:00:00+00:00,0.010485866492253542,0.024139496376872478,0.0,0.0
2025-11-23 04:00:00+00:00,0.004263108162592278,0.0072159624623372035,0.0,0.0
2025-11-23 05:00:00+00:00,0.008687691494892085,0.01636974298982388,0.0,0.0
2025-11-23 06:00:00+00:00,0.007912163367356008,0.02459930054714009,0.0,0.0
2025-11-23 07:00:00+00:00,0.004687124219848329,0.018151005693574678,0.0,0.0
2025-11-23 08:00:00+00:00,0.003932207189547129,0.0391539603789239,0.0,0.0
2025-11-23 09:00:00+00:00,0.004185868754219234,0.02033132119552483,0.0,0.0
2025-11-23 10:00:00+00:00,0.003996663286151349,0.01884367881836299,0.0,0.0
2025-11-23 11:00:00+00:00,0.009334167086123694,0.019621344908900863,0.0,0.0
2025-11-23 12:00:00+00:00,0.007149471927565259,0.02502916632939421,0.0,0.0
2025-11-23 13:00:00+00:00,0.010713382524200933,0.01547016576084069,0.0,0.0
2025-11-23 14:00:00+00:00,0.010085845615721973,0.02675216061266163,0.0,0.0
2025-11-23 15:00:00+00:00,0.01118396378873109,0.03090002884757635,0.0,0.0
2025-11-23 16:00:00+00:00,0.009099505063896564,0.03699849975949859,0.0,0.0
2025-11-23 17:00:00+00:00,0.010148340126560117,0.031401961057711,0.0,0.0
2025-11-23 18:00:00+00:00,0.011299399905138287,0.028676228708524935,0.0,0.0
2025-11-23 19:00:00+00:00,0.01208378441533225,0.016904840257304394,0.0,0.0
2025-11-23 20:00:00+00:00,0.013554510008646846,0.013897436748137156,0.0,0.0
2025-11-23 21:00:00+00:00,0.02461541980031712,0.007097963430456401,0.0,0.0
2025-11-23 22:00:00+00:00,0.025624078220311486,0.007924831026230018,0.0,0.0
2025-11-23 23:00:00+00:00,0.04502813421075443,0.032435762832918415,0.0,0.0
2025-11-24 00:00:00+00:00,0.01786360433792684,0.04402785945865695,0.0,0.0
2025-11-24 01:00:00+00:00,0.012311119043246435,0.04639322449627294,0.0,0.0
2025-11-24 02:00:00+00:00,0.009970116258865992,0.03680693417590059,0.0,0.0
2025-11-24 03:00:00+00:00,0.016315828799120313,0.04144228019756783,0.0,0.0
2025-11-24 04:00:00+00:00,0.024048279164306394,0.04336010272604259,0.0,0.0
2025-11-24 05:00:00+00:00,0.017027976857526595,0.11739999266933902,0.0,0.0
2025-11-24 06:00:00+00:00,0.008270104891544618,0.029082671568915974,0.0,0.0
2025-11-24 07:00:00+00:00,0.005644768577755819,0.05738108881285297,0.0,0.0
2025-11-24 08:00:00+00:00,0.009928729376659054,0.03593101300603296,0.0,0.0
2025-11-24 09:00:00+00:00,0.023234577574787918,0.031680684971408135,0.0,0.0
2025-11-24 10:00:00+00:00,0.015267506223504868,0.061740030531218314,0.0,0.0
2025-11-24 11:00:00+00:00,0.012770615471576157,0.04367521437518033,0.0,0.0
2025-11-24 12:00:00+00:00,0.011229765894119443,0.07463629640615431,0.0,0.0
2025-11-24 13:00:00+00:00,0.017589387986349615,0.12490072319937968,0.0,0.0
2025-11-24 14:00:00+00:00,0.016572175705629955,0.03823084878652814,0.0,0.0
2025-11-24 15:00:00+00:00,0.01358782426715129,0.0777154210799038,0.0,0.0
2025-11-24 16:00:00+00:00,0.00939674778277276,0.045297720932791274,0.0,0.0
2025-11-24 17:00:00+00:00,0.005650683980767614,0.01835510104225561,0.0,0.0
2025-11-24 18:00:00+00:00,0.004956491091599877,0.02592720396237495,0.0,0.0
2025-11-24 19:00:00+00:00,0.0071581140152555236,0.04147511771681095,0.0,0.0
2025-11-24 20:00:00+00:00,0.005225098991939132,0.03386233802307657,0.0,0.0
2025-11-24 21:00:00+00:00,0.0052261937483841945,0.019144682038298937,0.0,0.0
2025-11-24 22:00:00+00:00,0.005259301177192455,0.056828009476244695,0.0,0.0
2025-11-24 23:00:00+00:00,0.0028763752712546013,0.03655103174498943,0.0,0.0
2025-11-25 00:00:00+00:00,0.0016097833625627889,0.042252452358696936,0.0,0.0
2025-11-25 01:00:00+00:00,0.005120873064742827,0.03352699860078708,0.0,0.0
2025-11-25 02:00:00+00:00,0.00493577901974875,0.04586198027481173,0.0,0.0
2025-11-25 03:00:00+00:00,0.004153227854859697,0.03392341369190563,0.0,0.0
2025-11-25 04:00:00+00:00,0.00509833840607943,0.04500056167213081,0.0,0.0
2025-11-25 05:00:00+00:00,0.0035103406755205764,0.02407361100283589,0.0,0.0
2025-11-25 06:00:00+00:00,0.003094947971630647,0.04696730233396574,0.0,0.0
2025-11-25 07:00:00+00:00,0.003275262958891663,0.04818612509903023,0.0,0.0
2025-11-25 08:00:00+00:00,0.002272650563060511,0.03228504733625228,0.0,0.0
2025-11-25 09:00:00+00:00,0.0014348943608300205,0.06551813777353818,0.0,0.0
2025-11-25 10:00:00+00:00,0.0018353610019975505,0.08716529565427895,0.0,0.0
2025-11-25 11:00:00+00:00,0.001779102139019228,0.05525460909714922,0.0,0.0
2025-11-25 12:00:00+00:00,0.003584036495294967,0.06106480500844059,0.0,0.0
2025-11-25 13:00:00+00:00,0.006017378703641927,0.04528966377429638,0.0,0.0
2025-11-25 14:00:00+00:00,0.005932985174341557,0.09079476256517462,0.0,0.0
2025-11-25 15:00:00+00:00,0.004018268483158189,0.06507911465339172,0.0,0.0
2025-11-25 16:00:00+00:00,0.0038128608334679023,0.04461945302580691,0.0,0.0
2025-11-25 17:00:00+00:00,0.0023830308661117357,0.06300952034079967,0.0,0.0
2025-11-25 18:00:00+00:00,0.00270217004702405,0.021246495222056395,0.0,0.0
2025-11-25 19:00:00+00:00,0.0040210168480628835,0.05696244485326154,0.0,0.0
2025-11-25 20:00:00+00:00,0.0024031480461104812,0.08598679002570984,0.0,0.0
2025-11-25 21:00:00+00:00,0.0012346232550613262,0.031015187276029796,0.0,0.0
2025-11-25 22:00:00+00:00,0.0016691624129445556,0.04757775376885026,0.0,0.0
2025-11-25 23:00:00+00:00,0.0015200353132164667,0.02774286710780602,0.0,0.0
2025-11-26 00:00:00+00:00,0.001840537820171681,0.04829164697713723,0.0,0.0
2025-11-26 01:00:00+00:00,0.001671312235049953,0.08471411189410422,0.0,0.0
2025-11-26 02:00:00+00:00,0.0008262671312510351,0.01603168455571521,0.0,0.0
2025-11-26 03:00:00+00:00,0.0012789121336083977,0.07860169504444663,0.0,0.0
2025-11-26 04:00:00+00:00,0.0015196208949416435,0.06373758833548877,0.0,0.0
2025-11-26 05:00:00+00:00,0.0011829782874649341,0.056042262631009095,0.0,0.0
2025-11-26 06:00:00+00:00,0.001538874403707405,0.06430742677387019,0.0,0.0
2025-11-26 07:00:00+00:00,0.0008486392336282523,0.042529600547250045,0.0,0.0
2025-11-26 08:00:00+00:00,0.0007742566392087881,0.018080185091865344,0.0,0.0
2025-11-26 09:00:00+00:00,0.0009070226759114304,0.050141799829948375,0.0,0.0
2025-11-26 10:00:00+00:00,0.0005666020552067847,0.06173005350316574,0.0,0.0
2025-11-26 11:00:00+00:00,0.0004954265703473151,0.0515619076390908,0.0,0.0
2025-11-26 12:00:00+00:00,0.0009272813789053177,0.04256609445670895,0.0,0.0
2025-11-26 13:00:00+00:00,0.0009036730472441395,0.07098465816698285,0.0,0.0
2025-11-26 14:00:00+00:00,0.0007177868514826428,0.024005129266427474,0.0,0.0
2025-11-26 15:00:00+00:00,0.000679155987653471,0.06887997884180992,0.0,0.0
2025-11-26 16:00:00+00:00,0.0006528026653266979,0.05285424023480954,0.0,0.0
2025-11-26 17:00:00+00:00,0.0003687610474119981,0.010883769022598863,0.0,0.0
2025-11-26 18:00:00+00:00,0.00035487367896242325,0.016492156143774733,0.0,0.0
2025-11-26 19:00:00+00:00,0.00039456680489568515,0.025285062556528765,0.0,0.0
2025-11-26 20:00:00+00:00,0.0006690754957404977,0.022912554290245194,0.0,0.0
2025-11-26 21:00:00+00:00,0.0005465722939935838,0.02485198904634627,0.0,0.0
2025-11-26 22:00:00+00:00,0.0002890356768850524,0.014053825876567694,0.0,0.0
2025-11-26 23:00:00+00:00,0.00019979180181212098,0.011309639232143386,0.0,0.0
2025-11-27 00:00:00+00:00,0.00036779789803810043,0.007472748667848801,0.0,0.0
2025-11-27 01:00:00+00:00,0.0007442612653780868,0.0075756235427918185,0.0,0.0
2025-11-27 02:00:00+00:00,0.0008887130237261835,0.0064108978085861785,0.0,0.0
2025-11-27 03:00:00+00:00,0.0003491890478512392,0.0208268968405062,0.0,0.0
2025-11-27 04:00:00+00:00,0.00038363256092161326,0.01768185490007979,0.0,0.0
2025-11-27 05:00:00+00:00,0.0003995673236481979,0.022661797069470028,0.0,0.0
2025-11-27 06:00:00+00:00,0.0004689767204853375,0.028648171840870682,0.0,0.0
2025-11-27 07:00:00+00:00,0.0005166955453443752,0.016590860211227666,0.0,0.0
2025-11-27 08:00:00+00:00,0.00037064580877903204,0.012501387239085629,0.0,0.0
2025-11-27 09:00:00+00:00,0.00030395471152469615,0.015949608673445772,0.0,0.0
2025-11-27 10:00:00+00:00,0.00046797498930123416,0.011054487676172375,0.0,0.0
2025-11-27 11:00:00+00:00,0.0003264440239493935,0.025689765662556818,0.0,0.0
2025-11-27 12:00:00+00:00,0.00030844332055628176,0.02571570682050767,0.0,0.0
2025-11-27 13:00:00+00:00,0.0031595736751042496,0.04395672027273604,0.0,0.0
2025-11-27 14:00:00+00:00,0.002140422462547781,0.0433168930332409,0.0,0.0
2025-11-27 15:00:00+00:00,0.0025308690164255227,0.028186474852193652,0.0,0.0
2025-11-27 16:00:00+00:00,0.004671805552473245,0.023712028914620115,0.0,0.0
2025-11-27 17:00:00+00:00,0.002053475744169593,0.009756016943114685,0.0,0.0
2025-11-27 18:00:00+00:00,0.0031685085561220998,0.010492787609595863,0.0,0.0
2025-11-27 19:00:00+00:00,0.00177451912284344,0.007084216558619711,0.0,0.0
2025-11-27 20:00:00+00:00,0.0014861578109119963,0.009511904137138816,0.0,0.0
2025-11-27 21:00:00+00:00,0.0026045197434860982,0.01215265304697423,0.0,0.0
2025-11-27 22:00:00+00:00,0.00261098307266648,0.013260109085200797,0.0,0.0
2025-11-27 23:00:00+00:00,0.002056395465172787,0.011587484769392675,0.0,0.0
2025-11-28 00:00:00+00:00,0.0021997380213743087,0.013854008162916756,0.0,0.0
2025-11-28 01:00:00+00:00,0.0010797947505005597,0.01676569939124642,0.0,0.0
2025-11-28 02:00:00+00:00,0.002700901332696634,0.03136175135470482,0.0,0.0
2025-11-28 03:00:00+00:00,0.0013752487168091122,0.013669313044642377,0.0,0.0
2025-11-28 04:00:00+00:00,0.0017454998557522537,0.015197083925517796,0.0,0.0
2025-11-28 05:00:00+00:00,0.0017160803615113946,0.014244489236310545,0.0,0.0
2025-11-28 06:00:00+00:00,0.0011614164299322452,0.013123754978736664,0.0,0.0
2025-11-28 07:00:00+00:00,0.0009669293212494744,0.044726342364034444,0.0,0.0
2025-11-28 08:00:00+00:00,0.002563419527322685,0.04757972181240914,0.0,0.0
2025-11-28 09:00:00+00:00,0.0012722629741217602,0.024032610004404653,0.0,0.0
2025-11-28 10:00:00+00:00,0.00160525879405792,0.030336609998007164,0.0,0.0
2025-11-28 11:00:00+00:00,0.0017369300354654054,0.03976308548105692,0.0,0.0
2025-11-28 12:00:00+00:00,0.001037110304342539,0.04199822193307473,0.0,0.0
2025-11-28 13:00:00+00:00,0.0028131045185712145,0.06890355169880265,0.0,0.0
2025-11-28 14:00:00+00:00,0.002094578585532046,0.025076965849902128,0.0,0.0
2025-11-28 15:00:00+00:00,0.0017434844220676705,0.031085485757517083,0.0,0.0
2025-11-28 16:00:00+00:00,0.003519446986904512,0.02323666751876581,0.0,0.0
2025-11-28 17:00:00+00:00,0.0022107414967056575,0.07209679802858371,0.0,0.0
2025-11-28 18:00:00+00:00,0.0013448885110641736,0.06487924686996666,0.0,0.0
2025-11-28 19:00:00+00:00,0.0006848444203375794,0.06347460661948712,0.0,0.0
2025-11-28 20:00:00+00:00,0.0006585916765717279,0.04945731131385362,0.0,0.0
2025-11-28 21:00:00+00:00,0.0004321140359191877,0.015049119349941653,0.0,0.0
2025-11-28 22:00:00+00:00,0.0008813787067884632,0.016155910195147845,0.0,0.0
2025-11-28 23:00:00+00:00,0.0004285540289764491,0.01923000832599527,0.0,0.0
2025-11-29 00:00:00+00:00,0.0008752463047649665,0.014207126979872538,0.0,0.0
2025-11-29 01:00:00+00:00,0.0009561149785350045,0.02001159389560327,0.0,0.0
2025-11-29 02:00:00+00:00,0.0015024675602146834,0.06058617789359294,0.0,0.0
2025-11-29 03:00:00+00:00,0.0006777217482159421,0.04282097094050189,0.0,0.0
2025-11-29 04:00:00+00:00,0.001983183197426861,0.0401182596654388,0.0,0.0
2025-11-29 05:00:00+00:00,0.000864501694531072,0.02240961222501307,0.0,0.0
2025-11-29 06:00:00+00:00,0.0012204373755223003,0.0637582155962678,0.0,0.0
2025-11-29 07:00:00+00:00,0.0006947867203288072,0.04639768202969615,0.0,0.0
2025-11-29 08:00:00+00:00,0.000745987941582603,0.05615711134205261,0.0,0.0
2025-11-29 09:00:00+00:00,0.0008983516844028741,0.026337916251129783,0.0,0.0
2025-11-29 10:00:00+00:00,0.0010596506664284477,0.030642348390288992,0.0,0.0
2025-11-29 11:00:00+00:00,0.001070397299937678,0.0257022322953656,0.0,0.0
2025-11-29 12:00:00+00:00,0.0017448711454337736,0.019171599550054316,0.0,0.0
2025-11-29 13:00:00+00:00,0.00195144967775862,0.016575905675021985,0.0,0.0
2025-11-29 14:00:00+00:00,0.001433971288990402,0.013060635190436237,0.0,0.0
2025-11-29 15:00:00+00:00,0.005991272710326859,0.031077980284487817,0.0,0.0
2025-11-29 16:00:00+00:00,0.0005083133301480072,0.016407769704576303,0.0,0.0
2025-11-29 17:00:00+00:00,0.0004947114766919525,0.03592298693909995,0.0,0.0
2025-11-29 18:00:00+00:00,0.0007873624981600394,0.02486223267159171,0.0,0.0
2025-11-29 19:00:00+00:00,0.0003550523272731658,0.03590031783284002,0.0,0.0
2025-11-29 20:00:00+00:00,0.0009342026860211307,0.028446666687511307,0.0,0.0
2025-11-29 21:00:00+00:00,0.0005733907957949008,0.027694881072807043,0.0,0.0
2025-11-29 22:00:00+00:00,0.0004892533569146785,0.01800307997047548,0.0,0.0
2025-11-29 23:00:00+00:00,0.00039696025549656896,0.02564205445113499,0.0,0.0
2025-11-30 00:00:00+00:00,0.0016972798265446074,0.016628610153254588,0.0,0.0
2025-11-30 01:00:00+00:00,0.0019038237960936162,0.01414722480075798,0.0,0.0
2025-11-30 02:00:00+00:00,0.0017825188608540019,0.022347961871539854,0.0,0.0
2025-11-30 03:00:00+00:00,0.002850464004405229,0.009938658400440626,0.0,0.0
2025-11-30 04:00:00+00:00,0.0016721352343534723,0.019906670443756016,0.0,1.0
2025-11-30 05:00:00+00:00,0.0016383445870251005,0.016599667278589626,0.0,0.0
2025-11-30 06:00:00+00:00,0.0016813287122396106,0.010009947474586936,0.0,0.0
2025-11-30 07:00:00+00:00,0.0019069971887012867,0.013955669742353405,0.0,0.0
2025-11-30 08:00:00+00:00,0.002973126742004986,0.013693400263203244,0.0,0.0
2025-11-30 09:00:00+00:00,0.003961087433702217,0.009103397441675223,0.0,0.0
2025-11-30 10:00:00+00:00,0.00213620227474986,0.011729404435511738,0.0,0.0
2025-11-30 11:00:00+00:00,0.00270509413516602,0.020328965268504962,0.0,0.0
2025-11-30 12:00:00+00:00,0.004312801081119561,0.022457298790801317,0.0,1.0
2025-11-30 13:00:00+00:00,0.004760698884986879,0.024209426711930052,0.0,1.0
2025-11-30 14:00:00+00:00,0.004011669716508542,0.0390765338605247,0.0,1.0
2025-11-30 15:00:00+00:00,0.0038120867681657364,0.030045538423594392,0.0,1.0
2025-11-30 16:00:00+00:00,0.005468851718269024,0.027899382670742472,0.0,1.0
2025-11-30 17:00:00+00:00,0.0026969856174769557,0.038498991309886536,0.0,1.0
2025-11-30 18:00:00+00:00,0.0026619340225252884,0.02407395721459323,0.0,1.0
2025-11-30 19:00:00+00:00,0.0026127134606405296,0.015413414672714116,0.0,1.0
2025-11-30 20:00:00+00:00,0.003137468449404046,0.033477230438729653,0.0,1.0
2025-11-30 21:00:00+00:00,0.003806538709151528,0.02319144735632725,0.0,0.0
2025-11-30 22:00:00+00:00,0.0023805892285098805,0.014154415568126232,0.0,0.0
2025-11-30 23:00:00+00:00,0.003068157132483117,0.03126078282644855,0.0,0.0
2025-12-01 00:00:00+00:00,0.018199885408409514,0.004286311811168689,0.0,0.0
2025-12-01 01:00:00+00:00,0.008128462502916142,0.0036218474239024037,0.0,0.0
2025-12-01 02:00:00+00:00,0.01071666599226855,0.0030128289712422363,0.0,0.0
2025-12-01 03:00:00+00:00,0.0059050676811531295,0.02081436054793431,0.0,0.0
2025-12-01 04:00:00+00:00,0.016058868139516683,0.004258707025584193,0.0,0.0
2025-12-01 05:00:00+00:00,0.03422368346424574,0.0028816349637626765,0.0,0.0
2025-12-01 06:00:00+00:00,0.02115314014084932,0.026156796486735953,0.0,0.0
2025-12-01 07:00:00+00:00,0.01882133321791653,0.010600354723350358,0.0,0.0
2025-12-01 08:00:00+00:00,0.02121956499225847,0.006139806944816236,0.0,0.0
2025-12-01 09:00:00+00:00,0.029480977627206983,0.005801447517657138,0.0,0.0
2025-12-01 10:00:00+00:00,0.031377690881970975,0.03217205737440355,0.0,0.0
2025-12-01 11:00:00+00:00,0.026337025059687786,0.007475764654211743,0.0,0.0
2025-12-01 12:00:00+00:00,0.03511978376588048,0.008581438607104266,0.0,0.0
2025-12-01 13:00:00+00:00,0.023588419687889498,0.018261964005124646,0.0,0.0
2025-12-01 14:00:00+00:00,0.01559807610729394,0.025194083940886087,0.0,0.0
2025-12-01 15:00:00+00:00,0.0541451420517528,0.01100124708490976,1.0,0.0
2025-12-01 16:00:00+00:00,0.028809499115334033,0.006552360437158538,1.0,0.0
2025-12-01 17:00:00+00:00,0.01052672672780599,0.011186269950504665,1.0,0.0
2025-12-01 18:00:00+00:00,0.009206877426395532,0.033864999379531684,1.0,0.0
2025-12-01 19:00:00+00:00,0.008813529135840726,0.0315458224614354,1.0,0.0
2025-12-01 20:00:00+00:00,0.027331584409569756,0.021990304732285856,1.0,0.0
2025-12-01 21:00:00+00:00,0.017556212384056736,0.03459717523666577,0.0,0.0
2025-12-01 22:00:00+00:00,0.014065750525589912,0.07180284701115898,1.0,0.0
2025-12-01 23:00:00+00:00,0.010373532688736668,0.08323022406767183,0.0,0.0
2025-12-02 00:00:00+00:00,0.00020479985614449718,0.027126585968142394,0.0,0.0
2025-12-02 01:00:00+00:00,0.00029479929118405456,0.05194203022801641,1.0,0.0
2025-12-02 02:00:00+00:00,0.0003092089997065238,0.07574262329202167,1.0,0.0
2025-12-02 03:00:00+00:00,0.00027650746319723193,0.04160737652235535,1.0,0.0
2025-12-02 04:00:00+00:00,0.00028152215565317105,0.033773983184713814,1.0,0.0
2025-12-02 05:00:00+00:00,0.000421670307252568,0.09505843955623598,1.0,0.0
2025-12-02 06:00:00+00:00,0.0003354491819875899,0.04863395452322681,1.0,0.0
2025-12-02 07:00:00+00:00,0.00035686379136741817,0.06738499083585507,1.0,0.0
2025-12-02 08:00:00+00:00,0.0005718827302004776,0.07574132205169543,1.0,0.0
2025-12-02 09:00:00+00:00,0.0005634060661760689,0.08812577959854097,1.0,0.0
2025-12-02 10:00:00+00:00,0.0005801680639406705,0.12269605155351104,1.0,0.0
2025-12-02 11:00:00+00:00,0.000584819231161261,0.0660017805434271,1.0,0.0
2025-12-02 12:00:00+00:00,0.00037381965624086553,0.05477953891258242,1.0,0.0
2025-12-02 13:00:00+00:00,0.0007302333794788375,0.03812760709879686,1.0,0.0
2025-12-02 14:00:00+00:00,0.0003107688925603514,0.0383928684861301,0.0,0.0
2025-12-02 15:00:00+00:00,5.830820261225859e-05,0.008623244408361222,0.0,0.0
2025-12-02 16:00:00+00:00,9.71891808032057e-05,0.00878256240672513,0.0,0.0
2025-12-02 17:00:00+00:00,0.00015067919991952513,0.0069973894576105125,0.0,0.0
2025-12-02 18:00:00+00:00,0.00018361296009142324,0.011626845061137016,0.0,0.0
2025-12-02 19:00:00+00:00,0.0001316392554551296,0.004986487085271167,0.0,0.0
2025-12-02 20:00:00+00:00,0.0001884946343735776,0.02106109900184072,0.0,0.0
2025-12-02 21:00:00+00:00,0.00015864099282714275,0.016859948902215594,0.0,0.0
2025-12-02 22:00:00+00:00,0.0002640428125748226,0.01235107107003397,0.0,0.0
2025-12-02 23:00:00+00:00,0.0006864493857412635,0.00924225385697779,0.0,0.0
2025-12-03 00:00:00+00:00,0.00033455677517833077,0.016558852068077373,0.0,0.0
2025-12-03 01:00:00+00:00,0.0005445750639288838,0.011448094728479472,0.0,0.0
2025-12-03 02:00:00+00:00,0.0006583238506593417,0.01151214517179503,0.0,0.0
2025-12-03 03:00:00+00:00,0.00036220308127234304,0.007293407079540181,0.0,0.0
2025-12-03 04:00:00+00:00,0.00044236679071844675,0.0070096371361058575,0.0,0.0
2025-12-03 05:00:00+00:00,0.0009850158575272227,0.006037845187460156,0.0,0.0
2025-12-03 06:00:00+00:00,0.0010970797513719605,0.006112037443685104,0.0,0.0
2025-12-03 07:00:00+00:00,0.0006638271868925737,0.01943950876250466,0.0,0.0
2025-12-03 08:00:00+00:00,0.0005455809772788369,0.017159811217246225,0.0,0.0
2025-12-03 09:00:00+00:00,0.001290101624305231,0.02127579731648814,0.0,0.0
2025-12-03 10:00:00+00:00,0.0025372306221737168,0.008021971969391454,0.0,0.0
2025-12-03 11:00:00+00:00,0.008259852151393124,0.02236674300105029,0.0,0.0
2025-12-03 12:00:00+00:00,0.009458633092761818,0.027072748503714647,0.0,0.0
2025-12-03 13:00:00+00:00,0.018872956052032985,0.028038320163874125,0.0,0.0
2025-12-03 14:00:00+00:00,0.03573653963429199,0.06277033367037356,0.0,0.0
2025-12-03 15:00:00+00:00,0.02605491433163272,0.050473617805220646,0.0,0.0
2025-12-03 16:00:00+00:00,0.03156011570531931,0.04092903825025008,0.0,0.0
2025-12-03 17:00:00+00:00,0.04018632628323066,0.036872202134397604,0.0,0.0
2025-12-03 18:00:00+00:00,0.05257792627235645,0.03994068055419597,0.0,0.0
2025-12-03 19:00:00+00:00,0.04824373636859286,0.028018246773693342,0.0,0.0
2025-12-03 20:00:00+00:00,0.038902845995583635,0.023849130751279587,0.0,0.0
2025-12-03 21:00:00+00:00,0.041130500628848855,0.014952313262267017,0.0,0.0
2025-12-03 22:00:00+00:00,0.04985347161899081,0.017543461577095857,0.0,0.0
2025-12-03 23:00:00+00:00,0.02324901655551322,0.009690356191557621,0.0,0.0
2025-12-04 00:00:00+00:00,0.044782662767790214,0.04207151770442447,0.0,0.0
2025-12-04 01:00:00+00:00,0.03992714500950075,0.04035846497821117,0.0,0.0
2025-12-04 02:00:00+00:00,0.043869730252756894,0.021972031680754244,0.0,0.0
2025-12-04 03:00:00+00:00,0.019046324773247924,0.019337738120315837,0.0,0.0
2025-12-04 04:00:00+00:00,0.013004502312853454,0.04475359252341667,0.0,0.0
2025-12-04 05:00:00+00:00,0.031990560882335116,0.08828964879453283,0.0,0.0
2025-12-04 06:00:00+00:00,0.022106396404397193,0.08478132179015863,0.0,0.0
2025-12-04 07:00:00+00:00,0.014598050300847999,0.03925590963249272,0.0,0.0
2025-12-04 08:00:00+00:00,0.007765863935828486,0.017752793692984502,0.0,0.0
2025-12-04 09:00:00+00:00,0.012754757361380436,0.0418314707634787,0.0,0.0
2025-12-04 10:00:00+00:00,0.015336731479598416,0.021864927769517595,0.0,0.0
2025-12-04 11:00:00+00:00,0.015256426511927976,0.04139423893735893,0.0,0.0
2025-12-04 12:00:00+00:00,0.01180680661629184,0.032311829689092485,0.0,0.0
2025-12-04 13:00:00+00:00,0.01614611367684464,0.017512426088483933,0.0,0.0
2025-12-04 14:00:00+00:00,0.01045130861485933,0.026014906748758736,0.0,0.0
2025-12-04 15:00:00+00:00,0.04634268021169911,0.04974517026081677,0.0,0.0
2025-12-04 16:00:00+00:00,0.03301818209566135,0.027828867241709184,0.0,0.0
2025-12-04 17:00:00+00:00,0.02641576178180234,0.07012744768740281,0.0,0.0
2025-12-04 18:00:00+00:00,0.0292362814258194,0.025784637702529607,0.0,0.0
2025-12-04 19:00:00+00:00,0.0370262058611974,0.026425651307203767,0.0,0.0
2025-12-04 20:00:00+00:00,0.018802684280886578,0.0598279329332209,0.0,0.0
2025-12-04 21:00:00+00:00,0.01031677529259512,0.014485336699904204,0.0,0.0
2025-12-04 22:00:00+00:00,0.006798686546024339,0.035149403797482937,0.0,0.0
2025-12-04 23:00:00+00:00,0.008006311687707946,0.01683584586922451,0.0,0.0
2025-12-05 00:00:00+00:00,0.0013499198205652648,0.03168269178346377,0.0,0.0
2025-12-05 01:00:00+00:00,0.0019720978424300124,0.08866818869540473,0.0,0.0
2025-12-05 02:00:00+00:00,0.0016513624538457962,0.04688031797378638,0.0,0.0
2025-12-05 03:00:00+00:00,0.0018432315649855359,0.07933438936285807,0.0,0.0
2025-12-05 04:00:00+00:00,0.0012383296253887582,0.07224547063067646,0.0,0.0
2025-12-05 05:00:00+00:00,0.00039800649142872975,0.038276222321230104,0.0,0.0
2025-12-05 06:00:00+00:00,0.0006703990255605224,0.048876278544337425,0.0,0.0
2025-12-05 07:00:00+00:00,0.0005716135813882603,0.04898892085184479,0.0,0.0
2025-12-05 08:00:00+00:00,0.0006992469015830593,0.04139836434275485,0.0,0.0
2025-12-05 09:00:00+00:00,0.0010131769984651285,0.05018130501265925,0.0,0.0
2025-12-05 10:00:00+00:00,0.00038587599141909015,0.09776100846640116,0.0,0.0
2025-12-05 11:00:00+00:00,0.0006501222722776898,0.04066401307626888,0.0,0.0
2025-12-05 12:00:00+00:00,0.0005074998382358555,0.062352244659118705,0.0,0.0
2025-12-05 13:00:00+00:00,0.0009648144414504946,0.024462947673895678,0.0,0.0
2025-12-05 14:00:00+00:00,0.0005195537808250151,0.02494428174051327,0.0,0.0
2025-12-05 15:00:00+00:00,0.0007450700405367865,0.022761426604148132,0.0,0.0
2025-12-05 16:00:00+00:00,0.002383805700699322,0.012096580006538293,0.0,0.0
2025-12-05 17:00:00+00:00,0.0008866773385793569,0.010808133703344755,0.0,0.0
2025-12-05 18:00:00+00:00,0.0011900391543509814,0.006935644367059527,0.0,0.0
2025-12-05 19:00:00+00:00,0.0012578551529748695,0.027108503309319618,0.0,0.0
2025-12-05 20:00:00+00:00,0.0022840778105998236,0.05300827354271586,0.0,0.0
2025-12-05 21:00:00+00:00,0.0007974762920232217,0.021671386389343777,0.0,0.0
2025-12-05 22:00:00+00:00,0.000943214737558193,0.04138316232318746,0.0,0.0
2025-12-05 23:00:00+00:00,0.00035208850489706466,0.019503989123072996,0.0,0.0
2025-12-06 00:00:00+00:00,0.0006989123214533357,0.03191143883118159,0.0,0.0
2025-12-06 01:00:00+00:00,0.0007585291786612547,0.00828489572781252,0.0,0.0
2025-12-06 02:00:00+00:00,0.0004927503632394544,0.032153323212378286,0.0,0.0
2025-12-06 03:00:00+00:00,0.0012286229576164954,0.05326160441474248,0.0,0.0
2025-12-06 04:00:00+00:00,0.00039697993353497225,0.06461349029792156,0.0,0.0
2025-12-06 05:00:00+00:00,0.00034196593221498973,0.07887169696167075,0.0,0.0
2025-12-06 06:00:00+00:00,0.0003950850070926241,0.0644779657020806,0.0,0.0
2025-12-06 07:00:00+00:00,0.00037028140491898346,0.05689789643793358,0.0,0.0
2025-12-06 08:00:00+00:00,0.0003080988662459543,0.04402200156024069,0.0,0.0
2025-12-06 09:00:00+00:00,0.00015906356674543151,0.055469745561005944,0.0,0.0
2025-12-06 10:00:00+00:00,0.00011300007271200197,0.025135008550091858,0.0,0.0
2025-12-06 11:00:00+00:00,0.00022351686586132404,0.060186557744500956,0.0,0.0
2025-12-06 12:00:00+00:00,0.00018831615555109805,0.021524690971021544,0.0,0.0
2025-12-06 13:00:00+00:00,0.0002191799463721277,0.02087188899206262,0.0,0.0
2025-12-06 14:00:00+00:00,0.0007750409503954458,0.021953287409704397,0.0,0.0
2025-12-06 15:00:00+00:00,0.0009369647971092902,0.024372635241059742,0.0,0.0
2025-12-06 16:00:00+00:00,9.839476815530776e-05,0.022995159819015468,0.0,0.0
2025-12-06 17:00:00+00:00,0.00013551736124863665,0.013450302725990543,0.0,0.0
2025-12-06 18:00:00+00:00,7.539960476777518e-05,0.017950039246707957,0.0,0.0
2025-12-06 19:00:00+00:00,0.0001351878170320688,0.009551360505690198,0.0,0.0
2025-12-06 20:00:00+00:00,5.8157198105272176e-05,0.004526465096189877,0.0,0.0
2025-12-06 21:00:00+00:00,6.565325254114827e-05,0.010949944524899898,0.0,0.0
2025-12-06 22:00:00+00:00,7.330177912489997e-05,0.016324131084997837,0.0,0.0
2025-12-06 23:00:00+00:00,0.00014795962447422428,0.00629569200962586,0.0,0.0
2025-12-07 00:00:00+00:00,0.002577124759284228,0.01627714822678286,0.0,0.0
2025-12-07 01:00:00+00:00,0.0015187087770871268,0.018229954822189007,0.0,0.0
2025-12-07 02:00:00+00:00,0.0047602158226847414,0.015654971547072617,0.0,0.0
2025-12-07 03:00:00+00:00,0.004837455232851503,0.009868329320678272,0.0,0.0
2025-12-07 04:00:00+00:00,0.005265572845725598,0.02302569137086148,0.0,0.0
2025-12-07 05:00:00+00:00,0.003357584228961094,0.016410652701509675,0.0,0.0
2025-12-07 06:00:00+00:00,0.005149522943287538,0.009249282965041298,0.0,0.0
2025-12-07 07:00:00+00:00,0.004745808390250894,0.024081159095825214,0.0,0.0
2025-12-07 08:00:00+00:00,0.0021251241704193617,0.01719127744008139,0.0,0.0
2025-12-07 09:00:00+00:00,0.0015542457494657248,0.008975424580413787,0.0,0.0
2025-12-07 10:00:00+00:00,0.002716644378915276,0.022164931407060006,0.0,0.0
2025-12-07 11:00:00+00:00,0.0017333320396063178,0.006781485798885458,0.0,0.0
2025-12-07 12:00:00+00:00,0.005151303715518118,0.01204223837858553,0.0,0.0
2025-12-07 13:00:00+00:00,0.005041241274900005,0.018573655196212697,0.0,0.0
2025-12-07 14:00:00+00:00,0.005250357200230535,0.020367248011781282,0.0,0.0
2025-12-07 15:00:00+00:00,0.008975367644754841,0.016672738395861923,0.0,0.0
2025-12-07 16:00:00+00:00,0.011552350238805109,0.09132254065947355,0.0,0.0
2025-12-07 17:00:00+00:00,0.01341514150876491,0.02867525849482347,0.0,0.0
2025-12-07 18:00:00+00:00,0.014113576928976442,0.01725168506114436,0.0,0.0
2025-12-07 19:00:00+00:00,0.02061258938566388,0.020825440318416637,0.0,0.0
2025-12-07 20:00:00+00:00,0.029663880762723287,0.051404968452105654,0.0,0.0
2025-12-07 21:00:00+00:00,0.017698985069298543,0.051861887222028114,0.0,0.0
2025-12-07 22:00:00+00:00,0.022141446728534298,0.04143339158447868,0.0,0.0
2025-12-07 23:00:00+00:00,0.023751752113680098,0.025092673261080545,0.0,0.0
2025-12-08 00:00:00+00:00,0.03619979024953157,0.07881684783974872,0.0,0.0
2025-12-08 01:00:00+00:00,0.041737353652517135,0.046077317908942796,0.0,0.0
2025-12-08 02:00:00+00:00,0.03962937783198901,0.0253983363402157,0.0,0.0
2025-12-08 03:00:00+00:00,0.06618461602873726,0.05868920741918652,0.0,0.0
2025-12-08 04:00:00+00:00,0.04648746876662955,0.09561542322436094,0.0,0.0
2025-12-08 05:00:00+00:00,0.03042366063479177,0.012378919018018894,0.0,0.0
2025-12-08 06:00:00+00:00,0.047652913985187784,0.03293328371214307,0.0,0.0
2025-12-08 07:00:00+00:00,0.07226994389956852,0.02903973446986564,0.0,0.0
2025-12-08 08:00:00+00:00,0.07972618718913753,0.02517288883184594,0.0,0.0
2025-12-08 09:00:00+00:00,0.07215052949549133,0.029064925717682627,0.0,0.0
2025-12-08 10:00:00+00:00,0.06965716375630161,0.019881631256663573,0.0,0.0
2025-12-08 11:00:00+00:00,0.11700002873143256,0.024442018887946292,0.0,0.0
2025-12-08 12:00:00+00:00,0.1345994683189091,0.07751904725065732,0.0,0.0
2025-12-08 13:00:00+00:00,0.1466771378411201,0.04727355287772609,0.0,0.0
2025-12-08 14:00:00+00:00,0.10956516666064668,0.05997175866172555,0.0,0.0
2025-12-08 15:00:00+00:00,0.11688933412900863,0.022497176316643663,0.0,0.0
2025-12-08 16:00:00+00:00,0.12644746491017606,0.024834216835504352,0.0,0.0
2025-12-08 17:00:00+00:00,0.11231448740920187,0.019654652177664645,0.0,0.0
2025-12-08 18:00:00+00:00,0.13923606992482165,0.04347983196335101,0.0,0.0
2025-12-08 19:00:00+00:00,0.16270446875341835,0.03618740937321266,0.0,0.0
2025-12-08 20:00:00+00:00,0.1964433253520914,0.03438729790060328,0.0,0.0
2025-12-08 21:00:00+00:00,0.14224745351367787,0.052275668367615095,0.0,0.0
2025-12-08 22:00:00+00:00,0.08712447632774926,0.07911848115414946,0.0,0.0
2025-12-08 23:00:00+00:00,0.08447190612385887,0.07419261090484629,0.0,0.0
2025-12-09 00:00:00+00:00,0.03728941346612073,0.09432055607460695,0.0,0.0
2025-12-09 01:00:00+00:00,0.04827457494274836,0.07408091665721633,0.0,0.0
2025-12-09 02:00:00+00:00,0.04917056591542374,0.03716264215832849,0.0,0.0
2025-12-09 03:00:00+00:00,0.07010455464535036,0.031772180623846416,0.0,0.0
2025-12-09 04:00:00+00:00,0.09676291082240289,0.07385897046259672,0.0,0.0
2025-12-09 05:00:00+00:00,0.07747943241189688,0.10998854893611233,0.0,0.0
2025-12-09 06:00:00+00:00,0.059897243648854216,0.07632177968015806,0.0,0.0
2025-12-09 07:00:00+00:00,0.05171930045817472,0.0990189232964694,0.0,0.0
2025-12-09 08:00:00+00:00,0.05474092120728589,0.09438394591106508,0.0,0.0
2025-12-09 09:00:00+00:00,0.052227509243600256,0.041859284263288526,0.0,0.0
2025-12-09 10:00:00+00:00,0.05643864671190984,0.06720153635139708,0.0,0.0
2025-12-09 11:00:00+00:00,0.04511023228535362,0.07978515241318083,0.0,0.0
2025-12-09 12:00:00+00:00,0.0384501928873413,0.049019552485745875,0.0,0.0
2025-12-09 13:00:00+00:00,0.04091684274043824,0.04347009498823804,0.0,0.0
2025-12-09 14:00:00+00:00,0.02789812164210473,0.04175377993026294,0.0,0.0
2025-12-09 15:00:00+00:00,0.011079370631691317,0.013504672943328203,0.0,0.0
2025-12-09 16:00:00+00:00,0.007635365204912173,0.010061422777048119,0.0,0.0
2025-12-09 17:00:00+00:00,0.013563933829443759,0.0079486032167367,0.0,0.0
2025-12-09 18:00:00+00:00,0.011319854146431038,0.019389997097167086,0.0,0.0
2025-12-09 19:00:00+00:00,0.019371555556166063,0.03060318932816257,0.0,0.0
2025-12-09 20:00:00+00:00,0.02111392160371084,0.0643553959253656,0.0,0.0
2025-12-09 21:00:00+00:00,0.012066232435040888,0.0107471895812581,0.0,0.0
2025-12-09 22:00:00+00:00,0.010485890207383367,0.03232611405944986,0.0,0.0
2025-12-09 23:00:00+00:00,0.03293715907487738,0.013485567346858551,0.0,0.0
2025-12-10 00:00:00+00:00,0.01977043219247883,0.008071376819526892,0.0,0.0
2025-12-10 01:00:00+00:00,0.01784537188660351,0.018289015111536047,0.0,0.0
2025-12-10 02:00:00+00:00,0.02412679603269884,0.040105322196304354,0.0,0.0
2025-12-10 03:00:00+00:00,0.015485036187816265,0.039817376883829185,0.0,0.0
2025-12-10 04:00:00+00:00,0.01400142294257413,0.04660510332616935,0.0,0.0
2025-12-10 05:00:00+00:00,0.015567595984800911,0.023505959298009707,0.0,0.0
2025-12-10 06:00:00+00:00,0.041141065095585384,0.05307914737220982,0.0,0.0
2025-12-10 07:00:00+00:00,0.04830319333705723,0.026224848114355114,0.0,0.0
2025-12-10 08:00:00+00:00,0.03911547824470583,0.035944641827076275,0.0,0.0
2025-12-10 09:00:00+00:00,0.0656298963125464,0.06623916588515605,0.0,0.0
2025-12-10 10:00:00+00:00,0.0707347838236941,0.061119471826035575,0.0,0.0
2025-12-10 11:00:00+00:00,0.14876520059546544,0.08986555438915493,0.0,0.0
2025-12-10 12:00:00+00:00,0.18412213192408863,0.043251328512024435,0.0,0.0
2025-12-10 13:00:00+00:00,0.15532288086326107,0.05890346204937638,0.0,0.0
2025-12-10 14:00:00+00:00,0.21020976291385596,0.02419496245253831,0.0,0.0
2025-12-10 15:00:00+00:00,0.13402362528815337,0.026675199100745648,0.0,0.0
2025-12-10 16:00:00+00:00,0.0882570491127046,0.017942051396172887,0.0,0.0
2025-12-10 17:00:00+00:00,0.06358231126449188,0.03301296615067439,0.0,0.0
2025-12-10 18:00:00+00:00,0.07554322025825344,0.01706494940160319,0.0,0.0
2025-12-10 19:00:00+00:00,0.05701653939077752,0.007556233066430576,0.0,0.0
2025-12-10 20:00:00+00:00,0.04857952593769149,0.013422481027284968,0.0,0.0
2025-12-10 21:00:00+00:00,0.03739888651042982,0.0478920872545943,0.0,0.0
2025-12-10 22:00:00+00:00,0.03367709858450616,0.03195170978328671,0.0,0.0
2025-12-10 23:00:00+00:00,0.023749308993632662,0.05711358495271085,0.0,0.0
2025-12-11 00:00:00+00:00,0.006690762046246388,0.05644758989891722,0.0,0.0
2025-12-11 01:00:00+00:00,0.005412785302150464,0.031884745006774205,0.0,0.0
2025-12-11 02:00:00+00:00,0.004784184874941072,0.042270273957218336,0.0,0.0
2025-12-11 03:00:00+00:00,0.003527091817743097,0.018306298287264332,0.0,0.0
2025-12-11 04:00:00+00:00,0.003992670641503645,0.018056841696516068,0.0,0.0
2025-12-11 05:00:00+00:00,0.0020373307854781443,0.019196835953535076,0.0,0.0
2025-12-11 06:00:00+00:00,0.0036442100690504044,0.04648442639311389,0.0,0.0
2025-12-11 07:00:00+00:00,0.003001145829263249,0.033313313515899855,0.0,0.0
2025-12-11 08:00:00+00:00,0.0025829576150562827,0.022062172772018485,0.0,0.0
2025-12-11 09:00:00+00:00,0.00251968710806327,0.016176487895717902,0.0,0.0
2025-12-11 10:00:00+00:00,0.0012947826280051604,0.01182235377086027,0.0,0.0
2025-12-11 11:00:00+00:00,0.0012328055328543715,0.011133270613867444,0.0,0.0
2025-12-11 12:00:00+00:00,0.0016211866654898125,0.011379469123722057,0.0,0.0
2025-12-11 13:00:00+00:00,0.0016505279343188737,0.020074973839042495,0.0,0.0
2025-12-11 14:00:00+00:00,0.0027368527037792112,0.01298117467100228,0.0,0.0
2025-12-11 15:00:00+00:00,0.004852154866761243,0.030324070181319707,0.0,0.0
2025-12-11 16:00:00+00:00,0.0033821633002902567,0.015836052088852772,0.0,0.0
2025-12-11 17:00:00+00:00,0.0033793456916194706,0.030825297895442128,0.0,0.0
2025-12-11 18:00:00+00:00,0.012594475240346197,0.04566866948612488,0.0,0.0
2025-12-11 19:00:00+00:00,0.010913236764815348,0.025012129449881657,0.0,0.0
2025-12-11 20:00:00+00:00,0.009506541494215606,0.0508370529444335,0.0,0.0
2025-12-11 21:00:00+00:00,0.012780147482811817,0.01038170565703336,0.0,0.0
2025-12-11 22:00:00+00:00,0.015633451466885672,0.014264812070879644,0.0,0.0
2025-12-11 23:00:00+00:00,0.01096237226824831,0.05368078395924212,0.0,0.0
2025-12-12 00:00:00+00:00,0.0025628943328883224,0.0768812121970046,0.0,0.0
2025-12-12 01:00:00+00:00,0.0009042236222959382,0.053128748178494646,0.0,0.0
2025-12-12 02:00:00+00:00,0.0005704643536601646,0.03827301584107903,0.0,0.0
2025-12-12 03:00:00+00:00,0.00021080503377614282,0.02892174891173367,0.0,0.0
2025-12-12 04:00:00+00:00,0.0003444355803105087,0.04202875825855889,0.0,0.0
2025-12-12 05:00:00+00:00,0.00031268605401798703,0.017406830590069988,0.0,0.0
2025-12-12 06:00:00+00:00,0.0004311996166973797,0.022319915853074176,0.0,0.0
2025-12-12 07:00:00+00:00,0.0007399027911837998,0.015400069807065419,0.0,0.0
2025-12-12 08:00:00+00:00,0.0006922501588686527,0.019567960551122133,0.0,0.0
2025-12-12 09:00:00+00:00,0.0016021098953866314,0.019928285553201735,0.0,0.0
2025-12-12 10:00:00+00:00,0.0012135759277338944,0.01103731985780837,0.0,0.0
2025-12-12 11:00:00+00:00,0.0011373811894119462,0.018395458798323817,0.0,0.0
2025-12-12 12:00:00+00:00,0.002363937396000368,0.019423006278691996,0.0,0.0
2025-12-12 13:00:00+00:00,0.0024200482029468587,0.019439515370929306,0.0,0.0
2025-12-12 14:00:00+00:00,0.0048472139684775225,0.02632034751129625,0.0,0.0
2025-12-12 15:00:00+00:00,0.012737906035866555,0.007578920954199708,0.0,0.0
2025-12-12 16:00:00+00:00,0.006720515197056069,0.013309144320060898,0.0,0.0
2025-12-12 17:00:00+00:00,0.008974314153665118,0.02030794445813148,0.0,0.0
2025-12-12 18:00:00+00:00,0.006054358044798941,0.017422243459360682,0.0,0.0
2025-12-12 19:00:00+00:00,0.006326912795497196,0.056246479309633286,0.0,0.0
2025-12-12 20:00:00+00:00,0.0044337258989677235,0.01818201330096305,0.0,0.0
2025-12-12 21:00:00+00:00,0.0040346261498283255,0.017111293950469977,0.0,0.0
2025-12-12 22:00:00+00:00,0.0030419196250853152,0.011360888667877973,0.0,0.0
2025-12-12 23:00:00+00:00,0.0021656086903694884,0.008253248192554683,0.0,0.0
2025-12-13 00:00:00+00:00,0.005848701903109581,0.006542110757903781,0.0,0.0
2025-12-13 01:00:00+00:00,0.005257631250167902,0.057552058350391705,0.0,0.0
2025-12-13 02:00:00+00:00,0.0032147451372596426,0.04712761327674902,0.0,0.0
2025-12-13 03:00:00+00:00,0.0035678674747544573,0.05397186234644627,0.0,0.0
2025-12-13 04:00:00+00:00,0.0030558117793544203,0.033826926832435364,0.0,0.0
2025-12-13 05:00:00+00:00,0.002475292567693322,0.04902147528838288,0.0,0.0
2025-12-13 06:00:00+00:00,0.0021966398305353924,0.030202193749415518,0.0,0.0
2025-12-13 07:00:00+00:00,0.0016219276352700755,0.028864767911262915,0.0,0.0
2025-12-13 08:00:00+00:00,0.003125009677829868,0.03413663431968487,0.0,0.0
2025-12-13 09:00:00+00:00,0.002090497364406759,0.022282287213062264,0.0,0.0
2025-12-13 10:00:00+00:00,0.003777345663365976,0.028663065509166665,0.0,0.0
2025-12-13 11:00:00+00:00,0.006604632707705233,0.013546954638735459,0.0,0.0
2025-12-13 12:00:00+00:00,0.006970891428909589,0.02101588954115628,0.0,0.0
2025-12-13 13:00:00+00:00,0.006467067959328256,0.014726774828314837,0.0,0.0
2025-12-13 14:00:00+00:00,0.007958612825943637,0.01730933532258672,0.0,0.0
2025-12-13 15:00:00+00:00,0.0001371013767251215,0.0037886341904872904,0.0,0.0
2025-12-13 16:00:00+00:00,0.00011256399877610749,0.0030826992166012317,0.0,0.0
2025-12-13 17:00:00+00:00,0.00010270379055560257,0.002955753149016426,0.0,0.0
2025-12-13 18:00:00+00:00,0.0001509320146879462,0.004019379887138126,0.0,0.0
2025-12-13 19:00:00+00:00,0.00015158473079130436,0.0025477086125924933,0.0,0.0
2025-12-13 20:00:00+00:00,0.0001852827560622728,0.004748121017552859,0.0,0.0
2025-12-13 21:00:00+00:00,0.00042741386339643195,0.004160028090819611,0.0,0.0
2025-12-13 22:00:00+00:00,0.00029380789674155275,0.00517027252313705,0.0,0.0
2025-12-13 23:00:00+00:00,0.00048403633566127197,0.006238442031925885,0.0,0.0
2025-12-14 00:00:00+00:00,0.01258864220063125,0.015674914040268138,0.0,0.0
2025-12-14 01:00:00+00:00,0.007386242771770842,0.012819877834242786,0.0,0.0
2025-12-14 02:00:00+00:00,0.007795753214977215,0.015531925117312285,0.0,0.0
2025-12-14 03:00:00+00:00,0.004736742908783509,0.008784083044521574,0.0,0.0
2025-12-14 04:00:00+00:00,0.004310812472004201,0.01122060479367358,0.0,0.0
2025-12-14 05:00:00+00:00,0.004553231400800872,0.010789321838382116,0.0,0.0
2025-12-14 06:00:00+00:00,0.0035301231418340753,0.007408791963517934,0.0,0.0
2025-12-14 07:00:00+00:00,0.004764153797008928,0.007601733511460929,0.0,0.0
2025-12-14 08:00:00+00:00,0.0018048848171871525,0.004086372320698203,0.0,0.0
2025-12-14 09:00:00+00:00,0.0014044066736966204,0.004614111667799357,0.0,0.0
2025-12-14 10:00:00+00:00,0.0013325661102509745,0.005992935016453305,0.0,0.0
2025-12-14 11:00:00+00:00,0.0007315201422116205,0.010296280275420679,0.0,0.0
2025-12-14 12:00:00+00:00,0.0008538537340287922,0.009445681017705364,0.0,0.0
2025-12-14 13:00:00+00:00,0.0007591699296126933,0.011777512107099068,0.0,0.0
2025-12-14 14:00:00+00:00,0.0008089336958116451,0.01498194113399956,0.0,0.0
2025-12-14 15:00:00+00:00,0.0005983646496572191,0.00960482652930916,0.0,0.0
2025-12-14 16:00:00+00:00,0.0009994425121114794,0.008731910193793435,0.0,0.0
2025-12-14 17:00:00+00:00,0.0006552696276626056,0.0071999438599239666,0.0,0.0
2025-12-14 18:00:00+00:00,0.001447377382149152,0.0049069100761828565,0.0,0.0
2025-12-14 19:00:00+00:00,0.0018983443091003275,0.009463689897620746,0.0,0.0
2025-12-14 20:00:00+00:00,0.00215062654787854,0.012692714046629604,0.0,0.0
2025-12-14 21:00:00+00:00,0.0014289168779952658,0.008212934921899838,0.0,0.0
2025-12-14 22:00:00+00:00,0.0014202408363399059,0.012731899440969426,0.0,0.0
2025-12-14 23:00:00+00:00,0.008214674365685433,0.015754920430814574,0.0,0.0
2025-12-15 00:00:00+00:00,0.023353936722240533,0.01765685040516365,0.0,0.0
2025-12-15 01:00:00+00:00,0.057431552466492806,0.033805647874933335,0.0,0.0
2025-12-15 02:00:00+00:00,0.0816792442757913,0.053580249307530366,0.0,0.0
2025-12-15 03:00:00+00:00,0.06658581607564866,0.13132973974980142,0.0,0.0
2025-12-15 04:00:00+00:00,0.05612344078035208,0.03723004309862502,0.0,0.0
2025-12-15 05:00:00+00:00,0.049610600454810284,0.05632680569999674,0.0,0.0
2025-12-15 06:00:00+00:00,0.05840036340082582,0.0416148470927836,0.0,0.0
2025-12-15 07:00:00+00:00,0.0357042477229285,0.014608140536073214,0.0,0.0
2025-12-15 08:00:00+00:00,0.05095307596748205,0.03701130008943632,0.0,0.0
2025-12-15 09:00:00+00:00,0.05540904522401313,0.012422814880186928,0.0,0.0
2025-12-15 10:00:00+00:00,0.049819170832431973,0.010122448555811119,0.0,0.0
2025-12-15 11:00:00+00:00,0.0341531243283752,0.017678437161802674,0.0,0.0
2025-12-15 12:00:00+00:00,0.03737589767303548,0.015124275458476022,0.0,0.0
2025-12-15 13:00:00+00:00,0.02787556826012208,0.018453196469140943,0.0,0.0
2025-12-15 14:00:00+00:00,0.02640474032636335,0.021912981830011512,0.0,0.0
2025-12-15 15:00:00+00:00,0.026098337471205463,0.008988536938720489,0.0,0.0
2025-12-15 16:00:00+00:00,0.03770057145859572,0.007532482984210154,0.0,0.0
2025-12-15 17:00:00+00:00,0.05763911911532241,0.004428826583720112,0.0,0.0
2025-12-15 18:00:00+00:00,0.0770571931881912,0.0027428060558006492,0.0,0.0
2025-12-15 19:00:00+00:00,0.1003100999054246,0.009265151164712484,0.0,0.0
2025-12-15 20:00:00+00:00,0.0597057726778146,0.010908935085846968,0.0,0.0
2025-12-15 21:00:00+00:00,0.09828071390142164,0.008840714797803904,0.0,0.0
2025-12-15 22:00:00+00:00,0.04392513995544876,0.00693002792585376,0.0,0.0
2025-12-15 23:00:00+00:00,0.04797897286257422,0.02410735012517029,0.0,0.0
2025-12-16 00:00:00+00:00,0.06881430440925485,0.03575192362937861,0.0,0.0
2025-12-16 01:00:00+00:00,0.05408903133320355,0.05702501454375448,0.0,0.0
2025-12-16 02:00:00+00:00,0.0739286043770032,0.02851964760052987,0.0,0.0
2025-12-16 03:00:00+00:00,0.06575506825082728,0.03938443276531,0.0,0.0
2025-12-16 04:00:00+00:00,0.043510299209228366,0.035356900297534945,0.0,0.0
2025-12-16 05:00:00+00:00,0.05273762260412909,0.029073976752037017,0.0,0.0
2025-12-16 06:00:00+00:00,0.08872133446435604,0.08707423402901941,0.0,0.0
2025-12-16 07:00:00+00:00,0.07664437222169827,0.06340026268585329,0.0,0.0
2025-12-16 08:00:00+00:00,0.04439204004311619,0.06513943645778952,0.0,0.0
2025-12-16 09:00:00+00:00,0.035965480362363585,0.056507310910923675,0.0,0.0
2025-12-16 10:00:00+00:00,0.07971206984313407,0.17463929351036764,0.0,0.0
2025-12-16 11:00:00+00:00,0.04739415835432676,0.14161626243755848,0.0,0.0
2025-12-16 12:00:00+00:00,0.03711377086397628,0.057839178074352994,0.0,0.0
2025-12-16 13:00:00+00:00,0.0322709255570779,0.05021984521825901,0.0,0.0
2025-12-16 14:00:00+00:00,0.01807493622522579,0.04894711535055338,0.0,0.0
2025-12-16 15:00:00+00:00,0.010831726211240447,0.11068961638006064,0.0,0.0
2025-12-16 16:00:00+00:00,0.016872023920001988,0.053132967455774206,0.0,0.0
2025-12-16 17:00:00+00:00,0.020283975319874203,0.08854666354325709,0.0,0.0
2025-12-16 18:00:00+00:00,0.02381042837285277,0.09060974360310704,0.0,0.0
2025-12-16 19:00:00+00:00,0.024113140207331515,0.09127163421793943,0.0,0.0
2025-12-16 20:00:00+00:00,0.020185932951314163,0.08526649151735821,0.0,0.0
2025-12-16 21:00:00+00:00,0.015223559012419471,0.06938662261179092,0.0,0.0
2025-12-16 22:00:00+00:00,0.03058160407122294,0.04095685713077665,0.0,0.0
2025-12-16 23:00:00+00:00,0.04107234190086928,0.06837460650865555,0.0,0.0
2025-12-17 00:00:00+00:00,0.019041719322316217,0.04102181318099805,0.0,0.0
2025-12-17 01:00:00+00:00,0.025308241648242826,0.047242085667975296,0.0,0.0
2025-12-17 02:00:00+00:00,0.03621105549015203,0.03793664592357051,0.0,0.0
2025-12-17 03:00:00+00:00,0.02387360517279948,0.03790748936534474,0.0,0.0
2025-12-17 04:00:00+00:00,0.04553568237159911,0.06365480039346653,0.0,0.0
2025-12-17 05:00:00+00:00,0.04963154980934655,0.04961035800001898,0.0,0.0
2025-12-17 06:00:00+00:00,0.04437835070305953,0.07663410747480204,0.0,0.0
2025-12-17 07:00:00+00:00,0.04987908158814216,0.08073385188536662,0.0,0.0
2025-12-17 08:00:00+00:00,0.04696616363104189,0.06235958328490964,0.0,0.0
2025-12-17 09:00:00+00:00,0.05040559537178318,0.07959185243576795,0.0,0.0
2025-12-17 10:00:00+00:00,0.05991556596569884,0.07291754690436654,0.0,0.0
2025-12-17 11:00:00+00:00,0.06273842510786565,0.09894053752794114,0.0,0.0
2025-12-17 12:00:00+00:00,0.046835174774075554,0.08028114900043935,0.0,0.0
2025-12-17 13:00:00+00:00,0.029230691414781945,0.03728622415238317,0.0,0.0
2025-12-17 14:00:00+00:00,0.025376158486222506,0.024907195477234013,0.0,0.0
2025-12-17 15:00:00+00:00,0.015202812902877475,0.0027825416694136976,0.0,0.0
2025-12-17 16:00:00+00:00,0.01818730656331948,0.032999325073118445,0.0,0.0
2025-12-17 17:00:00+00:00,0.028994812529741815,0.014159077566594272,0.0,0.0
2025-12-17 18:00:00+00:00,0.037213609494439824,0.01618028161689905,0.0,0.0
2025-12-17 19:00:00+00:00,0.03194925900950748,0.01613247818470204,0.0,0.0
2025-12-17 20:00:00+00:00,0.045556213408329556,0.02144539267231142,0.0,0.0
2025-12-17 21:00:00+00:00,0.021277767353138483,0.00452362704841156,0.0,0.0
2025-12-17 22:00:00+00:00,0.05213734435520825,0.004160791056956573,0.0,0.0
2025-12-17 23:00:00+00:00,0.013430955813059387,0.0027544009278249533,0.0,0.0
2025-12-18 00:00:00+00:00,0.03211272598301403,0.020640611689295704,0.0,0.0
2025-12-18 01:00:00+00:00,0.06064153295352814,0.061962502480683856,0.0,0.0
2025-12-18 02:00:00+00:00,0.09168315186081005,0.10444456456513795,0.0,0.0
2025-12-18 03:00:00+00:00,0.07032953556997952,0.07412300756556768,0.0,0.0
2025-12-18 04:00:00+00:00,0.055108919269729224,0.10482875865169934,0.0,0.0
2025-12-18 05:00:00+00:00,0.058063951625983795,0.08625215343224506,0.0,0.0
2025-12-18 06:00:00+00:00,0.04668788520542259,0.10207401658644298,0.0,0.0
2025-12-18 07:00:00+00:00,0.05298728200774314,0.09218695752139833,0.0,0.0
2025-12-18 08:00:00+00:00,0.035797761754000956,0.10130491077134056,0.0,0.0
2025-12-18 09:00:00+00:00,0.06020540684788956,0.103932811431296,0.0,0.0
2025-12-18 10:00:00+00:00,0.054237606403639095,0.0363383212359597,0.0,0.0
2025-12-18 11:00:00+00:00,0.05607609631310397,0.07247447097681636,0.0,0.0
2025-12-18 12:00:00+00:00,0.05580096975019418,0.05688872772761513,0.0,0.0
2025-12-18 13:00:00+00:00,0.04351414803761925,0.03599149011453268,0.0,0.0
2025-12-18 14:00:00+00:00,0.03590050652640859,0.026990480869381855,0.0,0.0
2025-12-18 15:00:00+00:00,0.02148837096060686,0.03238863378454649,0.0,0.0
2025-12-18 16:00:00+00:00,0.013619126678831783,0.03813697657777587,0.0,0.0
2025-12-18 17:00:00+00:00,0.026422972520930118,0.019902171955820187,0.0,0.0
2025-12-18 18:00:00+00:00,0.00926403285490148,0.01446657480750381,0.0,0.0
2025-12-18 19:00:00+00:00,0.03501459893972448,0.008151933682881966,0.0,0.0
2025-12-18 20:00:00+00:00,0.011281122659418325,0.001997543488797374,0.0,0.0
2025-12-18 21:00:00+00:00,0.04906457410405391,0.00343328957744293,0.0,0.0
2025-12-18 22:00:00+00:00,0.011650384803125469,0.00425235140723794,0.0,0.0
2025-12-18 23:00:00+00:00,0.04619528919913401,0.024105572209434975,0.0,0.0
2025-12-19 00:00:00+00:00,0.017733281696543188,0.016531998708971773,0.0,0.0
2025-12-19 01:00:00+00:00,0.023138810776068663,0.01987115942088855,0.0,0.0
2025-12-19 02:00:00+00:00,0.03558763569887699,0.042880242157188386,0.0,0.0
2025-12-19 03:00:00+00:00,0.032022034617208796,0.035256757136682595,0.0,0.0
2025-12-19 04:00:00+00:00,0.010778897791366851,0.021147731268437914,0.0,0.0
2025-12-19 05:00:00+00:00,0.021184045378462694,0.054791853733469585,0.0,0.0
2025-12-19 06:00:00+00:00,0.01826170634785197,0.07968570415293667,0.0,0.0
2025-12-19 07:00:00+00:00,0.0338437458143418,0.11214353731775983,0.0,0.0
2025-12-19 08:00:00+00:00,0.011623061317116268,0.04979835034736078,0.0,0.0
2025-12-19 09:00:00+00:00,0.008859243924646468,0.03837768866067657,0.0,0.0
2025-12-19 10:00:00+00:00,0.009676616155957385,0.057813627411279524,0.0,0.0
2025-12-19 11:00:00+00:00,0.006225876624387152,0.030190247926574768,0.0,0.0
2025-12-19 12:00:00+00:00,0.006928614172309502,0.03349889109478454,0.0,0.0
2025-12-19 13:00:00+00:00,0.01588931209092175,0.07375573087804364,0.0,0.0
2025-12-19 14:00:00+00:00,0.012837372200877837,0.04519786037924877,0.0,0.0
2025-12-19 15:00:00+00:00,0.013708064130162359,0.06127830466661405,0.0,0.0
2025-12-19 16:00:00+00:00,0.019395868809707395,0.053322003199679384,0.0,0.0
2025-12-19 17:00:00+00:00,0.03949153394934579,0.04917767351874009,0.0,0.0
2025-12-19 18:00:00+00:00,0.015419320206537827,0.073850778076276,0.0,0.0
2025-12-19 19:00:00+00:00,0.008824883911578138,0.045921138863026345,0.0,0.0
2025-12-19 20:00:00+00:00,0.0057838928176338344,0.02222587258372004,0.0,0.0
2025-12-19 21:00:00+00:00,0.009277042125256695,0.04229212052562777,0.0,0.0
2025-12-19 22:00:00+00:00,0.0075091327858163555,0.021682292376140708,0.0,0.0
2025-12-19 23:00:00+00:00,0.005114286173718501,0.01131003724825219,0.0,0.0
2025-12-20 00:00:00+00:00,0.012901716655766539,0.03744507219665639,0.0,0.0
2025-12-20 01:00:00+00:00,0.009502792610706341,0.024118570863531728,0.0,0.0
2025-12-20 02:00:00+00:00,0.013352724990432226,0.02389034201164268,0.0,0.0
2025-12-20 03:00:00+00:00,0.009792364396465051,0.026234051855682283,0.0,0.0
2025-12-20 04:00:00+00:00,0.014341161041116428,0.022742829882020536,0.0,0.0
2025-12-20 05:00:00+00:00,0.013114494341183856,0.018067280644905745,0.0,0.0
2025-12-20 06:00:00+00:00,0.00970675524237447,0.013468244126943904,0.0,0.0
2025-12-20 07:00:00+00:00,0.01431379454503888,0.01880667321914128,0.0,0.0
2025-12-20 08:00:00+00:00,0.009810873471362986,0.012009547969306441,0.0,0.0
2025-12-20 09:00:00+00:00,0.00918875587070002,0.011042252127776866,0.0,0.0
2025-12-20 10:00:00+00:00,0.01265922886146417,0.011185154338329487,0.0,0.0
2025-12-20 11:00:00+00:00,0.014194864544257136,0.011551684510457925,0.0,0.0
2025-12-20 12:00:00+00:00,0.0099082854261386,0.009276162895807613,0.0,0.0
2025-12-20 13:00:00+00:00,0.018447809676145364,0.008725418929644126,0.0,0.0
2025-12-20 14:00:00+00:00,0.01610435261253665,0.00745266129520832,0.0,0.0
2025-12-20 15:00:00+00:00,0.019365766895364424,0.006875263814313412,0.0,0.0
2025-12-20 16:00:00+00:00,0.009286190795899409,0.005788836687207148,0.0,0.0
2025-12-20 17:00:00+00:00,0.0064158696756350525,0.004556111974299852,0.0,0.0
2025-12-20 18:00:00+00:00,0.014540627310404085,0.004191477165500448,0.0,0.0
2025-12-20 19:00:00+00:00,0.004421430891796869,0.004220873676842334,0.0,0.0
2025-12-20 20:00:00+00:00,0.008385906827108082,0.0035752495649626717,0.0,0.0
2025-12-20 21:00:00+00:00,0.009592271443011705,0.005055910263379809,0.0,0.0
2025-12-20 22:00:00+00:00,0.008961248711013527,0.004454351732985056,0.0,0.0
2025-12-20 23:00:00+00:00,0.007396072936886023,0.0038468014247368585,0.0,0.0
2025-12-21 00:00:00+00:00,0.032570487993892144,0.004773284953140087,0.0,0.0
2025-12-21 01:00:00+00:00,0.04366017600210751,0.01437466741929197,0.0,0.0
2025-12-21 02:00:00+00:00,0.047252476588033616,0.013289145892712765,0.0,0.0
2025-12-21 03:00:00+00:00,0.032710449093604425,0.008543992378782075,0.0,0.0
2025-12-21 04:00:00+00:00,0.02392717691681999,0.010119204501737667,0.0,0.0
2025-12-21 05:00:00+00:00,0.019394888417108774,0.0058433247985376436,0.0,0.0
2025-12-21 06:00:00+00:00,0.01735129230476214,0.004675784707787289,0.0,0.0
2025-12-21 07:00:00+00:00,0.026249391311116126,0.004596980406409635,0.0,0.0
2025-12-21 08:00:00+00:00,0.0571774680009785,0.00960831019287968,0.0,0.0
2025-12-21 09:00:00+00:00,0.03623580215399238,0.0037433029525598244,0.0,0.0
2025-12-21 10:00:00+00:00,0.04290156996931079,0.008122986196842584,0.0,0.0
2025-12-21 11:00:00+00:00,0.037633355602132657,0.00912084775829597,0.0,0.0
2025-12-21 12:00:00+00:00,0.04788598014512955,0.009264280123650206,0.0,0.0
2025-12-21 13:00:00+00:00,0.028606615727922956,0.025806699124658255,0.0,0.0
2025-12-21 14:00:00+00:00,0.032583186950658545,0.024413522570541784,0.0,0.0
2025-12-21 15:00:00+00:00,0.033931333389444825,0.0449758464024179,0.0,0.0
2025-12-21 16:00:00+00:00,0.04452256756893275,0.04200673245895464,0.0,0.0
2025-12-21 17:00:00+00:00,0.06368009176451006,0.04201148395903082,0.0,0.0
2025-12-21 18:00:00+00:00,0.05555037250005921,0.02006497250702272,0.0,0.0
2025-12-21 19:00:00+00:00,0.048047914707587014,0.015080973327543991,0.0,0.0
2025-12-21 20:00:00+00:00,0.028106594103066696,0.022668308544311105,0.0,0.0
2025-12-21 21:00:00+00:00,0.02544452086183684,0.008541074970313362,0.0,0.0
2025-12-21 22:00:00+00:00,0.04185859783824377,0.01763457443532164,0.0,0.0
2025-12-21 23:00:00+00:00,0.0882306824572608,0.027146662228542246,0.0,0.0
2025-12-22 00:00:00+00:00,0.12083689698222955,0.061690263371345457,0.0,0.0
2025-12-22 01:00:00+00:00,0.11684068408901353,0.04134140591263356,0.0,0.0
2025-12-22 02:00:00+00:00,0.0926492222501768,0.03945971862412221,0.0,0.0
2025-12-22 03:00:00+00:00,0.09026319523829275,0.04210939412258246,0.0,0.0
2025-12-22 04:00:00+00:00,0.08108795100404627,0.02356346619127797,0.0,0.0
2025-12-22 05:00:00+00:00,0.0851031841261271,0.032323507137852626,0.0,0.0
2025-12-22 06:00:00+00:00,0.09993050925402469,0.031188657384458297,0.0,0.0
2025-12-22 07:00:00+00:00,0.09038751893663845,0.018297985838091013,0.0,0.0
2025-12-22 08:00:00+00:00,0.09306189716048657,0.02366768482397336,0.0,0.0
2025-12-22 09:00:00+00:00,0.07145834095492642,0.012829070702460916,0.0,0.0
2025-12-22 10:00:00+00:00,0.06197732071658337,0.00957542885636113,0.0,0.0
2025-12-22 11:00:00+00:00,0.07553974539007681,0.0154047674905241,0.0,0.0
2025-12-22 12:00:00+00:00,0.07869859110471313,0.009836131324568079,0.0,0.0
2025-12-22 13:00:00+00:00,0.05482167222619414,0.03566963094984374,0.0,0.0
2025-12-22 14:00:00+00:00,0.037106736577100695,0.013712333814381833,0.0,0.0
2025-12-22 15:00:00+00:00,0.06605001191785341,0.034368041860675415,0.0,0.0
2025-12-22 16:00:00+00:00,0.04874124775082542,0.04971771094063499,0.0,0.0
2025-12-22 17:00:00+00:00,0.0525018567921193,0.021153307171965535,0.0,0.0
2025-12-22 18:00:00+00:00,0.03963799187585793,0.03732080749042152,0.0,0.0
2025-12-22 19:00:00+00:00,0.07142670525140155,0.02213681113013675,0.0,0.0
2025-12-22 20:00:00+00:00,0.05452840840400972,0.022807393076474797,0.0,0.0
2025-12-22 21:00:00+00:00,0.038698918791516344,0.02233330475489784,0.0,0.0
2025-12-22 22:00:00+00:00,0.07381462742348704,0.053199692877503556,0.0,0.0
2025-12-22 23:00:00+00:00,0.07088447682505201,0.07280206844019858,0.0,0.0
2025-12-23 00:00:00+00:00,0.04207661627738212,0.03250425774520633,0.0,0.0
2025-12-23 01:00:00+00:00,0.0639005201517244,0.09173168060121756,0.0,0.0
2025-12-23 02:00:00+00:00,0.05071945849594561,0.04176547970875814,0.0,0.0
2025-12-23 03:00:00+00:00,0.025079519099314353,0.016213936546530288,0.0,0.0
2025-12-23 04:00:00+00:00,0.031866849872307555,0.02804711610646518,0.0,0.0
2025-12-23 05:00:00+00:00,0.04532084896256139,0.03202864467575827,0.0,0.0
2025-12-23 06:00:00+00:00,0.06648727938983026,0.027351921956790995,0.0,0.0
2025-12-23 07:00:00+00:00,0.046908070013725205,0.04008727672424112,0.0,0.0
2025-12-23 08:00:00+00:00,0.04710445573407363,0.032902903566487555,0.0,0.0
2025-12-23 09:00:00+00:00,0.04579152783718893,0.04672901769997365,0.0,0.0
2025-12-23 10:00:00+00:00,0.033521119624370176,0.03008064635069571,0.0,0.0
2025-12-23 11:00:00+00:00,0.04451201929956939,0.030848056102132093,0.0,0.0
2025-12-23 12:00:00+00:00,0.046507558337834286,0.032133258617265896,0.0,0.0
2025-12-23 13:00:00+00:00,0.03502017128167923,0.03187351914849939,0.0,0.0
2025-12-23 14:00:00+00:00,0.026185923383628604,0.017171448656591762,0.0,0.0
2025-12-23 15:00:00+00:00,0.0317091881055871,0.047883452266596495,0.0,0.0
2025-12-23 16:00:00+00:00,0.046104249481961596,0.12140540143969503,0.0,0.0
2025-12-23 17:00:00+00:00,0.03357160502295309,0.05318749529891368,0.0,0.0
2025-12-23 18:00:00+00:00,0.04888625928703389,0.0485159404375106,0.0,0.0
2025-12-23 19:00:00+00:00,0.03763822518369008,0.05878733649181913,0.0,0.0
2025-12-23 20:00:00+00:00,0.03454558608122386,0.08379544582790827,0.0,0.0
2025-12-23 21:00:00+00:00,0.03298811051442244,0.0613733065928538,0.0,0.0
2025-12-23 22:00:00+00:00,0.03008613541001444,0.05969442050190956,0.0,0.0
2025-12-23 23:00:00+00:00,0.033022405245101576,0.039842146516694536,0.0,0.0
2025-12-24 00:00:00+00:00,0.024941048804831393,0.026765450822111583,0.0,0.0
2025-12-24 01:00:00+00:00,0.013521291285554673,0.02891940459961886,0.0,0.0
2025-12-24 02:00:00+00:00,0.0331143809106507,0.0485692571066362,0.0,0.0
2025-12-24 03:00:00+00:00,0.024679503238418426,0.05474161983623269,0.0,0.0
2025-12-24 04:00:00+00:00,0.024752505171140356,0.08517633333731457,0.0,0.0
2025-12-24 05:00:00+00:00,0.02123813818234205,0.07130935068970547,0.0,0.0
2025-12-24 06:00:00+00:00,0.016412091903500098,0.039618310521410155,0.0,0.0
2025-12-24 07:00:00+00:00,0.01390893314847186,0.030480919096788517,0.0,0.0
2025-12-24 08:00:00+00:00,0.01723807930387831,0.0408662997510911,0.0,0.0
2025-12-24 09:00:00+00:00,0.009452487188362333,0.023277907658549757,0.0,0.0
2025-12-24 10:00:00+00:00,0.013088089762297953,0.04194720380007864,0.0,0.0
2025-12-24 11:00:00+00:00,0.02153920941555923,0.038496571516638274,0.0,0.0
2025-12-24 12:00:00+00:00,0.025162923659985473,0.05214080448992874,0.0,0.0
2025-12-24 13:00:00+00:00,0.019309059508562636,0.03454650264985612,0.0,0.0
2025-12-24 14:00:00+00:00,0.02004104362252609,0.049695918018358064,0.0,0.0
2025-12-24 15:00:00+00:00,0.01762442449483712,0.03113881535492848,0.0,0.0
2025-12-24 16:00:00+00:00,0.021033826875779597,0.0350360566861155,0.0,0.0
2025-12-24 17:00:00+00:00,0.008354229123323379,0.021493468956959624,0.0,0.0
2025-12-24 18:00:00+00:00,0.006628886781219941,0.02210806260033756,0.0,0.0
2025-12-24 19:00:00+00:00,0.007234484675350751,0.012482808776257369,0.0,0.0
2025-12-24 20:00:00+00:00,0.007704400769689731,0.015526634404141057,0.0,0.0
2025-12-24 21:00:00+00:00,0.00838417233863527,0.01233663278515081,0.0,0.0
2025-12-24 22:00:00+00:00,0.013127250564092217,0.011792883218719047,0.0,0.0
2025-12-24 23:00:00+00:00,0.014044819755330262,0.029030773310471148,0.0,0.0
2025-12-25 00:00:00+00:00,0.004184418064211605,0.02470639125751416,0.0,0.0
2025-12-25 01:00:00+00:00,0.0035471416423995712,0.015372704535928502,0.0,0.0
2025-12-25 02:00:00+00:00,0.004486394856127785,0.017172822621872346,0.0,0.0
2025-12-25 03:00:00+00:00,0.003770098569483371,0.019697398581921665,0.0,0.0
2025-12-25 04:00:00+00:00,0.0029115597610323567,0.008222644711439376,0.0,0.0
2025-12-25 05:00:00+00:00,0.0028490506010877457,0.00786017977811967,0.0,0.0
2025-12-25 06:00:00+00:00,0.0030182477724037117,0.0076476027492324294,0.0,0.0
2025-12-25 07:00:00+00:00,0.002906955447096217,0.004635594117031182,0.0,0.0
2025-12-25 08:00:00+00:00,0.004260393434815578,0.009652535217146938,0.0,0.0
2025-12-25 09:00:00+00:00,0.0027044379443706672,0.007442973897301773,0.0,0.0
2025-12-25 10:00:00+00:00,0.002037807857960528,0.0066192932324952505,0.0,0.0
2025-12-25 11:00:00+00:00,0.0018049503846798483,0.007105337855557454,0.0,0.0
2025-12-25 12:00:00+00:00,0.0018717231785868342,0.004857798659355273,0.0,0.0
2025-12-25 13:00:00+00:00,0.0034847834018560697,0.0054740973825662355,0.0,0.0
2025-12-25 14:00:00+00:00,0.0034367822914677074,0.004346767592890333,0.0,0.0
2025-12-25 15:00:00+00:00,0.01284790324854388,0.012511630452574576,0.0,0.0
2025-12-25 16:00:00+00:00,0.009367001895546637,0.009671789042412322,0.0,0.0
2025-12-25 17:00:00+00:00,0.007976568089975732,0.0195749551789535,0.0,0.0
2025-12-25 18:00:00+00:00,0.012216381671636037,0.012945054282792625,0.0,0.0
2025-12-25 19:00:00+00:00,0.007799795054192454,0.01693453498134619,0.0,0.0
2025-12-25 20:00:00+00:00,0.010614117618873304,0.01449779072752648,0.0,0.0
2025-12-25 21:00:00+00:00,0.008152624019579799,0.009985057566304774,0.0,0.0
2025-12-25 22:00:00+00:00,0.011037508078111935,0.010952786812068868,0.0,0.0
2025-12-25 23:00:00+00:00,0.010997071792678947,0.01787908974985554,0.0,0.0
2025-12-26 00:00:00+00:00,0.0033651713252877864,0.011759941026635088,0.0,0.0
2025-12-26 01:00:00+00:00,0.0043564002254823765,0.01652409840595602,0.0,0.0
2025-12-26 02:00:00+00:00,0.038116884080263626,0.02145174872250666,0.0,0.0
2025-12-26 03:00:00+00:00,0.015232208829632632,0.019903923273037093,0.0,0.0
2025-12-26 04:00:00+00:00,0.020747001319466756,0.026446259588281364,0.0,0.0
2025-12-26 05:00:00+00:00,0.01625140934344414,0.031913700658824186,0.0,0.0
2025-12-26 06:00:00+00:00,0.010605859120757092,0.031564689558121035,0.0,0.0
2025-12-26 07:00:00+00:00,0.022099471398330628,0.04503833804733009,0.0,0.0
2025-12-26 08:00:00+00:00,0.01112271750281821,0.03630779350770608,0.0,0.0
2025-12-26 09:00:00+00:00,0.007163648970100835,0.023400261251173383,0.0,0.0
2025-12-26 10:00:00+00:00,0.006105229791510996,0.011309070189079838,0.0,0.0
2025-12-26 11:00:00+00:00,0.0033888257664331984,0.006269556489656464,0.0,0.0
2025-12-26 12:00:00+00:00,0.014612011280064527,0.0380415479902222,0.0,0.0
2025-12-26 13:00:00+00:00,0.020121028071260743,0.02958652675163281,0.0,0.0
2025-12-26 14:00:00+00:00,0.029708715228445298,0.027620902866856516,0.0,0.0
2025-12-26 15:00:00+00:00,0.01594159689556447,0.028484229512619558,0.0,0.0
2025-12-26 16:00:00+00:00,0.016673924465478787,0.02622227434029972,0.0,0.0
2025-12-26 17:00:00+00:00,0.01953430035159663,0.035149339030364775,0.0,0.0
2025-12-26 18:00:00+00:00,0.04770716262353469,0.08998905800292371,0.0,0.0
2025-12-26 19:00:00+00:00,0.01810336763070026,0.030426411072092596,0.0,0.0
2025-12-26 20:00:00+00:00,0.02196876864018567,0.015785068612172753,0.0,0.0
2025-12-26 21:00:00+00:00,0.010701758841952068,0.023405399164023916,0.0,0.0
2025-12-26 22:00:00+00:00,0.021731329910799086,0.01146996540388922,0.0,0.0
2025-12-26 23:00:00+00:00,0.016304386628379356,0.018356983885387684,0.0,0.0
2025-12-27 00:00:00+00:00,0.03542258464185154,0.03500794639867405,0.0,0.0
2025-12-27 01:00:00+00:00,0.03746557468199264,0.030620234709878614,0.0,0.0
2025-12-27 02:00:00+00:00,0.0162130574427034,0.026373467842876194,0.0,0.0
2025-12-27 03:00:00+00:00,0.021486357745337362,0.03604918604405959,0.0,0.0
2025-12-27 04:00:00+00:00,0.00878214043175868,0.015212270667435468,0.0,0.0
2025-12-27 05:00:00+00:00,0.0125197524292385,0.027229831967859802,0.0,0.0
2025-12-27 06:00:00+00:00,0.010564038253656165,0.015186375660656311,0.0,0.0
2025-12-27 07:00:00+00:00,0.011273080169246651,0.018564239625447416,0.0,0.0
2025-12-27 08:00:00+00:00,0.010008723785152189,0.012635480608959353,0.0,0.0
2025-12-27 09:00:00+00:00,0.013359183388839251,0.011971847794765378,0.0,0.0
2025-12-27 10:00:00+00:00,0.009799240194270023,0.010253662642411855,0.0,0.0
2025-12-27 11:00:00+00:00,0.007569358723783721,0.00909905405405357,0.0,0.0
2025-12-27 12:00:00+00:00,0.004945634619710427,0.00680395934528507,0.0,0.0
2025-12-27 13:00:00+00:00,0.007909317734509385,0.00796375714664854,0.0,0.0
2025-12-27 14:00:00+00:00,0.002127748723148068,0.002915067794684067,0.0,0.0
2025-12-27 15:00:00+00:00,0.0018240354161597836,0.0024924237002547527,0.0,0.0
2025-12-27 16:00:00+00:00,0.0017747522183037526,0.002923245153343255,0.0,0.0
2025-12-27 17:00:00+00:00,0.0014249975133663179,0.0017456651683094146,0.0,0.0
2025-12-27 18:00:00+00:00,0.0018003984562503632,0.0025321644368713992,0.0,0.0
2025-12-27 19:00:00+00:00,0.0018014904307965599,0.0021837062774876805,0.0,0.0
2025-12-27 20:00:00+00:00,0.0021701640302444337,0.002641093978869656,0.0,0.0
2025-12-27 21:00:00+00:00,0.002269946913372242,0.0022299687420061585,0.0,0.0
2025-12-27 22:00:00+00:00,0.00813584220845375,0.005725515068604417,0.0,0.0
2025-12-27 23:00:00+00:00,0.010489216970864544,0.005236982693224851,0.0,0.0
2025-12-28 00:00:00+00:00,0.031658332421494385,0.007937859767642668,0.0,0.0
2025-12-28 01:00:00+00:00,0.030510138432320668,0.011490543006628934,0.0,0.0
2025-12-28 02:00:00+00:00,0.023537699256764494,0.0074163280219870335,0.0,0.0
2025-12-28 03:00:00+00:00,0.02420474980175355,0.00830894505344925,0.0,0.0
2025-12-28 04:00:00+00:00,0.02185786757408974,0.0065992697983204215,0.0,0.0
2025-12-28 05:00:00+00:00,0.01256711379308754,0.0044646283025411215,0.0,0.0
2025-12-28 06:00:00+00:00,0.012247857914851936,0.0037790707402648054,0.0,0.0
2025-12-28 07:00:00+00:00,0.00945999771166362,0.0036401767789160256,0.0,0.0
2025-12-28 08:00:00+00:00,0.0181352187075756,0.003450838643049535,0.0,0.0
2025-12-28 09:00:00+00:00,0.016694032129646194,0.0028157375988239505,0.0,0.0
2025-12-28 10:00:00+00:00,0.019188270595852208,0.00239652232232573,0.0,0.0
2025-12-28 11:00:00+00:00,0.01702322620062471,0.00197617776193742,0.0,0.0
2025-12-28 12:00:00+00:00,0.016290812573182437,0.0022547614638090065,0.0,0.0
2025-12-28 13:00:00+00:00,0.019590159456519287,0.0019187145126236364,0.0,0.0
2025-12-28 14:00:00+00:00,0.01728517946727788,0.002107736135393976,0.0,0.0
2025-12-28 15:00:00+00:00,0.016403843108627584,0.0029813009229996113,0.0,0.0
2025-12-28 16:00:00+00:00,0.014907567748078018,0.0024211677221232073,0.0,0.0
2025-12-28 17:00:00+00:00,0.007848880533598826,0.0030206192344673344,0.0,0.0
2025-12-28 18:00:00+00:00,0.014073312733550081,0.006396707623720685,0.0,0.0
2025-12-28 19:00:00+00:00,0.010020843341186157,0.004478260574520591,0.0,0.0
2025-12-28 20:00:00+00:00,0.007012110525454936,0.003671590530303885,0.0,0.0
2025-12-28 21:00:00+00:00,0.0070189880336768,0.002347954711667439,0.0,0.0
2025-12-28 22:00:00+00:00,0.04009845370935831,0.0063146829663313165,0.0,0.0
2025-12-28 23:00:00+00:00,0.037301144647088315,0.005279043817290791,0.0,0.0
2025-12-29 00:00:00+00:00,0.0491608674340232,0.007136480400523015,0.0,0.0
2025-12-29 01:00:00+00:00,0.04126279253627929,0.0036137787899407116,0.0,0.0
2025-12-29 02:00:00+00:00,0.05502335364996403,0.008417587541325397,0.0,0.0
2025-12-29 03:00:00+00:00,0.0498628808499005,0.0053392090366798746,0.0,0.0
2025-12-29 04:00:00+00:00,0.053875992509876625,0.010094367750821525,0.0,0.0
2025-12-29 05:00:00+00:00,0.0610004808294089,0.030764292306184864,0.0,0.0
2025-12-29 06:00:00+00:00,0.0646104951985564,0.04329443871132218,0.0,0.0
2025-12-29 07:00:00+00:00,0.05001768671908815,0.0436283710417236,0.0,0.0
2025-12-29 08:00:00+00:00,0.05803002178218634,0.015408120862605389,0.0,0.0
2025-12-29 09:00:00+00:00,0.04355486039362109,0.03567241525156164,0.0,0.0
2025-12-29 10:00:00+00:00,0.04321654814459053,0.04410793323546892,0.0,0.0
2025-12-29 11:00:00+00:00,0.0331376360582923,0.01971319875086409,0.0,0.0
2025-12-29 12:00:00+00:00,0.06179942581992646,0.032112559828356084,0.0,0.0
2025-12-29 13:00:00+00:00,0.06998525470545051,0.03937064654517893,0.0,0.0
2025-12-29 14:00:00+00:00,0.08248742889022244,0.0327739865243885,0.0,0.0
2025-12-29 15:00:00+00:00,0.08953534162712318,0.024850510360034234,0.0,0.0
2025-12-29 16:00:00+00:00,0.08699819949893584,0.029054876069249475,0.0,0.0
2025-12-29 17:00:00+00:00,0.033557172833463066,0.008414509185322229,0.0,0.0
2025-12-29 18:00:00+00:00,0.06713316959115945,0.02450785301344424,0.0,0.0
2025-12-29 19:00:00+00:00,0.06330959091989524,0.05405357928872937,0.0,0.0
2025-12-29 20:00:00+00:00,0.07411488557177744,0.02503610873478446,0.0,0.0
2025-12-29 21:00:00+00:00,0.04707973313543714,0.033887769532463925,0.0,0.0
2025-12-29 22:00:00+00:00,0.06919806179161435,0.028451732564859417,0.0,0.0
2025-12-29 23:00:00+00:00,0.07509298838857649,0.030687000044812826,0.0,0.0
2025-12-30 00:00:00+00:00,0.05316380930921686,0.028574396096257632,0.0,0.0
2025-12-30 01:00:00+00:00,0.06168228197424072,0.02688436727160146,0.0,0.0
2025-12-30 02:00:00+00:00,0.053861997804934926,0.04071378892999666,0.0,0.0
2025-12-30 03:00:00+00:00,0.05544293438834555,0.030334621672061343,0.0,0.0
2025-12-30 04:00:00+00:00,0.049401248635686956,0.03913487766034251,0.0,0.0
2025-12-30 05:00:00+00:00,0.041500721401244105,0.047493785263106804,0.0,0.0
2025-12-30 06:00:00+00:00,0.06090835955981657,0.04090329039210714,0.0,0.0
2025-12-30 07:00:00+00:00,0.06626298211009013,0.036656511820614655,0.0,0.0
2025-12-30 08:00:00+00:00,0.07823096981985789,0.04615739340758879,0.0,0.0
2025-12-30 09:00:00+00:00,0.031145602819636662,0.018657351624253155,0.0,0.0
2025-12-30 10:00:00+00:00,0.02555564647313022,0.016791840364456953,0.0,0.0
2025-12-30 11:00:00+00:00,0.024534260217017156,0.02081626804399545,0.0,0.0
2025-12-30 12:00:00+00:00,0.023078718740176796,0.017084896717640286,0.0,0.0
2025-12-30 13:00:00+00:00,0.019330735569344833,0.012249263360890793,0.0,0.0
2025-12-30 14:00:00+00:00,0.027858211016534323,0.022641970117550134,0.0,0.0
2025-12-30 15:00:00+00:00,0.028331538563289006,0.025125662212371225,0.0,0.0
2025-12-30 16:00:00+00:00,0.044788868395983374,0.049433681092900084,0.0,0.0
2025-12-30 17:00:00+00:00,0.031468271060050575,0.05545393682860592,0.0,0.0
2025-12-30 18:00:00+00:00,0.030867903230799094,0.06160986932407574,0.0,0.0
2025-12-30 19:00:00+00:00,0.021898408762007975,0.025974393637460912,0.0,0.0
2025-12-30 20:00:00+00:00,0.026444521969023953,0.02931335361842639,0.0,0.0
2025-12-30 21:00:00+00:00,0.024517245748039335,0.021632133416507285,0.0,0.0
2025-12-30 22:00:00+00:00,0.04154255207821717,0.024308934713374305,0.0,0.0
2025-12-30 23:00:00+00:00,0.040507917459436715,0.02347711451705142,0.0,0.0
2025-12-31 00:00:00+00:00,0.019886757968571166,0.02016051432475652,0.0,0.0
2025-12-31 01:00:00+00:00,0.034806688200016055,0.027062558460330594,0.0,0.0
2025-12-31 02:00:00+00:00,0.030159531071983395,0.024662591107059543,0.0,0.0
2025-12-31 03:00:00+00:00,0.03379782432523879,0.0369454985406511,0.0,0.0
2025-12-31 04:00:00+00:00,0.02387611326804419,0.024925360351118673,0.0,0.0
2025-12-31 05:00:00+00:00,0.04705533800700449,0.044562744841959066,0.0,0.0
2025-12-31 06:00:00+00:00,0.0344595676650452,0.027204355307238207,0.0,0.0
2025-12-31 07:00:00+00:00,0.03962752573951991,0.02412060823305007,0.0,0.0
2025-12-31 08:00:00+00:00,0.03288709758043263,0.016233929083842427,0.0,0.0
2025-12-31 09:00:00+00:00,0.04355718737830644,0.0320794388690231,0.0,0.0
2025-12-31 10:00:00+00:00,0.049319232338098616,0.017821017913058887,0.0,0.0
2025-12-31 11:00:00+00:00,0.03832796195354716,0.0174506400912685,0.0,0.0
2025-12-31 12:00:00+00:00,0.03531077678070776,0.016794748302485025,0.0,0.0
2025-12-31 13:00:00+00:00,0.03996973596364104,0.026278081232438254,0.0,0.0
2025-12-31 14:00:00+00:00,0.024804366026600955,0.018842083059299377,0.0,0.0
2025-12-31 15:00:00+00:00,0.020724779746182344,0.03281717985379034,0.0,0.0
2025-12-31 16:00:00+00:00,0.0149395800585934,0.01251085375928483,0.0,0.0
2025-12-31 17:00:00+00:00,0.011563009767053663,0.018897408122671863,0.0,0.0
2025-12-31 18:00:00+00:00,0.011808662434822951,0.010601124236027173,0.0,0.0
2025-12-31 19:00:00+00:00,0.015205296364144374,0.014957336467324523,0.0,0.0
2025-12-31 20:00:00+00:00,0.012887370786992184,0.00732944301748224,0.0,0.0
2025-12-31 21:00:00+00:00,0.01669273679209722,0.01249578462143141,0.0,0.0
2025-12-31 22:00:00+00:00,0.011409495064491716,0.010180688286476704,0.0,0.0
2025-12-31 23:00:00+00:00,0.010615809982962562,0.014526200374054138,0.0,0.0
2026-01-01 00:00:00+00:00,0.006922820785904074,0.01210780113022785,0.0,0.0
2026-01-01 01:00:00+00:00,0.009276370773633337,0.01766644256915969,0.0,0.0
2026-01-01 02:00:00+00:00,0.007180031593399414,0.01472221716356891,0.0,0.0
2026-01-01 03:00:00+00:00,0.005670181543471664,0.010209447820083203,0.0,0.0
2026-01-01 04:00:00+00:00,0.007261239773112802,0.016978942066620765,0.0,0.0
2026-01-01 05:00:00+00:00,0.006744605437185628,0.023130306569664277,0.0,0.0
2026-01-01 06:00:00+00:00,0.003125780536943236,0.008563294850560454,0.0,0.0
2026-01-01 07:00:00+00:00,0.0036851159995918543,0.010742971413153668,0.0,0.0
2026-01-01 08:00:00+00:00,0.005718507049601764,0.014630348311738539,0.0,0.0
2026-01-01 09:00:00+00:00,0.005376535219469691,0.008281358278270014,0.0,0.0
2026-01-01 10:00:00+00:00,0.0038121912876402375,0.008561976032211472,0.0,0.0
2026-01-01 11:00:00+00:00,0.005978529843174678,0.008153037208651634,0.0,0.0
2026-01-01 12:00:00+00:00,0.0038080494782506205,0.0037963189453119896,0.0,0.0
2026-01-01 13:00:00+00:00,0.003707014214408963,0.005151959546711033,0.0,0.0
2026-01-01 14:00:00+00:00,0.004665720553021795,0.003886899582014313,0.0,0.0
2026-01-01 15:00:00+00:00,0.0034446945841203444,0.0033845095423789915,0.0,0.0
2026-01-01 16:00:00+00:00,0.0022155249638542377,0.0024224237532770583,0.0,0.0
2026-01-01 17:00:00+00:00,0.00939649464478645,0.004418329233402182,0.0,0.0
2026-01-01 18:00:00+00:00,0.006001061956679126,0.0045789174395828415,0.0,0.0
2026-01-01 19:00:00+00:00,0.006573066079735038,0.006898978046694118,0.0,0.0
2026-01-01 20:00:00+00:00,0.0038658295784316163,0.003531335268319398,0.0,0.0
2026-01-01 21:00:00+00:00,0.006110844705239917,0.007927315049201359,0.0,0.0
2026-01-01 22:00:00+00:00,0.012835260512743024,0.005680774735726112,0.0,0.0
2026-01-01 23:00:00+00:00,0.014037496446342711,0.004318905236721178,0.0,0.0
2026-01-02 00:00:00+00:00,0.008722849587061819,0.0038047712823798883,0.0,0.0
2026-01-02 01:00:00+00:00,0.009981249476500767,0.009261397882815582,0.0,0.0
2026-01-02 02:00:00+00:00,0.005509716192727124,0.005853573268952428,0.0,0.0
2026-01-02 03:00:00+00:00,0.015936251576967406,0.009201159618177801,0.0,0.0
2026-01-02 04:00:00+00:00,0.005793923159527481,0.010426815251280516,0.0,0.0
2026-01-02 05:00:00+00:00,0.005071129400729638,0.009937964076322107,0.0,0.0
2026-01-02 06:00:00+00:00,0.008076863891980155,0.007277215025806451,0.0,0.0
2026-01-02 07:00:00+00:00,0.006822917783465869,0.012113021169858957,0.0,0.0
2026-01-02 08:00:00+00:00,0.009918586114726161,0.007890796430246169,0.0,0.0
2026-01-02 09:00:00+00:00,0.007850355339056743,0.002089705666147628,0.0,0.0
2026-01-02 10:00:00+00:00,0.00913529157034941,0.0056584799662432,0.0,0.0
2026-01-02 11:00:00+00:00,0.010348558256501028,0.00702955657939718,0.0,0.0
2026-01-02 12:00:00+00:00,0.0058884761085773825,0.009900109461137152,0.0,0.0
2026-01-02 13:00:00+00:00,0.008557899735897559,0.012454640234442987,0.0,0.0
2026-01-02 14:00:00+00:00,0.019451885668923825,0.010230498735663127,0.0,0.0
2026-01-02 15:00:00+00:00,0.015895164673940917,0.013681557247946065,0.0,0.0
2026-01-02 16:00:00+00:00,0.030417777593803357,0.01789480361524608,0.0,0.0
2026-01-02 17:00:00+00:00,0.0355309591094713,0.025118392559445202,0.0,0.0
2026-01-02 18:00:00+00:00,0.03479288330821274,0.061968183525107044,0.0,0.0
2026-01-02 19:00:00+00:00,0.020800187143368596,0.03705324901535714,0.0,0.0
2026-01-02 20:00:00+00:00,0.02011722348649318,0.04380304407617214,0.0,0.0
2026-01-02 21:00:00+00:00,0.014297596484567859,0.025868083046166793,0.0,0.0
2026-01-02 22:00:00+00:00,0.027094934461442472,0.01968457071373024,0.0,0.0
2026-01-02 23:00:00+00:00,0.010554062529377066,0.01485512124821752,0.0,0.0
2026-01-03 00:00:00+00:00,0.03353127496501191,0.01824489242153501,0.0,0.0
2026-01-03 01:00:00+00:00,0.019930997915100418,0.0051631935743383,0.0,0.0
2026-01-03 02:00:00+00:00,0.031736484243833,0.012038930272106688,0.0,0.0
2026-01-03 03:00:00+00:00,0.033502446583833285,0.010009080649835756,0.0,0.0
2026-01-03 04:00:00+00:00,0.044644641039146844,0.018060321009793667,0.0,0.0
2026-01-03 05:00:00+00:00,0.029714605325508143,0.01847211828717982,0.0,0.0
2026-01-03 06:00:00+00:00,0.021149582379452216,0.012029299979880649,0.0,0.0
2026-01-03 07:00:00+00:00,0.03160728513334337,0.014830787708600532,0.0,0.0
2026-01-03 08:00:00+00:00,0.025305181355892898,0.01857633964909426,0.0,0.0
2026-01-03 09:00:00+00:00,0.025464345109011494,0.014266070418814258,0.0,0.0
2026-01-03 10:00:00+00:00,0.016290585066974134,0.013514311298170309,0.0,0.0
2026-01-03 11:00:00+00:00,0.012686916304776849,0.009722284770141044,0.0,0.0
2026-01-03 12:00:00+00:00,0.028531440771125505,0.0061094877376177215,0.0,0.0
2026-01-03 13:00:00+00:00,0.025202248876313005,0.006592270911763944,0.0,0.0
2026-01-03 14:00:00+00:00,0.03317072931793919,0.007457589657144797,0.0,0.0
2026-01-03 15:00:00+00:00,0.012508371320699306,0.006308132753920848,0.0,0.0
2026-01-03 16:00:00+00:00,0.017815809116610848,0.008485446402015049,0.0,0.0
2026-01-03 17:00:00+00:00,0.008544316960411646,0.002931829944973499,0.0,0.0
2026-01-03 18:00:00+00:00,0.010927417148843238,0.003968437799137667,0.0,0.0
2026-01-03 19:00:00+00:00,0.007799066303782451,0.0028919362322656524,0.0,0.0
2026-01-03 20:00:00+00:00,0.018889008281608038,0.0035456723375764565,0.0,0.0
2026-01-03 21:00:00+00:00,0.03400125649550743,0.003208013700925791,0.0,0.0
2026-01-03 22:00:00+00:00,0.040372383738342295,0.005568540512853392,0.0,0.0
2026-01-03 23:00:00+00:00,0.031173527529577427,0.003863038978163768,0.0,0.0
2026-01-04 00:00:00+00:00,0.125659917828575,0.009092728216119996,0.0,0.0
2026-01-04 01:00:00+00:00,0.12192993500734318,0.017541285759982858,0.0,0.0
2026-01-04 02:00:00+00:00,0.1329947662662729,0.032796287197026014,0.0,0.0
2026-01-04 03:00:00+00:00,0.1085699301423992,0.012433625441966795,0.0,0.0
2026-01-04 04:00:00+00:00,0.12587766285999488,0.016787858797862168,0.0,0.0
2026-01-04 05:00:00+00:00,0.06263019773799279,0.006449341048549321,0.0,0.0
2026-01-04 06:00:00+00:00,0.0903012619627972,0.008761399010833278,0.0,0.0
2026-01-04 07:00:00+00:00,0.057294888366276976,0.004399697159380991,0.0,0.0
2026-01-04 08:00:00+00:00,0.08606347490089604,0.011555915475599525,0.0,0.0
2026-01-04 09:00:00+00:00,0.061725482236417085,0.004361682669078222,0.0,0.0
2026-01-04 10:00:00+00:00,0.04896612066458783,0.003819456947627836,0.0,0.0
2026-01-04 11:00:00+00:00,0.07257862861675733,0.011871759634774728,0.0,0.0
2026-01-04 12:00:00+00:00,0.06154026693465673,0.007805618473772238,0.0,0.0
2026-01-04 13:00:00+00:00,0.05348575231666922,0.0063826742726643335,0.0,0.0
2026-01-04 14:00:00+00:00,0.05537193331330068,0.007322680403916646,0.0,0.0
2026-01-04 15:00:00+00:00,0.06928912690873502,0.008042983308186993,0.0,0.0
2026-01-04 16:00:00+00:00,0.0687414350058221,0.003458744629334569,0.0,0.0
2026-01-04 17:00:00+00:00,0.04361680991429747,0.003954418291144438,0.0,0.0
2026-01-04 18:00:00+00:00,0.07198689343469072,0.004422414839941634,0.0,0.0
2026-01-04 19:00:00+00:00,0.05978550865605043,0.004126144552738498,0.0,0.0
2026-01-04 20:00:00+00:00,0.04584578330119903,0.004953952988193538,0.0,0.0
2026-01-04 21:00:00+00:00,0.05531347230921585,0.007632034739775848,0.0,0.0
2026-01-04 22:00:00+00:00,0.06606741451824198,0.00918941311039292,0.0,0.0
2026-01-04 23:00:00+00:00,0.11075894232137724,0.009479953011372097,0.0,0.0
2026-01-05 00:00:00+00:00,0.11806749565729598,0.009178153890259678,0.0,0.0
2026-01-05 01:00:00+00:00,0.13750294370936123,0.013298302113947577,0.0,0.0
2026-01-05 02:00:00+00:00,0.11715668098089911,0.014679892447967323,0.0,0.0
2026-01-05 03:00:00+00:00,0.16181117654518792,0.027272237036508263,0.0,0.0
2026-01-05 04:00:00+00:00,0.1861996441728747,0.05899105422051124,0.0,0.0
2026-01-05 05:00:00+00:00,0.12151589425480407,0.02983144798214189,0.0,0.0
2026-01-05 06:00:00+00:00,0.07263414572449683,0.009756849053224074,0.0,0.0
2026-01-05 07:00:00+00:00,0.11758741908552063,0.0170843088062162,0.0,0.0
2026-01-05 08:00:00+00:00,0.13356761625029087,0.020685835213756193,0.0,0.0
2026-01-05 09:00:00+00:00,0.15059594180163305,0.011315404155809223,0.0,0.0
2026-01-05 10:00:00+00:00,0.1507184091545869,0.009197397789464592,0.0,0.0
2026-01-05 11:00:00+00:00,0.11460604010903723,0.010133005500793386,0.0,0.0
2026-01-05 12:00:00+00:00,0.12059215583619143,0.020088719131108324,0.0,0.0
2026-01-05 13:00:00+00:00,0.10565089745427003,0.01971864100022212,0.0,0.0
2026-01-05 14:00:00+00:00,0.1335138278952364,0.03560722337731345,0.0,0.0
2026-01-05 15:00:00+00:00,0.12135226123819655,0.03452484674344552,0.0,0.0
2026-01-05 16:00:00+00:00,0.11908669723912628,0.045328823128597893,0.0,0.0
2026-01-05 17:00:00+00:00,0.11421850191696448,0.03060045740184222,0.0,0.0
2026-01-05 18:00:00+00:00,0.16139496645450482,0.039670744859621965,0.0,0.0
2026-01-05 19:00:00+00:00,0.1305779244999822,0.05986924631701063,0.0,0.0
2026-01-05 20:00:00+00:00,0.16171736295122327,0.022119075992373605,0.0,0.0
2026-01-05 21:00:00+00:00,0.14095165957380154,0.04150480037266518,0.0,0.0
2026-01-05 22:00:00+00:00,0.15189883657309658,0.025751323547240575,0.0,0.0
2026-01-05 23:00:00+00:00,0.1247274316900429,0.017035800818411478,0.0,0.0
2026-01-06 00:00:00+00:00,0.10722944695190716,0.018611409602482514,0.0,0.0
2026-01-06 01:00:00+00:00,0.12431390069747911,0.02376676209566239,0.0,0.0
2026-01-06 02:00:00+00:00,0.08907456182377362,0.01713542005487946,0.0,0.0
2026-01-06 03:00:00+00:00,0.09648818025640322,0.02219056604935619,0.0,0.0
2026-01-06 04:00:00+00:00,0.08308318432821615,0.0141494139500706,0.0,0.0
2026-01-06 05:00:00+00:00,0.09285052999900358,0.024718815865921614,0.0,0.0
2026-01-06 06:00:00+00:00,0.14658568397167723,0.02989642073417997,0.0,0.0
2026-01-06 07:00:00+00:00,0.10321258309812259,0.03436807171661837,0.0,0.0
2026-01-06 08:00:00+00:00,0.08278709952038622,0.04053881951098815,0.0,0.0
2026-01-06 09:00:00+00:00,0.10293296027632139,0.030501393124509526,0.0,0.0
2026-01-06 10:00:00+00:00,0.10660487597728933,0.04379103083224076,0.0,0.0
2026-01-06 11:00:00+00:00,0.1406334050520699,0.044922317935971894,0.0,0.0
2026-01-06 12:00:00+00:00,0.11830555378892864,0.008988582000311952,0.0,0.0
2026-01-06 13:00:00+00:00,0.0735180803554596,0.012004922370898905,0.0,0.0
2026-01-06 14:00:00+00:00,0.09884972017181103,0.012173050585961265,0.0,0.0
2026-01-06 15:00:00+00:00,0.07113604202742126,0.011110403889200317,0.0,0.0
2026-01-06 16:00:00+00:00,0.06293013096333412,0.023744689420531404,0.0,0.0
2026-01-06 17:00:00+00:00,0.05893261552945073,0.014334750937145257,0.0,0.0
2026-01-06 18:00:00+00:00,0.05923278837059152,0.013741475402643482,0.0,0.0
2026-01-06 19:00:00+00:00,0.08964609490432014,0.042446927650204615,0.0,0.0
2026-01-06 20:00:00+00:00,0.11357417341465825,0.04541063014596466,0.0,0.0
2026-01-06 21:00:00+00:00,0.16564614642420392,0.034938720686286805,0.0,0.0
2026-01-06 22:00:00+00:00,0.10970418434634677,0.02867004067980611,0.0,0.0
2026-01-06 23:00:00+00:00,0.13304700962601648,0.1292211528987564,0.0,0.0
2026-01-07 00:00:00+00:00,0.08975876018370504,0.06696618072860244,0.0,0.0
2026-01-07 01:00:00+00:00,0.05761712676282621,0.07593738491868057,0.0,0.0
2026-01-07 02:00:00+00:00,0.08211506615160359,0.062069915357712446,0.0,0.0
2026-01-07 03:00:00+00:00,0.06363775069673476,0.07681571423236551,0.0,0.0
2026-01-07 04:00:00+00:00,0.10275119543361584,0.11457469703416516,0.0,0.0
2026-01-07 05:00:00+00:00,0.06732777508343535,0.03661090212869581,0.0,0.0
2026-01-07 06:00:00+00:00,0.07842353591429989,0.08939757843321243,0.0,0.0
2026-01-07 07:00:00+00:00,0.09482572086077008,0.051039108277237476,0.0,0.0
2026-01-07 08:00:00+00:00,0.046240302105917196,0.018618759680009977,0.0,0.0
2026-01-07 09:00:00+00:00,0.0627248985517851,0.033128955403404846,0.0,0.0
2026-01-07 10:00:00+00:00,0.1090762392523325,0.08127833519774454,0.0,0.0
2026-01-07 11:00:00+00:00,0.09869671134926482,0.10878115340114318,0.0,0.0
2026-01-07 12:00:00+00:00,0.04880099352210434,0.06344863901724214,0.0,0.0
2026-01-07 13:00:00+00:00,0.10100247565656408,0.07276167077977644,0.0,0.0
2026-01-07 14:00:00+00:00,0.08036464889245186,0.04048530143958475,0.0,0.0
2026-01-07 15:00:00+00:00,0.08775646567362615,0.033815009989788446,0.0,0.0
2026-01-07 16:00:00+00:00,0.05595335896120449,0.022011168010108596,0.0,0.0
2026-01-07 17:00:00+00:00,0.030836982230244562,0.015193486710388053,0.0,0.0
2026-01-07 18:00:00+00:00,0.046852819279343844,0.016442663715615702,0.0,0.0
2026-01-07 19:00:00+00:00,0.07471467804357679,0.021900584486506374,0.0,0.0
2026-01-07 20:00:00+00:00,0.058128229437446895,0.02711726960379567,0.0,0.0
2026-01-07 21:00:00+00:00,0.039164505973282256,0.04506341513034717,0.0,0.0
2026-01-07 22:00:00+00:00,0.06123640009031429,0.044535507739726886,0.0,0.0
2026-01-07 23:00:00+00:00,0.054871677481204105,0.038288544320505366,0.0,0.0
2026-01-08 00:00:00+00:00,0.018237641567048823,0.05668785941845938,0.0,0.0
2026-01-08 01:00:00+00:00,0.012360901344840684,0.03411615250601778,0.0,0.0
2026-01-08 02:00:00+00:00,0.016355478201124766,0.052318124407382004,0.0,0.0
2026-01-08 03:00:00+00:00,0.010867540270038717,0.04466651228791546,0.0,0.0
2026-01-08 04:00:00+00:00,0.012079175164320813,0.051224710378480164,0.0,0.0
2026-01-08 05:00:00+00:00,0.004362245931776437,0.02885678361346709,0.0,0.0
2026-01-08 06:00:00+00:00,0.01298516202962701,0.03244063788553992,0.0,0.0
2026-01-08 07:00:00+00:00,0.01657531154154991,0.03765800316884767,0.0,0.0
2026-01-08 08:00:00+00:00,0.01991003632547726,0.05373335446353661,0.0,0.0
2026-01-08 09:00:00+00:00,0.005762880271468473,0.04543418292082966,0.0,0.0
2026-01-08 10:00:00+00:00,0.011410959780182023,0.0504595181025303,0.0,0.0
2026-01-08 11:00:00+00:00,0.007653930830023391,0.025329530199807233,0.0,0.0
2026-01-08 12:00:00+00:00,0.009508385502924866,0.02707540731279968,0.0,0.0
2026-01-08 13:00:00+00:00,0.0044830682590215635,0.024525626115095855,0.0,0.0
2026-01-08 14:00:00+00:00,0.005947954527111391,0.01107959985039525,0.0,0.0
2026-01-08 15:00:00+00:00,0.021402016908201833,0.03789268050745014,0.0,0.0
2026-01-08 16:00:00+00:00,0.014768624864575542,0.04818894943015273,0.0,0.0
2026-01-08 17:00:00+00:00,0.02135107382072833,0.044802798312879845,0.0,0.0
2026-01-08 18:00:00+00:00,0.027245442992362173,0.050703526953841456,0.0,0.0
2026-01-08 19:00:00+00:00,0.0255097831506468,0.07902870271796698,0.0,0.0
2026-01-08 20:00:00+00:00,0.020688915313167442,0.0645564865533386,0.0,0.0
2026-01-08 21:00:00+00:00,0.026811023644296317,0.058964166132081906,0.0,0.0
2026-01-08 22:00:00+00:00,0.025489960151990662,0.058004669087210935,0.0,0.0
2026-01-08 23:00:00+00:00,0.015018780281161319,0.029601609361870954,0.0,0.0
2026-01-09 00:00:00+00:00,0.0056759954652275445,0.018177588813196168,0.0,0.0
2026-01-09 01:00:00+00:00,0.021029312577621348,0.04858344554857319,0.0,0.0
2026-01-09 02:00:00+00:00,0.01036639068788777,0.04217953723415776,0.0,0.0
2026-01-09 03:00:00+00:00,0.010636726165840974,0.027894946953861716,0.0,0.0
2026-01-09 04:00:00+00:00,0.01066904154299772,0.03740275854122292,0.0,0.0
2026-01-09 05:00:00+00:00,0.011024769576959902,0.03952558823589664,0.0,0.0
2026-01-09 06:00:00+00:00,0.0031574698875036244,0.012844918385699657,0.0,0.0
2026-01-09 07:00:00+00:00,0.00512298940564876,0.02479557956058226,0.0,0.0
2026-01-09 08:00:00+00:00,0.007220206958881657,0.037639946507929276,0.0,0.0
2026-01-09 09:00:00+00:00,0.0027744644272819385,0.026253628231928488,0.0,0.0
2026-01-09 10:00:00+00:00,0.0031569384198135435,0.030887238413572354,0.0,0.0
2026-01-09 11:00:00+00:00,0.0055265086478440235,0.03682114575245261,0.0,0.0
2026-01-09 12:00:00+00:00,0.006128914463986626,0.027098139678309624,0.0,0.0
2026-01-09 13:00:00+00:00,0.008040625024800805,0.01606060651265563,0.0,0.0
2026-01-09 14:00:00+00:00,0.011128664676271834,0.021526170180096903,0.0,0.0
2026-01-09 15:00:00+00:00,0.041318623530151234,0.01776440374612505,0.0,0.0
2026-01-09 16:00:00+00:00,0.026496018910594287,0.053485972825830286,0.0,0.0
2026-01-09 17:00:00+00:00,0.023007328135076405,0.04803692138414651,0.0,0.0
2026-01-09 18:00:00+00:00,0.03734176857000484,0.07469186608030935,0.0,0.0
2026-01-09 19:00:00+00:00,0.0249962904692393,0.0508154583643268,0.0,0.0
2026-01-09 20:00:00+00:00,0.010397280727996847,0.03691985612364844,0.0,0.0
2026-01-09 21:00:00+00:00,0.013362954511210223,0.02955960277311059,0.0,0.0
2026-01-09 22:00:00+00:00,0.01338533260466876,0.027630687774904402,0.0,0.0
2026-01-09 23:00:00+00:00,0.008371991867357204,0.015366130548187196,0.0,0.0
2026-01-10 00:00:00+00:00,0.014446391061423485,0.011238834570518325,0.0,0.0
2026-01-10 01:00:00+00:00,0.018854342347721004,0.02149786831205655,0.0,0.0
2026-01-10 02:00:00+00:00,0.021444269881219058,0.01959527192637023,0.0,0.0
2026-01-10 03:00:00+00:00,0.022513445995033004,0.021287209520001158,0.0,0.0
2026-01-10 04:00:00+00:00,0.02505349681558583,0.02350687160012246,0.0,0.0
2026-01-10 05:00:00+00:00,0.027613585899668336,0.02650709860672221,0.0,0.0
2026-01-10 06:00:00+00:00,0.017091131938501664,0.018233034012413656,0.0,0.0
2026-01-10 07:00:00+00:00,0.026510953061837105,0.022131860140379298,0.0,0.0
2026-01-10 08:00:00+00:00,0.018828790033934423,0.013954942724191496,0.0,0.0
2026-01-10 09:00:00+00:00,0.01809643568133421,0.011318258878713247,0.0,0.0
2026-01-10 10:00:00+00:00,0.014878753103627185,0.008734108763600519,0.0,0.0
2026-01-10 11:00:00+00:00,0.01240789089346439,0.008157809564668071,0.0,0.0
2026-01-10 12:00:00+00:00,0.014886028734238492,0.008194997291343731,0.0,0.0
2026-01-10 13:00:00+00:00,0.012246357137133073,0.007191381998760756,0.0,0.0
2026-01-10 14:00:00+00:00,0.014496223425273786,0.008060715933301817,0.0,0.0
2026-01-10 15:00:00+00:00,0.005666558151692982,0.0037992853024779744,0.0,0.0
2026-01-10 16:00:00+00:00,0.008347780296307991,0.0032110481866518396,0.0,0.0
2026-01-10 17:00:00+00:00,0.00811253329825575,0.004028446667217041,0.0,0.0
2026-01-10 18:00:00+00:00,0.0059442753200662215,0.0029048072054779876,0.0,0.0
2026-01-10 19:00:00+00:00,0.0022563070261569468,0.001616729778437833,0.0,0.0
2026-01-10 20:00:00+00:00,0.003744835866857993,0.0034446153088440305,0.0,0.0
2026-01-10 21:00:00+00:00,0.004888070713566398,0.0031039737281392706,0.0,0.0
2026-01-10 22:00:00+00:00,0.0048536928527269365,0.0037754807967277557,0.0,0.0
2026-01-10 23:00:00+00:00,0.0034513833283705913,0.003831110127450691,0.0,0.0
2026-01-11 00:00:00+00:00,0.024544391632482513,0.005289717492100401,0.0,0.0
2026-01-11 01:00:00+00:00,0.020558620862247117,0.00519753434140881,0.0,0.0
2026-01-11 02:00:00+00:00,0.03101456539812046,0.006243430682617915,0.0,0.0
2026-01-11 03:00:00+00:00,0.025206391211483176,0.0036113647519080863,0.0,0.0
2026-01-11 04:00:00+00:00,0.02299080361393724,0.0028046817156023914,0.0,0.0
2026-01-11 05:00:00+00:00,0.02642386987919856,0.003258567652244937,0.0,0.0
2026-01-11 06:00:00+00:00,0.02114518179837541,0.0026496353643204445,0.0,0.0
2026-01-11 07:00:00+00:00,0.01619694233473725,0.0026207447899141375,0.0,0.0
2026-01-11 08:00:00+00:00,0.017501240639616392,0.0014284594647585092,0.0,0.0
2026-01-11 09:00:00+00:00,0.016541844408345996,0.0018252972463506025,0.0,0.0
2026-01-11 10:00:00+00:00,0.011409486090196111,0.0016666170590109485,0.0,0.0
2026-01-11 11:00:00+00:00,0.011190710937223172,0.0013047112739745334,0.0,0.0
2026-01-11 12:00:00+00:00,0.02191439662735199,0.0018135725786842165,0.0,0.0
2026-01-11 13:00:00+00:00,0.0189761497455694,0.0020920231055336033,0.0,0.0
2026-01-11 14:00:00+00:00,0.026342974476203648,0.0022359984426996737,0.0,0.0
2026-01-11 15:00:00+00:00,0.026985244801030994,0.005615325238905227,0.0,0.0
2026-01-11 16:00:00+00:00,0.040229420304642924,0.007542807770941056,0.0,0.0
2026-01-11 17:00:00+00:00,0.030439210106674167,0.005677000086857047,0.0,0.0
2026-01-11 18:00:00+00:00,0.028691603726956533,0.014852726005143995,0.0,0.0
2026-01-11 19:00:00+00:00,0.021260522770286516,0.0064020295062099134,0.0,0.0
2026-01-11 20:00:00+00:00,0.03834082630320628,0.009139913156604144,0.0,0.0
2026-01-11 21:00:00+00:00,0.025086209615434927,0.004931811137106706,0.0,0.0
2026-01-11 22:00:00+00:00,0.029902049697832125,0.015496035655689966,0.0,0.0
2026-01-11 23:00:00+00:00,0.05613594136185573,0.007122323800744086,0.0,0.0
2026-01-12 00:00:00+00:00,0.0693198322899638,0.012653103026317359,0.0,0.0
2026-01-12 01:00:00+00:00,0.09573698100898652,0.028569947557232318,0.0,0.0
2026-01-12 02:00:00+00:00,0.10988111401986152,0.014256466679073149,0.0,0.0
2026-01-12 03:00:00+00:00,0.10065957431087642,0.0277898373244201,0.0,0.0
2026-01-12 04:00:00+00:00,0.08561387176747674,0.03549369634664697,0.0,0.0
2026-01-12 05:00:00+00:00,0.09763465382733856,0.030477612301331895,0.0,0.0
2026-01-12 06:00:00+00:00,0.06972142883230409,0.058947952610701536,0.0,0.0
2026-01-12 07:00:00+00:00,0.09118839000817831,0.03889088477808597,0.0,0.0
2026-01-12 08:00:00+00:00,0.06965819754876451,0.027487231730140213,0.0,0.0
2026-01-12 09:00:00+00:00,0.057197453766382154,0.022379217453128996,0.0,0.0
2026-01-12 10:00:00+00:00,0.07537356642013637,0.01874622423846901,0.0,0.0
2026-01-12 11:00:00+00:00,0.0671071892472943,0.027604890353309014,0.0,0.0
2026-01-12 12:00:00+00:00,0.09617940543272645,0.05851474497827621,0.0,0.0
2026-01-12 13:00:00+00:00,0.08463855470226955,0.031801812985079406,0.0,0.0
2026-01-12 14:00:00+00:00,0.0917237239814309,0.020996557241123995,0.0,0.0
2026-01-12 15:00:00+00:00,0.11467963315749252,0.04085869642109724,0.0,0.0
2026-01-12 16:00:00+00:00,0.10955311067287428,0.04310079050322261,0.0,0.0
2026-01-12 17:00:00+00:00,0.10311728230959254,0.06566040739587004,0.0,0.0
2026-01-12 18:00:00+00:00,0.09654524507922968,0.08495978615321563,0.0,0.0
2026-01-12 19:00:00+00:00,0.09055728485995677,0.07644054019028472,0.0,0.0
2026-01-12 20:00:00+00:00,0.0985016269193844,0.13271428626221535,0.0,0.0
2026-01-12 21:00:00+00:00,0.10720538615473425,0.05094497624641339,1.0,0.0
2026-01-12 22:00:00+00:00,0.11566979417179096,0.06317219971917085,1.0,0.0
2026-01-12 23:00:00+00:00,0.11162667041454816,0.039511092555019195,1.0,0.0
2026-01-13 00:00:00+00:00,0.11802396633611338,0.04112691171042638,1.0,0.0
2026-01-13 01:00:00+00:00,0.12790859333367752,0.05817113644253152,1.0,0.0
2026-01-13 02:00:00+00:00,0.10926891161568424,0.054035524271032774,1.0,0.0
2026-01-13 03:00:00+00:00,0.11800249574544164,0.07443740432950138,1.0,0.0
2026-01-13 04:00:00+00:00,0.09950132193041845,0.056459673054839864,1.0,0.0
2026-01-13 05:00:00+00:00,0.12020368977088088,0.05412634432912989,1.0,0.0
2026-01-13 06:00:00+00:00,0.10651055443534156,0.02280992448895495,0.0,0.0
2026-01-13 07:00:00+00:00,0.11877560427479851,0.03837478778355403,1.0,0.0
2026-01-13 08:00:00+00:00,0.10677066417996996,0.05242040423660277,0.0,0.0
2026-01-13 09:00:00+00:00,0.09123464707362866,0.03804602609362445,0.0,0.0
2026-01-13 10:00:00+00:00,0.09022807559653508,0.035642034930706536,0.0,0.0
2026-01-13 11:00:00+00:00,0.08829687006877047,0.019741217216445842,0.0,0.0
2026-01-13 12:00:00+00:00,0.09003573037921613,0.029079674752687145,0.0,0.0
2026-01-13 13:00:00+00:00,0.08126363044666905,0.01811325090945887,0.0,0.0
2026-01-13 14:00:00+00:00,0.08395220111766429,0.02778249276679412,1.0,0.0
2026-01-13 15:00:00+00:00,0.07151071364833628,0.03807778468222513,1.0,0.0
2026-01-13 16:00:00+00:00,0.10821160973196171,0.03625546814605878,1.0,0.0
2026-01-13 17:00:00+00:00,0.09547875980728487,0.07234326713081227,1.0,0.0
2026-01-13 18:00:00+00:00,0.0954775930142806,0.03749075790768475,1.0,0.0
2026-01-13 19:00:00+00:00,0.08725217112334353,0.03625510933341021,0.0,0.0
2026-01-13 20:00:00+00:00,0.08934794675892639,0.021017585326172063,1.0,0.0
2026-01-13 21:00:00+00:00,0.09598551897855974,0.02477667625425135,1.0,0.0
2026-01-13 22:00:00+00:00,0.06224823688709589,0.015795915920286896,0.0,0.0
2026-01-13 23:00:00+00:00,0.0895844553864616,0.042201505067175245,0.0,0.0
2026-01-14 00:00:00+00:00,0.04303334179128079,0.030434386994972164,0.0,0.0
2026-01-14 01:00:00+00:00,0.07862257542101679,0.046010448438828046,0.0,0.0
2026-01-14 02:00:00+00:00,0.08241955624467627,0.04061235534089464,0.0,0.0
2026-01-14 03:00:00+00:00,0.05701152311840052,0.022104897287563142,0.0,0.0
2026-01-14 04:00:00+00:00,0.0738530493071734,0.019736119677698425,0.0,0.0
2026-01-14 05:00:00+00:00,0.07440345755363338,0.03143661542737883,0.0,0.0
2026-01-14 06:00:00+00:00,0.08590685666611203,0.02241479135426777,0.0,0.0
2026-01-14 07:00:00+00:00,0.07913298194388574,0.01585991445457954,0.0,0.0
2026-01-14 08:00:00+00:00,0.08601519838780547,0.02756441746153292,0.0,0.0
2026-01-14 09:00:00+00:00,0.17250997303907623,0.055639458878222435,0.0,0.0
2026-01-14 10:00:00+00:00,0.1394704565141017,0.03362167130221835,0.0,0.0
2026-01-14 11:00:00+00:00,0.1197681112208651,0.044999144681148094,0.0,0.0
2026-01-14 12:00:00+00:00,0.1461757086910814,0.044140232740896616,0.0,0.0
2026-01-14 13:00:00+00:00,0.12307462018688835,0.03439009419796904,0.0,0.0
2026-01-14 14:00:00+00:00,0.11512200810665407,0.0513408128787823,0.0,0.0
2026-01-14 15:00:00+00:00,0.1574284480038264,0.054185726890248975,0.0,0.0
2026-01-14 16:00:00+00:00,0.10652755125570275,0.03150333343193058,0.0,0.0
2026-01-14 17:00:00+00:00,0.11991035450881034,0.05206556411146867,0.0,0.0
2026-01-14 18:00:00+00:00,0.16703054549304655,0.07461170727036225,0.0,0.0
2026-01-14 19:00:00+00:00,0.1005603071385031,0.042000363148485785,0.0,0.0
2026-01-14 20:00:00+00:00,0.10767366693708715,0.03350290385627385,0.0,0.0
2026-01-14 21:00:00+00:00,0.07487930055233691,0.018350735272155385,0.0,0.0
2026-01-14 22:00:00+00:00,0.11152247298005813,0.0320823897974423,0.0,0.0
2026-01-14 23:00:00+00:00,0.10550113053736039,0.03150682420513654,0.0,0.0
2026-01-15 00:00:00+00:00,0.10672877871649751,0.05057089473175083,0.0,0.0
2026-01-15 01:00:00+00:00,0.06624799761207213,0.034703543498252304,0.0,0.0
2026-01-15 02:00:00+00:00,0.08687879612381966,0.03665433410651613,0.0,0.0
2026-01-15 03:00:00+00:00,0.0718188047188731,0.03191103106035803,0.0,0.0
2026-01-15 04:00:00+00:00,0.08269243256449661,0.025131861729313632,0.0,0.0
2026-01-15 05:00:00+00:00,0.06316704273952406,0.01904171301229571,0.0,0.0
2026-01-15 06:00:00+00:00,0.047714591324795115,0.02561122273498635,0.0,0.0
2026-01-15 07:00:00+00:00,0.14041229288901383,0.057777075984589144,0.0,0.0
2026-01-15 08:00:00+00:00,0.10355441320930148,0.030355949479315095,0.0,0.0
2026-01-15 09:00:00+00:00,0.14996497704948317,0.04747644796967071,0.0,0.0
2026-01-15 10:00:00+00:00,0.07624085333938953,0.018358063303106013,0.0,0.0
2026-01-15 11:00:00+00:00,0.06488546093909592,0.025635583347191262,0.0,0.0
2026-01-15 12:00:00+00:00,0.10850447416813597,0.042688442364368896,0.0,0.0
2026-01-15 13:00:00+00:00,0.10370208449829817,0.03598534245520269,0.0,0.0
2026-01-15 14:00:00+00:00,0.05911497827581896,0.026481843712046704,0.0,0.0
2026-01-15 15:00:00+00:00,0.09152741804611898,0.03791678339426636,0.0,0.0
2026-01-15 16:00:00+00:00,0.08279286954396305,0.04487302286613962,0.0,0.0
2026-01-15 17:00:00+00:00,0.058358517702610524,0.03831174292239372,0.0,0.0
2026-01-15 18:00:00+00:00,0.0929412300253523,0.025078243301854267,0.0,0.0
2026-01-15 19:00:00+00:00,0.07478759471177278,0.030196700805272442,0.0,0.0
2026-01-15 20:00:00+00:00,0.03935448193679532,0.017129884606105178,0.0,0.0
2026-01-15 21:00:00+00:00,0.022558833111553822,0.01674890405811172,0.0,0.0
2026-01-15 22:00:00+00:00,0.019817740953103596,0.013185037617463554,0.0,0.0
2026-01-15 23:00:00+00:00,0.028112036556263376,0.020563052914022394,0.0,0.0
2026-01-16 00:00:00+00:00,0.02236545420090108,0.012386405175288016,0.0,0.0
2026-01-16 01:00:00+00:00,0.03286825742606116,0.02700940617891484,0.0,0.0
2026-01-16 02:00:00+00:00,0.019515127542478666,0.014724548416048018,0.0,0.0
2026-01-16 03:00:00+00:00,0.01440926061433616,0.01657764084653229,0.0,0.0
2026-01-16 04:00:00+00:00,0.01879664257449735,0.02317201914762118,0.0,0.0
2026-01-16 05:00:00+00:00,0.03148832520813872,0.030811944858635313,0.0,0.0
2026-01-16 06:00:00+00:00,0.019847165570257296,0.02106088276059306,0.0,0.0
2026-01-16 07:00:00+00:00,0.017732301205525366,0.02096454421938171,0.0,0.0
2026-01-16 08:00:00+00:00,0.015421859184373258,0.015659762741166827,0.0,0.0
2026-01-16 09:00:00+00:00,0.006439174676776092,0.00896569697358131,0.0,0.0
2026-01-16 10:00:00+00:00,0.0062819939992105125,0.008341273721911383,0.0,0.0
2026-01-16 11:00:00+00:00,0.006218360529075674,0.009310176286360404,0.0,0.0
2026-01-16 12:00:00+00:00,0.00609683166752096,0.008231799346760023,0.0,0.0
2026-01-16 13:00:00+00:00,0.006496684153352368,0.008663113822755267,0.0,0.0
2026-01-16 14:00:00+00:00,0.005227670722691584,0.007146566411343723,0.0,0.0
2026-01-16 15:00:00+00:00,0.009202534598078595,0.009968863150083466,0.0,0.0
2026-01-16 16:00:00+00:00,0.006625140615444262,0.012452892669708332,0.0,0.0
2026-01-16 17:00:00+00:00,0.007288061074799681,0.014642912643583436,0.0,0.0
2026-01-16 18:00:00+00:00,0.00477432386790149,0.014190313398809556,0.0,0.0
2026-01-16 19:00:00+00:00,0.002858254367530191,0.008033081390985304,0.0,0.0
2026-01-16 20:00:00+00:00,0.012027389804283967,0.011303737425492037,0.0,0.0
2026-01-16 21:00:00+00:00,0.009514057668201735,0.011289967156913328,0.0,0.0
2026-01-16 22:00:00+00:00,0.009877004473531471,0.01708184652188866,0.0,0.0
2026-01-16 23:00:00+00:00,0.006333488745075777,0.009282801162126313,0.0,0.0
2026-01-17 00:00:00+00:00,0.01478213911206448,0.017830831344821708,0.0,0.0
2026-01-17 01:00:00+00:00,0.008909012832879284,0.007746752432625836,0.0,0.0
2026-01-17 02:00:00+00:00,0.008014224101525374,0.0065868190128234696,0.0,0.0
2026-01-17 03:00:00+00:00,0.005359937370875055,0.0036571761252332676,0.0,0.0
2026-01-17 04:00:00+00:00,0.005508280439933978,0.004607903672149888,0.0,0.0
2026-01-17 05:00:00+00:00,0.004365681900496311,0.004052213621563406,0.0,0.0
2026-01-17 06:00:00+00:00,0.0034666061473511895,0.0034791044143647875,0.0,0.0
2026-01-17 07:00:00+00:00,0.0031298888985149286,0.0039047031102669625,0.0,0.0
2026-01-17 08:00:00+00:00,0.0029686191524106974,0.003141724890999665,0.0,0.0
2026-01-17 09:00:00+00:00,0.002616409504364646,0.0025572201774310753,0.0,0.0
2026-01-17 10:00:00+00:00,0.0025850199532332723,0.0036808387215769237,0.0,0.0
2026-01-17 11:00:00+00:00,0.00456180134446072,0.00434116860725635,0.0,0.0
2026-01-17 12:00:00+00:00,0.004309911023797779,0.004431685150959612,0.0,0.0
2026-01-17 13:00:00+00:00,0.007537841372996945,0.005974160188513498,0.0,0.0
2026-01-17 14:00:00+00:00,0.008727297668424961,0.006338369886539568,0.0,0.0
2026-01-17 15:00:00+00:00,0.00700691654171449,0.0028160508837820155,0.0,0.0
2026-01-17 16:00:00+00:00,0.007707626401842094,0.0065268180009729025,0.0,0.0
2026-01-17 17:00:00+00:00,0.005286194787322867,0.004431834266000422,0.0,0.0
2026-01-17 18:00:00+00:00,0.003633992904710285,0.0024287874093433387,0.0,0.0
2026-01-17 19:00:00+00:00,0.0034731074254378924,0.0043374818518014495,0.0,0.0
2026-01-17 20:00:00+00:00,0.002078082982834929,0.001568806525976179,0.0,0.0
2026-01-17 21:00:00+00:00,0.004333609875102517,0.0035241731133337645,0.0,0.0
2026-01-17 22:00:00+00:00,0.004811963429626077,0.004520749168352164,0.0,0.0
2026-01-17 23:00:00+00:00,0.0037517417142260835,0.004164341545764237,0.0,0.0
2026-01-18 00:00:00+00:00,0.012103226411248938,0.007357812938079488,0.0,0.0
2026-01-18 01:00:00+00:00,0.01163290249993453,0.007733496847054961,0.0,0.0
2026-01-18 02:00:00+00:00,0.010706398350379264,0.005856777274889816,0.0,0.0
2026-01-18 03:00:00+00:00,0.009503302367800552,0.003327339308024663,0.0,0.0
2026-01-18 04:00:00+00:00,0.008812441233285095,0.0047572649647168305,0.0,0.0
2026-01-18 05:00:00+00:00,0.012951324488781014,0.00472092765123553,0.0,0.0
2026-01-18 06:00:00+00:00,0.010246541118418941,0.0034755197501652756,0.0,0.0
2026-01-18 07:00:00+00:00,0.010090450485718676,0.004298478203937551,0.0,0.0
2026-01-18 08:00:00+00:00,0.008747836370161207,0.0030793923394954893,0.0,0.0
2026-01-18 09:00:00+00:00,0.01271967352247022,0.003942530967233591,0.0,0.0
2026-01-18 10:00:00+00:00,0.01236008303286771,0.004583309394681135,0.0,0.0
2026-01-18 11:00:00+00:00,0.009577126809004988,0.0043124076798709745,0.0,0.0
2026-01-18 12:00:00+00:00,0.008311439334527508,0.002816054815077513,0.0,0.0
2026-01-18 13:00:00+00:00,0.01215490401364634,0.004603855147766436,0.0,0.0
2026-01-18 14:00:00+00:00,0.013456874173625658,0.00551070636178266,0.0,0.0
2026-01-18 15:00:00+00:00,0.011663420727889251,0.005282416223987004,0.0,0.0
2026-01-18 16:00:00+00:00,0.008891370956511262,0.0032635992886601768,0.0,0.0
2026-01-18 17:00:00+00:00,0.013421540733942583,0.005237517897954395,0.0,0.0
2026-01-18 18:00:00+00:00,0.027429862203380884,0.006165735782048862,0.0,0.0
2026-01-18 19:00:00+00:00,0.02856396771199386,0.0066841534281762705,0.0,0.0
2026-01-18 20:00:00+00:00,0.010859831314705214,0.0035273903752049297,0.0,0.0
2026-01-18 21:00:00+00:00,0.014010355875198265,0.003160122301579261,0.0,0.0
2026-01-18 22:00:00+00:00,0.030132229488137083,0.004985799305866506,0.0,0.0
2026-01-18 23:00:00+00:00,0.05098384086082188,0.030715287361999005,0.0,0.0
2026-01-19 00:00:00+00:00,0.025406972731793497,0.010788623430647485,0.0,0.0
2026-01-19 01:00:00+00:00,0.022751638045464553,0.015069892001010997,0.0,0.0
2026-01-19 02:00:00+00:00,0.024043627222585465,0.022808689671411322,0.0,0.0
2026-01-19 03:00:00+00:00,0.038291717107097924,0.03169102145416245,0.0,0.0
2026-01-19 04:00:00+00:00,0.04129032423104722,0.0196209425177194,0.0,0.0
2026-01-19 05:00:00+00:00,0.03803483292291025,0.014218159127233935,0.0,0.0
2026-01-19 06:00:00+00:00,0.036744748306356066,0.016622428791606154,0.0,0.0
2026-01-19 07:00:00+00:00,0.017414441724175514,0.005123173500471031,0.0,0.0
2026-01-19 08:00:00+00:00,0.04236281768505288,0.013090220020252329,0.0,0.0
2026-01-19 09:00:00+00:00,0.06522679580937966,0.031615003074533785,0.0,0.0
2026-01-19 10:00:00+00:00,0.04533656266125188,0.02218955566190393,0.0,0.0
2026-01-19 11:00:00+00:00,0.050935748828101444,0.029689285464078397,0.0,0.0
2026-01-19 12:00:00+00:00,0.04937230579094643,0.042362296506128334,0.0,0.0
2026-01-19 13:00:00+00:00,0.03156338024175589,0.01821486434734405,0.0,0.0
2026-01-19 14:00:00+00:00,0.034249154994013035,0.024734114393607187,0.0,0.0
2026-01-19 15:00:00+00:00,0.04590306336315528,0.035212201687223464,0.0,0.0
2026-01-19 16:00:00+00:00,0.0643620533917343,0.04062754854038983,0.0,1.0
2026-01-19 17:00:00+00:00,0.067019330141536,0.047411970554839915,0.0,1.0
2026-01-19 18:00:00+00:00,0.04684007092967196,0.03680014556515359,0.0,1.0
2026-01-19 19:00:00+00:00,0.04524908971566279,0.026367451908885942,0.0,1.0
2026-01-19 20:00:00+00:00,0.032942420267205876,0.019002372933704145,0.0,1.0
2026-01-19 21:00:00+00:00,0.04041462947918013,0.028363872025053086,0.0,1.0
2026-01-19 22:00:00+00:00,0.04760148042169182,0.031961930732881616,0.0,1.0
2026-01-19 23:00:00+00:00,0.028589800509492714,0.025679450106739873,0.0,1.0
2026-01-20 00:00:00+00:00,0.017709288758969623,0.015050001986959176,0.0,1.0
2026-01-20 01:00:00+00:00,0.012112574199828129,0.012316144370398638,0.0,1.0
2026-01-20 02:00:00+00:00,0.012060431319329106,0.01573698205336756,0.0,1.0
2026-01-20 03:00:00+00:00,0.011698559243355644,0.011768822432105426,0.0,1.0
2026-01-20 04:00:00+00:00,0.01273080856916331,0.01828368397200776,0.0,0.0
2026-01-20 05:00:00+00:00,0.013242561568452771,0.026994971587019728,0.0,0.0
2026-01-20 06:00:00+00:00,0.012160524257477809,0.023262817290997564,0.0,0.0
2026-01-20 07:00:00+00:00,0.01294438730638695,0.01772323888573499,0.0,0.0
2026-01-20 08:00:00+00:00,0.014623362591516509,0.023240615040615694,0.0,0.0
2026-01-20 09:00:00+00:00,0.012078792820153084,0.025607780263550317,0.0,0.0
2026-01-20 10:00:00+00:00,0.012394035369721132,0.01986726176056341,0.0,0.0
2026-01-20 11:00:00+00:00,0.019285079237759552,0.016433494064305835,0.0,0.0
2026-01-20 12:00:00+00:00,0.013521077536813808,0.019077150068358608,0.0,0.0
2026-01-20 13:00:00+00:00,0.018503365557436976,0.019386807048074033,0.0,0.0
2026-01-20 14:00:00+00:00,0.014076851273200928,0.01920050420016454,0.0,0.0
2026-01-20 15:00:00+00:00,0.01736635211676946,0.01598620351721764,0.0,0.0
2026-01-20 16:00:00+00:00,0.017062034513805415,0.020998491635359436,0.0,0.0
2026-01-20 17:00:00+00:00,0.01923672344652713,0.012014366605966165,0.0,0.0
2026-01-20 18:00:00+00:00,0.018827891050215265,0.01301926644726771,0.0,0.0
2026-01-20 19:00:00+00:00,0.017246905509890314,0.01501925253614949,0.0,0.0
2026-01-20 20:00:00+00:00,0.026726495463125045,0.025233504526633987,0.0,0.0
2026-01-20 21:00:00+00:00,0.02052693717933883,0.019172887348787464,0.0,0.0
2026-01-20 22:00:00+00:00,0.04397857519198212,0.01486209841839288,0.0,0.0
2026-01-20 23:00:00+00:00,0.024615346244580255,0.018936256995591875,0.0,0.0
2026-01-21 00:00:00+00:00,0.01658983682975527,0.018034054356403047,0.0,0.0
2026-01-21 01:00:00+00:00,0.018117189973242537,0.0348972896519334,0.0,0.0
2026-01-21 02:00:00+00:00,0.023014641437405763,0.04912141989354407,0.0,0.0
2026-01-21 03:00:00+00:00,0.026450410811878055,0.027814856114332886,0.0,0.0
2026-01-21 04:00:00+00:00,0.02175412790002593,0.03192282866877503,0.0,0.0
2026-01-21 05:00:00+00:00,0.034692020168274086,0.055804527510521916,0.0,0.0
2026-01-21 06:00:00+00:00,0.013856348534865878,0.03691239577314388,0.0,0.0
2026-01-21 07:00:00+00:00,0.016732958622956866,0.03068119769692144,0.0,0.0
2026-01-21 08:00:00+00:00,0.012139203725804024,0.035411323892724424,0.0,0.0
2026-01-21 09:00:00+00:00,0.005908414255689463,0.024411206297413043,0.0,0.0
2026-01-21 10:00:00+00:00,0.00962715833850279,0.023688925704983103,0.0,0.0
2026-01-21 11:00:00+00:00,0.017268426272190572,0.03388624188319273,0.0,0.0
2026-01-21 12:00:00+00:00,0.012396174895947442,0.017686396950178995,0.0,0.0
2026-01-21 13:00:00+00:00,0.017066986062592868,0.029905992003021215,0.0,0.0
2026-01-21 14:00:00+00:00,0.03280605193175503,0.05507750854875931,0.0,0.0
2026-01-21 15:00:00+00:00,0.042178948846745286,0.11172949613668393,0.0,0.0
2026-01-21 16:00:00+00:00,0.022269870007335907,0.004280112419462883,0.0,0.0
2026-01-21 17:00:00+00:00,0.03396117435341661,0.020406513623080862,0.0,0.0
2026-01-21 18:00:00+00:00,0.03624258439448139,0.02761388635288498,0.0,0.0
2026-01-21 19:00:00+00:00,0.032151804046544864,0.043237651492916564,0.0,0.0
2026-01-21 20:00:00+00:00,0.02316700933314129,0.025876127247519684,0.0,0.0
2026-01-21 21:00:00+00:00,0.031979687085506546,0.01828290790522366,0.0,0.0
2026-01-21 22:00:00+00:00,0.036017141451043906,0.018597890925834405,0.0,0.0
2026-01-21 23:00:00+00:00,0.023440684223295222,0.025244646110048608,0.0,0.0
2026-01-22 00:00:00+00:00,0.004186230951555516,0.007849549818450497,0.0,0.0
2026-01-22 01:00:00+00:00,0.010294519340571818,0.011916521656194015,0.0,0.0
2026-01-22 02:00:00+00:00,0.028109115314909058,0.031959666287464716,0.0,0.0
2026-01-22 03:00:00+00:00,0.019814254664913506,0.015886059408471678,0.0,0.0
2026-01-22 04:00:00+00:00,0.031148821633503843,0.02158127839630501,0.0,0.0
2026-01-22 05:00:00+00:00,0.05251743340627896,0.04081548894442498,0.0,0.0
2026-01-22 06:00:00+00:00,0.05861608326037809,0.06877162255222426,0.0,0.0
2026-01-22 07:00:00+00:00,0.058992948607872804,0.04794019220549175,0.0,0.0
2026-01-22 08:00:00+00:00,0.054745207757976644,0.053378693643381485,0.0,0.0
2026-01-22 09:00:00+00:00,0.0444452208116182,0.03932395087948087,0.0,0.0
2026-01-22 10:00:00+00:00,0.08784224108956873,0.06524228238779656,0.0,0.0
2026-01-22 11:00:00+00:00,0.0725066414357526,0.0625300884666835,0.0,0.0
2026-01-22 12:00:00+00:00,0.0559632555886815,0.04215065779018464,0.0,0.0
2026-01-22 13:00:00+00:00,0.07817652265643965,0.05024045588494238,0.0,0.0
2026-01-22 14:00:00+00:00,0.08822201010584792,0.04685972056746244,0.0,0.0
2026-01-22 15:00:00+00:00,0.0854943071258345,0.03302966210317935,0.0,0.0
2026-01-22 16:00:00+00:00,0.039181583605673524,0.03459390694898267,0.0,0.0
2026-01-22 17:00:00+00:00,0.04313386772809364,0.03028895153048601,0.0,0.0
2026-01-22 18:00:00+00:00,0.03847771661517175,0.02977756981865769,0.0,0.0
2026-01-22 19:00:00+00:00,0.029585349366535896,0.023977281043722983,0.0,0.0
2026-01-22 20:00:00+00:00,0.03342563007593509,0.020896903746361762,0.0,0.0
2026-01-22 21:00:00+00:00,0.026235498372946864,0.030881088802877918,0.0,0.0
2026-01-22 22:00:00+00:00,0.027350913507727868,0.02655752762121072,0.0,0.0
2026-01-22 23:00:00+00:00,0.013802776842087116,0.02296903571706319,0.0,0.0
2026-01-23 00:00:00+00:00,0.010864012722319653,0.01634758206006801,0.0,0.0
2026-01-23 01:00:00+00:00,0.012660014288842563,0.01681672821832424,0.0,0.0
2026-01-23 02:00:00+00:00,0.010523336618621296,0.011589124631072123,0.0,0.0
2026-01-23 03:00:00+00:00,0.015019169342063229,0.01800964744761004,0.0,0.0
2026-01-23 04:00:00+00:00,0.019274035131773115,0.01744454042073337,0.0,0.0
2026-01-23 05:00:00+00:00,0.01408964541474759,0.017810208326875715,0.0,0.0
2026-01-23 06:00:00+00:00,0.013859046048662288,0.02620415356134761,0.0,0.0
2026-01-23 07:00:00+00:00,0.010119265444660344,0.027123453211589005,0.0,0.0
2026-01-23 08:00:00+00:00,0.008000412980067392,0.01708930301537473,0.0,0.0
2026-01-23 09:00:00+00:00,0.007601092670540874,0.021007571212845536,0.0,0.0
2026-01-23 10:00:00+00:00,0.004870826655387577,0.016797858953751407,0.0,0.0
2026-01-23 11:00:00+00:00,0.009102867075773584,0.016552189924990995,0.0,0.0
2026-01-23 12:00:00+00:00,0.006564111332546359,0.013272463465462748,0.0,0.0
2026-01-23 13:00:00+00:00,0.006705211731076088,0.012178739048586643,0.0,0.0
2026-01-23 14:00:00+00:00,0.016890493294808722,0.01696219909020278,0.0,0.0
2026-01-23 15:00:00+00:00,0.033956781604615585,0.029565195385829898,0.0,0.0
2026-01-23 16:00:00+00:00,0.030178092269597303,0.03321490912602328,0.0,0.0
2026-01-23 17:00:00+00:00,0.023992315883351836,0.023800136178347947,0.0,0.0
2026-01-23 18:00:00+00:00,0.02510049891021539,0.018828509042259807,0.0,0.0
2026-01-23 19:00:00+00:00,0.04141092190427633,0.04428006593769864,0.0,0.0
2026-01-23 20:00:00+00:00,0.037581137945565855,0.052826489275766976,0.0,0.0
2026-01-23 21:00:00+00:00,0.014721770869471693,0.030062435666427374,0.0,0.0
2026-01-23 22:00:00+00:00,0.012797081712499818,0.022817118410863865,0.0,0.0
2026-01-23 23:00:00+00:00,0.009034040801799632,0.014312739064555819,0.0,0.0
2026-01-24 00:00:00+00:00,0.01321630464214237,0.014148584773815162,0.0,0.0
2026-01-24 01:00:00+00:00,0.01857514210562038,0.011245856596307882,0.0,0.0
2026-01-24 02:00:00+00:00,0.017852727597463623,0.010221419497153036,0.0,0.0
2026-01-24 03:00:00+00:00,0.026790940857553274,0.023311363097835224,0.0,0.0
2026-01-24 04:00:00+00:00,0.01615401338324819,0.009846702153532871,0.0,0.0
2026-01-24 05:00:00+00:00,0.010025562115004024,0.00840593439027307,0.0,0.0
2026-01-24 06:00:00+00:00,0.017724549873797932,0.017964331738696982,0.0,0.0
2026-01-24 07:00:00+00:00,0.010259876697553611,0.011082953440099677,0.0,0.0
2026-01-24 08:00:00+00:00,0.007328416109497378,0.007008155678324086,0.0,0.0
2026-01-24 09:00:00+00:00,0.004462397315740317,0.007391229955060363,0.0,0.0
2026-01-24 10:00:00+00:00,0.00552050432436624,0.006348035504358894,0.0,0.0
2026-01-24 11:00:00+00:00,0.005060136151223592,0.005099761762435457,0.0,0.0
2026-01-24 12:00:00+00:00,0.007988276181837435,0.007419437929265985,0.0,0.0
2026-01-24 13:00:00+00:00,0.006385806879705258,0.0063177789142661355,0.0,0.0
2026-01-24 14:00:00+00:00,0.01202465386121225,0.012526158299601473,0.0,0.0
2026-01-24 15:00:00+00:00,0.008527942626174144,0.008666867975176417,0.0,0.0
2026-01-24 16:00:00+00:00,0.007478527486746229,0.007380535293954536,0.0,0.0
2026-01-24 17:00:00+00:00,0.00467965300806623,0.00399397916745151,0.0,0.0
2026-01-24 18:00:00+00:00,0.005049014457139099,0.0056559688453366634,0.0,0.0
2026-01-24 19:00:00+00:00,0.004383159632562617,0.003980516298585774,0.0,0.0
2026-01-24 20:00:00+00:00,0.002411424827677873,0.002571299201626192,0.0,0.0
2026-01-24 21:00:00+00:00,0.002558958454858319,0.0018665602439121409,0.0,0.0
2026-01-24 22:00:00+00:00,0.00404441036033341,0.0033807345334264487,0.0,0.0
2026-01-24 23:00:00+00:00,0.004289202314749894,0.0051244260078452675,0.0,0.0
2026-01-25 00:00:00+00:00,0.007299437960112096,0.003540442864364809,0.0,0.0
2026-01-25 01:00:00+00:00,0.011027113427497874,0.009351626279225348,0.0,0.0
2026-01-25 02:00:00+00:00,0.009029185326228081,0.009226142594492058,0.0,0.0
2026-01-25 03:00:00+00:00,0.009982877492502642,0.013146336050503622,0.0,0.0
2026-01-25 04:00:00+00:00,0.009447851591363824,0.009216861450976261,0.0,0.0
2026-01-25 05:00:00+00:00,0.0049082902554925594,0.004772384085122442,0.0,0.0
2026-01-25 06:00:00+00:00,0.0062103120283636985,0.008721930648281214,0.0,0.0
2026-01-25 07:00:00+00:00,0.002665049724606254,0.004230220586189809,0.0,0.0
2026-01-25 08:00:00+00:00,0.004820336011858822,0.007198005498581277,0.0,0.0
2026-01-25 09:00:00+00:00,0.0031717208605824185,0.008637486433677335,0.0,0.0
2026-01-25 10:00:00+00:00,0.005724678234375694,0.01331876219054984,0.0,0.0
2026-01-25 11:00:00+00:00,0.005013067698819909,0.011076814493222231,0.0,0.0
2026-01-25 12:00:00+00:00,0.0077773783409821095,0.009754146182762167,0.0,0.0
2026-01-25 13:00:00+00:00,0.00906989285219712,0.008592096651285124,0.0,0.0
2026-01-25 14:00:00+00:00,0.010771789592786872,0.016484423859384673,0.0,0.0
2026-01-25 15:00:00+00:00,0.01014571113608269,0.021800437102206863,0.0,0.0
2026-01-25 16:00:00+00:00,0.007797300815266699,0.021916283174159223,0.0,0.0
2026-01-25 17:00:00+00:00,0.005802634809389161,0.017503424300836682,0.0,0.0
2026-01-25 18:00:00+00:00,0.01273180285897757,0.01657263835472508,0.0,0.0
2026-01-25 19:00:00+00:00,0.01569230953398423,0.014473475929077453,0.0,0.0
2026-01-25 20:00:00+00:00,0.010979832681364342,0.008690298962447404,0.0,0.0
2026-01-25 21:00:00+00:00,0.018812233559934624,0.03142460723009494,0.0,0.0
2026-01-25 22:00:00+00:00,0.02232141809606118,0.041757719298794876,0.0,0.0
2026-01-25 23:00:00+00:00,0.02772695155096049,0.033152842550077964,0.0,0.0
2026-01-26 00:00:00+00:00,0.03691399817273533,0.037177371290286775,0.0,0.0
2026-01-26 01:00:00+00:00,0.09825621329426336,0.059473242711930004,0.0,0.0
2026-01-26 02:00:00+00:00,0.07216545637741921,0.07000238001216319,0.0,0.0
2026-01-26 03:00:00+00:00,0.0462378688852359,0.08056981006412163,0.0,0.0
2026-01-26 04:00:00+00:00,0.04045391733484849,0.050250869959000306,0.0,0.0
2026-01-26 05:00:00+00:00,0.043836482617942096,0.08283732257039304,0.0,0.0
2026-01-26 06:00:00+00:00,0.04099457803129682,0.060226937735226506,0.0,0.0
2026-01-26 07:00:00+00:00,0.028642243976251366,0.028719144885410042,0.0,0.0
2026-01-26 08:00:00+00:00,0.04107885203808769,0.054848129904183175,0.0,0.0
2026-01-26 09:00:00+00:00,0.045347202193212394,0.032482909876574595,0.0,0.0
2026-01-26 10:00:00+00:00,0.020672977616263088,0.01776124647621517,0.0,0.0
2026-01-26 11:00:00+00:00,0.017246330863650856,0.022648007931797946,0.0,0.0
2026-01-26 12:00:00+00:00,0.03296327309620744,0.05652334588821384,0.0,0.0
2026-01-26 13:00:00+00:00,0.03462652692219966,0.03670561065011125,0.0,0.0
2026-01-26 14:00:00+00:00,0.0455101037143413,0.07408163654920404,0.0,0.0
2026-01-26 15:00:00+00:00,0.041317434458512145,0.08556381336063723,0.0,0.0
2026-01-26 16:00:00+00:00,0.043380911898665366,0.0734990381308755,0.0,0.0
2026-01-26 17:00:00+00:00,0.028142099630281397,0.04729819053270634,0.0,0.0
2026-01-26 18:00:00+00:00,0.039403418616854764,0.06463143348717394,0.0,0.0
2026-01-26 19:00:00+00:00,0.05008320280764841,0.11309196611870771,0.0,0.0
2026-01-26 20:00:00+00:00,0.05704441943068734,0.11590285118061124,0.0,0.0
2026-01-26 21:00:00+00:00,0.03836827644469143,0.045654735812172054,0.0,0.0
2026-01-26 22:00:00+00:00,0.04758722653644445,0.06470757378106802,0.0,0.0
2026-01-26 23:00:00+00:00,0.04788006543459892,0.07522043747022143,0.0,0.0
2026-01-27 00:00:00+00:00,0.031527269778937335,0.02935171573436308,0.0,0.0
2026-01-27 01:00:00+00:00,0.03348332719262943,0.024359524891230094,0.0,0.0
2026-01-27 02:00:00+00:00,0.041053070695740386,0.023192411571011595,0.0,0.0
2026-01-27 03:00:00+00:00,0.03345598152257435,0.01622301209863705,0.0,0.0
2026-01-27 04:00:00+00:00,0.03626319602744434,0.026716306606357997,0.0,0.0
2026-01-27 05:00:00+00:00,0.0332209946567889,0.02758168037581052,0.0,0.0
2026-01-27 06:00:00+00:00,0.028165117134516637,0.021498986264958594,0.0,0.0
2026-01-27 07:00:00+00:00,0.028255571789322576,0.017909730097046748,0.0,0.0
2026-01-27 08:00:00+00:00,0.02695599182972425,0.014393759027076665,0.0,0.0
2026-01-27 09:00:00+00:00,0.02742536735229573,0.020205964239530427,0.0,0.0
2026-01-27 10:00:00+00:00,0.027918770422136575,0.017566150966565604,0.0,0.0
2026-01-27 11:00:00+00:00,0.03009508880032441,0.027853878887208385,0.0,0.0
2026-01-27 12:00:00+00:00,0.026737519233250896,0.02401164600477247,0.0,0.0
2026-01-27 13:00:00+00:00,0.02818623688451472,0.03418054069008485,0.0,0.0
2026-01-27 14:00:00+00:00,0.032400885644759674,0.02599059952079699,0.0,0.0
2026-01-27 15:00:00+00:00,0.02455679350362772,0.032389315294801484,0.0,0.0
2026-01-27 16:00:00+00:00,0.032658891807075985,0.04870919635808681,0.0,0.0
2026-01-27 17:00:00+00:00,0.05525781893387131,0.054817944549608776,0.0,0.0
2026-01-27 18:00:00+00:00,0.0294439822516598,0.038774323292944425,0.0,0.0
2026-01-27 19:00:00+00:00,0.05316872689452368,0.06776804653323894,0.0,0.0
2026-01-27 20:00:00+00:00,0.04936600713144996,0.05787639688711349,0.0,0.0
2026-01-27 21:00:00+00:00,0.06753939972565734,0.09081242913939404,0.0,0.0
2026-01-27 22:00:00+00:00,0.05688243901308628,0.043134358807322117,0.0,0.0
2026-01-27 23:00:00+00:00,0.06043070033026,0.05447579867667881,0.0,0.0
2026-01-28 00:00:00+00:00,0.029690373758073582,0.03377579761235575,0.0,0.0
2026-01-28 01:00:00+00:00,0.0160062495358115,0.007416878198105974,0.0,0.0
2026-01-28 02:00:00+00:00,0.020473050813833285,0.00929996606273563,0.0,0.0
2026-01-28 03:00:00+00:00,0.04889841836432791,0.024877690257639005,0.0,0.0
2026-01-28 04:00:00+00:00,0.04139342605443647,0.02356475307657288,0.0,0.0
2026-01-28 05:00:00+00:00,0.032435790160257584,0.014292581238813188,0.0,0.0
2026-01-28 06:00:00+00:00,0.04354190798481374,0.028329120810909977,0.0,0.0
2026-01-28 07:00:00+00:00,0.038772208466849485,0.027635485650853442,0.0,0.0
2026-01-28 08:00:00+00:00,0.05968791332328868,0.045939569341505775,0.0,0.0
2026-01-28 09:00:00+00:00,0.0684290417625031,0.06780092425980815,0.0,0.0
2026-01-28 10:00:00+00:00,0.04829100513972404,0.032616111461615305,0.0,0.0
2026-01-28 11:00:00+00:00,0.05575527199294056,0.07962531723329647,0.0,0.0
2026-01-28 12:00:00+00:00,0.059683627493122726,0.05035097960768886,0.0,0.0
2026-01-28 13:00:00+00:00,0.05876167187569808,0.0519684747754324,0.0,0.0
2026-01-28 14:00:00+00:00,0.057726998761898185,0.059161707049538124,0.0,0.0
2026-01-28 15:00:00+00:00,0.056894565390931545,0.08128785482581846,0.0,1.0
2026-01-28 16:00:00+00:00,0.03613723120934583,0.03301122929688241,0.0,1.0
2026-01-28 17:00:00+00:00,0.055804088866243086,0.05220665222324885,0.0,1.0
2026-01-28 18:00:00+00:00,0.05016549757935431,0.041859551355745095,0.0,1.0
2026-01-28 19:00:00+00:00,0.06693609814624975,0.06253513617465957,0.0,1.0
2026-01-28 20:00:00+00:00,0.05573204733116296,0.03154842794123178,0.0,1.0
2026-01-28 21:00:00+00:00,0.05327791665119123,0.05646868833193432,0.0,1.0
2026-01-28 22:00:00+00:00,0.028132057694922313,0.019751695579788456,0.0,1.0
2026-01-28 23:00:00+00:00,0.034248856744327115,0.02581099846505336,0.0,1.0
2026-01-29 00:00:00+00:00,0.029404127418277828,0.019211996882443613,0.0,1.0
2026-01-29 01:00:00+00:00,0.028971148116654813,0.03721796267457664,0.0,1.0
2026-01-29 02:00:00+00:00,0.03539802378475837,0.052908265389794124,0.0,1.0
2026-01-29 03:00:00+00:00,0.040247746694420515,0.06448000592031766,0.0,1.0
2026-01-29 04:00:00+00:00,0.018805474679989283,0.02625667732196098,0.0,1.0
2026-01-29 05:00:00+00:00,0.02122537461191699,0.03698640718738908,0.0,1.0
2026-01-29 06:00:00+00:00,0.021023964389729855,0.03120029835981994,0.0,1.0
2026-01-29 07:00:00+00:00,0.019298076956749618,0.01770577342052358,0.0,1.0
2026-01-29 08:00:00+00:00,0.027057495029806103,0.02795109073320691,0.0,1.0
2026-01-29 09:00:00+00:00,0.010830766292793741,0.01286532435533745,0.0,1.0
2026-01-29 10:00:00+00:00,0.011390605023194745,0.016746819195816224,0.0,1.0
2026-01-29 11:00:00+00:00,0.010224156031267783,0.011695221212335198,0.0,1.0
2026-01-29 12:00:00+00:00,0.017314761948032043,0.0330029943019824,0.0,1.0
2026-01-29 13:00:00+00:00,0.008456093339055908,0.012675335245933173,0.0,1.0
2026-01-29 14:00:00+00:00,0.0151372060106741,0.016007169967184903,0.0,1.0
2026-01-29 15:00:00+00:00,0.03587079096952433,0.0065318153607141285,0.0,0.0
2026-01-29 16:00:00+00:00,0.03677156754125358,0.00891701245393921,0.0,0.0
2026-01-29 17:00:00+00:00,0.04070386088661197,0.010388195314619925,0.0,0.0
2026-01-29 18:00:00+00:00,0.02518905551624927,0.004566597661742855,0.0,0.0
2026-01-29 19:00:00+00:00,0.04893476918741305,0.004592272074488679,0.0,0.0
2026-01-29 20:00:00+00:00,0.023807773802367677,0.006041594915277062,0.0,0.0
2026-01-29 21:00:00+00:00,0.032509326492143956,0.007283178099084856,0.0,0.0
2026-01-29 22:00:00+00:00,0.033709365605509155,0.025082672020718594,0.0,0.0
2026-01-29 23:00:00+00:00,0.019240129683301896,0.013680783454433862,0.0,0.0
2026-01-30 00:00:00+00:00,0.036288944607211236,0.013393901067056643,0.0,0.0
2026-01-30 01:00:00+00:00,0.08058647596552033,0.02243276458153642,0.0,0.0
2026-01-30 02:00:00+00:00,0.05414585265464259,0.017992702057694213,0.0,0.0
2026-01-30 03:00:00+00:00,0.043317142968347856,0.034649333193314896,0.0,0.0
2026-01-30 04:00:00+00:00,0.030730116910213035,0.05388284710018821,0.0,0.0
2026-01-30 05:00:00+00:00,0.041485603361664534,0.03304907940946288,0.0,0.0
2026-01-30 06:00:00+00:00,0.030786535062454653,0.02522538521303273,0.0,0.0
2026-01-30 07:00:00+00:00,0.03949154847673295,0.027878349641034625,0.0,0.0
2026-01-30 08:00:00+00:00,0.01222751586652332,0.017272585048917634,0.0,0.0
2026-01-30 09:00:00+00:00,0.00890654590997441,0.014939473840152142,0.0,0.0
2026-01-30 10:00:00+00:00,0.013948090272161527,0.028243157735169246,0.0,0.0
2026-01-30 11:00:00+00:00,0.011759010715478196,0.05412614362613702,0.0,0.0
2026-01-30 12:00:00+00:00,0.010468585775609954,0.03653883099697073,0.0,0.0
2026-01-30 13:00:00+00:00,0.015298623123555089,0.0697966587570319,0.0,0.0
2026-01-30 14:00:00+00:00,0.020906334100339683,0.0637592766560922,0.0,0.0
2026-01-30 15:00:00+00:00,0.014725797612111596,0.06487148662983917,0.0,0.0
2026-01-30 16:00:00+00:00,0.0076104743363996676,0.10053833141680545,0.0,0.0
2026-01-30 17:00:00+00:00,0.00678973427104643,0.049311730365466246,0.0,1.0
2026-01-30 18:00:00+00:00,0.011585911440676748,0.04430432713187876,0.0,1.0
2026-01-30 19:00:00+00:00,0.007116543968732962,0.08441224882327558,0.0,1.0
2026-01-30 20:00:00+00:00,0.010110685350781858,0.06797742808296874,0.0,1.0
2026-01-30 21:00:00+00:00,0.005912644175399079,0.07614967751162333,0.0,1.0
2026-01-30 22:00:00+00:00,0.005378347923245282,0.03652641250021759,0.0,1.0
2026-01-30 23:00:00+00:00,0.0025489261323547933,0.027370954402233433,0.0,1.0
2026-01-31 00:00:00+00:00,0.0032755640320257205,0.039803360940867526,0.0,1.0
2026-01-31 01:00:00+00:00,0.0015086009508075311,0.04523733896383534,0.0,1.0
2026-01-31 02:00:00+00:00,0.0016482959960643251,0.0342046239817301,0.0,1.0
2026-01-31 03:00:00+00:00,0.0005633536719712753,0.009989784981899804,0.0,1.0
2026-01-31 04:00:00+00:00,0.0008212209455076692,0.021825037970199513,0.0,1.0
2026-01-31 05:00:00+00:00,0.0011607825189280964,0.024493992514937446,0.0,1.0
2026-01-31 06:00:00+00:00,0.0016987351303486538,0.026547085770851978,0.0,1.0
2026-01-31 07:00:00+00:00,0.0021935807781557483,0.03518589998452292,0.0,1.0
2026-01-31 08:00:00+00:00,0.005021883930135035,0.048471910709117105,0.0,1.0
2026-01-31 09:00:00+00:00,0.0020210174668149447,0.045719244038641145,0.0,1.0
2026-01-31 10:00:00+00:00,0.001586795768155099,0.02154954470604233,0.0,1.0
2026-01-31 11:00:00+00:00,0.0019209615651925554,0.029172564139839305,0.0,1.0
2026-01-31 12:00:00+00:00,0.0032147570465287448,0.04009282762973974,0.0,1.0
2026-01-31 13:00:00+00:00,0.003754999448931451,0.036001656142812456,0.0,1.0
2026-01-31 14:00:00+00:00,0.029318595043006036,0.02881580708066257,0.0,0.0
2026-01-31 15:00:00+00:00,0.015812759072844625,0.027664642672625788,0.0,1.0
2026-01-31 16:00:00+00:00,0.029204491132231836,0.009425335674054425,0.0,0.0
2026-01-31 17:00:00+00:00,0.05720928093774282,0.004663859340748166,0.0,0.0
2026-01-31 18:00:00+00:00,0.03728613415227089,0.0008975481700174482,0.0,0.0
2026-01-31 19:00:00+00:00,0.029861231854949506,0.0014045339518218701,0.0,0.0
2026-01-31 20:00:00+00:00,0.014229296081648898,0.002029959010269067,0.0,0.0
2026-01-31 21:00:00+00:00,0.027727467692293156,0.004089732713898634,0.0,0.0
2026-01-31 22:00:00+00:00,0.0183684715321807,0.005184338565415391,0.0,0.0
2026-01-31 23:00:00+00:00,0.05866792107473371,0.01198457552826909,0.0,0.0
2026-02-01 00:00:00+00:00,0.044235309124895615,0.010645311421045281,0.0,0.0
2026-02-01 01:00:00+00:00,0.036413016026951364,0.016704569638350836,0.0,0.0
2026-02-01 02:00:00+00:00,0.05058724001044479,0.023211347069271363,0.0,0.0
2026-02-01 03:00:00+00:00,0.04263463212591698,0.03963254666315905,0.0,0.0
2026-02-01 04:00:00+00:00,0.04982316686525018,0.04548770731632711,0.0,0.0
2026-02-01 05:00:00+00:00,0.045406095403232594,0.03649160700934361,0.0,0.0
2026-02-01 06:00:00+00:00,0.03593210078515171,0.034357379242003765,0.0,0.0
2026-02-01 07:00:00+00:00,0.046773736693418305,0.035582475404949264,0.0,0.0
2026-02-01 08:00:00+00:00,0.018688674010768458,0.02949636305391463,0.0,0.0
2026-02-01 09:00:00+00:00,0.031638884078720814,0.06151201999840111,0.0,0.0
2026-02-01 10:00:00+00:00,0.04212730638343548,0.029892217079107167,0.0,0.0
2026-02-01 11:00:00+00:00,0.029762315382607346,0.0582349995888902,0.0,0.0
2026-02-01 12:00:00+00:00,0.02170058931016296,0.033328857911651355,0.0,0.0
2026-02-01 13:00:00+00:00,0.023163007961626982,0.055767647740133285,0.0,0.0
2026-02-01 14:00:00+00:00,0.018139131751990174,0.030324027012596583,0.0,0.0
2026-02-01 15:00:00+00:00,0.030427187598101105,0.029535493932350037,0.0,0.0
2026-02-01 16:00:00+00:00,0.01716263968829743,0.026480112406387174,0.0,0.0
2026-02-01 17:00:00+00:00,0.005384523793649189,0.02007995739331303,0.0,0.0
2026-02-01 18:00:00+00:00,0.006871366282933548,0.039643173606796187,0.0,0.0
2026-02-01 19:00:00+00:00,0.04577552574344762,0.04059439782962763,0.0,0.0
2026-02-01 20:00:00+00:00,0.0415676478474317,0.041208078594776654,0.0,0.0
2026-02-01 21:00:00+00:00,0.05565583020958853,0.04320802073456902,0.0,0.0
2026-02-01 22:00:00+00:00,0.04020858623658734,0.05167414644213512,0.0,0.0
2026-02-01 23:00:00+00:00,0.057921531459876545,0.032039858976009424,0.0,0.0
2026-02-02 00:00:00+00:00,0.04816263518448923,0.05621112541113652,0.0,0.0
2026-02-02 01:00:00+00:00,0.0748973492933185,0.05239317232630523,0.0,0.0
2026-02-02 02:00:00+00:00,0.05973428999904401,0.054589671840997396,0.0,0.0
2026-02-02 03:00:00+00:00,0.018650838644305577,0.015389576441197435,0.0,0.0
2026-02-02 04:00:00+00:00,0.04684584208338103,0.029284408168582955,0.0,0.0
2026-02-02 05:00:00+00:00,0.04570073362251383,0.01932684959121069,0.0,0.0
2026-02-02 06:00:00+00:00,0.03678638221647953,0.02669039630937384,0.0,0.0
2026-02-02 07:00:00+00:00,0.045200653563032156,0.06111540372329638,0.0,0.0
2026-02-02 08:00:00+00:00,0.06433404897464745,0.0527837278866756,0.0,0.0
2026-02-02 09:00:00+00:00,0.013086729169846293,0.03269737578670753,0.0,0.0
2026-02-02 10:00:00+00:00,0.01549766372008006,0.02339056719927535,0.0,0.0
2026-02-02 11:00:00+00:00,0.02203902948125767,0.07797530901398425,0.0,0.0
2026-02-02 12:00:00+00:00,0.009372545840135872,0.027962524518233268,0.0,0.0
2026-02-02 13:00:00+00:00,0.009466823001105504,0.06588358535249038,0.0,0.0
2026-02-02 14:00:00+00:00,0.020208347215361265,0.07214229770190642,0.0,0.0
2026-02-02 15:00:00+00:00,0.007345666787965742,0.049551139613916696,0.0,0.0
2026-02-02 16:00:00+00:00,0.016521444681995703,0.07307891351298147,0.0,0.0
2026-02-02 17:00:00+00:00,0.014161363172666886,0.09576868586090138,0.0,1.0
2026-02-02 18:00:00+00:00,0.014899751401822467,0.059810383837595904,0.0,1.0
2026-02-02 19:00:00+00:00,0.017674972759879972,0.05033873430715214,0.0,0.0
2026-02-02 20:00:00+00:00,0.021648058147501776,0.045143608782684384,0.0,0.0
2026-02-02 21:00:00+00:00,0.018460583589960607,0.05727171973675132,0.0,0.0
2026-02-02 22:00:00+00:00,0.011198664237072766,0.023187332146137597,0.0,0.0
2026-02-02 23:00:00+00:00,0.023381154581710095,0.04455182228367277,0.0,0.0
2026-02-03 00:00:00+00:00,0.019633263282500476,0.028464890259311298,0.0,0.0
2026-02-03 01:00:00+00:00,0.022540225643231316,0.02852432966586892,0.0,0.0
2026-02-03 02:00:00+00:00,0.047551188781454944,0.043631206267674416,0.0,0.0
2026-02-03 03:00:00+00:00,0.016820440356765196,0.03287679854070925,0.0,0.0
2026-02-03 04:00:00+00:00,0.02190108490858232,0.02350933907364464,0.0,0.0
2026-02-03 05:00:00+00:00,0.03374527191727883,0.030237568490270723,0.0,0.0
2026-02-03 06:00:00+00:00,0.030889852714619595,0.042892479588231947,0.0,0.0
2026-02-03 07:00:00+00:00,0.02683484550670051,0.025838534338170027,0.0,0.0
2026-02-03 08:00:00+00:00,0.06587345547545169,0.03949912540029096,0.0,0.0
2026-02-03 09:00:00+00:00,0.03110435584695198,0.028977016433835972,0.0,0.0
2026-02-03 10:00:00+00:00,0.011290023015950541,0.010091837666926772,0.0,0.0
2026-02-03 11:00:00+00:00,0.042963629182612435,0.05469458007850922,0.0,0.0
2026-02-03 12:00:00+00:00,0.03454676120009157,0.03430518022974972,0.0,0.0
2026-02-03 13:00:00+00:00,0.03694711676571946,0.042299677661107156,0.0,0.0
2026-02-03 14:00:00+00:00,0.0732269996899909,0.021188993120128296,0.0,0.0
2026-02-03 15:00:00+00:00,0.04215247452296655,0.05023982792540866,0.0,1.0
2026-02-03 16:00:00+00:00,0.05822956723378452,0.008676686193173619,0.0,0.0
2026-02-03 17:00:00+00:00,0.09110740741052227,0.007091687764243408,0.0,0.0
2026-02-03 18:00:00+00:00,0.06919224004106071,0.0009774753875885498,0.0,0.0
2026-02-03 19:00:00+00:00,0.04847334488139437,0.0015549711400452404,0.0,0.0
2026-02-03 20:00:00+00:00,0.08627858813371204,0.007545597176825615,0.0,0.0
2026-02-03 21:00:00+00:00,0.02177391331549665,0.0030012969715133204,0.0,0.0
2026-02-03 22:00:00+00:00,0.0506915601956566,0.012461246010113752,0.0,0.0
2026-02-03 23:00:00+00:00,0.06378674867928155,0.006194773053824597,0.0,0.0
2026-02-04 00:00:00+00:00,0.03369698275476392,0.003056551445062281,0.0,0.0
2026-02-04 01:00:00+00:00,0.007753417714086971,0.002922358508261775,0.0,1.0
2026-02-04 02:00:00+00:00,0.045437426335565384,0.018075612437167793,0.0,1.0
2026-02-04 03:00:00+00:00,0.02519923314917424,0.007822405392118816,0.0,1.0
2026-02-04 04:00:00+00:00,0.012722542238441504,0.005604025667882294,0.0,1.0
2026-02-04 05:00:00+00:00,0.04755723598749261,0.045711605263937395,0.0,1.0
2026-02-04 06:00:00+00:00,0.06076151765021052,0.06768771463121476,0.0,1.0
2026-02-04 07:00:00+00:00,0.026479795228842234,0.01373089013164204,0.0,1.0
2026-02-04 08:00:00+00:00,0.06576778410818802,0.059975788665811124,0.0,1.0
2026-02-04 09:00:00+00:00,0.031185711745291667,0.017430416825044846,0.0,1.0
2026-02-04 10:00:00+00:00,0.042303413134249984,0.05940235704389677,0.0,1.0
2026-02-04 11:00:00+00:00,0.06496790622024114,0.034973729818496675,0.0,1.0
2026-02-04 12:00:00+00:00,0.05104810529432167,0.06399290283229069,0.0,1.0
2026-02-04 13:00:00+00:00,0.07835192377140426,0.029781757252027214,0.0,1.0
2026-02-04 14:00:00+00:00,0.08738107670051189,0.03606392556887179,0.0,1.0
2026-02-04 15:00:00+00:00,0.0831589657698966,0.01635912550731404,0.0,1.0
2026-02-04 16:00:00+00:00,0.15456999209047334,0.0296650548836398,0.0,1.0
2026-02-04 17:00:00+00:00,0.16881571988579616,0.009800916665464074,0.0,1.0
2026-02-04 18:00:00+00:00,0.11510173016736004,0.012943016793147905,0.0,1.0
2026-02-04 19:00:00+00:00,0.066443232089269,0.012023983547256888,0.0,1.0
2026-02-04 20:00:00+00:00,0.03778821195230474,0.009908035918385304,0.0,1.0
2026-02-04 21:00:00+00:00,0.11751843642960373,0.02244460399025955,0.0,1.0
2026-02-04 22:00:00+00:00,0.1733088128503261,0.01368345839232884,0.0,1.0
2026-02-04 23:00:00+00:00,0.12171049041955766,0.02681874464508389,0.0,1.0
2026-02-05 00:00:00+00:00,0.02102676266083447,0.01312590120452596,0.0,1.0
2026-02-05 01:00:00+00:00,0.05819204780001841,0.022738169833942185,0.0,1.0
2026-02-05 02:00:00+00:00,0.0724131523116791,0.006478873060254464,0.0,1.0
2026-02-05 03:00:00+00:00,0.045564323871887635,0.016146482756810934,0.0,1.0
2026-02-05 04:00:00+00:00,0.03690307857221566,0.010258824923063008,0.0,1.0
2026-02-05 05:00:00+00:00,0.042756399772525044,0.020480347799836842,0.0,1.0
2026-02-05 06:00:00+00:00,0.028179272360244857,0.012149434399753974,0.0,1.0
2026-02-05 07:00:00+00:00,0.01660198822635808,0.02141005114526054,0.0,1.0
2026-02-05 08:00:00+00:00,0.02942885757307449,0.01801771434199026,0.0,1.0
2026-02-05 09:00:00+00:00,0.016531042463933634,0.02050322407304235,0.0,1.0
2026-02-05 10:00:00+00:00,0.012541028564162999,0.006578892307985834,0.0,1.0
2026-02-05 11:00:00+00:00,0.03043251761053081,0.009167582771706151,0.0,1.0
2026-02-05 12:00:00+00:00,0.029236859626949413,0.014665398462017734,0.0,0.0
2026-02-05 13:00:00+00:00,0.007752269575027716,0.02200126734521224,0.0,0.0
2026-02-05 14:00:00+00:00,0.020888201595845247,0.017557573085413544,0.0,0.0
2026-02-05 15:00:00+00:00,0.08388199986590467,0.0030825957387668954,0.0,0.0
2026-02-05 16:00:00+00:00,0.022949827093140304,0.006993207633562699,0.0,0.0
2026-02-05 17:00:00+00:00,0.05860201822360902,0.0012339087788493636,1.0,0.0
2026-02-05 18:00:00+00:00,0.020369539096220395,0.0014850292532948388,0.0,0.0
2026-02-05 19:00:00+00:00,0.09751254674700822,0.00120815510635163,1.0,0.0
2026-02-05 20:00:00+00:00,0.09001274103340155,0.0011131614270754632,1.0,0.0
2026-02-05 21:00:00+00:00,0.07122489557267718,0.0002845123546349366,1.0,0.0
2026-02-05 22:00:00+00:00,0.04618194777465767,0.002082159444430825,1.0,0.0
2026-02-05 23:00:00+00:00,0.01537340661536177,0.0003668729990760683,1.0,0.0
2026-02-06 00:00:00+00:00,0.012317576329637406,0.000432423649285636,1.0,0.0
2026-02-06 01:00:00+00:00,0.022107339067653126,0.0035938598731019653,1.0,0.0
2026-02-06 02:00:00+00:00,0.00674553476548791,0.0014434140165644127,1.0,0.0
2026-02-06 03:00:00+00:00,0.03188184453616636,0.0023895892744734376,1.0,0.0
2026-02-06 04:00:00+00:00,0.005880875546722627,0.018316154900682023,1.0,0.0
2026-02-06 05:00:00+00:00,0.004517254556059128,0.00883738228531757,0.0,0.0
2026-02-06 06:00:00+00:00,0.001827826855660209,0.0019599219609964277,0.0,0.0
2026-02-06 07:00:00+00:00,0.0020296309745170237,0.01875567050446418,0.0,0.0
2026-02-06 08:00:00+00:00,0.004531806988070369,0.00649852839635437,0.0,0.0
2026-02-06 09:00:00+00:00,0.0008804520426403993,0.00931694836830099,0.0,0.0
2026-02-06 10:00:00+00:00,0.00028178926799310916,0.004431472497664419,0.0,0.0
2026-02-06 11:00:00+00:00,0.0002672760730317287,0.00640126472486852,0.0,0.0
2026-02-06 12:00:00+00:00,0.0002017251871968077,0.01714366056209794,0.0,0.0
2026-02-06 13:00:00+00:00,6.733800699267768e-05,0.0068423617475503505,0.0,0.0
2026-02-06 14:00:00+00:00,8.323792527591531e-05,0.008577555367835396,0.0,0.0
2026-02-06 15:00:00+00:00,5.552296521509076e-05,0.0018277627098485457,0.0,0.0
2026-02-06 16:00:00+00:00,2.5704737078510097e-05,0.0062655019236164495,0.0,0.0
2026-02-06 17:00:00+00:00,6.08430556213893e-06,0.0012632910133976067,0.0,0.0
2026-02-06 18:00:00+00:00,0.0001376975955447192,0.005600292100473212,0.0,0.0
2026-02-06 19:00:00+00:00,1.1590711523817368e-05,0.006596434775651506,0.0,0.0
2026-02-06 20:00:00+00:00,1.4440833229627579e-05,0.004025335726654236,0.0,0.0
2026-02-06 21:00:00+00:00,9.422263320015543e-06,0.004637815534921135,0.0,0.0
2026-02-06 22:00:00+00:00,3.1942218086488897e-06,0.0033951894845547018,0.0,0.0
2026-02-06 23:00:00+00:00,1.526849237694396e-05,0.0015038963682676265,0.0,0.0
2026-02-07 00:00:00+00:00,0.0002550435490917534,0.014882687602855856,0.0,0.0
2026-02-07 01:00:00+00:00,9.802128572004337e-05,0.004770616139003079,0.0,0.0
2026-02-07 02:00:00+00:00,0.000355461419986658,0.00503329470426946,0.0,0.0
2026-02-07 03:00:00+00:00,0.00010498157253345816,0.004667350675878324,0.0,0.0
2026-02-07 04:00:00+00:00,0.0007070678085231789,0.022834273444848396,0.0,0.0
2026-02-07 05:00:00+00:00,0.004147168491509433,0.010371481786612903,0.0,0.0
2026-02-07 06:00:00+00:00,0.0030418491718684527,0.029396368267370205,0.0,0.0
2026-02-07 07:00:00+00:00,0.00932907781426104,0.020819689910794116,0.0,0.0
2026-02-07 08:00:00+00:00,0.009054155148119088,0.054500306368320796,0.0,0.0
2026-02-07 09:00:00+00:00,0.008048490307892573,0.011780723875648194,0.0,0.0
2026-02-07 10:00:00+00:00,0.015055457864289223,0.02247977612796238,0.0,0.0
2026-02-07 11:00:00+00:00,0.013099914348805813,0.015084487579225371,0.0,0.0
2026-02-07 12:00:00+00:00,0.05198493148092558,0.027660666686452465,0.0,0.0
2026-02-07 13:00:00+00:00,0.015272772912385555,0.006769989469994474,0.0,0.0
2026-02-07 14:00:00+00:00,0.016848826349038445,0.007558950452425758,0.0,0.0
2026-02-07 15:00:00+00:00,0.0278898031671979,0.01684357727201477,0.0,0.0
2026-02-07 16:00:00+00:00,0.014421511733413052,0.005474468169530505,0.0,0.0
2026-02-07 17:00:00+00:00,0.016631383014132545,0.023389736369911183,0.0,0.0
2026-02-07 18:00:00+00:00,0.006085605755923827,0.009815576819072077,0.0,0.0
2026-02-07 19:00:00+00:00,0.004058352393134412,0.008002044744562712,0.0,0.0
2026-02-07 20:00:00+00:00,0.004158108088147927,0.013958434222159291,0.0,0.0
2026-02-07 21:00:00+00:00,0.0022515883818446194,0.010764800316279069,0.0,0.0
2026-02-07 22:00:00+00:00,0.0077588932531917655,0.010965410877801013,0.0,0.0
2026-02-07 23:00:00+00:00,0.010446448598933294,0.022022360060360065,0.0,0.0
2026-02-08 00:00:00+00:00,0.023819310352241715,0.03066528472037203,0.0,0.0
2026-02-08 01:00:00+00:00,0.018291091879515022,0.02241778760927705,0.0,0.0
2026-02-08 02:00:00+00:00,0.012416345332931436,0.020192076955724086,0.0,0.0
2026-02-08 03:00:00+00:00,0.013413146697997513,0.015760811171266702,0.0,0.0
2026-02-08 04:00:00+00:00,0.021184195146414037,0.024803390531036276,0.0,0.0
2026-02-08 05:00:00+00:00,0.01186557760773479,0.018498058559494022,0.0,0.0
2026-02-08 06:00:00+00:00,0.009397872113905763,0.014842521195626032,0.0,0.0
2026-02-08 07:00:00+00:00,0.004804084969065717,0.007538569361672152,0.0,0.0
2026-02-08 08:00:00+00:00,0.008431857410074425,0.005973252606062952,0.0,0.0
2026-02-08 09:00:00+00:00,0.008783205988085255,0.008214588471628837,0.0,0.0
2026-02-08 10:00:00+00:00,0.009299655697841226,0.01964534963503985,0.0,0.0
2026-02-08 11:00:00+00:00,0.006580532952333559,0.008621499114556404,0.0,0.0
2026-02-08 12:00:00+00:00,0.004317919606199288,0.004360576312581506,0.0,0.0
2026-02-08 13:00:00+00:00,0.004286162574776983,0.014981185100951795,0.0,0.0
2026-02-08 14:00:00+00:00,0.003060672466140094,0.006637229150235433,0.0,0.0
2026-02-08 15:00:00+00:00,0.00834831263298136,0.014604662816756474,0.0,0.0
2026-02-08 16:00:00+00:00,0.010375018512499603,0.03344583132114918,0.0,0.0
2026-02-08 17:00:00+00:00,0.003688020758133306,0.016445102728276338,0.0,0.0
2026-02-08 18:00:00+00:00,0.009445420790088166,0.021851944752905934,0.0,0.0
2026-02-08 19:00:00+00:00,0.006445101930621364,0.0104668482541051,0.0,0.0
2026-02-08 20:00:00+00:00,0.02028013898192481,0.023306921347530606,0.0,0.0
2026-02-08 21:00:00+00:00,0.022643724347883698,0.029920841181217534,0.0,0.0
2026-02-08 22:00:00+00:00,0.014443675123527039,0.009935582371297803,0.0,0.0
2026-02-08 23:00:00+00:00,0.048067404017487464,0.029104163586330292,0.0,0.0
2026-02-09 00:00:00+00:00,0.018758244025846544,0.022904828083011083,0.0,0.0
2026-02-09 01:00:00+00:00,0.03775820834552811,0.030630013361977237,0.0,0.0
2026-02-09 02:00:00+00:00,0.046336632291481,0.029438021912705097,0.0,0.0
2026-02-09 03:00:00+00:00,0.038981836734259194,0.01909448149635536,0.0,0.0
2026-02-09 04:00:00+00:00,0.022849916240255414,0.01328185213818481,0.0,0.0
2026-02-09 05:00:00+00:00,0.04024369282415576,0.026926088250016546,0.0,0.0
2026-02-09 06:00:00+00:00,0.0382576259773574,0.02516693037495084,0.0,0.0
2026-02-09 07:00:00+00:00,0.025033116703979067,0.0250139558462594,0.0,0.0
2026-02-09 08:00:00+00:00,0.05994869288498746,0.03834654929408576,0.0,0.0
2026-02-09 09:00:00+00:00,0.039107267123545904,0.049875353724243184,0.0,0.0
2026-02-09 10:00:00+00:00,0.0785785424517395,0.03860548647895695,0.0,0.0
2026-02-09 11:00:00+00:00,0.0752618146554297,0.0405576827684807,0.0,0.0
2026-02-09 12:00:00+00:00,0.061384771023132056,0.016231262814691626,0.0,0.0
2026-02-09 13:00:00+00:00,0.07897793599656001,0.0327488172405172,0.0,0.0
2026-02-09 14:00:00+00:00,0.13216711059717204,0.043763844944728375,0.0,0.0
2026-02-09 15:00:00+00:00,0.09267796627187092,0.025490559765806525,0.0,0.0
2026-02-09 16:00:00+00:00,0.07995910719168083,0.04196765245555784,0.0,0.0
2026-02-09 17:00:00+00:00,0.05755406210675477,0.04079376948041144,0.0,0.0
2026-02-09 18:00:00+00:00,0.02276236144384891,0.010854606942122855,0.0,0.0
2026-02-09 19:00:00+00:00,0.028680896433107905,0.02555258381927041,0.0,0.0
2026-02-09 20:00:00+00:00,0.014491870767121412,0.014989080398977547,0.0,0.0
2026-02-09 21:00:00+00:00,0.025508212752284824,0.034678158635034005,0.0,0.0
2026-02-09 22:00:00+00:00,0.02070238373547043,0.033816783116153964,0.0,0.0
2026-02-09 23:00:00+00:00,0.020346380660399486,0.039481812673525345,0.0,0.0
2026-02-10 00:00:00+00:00,0.026369780469060324,0.05202242377681576,0.0,0.0
2026-02-10 01:00:00+00:00,0.025783483108889088,0.05200188705998845,0.0,0.0
2026-02-10 02:00:00+00:00,0.018544963928731274,0.022013463319393384,0.0,0.0
2026-02-10 03:00:00+00:00,0.07443040127302705,0.0534129267807903,0.0,0.0
2026-02-10 04:00:00+00:00,0.02504829947657038,0.028043487035934834,0.0,0.0
2026-02-10 05:00:00+00:00,0.017800048007662755,0.014285354808342024,0.0,0.0
2026-02-10 06:00:00+00:00,0.058942953509949686,0.05671662379344563,0.0,0.0
2026-02-10 07:00:00+00:00,0.018499231581695388,0.03533030038893867,0.0,0.0
2026-02-10 08:00:00+00:00,0.02201424686039587,0.03996752337689205,0.0,0.0
2026-02-10 09:00:00+00:00,0.03917090190666073,0.03600121457699811,0.0,0.0
2026-02-10 10:00:00+00:00,0.016595671285415184,0.024913228047153815,0.0,0.0
2026-02-10 11:00:00+00:00,0.026781732749860548,0.02430411628176281,0.0,0.0
2026-02-10 12:00:00+00:00,0.050647744268053574,0.07211139160993137,0.0,0.0
2026-02-10 13:00:00+00:00,0.030187935016025735,0.06723856617924148,0.0,0.0
2026-02-10 14:00:00+00:00,0.0577246822830449,0.02370449071876268,0.0,0.0
2026-02-10 15:00:00+00:00,0.03470640200118408,0.05686096174765779,0.0,0.0
2026-02-10 16:00:00+00:00,0.0447963393168462,0.040376544982159306,0.0,0.0
2026-02-10 17:00:00+00:00,0.05395982126114887,0.06837600380446605,0.0,0.0
2026-02-10 18:00:00+00:00,0.04416979098895665,0.02746852989596073,0.0,0.0
2026-02-10 19:00:00+00:00,0.027271971607911838,0.039286579340896376,0.0,0.0
2026-02-10 20:00:00+00:00,0.016035584819663492,0.011196579341245147,0.0,0.0
2026-02-10 21:00:00+00:00,0.016759927436001985,0.030888952687501192,0.0,0.0
2026-02-10 22:00:00+00:00,0.015275362701246695,0.02324691101797625,0.0,0.0
2026-02-10 23:00:00+00:00,0.009848874524202597,0.021030007842815196,0.0,0.0
2026-02-11 00:00:00+00:00,0.009999844677168832,0.01019163545925162,0.0,0.0
2026-02-11 01:00:00+00:00,0.005703167639665575,0.011198335577745307,0.0,0.0
2026-02-11 02:00:00+00:00,0.006371995572446942,0.011770045328821796,0.0,0.0
2026-02-11 03:00:00+00:00,0.014547751107204377,0.013415687598888589,0.0,0.0
2026-02-11 04:00:00+00:00,0.01900177273148927,0.027888122704470882,0.0,0.0
2026-02-11 05:00:00+00:00,0.010996427608465786,0.0192750363919045,0.0,0.0
2026-02-11 06:00:00+00:00,0.017567674953419498,0.025191980548437232,0.0,0.0
2026-02-11 07:00:00+00:00,0.018422221802747062,0.029175646609327643,0.0,0.0
2026-02-11 08:00:00+00:00,0.012235602800154578,0.025015824808067178,0.0,0.0
2026-02-11 09:00:00+00:00,0.01583536135542996,0.04061212174313477,0.0,0.0
2026-02-11 10:00:00+00:00,0.026504915154052084,0.037429332449938235,0.0,0.0
2026-02-11 11:00:00+00:00,0.025815338267370643,0.04842967340375587,0.0,0.0
2026-02-11 12:00:00+00:00,0.014076805026280921,0.03224312659577438,0.0,0.0
2026-02-11 13:00:00+00:00,0.022569768288943647,0.041900702423614156,0.0,0.0
2026-02-11 14:00:00+00:00,0.019842844776052835,0.008672912492959909,0.0,0.0
2026-02-11 15:00:00+00:00,0.023970351989509375,0.021789412213763848,0.0,0.0
2026-02-11 16:00:00+00:00,0.012024448637439409,0.009474642657306952,0.0,0.0
2026-02-11 17:00:00+00:00,0.01524959121559293,0.025955820572974835,0.0,0.0
2026-02-11 18:00:00+00:00,0.011457083406204938,0.04858572643323331,0.0,0.0
2026-02-11 19:00:00+00:00,0.007251347637744936,0.01303799404190246,0.0,0.0
2026-02-11 20:00:00+00:00,0.01571926296755802,0.05333810476841364,0.0,0.0
2026-02-11 21:00:00+00:00,0.01022995175247512,0.024452669395411807,0.0,0.0
2026-02-11 22:00:00+00:00,0.00246841444523524,0.007394988103894984,0.0,0.0
2026-02-11 23:00:00+00:00,0.007038855961028081,0.01990132579408171,0.0,0.0
2026-02-12 00:00:00+00:00,0.0020458674525535886,0.018540512403395545,0.0,0.0
2026-02-12 01:00:00+00:00,0.001664381984156197,0.02094287736604881,0.0,0.0
2026-02-12 02:00:00+00:00,0.0014310833598478667,0.03494124595143633,0.0,0.0
2026-02-12 03:00:00+00:00,0.0011850735135219422,0.03249065268547625,0.0,0.0
2026-02-12 04:00:00+00:00,0.0018706999716853877,0.013606810107590442,0.0,0.0
2026-02-12 05:00:00+00:00,0.0023325428847623714,0.04282736503447907,0.0,0.0
2026-02-12 06:00:00+00:00,0.000710412079624639,0.017866089827533186,0.0,0.0
2026-02-12 07:00:00+00:00,0.0009321796596259271,0.020054370690531096,0.0,0.0
2026-02-12 08:00:00+00:00,0.0017636368628318928,0.05470055421981775,0.0,0.0
2026-02-12 09:00:00+00:00,0.001648255897037697,0.03572413293711608,0.0,0.0
2026-02-12 10:00:00+00:00,0.0010147356270056285,0.03826279860187073,0.0,0.0
2026-02-12 11:00:00+00:00,0.0012834275530437228,0.01684899283085523,0.0,0.0
2026-02-12 12:00:00+00:00,0.0013472731287861317,0.023785846237469863,0.0,0.0
2026-02-12 13:00:00+00:00,0.0027899330655480393,0.02653816320912696,0.0,0.0
2026-02-12 14:00:00+00:00,0.0021987966830742975,0.015008565670695731,0.0,0.0
2026-02-12 15:00:00+00:00,0.004380554808933151,0.027124716594254583,0.0,0.0
2026-02-12 16:00:00+00:00,0.0057157492821961415,0.0075168434858273216,0.0,0.0
2026-02-12 17:00:00+00:00,0.007626254077105927,0.011253676784896442,0.0,0.0
2026-02-12 18:00:00+00:00,0.005339805290120833,0.008557782418233616,0.0,0.0
2026-02-12 19:00:00+00:00,0.008758070577224435,0.026841535149076723,0.0,0.0
2026-02-12 20:00:00+00:00,0.012695292048917242,0.019944973688568315,0.0,0.0
2026-02-12 21:00:00+00:00,0.013520689881187964,0.029299254604273767,0.0,0.0
2026-02-12 22:00:00+00:00,0.00685265814616321,0.009819449167307802,0.0,0.0
2026-02-12 23:00:00+00:00,0.005711779302298618,0.011204014743232987,0.0,0.0
2026-02-13 00:00:00+00:00,0.007325516013753669,0.03313504867849972,0.0,0.0
2026-02-13 01:00:00+00:00,0.004085616374754137,0.022137953585837145,0.0,0.0
2026-02-13 02:00:00+00:00,0.0023050774378549632,0.035777897147630446,0.0,0.0
2026-02-13 03:00:00+00:00,0.0015018625308363409,0.04044580564560502,0.0,0.0
2026-02-13 04:00:00+00:00,0.0008995015604491307,0.03159355842762884,0.0,0.0
2026-02-13 05:00:00+00:00,0.0010101745979788402,0.0159358734763721,0.0,0.0
2026-02-13 06:00:00+00:00,0.0013412950305047519,0.03934621507173922,0.0,0.0
2026-02-13 07:00:00+00:00,0.0010493454506537376,0.024221884982688024,0.0,0.0
2026-02-13 08:00:00+00:00,0.0009879252265422597,0.05353514222315294,0.0,0.0
2026-02-13 09:00:00+00:00,0.0014384096339490025,0.025220057504899206,0.0,0.0
2026-02-13 10:00:00+00:00,0.0007990301570770232,0.02360787648626096,0.0,0.0
2026-02-13 11:00:00+00:00,0.0012177938680513391,0.029744600459632314,0.0,0.0
2026-02-13 12:00:00+00:00,0.0006892533314395291,0.015344624545019342,0.0,0.0
2026-02-13 13:00:00+00:00,0.0012656769184835397,0.03700653985380752,0.0,0.0
2026-02-13 14:00:00+00:00,0.0016113459907222086,0.02504823720905282,0.0,0.0
2026-02-13 15:00:00+00:00,0.0005876586921995927,0.008600799134621947,0.0,0.0
2026-02-13 16:00:00+00:00,0.00016580025703087805,0.0036766486566506794,0.0,0.0
2026-02-13 17:00:00+00:00,0.000219193255990351,0.0048842084008576606,0.0,0.0
2026-02-13 18:00:00+00:00,0.0003584874082076275,0.00869877145186628,0.0,0.0
2026-02-13 19:00:00+00:00,0.0002474895071613934,0.005194637253236945,0.0,0.0
2026-02-13 20:00:00+00:00,0.00017784415896148886,0.008741109188518559,0.0,0.0
2026-02-13 21:00:00+00:00,0.0002444587752979196,0.008075524786893327,0.0,0.0
2026-02-13 22:00:00+00:00,0.0002834643653920333,0.0040414093207873395,0.0,0.0
2026-02-13 23:00:00+00:00,0.00018444753222251825,0.003942313511370585,0.0,0.0
2026-02-14 00:00:00+00:00,0.0007244842582064792,0.004576090049155604,0.0,0.0
2026-02-14 01:00:00+00:00,0.0006388994897261129,0.007982403948362724,0.0,0.0
2026-02-14 02:00:00+00:00,0.0009029843727037847,0.008742427338063291,0.0,0.0
2026-02-14 03:00:00+00:00,0.0010440140325113766,0.005658810970944545,0.0,0.0
2026-02-14 04:00:00+00:00,0.0010048933175658102,0.007917843979808338,0.0,0.0
2026-02-14 05:00:00+00:00,0.0008489934158870722,0.01218974711127252,0.0,0.0
2026-02-14 06:00:00+00:00,0.001146814270000872,0.00670685917264021,0.0,0.0
2026-02-14 07:00:00+00:00,0.001316730890516888,0.009789368018990288,0.0,0.0
2026-02-14 08:00:00+00:00,0.0019957968687186246,0.006606585136321063,0.0,0.0
2026-02-14 09:00:00+00:00,0.0014125638835649657,0.0048959436694061545,0.0,0.0
2026-02-14 10:00:00+00:00,0.002102084931684726,0.006793814471317646,0.0,0.0
2026-02-14 11:00:00+00:00,0.008271647325641179,0.011731135501510276,0.0,0.0
2026-02-14 12:00:00+00:00,0.0038012347101542645,0.01112266122531935,0.0,0.0
2026-02-14 13:00:00+00:00,0.007299570207975235,0.04063450803953464,0.0,0.0
2026-02-14 14:00:00+00:00,0.004835594265972893,0.039821967562777,0.0,0.0
2026-02-14 15:00:00+00:00,0.0033797515804641584,0.013292957529591426,0.0,0.0
2026-02-14 16:00:00+00:00,0.008384443361645092,0.030896984317597104,0.0,0.0
2026-02-14 17:00:00+00:00,0.0035372273768528445,0.012716441681405594,0.0,0.0
2026-02-14 18:00:00+00:00,0.0025808857782161415,0.00392705699582788,0.0,0.0
2026-02-14 19:00:00+00:00,0.005603842783195829,0.010830303892466349,0.0,0.0
2026-02-14 20:00:00+00:00,0.004554769205013094,0.0021100411123092717,0.0,0.0
2026-02-14 21:00:00+00:00,0.007822135771729905,0.006174954100342848,0.0,0.0
2026-02-14 22:00:00+00:00,0.006216861580323738,0.014351085335585203,0.0,0.0
2026-02-14 23:00:00+00:00,0.004637019795875275,0.019133412842040617,0.0,0.0
2026-02-15 00:00:00+00:00,0.013212089043976706,0.018508156248174038,0.0,0.0
2026-02-15 01:00:00+00:00,0.015682187158411718,0.0195856363905535,0.0,0.0
2026-02-15 02:00:00+00:00,0.01020980408510225,0.02248430093334639,0.0,0.0
2026-02-15 03:00:00+00:00,0.020865897381944068,0.023993947640496966,0.0,0.0
2026-02-15 04:00:00+00:00,0.027803470845432204,0.022122881286934366,0.0,0.0
2026-02-15 05:00:00+00:00,0.01548076249887853,0.012870176890182905,0.0,0.0
2026-02-15 06:00:00+00:00,0.022243464338932453,0.012553631227818425,0.0,0.0
2026-02-15 07:00:00+00:00,0.029949789862771335,0.011059746105288691,0.0,0.0
2026-02-15 08:00:00+00:00,0.02623784182640936,0.01515852990875187,0.0,0.0
2026-02-15 09:00:00+00:00,0.012442532669249723,0.015470397016237591,0.0,0.0
2026-02-15 10:00:00+00:00,0.013458628877421644,0.01397561820240144,0.0,0.0
2026-02-15 11:00:00+00:00,0.01100983462772999,0.018235080431841178,0.0,0.0
2026-02-15 12:00:00+00:00,0.013698060753168775,0.028545902087288532,0.0,0.0
2026-02-15 13:00:00+00:00,0.018503388677951316,0.030426003666950575,0.0,0.0
2026-02-15 14:00:00+00:00,0.009965192220646853,0.0366733154082867,0.0,0.0
2026-02-15 15:00:00+00:00,0.010992205804351049,0.04051967232766196,0.0,0.0
2026-02-15 16:00:00+00:00,0.028690326598680232,0.034874356678951064,0.0,0.0
2026-02-15 17:00:00+00:00,0.03260206722877099,0.023543257955451324,0.0,0.0
2026-02-15 18:00:00+00:00,0.02532995062366884,0.04697852556669876,0.0,0.0
2026-02-15 19:00:00+00:00,0.02544627228734179,0.03055806923513509,0.0,0.0
2026-02-15 20:00:00+00:00,0.007351117880856624,0.015615394727883446,0.0,0.0
2026-02-15 21:00:00+00:00,0.015869620594585524,0.0172032698730612,0.0,0.0
2026-02-15 22:00:00+00:00,0.01320450499095662,0.030988971912643725,0.0,0.0
2026-02-15 23:00:00+00:00,0.02767611877983811,0.03704300066047922,0.0,0.0
2026-02-16 00:00:00+00:00,0.018989470148391797,0.03207342536035419,0.0,0.0
2026-02-16 01:00:00+00:00,0.011886276266963198,0.01421388351950618,0.0,0.0
2026-02-16 02:00:00+00:00,0.01327927786449148,0.022934251184185628,0.0,0.0
2026-02-16 03:00:00+00:00,0.012818129266687558,0.029148785094510844,0.0,0.0
2026-02-16 04:00:00+00:00,0.013091919136428931,0.045761068455078956,0.0,0.0
2026-02-16 05:00:00+00:00,0.014450906521829837,0.0345675303409553,0.0,0.0
2026-02-16 06:00:00+00:00,0.012329517560301456,0.038236471664735865,0.0,0.0
2026-02-16 07:00:00+00:00,0.012603716088753802,0.030301284844295336,0.0,0.0
2026-02-16 08:00:00+00:00,0.009083935701241034,0.04010515839675407,0.0,0.0
2026-02-16 09:00:00+00:00,0.006751704438138863,0.03112089771844392,0.0,0.0
2026-02-16 10:00:00+00:00,0.006903036240227021,0.010723361089014283,0.0,0.0
2026-02-16 11:00:00+00:00,0.008430696985639512,0.03779526645803353,0.0,0.0
2026-02-16 12:00:00+00:00,0.008625543513119014,0.048092770217275586,0.0,0.0
2026-02-16 13:00:00+00:00,0.007730875821455599,0.020861110179686556,0.0,0.0
2026-02-16 14:00:00+00:00,0.0048292523541557456,0.028408755226214555,0.0,0.0
2026-02-16 15:00:00+00:00,0.006412223039330434,0.008842105031211788,0.0,0.0
2026-02-16 16:00:00+00:00,0.009877006836323109,0.028020364837124806,0.0,0.0
2026-02-16 17:00:00+00:00,0.012408753452066016,0.03128826979082617,0.0,0.0
2026-02-16 18:00:00+00:00,0.007235791469359872,0.022432112043135968,0.0,0.0
2026-02-16 19:00:00+00:00,0.009604545762873706,0.013220285711358465,0.0,0.0
2026-02-16 20:00:00+00:00,0.008734848007604136,0.029662513203473916,0.0,0.0
2026-02-16 21:00:00+00:00,0.005344766974669998,0.0033040747153694617,0.0,0.0
2026-02-16 22:00:00+00:00,0.013265793248219615,0.01829743688038887,0.0,0.0
2026-02-16 23:00:00+00:00,0.006895046040399653,0.021481433099584325,0.0,0.0
2026-02-17 00:00:00+00:00,0.007001582194228977,0.019953270809433085,0.0,0.0
2026-02-17 01:00:00+00:00,0.005900498043190229,0.02948145115230279,0.0,0.0
2026-02-17 02:00:00+00:00,0.00496318685900258,0.044401968397117415,0.0,0.0
2026-02-17 03:00:00+00:00,0.0038828899485328933,0.01598499456859404,0.0,0.0
2026-02-17 04:00:00+00:00,0.009480670818748276,0.06552390056074052,0.0,0.0
2026-02-17 05:00:00+00:00,0.009136268560631149,0.04251189814077997,0.0,0.0
2026-02-17 06:00:00+00:00,0.004583740447475555,0.029006893282582966,0.0,0.0
2026-02-17 07:00:00+00:00,0.008572455705152039,0.0531566902096521,0.0,0.0
2026-02-17 08:00:00+00:00,0.00609237362821721,0.017715775782928746,0.0,0.0
2026-02-17 09:00:00+00:00,0.0069488878923126135,0.036500782047442316,0.0,0.0
2026-02-17 10:00:00+00:00,0.009663670299656863,0.027490411763380945,0.0,0.0
2026-02-17 11:00:00+00:00,0.006817842443266939,0.039527075608151406,0.0,0.0
2026-02-17 12:00:00+00:00,0.008929229598758155,0.03076563467221849,0.0,0.0
2026-02-17 13:00:00+00:00,0.0058657621553734815,0.04019485045156009,0.0,0.0
2026-02-17 14:00:00+00:00,0.017176848561826625,0.012501563556346225,0.0,0.0
2026-02-17 15:00:00+00:00,0.005068822640183492,0.03653793597128959,0.0,0.0
2026-02-17 16:00:00+00:00,0.010901831456422107,0.016685482646932568,0.0,0.0
2026-02-17 17:00:00+00:00,0.018349978926532607,0.03677931125172277,0.0,0.0
2026-02-17 18:00:00+00:00,0.007486216558949591,0.03130480498717877,0.0,0.0
2026-02-17 19:00:00+00:00,0.006130340083130531,0.0063950594811637675,0.0,0.0
2026-02-17 20:00:00+00:00,0.013717290442433699,0.03659761819368188,0.0,0.0
2026-02-17 21:00:00+00:00,0.0051081907495225355,0.013605105011065072,0.0,0.0
2026-02-17 22:00:00+00:00,0.002433621049137208,0.005274896826068426,0.0,0.0
2026-02-17 23:00:00+00:00,0.006525019219069159,0.01289176672412099,0.0,0.0
2026-02-18 00:00:00+00:00,0.0021547252383984383,0.00930614998384652,0.0,0.0
2026-02-18 01:00:00+00:00,0.004768244208407337,0.01652012035462933,0.0,0.0
2026-02-18 02:00:00+00:00,0.00546446744764614,0.023647267425003213,0.0,0.0
2026-02-18 03:00:00+00:00,0.003699906852407861,0.012003902671574349,0.0,0.0
2026-02-18 04:00:00+00:00,0.0064375735964384735,0.021413389330232725,0.0,0.0
2026-02-18 05:00:00+00:00,0.005582608291121615,0.01740033243764581,0.0,0.0
2026-02-18 06:00:00+00:00,0.006914303609130053,0.027810249545234016,0.0,0.0
2026-02-18 07:00:00+00:00,0.009389055123392604,0.037555357049755975,0.0,0.0
2026-02-18 08:00:00+00:00,0.0036078313962856663,0.013894346023730237,0.0,0.0
2026-02-18 09:00:00+00:00,0.003924808530070299,0.020088413629583537,0.0,0.0
2026-02-18 10:00:00+00:00,0.0025098749809718906,0.012364432737563123,0.0,0.0
2026-02-18 11:00:00+00:00,0.0037688231890909266,0.02981587837355706,0.0,0.0
2026-02-18 12:00:00+00:00,0.0029055820584624817,0.028718978622692154,0.0,0.0
2026-02-18 13:00:00+00:00,0.0038751997756988604,0.023942937196688996,0.0,0.0
2026-02-18 14:00:00+00:00,0.006113284884811728,0.03355874706856022,0.0,0.0
2026-02-18 15:00:00+00:00,0.006704872282606512,0.030676492715355413,0.0,0.0
2026-02-18 16:00:00+00:00,0.0075796506223838435,0.019454945253842282,0.0,0.0
2026-02-18 17:00:00+00:00,0.007978084173819601,0.03830591710383693,0.0,0.0
2026-02-18 18:00:00+00:00,0.01793513985761764,0.018021381550662133,0.0,0.0
2026-02-18 19:00:00+00:00,0.011557575469739055,0.01770621976363991,0.0,0.0
2026-02-18 20:00:00+00:00,0.008362486448162213,0.03425677268451376,0.0,0.0
2026-02-18 21:00:00+00:00,0.004185240682939844,0.022024668089179394,0.0,0.0
2026-02-18 22:00:00+00:00,0.007442836488645751,0.025398705719866174,0.0,0.0
2026-02-18 23:00:00+00:00,0.005075668399242329,0.018990067930585375,0.0,0.0
2026-02-19 00:00:00+00:00,0.0008786732386264081,0.006147577717888522,0.0,0.0
2026-02-19 01:00:00+00:00,0.0035018217580310824,0.02396149940158439,0.0,0.0
2026-02-19 02:00:00+00:00,0.0022671453588054926,0.009780627684174386,0.0,0.0
2026-02-19 03:00:00+00:00,0.0030934672595377146,0.009404388505476343,0.0,0.0
2026-02-19 04:00:00+00:00,0.00290991227123605,0.017878682973410536,0.0,0.0
2026-02-19 05:00:00+00:00,0.00210294642739537,0.02552502357603933,0.0,0.0
2026-02-19 06:00:00+00:00,0.0032172069050269733,0.03222954360561032,0.0,0.0
2026-02-19 07:00:00+00:00,0.0018853361123951744,0.01671803921084356,0.0,0.0
2026-02-19 08:00:00+00:00,0.0015043970495531595,0.023963070199421593,0.0,0.0
2026-02-19 09:00:00+00:00,0.0014682537737137537,0.019206355219230198,0.0,0.0
2026-02-19 10:00:00+00:00,0.0006805996735248111,0.031970134438854214,0.0,0.0
2026-02-19 11:00:00+00:00,0.000737263960226841,0.013976809030539184,0.0,0.0
2026-02-19 12:00:00+00:00,0.0006351861542960714,0.026687326621441132,0.0,0.0
2026-02-19 13:00:00+00:00,0.0014855847506993255,0.017925257812713147,0.0,0.0
2026-02-19 14:00:00+00:00,0.0023101668209381723,0.03587234113978014,0.0,0.0
2026-02-19 15:00:00+00:00,0.002426682353563314,0.03343440319702146,0.0,0.0
2026-02-19 16:00:00+00:00,0.001798973962484039,0.018795526729095385,0.0,0.0
2026-02-19 17:00:00+00:00,0.004155567461461159,0.03312886256207138,0.0,0.0
2026-02-19 18:00:00+00:00,0.002440742678140462,0.013904812505479683,0.0,0.0
2026-02-19 19:00:00+00:00,0.0017050682375270969,0.010112907225797775,0.0,0.0
2026-02-19 20:00:00+00:00,0.0021590865756094643,0.010013434548202802,0.0,0.0
2026-02-19 21:00:00+00:00,0.0010951543639406806,0.004599799211118157,0.0,0.0
2026-02-19 22:00:00+00:00,0.0030174080809446135,0.017992199038533677,0.0,0.0
2026-02-19 23:00:00+00:00,0.0012523941192578894,0.007624126791349109,0.0,0.0
2026-02-20 00:00:00+00:00,0.0013257500692519456,0.015073037169194663,0.0,0.0
2026-02-20 01:00:00+00:00,0.000843421209050486,0.008520351763704128,0.0,0.0
2026-02-20 02:00:00+00:00,0.0008539992823277815,0.007381030598683885,0.0,0.0
2026-02-20 03:00:00+00:00,0.0009007064500967031,0.0049771787252891955,0.0,0.0
2026-02-20 04:00:00+00:00,0.001053437930089768,0.011364900876004072,0.0,0.0
2026-02-20 05:00:00+00:00,0.0029173198107633204,0.020430714529706125,0.0,0.0
2026-02-20 06:00:00+00:00,0.001123598150434211,0.00793432104419089,0.0,0.0
2026-02-20 07:00:00+00:00,0.0009864712266964457,0.011076037111805574,0.0,0.0
2026-02-20 08:00:00+00:00,0.0010757805398982372,0.009240958719332658,0.0,0.0
2026-02-20 09:00:00+00:00,0.0013470216413248874,0.009425667767559124,0.0,0.0
2026-02-20 10:00:00+00:00,0.0010619932176590397,0.016326733157734138,0.0,0.0
2026-02-20 11:00:00+00:00,0.0012585717560074337,0.018868645348304347,0.0,0.0
2026-02-20 12:00:00+00:00,0.0009833858566282389,0.04294230606085977,0.0,0.0
2026-02-20 13:00:00+00:00,0.0028006353260521736,0.02940520015550305,0.0,0.0
2026-02-20 14:00:00+00:00,0.0020596740811858433,0.03935717617442919,0.0,0.0
2026-02-20 15:00:00+00:00,0.006138433739142105,0.031249952569824505,0.0,0.0
2026-02-20 16:00:00+00:00,0.002478257016330908,0.014129277194462421,0.0,0.0
2026-02-20 17:00:00+00:00,0.006384455688022407,0.02797016678398148,0.0,0.0
2026-02-20 18:00:00+00:00,0.005603539795971261,0.016482429919675374,0.0,0.0
2026-02-20 19:00:00+00:00,0.003448488057182087,0.009098937469543496,0.0,0.0
2026-02-20 20:00:00+00:00,0.0043701523782994365,0.03029274835684007,0.0,0.0
2026-02-20 21:00:00+00:00,0.003089814289541132,0.0120977057682758,0.0,0.0
2026-02-20 22:00:00+00:00,0.0038931968109069035,0.011350295096697568,0.0,0.0
2026-02-20 23:00:00+00:00,0.0035534844447443433,0.015176946353586379,0.0,0.0
2026-02-21 00:00:00+00:00,0.007271851366027204,0.028145259445582993,0.0,0.0
2026-02-21 01:00:00+00:00,0.007421687796411409,0.010449836728397074,0.0,0.0
2026-02-21 02:00:00+00:00,0.006952977888769612,0.02144725107060381,0.0,0.0
2026-02-21 03:00:00+00:00,0.009540883774416933,0.023506694726455533,0.0,0.0
2026-02-21 04:00:00+00:00,0.009558707825576766,0.022076824007796564,0.0,0.0
2026-02-21 05:00:00+00:00,0.004749021845965199,0.013452932231161572,0.0,0.0
2026-02-21 06:00:00+00:00,0.005086264740145625,0.019125975930990146,0.0,0.0
2026-02-21 07:00:00+00:00,0.00630472793742452,0.010552377513344433,0.0,0.0
2026-02-21 08:00:00+00:00,0.00844069652917309,0.009940880102193671,0.0,0.0
2026-02-21 09:00:00+00:00,0.00896987988666098,0.009706646477370599,0.0,0.0
2026-02-21 10:00:00+00:00,0.009148151418215391,0.006026612493025954,0.0,0.0
2026-02-21 11:00:00+00:00,0.004954650022519027,0.006484757869927935,0.0,0.0
2026-02-21 12:00:00+00:00,0.012852676772546623,0.010586738157983118,0.0,0.0
2026-02-21 13:00:00+00:00,0.004483755896690383,0.0042618627273228295,0.0,0.0
2026-02-21 14:00:00+00:00,0.009240336574344228,0.011104507136815015,0.0,0.0
2026-02-21 15:00:00+00:00,0.007624731295929238,0.005474039558221026,0.0,0.0
2026-02-21 16:00:00+00:00,0.01152158841144428,0.019008410558239104,0.0,0.0
2026-02-21 17:00:00+00:00,0.008203592116990429,0.010947174840301927,0.0,0.0
2026-02-21 18:00:00+00:00,0.012076977169918691,0.011419310699954116,0.0,0.0
2026-02-21 19:00:00+00:00,0.005121513288139087,0.01014641002203461,0.0,0.0
2026-02-21 20:00:00+00:00,0.009613445283217448,0.018192598282927283,0.0,0.0
2026-02-21 21:00:00+00:00,0.00757050787766968,0.013626591480423535,0.0,0.0
2026-02-21 22:00:00+00:00,0.01076207874485898,0.025488441362879106,0.0,0.0
2026-02-21 23:00:00+00:00,0.004907575323480178,0.03089389772360178,0.0,0.0
2026-02-22 00:00:00+00:00,0.030593819282600233,0.01923234503134972,0.0,0.0
2026-02-22 01:00:00+00:00,0.025854850862131597,0.017253790873986225,0.0,0.0
2026-02-22 02:00:00+00:00,0.022053201391013338,0.02229855554281447,0.0,0.0
2026-02-22 03:00:00+00:00,0.02315282756830353,0.014488741810628564,0.0,0.0
2026-02-22 04:00:00+00:00,0.010823710342335762,0.0057169448538809745,0.0,0.0
2026-02-22 05:00:00+00:00,0.015648536337888704,0.015166225122835142,0.0,0.0
2026-02-22 06:00:00+00:00,0.0172679087719074,0.009870458237286174,0.0,0.0
2026-02-22 07:00:00+00:00,0.012442618785060991,0.01090923146681505,0.0,0.0
2026-02-22 08:00:00+00:00,0.010673165240780325,0.006114955771877951,0.0,0.0
2026-02-22 09:00:00+00:00,0.018786061320684774,0.007769743267572395,0.0,0.0
2026-02-22 10:00:00+00:00,0.01833873844071704,0.005970022173255616,0.0,0.0
2026-02-22 11:00:00+00:00,0.020997181817613075,0.006791198290141301,0.0,0.0
2026-02-22 12:00:00+00:00,0.01697858333680172,0.023064252050049926,0.0,0.0
2026-02-22 13:00:00+00:00,0.019249430624276656,0.033809971230274925,0.0,0.0
2026-02-22 14:00:00+00:00,0.0191897050334915,0.03164242763962768,0.0,0.0
2026-02-22 15:00:00+00:00,0.0322542324632646,0.04401836616075935,0.0,0.0
2026-02-22 16:00:00+00:00,0.015633299081652743,0.032458819954406984,0.0,0.0
2026-02-22 17:00:00+00:00,0.02708051186372686,0.0524473255382408,0.0,0.0
2026-02-22 18:00:00+00:00,0.018099456718695384,0.025542988910642314,0.0,0.0
2026-02-22 19:00:00+00:00,0.010345811575966627,0.026983075053389562,0.0,0.0
2026-02-22 20:00:00+00:00,0.011036903585706801,0.01826159011372296,0.0,0.0
2026-02-22 21:00:00+00:00,0.01925349200047657,0.017422823045574146,0.0,0.0
2026-02-22 22:00:00+00:00,0.017011118529497774,0.016587417801663232,0.0,0.0
2026-02-22 23:00:00+00:00,0.02529595688817302,0.02313961655304235,0.0,0.0
2026-02-23 00:00:00+00:00,0.03261265452425698,0.032623658437477755,0.0,0.0
2026-02-23 01:00:00+00:00,0.07736365526929861,0.007844091128195734,0.0,0.0
2026-02-23 02:00:00+00:00,0.024107745603931488,0.008747713805716407,0.0,0.0
2026-02-23 03:00:00+00:00,0.024874159097025995,0.02068204669052909,0.0,0.0
2026-02-23 04:00:00+00:00,0.03315077096015558,0.02519266986387832,0.0,0.0
2026-02-23 05:00:00+00:00,0.05821459527643952,0.025116090691365053,0.0,0.0
2026-02-23 06:00:00+00:00,0.06420686871653668,0.01890934224746599,0.0,0.0
2026-02-23 07:00:00+00:00,0.07700040678921032,0.033226089866728016,0.0,0.0
2026-02-23 08:00:00+00:00,0.03665171950738099,0.016662544574225502,0.0,0.0
2026-02-23 09:00:00+00:00,0.018160510308439362,0.01093446755309855,0.0,0.0
2026-02-23 10:00:00+00:00,0.02362696184361632,0.0077655585981916755,0.0,0.0
2026-02-23 11:00:00+00:00,0.028115150827374414,0.07242205183831195,0.0,0.0
2026-02-23 12:00:00+00:00,0.02054163812569676,0.04560832403156349,0.0,0.0
2026-02-23 13:00:00+00:00,0.020276057878951117,0.0347384775446073,0.0,0.0
2026-02-23 14:00:00+00:00,0.03308824684826573,0.06443561824643716,0.0,0.0
2026-02-23 15:00:00+00:00,0.024147731066304978,0.04648959303641045,0.0,0.0
2026-02-23 16:00:00+00:00,0.03668896128929549,0.04310787792616704,0.0,0.0
2026-02-23 17:00:00+00:00,0.10407048719345263,0.04921989726337033,0.0,0.0
2026-02-23 18:00:00+00:00,0.044477398852365436,0.036259966685087665,0.0,0.0
2026-02-23 19:00:00+00:00,0.10733111254750727,0.05479230795858712,0.0,0.0
2026-02-23 20:00:00+00:00,0.10808400048961159,0.05434591852729113,0.0,0.0
2026-02-23 21:00:00+00:00,0.06866838122705406,0.06560281142342762,0.0,0.0
2026-02-23 22:00:00+00:00,0.1278308856051407,0.13440121780495506,0.0,0.0
2026-02-23 23:00:00+00:00,0.08839206896943497,0.07346663609496502,0.0,0.0
2026-02-24 00:00:00+00:00,0.06685911257987438,0.07014270374168599,0.0,0.0
2026-02-24 01:00:00+00:00,0.04655962004010222,0.05513053844140355,0.0,0.0
2026-02-24 02:00:00+00:00,0.022571970094044044,0.058040539137935575,0.0,0.0
2026-02-24 03:00:00+00:00,0.04103522784831337,0.04011014522296207,0.0,0.0
2026-02-24 04:00:00+00:00,0.036766532558604806,0.05014756268629353,0.0,0.0
2026-02-24 05:00:00+00:00,0.04929152100766804,0.02713154148128728,0.0,0.0
2026-02-24 06:00:00+00:00,0.022907178061492426,0.03586952032583394,0.0,0.0
2026-02-24 07:00:00+00:00,0.02328225107629056,0.03112615646637656,0.0,0.0
2026-02-24 08:00:00+00:00,0.02056788089418175,0.026575293328192473,0.0,0.0
2026-02-24 09:00:00+00:00,0.01616295793411687,0.026648133177776836,0.0,0.0
2026-02-24 10:00:00+00:00,0.019542853674391746,0.033274763104700185,0.0,0.0
2026-02-24 11:00:00+00:00,0.009549509894511896,0.027039525230096322,0.0,0.0
2026-02-24 12:00:00+00:00,0.01051347948982232,0.02174268829557688,0.0,0.0
2026-02-24 13:00:00+00:00,0.013289128468152783,0.0563069439899605,0.0,0.0
2026-02-24 14:00:00+00:00,0.018498643373637682,0.05894357680441183,0.0,0.0
2026-02-24 15:00:00+00:00,0.01218832315368503,0.07407349370205302,0.0,0.0
2026-02-24 16:00:00+00:00,0.01297853923676733,0.061309396618699365,0.0,0.0
2026-02-24 17:00:00+00:00,0.012776255890668546,0.0705108231037664,1.0,0.0
2026-02-24 18:00:00+00:00,0.013816127366939537,0.07150501771218237,1.0,0.0
2026-02-24 19:00:00+00:00,0.008799912399901562,0.05322085608498502,1.0,0.0
2026-02-24 20:00:00+00:00,0.005432630520291512,0.04262274937410004,1.0,0.0
2026-02-24 21:00:00+00:00,0.008830025920997098,0.04798907948625739,1.0,0.0
2026-02-24 22:00:00+00:00,0.009555592596184269,0.059551915201965046,0.0,0.0
2026-02-24 23:00:00+00:00,0.011707737877260954,0.039377018617899044,0.0,0.0
2026-02-25 00:00:00+00:00,0.005921708222189817,0.025740424580671096,0.0,0.0
2026-02-25 01:00:00+00:00,0.007142415975428816,0.015872759546870462,0.0,0.0
2026-02-25 02:00:00+00:00,0.0035132656995966317,0.008177769986399632,0.0,0.0
2026-02-25 03:00:00+00:00,0.00513987176553569,0.016124749162063738,0.0,0.0
2026-02-25 04:00:00+00:00,0.003958432878160993,0.02947207381532532,0.0,0.0
2026-02-25 05:00:00+00:00,0.004137030562214525,0.022101519358905402,0.0,0.0
2026-02-25 06:00:00+00:00,0.0024597809799504398,0.04821780652852508,0.0,0.0
2026-02-25 07:00:00+00:00,0.0015084525493919718,0.021943691286355763,0.0,0.0
2026-02-25 08:00:00+00:00,0.0020729590699315064,0.02559005399529653,0.0,0.0
2026-02-25 09:00:00+00:00,0.002605854182595582,0.005965035879349707,0.0,0.0
2026-02-25 10:00:00+00:00,0.002179472671531899,0.004953602597544825,0.0,0.0
2026-02-25 11:00:00+00:00,0.013320422430906281,0.021992291016257087,0.0,0.0
2026-02-25 12:00:00+00:00,0.01679733273715669,0.03011981797861937,0.0,0.0
2026-02-25 13:00:00+00:00,0.014149289154848019,0.0381007457960592,0.0,0.0
2026-02-25 14:00:00+00:00,0.009108920725866295,0.02157698775031854,0.0,0.0
2026-02-25 15:00:00+00:00,0.008749775366611012,0.022568264453569797,0.0,0.0
2026-02-25 16:00:00+00:00,0.006769283590472279,0.014172820381798132,0.0,0.0
2026-02-25 17:00:00+00:00,0.006012696026852161,0.021143777366333317,0.0,0.0
2026-02-25 18:00:00+00:00,0.0052269086215650865,0.01794902112238081,0.0,0.0
2026-02-25 19:00:00+00:00,0.004483618649383581,0.03089521702984019,0.0,0.0
2026-02-25 20:00:00+00:00,0.007371734801495594,0.04508463444293533,0.0,0.0
2026-02-25 21:00:00+00:00,0.011288156311325029,0.05225028715810756,0.0,0.0
2026-02-25 22:00:00+00:00,0.01782347402660318,0.05246607277083067,0.0,0.0
2026-02-25 23:00:00+00:00,0.014977654789233366,0.04141198980184041,0.0,0.0
2026-02-26 00:00:00+00:00,0.005426123623874846,0.023228411455522097,0.0,0.0
2026-02-26 01:00:00+00:00,0.002270504522262256,0.011129769007361004,0.0,0.0
2026-02-26 02:00:00+00:00,0.007877381104232022,0.01751178525614714,0.0,0.0
2026-02-26 03:00:00+00:00,0.005601091859914105,0.011622271798527664,0.0,0.0
2026-02-26 04:00:00+00:00,0.012362900410863931,0.020584961543266885,0.0,0.0
2026-02-26 05:00:00+00:00,0.010860183140748119,0.012158040795587454,0.0,0.0
2026-02-26 06:00:00+00:00,0.009113009826105375,0.022378798245876966,0.0,0.0
2026-02-26 07:00:00+00:00,0.01262732412361476,0.025835428267506715,0.0,0.0
2026-02-26 08:00:00+00:00,0.014241678897416607,0.05158386065535342,0.0,0.0
2026-02-26 09:00:00+00:00,0.018405951604187,0.045146675056608,0.0,0.0
2026-02-26 10:00:00+00:00,0.015766467561844206,0.02051255708650391,0.0,0.0
2026-02-26 11:00:00+00:00,0.026297518093713505,0.04220733103815814,0.0,0.0
2026-02-26 12:00:00+00:00,0.035872339002428096,0.04122674952034562,0.0,0.0
2026-02-26 13:00:00+00:00,0.0297489973799792,0.0338881494926189,0.0,0.0
2026-02-26 14:00:00+00:00,0.07853115171053195,0.06241336640299685,0.0,0.0
2026-02-26 15:00:00+00:00,0.05673468598913542,0.027451117238471875,0.0,0.0
2026-02-26 16:00:00+00:00,0.04590166546320947,0.008678757603958193,0.0,0.0
2026-02-26 17:00:00+00:00,0.029177328549634302,0.013656332298667818,0.0,0.0
2026-02-26 18:00:00+00:00,0.05081801101415833,0.019239562868165506,0.0,0.0
2026-02-26 19:00:00+00:00,0.05212578408757582,0.027555434372761926,0.0,0.0
2026-02-26 20:00:00+00:00,0.06559569989355239,0.0256804512440771,0.0,0.0
2026-02-26 21:00:00+00:00,0.04502544891180227,0.03323276861918683,0.0,0.0
2026-02-26 22:00:00+00:00,0.043227847120308686,0.017411688032655522,0.0,0.0
2026-02-26 23:00:00+00:00,0.020577090937168273,0.028847590324245345,0.0,0.0
2026-02-27 00:00:00+00:00,0.016827068742531533,0.024547110382312026,0.0,0.0
2026-02-27 01:00:00+00:00,0.01348149090305483,0.0172192295104423,0.0,0.0
2026-02-27 02:00:00+00:00,0.0055605156669752435,0.021826821953497527,0.0,0.0
2026-02-27 03:00:00+00:00,0.011940928000706272,0.03246385482413522,0.0,0.0
2026-02-27 04:00:00+00:00,0.014037281827162733,0.03987893992903787,0.0,0.0
2026-02-27 05:00:00+00:00,0.006360188169731625,0.016447148157461063,0.0,0.0
2026-02-27 06:00:00+00:00,0.009517475481294092,0.02771655574116999,0.0,1.0
2026-02-27 07:00:00+00:00,0.008860289807970897,0.025258418413248173,0.0,1.0
2026-02-27 08:00:00+00:00,0.009958359626789074,0.023889838684998718,0.0,1.0
2026-02-27 09:00:00+00:00,0.010980282846918364,0.02466145064333562,0.0,1.0
2026-02-27 10:00:00+00:00,0.009718834759152918,0.032370822820200866,0.0,0.0
2026-02-27 11:00:00+00:00,0.011252826666245427,0.030511143290658686,0.0,0.0
2026-02-27 12:00:00+00:00,0.00381832139476513,0.020121942564920465,0.0,0.0
2026-02-27 13:00:00+00:00,0.0054340155785850145,0.02303345676758414,0.0,0.0
2026-02-27 14:00:00+00:00,0.009442718074011093,0.03007417192472221,0.0,0.0
2026-02-27 15:00:00+00:00,0.007022112821927619,0.022517902737240972,0.0,0.0
2026-02-27 16:00:00+00:00,0.009643006883173535,0.0187914777401019,0.0,0.0
2026-02-27 17:00:00+00:00,0.016755709121689315,0.020214014650855105,0.0,0.0
2026-02-27 18:00:00+00:00,0.013892214017599177,0.011635656028937949,0.0,0.0
2026-02-27 19:00:00+00:00,0.008796551466776256,0.025335103326142056,0.0,0.0
2026-02-27 20:00:00+00:00,0.006885133961185154,0.024676557531564527,0.0,0.0
2026-02-27 21:00:00+00:00,0.0029846998884141634,0.02866673395365209,0.0,0.0
2026-02-27 22:00:00+00:00,0.01116023606525012,0.02340451729485662,0.0,0.0
2026-02-27 23:00:00+00:00,0.005441023508243069,0.025942539639157113,0.0,0.0
2026-02-28 00:00:00+00:00,0.008188746946281836,0.03325639314534126,0.0,0.0
2026-02-28 01:00:00+00:00,0.008134164197023374,0.0355716659133454,0.0,0.0
2026-02-28 02:00:00+00:00,0.006744017872958547,0.035265023116364196,0.0,0.0
2026-02-28 03:00:00+00:00,0.0061464380537663696,0.03746066724697376,0.0,0.0
2026-02-28 04:00:00+00:00,0.006744205421405935,0.06947930680091106,0.0,0.0
2026-02-28 05:00:00+00:00,0.0036261172147794563,0.044593071446497,0.0,0.0
2026-02-28 06:00:00+00:00,0.04297885349505809,0.01912998982925613,1.0,0.0
2026-02-28 07:00:00+00:00,0.015595233822642584,0.04122008850967467,0.0,0.0
2026-02-28 08:00:00+00:00,0.009695558789985658,0.04537072248753493,0.0,0.0
2026-02-28 09:00:00+00:00,0.018805051315777598,0.03667779076899838,0.0,0.0
2026-02-28 10:00:00+00:00,0.01865889740389048,0.029779091705399066,0.0,0.0
2026-02-28 11:00:00+00:00,0.012376914939391285,0.029503411330822155,0.0,0.0
2026-02-28 12:00:00+00:00,0.015505929791747855,0.01971932836915832,0.0,0.0
2026-02-28 13:00:00+00:00,0.01295893208357096,0.019527583716174177,0.0,0.0
2026-02-28 14:00:00+00:00,0.01843924477267246,0.012360666665962841,0.0,0.0
2026-02-28 15:00:00+00:00,0.01730782565302839,0.04549458598848364,0.0,0.0
2026-02-28 16:00:00+00:00,0.006466232708721029,0.04472948708574422,0.0,0.0
2026-02-28 17:00:00+00:00,0.023223376089611513,0.07093569978868462,0.0,0.0
2026-02-28 18:00:00+00:00,0.017733280054511556,0.09681044055963157,0.0,0.0
2026-02-28 19:00:00+00:00,0.005728493912212431,0.04619420635172789,0.0,0.0
2026-02-28 20:00:00+00:00,0.0066195885653178065,0.05560916739302726,0.0,0.0
2026-02-28 21:00:00+00:00,0.006455289036937219,0.05830936831687625,0.0,0.0
2026-02-28 22:00:00+00:00,0.012903099203197613,0.1221010790276514,0.0,0.0
2026-02-28 23:00:00+00:00,0.009207679188927896,0.05729779742276867,0.0,0.0
2026-03-01 00:00:00+00:00,0.03195568809198109,0.11733664630805646,0.0,0.0
2026-03-01 01:00:00+00:00,0.025635520581082278,0.0749420318219615,0.0,0.0
2026-03-01 02:00:00+00:00,0.012975577960343277,0.05583590995830323,0.0,0.0
2026-03-01 03:00:00+00:00,0.03397031310575214,0.07148042536350002,0.0,0.0
2026-03-01 04:00:00+00:00,0.03698811400769267,0.08448249697878692,0.0,0.0
2026-03-01 05:00:00+00:00,0.027481733065560465,0.07303422786531695,0.0,0.0
2026-03-01 06:00:00+00:00,0.012514034513382434,0.054895143346427734,0.0,0.0
2026-03-01 07:00:00+00:00,0.008277883727426444,0.03168720460088308,0.0,0.0
2026-03-01 08:00:00+00:00,0.014422802174584665,0.059873281401461004,0.0,0.0
2026-03-01 09:00:00+00:00,0.02680756005287967,0.07006851636800886,0.0,0.0
2026-03-01 10:00:00+00:00,0.02004834466123929,0.03472255814881054,0.0,0.0
2026-03-01 11:00:00+00:00,0.015362690879343855,0.04168867210388286,0.0,0.0
2026-03-01 12:00:00+00:00,0.0362194808491532,0.042954028578240266,0.0,0.0
2026-03-01 13:00:00+00:00,0.06775601573021202,0.03585782769661228,0.0,0.0
2026-03-01 14:00:00+00:00,0.038768181753850585,0.026908481375136042,0.0,0.0
2026-03-01 15:00:00+00:00,0.052612485632132534,0.05508612468033719,0.0,0.0
2026-03-01 16:00:00+00:00,0.1176117859655091,0.03186817264413555,0.0,0.0
2026-03-01 17:00:00+00:00,0.12258681113990223,0.06949003401582439,0.0,0.0
2026-03-01 18:00:00+00:00,0.09358459133567178,0.052433534467621924,0.0,0.0
2026-03-01 19:00:00+00:00,0.06710058944448209,0.07496963811265771,0.0,0.0
2026-03-01 20:00:00+00:00,0.12491735864300464,0.034389322907863944,1.0,0.0
2026-03-01 21:00:00+00:00,0.09279219095487501,0.03851323167368765,0.0,0.0
2026-03-01 22:00:00+00:00,0.19344060069249128,0.04617487060924844,1.0,0.0
2026-03-01 23:00:00+00:00,0.1600774778823766,0.05072149779972526,0.0,0.0
2026-03-02 00:00:00+00:00,0.16159168012342404,0.02974779774615477,0.0,0.0
2026-03-02 01:00:00+00:00,0.09701907287437188,0.027981442127350428,0.0,0.0
2026-03-02 02:00:00+00:00,0.14309462508664034,0.04463769863287751,0.0,0.0
2026-03-02 03:00:00+00:00,0.10924634291209455,0.036483609298567705,0.0,0.0
2026-03-02 04:00:00+00:00,0.08560487558114745,0.027270399333778093,0.0,0.0
2026-03-02 05:00:00+00:00,0.07711905218665642,0.042899104795980525,0.0,0.0
2026-03-02 06:00:00+00:00,0.09172713393415893,0.045169761993372616,0.0,0.0
2026-03-02 07:00:00+00:00,0.11479611000549768,0.07026258560662851,0.0,0.0
2026-03-02 08:00:00+00:00,0.09027024107496039,0.06671994764486504,0.0,0.0
2026-03-02 09:00:00+00:00,0.07338134672375995,0.053261272050842134,0.0,0.0
2026-03-02 10:00:00+00:00,0.11927199193822881,0.0848828015450902,0.0,0.0
2026-03-02 11:00:00+00:00,0.08686582987913916,0.04034055447246862,0.0,0.0
2026-03-02 12:00:00+00:00,0.13180745936366264,0.06228350428424961,0.0,0.0
2026-03-02 13:00:00+00:00,0.14555161154540588,0.07145309616182213,0.0,0.0
2026-03-02 14:00:00+00:00,0.05845778400801804,0.013264194632965886,0.0,0.0
2026-03-02 15:00:00+00:00,0.025666116948271506,0.012595945545952615,0.0,0.0
2026-03-02 16:00:00+00:00,0.015000051719115342,0.01245557378159369,0.0,0.0
2026-03-02 17:00:00+00:00,0.03311064426202548,0.02332184950175573,0.0,0.0
2026-03-02 18:00:00+00:00,0.03441128543485555,0.06437583953336636,0.0,0.0
2026-03-02 19:00:00+00:00,0.01876818212344113,0.04839488132132577,0.0,0.0
2026-03-02 20:00:00+00:00,0.012645931214983558,0.02622086586170706,0.0,0.0
2026-03-02 21:00:00+00:00,0.009990152339576447,0.027651087887671854,0.0,0.0
2026-03-02 22:00:00+00:00,0.01371498222720654,0.026606410571307287,0.0,0.0
2026-03-02 23:00:00+00:00,0.022242480042810316,0.02212941131686308,0.0,0.0
2026-03-03 00:00:00+00:00,0.060541686847173704,0.03233217693664319,0.0,0.0
2026-03-03 01:00:00+00:00,0.042451201632161095,0.054452421306111054,0.0,0.0
2026-03-03 02:00:00+00:00,0.07030335617165967,0.09916944246066016,0.0,0.0
2026-03-03 03:00:00+00:00,0.06480426436947295,0.08019547630700274,0.0,0.0
2026-03-03 04:00:00+00:00,0.06040592337111613,0.0753127373534971,0.0,0.0
2026-03-03 05:00:00+00:00,0.10415785951327862,0.07940035106388411,0.0,0.0
2026-03-03 06:00:00+00:00,0.06355788541420529,0.05648263550810432,0.0,0.0
2026-03-03 07:00:00+00:00,0.06558047718415176,0.08243669752101505,0.0,0.0
2026-03-03 08:00:00+00:00,0.1325807099291825,0.046942364896404166,0.0,0.0
2026-03-03 09:00:00+00:00,0.15234426905273252,0.09321497550457832,1.0,0.0
2026-03-03 10:00:00+00:00,0.1953325462323634,0.08446147372129316,1.0,0.0
2026-03-03 11:00:00+00:00,0.2124537922162167,0.0687899353054121,1.0,0.0
2026-03-03 12:00:00+00:00,0.21971723218361802,0.055411527640254976,0.0,0.0
2026-03-03 13:00:00+00:00,0.22089036496258738,0.04435538192058743,1.0,0.0
2026-03-03 14:00:00+00:00,0.20754868108427546,0.05294203140679521,1.0,0.0
2026-03-03 15:00:00+00:00,0.17844558551093026,0.028470753701535262,1.0,0.0
2026-03-03 16:00:00+00:00,0.10103757695695821,0.02017468898520484,1.0,0.0
2026-03-03 17:00:00+00:00,0.047280740075078646,0.015460936667740977,1.0,0.0
2026-03-03 18:00:00+00:00,0.09139981771827622,0.03059761488830737,1.0,0.0
2026-03-03 19:00:00+00:00,0.08990718469175385,0.04824784646876756,1.0,0.0
2026-03-03 20:00:00+00:00,0.07751332496906431,0.04870217660381989,1.0,0.0
2026-03-03 21:00:00+00:00,0.06162412985632501,0.024372922022359005,1.0,0.0
2026-03-03 22:00:00+00:00,0.07367750923051412,0.0394325645898417,1.0,0.0
2026-03-03 23:00:00+00:00,0.06643301693271647,0.03894713533198497,1.0,0.0
2026-03-04 00:00:00+00:00,0.057418984838777165,0.04722847415470883,1.0,0.0
2026-03-04 01:00:00+00:00,0.08374237353240503,0.07823794677279446,1.0,0.0
2026-03-04 02:00:00+00:00,0.06679913854920065,0.05911886292819111,1.0,0.0
2026-03-04 03:00:00+00:00,0.10769711101897055,0.08431962871636373,1.0,0.0
2026-03-04 04:00:00+00:00,0.06540227405375683,0.09435996559178587,1.0,0.0
2026-03-04 05:00:00+00:00,0.061492053523717595,0.0819445125096357,1.0,0.0
2026-03-04 06:00:00+00:00,0.0597214603289823,0.05187692726355262,0.0,0.0
2026-03-04 07:00:00+00:00,0.04555213018723067,0.026302216631227695,0.0,0.0
2026-03-04 08:00:00+00:00,0.014742198388193165,0.0096600536239572,0.0,0.0
2026-03-04 09:00:00+00:00,0.006685488269856633,0.010391267407164746,0.0,0.0
2026-03-04 10:00:00+00:00,0.009937894250068115,0.012612439753031652,0.0,0.0
2026-03-04 11:00:00+00:00,0.010386741770391722,0.02309555906365134,0.0,0.0
2026-03-04 12:00:00+00:00,0.014249879590765548,0.03706638855463063,0.0,0.0
2026-03-04 13:00:00+00:00,0.0048818479266638974,0.020067678100169368,0.0,0.0
2026-03-04 14:00:00+00:00,0.0036821308326560613,0.01627832650859607,0.0,0.0
2026-03-04 15:00:00+00:00,0.0020729490219651707,0.008708282908125819,0.0,0.0
2026-03-04 16:00:00+00:00,0.004170395434504908,0.014527187296840374,0.0,0.0
2026-03-04 17:00:00+00:00,0.009219346367827485,0.01962233166474887,0.0,0.0
2026-03-04 18:00:00+00:00,0.007250424984396609,0.03507502290829689,0.0,0.0
2026-03-04 19:00:00+00:00,0.007618758232493798,0.01024635690202951,0.0,0.0
2026-03-04 20:00:00+00:00,0.006855785266144433,0.02424127520921536,0.0,0.0
2026-03-04 21:00:00+00:00,0.004096725971277004,0.0276252052925971,0.0,0.0
2026-03-04 22:00:00+00:00,0.008761188221027933,0.042193075480131126,0.0,0.0
2026-03-04 23:00:00+00:00,0.008899938360847022,0.020964346509735055,0.0,0.0
2026-03-05 00:00:00+00:00,0.0011076284850251028,0.008770879254947087,0.0,0.0
2026-03-05 01:00:00+00:00,0.003804275345856037,0.024711005421680855,0.0,0.0
2026-03-05 02:00:00+00:00,0.006325559733062049,0.03319931411366459,0.0,0.0
2026-03-05 03:00:00+00:00,0.0023994752027476003,0.019102137531421443,0.0,0.0
2026-03-05 04:00:00+00:00,0.012559060669244915,0.03144098568283088,0.0,0.0
2026-03-05 05:00:00+00:00,0.01848842599659488,0.03407828668814832,0.0,0.0
2026-03-05 06:00:00+00:00,0.025703657538806785,0.04777635842652259,0.0,0.0
2026-03-05 07:00:00+00:00,0.03477278557074791,0.037291478381315676,0.0,0.0
2026-03-05 08:00:00+00:00,0.03536619399157271,0.05112238943989278,0.0,0.0
2026-03-05 09:00:00+00:00,0.029784035549611898,0.03089396218297334,0.0,0.0
2026-03-05 10:00:00+00:00,0.027391512812612318,0.019086234727018456,0.0,0.0
2026-03-05 11:00:00+00:00,0.04113644609837677,0.013629405452909102,0.0,0.0
2026-03-05 12:00:00+00:00,0.042535093903517,0.025933528052448696,0.0,0.0
2026-03-05 13:00:00+00:00,0.04699473903210028,0.013083054018585607,0.0,0.0
2026-03-05 14:00:00+00:00,0.05612344355476586,0.04263217899072474,0.0,1.0
2026-03-05 15:00:00+00:00,0.044409779058837084,0.008777907933134035,0.0,0.0
2026-03-05 16:00:00+00:00,0.021483736990856202,0.01787740589141207,0.0,0.0
2026-03-05 17:00:00+00:00,0.01806608785402519,0.004956903489890741,0.0,0.0
2026-03-05 18:00:00+00:00,0.0078008494960554965,0.008047141579090564,0.0,0.0
2026-03-05 19:00:00+00:00,0.011868653749518615,0.0041687940626825605,0.0,0.0
2026-03-05 20:00:00+00:00,0.014266998558316459,0.021473107525262342,0.0,0.0
2026-03-05 21:00:00+00:00,0.019791736107007334,0.009044361903881732,0.0,0.0
2026-03-05 22:00:00+00:00,0.015714144812100445,0.020816262594749155,0.0,0.0
2026-03-05 23:00:00+00:00,0.032316118348736746,0.01677690331763003,0.0,0.0
2026-03-06 00:00:00+00:00,0.005702269206390389,0.013563202311414738,0.0,0.0
2026-03-06 01:00:00+00:00,0.013917243307327081,0.016608266126776718,0.0,0.0
2026-03-06 02:00:00+00:00,0.005965554271861823,0.02171322994426458,0.0,0.0
2026-03-06 03:00:00+00:00,0.0038652427938846707,0.04259614971517172,0.0,0.0
2026-03-06 04:00:00+00:00,0.00786447821005262,0.042597680460958236,0.0,0.0
2026-03-06 05:00:00+00:00,0.004685789051116093,0.05498274387035273,0.0,0.0
2026-03-06 06:00:00+00:00,0.004031631902196649,0.02723965396516227,0.0,0.0
2026-03-06 07:00:00+00:00,0.00484451064239252,0.03442516439840553,0.0,0.0
2026-03-06 08:00:00+00:00,0.003151224359815871,0.016204124833946076,0.0,0.0
2026-03-06 09:00:00+00:00,0.004084034899017307,0.026913913231665736,0.0,0.0
2026-03-06 10:00:00+00:00,0.0019275789592209608,0.01204470560218422,0.0,0.0
2026-03-06 11:00:00+00:00,0.002065862055637337,0.017448082571867907,0.0,0.0
2026-03-06 12:00:00+00:00,0.00360142872000742,0.025985621187448144,0.0,0.0
2026-03-06 13:00:00+00:00,0.004544518622369184,0.010379162284512402,0.0,0.0
2026-03-06 14:00:00+00:00,0.005644551187369485,0.01031679179930215,0.0,0.0
2026-03-06 15:00:00+00:00,0.0023927056476161783,0.008544577074000699,0.0,0.0
2026-03-06 16:00:00+00:00,0.0012872403657733069,0.00893568759491122,0.0,0.0
2026-03-06 17:00:00+00:00,0.0022809474996348476,0.01482629531194568,0.0,0.0
2026-03-06 18:00:00+00:00,0.00204371124821205,0.011658004959950603,0.0,0.0
2026-03-06 19:00:00+00:00,0.0011834348968708679,0.014563198491398482,0.0,0.0
2026-03-06 20:00:00+00:00,0.0017206677224687105,0.014239477153973085,0.0,0.0
2026-03-06 21:00:00+00:00,0.0020170308355043926,0.018008174990605984,0.0,0.0
2026-03-06 22:00:00+00:00,0.0007462488725083341,0.011366460268035145,0.0,0.0
2026-03-06 23:00:00+00:00,0.0012881871583961659,0.022190215532480472,0.0,0.0
2026-03-07 00:00:00+00:00,0.0026493907748281736,0.05265654617212065,0.0,0.0
2026-03-07 01:00:00+00:00,0.0011312370253495072,0.03154900980356975,0.0,0.0
2026-03-07 02:00:00+00:00,0.0015402091469825603,0.027081211503388974,0.0,0.0
2026-03-07 03:00:00+00:00,0.001477548321350319,0.044994315057716776,0.0,0.0
2026-03-07 04:00:00+00:00,0.0007452213135737059,0.04349319168625668,0.0,0.0
2026-03-07 05:00:00+00:00,0.0004964843038205779,0.042691710957973424,0.0,0.0
2026-03-07 06:00:00+00:00,0.0003630030841045198,0.028895787317036483,0.0,0.0
2026-03-07 07:00:00+00:00,0.00033942387726722625,0.026414160181539845,0.0,0.0
2026-03-07 08:00:00+00:00,0.00029287015975563844,0.02031876571422713,0.0,0.0
2026-03-07 09:00:00+00:00,0.00023861130610434208,0.024258442131495025,0.0,0.0
2026-03-07 10:00:00+00:00,0.00023037171195016583,0.013673221718707182,0.0,0.0
2026-03-07 11:00:00+00:00,0.0002923579501058779,0.026922194426113693,0.0,0.0
2026-03-07 12:00:00+00:00,0.0002805969004038117,0.01854010587082535,0.0,0.0
2026-03-07 13:00:00+00:00,0.0001358155331906624,0.021468601140831517,0.0,0.0
2026-03-07 14:00:00+00:00,0.0001313097903434806,0.01641069885516099,0.0,0.0
2026-03-07 15:00:00+00:00,0.00017780358460831928,0.025161994072225247,0.0,0.0
2026-03-07 16:00:00+00:00,8.921290651235116e-05,0.02024246102274753,0.0,0.0
2026-03-07 17:00:00+00:00,5.412677435171293e-05,0.010037900022346908,0.0,0.0
2026-03-07 18:00:00+00:00,0.0001849885367736732,0.04358026156369906,0.0,0.0
2026-03-07 19:00:00+00:00,0.00041125167482730754,0.05025710805741085,0.0,0.0
2026-03-07 20:00:00+00:00,0.00024535979304702785,0.024778186440743418,0.0,0.0
2026-03-07 21:00:00+00:00,0.000300965097253172,0.030556580958950707,0.0,0.0
2026-03-07 22:00:00+00:00,0.0005238165235580361,0.054945906336013685,0.0,0.0
2026-03-07 23:00:00+00:00,0.00025501940927281577,0.027106454045774175,0.0,0.0
2026-03-08 00:00:00+00:00,0.002574206109242879,0.054945314780233234,0.0,0.0
2026-03-08 01:00:00+00:00,0.0025912864960526156,0.03494203370755752,0.0,0.0
2026-03-08 02:00:00+00:00,0.0036810674043690843,0.05869926168806507,0.0,0.0
2026-03-08 03:00:00+00:00,0.0032121465373903084,0.0547418480078202,0.0,0.0
2026-03-08 04:00:00+00:00,0.006181606210595716,0.05240704355731637,0.0,0.0
2026-03-08 05:00:00+00:00,0.005794711375994587,0.03354922184572073,0.0,0.0
2026-03-08 06:00:00+00:00,0.001949745051997911,0.029310349693548714,0.0,0.0
2026-03-08 07:00:00+00:00,0.00622079577099791,0.05164707415244396,0.0,0.0
2026-03-08 08:00:00+00:00,0.005156207317014421,0.02669786543694283,0.0,0.0
2026-03-08 09:00:00+00:00,0.007475794795642092,0.02711315953992338,0.0,0.0
2026-03-08 10:00:00+00:00,0.006382577546298461,0.0208688179883178,0.0,0.0
2026-03-08 11:00:00+00:00,0.006212125791120744,0.020523025128520094,0.0,0.0
2026-03-08 12:00:00+00:00,0.005549307371104507,0.057563716839899616,0.0,0.0
2026-03-08 13:00:00+00:00,0.006457454692254978,0.05168301094998296,0.0,0.0
2026-03-08 14:00:00+00:00,0.0044526232881830765,0.044528580838089325,0.0,0.0
2026-03-08 15:00:00+00:00,0.006137980633351457,0.07088685370537935,0.0,0.0
2026-03-08 16:00:00+00:00,0.006376152620617674,0.05447068831490289,0.0,0.0
2026-03-08 17:00:00+00:00,0.007599589911799738,0.04448911385894284,0.0,0.0
2026-03-08 18:00:00+00:00,0.006764490555888442,0.05009533318378179,0.0,0.0
2026-03-08 19:00:00+00:00,0.012053588066967743,0.04348876408341721,0.0,0.0
2026-03-08 20:00:00+00:00,0.030216602884999767,0.07571794555417301,0.0,0.0
2026-03-08 21:00:00+00:00,0.031179158869714906,0.08580106144065786,0.0,0.0
2026-03-08 22:00:00+00:00,0.04651667374620061,0.05313286137315324,0.0,0.0
2026-03-08 23:00:00+00:00,0.01728422373926908,0.05340019261864615,0.0,0.0
2026-03-09 00:00:00+00:00,0.042510721446542436,0.03881168552688553,0.0,0.0
2026-03-09 01:00:00+00:00,0.05704712641365415,0.06412566840155791,0.0,0.0
2026-03-09 02:00:00+00:00,0.0686433997614677,0.06396580821985837,0.0,0.0
2026-03-09 03:00:00+00:00,0.07517783650324876,0.02881806079210732,0.0,0.0
2026-03-09 04:00:00+00:00,0.0501825817966158,0.037919304779313386,0.0,0.0
2026-03-09 05:00:00+00:00,0.0739925976436851,0.04587329928900924,0.0,0.0
2026-03-09 06:00:00+00:00,0.05209971689719067,0.014965728088071908,0.0,0.0
2026-03-09 07:00:00+00:00,0.04490198406818873,0.03685817033464018,0.0,0.0
2026-03-09 08:00:00+00:00,0.031517939905120355,0.034613575337165865,0.0,0.0
2026-03-09 09:00:00+00:00,0.04018802847857791,0.06411517942931656,0.0,0.0
2026-03-09 10:00:00+00:00,0.035176254044630324,0.0351006633514294,0.0,0.0
2026-03-09 11:00:00+00:00,0.03384228655965924,0.04173878736375181,0.0,0.0
2026-03-09 12:00:00+00:00,0.024131195840956566,0.06490207630397397,0.0,0.0
2026-03-09 13:00:00+00:00,0.040208384912670876,0.06974393713162337,0.0,0.0
2026-03-09 14:00:00+00:00,0.02194600640890702,0.04942381438727977,0.0,0.0
2026-03-09 15:00:00+00:00,0.04204654508150293,0.03825451225021867,0.0,0.0
2026-03-09 16:00:00+00:00,0.04148050153959249,0.08264913580254309,0.0,0.0
2026-03-09 17:00:00+00:00,0.03981074497442702,0.06829135822023252,0.0,0.0
2026-03-09 18:00:00+00:00,0.03759829916732671,0.07688779502728861,0.0,0.0
2026-03-09 19:00:00+00:00,0.03994225386142288,0.061256142521191936,0.0,0.0
2026-03-09 20:00:00+00:00,0.054385689860208815,0.07681627853844204,0.0,0.0
2026-03-09 21:00:00+00:00,0.063205274617692,0.06557651698172366,0.0,0.0
2026-03-09 22:00:00+00:00,0.06353202524049083,0.044851645881052817,0.0,0.0
2026-03-09 23:00:00+00:00,0.05940198889235338,0.07233395931607894,0.0,0.0
2026-03-10 00:00:00+00:00,0.06465144663990978,0.056232419890309394,0.0,0.0
2026-03-10 01:00:00+00:00,0.04978187089889999,0.04292090327495592,0.0,0.0
2026-03-10 02:00:00+00:00,0.032323016658179445,0.030937277883910333,0.0,0.0
2026-03-10 03:00:00+00:00,0.05375869415942545,0.016556319008918307,0.0,0.0
2026-03-10 04:00:00+00:00,0.07172147965059243,0.05529554314225212,0.0,0.0
2026-03-10 05:00:00+00:00,0.04516236875320501,0.024854071072095665,0.0,0.0
2026-03-10 06:00:00+00:00,0.03040805279591895,0.03125827823360363,0.0,0.0
2026-03-10 07:00:00+00:00,0.024177237054190504,0.03015070754703796,0.0,0.0
2026-03-10 08:00:00+00:00,0.024651905021152633,0.012718181277374618,0.0,0.0
2026-03-10 09:00:00+00:00,0.033763730287391096,0.03325275105373236,0.0,0.0
2026-03-10 10:00:00+00:00,0.032357824060434366,0.0249325733153975,0.0,0.0
2026-03-10 11:00:00+00:00,0.03804362831585143,0.035987241577332,0.0,0.0
2026-03-10 12:00:00+00:00,0.07022277581107486,0.05123711659928059,0.0,0.0
2026-03-10 13:00:00+00:00,0.06959931815801061,0.06027684134804318,0.0,0.0
2026-03-10 14:00:00+00:00,0.0373243156648267,0.012184051199739476,0.0,0.0
2026-03-10 15:00:00+00:00,0.04995090247207918,0.04807251185375013,0.0,0.0
2026-03-10 16:00:00+00:00,0.069049662531179,0.04186223024864602,0.0,0.0
2026-03-10 17:00:00+00:00,0.0944940079401464,0.030293108025178234,0.0,0.0
2026-03-10 18:00:00+00:00,0.07581305918760435,0.05380748716615725,0.0,0.0
2026-03-10 19:00:00+00:00,0.05455239731895314,0.016746944000708367,0.0,0.0
2026-03-10 20:00:00+00:00,0.03643079260972887,0.0304141009941007,0.0,0.0
2026-03-10 21:00:00+00:00,0.06221890834484122,0.02075925495106055,0.0,0.0
2026-03-10 22:00:00+00:00,0.08990174649069284,0.015425896123231331,0.0,0.0
2026-03-10 23:00:00+00:00,0.0986196939789828,0.020199264789203277,0.0,0.0
2026-03-11 00:00:00+00:00,0.11190716252619627,0.036475710447737474,0.0,0.0
2026-03-11 01:00:00+00:00,0.12069963427878311,0.05807907630648335,0.0,0.0
2026-03-11 02:00:00+00:00,0.1108369246843698,0.04807254808323944,0.0,0.0
2026-03-11 03:00:00+00:00,0.09260276909670451,0.05819122666212773,0.0,0.0
2026-03-11 04:00:00+00:00,0.15207377198231808,0.07317791729170103,0.0,0.0
2026-03-11 05:00:00+00:00,0.11693468823888163,0.051362058309515124,0.0,0.0
2026-03-11 06:00:00+00:00,0.11272886266381439,0.06659024978515825,0.0,0.0
2026-03-11 07:00:00+00:00,0.11709479440213484,0.03451059798896028,0.0,0.0
2026-03-11 08:00:00+00:00,0.10203401696697105,0.08771039403428112,0.0,0.0
2026-03-11 09:00:00+00:00,0.11423711660245346,0.038515266001696594,0.0,0.0
2026-03-11 10:00:00+00:00,0.09620160375822469,0.04202187890627901,0.0,0.0
2026-03-11 11:00:00+00:00,0.08926320380274148,0.021607132802980853,0.0,0.0
2026-03-11 12:00:00+00:00,0.10953164470811268,0.037262970389900965,0.0,0.0
2026-03-11 13:00:00+00:00,0.09939823734696245,0.05745491667762542,0.0,0.0
2026-03-11 14:00:00+00:00,0.044713076982725725,0.01757828959674104,0.0,0.0
2026-03-11 15:00:00+00:00,0.07421069442845969,0.04571732345502102,0.0,0.0
2026-03-11 16:00:00+00:00,0.08320078447316172,0.053761817099529756,0.0,0.0
2026-03-11 17:00:00+00:00,0.06367492172174095,0.036926571779166036,0.0,0.0
2026-03-11 18:00:00+00:00,0.028819620688349677,0.03483028214623787,0.0,0.0
2026-03-11 19:00:00+00:00,0.027622705797356734,0.025895453276653328,0.0,0.0
2026-03-11 20:00:00+00:00,0.03576244089050235,0.029470697904152427,0.0,0.0
2026-03-11 21:00:00+00:00,0.03447655955433957,0.028420488383716188,0.0,0.0
2026-03-11 22:00:00+00:00,0.041643948316595424,0.0336059829827245,0.0,0.0
2026-03-11 23:00:00+00:00,0.03825979467685973,0.041733665478289404,0.0,0.0
2026-03-12 00:00:00+00:00,0.01338538970025578,0.03525894994505208,0.0,0.0
2026-03-12 01:00:00+00:00,0.008383925845664669,0.03048882658308949,0.0,0.0
2026-03-12 02:00:00+00:00,0.012701929577500002,0.040713183158514826,0.0,0.0
2026-03-12 03:00:00+00:00,0.007835991359479906,0.033519539588106585,0.0,0.0
2026-03-12 04:00:00+00:00,0.00420986500759512,0.016193589050023917,0.0,0.0
2026-03-12 05:00:00+00:00,0.006187200964623537,0.02110080391205332,0.0,0.0
2026-03-12 06:00:00+00:00,0.007268671394954626,0.021587084130177705,0.0,0.0
2026-03-12 07:00:00+00:00,0.006347213977673891,0.014751339507338554,0.0,0.0
2026-03-12 08:00:00+00:00,0.012636407833539252,0.016013080803237996,0.0,0.0
2026-03-12 09:00:00+00:00,0.016179735067394004,0.01879581938010369,0.0,0.0
2026-03-12 10:00:00+00:00,0.015948752631096973,0.01509294610242791,0.0,0.0
2026-03-12 11:00:00+00:00,0.009262668864376858,0.00684573027769787,0.0,0.0
2026-03-12 12:00:00+00:00,0.008972153745317254,0.015454761785351314,0.0,0.0
2026-03-12 13:00:00+00:00,0.015915993712152837,0.016421604169457028,0.0,0.0
2026-03-12 14:00:00+00:00,0.012735261420417717,0.02217755256615889,0.0,0.0
2026-03-12 15:00:00+00:00,0.0157789886875936,0.025697855932944217,0.0,0.0
2026-03-12 16:00:00+00:00,0.011016605863327464,0.04115965946959468,0.0,0.0
2026-03-12 17:00:00+00:00,0.01046204124261219,0.029354203795379657,0.0,0.0
2026-03-12 18:00:00+00:00,0.017735529668741656,0.018477252318676085,0.0,0.0
2026-03-12 19:00:00+00:00,0.015392443260029661,0.02288447873313908,0.0,0.0
2026-03-12 20:00:00+00:00,0.012996088437295399,0.026430133798372446,0.0,0.0
2026-03-12 21:00:00+00:00,0.006093377254416262,0.02180238859433802,0.0,0.0
2026-03-12 22:00:00+00:00,0.009289587384009956,0.014464405550622977,0.0,0.0
2026-03-12 23:00:00+00:00,0.012531881241712894,0.017837320710985205,0.0,0.0
2026-03-13 00:00:00+00:00,0.018288216942980037,0.021309777099580336,0.0,0.0
2026-03-13 01:00:00+00:00,0.004509846661687374,0.008498953174363442,0.0,0.0
2026-03-13 02:00:00+00:00,0.0064938409298064955,0.013998732869001907,0.0,0.0
2026-03-13 03:00:00+00:00,0.007294587372416363,0.02207772029125434,0.0,0.0
2026-03-13 04:00:00+00:00,0.0036556962477727654,0.018144394321888448,0.0,0.0
2026-03-13 05:00:00+00:00,0.004182525459954927,0.026719860422086142,0.0,0.0
2026-03-13 06:00:00+00:00,0.0037110568196221474,0.019446319117438843,0.0,0.0
2026-03-13 07:00:00+00:00,0.003670044028352967,0.012778161196524815,0.0,0.0
2026-03-13 08:00:00+00:00,0.0056520685609146365,0.01163599558041107,0.0,0.0
2026-03-13 09:00:00+00:00,0.003668850760013554,0.00957197934746329,0.0,0.0
2026-03-13 10:00:00+00:00,0.0039480935086238,0.009130736405524434,0.0,0.0
2026-03-13 11:00:00+00:00,0.004116271919898378,0.004112288070369005,0.0,0.0
2026-03-13 12:00:00+00:00,0.0074853147568638674,0.016956097733611685,0.0,0.0
2026-03-13 13:00:00+00:00,0.005260183905012718,0.009290038782580461,0.0,0.0
2026-03-13 14:00:00+00:00,0.010320081603133056,0.016255150666022896,0.0,0.0
2026-03-13 15:00:00+00:00,0.00883489468643771,0.036186590298080114,0.0,0.0
2026-03-13 16:00:00+00:00,0.008111202284834055,0.03383568515886586,0.0,0.0
2026-03-13 17:00:00+00:00,0.011693416680356046,0.02395062982004022,0.0,0.0
2026-03-13 18:00:00+00:00,0.0029288922808907783,0.01928252184401788,0.0,0.0
2026-03-13 19:00:00+00:00,0.0015695703621191597,0.017544884106232627,0.0,0.0
2026-03-13 20:00:00+00:00,0.0018209144548391853,0.012841879176553389,0.0,0.0
2026-03-13 21:00:00+00:00,0.006063461173652918,0.009678337253746748,0.0,0.0
2026-03-13 22:00:00+00:00,0.007061750306593625,0.031529032933963475,0.0,0.0
2026-03-13 23:00:00+00:00,0.010440783542870436,0.02131146464050072,0.0,0.0
2026-03-14 00:00:00+00:00,0.013579888885482673,0.03399469837515201,0.0,0.0
2026-03-14 01:00:00+00:00,0.01648322777526843,0.02748904548300199,0.0,0.0
2026-03-14 02:00:00+00:00,0.010299417242494927,0.030449494307639102,0.0,0.0
2026-03-14 03:00:00+00:00,0.013229338181503568,0.04247854474043236,0.0,0.0
2026-03-14 04:00:00+00:00,0.010972151111112037,0.027605542402679734,0.0,0.0
2026-03-14 05:00:00+00:00,0.009034456521113414,0.03162296233960406,0.0,0.0
2026-03-14 06:00:00+00:00,0.021302011300413135,0.0328413624904288,0.0,0.0
2026-03-14 07:00:00+00:00,0.00896466178518518,0.03571095422317814,0.0,0.0
2026-03-14 08:00:00+00:00,0.005324524843900749,0.01463213772768022,0.0,0.0
2026-03-14 09:00:00+00:00,0.007916685794032185,0.022367139548176596,0.0,0.0
2026-03-14 10:00:00+00:00,0.005516088799519686,0.015603261121448492,0.0,0.0
2026-03-14 11:00:00+00:00,0.005733870659570301,0.01112528454144279,0.0,0.0
2026-03-14 12:00:00+00:00,0.004467628607684061,0.008809769986954367,0.0,0.0
2026-03-14 13:00:00+00:00,0.01009696334514572,0.016848689910244442,0.0,0.0
2026-03-14 14:00:00+00:00,0.0020005981845001163,0.004891117512617563,0.0,0.0
2026-03-14 15:00:00+00:00,0.005393999246752626,0.017402629430042154,0.0,0.0
2026-03-14 16:00:00+00:00,0.0031497110249509596,0.0068661342487731656,0.0,0.0
2026-03-14 17:00:00+00:00,0.0006343058733302302,0.005615212282009607,0.0,0.0
2026-03-14 18:00:00+00:00,0.0009652781382315075,0.004052806685864346,0.0,0.0
2026-03-14 19:00:00+00:00,0.001297032603330268,0.004181437179935296,0.0,0.0
2026-03-14 20:00:00+00:00,0.0018968215977145774,0.0040433554295306534,0.0,0.0
2026-03-14 21:00:00+00:00,0.0020750139235686357,0.005240014458532639,0.0,0.0
2026-03-14 22:00:00+00:00,0.0011499928888032411,0.005552099268343137,0.0,0.0
2026-03-14 23:00:00+00:00,0.01118221056696112,0.011413159165977549,0.0,0.0
2026-03-15 00:00:00+00:00,0.03413468118984838,0.03572917543463724,0.0,0.0
2026-03-15 01:00:00+00:00,0.03675826712818098,0.02651751056230804,0.0,0.0
2026-03-15 02:00:00+00:00,0.0643063534985761,0.028346644223287133,0.0,0.0
2026-03-15 03:00:00+00:00,0.04161504815063108,0.02708040591980203,0.0,0.0
2026-03-15 04:00:00+00:00,0.032634100574326,0.017422145857110747,0.0,0.0
2026-03-15 05:00:00+00:00,0.03443048898355271,0.020994318192366603,0.0,0.0
2026-03-15 06:00:00+00:00,0.03226664117663514,0.020059158871989915,0.0,0.0
2026-03-15 07:00:00+00:00,0.0224417158976991,0.012440867822337739,0.0,0.0
2026-03-15 08:00:00+00:00,0.02052966101934921,0.009744206617914346,0.0,0.0
2026-03-15 09:00:00+00:00,0.02366353046522347,0.011988541329647625,0.0,0.0
2026-03-15 10:00:00+00:00,0.02773510474973959,0.012162479278834985,0.0,0.0
2026-03-15 11:00:00+00:00,0.020986875295412714,0.0073986909278491745,0.0,0.0
2026-03-15 12:00:00+00:00,0.0210048084511729,0.012197292582163559,0.0,0.0
2026-03-15 13:00:00+00:00,0.02358792631680943,0.01680794572752915,0.0,0.0
2026-03-15 14:00:00+00:00,0.022512416910721835,0.014438422563299634,0.0,0.0
2026-03-15 15:00:00+00:00,0.016593439617891146,0.012386307014791773,0.0,0.0
2026-03-15 16:00:00+00:00,0.021213054692198047,0.014241209579604541,0.0,0.0
2026-03-15 17:00:00+00:00,0.04223869695763135,0.0129383894630431,0.0,0.0
2026-03-15 18:00:00+00:00,0.030749565724239026,0.022443470863331313,0.0,0.0
2026-03-15 19:00:00+00:00,0.025739484958522418,0.01413353443318976,0.0,0.0
2026-03-15 20:00:00+00:00,0.03723739628976319,0.013439734167369927,0.0,0.0
2026-03-15 21:00:00+00:00,0.07996822102409383,0.021228934482702546,0.0,0.0
2026-03-15 22:00:00+00:00,0.09710732325541133,0.023163801093246627,0.0,0.0
2026-03-15 23:00:00+00:00,0.09033452796569459,0.019431415392046254,0.0,0.0
2026-03-16 00:00:00+00:00,0.10162898204952331,0.041195943620944114,0.0,0.0
2026-03-16 01:00:00+00:00,0.09524180085150107,0.032014631200752264,0.0,0.0
2026-03-16 02:00:00+00:00,0.10163733594644715,0.02476115180589597,0.0,0.0
2026-03-16 03:00:00+00:00,0.07966844229566206,0.02888159468093468,0.0,0.0
2026-03-16 04:00:00+00:00,0.10352165479126459,0.05118199811823402,0.0,0.0
2026-03-16 05:00:00+00:00,0.05923757496343149,0.02091359351241238,0.0,0.0
2026-03-16 06:00:00+00:00,0.06445008033185673,0.035586982441380144,0.0,0.0
2026-03-16 07:00:00+00:00,0.06535222457100158,0.039807136752014714,0.0,0.0
2026-03-16 08:00:00+00:00,0.045257411917468515,0.027948219895686365,0.0,0.0
2026-03-16 09:00:00+00:00,0.04842643903942046,0.02406035682211473,0.0,0.0
2026-03-16 10:00:00+00:00,0.036734875973939846,0.027077997648711494,0.0,0.0
2026-03-16 11:00:00+00:00,0.07779961841123104,0.033021791022146446,0.0,0.0
2026-03-16 12:00:00+00:00,0.09127457356494752,0.03523531243777287,0.0,0.0
2026-03-16 13:00:00+00:00,0.15367406038469084,0.04050906177190269,0.0,0.0
2026-03-16 14:00:00+00:00,0.12403256981274918,0.04886340334137188,0.0,0.0
2026-03-16 15:00:00+00:00,0.0732093184322923,0.03079659712994387,0.0,0.0
2026-03-16 16:00:00+00:00,0.09315949251212922,0.04232984414998322,0.0,0.0
2026-03-16 17:00:00+00:00,0.12773077174336403,0.06251173543911204,0.0,0.0
2026-03-16 18:00:00+00:00,0.1301260233094599,0.08346981887013588,0.0,0.0
2026-03-16 19:00:00+00:00,0.1850105173233453,0.055367350874197314,0.0,0.0
2026-03-16 20:00:00+00:00,0.13789600996021703,0.025689894075365944,0.0,0.0
2026-03-16 21:00:00+00:00,0.15679940682514357,0.04289856807659743,0.0,0.0
2026-03-16 22:00:00+00:00,0.13132728094685672,0.02540706749323543,0.0,0.0
2026-03-16 23:00:00+00:00,0.15259461165907398,0.020264096147173696,0.0,0.0
2026-03-17 00:00:00+00:00,0.11224736406320436,0.037473171698791115,0.0,0.0
2026-03-17 01:00:00+00:00,0.12916785063344383,0.044649394553640455,0.0,0.0
2026-03-17 02:00:00+00:00,0.12800543619342172,0.06536984866098243,0.0,0.0
2026-03-17 03:00:00+00:00,0.11797067471589225,0.062024399294192935,0.0,0.0
2026-03-17 04:00:00+00:00,0.10666655364791182,0.056608108531403724,0.0,0.0
2026-03-17 05:00:00+00:00,0.09194294624262449,0.04370935538230509,0.0,0.0
2026-03-17 06:00:00+00:00,0.09793387115236325,0.03792371937892508,0.0,0.0
2026-03-17 07:00:00+00:00,0.10337009875736552,0.031696641473227226,0.0,0.0
2026-03-17 08:00:00+00:00,0.06389716580376267,0.016993768403222174,0.0,0.0
2026-03-17 09:00:00+00:00,0.12013957096906813,0.021819562225435074,0.0,0.0
2026-03-17 10:00:00+00:00,0.10346735258854882,0.017301094367671844,0.0,0.0
2026-03-17 11:00:00+00:00,0.07311089008633793,0.01791233241351982,0.0,0.0
2026-03-17 12:00:00+00:00,0.06451672052213336,0.01519847954267189,0.0,0.0
2026-03-17 13:00:00+00:00,0.11875116462357165,0.03977406947589892,0.0,0.0
2026-03-17 14:00:00+00:00,0.10277898251384288,0.03636464054169797,0.0,0.0
2026-03-17 15:00:00+00:00,0.11169483987223446,0.0283993695122693,0.0,0.0
2026-03-17 16:00:00+00:00,0.08099276438563886,0.04419160154045381,0.0,0.0
2026-03-17 17:00:00+00:00,0.08168069413932662,0.02342008258393981,0.0,0.0
2026-03-17 18:00:00+00:00,0.09884263465964055,0.041853696912623826,0.0,0.0
2026-03-17 19:00:00+00:00,0.07598398764196106,0.030605362341074634,0.0,0.0
2026-03-17 20:00:00+00:00,0.08390200079459227,0.022952337909543655,0.0,0.0
2026-03-17 21:00:00+00:00,0.09133726863025991,0.026734751181354714,0.0,0.0
2026-03-17 22:00:00+00:00,0.10037102235165203,0.04124278683944358,0.0,0.0
2026-03-17 23:00:00+00:00,0.07659389520637185,0.021619619373534505,0.0,0.0
2026-03-18 00:00:00+00:00,0.07602292180563446,0.03721242379863729,0.0,0.0
2026-03-18 01:00:00+00:00,0.07337058290313898,0.039249367108310965,0.0,0.0
2026-03-18 02:00:00+00:00,0.07266712453100861,0.03393419692006793,0.0,0.0
2026-03-18 03:00:00+00:00,0.051613487146824004,0.02608838574672595,0.0,0.0
2026-03-18 04:00:00+00:00,0.0376026188851054,0.020009425302432046,0.0,0.0
2026-03-18 05:00:00+00:00,0.054547377692741005,0.03174913666862878,0.0,0.0
2026-03-18 06:00:00+00:00,0.02832493350161167,0.015474778567582448,0.0,0.0
2026-03-18 07:00:00+00:00,0.02682315521186392,0.013535789928799996,0.0,0.0
2026-03-18 08:00:00+00:00,0.035262810168601715,0.02084246070788658,0.0,0.0
2026-03-18 09:00:00+00:00,0.02759541684420989,0.013905821734776688,0.0,0.0
2026-03-18 10:00:00+00:00,0.024805076826183787,0.013992502231250094,0.0,0.0
2026-03-18 11:00:00+00:00,0.04100699736970422,0.023109629511681645,0.0,0.0
2026-03-18 12:00:00+00:00,0.034758154518584085,0.026710504979649108,0.0,0.0
2026-03-18 13:00:00+00:00,0.03257407651732318,0.033620939895411504,0.0,0.0
2026-03-18 14:00:00+00:00,0.05097201086955069,0.021820050102916128,0.0,0.0
2026-03-18 15:00:00+00:00,0.01785277546776212,0.012053481746679903,0.0,0.0
2026-03-18 16:00:00+00:00,0.02099368155703642,0.017694252105169665,0.0,0.0
2026-03-18 17:00:00+00:00,0.02540246722440626,0.018683887178217395,0.0,0.0
2026-03-18 18:00:00+00:00,0.052000992633006615,0.017515818494438038,0.0,0.0
2026-03-18 19:00:00+00:00,0.02930904087945818,0.025649480305340987,0.0,0.0
2026-03-18 20:00:00+00:00,0.037704420698347625,0.018907632872691534,0.0,0.0
2026-03-18 21:00:00+00:00,0.0148191328958687,0.018985744865895,0.0,0.0
2026-03-18 22:00:00+00:00,0.015925510428373816,0.021308289385428725,0.0,0.0
2026-03-18 23:00:00+00:00,0.019741284505715356,0.021029346649448874,0.0,0.0
2026-03-19 00:00:00+00:00,0.005533223376623917,0.04239245584566722,0.0,0.0
2026-03-19 01:00:00+00:00,0.004120748619798819,0.03155630057124973,0.0,0.0
2026-03-19 02:00:00+00:00,0.004370645698263282,0.03681623336132835,0.0,0.0
2026-03-19 03:00:00+00:00,0.005112319564903004,0.04773971672931293,0.0,0.0
2026-03-19 04:00:00+00:00,0.00507278440019197,0.05759557703059432,0.0,0.0
2026-03-19 05:00:00+00:00,0.0021977552400316903,0.03365028208811787,0.0,0.0
2026-03-19 06:00:00+00:00,0.0023363293402472664,0.036751448903935696,0.0,0.0
2026-03-19 07:00:00+00:00,0.003912032795795873,0.06379309828820544,0.0,0.0
2026-03-19 08:00:00+00:00,0.001137713282873372,0.0332561754098567,0.0,0.0
2026-03-19 09:00:00+00:00,0.002784733877095836,0.043095505358076824,0.0,0.0
2026-03-19 10:00:00+00:00,0.0011276799769467452,0.022685370452317274,0.0,0.0
2026-03-19 11:00:00+00:00,0.0010240118642608027,0.026344638788144845,0.0,0.0
2026-03-19 12:00:00+00:00,0.001664143371646866,0.028078005917875914,0.0,0.0
2026-03-19 13:00:00+00:00,0.004006589014688985,0.04072047270075547,0.0,0.0
2026-03-19 14:00:00+00:00,0.003446262008929979,0.034637281311229645,0.0,0.0
2026-03-19 15:00:00+00:00,0.0032154703806441982,0.03745724886421154,0.0,0.0
2026-03-19 16:00:00+00:00,0.0016515975647175849,0.026260434137225886,0.0,0.0
2026-03-19 17:00:00+00:00,0.0029612439286150973,0.026422074818411734,0.0,0.0
2026-03-19 18:00:00+00:00,0.0014239508848638593,0.01599563652592684,0.0,0.0
2026-03-19 19:00:00+00:00,0.003760876927925118,0.03352694014026927,0.0,0.0
2026-03-19 20:00:00+00:00,0.00301460412612611,0.025269234858201744,0.0,0.0
2026-03-19 21:00:00+00:00,0.0024634346920367335,0.025618238431997595,0.0,0.0
2026-03-19 22:00:00+00:00,0.0034496815566973393,0.04465043343587008,0.0,0.0
2026-03-19 23:00:00+00:00,0.004764779556922069,0.05676995837516944,0.0,0.0
2026-03-20 00:00:00+00:00,0.0019153996111794397,0.05584782704133295,0.0,0.0
2026-03-20 01:00:00+00:00,0.0013590667906604762,0.039500556783046745,0.0,0.0
2026-03-20 02:00:00+00:00,0.00080502748009371,0.02327708463542817,0.0,0.0
2026-03-20 03:00:00+00:00,0.0014776530955423219,0.026845988887223542,0.0,0.0
2026-03-20 04:00:00+00:00,0.0009648670411140188,0.01596144894253466,0.0,0.0
2026-03-20 05:00:00+00:00,0.000991189712298306,0.021405734071584928,0.0,0.0
2026-03-20 06:00:00+00:00,0.0009665262669118771,0.03273100153121387,0.0,0.0
2026-03-20 07:00:00+00:00,0.0014714678633271476,0.02771890727198757,0.0,0.0
2026-03-20 08:00:00+00:00,0.0011801564709199993,0.02932886365836161,0.0,0.0
2026-03-20 09:00:00+00:00,0.0014994602509993602,0.03523978566816733,0.0,0.0
2026-03-20 10:00:00+00:00,0.0008452055685943285,0.021547482837763744,0.0,0.0
2026-03-20 11:00:00+00:00,0.0011871148158125431,0.02950345221863246,0.0,0.0
2026-03-20 12:00:00+00:00,0.0005228994942737772,0.02785377642045315,0.0,0.0
2026-03-20 13:00:00+00:00,0.0013557967823629585,0.033804005911676864,0.0,0.0
2026-03-20 14:00:00+00:00,0.00095823722859972,0.04366317726246066,0.0,0.0
2026-03-20 15:00:00+00:00,0.0009218392206750189,0.02375053636119821,0.0,0.0
2026-03-20 16:00:00+00:00,0.0011146877011827736,0.031655687098801434,0.0,0.0
2026-03-20 17:00:00+00:00,0.001983952072188696,0.026412425974937963,0.0,0.0
2026-03-20 18:00:00+00:00,0.002024363098278459,0.02982088113133191,0.0,0.0
2026-03-20 19:00:00+00:00,0.0021700435138119383,0.017088697161085718,0.0,0.0
2026-03-20 20:00:00+00:00,0.0027481025592851725,0.027187247281369026,0.0,0.0
2026-03-20 21:00:00+00:00,0.008243957643125093,0.04203909249484389,0.0,0.0
2026-03-20 22:00:00+00:00,0.005280265677333089,0.021399370279463443,0.0,0.0
2026-03-20 23:00:00+00:00,0.004112407858644476,0.021273858639963224,0.0,0.0
2026-03-21 00:00:00+00:00,0.010136745702740256,0.018160011599848737,0.0,0.0
2026-03-21 01:00:00+00:00,0.009546344279595028,0.020543436464723636,0.0,0.0
2026-03-21 02:00:00+00:00,0.013067433245242876,0.01663727562162951,0.0,0.0
2026-03-21 03:00:00+00:00,0.005643955891955619,0.010633697355816561,0.0,0.0
2026-03-21 04:00:00+00:00,0.009790066587561345,0.0260857455157307,0.0,0.0
2026-03-21 05:00:00+00:00,0.010090278743765177,0.017374838615786547,0.0,0.0
2026-03-21 06:00:00+00:00,0.008234913525651394,0.01303063067583586,0.0,0.0
2026-03-21 07:00:00+00:00,0.005525388186818484,0.006601587378270342,0.0,0.0
2026-03-21 08:00:00+00:00,0.0085468750134825,0.013790309486511188,0.0,0.0
2026-03-21 09:00:00+00:00,0.0032026008764521907,0.0046692017283042385,0.0,0.0
2026-03-21 10:00:00+00:00,0.004729796083423156,0.009530733484266333,0.0,0.0
2026-03-21 11:00:00+00:00,0.003705256484372499,0.005746162826655417,0.0,0.0
2026-03-21 12:00:00+00:00,0.0036192640206299865,0.004116454585148036,0.0,0.0
2026-03-21 13:00:00+00:00,0.0025900252894842947,0.0030100245954527032,0.0,0.0
2026-03-21 14:00:00+00:00,0.006065123391146568,0.012444611449442625,0.0,0.0
2026-03-21 15:00:00+00:00,0.006745876394376603,0.008146656763335229,0.0,0.0
2026-03-21 16:00:00+00:00,0.006607546224112503,0.019523921680921114,0.0,0.0
2026-03-21 17:00:00+00:00,0.007313169819766968,0.017159686862393688,0.0,0.0
2026-03-21 18:00:00+00:00,0.00552852681616027,0.007751960720256618,0.0,0.0
2026-03-21 19:00:00+00:00,0.005281744418135773,0.00709500516029975,0.0,0.0
2026-03-21 20:00:00+00:00,0.013422196638233177,0.014324282107060863,0.0,0.0
2026-03-21 21:00:00+00:00,0.00918557239433814,0.014053038662270948,0.0,0.0
2026-03-21 22:00:00+00:00,0.008799828089792447,0.013622873397250247,0.0,0.0
2026-03-21 23:00:00+00:00,0.04079810746714447,0.03846606748279762,0.0,0.0
2026-03-22 00:00:00+00:00,0.030844650043047733,0.020427008541463423,0.0,0.0
2026-03-22 01:00:00+00:00,0.03108915284864452,0.04876864919157787,0.0,0.0
2026-03-22 02:00:00+00:00,0.03751003372404745,0.043995644682267215,0.0,0.0
2026-03-22 03:00:00+00:00,0.07117841925724712,0.06951421926491536,0.0,0.0
2026-03-22 04:00:00+00:00,0.032685139493608725,0.027522719696164048,0.0,0.0
2026-03-22 05:00:00+00:00,0.023960223936939636,0.018654573086133396,0.0,0.0
2026-03-22 06:00:00+00:00,0.016799664161558106,0.016143284502978427,0.0,0.0
2026-03-22 07:00:00+00:00,0.011192893503576926,0.010279584665212815,0.0,0.0
2026-03-22 08:00:00+00:00,0.021247209975765954,0.026259510225146998,0.0,0.0
2026-03-22 09:00:00+00:00,0.020179494069320448,0.04076807472136601,0.0,0.0
2026-03-22 10:00:00+00:00,0.014752265885364163,0.040900239350262574,0.0,0.0
2026-03-22 11:00:00+00:00,0.026840158578720106,0.062408936501605124,0.0,0.0
2026-03-22 12:00:00+00:00,0.04307411356668064,0.05689411552083664,0.0,0.0
2026-03-22 13:00:00+00:00,0.04346183899464549,0.06304121288204584,0.0,0.0
2026-03-22 14:00:00+00:00,0.05730710402177049,0.09908927722626786,0.0,0.0
2026-03-22 15:00:00+00:00,0.053188252768557626,0.0537287874553686,0.0,0.0
2026-03-22 16:00:00+00:00,0.03637058588793932,0.04432163687535376,0.0,0.0
2026-03-22 17:00:00+00:00,0.027256442092597644,0.03358679647680305,0.0,0.0
2026-03-22 18:00:00+00:00,0.03248451002139282,0.04923226526706272,0.0,0.0
2026-03-22 19:00:00+00:00,0.032410076839545006,0.0571368300641853,0.0,0.0
2026-03-22 20:00:00+00:00,0.029109028119627872,0.06445627996243224,0.0,0.0
2026-03-22 21:00:00+00:00,0.07069465772592354,0.10166588297990209,0.0,0.0
2026-03-22 22:00:00+00:00,0.08353017366293429,0.06555535650479019,0.0,0.0
2026-03-22 23:00:00+00:00,0.05666093382604757,0.08971702539438542,0.0,0.0
2026-03-23 00:00:00+00:00,0.09303579910264483,0.08908075397064368,0.0,0.0
2026-03-23 01:00:00+00:00,0.07420419681884112,0.06354167758438826,0.0,0.0
2026-03-23 02:00:00+00:00,0.06646058449404578,0.05480414852528471,0.0,0.0
2026-03-23 03:00:00+00:00,0.056141579244272266,0.05881360522349303,0.0,0.0
2026-03-23 04:00:00+00:00,0.046718877739071796,0.034010049234441606,0.0,0.0
2026-03-23 05:00:00+00:00,0.031927195173003735,0.03826556907888052,0.0,0.0
2026-03-23 06:00:00+00:00,0.05419994452021424,0.03597152318597289,0.0,0.0
2026-03-23 07:00:00+00:00,0.016823052974280845,0.021991856545964455,0.0,0.0
2026-03-23 08:00:00+00:00,0.03234801803680892,0.035651666524290956,0.0,0.0
2026-03-23 09:00:00+00:00,0.04601926539692513,0.08174188243104465,0.0,0.0
2026-03-23 10:00:00+00:00,0.02701164008911204,0.04711712253096603,0.0,0.0
2026-03-23 11:00:00+00:00,0.02688765364356856,0.023760031064109014,0.0,0.0
2026-03-23 12:00:00+00:00,0.03421234299586328,0.029066332077168827,0.0,0.0
2026-03-23 13:00:00+00:00,0.02151173413862184,0.04357829493091675,0.0,0.0
2026-03-23 14:00:00+00:00,0.015843265202606087,0.020607408182122575,0.0,0.0
2026-03-23 15:00:00+00:00,0.015782669808861602,0.01056978582646443,0.0,0.0
2026-03-23 16:00:00+00:00,0.009363845184274992,0.03263452084133223,0.0,0.0
2026-03-23 17:00:00+00:00,0.012755493261073505,0.03947041908002632,0.0,0.0
2026-03-23 18:00:00+00:00,0.014936638432870802,0.04879421412074042,0.0,0.0
2026-03-23 19:00:00+00:00,0.020193260246861106,0.032531210968771526,0.0,0.0
2026-03-23 20:00:00+00:00,0.03342086604221806,0.035494737188622956,0.0,0.0
2026-03-23 21:00:00+00:00,0.02797084056375479,0.01980406629359285,0.0,0.0
2026-03-23 22:00:00+00:00,0.04478953325615109,0.03401906095274785,0.0,0.0
2026-03-23 23:00:00+00:00,0.04252669323965822,0.05420304481039345,0.0,0.0
2026-03-24 00:00:00+00:00,0.05897746720391119,0.04656961950768194,0.0,0.0
2026-03-24 01:00:00+00:00,0.10368577451924832,0.0838229994352531,0.0,0.0
2026-03-24 02:00:00+00:00,0.06836461500642553,0.04600037864031834,0.0,0.0
2026-03-24 03:00:00+00:00,0.06777668823100202,0.05768075653977276,0.0,0.0
2026-03-24 04:00:00+00:00,0.1123145912206116,0.08987963242508896,0.0,0.0
2026-03-24 05:00:00+00:00,0.10747407129596413,0.07756557315578406,0.0,0.0
2026-03-24 06:00:00+00:00,0.08234896723756267,0.07847697406270346,0.0,0.0
2026-03-24 07:00:00+00:00,0.13385596030799515,0.08281646160768903,0.0,0.0
2026-03-24 08:00:00+00:00,0.14816501161983267,0.06726855114456946,0.0,0.0
2026-03-24 09:00:00+00:00,0.15647590530383346,0.07932044535558337,0.0,0.0
2026-03-24 10:00:00+00:00,0.14868865319285599,0.06898048010936815,0.0,0.0
2026-03-24 11:00:00+00:00,0.14827878393640428,0.07027163516730382,0.0,0.0
2026-03-24 12:00:00+00:00,0.11764756762024277,0.02779775954621465,0.0,0.0
2026-03-24 13:00:00+00:00,0.10219934426257615,0.033367739310079934,0.0,0.0
2026-03-24 14:00:00+00:00,0.11928216353510511,0.03156863599282136,0.0,0.0
2026-03-24 15:00:00+00:00,0.08268993720944713,0.03336761601280759,0.0,0.0
2026-03-24 16:00:00+00:00,0.11469644851506565,0.029943873414824695,0.0,0.0
2026-03-24 17:00:00+00:00,0.18662365122690597,0.045045150741157225,0.0,0.0
2026-03-24 18:00:00+00:00,0.1672380855648826,0.0368445305258941,0.0,0.0
2026-03-24 19:00:00+00:00,0.12418314636480866,0.0297338359979957,0.0,0.0
2026-03-24 20:00:00+00:00,0.20603637567157473,0.05328627483209684,0.0,0.0
2026-03-24 21:00:00+00:00,0.12758743129403285,0.03322967741826895,0.0,0.0
2026-03-24 22:00:00+00:00,0.09848666694588742,0.04079368817281351,0.0,0.0
2026-03-24 23:00:00+00:00,0.2000169859751437,0.07668073745878726,0.0,0.0
2026-03-25 00:00:00+00:00,0.10233748411532335,0.04791233680909307,0.0,0.0
2026-03-25 01:00:00+00:00,0.06425167463477417,0.04302212112586703,0.0,0.0
2026-03-25 02:00:00+00:00,0.06426533999201332,0.039802896256267296,0.0,0.0
2026-03-25 03:00:00+00:00,0.10346041700046987,0.04203433641212643,0.0,0.0
2026-03-25 04:00:00+00:00,0.07209798118473483,0.030593507686378807,0.0,0.0
2026-03-25 05:00:00+00:00,0.0744886333259606,0.03173105069700725,0.0,0.0
2026-03-25 06:00:00+00:00,0.07355146881675763,0.03797001694707624,0.0,0.0
2026-03-25 07:00:00+00:00,0.07692968737568155,0.03158166973219154,0.0,0.0
2026-03-25 08:00:00+00:00,0.09826256187820348,0.05486791530776921,0.0,0.0
2026-03-25 09:00:00+00:00,0.07011561111285462,0.027862784195378614,0.0,0.0
2026-03-25 10:00:00+00:00,0.06773377088350023,0.026862733797181192,0.0,0.0
2026-03-25 11:00:00+00:00,0.04807125113320443,0.025238111308435687,0.0,0.0
2026-03-25 12:00:00+00:00,0.05852158720517863,0.02652171332965754,0.0,0.0
2026-03-25 13:00:00+00:00,0.030392037858295654,0.015986833159904842,0.0,0.0
2026-03-25 14:00:00+00:00,0.028710305704569592,0.01767308487817631,0.0,0.0
2026-03-25 15:00:00+00:00,0.042785438214522846,0.04162559413464214,0.0,0.0
2026-03-25 16:00:00+00:00,0.05322029813405493,0.04252444421027025,0.0,0.0
2026-03-25 17:00:00+00:00,0.04927257024629166,0.026086427256443303,0.0,0.0
2026-03-25 18:00:00+00:00,0.0419263420535668,0.03468865859304523,0.0,0.0
2026-03-25 19:00:00+00:00,0.04945566073874592,0.020048888262554885,0.0,0.0
2026-03-25 20:00:00+00:00,0.05164662093130349,0.023379480830290688,0.0,0.0
2026-03-25 21:00:00+00:00,0.04633341905589027,0.014789340360739202,0.0,0.0
2026-03-25 22:00:00+00:00,0.0471199107063435,0.01792065564040552,0.0,0.0
2026-03-25 23:00:00+00:00,0.03669607110278671,0.010683848575558333,0.0,0.0
2026-03-26 00:00:00+00:00,0.017766119947410626,0.018888913159741463,0.0,0.0
2026-03-26 01:00:00+00:00,0.016798087837057742,0.011453165337124427,0.0,0.0
2026-03-26 02:00:00+00:00,0.019367657062639862,0.02685188825476276,0.0,0.0
2026-03-26 03:00:00+00:00,0.019009498845031583,0.022299212651927542,0.0,0.0
2026-03-26 04:00:00+00:00,0.00836440032505203,0.015353250588023691,0.0,0.0
2026-03-26 05:00:00+00:00,0.015616088143695266,0.041267602363415,0.0,0.0
2026-03-26 06:00:00+00:00,0.010574942714068752,0.027326390370107766,0.0,0.0
2026-03-26 07:00:00+00:00,0.007555632390818273,0.03294897084815172,0.0,0.0
2026-03-26 08:00:00+00:00,0.006660562673746692,0.027934228255222886,0.0,0.0
2026-03-26 09:00:00+00:00,0.015338060186201303,0.036731807375472304,0.0,0.0
2026-03-26 10:00:00+00:00,0.004628391703455581,0.030060415977913008,0.0,0.0
2026-03-26 11:00:00+00:00,0.006440341897371871,0.022503386276416164,0.0,0.0
2026-03-26 12:00:00+00:00,0.007820628133885248,0.028700083775869207,0.0,0.0
2026-03-26 13:00:00+00:00,0.016870490642561548,0.03702270101416371,0.0,1.0
2026-03-26 14:00:00+00:00,0.012763958339027513,0.024555946554640735,0.0,1.0
2026-03-26 15:00:00+00:00,0.01979557902051809,0.05612483402958774,0.0,0.0
2026-03-26 16:00:00+00:00,0.00981387696135812,0.035144691806323576,0.0,0.0
2026-03-26 17:00:00+00:00,0.01162316585122135,0.025905109848824798,0.0,0.0
2026-03-26 18:00:00+00:00,0.009609315720136217,0.0372390481843777,0.0,0.0
2026-03-26 19:00:00+00:00,0.0036652036651445437,0.018502583785903796,0.0,0.0
2026-03-26 20:00:00+00:00,0.02226759250262042,0.041759145640140126,0.0,0.0
2026-03-26 21:00:00+00:00,0.008751086382953221,0.030513268637978066,0.0,0.0
2026-03-26 22:00:00+00:00,0.008921824409155699,0.048832588592096125,0.0,0.0
2026-03-26 23:00:00+00:00,0.007048529801650923,0.03157484671057213,0.0,0.0
2026-03-27 00:00:00+00:00,0.004400146093178473,0.051426451756543985,0.0,0.0
2026-03-27 01:00:00+00:00,0.004915623176158324,0.041751820073039486,0.0,0.0
2026-03-27 02:00:00+00:00,0.003578248227131887,0.03974602338204299,0.0,0.0
2026-03-27 03:00:00+00:00,0.0025386523142258556,0.04406545272013112,0.0,0.0
2026-03-27 04:00:00+00:00,0.0032784303893276696,0.05815244841983066,0.0,0.0
2026-03-27 05:00:00+00:00,0.0011318198687563395,0.041182909860391005,0.0,0.0
2026-03-27 06:00:00+00:00,0.0008251027923756709,0.027634626120677585,0.0,0.0
2026-03-27 07:00:00+00:00,0.0011322357761256573,0.046039192643329,0.0,0.0
2026-03-27 08:00:00+00:00,0.0017223865291430874,0.05072657232929261,0.0,0.0
2026-03-27 09:00:00+00:00,0.0006147231809765096,0.04008102905451849,0.0,0.0
2026-03-27 10:00:00+00:00,0.005368655227644524,0.03336315903969124,0.0,0.0
2026-03-27 11:00:00+00:00,0.0016819655952775864,0.03675775433064279,0.0,0.0
2026-03-27 12:00:00+00:00,0.0011123807317370623,0.04427123481451219,0.0,0.0
2026-03-27 13:00:00+00:00,0.0025422506019828896,0.03230236262846828,0.0,0.0
2026-03-27 14:00:00+00:00,0.0033764788584145756,0.03451479236664357,0.0,0.0
2026-03-27 15:00:00+00:00,0.002581757279451594,0.030326534990084336,0.0,0.0
2026-03-27 16:00:00+00:00,0.002001038674283032,0.02501840650258653,0.0,0.0
2026-03-27 17:00:00+00:00,0.002359955041202608,0.022297816192250696,0.0,0.0
2026-03-27 18:00:00+00:00,0.0018164088213452674,0.04755842208303376,0.0,0.0
2026-03-27 19:00:00+00:00,0.0037658476900647073,0.042737855545198516,0.0,0.0
2026-03-27 20:00:00+00:00,0.0021693014998196997,0.053855091739809534,0.0,0.0
2026-03-27 21:00:00+00:00,0.002014344912456142,0.07034796773718983,0.0,0.0
2026-03-27 22:00:00+00:00,0.002029774479660597,0.05407060058647176,0.0,0.0
2026-03-27 23:00:00+00:00,0.0026461407777729072,0.05852428062042044,0.0,0.0
2026-03-28 00:00:00+00:00,0.004110909757715835,0.07112828859247834,0.0,0.0
2026-03-28 01:00:00+00:00,0.005586581122434135,0.10755490520975124,0.0,0.0
2026-03-28 02:00:00+00:00,0.004147377482499424,0.08588117644868641,0.0,0.0
2026-03-28 03:00:00+00:00,0.0032382764889592602,0.058999478298751386,0.0,0.0
2026-03-28 04:00:00+00:00,0.0017346352725222597,0.047858507502290794,0.0,0.0
2026-03-28 05:00:00+00:00,0.002028592173951249,0.06865544554956708,0.0,0.0
2026-03-28 06:00:00+00:00,0.0015582767615156805,0.0433186609760717,0.0,0.0
2026-03-28 07:00:00+00:00,0.002181135651703311,0.026916484156193216,0.0,0.0
2026-03-28 08:00:00+00:00,0.0011593902067476537,0.03449114367160881,0.0,0.0
2026-03-28 09:00:00+00:00,0.0009612099107055022,0.04903176520375141,0.0,0.0
2026-03-28 10:00:00+00:00,0.0001829663766814573,0.01730406043999484,0.0,0.0
2026-03-28 11:00:00+00:00,0.00019523551334244614,0.013103321867948334,0.0,0.0
2026-03-28 12:00:00+00:00,0.0002618468902729088,0.01409972666681737,0.0,0.0
2026-03-28 13:00:00+00:00,0.0010008117939082838,0.022621534602253274,0.0,0.0
2026-03-28 14:00:00+00:00,0.0006498478823905993,0.01672598611655249,0.0,0.0
2026-03-28 15:00:00+00:00,0.0018793281744533374,0.0227055709186532,0.0,0.0
2026-03-28 16:00:00+00:00,0.0008577295151880297,0.009165140109851696,0.0,0.0
2026-03-28 17:00:00+00:00,0.001518707743852878,0.02678110936364141,0.0,0.0
2026-03-28 18:00:00+00:00,0.0007747304029574448,0.008654663514967588,0.0,0.0
2026-03-28 19:00:00+00:00,0.0015810129339386577,0.011597978023023528,0.0,0.0
2026-03-28 20:00:00+00:00,0.0011747523829173335,0.009014744167610887,0.0,0.0
2026-03-28 21:00:00+00:00,0.0021821075649546373,0.01851938332490545,0.0,0.0
2026-03-28 22:00:00+00:00,0.0014339127717822137,0.007016140787233546,0.0,0.0
2026-03-28 23:00:00+00:00,0.0038493818339980375,0.041134013750188006,0.0,0.0
2026-03-29 00:00:00+00:00,0.010367960437613183,0.015632314648262834,0.0,0.0
2026-03-29 01:00:00+00:00,0.010316351312571172,0.021666904081530245,0.0,0.0
2026-03-29 02:00:00+00:00,0.013566018931283166,0.01710508946956875,0.0,0.0
2026-03-29 03:00:00+00:00,0.025164619191373274,0.040736728616873746,0.0,0.0
2026-03-29 04:00:00+00:00,0.010385759600129997,0.014179770936576361,0.0,0.0
2026-03-29 05:00:00+00:00,0.017681480865286182,0.017295787506514306,0.0,0.0
2026-03-29 06:00:00+00:00,0.01613514636687534,0.022500304715222574,0.0,0.0
2026-03-29 07:00:00+00:00,0.011063535660593662,0.0177363001104183,0.0,0.0
2026-03-29 08:00:00+00:00,0.008257485474912422,0.010353140655535125,0.0,0.0
2026-03-29 09:00:00+00:00,0.008004057831986258,0.01391978300442708,0.0,0.0
2026-03-29 10:00:00+00:00,0.008993297501395702,0.024000028852933012,0.0,0.0
2026-03-29 11:00:00+00:00,0.016734488288221758,0.02559869688667372,0.0,0.0
2026-03-29 12:00:00+00:00,0.010937340587475045,0.012276618898776398,0.0,0.0
2026-03-29 13:00:00+00:00,0.019289605434135354,0.049462167876654084,0.0,0.0
2026-03-29 14:00:00+00:00,0.01896547707902286,0.03892059520761315,0.0,0.0
2026-03-29 15:00:00+00:00,0.02469609722843258,0.05822018991378434,0.0,0.0
2026-03-29 16:00:00+00:00,0.014525137915815724,0.032086338045498715,0.0,0.0
2026-03-29 17:00:00+00:00,0.01899927335110699,0.037968838816173904,0.0,0.0
2026-03-29 18:00:00+00:00,0.010864656091144028,0.015592532583860326,0.0,0.0
2026-03-29 19:00:00+00:00,0.017515308498580056,0.02384620114274449,0.0,0.0
2026-03-29 20:00:00+00:00,0.041412027347447894,0.02419570665234318,0.0,0.0
2026-03-29 21:00:00+00:00,0.03723845967168813,0.013265862842238962,0.0,0.0
2026-03-29 22:00:00+00:00,0.07153026984864837,0.045853168956708455,0.0,0.0
2026-03-29 23:00:00+00:00,0.05250364740716601,0.05505867352894641,0.0,0.0
2026-03-30 00:00:00+00:00,0.06456865900652344,0.04835627238979661,0.0,0.0
2026-03-30 01:00:00+00:00,0.06279482334796647,0.05976819006360209,0.0,0.0
2026-03-30 02:00:00+00:00,0.07037864649178666,0.06384724182865209,0.0,0.0
2026-03-30 03:00:00+00:00,0.04519461312964055,0.01792261243209406,0.0,0.0
2026-03-30 04:00:00+00:00,0.0579712550898129,0.024804430008773682,0.0,0.0
2026-03-30 05:00:00+00:00,0.03449526517609552,0.022532302228451224,0.0,0.0
2026-03-30 06:00:00+00:00,0.02287192554078306,0.027851371211302215,0.0,0.0
2026-03-30 07:00:00+00:00,0.03610840199697804,0.02994825875505049,0.0,0.0
2026-03-30 08:00:00+00:00,0.03012064672233214,0.04714306779788829,0.0,0.0
2026-03-30 09:00:00+00:00,0.0387817688513481,0.05186324493431995,0.0,0.0
2026-03-30 10:00:00+00:00,0.04268746196435163,0.03494456185733711,0.0,0.0
2026-03-30 11:00:00+00:00,0.04639450604824227,0.07313763197380664,0.0,0.0
2026-03-30 12:00:00+00:00,0.06169164410755893,0.06289560833436804,0.0,0.0
2026-03-30 13:00:00+00:00,0.04581668195780752,0.07852324112513642,0.0,0.0
2026-03-30 14:00:00+00:00,0.05689074179744872,0.08275544817003198,0.0,0.0
2026-03-30 15:00:00+00:00,0.05898475821997895,0.07323441137471921,0.0,0.0
2026-03-30 16:00:00+00:00,0.06752527086485577,0.09173876846046665,0.0,0.0
2026-03-30 17:00:00+00:00,0.0698293383425853,0.05038899464227257,0.0,0.0
2026-03-30 18:00:00+00:00,0.07118078318636574,0.07182172820808998,0.0,0.0
2026-03-30 19:00:00+00:00,0.06688540230143415,0.04688786089241079,0.0,0.0
2026-03-30 20:00:00+00:00,0.0753065034605996,0.0391285347340753,0.0,0.0
2026-03-30 21:00:00+00:00,0.09890029376864203,0.05557324805035779,0.0,0.0
2026-03-30 22:00:00+00:00,0.05286236564822627,0.03504448094112092,0.0,0.0
2026-03-30 23:00:00+00:00,0.10412945726204444,0.03793023903957803,0.0,0.0
2026-03-31 00:00:00+00:00,0.08557029141592483,0.040069679236070306,0.0,0.0
2026-03-31 01:00:00+00:00,0.07023645790692755,0.03812085557967891,0.0,0.0
2026-03-31 02:00:00+00:00,0.05148664449465182,0.024716659894109237,0.0,0.0
2026-03-31 03:00:00+00:00,0.061214399325035605,0.041568528049152946,0.0,0.0
2026-03-31 04:00:00+00:00,0.06489415929506516,0.04885433763397989,0.0,0.0
2026-03-31 05:00:00+00:00,0.05738576207921715,0.06268576677036648,0.0,0.0
2026-03-31 06:00:00+00:00,0.042249335355337654,0.03820515667736436,0.0,0.0
2026-03-31 07:00:00+00:00,0.04420306491690514,0.036722876566729186,0.0,0.0
2026-03-31 08:00:00+00:00,0.05961143639116855,0.03306084443520407,0.0,0.0
2026-03-31 09:00:00+00:00,0.07140179087672667,0.04758873347092796,0.0,0.0
2026-03-31 10:00:00+00:00,0.05154546949210446,0.02329675527878117,0.0,0.0
2026-03-31 11:00:00+00:00,0.08471079349103662,0.07433858200747412,0.0,0.0
2026-03-31 12:00:00+00:00,0.08274656182398492,0.06960715005749317,0.0,0.0
2026-03-31 13:00:00+00:00,0.06778375695274812,0.050590507454322496,0.0,0.0
2026-03-31 14:00:00+00:00,0.09132849954980261,0.021316581432343207,0.0,0.0
2026-03-31 15:00:00+00:00,0.07674378500222924,0.05584263592283767,0.0,0.0
2026-03-31 16:00:00+00:00,0.04235797036150694,0.023987899977118546,0.0,0.0
2026-03-31 17:00:00+00:00,0.029170904193938252,0.020846859274075025,0.0,0.0
2026-03-31 18:00:00+00:00,0.02813507256320294,0.04801285301748736,0.0,0.0
2026-03-31 19:00:00+00:00,0.04679504859382987,0.030496963456295895,0.0,0.0
2026-03-31 20:00:00+00:00,0.051596124000864885,0.03898336465352301,0.0,0.0
2026-03-31 21:00:00+00:00,0.06798135989372049,0.04886382957974817,0.0,0.0
2026-03-31 22:00:00+00:00,0.04656967583157535,0.042450587779062444,0.0,0.0
2026-03-31 23:00:00+00:00,0.05250814588948882,0.03395286521078473,0.0,0.0
2026-04-01 00:00:00+00:00,0.04239224292525187,0.04104963997814183,0.0,0.0
2026-04-01 01:00:00+00:00,0.04573299394554132,0.051472175529081586,0.0,0.0
2026-04-01 02:00:00+00:00,0.06092265816478593,0.06977630258635693,0.0,0.0
2026-04-01 03:00:00+00:00,0.05869035820048349,0.050849963831420396,0.0,0.0
2026-04-01 04:00:00+00:00,0.052590026071745045,0.0483840398072452,0.0,0.0
2026-04-01 05:00:00+00:00,0.06581945891170973,0.098410250719769,0.0,0.0
2026-04-01 06:00:00+00:00,0.04346878113396351,0.04442606315929362,0.0,0.0
2026-04-01 07:00:00+00:00,0.037420474348232875,0.023904749757732574,0.0,0.0
2026-04-01 08:00:00+00:00,0.04620226166587066,0.094751106034713,0.0,0.0
2026-04-01 09:00:00+00:00,0.025795125755739567,0.03895936637599134,0.0,0.0
2026-04-01 10:00:00+00:00,0.029967215523059768,0.0565819793340393,0.0,0.0
2026-04-01 11:00:00+00:00,0.041581301517621475,0.05377197604571273,0.0,0.0
2026-04-01 12:00:00+00:00,0.03722876419238685,0.04174228181237614,0.0,0.0
2026-04-01 13:00:00+00:00,0.053956798059265544,0.05191064201328812,0.0,0.0
2026-04-01 14:00:00+00:00,0.04741185292687511,0.04875209537495864,0.0,0.0
2026-04-01 15:00:00+00:00,0.041886005717719575,0.030313036482328953,0.0,0.0
2026-04-01 16:00:00+00:00,0.048512158103521684,0.042128993153942924,0.0,0.0
2026-04-01 17:00:00+00:00,0.06092388138985538,0.025105583634466074,0.0,0.0
2026-04-01 18:00:00+00:00,0.056853430469707054,0.040816433253092456,0.0,0.0
2026-04-01 19:00:00+00:00,0.037897844860080625,0.023587100531882916,0.0,0.0
2026-04-01 20:00:00+00:00,0.030927886649037617,0.02185100032716286,0.0,0.0
2026-04-01 21:00:00+00:00,0.03490411563922596,0.02495993534877372,0.0,0.0
2026-04-01 22:00:00+00:00,0.02844928669132302,0.019255295073755303,0.0,0.0
2026-04-01 23:00:00+00:00,0.05696480053787043,0.031178911844111562,0.0,0.0
2026-04-02 00:00:00+00:00,0.043009007412851984,0.024241063820802586,0.0,0.0
2026-04-02 01:00:00+00:00,0.07052858397604604,0.048207916599246996,0.0,0.0
2026-04-02 02:00:00+00:00,0.05527580713801089,0.04879110222863817,0.0,0.0
2026-04-02 03:00:00+00:00,0.030512101189233736,0.03878657243870016,0.0,0.0
2026-04-02 04:00:00+00:00,0.018917681484715117,0.05083521560305055,0.0,0.0
2026-04-02 05:00:00+00:00,0.06034642434498579,0.05615818861764433,0.0,0.0
2026-04-02 06:00:00+00:00,0.013214460618916296,0.030304076218814924,0.0,0.0
2026-04-02 07:00:00+00:00,0.015909832624142275,0.020547826567862807,0.0,0.0
2026-04-02 08:00:00+00:00,0.03666230714869922,0.025623107418650485,0.0,0.0
2026-04-02 09:00:00+00:00,0.01891636890279379,0.02610034935044304,0.0,0.0
2026-04-02 10:00:00+00:00,0.04850829942916399,0.033765724968252815,0.0,0.0
2026-04-02 11:00:00+00:00,0.03217311237367952,0.037287093405212204,0.0,0.0
2026-04-02 12:00:00+00:00,0.035862934734169745,0.056151390754705266,0.0,0.0
2026-04-02 13:00:00+00:00,0.026035697223367234,0.06711127737615775,0.0,0.0
2026-04-02 14:00:00+00:00,0.03886741317702983,0.07802797708012865,0.0,0.0
2026-04-02 15:00:00+00:00,0.03273057550328396,0.06964803717326241,0.0,0.0
2026-04-02 16:00:00+00:00,0.04991829008942609,0.09438577722265629,0.0,0.0
2026-04-02 17:00:00+00:00,0.042937004693241264,0.034476875198894245,0.0,0.0
2026-04-02 18:00:00+00:00,0.04474094593992916,0.10605984296497079,0.0,0.0
2026-04-02 19:00:00+00:00,0.022547726300081092,0.044140556592474005,0.0,0.0
2026-04-02 20:00:00+00:00,0.017658229127895584,0.042663586372949036,0.0,0.0
2026-04-02 21:00:00+00:00,0.018757119782891737,0.03543830595134773,0.0,0.0
2026-04-02 22:00:00+00:00,0.012363504820102464,0.036699674892779525,0.0,0.0
2026-04-02 23:00:00+00:00,0.009482097889998395,0.026591134988020446,0.0,0.0
2026-04-03 00:00:00+00:00,0.007218006212891765,0.05012708527452028,0.0,0.0
2026-04-03 01:00:00+00:00,0.0036232701668075453,0.043598987775107366,0.0,0.0
2026-04-03 02:00:00+00:00,0.003717500910049874,0.04187749221762416,0.0,0.0
2026-04-03 03:00:00+00:00,0.0017074574916621987,0.022852182220787918,0.0,0.0
2026-04-03 04:00:00+00:00,0.0012032246224192873,0.022700063759350696,0.0,0.0
2026-04-03 05:00:00+00:00,0.0016225322623593206,0.029809402762130514,0.0,0.0
2026-04-03 06:00:00+00:00,0.0013190313600410734,0.011314105624602963,0.0,0.0
2026-04-03 07:00:00+00:00,0.0023758339519149275,0.016344446548342457,0.0,0.0
2026-04-03 08:00:00+00:00,0.0012535149782972833,0.013702962363592891,0.0,0.0
2026-04-03 09:00:00+00:00,0.0009917117963172655,0.01220543463191151,0.0,0.0
2026-04-03 10:00:00+00:00,0.0012497143166568551,0.009157977581931495,0.0,0.0
2026-04-03 11:00:00+00:00,0.0011315217469180488,0.010975663717580195,0.0,0.0
2026-04-03 12:00:00+00:00,0.0020814591932111453,0.03338794989201215,0.0,0.0
2026-04-03 13:00:00+00:00,0.001223529121789673,0.024307699391567184,0.0,0.0
2026-04-03 14:00:00+00:00,0.0018530937368501164,0.016576706314202504,0.0,0.0
2026-04-03 15:00:00+00:00,0.0011074927634500164,0.012079524549032402,0.0,0.0
2026-04-03 16:00:00+00:00,0.0018248863345777105,0.013206192214314438,0.0,0.0
2026-04-03 17:00:00+00:00,0.0016033252676638978,0.01185321889256572,0.0,0.0
2026-04-03 18:00:00+00:00,0.0008645126843670063,0.011392409119345442,0.0,0.0
2026-04-03 19:00:00+00:00,0.0013134635370965514,0.008104671194392543,0.0,0.0
2026-04-03 20:00:00+00:00,0.0006355120053957579,0.005866438262599651,0.0,0.0
2026-04-03 21:00:00+00:00,0.0017496000947360279,0.007030747505329338,0.0,0.0
2026-04-03 22:00:00+00:00,0.0015274573436822904,0.008922677728086323,0.0,0.0
2026-04-03 23:00:00+00:00,0.0018211990118198608,0.005986155348619568,0.0,0.0
2026-04-04 00:00:00+00:00,0.002556315512166557,0.007087973755755443,0.0,0.0
2026-04-04 01:00:00+00:00,0.0038959613670790025,0.01569790876944556,0.0,0.0
2026-04-04 02:00:00+00:00,0.0020530200313460013,0.00543761008514794,0.0,0.0
2026-04-04 03:00:00+00:00,0.001229276432355184,0.003594406558579257,0.0,0.0
2026-04-04 04:00:00+00:00,0.002310281154201836,0.004105426700924787,0.0,0.0
2026-04-04 05:00:00+00:00,0.0034805013449077994,0.007794496571021776,0.0,0.0
2026-04-04 06:00:00+00:00,0.003207460991206723,0.0039947012552726474,0.0,0.0
2026-04-04 07:00:00+00:00,0.0037575573369387737,0.005634506999165362,0.0,0.0
2026-04-04 08:00:00+00:00,0.002430285651332784,0.006260372283116656,0.0,0.0
2026-04-04 09:00:00+00:00,0.002404079828089312,0.003693452150277445,0.0,0.0
2026-04-04 10:00:00+00:00,0.004146559031501615,0.0037241124591120417,0.0,0.0
2026-04-04 11:00:00+00:00,0.003529156967463809,0.005363084959512074,0.0,0.0
2026-04-04 12:00:00+00:00,0.0026978774716382736,0.0022846136191775365,0.0,0.0
2026-04-04 13:00:00+00:00,0.00588166413519474,0.0038738988510351193,0.0,0.0
2026-04-04 14:00:00+00:00,0.007989672048655756,0.004113427930074586,0.0,0.0
2026-04-04 15:00:00+00:00,0.011157183137421436,0.005534975005452864,0.0,0.0
2026-04-04 16:00:00+00:00,0.007373992458991823,0.003267700928359312,0.0,0.0
2026-04-04 17:00:00+00:00,0.007246785930011761,0.00392421373261532,0.0,0.0
2026-04-04 18:00:00+00:00,0.005182771978100572,0.0026354825927219043,0.0,0.0
2026-04-04 19:00:00+00:00,0.006431086895803364,0.004679745368854053,0.0,0.0
2026-04-04 20:00:00+00:00,0.007719289016640818,0.00279931937871836,0.0,0.0
2026-04-04 21:00:00+00:00,0.011888961221427291,0.004716116400435969,0.0,0.0
2026-04-04 22:00:00+00:00,0.010352016201861615,0.003427332165905107,0.0,0.0
2026-04-04 23:00:00+00:00,0.009984849878952267,0.0071512646430022505,0.0,0.0
2026-04-05 00:00:00+00:00,0.027281617752842522,0.012658259148444824,0.0,0.0
2026-04-05 01:00:00+00:00,0.014507960337178693,0.01443813676423341,0.0,0.0
2026-04-05 02:00:00+00:00,0.015584465396180363,0.007346458938555384,0.0,0.0
2026-04-05 03:00:00+00:00,0.00985138292904058,0.005624756781171404,0.0,0.0
2026-04-05 04:00:00+00:00,0.005131249199422642,0.0035241804278763806,0.0,0.0
2026-04-05 05:00:00+00:00,0.01035138588111624,0.01752400884066134,0.0,0.0
2026-04-05 06:00:00+00:00,0.009020838055771566,0.02217440688340096,0.0,0.0
2026-04-05 07:00:00+00:00,0.007135793947287704,0.0170253095077019,0.0,0.0
2026-04-05 08:00:00+00:00,0.0064922309384510685,0.009687506133849484,0.0,0.0
2026-04-05 09:00:00+00:00,0.008429222376407301,0.00936065988097397,0.0,0.0
2026-04-05 10:00:00+00:00,0.010288322517849445,0.009057142746366745,0.0,0.0
2026-04-05 11:00:00+00:00,0.008184131330371594,0.006668569460203858,0.0,0.0
2026-04-05 12:00:00+00:00,0.009460158124895125,0.029187550288079536,0.0,0.0
2026-04-05 13:00:00+00:00,0.011164777783454219,0.02161823637980369,0.0,0.0
2026-04-05 14:00:00+00:00,0.011069009351591982,0.020532844346925587,0.0,0.0
2026-04-05 15:00:00+00:00,0.036934818691918246,0.04225576173094862,0.0,0.0
2026-04-05 16:00:00+00:00,0.01992177436735255,0.022099560102594087,0.0,0.0
2026-04-05 17:00:00+00:00,0.027818435677286077,0.01875233076749154,0.0,0.0
2026-04-05 18:00:00+00:00,0.027288369156624945,0.012946876886078387,0.0,0.0
2026-04-05 19:00:00+00:00,0.027142024569205263,0.02804077831002726,0.0,0.0
2026-04-05 20:00:00+00:00,0.03793779445886692,0.01775659394960767,0.0,0.0
2026-04-05 21:00:00+00:00,0.04644225966292103,0.033891440617733075,0.0,0.0
2026-04-05 22:00:00+00:00,0.04430300845008972,0.018927906216421337,0.0,0.0
2026-04-05 23:00:00+00:00,0.04818073279882351,0.024805830909942345,0.0,0.0
2026-04-06 00:00:00+00:00,0.03884989849795704,0.03249303006160671,0.0,0.0
2026-04-06 01:00:00+00:00,0.040293042823969276,0.05668467462322264,0.0,0.0
2026-04-06 02:00:00+00:00,0.037420757551240615,0.03342406532993897,0.0,0.0
2026-04-06 03:00:00+00:00,0.027684234119398656,0.04135787239591178,0.0,0.0
2026-04-06 04:00:00+00:00,0.028833649699239627,0.031813378316784914,0.0,0.0
2026-04-06 05:00:00+00:00,0.024485653444117312,0.017467290036433294,0.0,0.0
2026-04-06 06:00:00+00:00,0.04749353662753924,0.04877401448527813,0.0,0.0
2026-04-06 07:00:00+00:00,0.04669938672976361,0.028748526333565144,0.0,0.0
2026-04-06 08:00:00+00:00,0.041206536347792914,0.02373294230157133,0.0,0.0
2026-04-06 09:00:00+00:00,0.04981407832764173,0.05795092498954189,0.0,0.0
2026-04-06 10:00:00+00:00,0.052215759991882445,0.03859891535869284,0.0,0.0
2026-04-06 11:00:00+00:00,0.062455777036729526,0.04954363022372752,0.0,0.0
2026-04-06 12:00:00+00:00,0.052777196800221,0.04810680812616993,0.0,0.0
2026-04-06 13:00:00+00:00,0.06579701946230139,0.08607449153515741,0.0,0.0
2026-04-06 14:00:00+00:00,0.053553107890311,0.05802517729690785,0.0,0.0
2026-04-06 15:00:00+00:00,0.08221141092421687,0.06813429836327071,0.0,0.0
2026-04-06 16:00:00+00:00,0.08169713123962395,0.05832242738277806,0.0,0.0
2026-04-06 17:00:00+00:00,0.11540247974461149,0.11030768670729786,0.0,0.0
2026-04-06 18:00:00+00:00,0.08054083690191452,0.03288496777198518,0.0,0.0
2026-04-06 19:00:00+00:00,0.10567868289340517,0.05750054432073317,0.0,0.0
2026-04-06 20:00:00+00:00,0.10140089530409939,0.04995652271479147,0.0,0.0
2026-04-06 21:00:00+00:00,0.1180550709122411,0.04570283461797294,0.0,0.0
2026-04-06 22:00:00+00:00,0.10547295490669374,0.05652579684062279,0.0,0.0
2026-04-06 23:00:00+00:00,0.08947991343574357,0.029293983793251138,1.0,0.0
2026-04-07 00:00:00+00:00,0.06574919379800899,0.03942496021243469,0.0,0.0
2026-04-07 01:00:00+00:00,0.05576263037959408,0.043396483494919764,1.0,0.0
2026-04-07 02:00:00+00:00,0.06493400696046366,0.02695040515143458,0.0,0.0
2026-04-07 03:00:00+00:00,0.06383913783840646,0.02248747785792184,0.0,0.0
2026-04-07 04:00:00+00:00,0.08407969041532522,0.044545897285408205,0.0,0.0
2026-04-07 05:00:00+00:00,0.08429145522583546,0.03327976832830136,1.0,0.0
2026-04-07 06:00:00+00:00,0.06317582150687001,0.025673641908821886,1.0,0.0
2026-04-07 07:00:00+00:00,0.05863384870166377,0.01772477565905191,0.0,0.0
2026-04-07 08:00:00+00:00,0.08567088399272904,0.04456265786602909,0.0,0.0
2026-04-07 09:00:00+00:00,0.07133229036353521,0.03384457514298955,0.0,0.0
2026-04-07 10:00:00+00:00,0.07754167610244368,0.02232916442699291,1.0,0.0
2026-04-07 11:00:00+00:00,0.09431056074984573,0.05057436415198391,1.0,0.0
2026-04-07 12:00:00+00:00,0.0948147245068554,0.057557570126492014,1.0,0.0
2026-04-07 13:00:00+00:00,0.06905594481858139,0.042477445632266825,1.0,0.0
2026-04-07 14:00:00+00:00,0.08876988662363573,0.04169281275759141,1.0,0.0
2026-04-07 15:00:00+00:00,0.10374797964115288,0.05440092129804696,1.0,0.0
2026-04-07 16:00:00+00:00,0.10829065805069789,0.04827501128336833,1.0,0.0
2026-04-07 17:00:00+00:00,0.13599397729279286,0.07697181562659734,1.0,0.0
2026-04-07 18:00:00+00:00,0.0811235662506111,0.03059448490000723,0.0,0.0
2026-04-07 19:00:00+00:00,0.10161790507096886,0.04925662323488319,0.0,0.0
2026-04-07 20:00:00+00:00,0.14504407051992238,0.09369476715082535,0.0,0.0
2026-04-07 21:00:00+00:00,0.09438057611593341,0.0728978082506681,0.0,0.0
2026-04-07 22:00:00+00:00,0.047701953557098546,0.02575242452028756,0.0,0.0
2026-04-07 23:00:00+00:00,0.03632564983942928,0.01832739790337125,0.0,0.0
2026-04-08 00:00:00+00:00,0.03494287729419904,0.046295930102776627,0.0,0.0
2026-04-08 01:00:00+00:00,0.027826471599203286,0.06920505602421181,0.0,0.0
2026-04-08 02:00:00+00:00,0.025128030002022333,0.052635121628453414,0.0,0.0
2026-04-08 03:00:00+00:00,0.01730025942779126,0.035884110125960524,0.0,0.0
2026-04-08 04:00:00+00:00,0.02033925241042637,0.028144093483715327,0.0,0.0
2026-04-08 05:00:00+00:00,0.022227461054160985,0.024361266990655068,0.0,0.0
2026-04-08 06:00:00+00:00,0.028788405431801726,0.022566327115167772,0.0,0.0
2026-04-08 07:00:00+00:00,0.0338351491295928,0.024289210322932606,0.0,0.0
2026-04-08 08:00:00+00:00,0.07827125059825767,0.03728397168467545,0.0,0.0
2026-04-08 09:00:00+00:00,0.06135561189329684,0.039340095670477915,0.0,0.0
2026-04-08 10:00:00+00:00,0.046018714628622066,0.039741270366990156,0.0,0.0
2026-04-08 11:00:00+00:00,0.07182903457558966,0.05856101300970932,0.0,0.0
2026-04-08 12:00:00+00:00,0.09687750433195551,0.06729941425584346,0.0,0.0
2026-04-08 13:00:00+00:00,0.08973334691683166,0.06612190569220694,0.0,0.0
2026-04-08 14:00:00+00:00,0.09722245309507586,0.089977833731681,0.0,0.0
2026-04-08 15:00:00+00:00,0.11689471217592083,0.07518097729958512,0.0,0.0
2026-04-08 16:00:00+00:00,0.111750649152439,0.08791244879805848,0.0,0.0
2026-04-08 17:00:00+00:00,0.11453890743579691,0.07255161115839957,0.0,0.0
2026-04-08 18:00:00+00:00,0.11788909353160759,0.03663459562286773,0.0,0.0
2026-04-08 19:00:00+00:00,0.14636203339936446,0.06259641859186092,0.0,0.0
2026-04-08 20:00:00+00:00,0.07792447561248167,0.01946949090856401,0.0,0.0
2026-04-08 21:00:00+00:00,0.09356264446797376,0.035816103517993976,0.0,0.0
2026-04-08 22:00:00+00:00,0.07158259050037943,0.021453153217362995,0.0,0.0
2026-04-08 23:00:00+00:00,0.10085481696243699,0.02905163547633884,0.0,0.0
2026-04-09 00:00:00+00:00,0.05458675067971209,0.031462949466913956,0.0,0.0
2026-04-09 01:00:00+00:00,0.047406667422743486,0.03180525936804745,0.0,0.0
2026-04-09 02:00:00+00:00,0.04661261917709341,0.023212534368800455,0.0,0.0
2026-04-09 03:00:00+00:00,0.029780154827259774,0.021522978277153937,0.0,0.0
2026-04-09 04:00:00+00:00,0.027051483596033734,0.023753885473864863,0.0,0.0
2026-04-09 05:00:00+00:00,0.04291082431889854,0.0313067184915111,0.0,0.0
2026-04-09 06:00:00+00:00,0.0326925894660749,0.023467869610322878,0.0,0.0
2026-04-09 07:00:00+00:00,0.03504515015323506,0.027276068582378247,0.0,0.0
2026-04-09 08:00:00+00:00,0.06566560401194081,0.029097625337688227,0.0,0.0
2026-04-09 09:00:00+00:00,0.05692994629427497,0.020498572445398343,0.0,0.0
2026-04-09 10:00:00+00:00,0.022505302942535884,0.011504617744696313,0.0,0.0
2026-04-09 11:00:00+00:00,0.05174339274942951,0.027846175986354166,0.0,0.0
2026-04-09 12:00:00+00:00,0.05326893746777226,0.024922100394760855,0.0,0.0
2026-04-09 13:00:00+00:00,0.050750969070432146,0.03560014659771437,0.0,0.0
2026-04-09 14:00:00+00:00,0.035447100602862824,0.024259279051062437,0.0,0.0
2026-04-09 15:00:00+00:00,0.054352117873951666,0.021187725165350915,0.0,0.0
2026-04-09 16:00:00+00:00,0.04587215240277257,0.02244129512082411,0.0,0.0
2026-04-09 17:00:00+00:00,0.07071630128185973,0.041198817605038136,0.0,0.0
2026-04-09 18:00:00+00:00,0.04534605697121256,0.017726646623089475,0.0,0.0
2026-04-09 19:00:00+00:00,0.06632545016976471,0.03524430580592733,0.0,0.0
2026-04-09 20:00:00+00:00,0.04843765414951202,0.03633117838627796,0.0,0.0
2026-04-09 21:00:00+00:00,0.03577408003435898,0.024291540363705493,0.0,0.0
2026-04-09 22:00:00+00:00,0.0330576887422026,0.016234402788276054,0.0,0.0
2026-04-09 23:00:00+00:00,0.036773369300321164,0.04107357249449837,0.0,0.0
2026-04-10 00:00:00+00:00,0.012600756541104442,0.013660304788716484,0.0,0.0
2026-04-10 01:00:00+00:00,0.027512841828310444,0.033863841926307446,0.0,0.0
2026-04-10 02:00:00+00:00,0.010683494608005571,0.01870346071913742,0.0,0.0
2026-04-10 03:00:00+00:00,0.010643775584686146,0.019703840037992505,0.0,0.0
2026-04-10 04:00:00+00:00,0.021389601836385164,0.021977191087816584,0.0,0.0
2026-04-10 05:00:00+00:00,0.009786847231751813,0.01114488320605267,0.0,0.0
2026-04-10 06:00:00+00:00,0.011025692908771272,0.016809397789296677,0.0,0.0
2026-04-10 07:00:00+00:00,0.011801908201250835,0.024744361727241912,0.0,0.0
2026-04-10 08:00:00+00:00,0.012155660492451597,0.027885191204764657,0.0,0.0
2026-04-10 09:00:00+00:00,0.005862320133605252,0.010948090981317257,0.0,0.0
2026-04-10 10:00:00+00:00,0.0061939003484304395,0.011974179319048359,0.0,0.0
2026-04-10 11:00:00+00:00,0.01397990297851305,0.012620823889742666,0.0,0.0
2026-04-10 12:00:00+00:00,0.015644114966671147,0.00907316707455022,0.0,0.0
2026-04-10 13:00:00+00:00,0.01995609467380782,0.008995779897227324,0.0,0.0
2026-04-10 14:00:00+00:00,0.03225509514910087,0.017668240573756756,0.0,0.0
2026-04-10 15:00:00+00:00,0.025404993286043495,0.014583625681865544,0.0,0.0
2026-04-10 16:00:00+00:00,0.026084038108246017,0.01775986312041514,0.0,0.0
2026-04-10 17:00:00+00:00,0.020333443525732135,0.015896313221269862,0.0,0.0
2026-04-10 18:00:00+00:00,0.020857455676368205,0.016474427145634938,0.0,0.0
2026-04-10 19:00:00+00:00,0.019590776336921644,0.012788964218696136,0.0,0.0
2026-04-10 20:00:00+00:00,0.022603838052941416,0.015203605835039949,0.0,0.0
2026-04-10 21:00:00+00:00,0.01586961915256101,0.010195139122927528,0.0,0.0
2026-04-10 22:00:00+00:00,0.02188543637497736,0.029053900953738897,0.0,0.0
2026-04-10 23:00:00+00:00,0.010025525571833498,0.0077231378226808554,0.0,0.0
2026-04-11 00:00:00+00:00,0.02862464898310224,0.029770830002107968,0.0,0.0
2026-04-11 01:00:00+00:00,0.01882691383114697,0.012063231447675618,0.0,0.0
2026-04-11 02:00:00+00:00,0.015010061876416805,0.009812089778933527,0.0,0.0
2026-04-11 03:00:00+00:00,0.011070079094444725,0.007761460519735888,0.0,0.0
2026-04-11 04:00:00+00:00,0.015219302573895218,0.00825296176557286,0.0,0.0
2026-04-11 05:00:00+00:00,0.007441359885992827,0.005352290244699745,0.0,0.0
2026-04-11 06:00:00+00:00,0.014524389626998875,0.006051712871622282,0.0,0.0
2026-04-11 07:00:00+00:00,0.008353555515860813,0.0046972287379923655,0.0,0.0
2026-04-11 08:00:00+00:00,0.00626065042025693,0.004006362831068761,0.0,0.0
2026-04-11 09:00:00+00:00,0.01374258466083115,0.004996903579677502,0.0,0.0
2026-04-11 10:00:00+00:00,0.009074163510335633,0.0039652533235792166,0.0,0.0
2026-04-11 11:00:00+00:00,0.010019849078177235,0.002360054254814533,0.0,0.0
2026-04-11 12:00:00+00:00,0.016345156211687317,0.0033457439771744416,0.0,0.0
2026-04-11 13:00:00+00:00,0.024598679223885405,0.013100551549839204,0.0,0.0
2026-04-11 14:00:00+00:00,0.011832343988757904,0.004973792152237023,0.0,0.0
2026-04-11 15:00:00+00:00,0.014642863779212409,0.005685499405881989,0.0,0.0
2026-04-11 16:00:00+00:00,0.022140549129378562,0.008040913687422383,0.0,0.0
2026-04-11 17:00:00+00:00,0.017717961358315094,0.006082786103223499,0.0,0.0
2026-04-11 18:00:00+00:00,0.047197157024410484,0.0069632500585698935,0.0,0.0
2026-04-11 19:00:00+00:00,0.04510827543255008,0.006739573889113566,0.0,0.0
2026-04-11 20:00:00+00:00,0.05070383392973426,0.021699976680341553,0.0,0.0
2026-04-11 21:00:00+00:00,0.04474980464548786,0.01227486598437641,0.0,0.0
2026-04-11 22:00:00+00:00,0.0520204823031453,0.024121253804572456,0.0,0.0
2026-04-11 23:00:00+00:00,0.0299237077893398,0.02645596377284794,0.0,0.0
2026-04-12 00:00:00+00:00,0.07313302467425643,0.019584440198891256,0.0,0.0
2026-04-12 01:00:00+00:00,0.06976619794449455,0.02555469587857696,0.0,0.0
2026-04-12 02:00:00+00:00,0.04977606013600135,0.02820662278967037,0.0,0.0
2026-04-12 03:00:00+00:00,0.028015138243787468,0.029330985453672714,0.0,0.0
2026-04-12 04:00:00+00:00,0.027043021803710033,0.04383857574054578,0.0,0.0
2026-04-12 05:00:00+00:00,0.03902528705140899,0.04446773219641653,0.0,0.0
2026-04-12 06:00:00+00:00,0.02403933741706472,0.022724817595289753,0.0,0.0
2026-04-12 07:00:00+00:00,0.026460359935670603,0.019883661906202027,0.0,0.0
2026-04-12 08:00:00+00:00,0.026881665800973165,0.01913698030809317,0.0,0.0
2026-04-12 09:00:00+00:00,0.013919223563985448,0.008140565117985138,0.0,0.0
2026-04-12 10:00:00+00:00,0.024442991759769234,0.01230115495563925,0.0,0.0
2026-04-12 11:00:00+00:00,0.0204849101829715,0.012837715147221663,0.0,0.0
2026-04-12 12:00:00+00:00,0.03868873375407552,0.03319286051960118,0.0,0.0
2026-04-12 13:00:00+00:00,0.036493240188468744,0.04652186081539402,0.0,0.0
2026-04-12 14:00:00+00:00,0.025794608645353823,0.02710146284720805,0.0,0.0
2026-04-12 15:00:00+00:00,0.039213757237503144,0.04541558122166404,0.0,0.0
2026-04-12 16:00:00+00:00,0.02697820396677299,0.03248667817938046,0.0,0.0
2026-04-12 17:00:00+00:00,0.04562012584828969,0.044788674621184445,0.0,0.0
2026-04-12 18:00:00+00:00,0.028931634495568556,0.026998370988027542,0.0,0.0
2026-04-12 19:00:00+00:00,0.03278283120163975,0.030741575530547,0.0,0.0
2026-04-12 20:00:00+00:00,0.06614226548184009,0.042777398901550585,0.0,0.0
2026-04-12 21:00:00+00:00,0.0492656544791249,0.0364242881889962,0.0,0.0
2026-04-12 22:00:00+00:00,0.08032410606387154,0.0814938130251483,1.0,0.0
2026-04-12 23:00:00+00:00,0.05237618106416189,0.06894456599487818,1.0,0.0
2026-04-13 00:00:00+00:00,0.08594359824057868,0.054441886564079556,1.0,0.0
2026-04-13 01:00:00+00:00,0.04557599869603426,0.05253675909761709,1.0,0.0
2026-04-13 02:00:00+00:00,0.03104361566063521,0.05046876748868245,1.0,0.0
2026-04-13 03:00:00+00:00,0.030903435891791852,0.03832259750737696,1.0,0.0
2026-04-13 04:00:00+00:00,0.04375600332410871,0.0720199887008843,1.0,0.0
2026-04-13 05:00:00+00:00,0.022922794502393654,0.02033595536448107,1.0,0.0
2026-04-13 06:00:00+00:00,0.018005299359815232,0.02391235654511974,1.0,0.0
2026-04-13 07:00:00+00:00,0.019151964866309955,0.03009048032322313,1.0,0.0
2026-04-13 08:00:00+00:00,0.020069838949636504,0.029516750692767126,1.0,0.0
2026-04-13 09:00:00+00:00,0.015412259574103531,0.019048286812696946,1.0,0.0
2026-04-13 10:00:00+00:00,0.013070047852775638,0.018519087052262607,1.0,0.0
2026-04-13 11:00:00+00:00,0.023178905697561442,0.029935374909314857,1.0,0.0
2026-04-13 12:00:00+00:00,0.029683679668457696,0.038129908428504326,1.0,0.0
2026-04-13 13:00:00+00:00,0.03970535742694933,0.04092819071448472,1.0,0.0
2026-04-13 14:00:00+00:00,0.05193851091420692,0.0373455143074476,0.0,0.0
2026-04-13 15:00:00+00:00,0.06884375086660725,0.05372231905579983,1.0,0.0
2026-04-13 16:00:00+00:00,0.04827116922452731,0.06834159774193681,0.0,0.0
2026-04-13 17:00:00+00:00,0.06805336556919514,0.06608578749608061,0.0,0.0
2026-04-13 18:00:00+00:00,0.05335345453233798,0.0679535873227274,0.0,0.0
2026-04-13 19:00:00+00:00,0.04088963515542,0.05131942484878668,0.0,0.0
2026-04-13 20:00:00+00:00,0.09805369815879046,0.06847616443950141,0.0,0.0
2026-04-13 21:00:00+00:00,0.08090467044700768,0.06026432071091046,0.0,0.0
2026-04-13 22:00:00+00:00,0.04047623050057127,0.028985953389034952,0.0,0.0
2026-04-13 23:00:00+00:00,0.0420913482743156,0.051417232001141844,0.0,0.0
2026-04-14 00:00:00+00:00,0.03493208443373393,0.06341494589327999,0.0,0.0
2026-04-14 01:00:00+00:00,0.032573661998886526,0.06568100885238304,0.0,0.0
2026-04-14 02:00:00+00:00,0.06686949399207924,0.0729973897679753,0.0,0.0
2026-04-14 03:00:00+00:00,0.05002745145627376,0.039017499802124565,0.0,0.0
2026-04-14 04:00:00+00:00,0.04239755298193167,0.02912190511598305,0.0,0.0
2026-04-14 05:00:00+00:00,0.06806630629797701,0.037979560135512284,0.0,0.0
2026-04-14 06:00:00+00:00,0.05499620208871842,0.025619901314449623,0.0,0.0
2026-04-14 07:00:00+00:00,0.062297452633327394,0.027569360340814437,0.0,0.0
2026-04-14 08:00:00+00:00,0.11468719054948595,0.04120935310748982,0.0,0.0
2026-04-14 09:00:00+00:00,0.13536437308207824,0.02752729332553901,0.0,0.0
2026-04-14 10:00:00+00:00,0.15880627236054815,0.03707380116831321,0.0,0.0
2026-04-14 11:00:00+00:00,0.14055049025003072,0.029040936398820355,0.0,0.0
2026-04-14 12:00:00+00:00,0.1390548840884007,0.036313479264112485,0.0,0.0
2026-04-14 13:00:00+00:00,0.10514049653269124,0.037829685579613186,0.0,0.0
2026-04-14 14:00:00+00:00,0.11060016302675364,0.04612200375908974,0.0,0.0
2026-04-14 15:00:00+00:00,0.15742759629109213,0.05923306781565819,0.0,0.0
2026-04-14 16:00:00+00:00,0.12701113907119574,0.039150131227416014,0.0,0.0
2026-04-14 17:00:00+00:00,0.16523190095002535,0.06967401340012909,0.0,0.0
2026-04-14 18:00:00+00:00,0.12034940930719645,0.045652869831788824,0.0,0.0
2026-04-14 19:00:00+00:00,0.1264526579556585,0.033092054837342476,0.0,0.0
2026-04-14 20:00:00+00:00,0.07379343942004819,0.025167210868544076,0.0,0.0
2026-04-14 21:00:00+00:00,0.09921727604974691,0.02914759258442583,0.0,0.0
2026-04-14 22:00:00+00:00,0.1084946691592441,0.020369459400102773,0.0,0.0
2026-04-14 23:00:00+00:00,0.13666848699756304,0.028703234620016616,0.0,0.0
2026-04-15 00:00:00+00:00,0.1105268572013874,0.02073207343391269,0.0,0.0
2026-04-15 01:00:00+00:00,0.06753865083337517,0.020218250603553117,0.0,0.0
2026-04-15 02:00:00+00:00,0.11708714450238,0.04157942968793532,0.0,0.0
2026-04-15 03:00:00+00:00,0.109984459387146,0.023702530986805578,0.0,0.0
2026-04-15 04:00:00+00:00,0.16927922295972797,0.04241201368091119,0.0,0.0
2026-04-15 05:00:00+00:00,0.13205371424358162,0.02864847291043642,0.0,0.0
2026-04-15 06:00:00+00:00,0.08066372146389546,0.019843948828825165,0.0,0.0
2026-04-15 07:00:00+00:00,0.10868658750531113,0.030260375492571944,0.0,0.0
2026-04-15 08:00:00+00:00,0.14819264688820807,0.03112682644004304,0.0,0.0
2026-04-15 09:00:00+00:00,0.11835672944123454,0.025868194775790252,0.0,0.0
2026-04-15 10:00:00+00:00,0.11193006348547142,0.025860912202372924,0.0,0.0
2026-04-15 11:00:00+00:00,0.17164631589749135,0.027944411897652857,0.0,0.0
2026-04-15 12:00:00+00:00,0.16796351503343399,0.03264399283790131,0.0,0.0
2026-04-15 13:00:00+00:00,0.09156651965518685,0.0242284381000428,0.0,0.0
2026-04-15 14:00:00+00:00,0.09212518509084915,0.022876943952985174,0.0,0.0
2026-04-15 15:00:00+00:00,0.08262340138985243,0.028211597848063305,0.0,0.0
2026-04-15 16:00:00+00:00,0.0774311377006477,0.020254198168530076,0.0,0.0
2026-04-15 17:00:00+00:00,0.06403847612937492,0.017084803393851565,0.0,0.0
2026-04-15 18:00:00+00:00,0.04226681582458492,0.010824211366457163,0.0,0.0
2026-04-15 19:00:00+00:00,0.08501240281927526,0.019626281949174842,0.0,0.0
2026-04-15 20:00:00+00:00,0.1015771187192025,0.03156879338290055,0.0,0.0
2026-04-15 21:00:00+00:00,0.08995886591692344,0.018264240392992407,0.0,0.0
2026-04-15 22:00:00+00:00,0.14694114233721728,0.03948135358877207,0.0,0.0
2026-04-15 23:00:00+00:00,0.09086396008981766,0.02379345382696974,0.0,0.0
2026-04-16 00:00:00+00:00,0.03687975580752214,0.016661731210414536,0.0,0.0
2026-04-16 01:00:00+00:00,0.025996053553944687,0.013986814267083312,0.0,0.0
2026-04-16 02:00:00+00:00,0.042598601577403285,0.01581408631989074,0.0,0.0
2026-04-16 03:00:00+00:00,0.023225083716990808,0.010396724396612185,0.0,0.0
2026-04-16 04:00:00+00:00,0.03171181714789518,0.011293941319309017,0.0,0.0
2026-04-16 05:00:00+00:00,0.023000273604936408,0.005319249167239917,0.0,0.0
2026-04-16 06:00:00+00:00,0.026696395998453127,0.007084014975160119,0.0,0.0
2026-04-16 07:00:00+00:00,0.017030453308870805,0.012143711730465613,0.0,0.0
2026-04-16 08:00:00+00:00,0.017077381348604752,0.011592976452996034,0.0,0.0
2026-04-16 09:00:00+00:00,0.006151597273748167,0.003776044545755314,0.0,0.0
2026-04-16 10:00:00+00:00,0.006325211873894378,0.009331489990887879,0.0,0.0
2026-04-16 11:00:00+00:00,0.01190134735057617,0.014849208537820638,0.0,0.0
2026-04-16 12:00:00+00:00,0.00925061506890758,0.0073260733698140975,0.0,0.0
2026-04-16 13:00:00+00:00,0.027978635071189483,0.019116173285354098,1.0,0.0
2026-04-16 14:00:00+00:00,0.027759444958441463,0.021776277676404058,1.0,0.0
2026-04-16 15:00:00+00:00,0.04444062340150954,0.020440041464524106,0.0,0.0
2026-04-16 16:00:00+00:00,0.023033765287899095,0.019695243539290187,1.0,0.0
2026-04-16 17:00:00+00:00,0.03349135367917507,0.023981953157539117,1.0,0.0
2026-04-16 18:00:00+00:00,0.04797794703568381,0.027295434591899814,0.0,0.0
2026-04-16 19:00:00+00:00,0.04597525688811701,0.029551664771924547,0.0,0.0
2026-04-16 20:00:00+00:00,0.05001142848811669,0.04147091414311973,0.0,0.0
2026-04-16 21:00:00+00:00,0.03848193928748267,0.033400312205633186,0.0,0.0
2026-04-16 22:00:00+00:00,0.028155689368177392,0.01817194107212557,0.0,0.0
2026-04-16 23:00:00+00:00,0.02962056088088101,0.016999234251219755,0.0,0.0
2026-04-17 00:00:00+00:00,0.017715387624157905,0.0275515509517363,0.0,0.0
2026-04-17 01:00:00+00:00,0.017942093604089562,0.015501735391441696,0.0,0.0
2026-04-17 02:00:00+00:00,0.014563394082230197,0.014458028077766132,0.0,0.0
2026-04-17 03:00:00+00:00,0.014378481987344392,0.026002246687879673,0.0,0.0
2026-04-17 04:00:00+00:00,0.013027825528120105,0.011070527040884985,0.0,0.0
2026-04-17 05:00:00+00:00,0.009794831277091366,0.011958649837897947,0.0,0.0
2026-04-17 06:00:00+00:00,0.020918322998021655,0.010930089887069847,0.0,0.0
2026-04-17 07:00:00+00:00,0.020002927164689557,0.013700291594720691,0.0,0.0
2026-04-17 08:00:00+00:00,0.05997998510653849,0.021772797213254282,0.0,0.0
2026-04-17 09:00:00+00:00,0.05143214090126327,0.02210050635965916,0.0,0.0
2026-04-17 10:00:00+00:00,0.038813048219137815,0.026530387455733273,0.0,0.0
2026-04-17 11:00:00+00:00,0.026892828040715012,0.021819711396332295,0.0,0.0
2026-04-17 12:00:00+00:00,0.04082662428476377,0.02737360952028989,0.0,0.0
2026-04-17 13:00:00+00:00,0.01976592067046801,0.015269481844995504,0.0,0.0
2026-04-17 14:00:00+00:00,0.015850765886342415,0.013129626350382199,0.0,0.0
2026-04-17 15:00:00+00:00,0.027615661364269083,0.015276160909132036,0.0,0.0
2026-04-17 16:00:00+00:00,0.038046928250675904,0.016080456206327868,0.0,0.0
2026-04-17 17:00:00+00:00,0.03331406862827437,0.025107459259388926,0.0,0.0
2026-04-17 18:00:00+00:00,0.014865050925910747,0.022514834397604443,0.0,0.0
2026-04-17 19:00:00+00:00,0.017839037234407478,0.021248133347358505,0.0,0.0
2026-04-17 20:00:00+00:00,0.0160522087421146,0.016409949037098467,0.0,0.0
2026-04-17 21:00:00+00:00,0.012968466031662941,0.008337726850196701,0.0,0.0
2026-04-17 22:00:00+00:00,0.014580226149943448,0.01087957679763663,0.0,0.0
2026-04-17 23:00:00+00:00,0.02295751042477226,0.016236210907385897,0.0,0.0
2026-04-18 00:00:00+00:00,0.036350369262625,0.011087903404425399,0.0,0.0
2026-04-18 01:00:00+00:00,0.02079731142660279,0.006975030569779934,0.0,0.0
2026-04-18 02:00:00+00:00,0.033837790750144585,0.007368445197169729,0.0,0.0
2026-04-18 03:00:00+00:00,0.027403571072047658,0.008707491853818078,0.0,0.0
2026-04-18 04:00:00+00:00,0.0494165425218114,0.011005468759831813,0.0,0.0
2026-04-18 05:00:00+00:00,0.028898041503486297,0.006424233115905673,0.0,0.0
2026-04-18 06:00:00+00:00,0.027299986133187043,0.0057929343518822425,0.0,0.0
2026-04-18 07:00:00+00:00,0.03434859444646998,0.00860337303147714,0.0,0.0
2026-04-18 08:00:00+00:00,0.046517125522769265,0.014955470149887636,0.0,0.0
2026-04-18 09:00:00+00:00,0.033929349779361385,0.010086457290112828,0.0,0.0
2026-04-18 10:00:00+00:00,0.023492513312029267,0.011903513654112503,0.0,0.0
2026-04-18 11:00:00+00:00,0.02540807133816626,0.015150761729832802,0.0,0.0
2026-04-18 12:00:00+00:00,0.027562194731629977,0.011510397903387074,0.0,0.0
2026-04-18 13:00:00+00:00,0.013952141088937414,0.007295284205931459,0.0,0.0
2026-04-18 14:00:00+00:00,0.013736214775327152,0.005960651802461765,0.0,0.0
2026-04-18 15:00:00+00:00,0.009515698745652312,0.002928527504328151,0.0,0.0
2026-04-18 16:00:00+00:00,0.015793116251986608,0.008650722544436424,0.0,0.0
2026-04-18 17:00:00+00:00,0.006581165606687824,0.0032941675785990855,0.0,0.0
2026-04-18 18:00:00+00:00,0.011135120568261853,0.012734588161059478,0.0,0.0
2026-04-18 19:00:00+00:00,0.003436435654113671,0.0030633594365984313,0.0,0.0
2026-04-18 20:00:00+00:00,0.010966382899505467,0.011886106400817525,0.0,0.0
2026-04-18 21:00:00+00:00,0.005227980629572183,0.0044532331822741,0.0,0.0
2026-04-18 22:00:00+00:00,0.005368940365915045,0.004094415691721225,0.0,0.0
2026-04-18 23:00:00+00:00,0.0038166928993614204,0.0035395791686337725,0.0,0.0
2026-04-19 00:00:00+00:00,0.02655853250661314,0.01670293938472176,0.0,0.0
2026-04-19 01:00:00+00:00,0.02382743554256531,0.015338356499512195,0.0,0.0
2026-04-19 02:00:00+00:00,0.01595535073195768,0.009843858023758525,0.0,0.0
2026-04-19 03:00:00+00:00,0.012561189230765732,0.008802448692010627,0.0,0.0
2026-04-19 04:00:00+00:00,0.02327902088462776,0.013921533393268098,0.0,0.0
2026-04-19 05:00:00+00:00,0.01133522695804525,0.007728613230062669,0.0,0.0
2026-04-19 06:00:00+00:00,0.012673367991732196,0.01475970667276129,0.0,0.0
2026-04-19 07:00:00+00:00,0.010175013888550672,0.01864691268757225,0.0,0.0
2026-04-19 08:00:00+00:00,0.006575071140311001,0.011520485417062083,0.0,0.0
2026-04-19 09:00:00+00:00,0.004284240100750499,0.011335811611279134,0.0,0.0
2026-04-19 10:00:00+00:00,0.0063654824243521485,0.01121573799074258,0.0,0.0
2026-04-19 11:00:00+00:00,0.015781187349304213,0.01545307406910469,0.0,0.0
2026-04-19 12:00:00+00:00,0.021080467183995935,0.019446817066767902,0.0,0.0
2026-04-19 13:00:00+00:00,0.03938065725751775,0.02226376680463038,0.0,0.0
2026-04-19 14:00:00+00:00,0.03453833143635445,0.02145700233515127,0.0,0.0
2026-04-19 15:00:00+00:00,0.03742309182834578,0.02900313422224875,0.0,0.0
2026-04-19 16:00:00+00:00,0.02549394734191222,0.026051142474692045,0.0,0.0
2026-04-19 17:00:00+00:00,0.022919974124647424,0.03505920231336144,0.0,0.0
2026-04-19 18:00:00+00:00,0.013505844106235482,0.027083912311512606,0.0,0.0
2026-04-19 19:00:00+00:00,0.01817883494992382,0.02243601001737247,0.0,0.0
2026-04-19 20:00:00+00:00,0.02448043765215781,0.04247039140560704,0.0,0.0
2026-04-19 21:00:00+00:00,0.032545495787756874,0.038531883033988384,0.0,0.0
2026-04-19 22:00:00+00:00,0.04200710000777391,0.07460608544430253,0.0,0.0
2026-04-19 23:00:00+00:00,0.016277785398740252,0.030231466427908877,0.0,0.0
2026-04-20 00:00:00+00:00,0.0373579185362398,0.026684536186180986,0.0,0.0
2026-04-20 01:00:00+00:00,0.0476787344207226,0.05080546006554983,0.0,0.0
2026-04-20 02:00:00+00:00,0.054577069915716876,0.07009584069964996,0.0,0.0
2026-04-20 03:00:00+00:00,0.030847366603430886,0.02788747282187327,0.0,0.0
2026-04-20 04:00:00+00:00,0.03204123103684738,0.027542406317470246,0.0,0.0
2026-04-20 05:00:00+00:00,0.03651151868900787,0.043127559286364414,0.0,0.0
2026-04-20 06:00:00+00:00,0.02591215936183841,0.031239468207282378,0.0,0.0
2026-04-20 07:00:00+00:00,0.056496821040811794,0.0639341273236036,0.0,0.0
2026-04-20 08:00:00+00:00,0.053587486484786284,0.06018983511407073,0.0,0.0
2026-04-20 09:00:00+00:00,0.03827396475489078,0.0514077664797803,0.0,0.0
2026-04-20 10:00:00+00:00,0.04390026853320066,0.03250449985972458,0.0,0.0
2026-04-20 11:00:00+00:00,0.045959370564415215,0.027767178660691488,0.0,0.0
2026-04-20 12:00:00+00:00,0.049765365484969425,0.04578374444701545,0.0,0.0
2026-04-20 13:00:00+00:00,0.036944060238574106,0.05409098254711173,0.0,0.0
2026-04-20 14:00:00+00:00,0.0497500541514555,0.046418054086185996,0.0,0.0
2026-04-20 15:00:00+00:00,0.04426157305539722,0.04056827938144433,0.0,0.0
2026-04-20 16:00:00+00:00,0.06107044087419874,0.06117224481825917,0.0,0.0
2026-04-20 17:00:00+00:00,0.05437865391625845,0.05449438775952831,0.0,0.0
2026-04-20 18:00:00+00:00,0.049972149631698236,0.06233012956249484,0.0,0.0
2026-04-20 19:00:00+00:00,0.10428580905167627,0.09135366886877007,0.0,0.0
2026-04-20 20:00:00+00:00,0.07482743025423118,0.0795656351893228,0.0,0.0
2026-04-20 21:00:00+00:00,0.09106199296750624,0.07002831105834928,0.0,0.0
2026-04-20 22:00:00+00:00,0.05717268054052474,0.023740405182944086,0.0,0.0
2026-04-20 23:00:00+00:00,0.07132136924527825,0.026526576051956154,0.0,0.0
2026-04-21 00:00:00+00:00,0.043628337971053775,0.017902275298977543,0.0,0.0
2026-04-21 01:00:00+00:00,0.07551706398098784,0.026689473952041756,0.0,0.0
2026-04-21 02:00:00+00:00,0.0908859884818747,0.03403022925313481,0.0,0.0
2026-04-21 03:00:00+00:00,0.047244574293670905,0.01226848491878913,0.0,0.0
2026-04-21 04:00:00+00:00,0.06636059884625406,0.01695419052214503,0.0,0.0
2026-04-21 05:00:00+00:00,0.06044140079031226,0.013687829127173189,0.0,0.0
2026-04-21 06:00:00+00:00,0.08396774435081665,0.01880029330235603,0.0,0.0
2026-04-21 07:00:00+00:00,0.09065854394863616,0.018728167641634083,0.0,0.0
2026-04-21 08:00:00+00:00,0.1379204963483317,0.020329228127611454,0.0,0.0
2026-04-21 09:00:00+00:00,0.11465044389724631,0.022015408672841883,0.0,0.0
2026-04-21 10:00:00+00:00,0.09023884703112585,0.02446684201196313,0.0,0.0
2026-04-21 11:00:00+00:00,0.09857241602883297,0.02332747415663922,0.0,0.0
2026-04-21 12:00:00+00:00,0.09869702704242955,0.04732531440086596,0.0,0.0
2026-04-21 13:00:00+00:00,0.05553299657477995,0.022919272997666176,0.0,0.0
2026-04-21 14:00:00+00:00,0.10022185553580416,0.03644974447872463,1.0,0.0
2026-04-21 15:00:00+00:00,0.06125089380282145,0.019971029844618945,1.0,0.0
2026-04-21 16:00:00+00:00,0.09848276153978691,0.020425963896987653,0.0,0.0
2026-04-21 17:00:00+00:00,0.08329489529642284,0.023392704360974615,1.0,0.0
2026-04-21 18:00:00+00:00,0.07623651199153357,0.014921884736223573,1.0,0.0
2026-04-21 19:00:00+00:00,0.08806564295644186,0.02952514651784062,1.0,0.0
2026-04-21 20:00:00+00:00,0.07614572466616266,0.01660167724839069,0.0,0.0
2026-04-21 21:00:00+00:00,0.10122027577076365,0.02739648760662164,1.0,0.0
2026-04-21 22:00:00+00:00,0.08514203383770592,0.026111120912263624,0.0,0.0
2026-04-21 23:00:00+00:00,0.10289859048558446,0.03034222553820795,0.0,0.0
2026-04-22 00:00:00+00:00,0.07697111495251534,0.03248417460289398,0.0,0.0
2026-04-22 01:00:00+00:00,0.0635334995735831,0.02918551428199646,0.0,0.0
2026-04-22 02:00:00+00:00,0.06110695330686352,0.027357879758813892,0.0,0.0
2026-04-22 03:00:00+00:00,0.045542127928648535,0.04383492461149813,0.0,0.0
2026-04-22 04:00:00+00:00,0.057183892804115344,0.030710220124569743,0.0,0.0
2026-04-22 05:00:00+00:00,0.04815127012145148,0.048156187309083685,0.0,0.0
2026-04-22 06:00:00+00:00,0.07368548461764586,0.04513709911847963,0.0,0.0
2026-04-22 07:00:00+00:00,0.08658581383921087,0.036095526386928305,0.0,0.0
2026-04-22 08:00:00+00:00,0.05952179401930762,0.036666903780818154,0.0,0.0
2026-04-22 09:00:00+00:00,0.0618795412162795,0.024468504612279517,0.0,0.0
2026-04-22 10:00:00+00:00,0.07087014696481968,0.01580089727565977,0.0,0.0
2026-04-22 11:00:00+00:00,0.08753732601625656,0.019016300632925646,0.0,0.0
2026-04-22 12:00:00+00:00,0.11063692209666927,0.027353738690474888,0.0,0.0
2026-04-22 13:00:00+00:00,0.1230985327283756,0.03502180204620257,0.0,0.0
2026-04-22 14:00:00+00:00,0.11021873305243472,0.03932225336609157,0.0,0.0
2026-04-22 15:00:00+00:00,0.09692771604049821,0.0392823898600998,0.0,0.0
2026-04-22 16:00:00+00:00,0.1129217938743284,0.05123102625010908,0.0,0.0
2026-04-22 17:00:00+00:00,0.16005394322949976,0.04127755993740683,0.0,0.0
2026-04-22 18:00:00+00:00,0.09432674667079248,0.021309544785339935,0.0,0.0
2026-04-22 19:00:00+00:00,0.10265291038458176,0.034637512858450396,0.0,0.0
2026-04-22 20:00:00+00:00,0.07202864804987712,0.02106089996475247,0.0,0.0
2026-04-22 21:00:00+00:00,0.08830011496061974,0.01842472892507929,0.0,0.0
2026-04-22 22:00:00+00:00,0.0777220403242161,0.012950692907557015,0.0,0.0
2026-04-22 23:00:00+00:00,0.10564674449307561,0.032273455871893446,0.0,0.0
2026-04-23 00:00:00+00:00,0.07402536448416809,0.021686273185123454,0.0,0.0
2026-04-23 01:00:00+00:00,0.06452079866335737,0.020394610327533803,0.0,0.0
2026-04-23 02:00:00+00:00,0.040997671009555904,0.016903053446813608,0.0,0.0
2026-04-23 03:00:00+00:00,0.044169813932648294,0.019967968201191476,0.0,0.0
2026-04-23 04:00:00+00:00,0.02553234514500033,0.00746587740930436,0.0,0.0
2026-04-23 05:00:00+00:00,0.03521370961336003,0.010685649774652665,0.0,0.0
2026-04-23 06:00:00+00:00,0.03248315241463399,0.008682035241917024,0.0,0.0
2026-04-23 07:00:00+00:00,0.017528934026991717,0.005323684539669842,0.0,0.0
2026-04-23 08:00:00+00:00,0.035296077810389646,0.012271306798538257,0.0,0.0
2026-04-23 09:00:00+00:00,0.029560473143682504,0.01105634986454975,0.0,0.0
2026-04-23 10:00:00+00:00,0.025347574226693953,0.014199867800920779,0.0,0.0
2026-04-23 11:00:00+00:00,0.021374469427381786,0.008404220793708818,0.0,0.0
2026-04-23 12:00:00+00:00,0.027419613391513702,0.012398257861288826,0.0,0.0
2026-04-23 13:00:00+00:00,0.02173046184852794,0.01203932524820192,0.0,0.0
2026-04-23 14:00:00+00:00,0.05949886136025887,0.016355309424625267,0.0,0.0
2026-04-23 15:00:00+00:00,0.06924438729156096,0.0200887253486608,0.0,0.0
2026-04-23 16:00:00+00:00,0.026969271575435595,0.01392612783270993,0.0,0.0
2026-04-23 17:00:00+00:00,0.04163405184344623,0.018178791235179483,0.0,0.0
2026-04-23 18:00:00+00:00,0.03565752066258936,0.020586216342370525,0.0,0.0
2026-04-23 19:00:00+00:00,0.02570162212935957,0.02337917057176585,0.0,0.0
2026-04-23 20:00:00+00:00,0.016630950428283355,0.012204642984625239,0.0,0.0
2026-04-23 21:00:00+00:00,0.009060866522567093,0.006280761365154289,0.0,0.0
2026-04-23 22:00:00+00:00,0.019886570142096823,0.008636609928514241,0.0,0.0
2026-04-23 23:00:00+00:00,0.01910120449873128,0.007919940224813364,0.0,0.0
2026-04-24 00:00:00+00:00,0.0160007805022003,0.007997377769764514,0.0,0.0
2026-04-24 01:00:00+00:00,0.01941549346001026,0.010317428274137421,0.0,0.0
2026-04-24 02:00:00+00:00,0.018446146418453616,0.012609509262273303,0.0,0.0
2026-04-24 03:00:00+00:00,0.01703710813679774,0.02250945211754299,0.0,0.0
2026-04-24 04:00:00+00:00,0.011871315383691941,0.01874564045772403,0.0,0.0
2026-04-24 05:00:00+00:00,0.011897507157881404,0.009579690132297834,0.0,0.0
2026-04-24 06:00:00+00:00,0.004248592227497204,0.006316810353358119,0.0,0.0
2026-04-24 07:00:00+00:00,0.00859063269148876,0.016250078455955653,0.0,0.0
2026-04-24 08:00:00+00:00,0.010634569809468664,0.01086752873092441,0.0,0.0
2026-04-24 09:00:00+00:00,0.006172031277737984,0.007721810593935366,0.0,0.0
2026-04-24 10:00:00+00:00,0.00521075514957556,0.005286231871412038,0.0,0.0
2026-04-24 11:00:00+00:00,0.013663057885942034,0.011247159364270946,0.0,0.0
2026-04-24 12:00:00+00:00,0.011586428856319893,0.007037881668118316,0.0,0.0
2026-04-24 13:00:00+00:00,0.015719942107396495,0.011906970798712576,0.0,0.0
2026-04-24 14:00:00+00:00,0.007715014361429525,0.013570032371696641,0.0,0.0
2026-04-24 15:00:00+00:00,0.009576590383647594,0.010389624297757435,0.0,0.0
2026-04-24 16:00:00+00:00,0.005189708986635699,0.01018984453907523,0.0,0.0
2026-04-24 17:00:00+00:00,0.0029811864635932634,0.007260684751658242,0.0,0.0
2026-04-24 18:00:00+00:00,0.0025215190046993844,0.004218596310778644,0.0,0.0
2026-04-24 19:00:00+00:00,0.0017139382785025892,0.0030370162392098273,0.0,0.0
2026-04-24 20:00:00+00:00,0.003182898976132213,0.004793325730681896,0.0,0.0
2026-04-24 21:00:00+00:00,0.002466360136913152,0.005620852439224208,0.0,0.0
2026-04-24 22:00:00+00:00,0.002284778018778877,0.005546654082739435,0.0,0.0
2026-04-24 23:00:00+00:00,0.0024030798056485407,0.004792995517291124,0.0,0.0
2026-04-25 00:00:00+00:00,0.007010485132250857,0.010144477435058924,0.0,0.0
2026-04-25 01:00:00+00:00,0.005012102739908371,0.0051053861887411425,0.0,0.0
2026-04-25 02:00:00+00:00,0.004615737842832658,0.00419331891501244,0.0,0.0
2026-04-25 03:00:00+00:00,0.0037134808803243866,0.002057761136662783,0.0,0.0
2026-04-25 04:00:00+00:00,0.004689752406415243,0.004142501920516625,0.0,0.0
2026-04-25 05:00:00+00:00,0.002354834130095995,0.0029410928116464924,0.0,0.0
2026-04-25 06:00:00+00:00,0.002718279307380729,0.003783379105468676,0.0,0.0
2026-04-25 07:00:00+00:00,0.002236532834214135,0.002485571912663725,0.0,0.0
2026-04-25 08:00:00+00:00,0.0023303930006567963,0.0018855577935496775,0.0,0.0
2026-04-25 09:00:00+00:00,0.0027708679678689063,0.00206394553952995,0.0,0.0
2026-04-25 10:00:00+00:00,0.004769223637017538,0.003218281786275585,0.0,0.0
2026-04-25 11:00:00+00:00,0.0025599979409175024,0.001840341861656409,0.0,0.0
2026-04-25 12:00:00+00:00,0.0015900837690325346,0.0016344351154422112,0.0,0.0
2026-04-25 13:00:00+00:00,0.002291058079526702,0.0020158832761260955,0.0,0.0
2026-04-25 14:00:00+00:00,0.0029696870720131887,0.0026477082624762325,0.0,0.0
2026-04-25 15:00:00+00:00,0.004430432042256739,0.011403817302553772,0.0,0.0
2026-04-25 16:00:00+00:00,0.003908571715498184,0.010581975518368744,0.0,0.0
2026-04-25 17:00:00+00:00,0.0020842277915539068,0.003455116261138255,0.0,0.0
2026-04-25 18:00:00+00:00,0.0035303424369968945,0.008841486172630314,0.0,0.0
2026-04-25 19:00:00+00:00,0.0031400440128761067,0.007810290067894057,0.0,0.0
2026-04-25 20:00:00+00:00,0.0027105433590604803,0.0017012249693826667,0.0,0.0
2026-04-25 21:00:00+00:00,0.00426523197961094,0.0028607056913212262,0.0,0.0
2026-04-25 22:00:00+00:00,0.006962124588768087,0.005614733603927308,0.0,0.0
2026-04-25 23:00:00+00:00,0.005555797860464867,0.00455243736415236,0.0,0.0
2026-04-26 00:00:00+00:00,0.02722049763186418,0.017926378462226,0.0,0.0
2026-04-26 01:00:00+00:00,0.011848574561838042,0.005145540885888731,0.0,0.0
2026-04-26 02:00:00+00:00,0.010869650833542384,0.003962404840176685,0.0,0.0
2026-04-26 03:00:00+00:00,0.01133957393164299,0.007908567916204411,0.0,0.0
2026-04-26 04:00:00+00:00,0.02479069472418714,0.007081547755549259,0.0,0.0
2026-04-26 05:00:00+00:00,0.04200880663804746,0.011764264434298807,0.0,0.0
2026-04-26 06:00:00+00:00,0.026922320067126675,0.005680640399609374,0.0,0.0
2026-04-26 07:00:00+00:00,0.020504807468234753,0.004194420504694099,0.0,0.0
2026-04-26 08:00:00+00:00,0.024599589620749544,0.006216054721169641,0.0,0.0
2026-04-26 09:00:00+00:00,0.01842660752022521,0.003722189356998301,0.0,0.0
2026-04-26 10:00:00+00:00,0.016176742850928145,0.003913250681749178,0.0,0.0
2026-04-26 11:00:00+00:00,0.018419559554944093,0.0037708798532266035,0.0,0.0
2026-04-26 12:00:00+00:00,0.022877081501698756,0.01036646421501398,0.0,0.0
2026-04-26 13:00:00+00:00,0.02109963932454188,0.01059409762628608,0.0,0.0
2026-04-26 14:00:00+00:00,0.02999161190168102,0.01374067446525521,0.0,0.0
2026-04-26 15:00:00+00:00,0.027735160032571187,0.008039338075085853,0.0,0.0
2026-04-26 16:00:00+00:00,0.01974852433542174,0.007209201658558949,0.0,0.0
2026-04-26 17:00:00+00:00,0.03132593992051059,0.015557658631256736,0.0,0.0
2026-04-26 18:00:00+00:00,0.044739774971583955,0.010670294097890103,0.0,0.0
2026-04-26 19:00:00+00:00,0.07830822150854595,0.022556601238334476,0.0,0.0
2026-04-26 20:00:00+00:00,0.03460957265143645,0.008329555352633067,0.0,0.0
2026-04-26 21:00:00+00:00,0.08573722714835248,0.018043401295230577,0.0,0.0
2026-04-26 22:00:00+00:00,0.11191518831541775,0.03167004107211956,0.0,0.0
2026-04-26 23:00:00+00:00,0.07020944137162687,0.015602260629871087,0.0,0.0
2026-04-27 00:00:00+00:00,0.07981763536463032,0.01913592487360208,0.0,0.0
2026-04-27 01:00:00+00:00,0.10373677787630668,0.022002338772563735,0.0,0.0
2026-04-27 02:00:00+00:00,0.08440861177618235,0.02848744135273781,0.0,0.0
2026-04-27 03:00:00+00:00,0.07685725883462124,0.01982381582535703,0.0,0.0
2026-04-27 04:00:00+00:00,0.07175818419068991,0.018408294645414023,0.0,0.0
2026-04-27 05:00:00+00:00,0.058697818506218025,0.03561594823561522,0.0,0.0
2026-04-27 06:00:00+00:00,0.0248921398960165,0.014149994896615841,0.0,0.0
2026-04-27 07:00:00+00:00,0.04089829523760113,0.030894357426690125,0.0,0.0
2026-04-27 08:00:00+00:00,0.04772396837806072,0.023043054260745054,0.0,0.0
2026-04-27 09:00:00+00:00,0.06461060806960807,0.03327970577925287,0.0,0.0
2026-04-27 10:00:00+00:00,0.07407262574395444,0.015165000148309895,0.0,0.0
2026-04-27 11:00:00+00:00,0.04367189245802013,0.006584643316861112,0.0,0.0
2026-04-27 12:00:00+00:00,0.039691948413890205,0.012235479445064487,0.0,0.0
2026-04-27 13:00:00+00:00,0.027495709006591124,0.012776216086754952,0.0,0.0
2026-04-27 14:00:00+00:00,0.04974517876801621,0.018390220847480942,0.0,0.0
2026-04-27 15:00:00+00:00,0.06599771330882827,0.03447330512371307,0.0,0.0
2026-04-27 16:00:00+00:00,0.04060322625593769,0.03298057021357098,0.0,0.0
2026-04-27 17:00:00+00:00,0.05946182185011495,0.04314740799346176,0.0,0.0
2026-04-27 18:00:00+00:00,0.05307196687748108,0.038162788845025046,0.0,0.0
2026-04-27 19:00:00+00:00,0.08853695057213617,0.04396485140303619,0.0,0.0
2026-04-27 20:00:00+00:00,0.06442898324766334,0.028434651159799748,0.0,0.0
2026-04-27 21:00:00+00:00,0.051557152261197746,0.024028579700802768,0.0,0.0
2026-04-27 22:00:00+00:00,0.06934164246031115,0.032403151446931136,0.0,0.0
2026-04-27 23:00:00+00:00,0.05576842609678423,0.03230571666501602,0.0,0.0
2026-04-28 00:00:00+00:00,0.04495065094076589,0.026863060449267086,0.0,0.0
2026-04-28 01:00:00+00:00,0.08440757917664171,0.055605737625930574,0.0,0.0
2026-04-28 02:00:00+00:00,0.0738254958624568,0.05220452701792058,0.0,0.0
2026-04-28 03:00:00+00:00,0.04789383036054121,0.03114281693883174,0.0,0.0
2026-04-28 04:00:00+00:00,0.0507780409283966,0.02503829445736705,0.0,0.0
2026-04-28 05:00:00+00:00,0.040825219555879165,0.030286087895858054,0.0,0.0
2026-04-28 06:00:00+00:00,0.04190013515313243,0.025769109889408653,0.0,0.0
2026-04-28 07:00:00+00:00,0.03789198094038846,0.03044181432121526,0.0,0.0
2026-04-28 08:00:00+00:00,0.04673986429651867,0.03570581182890766,0.0,0.0
2026-04-28 09:00:00+00:00,0.02807280149845161,0.023086442543239855,0.0,0.0
2026-04-28 10:00:00+00:00,0.02219842601702259,0.023022137605572656,0.0,0.0
2026-04-28 11:00:00+00:00,0.02774650701408013,0.04560276015426184,0.0,0.0
2026-04-28 12:00:00+00:00,0.027483898399870265,0.03413703970683166,0.0,0.0
2026-04-28 13:00:00+00:00,0.0330234085380733,0.05109924901213273,0.0,0.0
2026-04-28 14:00:00+00:00,0.03265183868026503,0.04233849412496062,0.0,0.0
2026-04-28 15:00:00+00:00,0.01550889095219797,0.02142766358572684,0.0,0.0
2026-04-28 16:00:00+00:00,0.018084030704590196,0.02399731033299993,0.0,0.0
2026-04-28 17:00:00+00:00,0.014567881138199124,0.015470656722882975,0.0,0.0
2026-04-28 18:00:00+00:00,0.017426468744177328,0.020397452215261732,0.0,0.0
2026-04-28 19:00:00+00:00,0.01517328709326705,0.011888686042563138,0.0,0.0
2026-04-28 20:00:00+00:00,0.023359564643759944,0.014473076558500579,0.0,0.0
2026-04-28 21:00:00+00:00,0.02125293261818942,0.02080798746768416,0.0,0.0
2026-04-28 22:00:00+00:00,0.013013913660835638,0.013835704804605393,0.0,0.0
2026-04-28 23:00:00+00:00,0.01723798913191404,0.014122071847307608,0.0,0.0
2026-04-29 00:00:00+00:00,0.016809158982698778,0.027019535730873814,0.0,0.0
2026-04-29 01:00:00+00:00,0.015310238995934278,0.019643305398243393,0.0,0.0
2026-04-29 02:00:00+00:00,0.012613023954737465,0.01942164776875713,0.0,0.0
2026-04-29 03:00:00+00:00,0.028820928932058242,0.0216755907811574,0.0,0.0
2026-04-29 04:00:00+00:00,0.04131302498939749,0.024003865678070137,0.0,0.0
2026-04-29 05:00:00+00:00,0.024356991343459828,0.01861256864586537,0.0,0.0
2026-04-29 06:00:00+00:00,0.023652414786516446,0.03217845251490722,0.0,0.0
2026-04-29 07:00:00+00:00,0.032561867371226065,0.03421443899449383,0.0,0.0
2026-04-29 08:00:00+00:00,0.024568342889251745,0.022418245746978083,0.0,0.0
2026-04-29 09:00:00+00:00,0.024519008871284515,0.023188893477180606,0.0,0.0
2026-04-29 10:00:00+00:00,0.025953417080778973,0.02468540461191238,0.0,0.0
2026-04-29 11:00:00+00:00,0.024643018863754196,0.01854461441769062,0.0,0.0
2026-04-29 12:00:00+00:00,0.017371811467265148,0.039155011491545384,0.0,0.0
2026-04-29 13:00:00+00:00,0.0230690047936928,0.052677144483505585,0.0,0.0
2026-04-29 14:00:00+00:00,0.01256870606151201,0.030092399018410463,0.0,0.0
2026-04-29 15:00:00+00:00,0.02082031958932777,0.03346958503750131,0.0,0.0
2026-04-29 16:00:00+00:00,0.01309419619204754,0.0221388497567732,0.0,0.0
2026-04-29 17:00:00+00:00,0.026795781870071245,0.023136790628679512,0.0,0.0
2026-04-29 18:00:00+00:00,0.06050074560895924,0.05338433340554181,0.0,0.0
2026-04-29 19:00:00+00:00,0.028117518766219384,0.018695514515105656,0.0,0.0
2026-04-29 20:00:00+00:00,0.03393265896398049,0.038248119026174254,0.0,0.0
2026-04-29 21:00:00+00:00,0.03764763953725208,0.03424193693002428,0.0,0.0
2026-04-29 22:00:00+00:00,0.03550659683961745,0.03366373247626101,0.0,0.0
2026-04-29 23:00:00+00:00,0.025709828017007063,0.030116643736074727,0.0,0.0
2026-04-30 00:00:00+00:00,0.03510350693938433,0.036831028590674726,0.0,0.0
2026-04-30 01:00:00+00:00,0.023132844555692655,0.0402035438508597,0.0,0.0
2026-04-30 02:00:00+00:00,0.042755720109213156,0.09932968622389261,0.0,0.0
2026-04-30 03:00:00+00:00,0.01853695242322767,0.02300521200960695,0.0,0.0
2026-04-30 04:00:00+00:00,0.02784267354680243,0.06690688989946969,0.0,0.0
2026-04-30 05:00:00+00:00,0.022907086891976753,0.04669656836925778,0.0,0.0
2026-04-30 06:00:00+00:00,0.017725145483138253,0.047213451288432275,0.0,0.0
2026-04-30 07:00:00+00:00,0.02009369606130874,0.03906460033663732,0.0,0.0
2026-04-30 08:00:00+00:00,0.021482303858443016,0.03766678359348983,0.0,0.0
2026-04-30 09:00:00+00:00,0.019486994669477658,0.04521470281476612,0.0,0.0
2026-04-30 10:00:00+00:00,0.01418279429338927,0.03102409853362691,0.0,0.0
2026-04-30 11:00:00+00:00,0.022789514636741084,0.054573156519150186,0.0,0.0
2026-04-30 12:00:00+00:00,0.018080923061574897,0.058606740623941306,0.0,0.0
2026-04-30 13:00:00+00:00,0.021000472336222754,0.04285562846412377,0.0,0.0
2026-04-30 14:00:00+00:00,0.017514620466364608,0.043621813652760306,0.0,0.0
2026-04-30 15:00:00+00:00,0.016980405653081742,0.026312325010095085,0.0,0.0
2026-04-30 16:00:00+00:00,0.006894270394224891,0.012577745993822692,0.0,0.0
2026-04-30 17:00:00+00:00,0.013071229420639754,0.02350636126061391,0.0,0.0
2026-04-30 18:00:00+00:00,0.006464617524875374,0.010287266999195114,0.0,0.0
2026-04-30 19:00:00+00:00,0.0115921853747051,0.018502137973272423,0.0,0.0
2026-04-30 20:00:00+00:00,0.01217812310164012,0.013985501069953483,0.0,0.0
2026-04-30 21:00:00+00:00,0.009361226884777215,0.01487015701526565,0.0,0.0
2026-04-30 22:00:00+00:00,0.008515721666498053,0.012711933142225915,0.0,0.0
2026-04-30 23:00:00+00:00,0.013296655897197985,0.013228349105756106,0.0,0.0
2026-05-01 00:00:00+00:00,0.01087313777817856,0.014134495155769049,0.0,0.0
2026-05-01 01:00:00+00:00,0.013421532940470179,0.010649147941874632,0.0,0.0
2026-05-01 02:00:00+00:00,0.006581748288013994,0.0052347865901193795,0.0,0.0
2026-05-01 03:00:00+00:00,0.031002407896783185,0.01148032565986798,0.0,0.0
2026-05-01 04:00:00+00:00,0.016901233244690127,0.010504575759347217,0.0,0.0
2026-05-01 05:00:00+00:00,0.008048744597350752,0.004186744554636942,0.0,0.0
2026-05-01 06:00:00+00:00,0.010248876809198929,0.008773457525745695,0.0,0.0
2026-05-01 07:00:00+00:00,0.0077305863402553745,0.0053218744164019215,0.0,0.0
2026-05-01 08:00:00+00:00,0.009736148427357325,0.005888768306518649,0.0,0.0
2026-05-01 09:00:00+00:00,0.0060797865873011,0.00511610202306947,0.0,0.0
2026-05-01 10:00:00+00:00,0.005169965174353021,0.004082833124247028,0.0,0.0
2026-05-01 11:00:00+00:00,0.011435982768592026,0.005034343586991421,0.0,0.0
2026-05-01 12:00:00+00:00,0.01923806048369028,0.005831045105726137,0.0,0.0
2026-05-01 13:00:00+00:00,0.025349948204969972,0.008292470245909948,0.0,0.0
2026-05-01 14:00:00+00:00,0.026652236145374274,0.013912159008660226,0.0,0.0
2026-05-01 15:00:00+00:00,0.030869137303607685,0.011873136802600139,0.0,0.0
2026-05-01 16:00:00+00:00,0.024386117047048555,0.01447543677520951,0.0,0.0
2026-05-01 17:00:00+00:00,0.020711276976168105,0.008083123810974759,0.0,0.0
2026-05-01 18:00:00+00:00,0.01762425375232493,0.013227857172541805,0.0,0.0
2026-05-01 19:00:00+00:00,0.021958851696156644,0.012022986951819525,0.0,0.0
2026-05-01 20:00:00+00:00,0.019316463424973094,0.016371571011370895,0.0,0.0
2026-05-01 21:00:00+00:00,0.018677593000581236,0.00832025374538937,0.0,0.0
2026-05-01 22:00:00+00:00,0.006883095114855429,0.004694032589530082,0.0,0.0
2026-05-01 23:00:00+00:00,0.015594747183858546,0.005163073188507241,0.0,0.0
2026-05-02 00:00:00+00:00,0.03163711631215131,0.007161437996941224,0.0,0.0
2026-05-02 01:00:00+00:00,0.04682377140533835,0.00865102755859082,0.0,0.0
2026-05-02 02:00:00+00:00,0.03317406468509618,0.005012245419258458,0.0,0.0
2026-05-02 03:00:00+00:00,0.04078249586725336,0.006327934417458912,0.0,0.0
2026-05-02 04:00:00+00:00,0.036407687255256456,0.01126988846004424,0.0,0.0
2026-05-02 05:00:00+00:00,0.0437847144379443,0.00886559072004554,0.0,0.0
2026-05-02 06:00:00+00:00,0.03519292496547384,0.0074809146432475515,0.0,0.0
2026-05-02 07:00:00+00:00,0.018968159570051445,0.004017221651836142,0.0,0.0
2026-05-02 08:00:00+00:00,0.03473693830492198,0.005745020131252902,0.0,0.0
2026-05-02 09:00:00+00:00,0.029324432268761153,0.005285959252931232,0.0,0.0
2026-05-02 10:00:00+00:00,0.01867100823060012,0.002470687849066138,0.0,0.0
2026-05-02 11:00:00+00:00,0.02504853423183551,0.005901492420726116,0.0,0.0
2026-05-02 12:00:00+00:00,0.021490818422074922,0.0044262005727551314,0.0,0.0
2026-05-02 13:00:00+00:00,0.023636118896707747,0.0031998167047551074,0.0,0.0
2026-05-02 14:00:00+00:00,0.020846742158666623,0.002675491618331669,0.0,0.0
2026-05-02 15:00:00+00:00,0.01502885752090218,0.0017631224958573096,0.0,0.0
2026-05-02 16:00:00+00:00,0.021816356479741034,0.0021918791478803333,0.0,0.0
2026-05-02 17:00:00+00:00,0.021238802344501862,0.0027502691908097916,0.0,0.0
2026-05-02 18:00:00+00:00,0.01581414604840344,0.0016598849211361011,0.0,0.0
2026-05-02 19:00:00+00:00,0.020278228338944937,0.0029030462714395855,0.0,0.0
2026-05-02 20:00:00+00:00,0.0060275737649505,0.0007254163191285277,0.0,0.0
2026-05-02 21:00:00+00:00,0.059689398615602414,0.008002745010878097,0.0,0.0
2026-05-02 22:00:00+00:00,0.025837845975333295,0.0028564998571403697,0.0,0.0
2026-05-02 23:00:00+00:00,0.018883790847526994,0.002478029299898365,0.0,0.0
2026-05-03 00:00:00+00:00,0.07606929752762359,0.013812033988770697,0.0,0.0
2026-05-03 01:00:00+00:00,0.06717475713359522,0.02484334569568093,0.0,0.0
2026-05-03 02:00:00+00:00,0.03785944023902915,0.011552217375641695,0.0,0.0
2026-05-03 03:00:00+00:00,0.025856605495417236,0.008209770217656287,0.0,0.0
2026-05-03 04:00:00+00:00,0.015865569517868893,0.004040979566474194,0.0,0.0
2026-05-03 05:00:00+00:00,0.017767758991339585,0.0035558455814304647,0.0,0.0
2026-05-03 06:00:00+00:00,0.03091611386877144,0.006901239251134425,0.0,0.0
2026-05-03 07:00:00+00:00,0.027087082130867194,0.004976929390864739,0.0,0.0
2026-05-03 08:00:00+00:00,0.017019122382785995,0.001949789009584631,0.0,0.0
2026-05-03 09:00:00+00:00,0.029640788511610894,0.004373117637390279,0.0,0.0
2026-05-03 10:00:00+00:00,0.0201228010778404,0.002999899513364702,0.0,0.0
2026-05-03 11:00:00+00:00,0.05214289748351273,0.009490208695057513,0.0,0.0
2026-05-03 12:00:00+00:00,0.04825033262348524,0.007016173242558537,0.0,0.0
2026-05-03 13:00:00+00:00,0.0455455426523556,0.0075890962386496175,0.0,0.0
2026-05-03 14:00:00+00:00,0.042491994135708006,0.011477688404597952,0.0,0.0
2026-05-03 15:00:00+00:00,0.04652647954111128,0.009644073733032573,0.0,0.0
2026-05-03 16:00:00+00:00,0.03353265880026277,0.005785877766378521,0.0,0.0
2026-05-03 17:00:00+00:00,0.06901962560853067,0.014649193356435252,0.0,0.0
2026-05-03 18:00:00+00:00,0.036919612782100326,0.005764817281778631,0.0,0.0
2026-05-03 19:00:00+00:00,0.06789860810040174,0.011120572011177771,0.0,0.0
2026-05-03 20:00:00+00:00,0.10812674420916936,0.018480086896330475,0.0,0.0
2026-05-03 21:00:00+00:00,0.09406114437386781,0.017854077265088156,0.0,0.0
2026-05-03 22:00:00+00:00,0.12441382011085193,0.0208706988707997,0.0,0.0
2026-05-03 23:00:00+00:00,0.10837368859815592,0.06806826222620523,0.0,0.0
2026-05-04 00:00:00+00:00,0.048134744902008454,0.025922008858971873,0.0,0.0
2026-05-04 01:00:00+00:00,0.08399959537765996,0.023676076162914516,0.0,0.0
2026-05-04 02:00:00+00:00,0.0910230762488806,0.037896279239837544,0.0,0.0
2026-05-04 03:00:00+00:00,0.07984311247098692,0.03781610443702974,0.0,0.0
2026-05-04 04:00:00+00:00,0.09496399512227077,0.03844575487006457,0.0,0.0
2026-05-04 05:00:00+00:00,0.12106066200586448,0.04843594338256591,0.0,0.0
2026-05-04 06:00:00+00:00,0.06663773496989887,0.04018085417260426,0.0,0.0
2026-05-04 07:00:00+00:00,0.036509105644958885,0.021919784666169853,0.0,0.0
2026-05-04 08:00:00+00:00,0.05516461755285693,0.02324541287260863,0.0,0.0
2026-05-04 09:00:00+00:00,0.09105987266346909,0.033985966825909986,0.0,0.0
2026-05-04 10:00:00+00:00,0.07186553542869595,0.051002674816895,0.0,0.0
2026-05-04 11:00:00+00:00,0.08782267464798604,0.052619427231013656,0.0,0.0
2026-05-04 12:00:00+00:00,0.07117070221551956,0.041564290716425596,0.0,0.0
2026-05-04 13:00:00+00:00,0.12060553206038527,0.07632831143859725,0.0,0.0
2026-05-04 14:00:00+00:00,0.11943185125803991,0.04256564773986513,0.0,0.0
2026-05-04 15:00:00+00:00,0.15335169075555155,0.08599591056777217,0.0,0.0
2026-05-04 16:00:00+00:00,0.1550758961508788,0.0677934059482203,0.0,0.0
2026-05-04 17:00:00+00:00,0.14594744384499628,0.061986008534063435,0.0,0.0
2026-05-04 18:00:00+00:00,0.08657103917140117,0.049865265953323,0.0,0.0
2026-05-04 19:00:00+00:00,0.08680742926462211,0.04576215742653861,0.0,0.0
2026-05-04 20:00:00+00:00,0.07615814761507982,0.04459450249462232,0.0,0.0
2026-05-04 21:00:00+00:00,0.11873900928605012,0.04992511961130173,0.0,0.0
2026-05-04 22:00:00+00:00,0.11595977612159174,0.051551987231061996,0.0,0.0
2026-05-04 23:00:00+00:00,0.14753717385004747,0.06916057516455863,0.0,0.0
2026-05-05 00:00:00+00:00,0.15499450284645075,0.0549288619139254,0.0,0.0
2026-05-05 01:00:00+00:00,0.15983712558983423,0.05733098523160435,0.0,0.0
2026-05-05 02:00:00+00:00,0.2053245081026995,0.06431846471377027,0.0,0.0
2026-05-05 03:00:00+00:00,0.18305003370098558,0.05655797876654931,0.0,0.0
2026-05-05 04:00:00+00:00,0.1712799053521392,0.03820860515049201,0.0,0.0
2026-05-05 05:00:00+00:00,0.19337635443664622,0.045939948937159795,0.0,0.0
2026-05-05 06:00:00+00:00,0.13200793690402754,0.032971276041501026,0.0,0.0
2026-05-05 07:00:00+00:00,0.14778849489994603,0.04644151993886684,0.0,0.0
2026-05-05 08:00:00+00:00,0.1577039321017896,0.029843880422902997,0.0,0.0
2026-05-05 09:00:00+00:00,0.14458383304366396,0.043827157813455954,0.0,0.0
2026-05-05 10:00:00+00:00,0.15086008449954755,0.03140801739681404,0.0,0.0
2026-05-05 11:00:00+00:00,0.18220231589120384,0.0400906954564079,0.0,0.0
2026-05-05 12:00:00+00:00,0.17475118301717216,0.0441637155572912,0.0,0.0
2026-05-05 13:00:00+00:00,0.14221412135645226,0.04202811793666578,0.0,0.0
2026-05-05 14:00:00+00:00,0.11795140400814304,0.024284228514671814,0.0,0.0
2026-05-05 15:00:00+00:00,0.11174552262448433,0.01806533685627669,0.0,0.0
2026-05-05 16:00:00+00:00,0.12625901308419127,0.028402871064979292,0.0,0.0
2026-05-05 17:00:00+00:00,0.07301618235159453,0.007886189543398684,0.0,0.0
2026-05-05 18:00:00+00:00,0.10514047128986487,0.014498107766982848,0.0,0.0
2026-05-05 19:00:00+00:00,0.11962110188777954,0.013111092615824856,0.0,0.0
2026-05-05 20:00:00+00:00,0.1293426479006348,0.022809505276969715,0.0,0.0
2026-05-05 21:00:00+00:00,0.1490275502263593,0.02667236488662617,0.0,0.0
2026-05-05 22:00:00+00:00,0.14007390875239087,0.04208771301821018,0.0,0.0
2026-05-05 23:00:00+00:00,0.09301037493367348,0.018349727186474086,0.0,0.0
2026-05-06 00:00:00+00:00,0.07153020334084181,0.019803100178931977,0.0,0.0
2026-05-06 01:00:00+00:00,0.07427363417847906,0.013617708365852493,0.0,0.0
2026-05-06 02:00:00+00:00,0.0693068729155764,0.013130448554847818,0.0,0.0
2026-05-06 03:00:00+00:00,0.11458871706265468,0.014612207293742442,0.0,0.0
2026-05-06 04:00:00+00:00,0.08858079778824783,0.01283918960202582,0.0,0.0
2026-05-06 05:00:00+00:00,0.07353609906932855,0.009962426299333513,0.0,0.0
2026-05-06 06:00:00+00:00,0.06385491987876526,0.007238880939106202,0.0,0.0
2026-05-06 07:00:00+00:00,0.06121513739710332,0.009304465542851158,0.0,0.0
2026-05-06 08:00:00+00:00,0.06700881423875424,0.011169133599051301,0.0,0.0
2026-05-06 09:00:00+00:00,0.08137933602058928,0.013868142575855101,0.0,0.0
2026-05-06 10:00:00+00:00,0.07934500145046518,0.016249669478889547,0.0,0.0
2026-05-06 11:00:00+00:00,0.10692287638098709,0.015486270678697423,0.0,0.0
2026-05-06 12:00:00+00:00,0.07293174563199517,0.018121343673177883,0.0,0.0
2026-05-06 13:00:00+00:00,0.05750267157340829,0.029310431770953226,0.0,0.0
2026-05-06 14:00:00+00:00,0.07177561790483952,0.04671479954264652,0.0,0.0
2026-05-06 15:00:00+00:00,0.05419654863801034,0.024559027356878756,0.0,0.0
2026-05-06 16:00:00+00:00,0.08854452538755837,0.03383406323393903,0.0,0.0
2026-05-06 17:00:00+00:00,0.03685336164049835,0.011975849466761305,0.0,0.0
2026-05-06 18:00:00+00:00,0.04069615792636861,0.01546435207840305,0.0,0.0
2026-05-06 19:00:00+00:00,0.058546734949589445,0.01874807515437114,0.0,0.0
2026-05-06 20:00:00+00:00,0.035358523032159035,0.010923147164357586,0.0,0.0
2026-05-06 21:00:00+00:00,0.03427785131211469,0.010278723942754931,0.0,0.0
2026-05-06 22:00:00+00:00,0.031167058639238628,0.010928761908139366,0.0,0.0
2026-05-06 23:00:00+00:00,0.0671360778222083,0.018777289237238166,0.0,0.0
2026-05-07 00:00:00+00:00,0.023262674044038836,0.022842080374328024,0.0,0.0
2026-05-07 01:00:00+00:00,0.033936414358529364,0.022323977980553023,0.0,0.0
2026-05-07 02:00:00+00:00,0.02047641184258319,0.027367826659463825,0.0,0.0
2026-05-07 03:00:00+00:00,0.009078140366011235,0.015002229437831272,0.0,0.0
2026-05-07 04:00:00+00:00,0.012240737678084354,0.012448831245082741,0.0,0.0
2026-05-07 05:00:00+00:00,0.011218956817192918,0.012743659753753045,0.0,0.0
2026-05-07 06:00:00+00:00,0.02242498339005407,0.012768908775467012,0.0,0.0
2026-05-07 07:00:00+00:00,0.03080988987784133,0.018347378137571927,0.0,0.0
2026-05-07 08:00:00+00:00,0.014983036401203728,0.015345093954658837,0.0,0.0
2026-05-07 09:00:00+00:00,0.013032141505403454,0.019111542478854247,0.0,0.0
2026-05-07 10:00:00+00:00,0.013991020189980557,0.02599433919786795,0.0,0.0
2026-05-07 11:00:00+00:00,0.006618882499381966,0.009320229002069068,0.0,0.0
2026-05-07 12:00:00+00:00,0.009775213144353399,0.013904669692741373,0.0,0.0
2026-05-07 13:00:00+00:00,0.01360025358256009,0.025967198893002863,0.0,0.0
2026-05-07 14:00:00+00:00,0.016261026478589347,0.03553222772365072,0.0,0.0
2026-05-07 15:00:00+00:00,0.012665742761455821,0.047547489073279214,0.0,0.0
2026-05-07 16:00:00+00:00,0.009382457827695917,0.03643221523128087,0.0,0.0
2026-05-07 17:00:00+00:00,0.010120130129896305,0.021069254502515705,0.0,0.0
2026-05-07 18:00:00+00:00,0.010013755254844782,0.02681402827194299,0.0,0.0
2026-05-07 19:00:00+00:00,0.009120764161040249,0.02027564195430419,0.0,0.0
2026-05-07 20:00:00+00:00,0.012251340991369536,0.02510656593284379,0.0,0.0
2026-05-07 21:00:00+00:00,0.007127268956810369,0.018933335072475705,0.0,0.0
2026-05-07 22:00:00+00:00,0.011394042280134012,0.02685048114750452,0.0,0.0
2026-05-07 23:00:00+00:00,0.007088116667110781,0.02072616839797989,0.0,0.0
2026-05-08 00:00:00+00:00,0.009402175756495225,0.05344530767473687,0.0,0.0
2026-05-08 01:00:00+00:00,0.005931970382392353,0.03417622623539993,0.0,0.0
2026-05-08 02:00:00+00:00,0.00660219903810007,0.05963662577307829,0.0,0.0
2026-05-08 03:00:00+00:00,0.004487365448046856,0.025182697160874647,0.0,0.0
2026-05-08 04:00:00+00:00,0.002574014117796863,0.015093643190706581,0.0,0.0
2026-05-08 05:00:00+00:00,0.0018796110537074862,0.013727019503640157,0.0,0.0
2026-05-08 06:00:00+00:00,0.0023742092142430486,0.028079884343124546,0.0,0.0
2026-05-08 07:00:00+00:00,0.003149667645185431,0.02462962061053806,0.0,0.0
2026-05-08 08:00:00+00:00,0.003248095228299989,0.018615656839419778,0.0,0.0
2026-05-08 09:00:00+00:00,0.0023158229444079632,0.013695597906214196,0.0,0.0
2026-05-08 10:00:00+00:00,0.004378839222546218,0.018222471833512985,0.0,0.0
2026-05-08 11:00:00+00:00,0.00405467488422607,0.01621585999328354,0.0,0.0
2026-05-08 12:00:00+00:00,0.005769404651518234,0.028162637964728624,0.0,0.0
2026-05-08 13:00:00+00:00,0.0029434875619770797,0.034341403151983974,0.0,0.0
2026-05-08 14:00:00+00:00,0.007387156717376037,0.023586178209523013,0.0,0.0
2026-05-08 15:00:00+00:00,0.0041873076939470295,0.02295061665553183,0.0,0.0
2026-05-08 16:00:00+00:00,0.0042604686646967324,0.02412423334532778,0.0,0.0
2026-05-08 17:00:00+00:00,0.0054940586828909005,0.024153136416807146,0.0,0.0
2026-05-08 18:00:00+00:00,0.005053993523699569,0.013615546908816748,0.0,0.0
2026-05-08 19:00:00+00:00,0.0035530643563689477,0.00865761493997857,0.0,0.0
2026-05-08 20:00:00+00:00,0.0030190868413572662,0.010692419588629922,0.0,0.0
2026-05-08 21:00:00+00:00,0.002917110790971802,0.0043353776502741345,0.0,0.0
2026-05-08 22:00:00+00:00,0.0035790179988133323,0.007912656446759229,0.0,0.0
2026-05-08 23:00:00+00:00,0.004692351061469564,0.012063303036985822,0.0,0.0
2026-05-09 00:00:00+00:00,0.005306063331050076,0.004013342976755318,0.0,0.0
2026-05-09 01:00:00+00:00,0.012668627358060175,0.007157245488583407,0.0,0.0
2026-05-09 02:00:00+00:00,0.00926093864443814,0.004304091692567386,0.0,0.0
2026-05-09 03:00:00+00:00,0.014094178345731337,0.008687946412217295,0.0,0.0
2026-05-09 04:00:00+00:00,0.013302799351635608,0.00827240974526899,0.0,0.0
2026-05-09 05:00:00+00:00,0.010345124166360008,0.005721494466837844,0.0,0.0
2026-05-09 06:00:00+00:00,0.006470991919656658,0.005789922378707374,0.0,0.0
2026-05-09 07:00:00+00:00,0.0077466697636679295,0.008053621040177537,0.0,0.0
2026-05-09 08:00:00+00:00,0.007838667218773528,0.00556627495752798,0.0,0.0
2026-05-09 09:00:00+00:00,0.004135350819947758,0.00447143844233627,0.0,0.0
2026-05-09 10:00:00+00:00,0.006216713058417686,0.0053788730622171925,0.0,0.0
2026-05-09 11:00:00+00:00,0.0055112055662038875,0.0056161099038960225,0.0,0.0
2026-05-09 12:00:00+00:00,0.00874389272725694,0.006718341405148687,0.0,0.0
2026-05-09 13:00:00+00:00,0.006380462351958501,0.005931766149664755,0.0,0.0
2026-05-09 14:00:00+00:00,0.005486589456622143,0.004597160884948684,0.0,0.0
2026-05-09 15:00:00+00:00,0.01160372096403386,0.005739717004572829,0.0,0.0
2026-05-09 16:00:00+00:00,0.014975139183119745,0.007264025397144357,0.0,0.0
2026-05-09 17:00:00+00:00,0.014164608287012858,0.003942915428648798,0.0,0.0
2026-05-09 18:00:00+00:00,0.01685448488642914,0.0028665048443364794,0.0,0.0
2026-05-09 19:00:00+00:00,0.011388971042583546,0.0010603744777186311,0.0,0.0
2026-05-09 20:00:00+00:00,0.006327131861908462,0.00099441138654137,0.0,0.0
2026-05-09 21:00:00+00:00,0.007438191676775137,0.0014432404310485269,0.0,0.0
2026-05-09 22:00:00+00:00,0.009741004464956926,0.0021760605275110835,0.0,0.0
2026-05-09 23:00:00+00:00,0.01976273117810907,0.00977617066606596,0.0,0.0
2026-05-10 00:00:00+00:00,0.04359431540589107,0.010184219703901957,0.0,0.0
2026-05-10 01:00:00+00:00,0.03253051427493833,0.007582962252351284,0.0,0.0
2026-05-10 02:00:00+00:00,0.03142165398328126,0.004388048210032267,0.0,0.0
2026-05-10 03:00:00+00:00,0.03567639582910986,0.005494543217108935,0.0,0.0
2026-05-10 04:00:00+00:00,0.02816499658428909,0.003810321332949951,0.0,0.0
2026-05-10 05:00:00+00:00,0.028017501441383014,0.005770265433108172,0.0,0.0
2026-05-10 06:00:00+00:00,0.01610396527267871,0.002582302528419189,0.0,0.0
2026-05-10 07:00:00+00:00,0.02149988542049579,0.00442358788745363,0.0,0.0
2026-05-10 08:00:00+00:00,0.022548593792291627,0.0026862988600912818,0.0,0.0
2026-05-10 09:00:00+00:00,0.017321353976233887,0.0024057929849943586,0.0,0.0
2026-05-10 10:00:00+00:00,0.019465211653109413,0.0026867103035370793,0.0,0.0
2026-05-10 11:00:00+00:00,0.021492985930851416,0.00410564987065579,0.0,0.0
2026-05-10 12:00:00+00:00,0.023268386288715956,0.0029004795583956384,0.0,0.0
2026-05-10 13:00:00+00:00,0.02516248917213214,0.0029923782310264982,0.0,0.0
2026-05-10 14:00:00+00:00,0.03629396681132784,0.0056591222453944885,0.0,0.0
2026-05-10 15:00:00+00:00,0.04926359589716639,0.007375782425784186,0.0,0.0
2026-05-10 16:00:00+00:00,0.08168508901978445,0.010894761602015442,0.0,0.0
2026-05-10 17:00:00+00:00,0.07192711893579844,0.009394775819283495,0.0,0.0
2026-05-10 18:00:00+00:00,0.04438204856899064,0.008074111862496807,0.0,0.0
2026-05-10 19:00:00+00:00,0.07054765341738738,0.011031935317698019,0.0,0.0
2026-05-10 20:00:00+00:00,0.06168282482315596,0.06468670731750938,0.0,0.0
2026-05-10 21:00:00+00:00,0.052147966479543846,0.03729411148624888,0.0,0.0
2026-05-10 22:00:00+00:00,0.08913397937978247,0.016565699229020216,0.0,0.0
2026-05-10 23:00:00+00:00,0.08307321812599609,0.03675224892334419,0.0,0.0
2026-05-11 00:00:00+00:00,0.11417286027992608,0.06650158093537349,0.0,0.0
2026-05-11 01:00:00+00:00,0.09102794254600159,0.05285833194258643,0.0,0.0
2026-05-11 02:00:00+00:00,0.12482530886167054,0.07768413513498666,0.0,0.0
2026-05-11 03:00:00+00:00,0.08695609879362076,0.05239314742784762,0.0,0.0
2026-05-11 04:00:00+00:00,0.030403472150926713,0.0194804187476388,0.0,0.0
2026-05-11 05:00:00+00:00,0.05375782247705064,0.02994826791937884,0.0,0.0
2026-05-11 06:00:00+00:00,0.08298815242871016,0.034595439436483105,0.0,0.0
2026-05-11 07:00:00+00:00,0.055597862842501004,0.028768042095364266,0.0,0.0
2026-05-11 08:00:00+00:00,0.07853928484582336,0.027521462397485517,0.0,0.0
2026-05-11 09:00:00+00:00,0.09163855126032201,0.020692514800937447,0.0,0.0
2026-05-11 10:00:00+00:00,0.08407672546076979,0.027027970579315577,0.0,0.0
2026-05-11 11:00:00+00:00,0.0910593144355929,0.029672018530721284,0.0,0.0
2026-05-11 12:00:00+00:00,0.11228893515243782,0.037991705344157155,0.0,0.0
2026-05-11 13:00:00+00:00,0.12068742783196214,0.05473408291198421,0.0,0.0
2026-05-11 14:00:00+00:00,0.08108198101907484,0.04326722157717559,0.0,0.0
2026-05-11 15:00:00+00:00,0.11177553042466863,0.058035877416359925,0.0,0.0
2026-05-11 16:00:00+00:00,0.16248049295275221,0.09626713654377972,0.0,0.0
2026-05-11 17:00:00+00:00,0.17075762766009503,0.07974806691591459,0.0,0.0
2026-05-11 18:00:00+00:00,0.17414260469412532,0.05457507951082438,0.0,0.0
2026-05-11 19:00:00+00:00,0.19577483529297027,0.09805423273929582,0.0,0.0
2026-05-11 20:00:00+00:00,0.11464492332762495,0.03096006938532764,0.0,0.0
2026-05-11 21:00:00+00:00,0.1302975093641722,0.04719708288508532,0.0,0.0
2026-05-11 22:00:00+00:00,0.09986420297317966,0.025161420406953062,0.0,0.0
2026-05-11 23:00:00+00:00,0.1102920255190093,0.025322835394360626,0.0,0.0
2026-05-12 00:00:00+00:00,0.07471055459694802,0.0248485198931357,0.0,0.0
2026-05-12 01:00:00+00:00,0.08932135662002587,0.04073318323594897,0.0,0.0
2026-05-12 02:00:00+00:00,0.05548549307658953,0.017286928057722865,0.0,0.0
2026-05-12 03:00:00+00:00,0.029555645834344526,0.008199844577595055,0.0,0.0
2026-05-12 04:00:00+00:00,0.04753234868465541,0.014728948999035813,0.0,0.0
2026-05-12 05:00:00+00:00,0.05190392581273936,0.014715179528168068,0.0,0.0
2026-05-12 06:00:00+00:00,0.05390662598832655,0.017399300811319043,0.0,0.0
2026-05-12 07:00:00+00:00,0.0480676528240084,0.0181608511147439,0.0,0.0
2026-05-12 08:00:00+00:00,0.0370434608402987,0.0164138449320901,0.0,0.0
2026-05-12 09:00:00+00:00,0.029288224439655033,0.013447262891668345,0.0,0.0
2026-05-12 10:00:00+00:00,0.03242426118244326,0.01577085022464608,0.0,0.0
2026-05-12 11:00:00+00:00,0.024928122185445375,0.015757169203444416,0.0,0.0
2026-05-12 12:00:00+00:00,0.05400893440957858,0.024323423955095083,0.0,0.0
2026-05-12 13:00:00+00:00,0.057049143790138986,0.038242327637286015,0.0,0.0
2026-05-12 14:00:00+00:00,0.04784413039191604,0.030391940129045798,0.0,0.0
2026-05-12 15:00:00+00:00,0.04477015799139109,0.033493056304243866,0.0,0.0
2026-05-12 16:00:00+00:00,0.04475442292529328,0.039564641302159725,0.0,0.0
2026-05-12 17:00:00+00:00,0.03888285306819631,0.016927351283389746,0.0,0.0
2026-05-12 18:00:00+00:00,0.05405102286862092,0.03277585685745582,0.0,0.0
2026-05-12 19:00:00+00:00,0.07097315659299727,0.028373939807362622,0.0,0.0
2026-05-12 20:00:00+00:00,0.06255700259768253,0.03060142621825453,0.0,0.0
2026-05-12 21:00:00+00:00,0.0439722425185784,0.023644730345206522,0.0,0.0
2026-05-12 22:00:00+00:00,0.04113795500756485,0.013392476708570402,0.0,0.0
2026-05-12 23:00:00+00:00,0.03519208728737204,0.020729429806082444,0.0,0.0
2026-05-13 00:00:00+00:00,0.023067848508796996,0.015228806021177326,0.0,0.0
2026-05-13 01:00:00+00:00,0.05528231637299241,0.03396331329880951,0.0,0.0
2026-05-13 02:00:00+00:00,0.05333246123990576,0.029962783750252103,0.0,0.0
2026-05-13 03:00:00+00:00,0.0479396389136951,0.022357277657151817,0.0,0.0
2026-05-13 04:00:00+00:00,0.04626475667801524,0.017890205683403302,0.0,0.0
2026-05-13 05:00:00+00:00,0.03474323705100976,0.01861729385131629,0.0,0.0
2026-05-13 06:00:00+00:00,0.03954293259066132,0.02110457683930883,0.0,0.0
2026-05-13 07:00:00+00:00,0.024168871666951502,0.02076635317080391,0.0,0.0
2026-05-13 08:00:00+00:00,0.02900082319265028,0.015255691282079806,0.0,0.0
2026-05-13 09:00:00+00:00,0.03655419932571518,0.019818405742426784,0.0,0.0
2026-05-13 10:00:00+00:00,0.021797212684604397,0.0290513241881572,0.0,0.0
2026-05-13 11:00:00+00:00,0.02369089233990812,0.043066326537080556,0.0,0.0
2026-05-13 12:00:00+00:00,0.022175741892015415,0.050730285309932156,0.0,0.0
2026-05-13 13:00:00+00:00,0.023585949229336323,0.05112599226498087,0.0,0.0
2026-05-13 14:00:00+00:00,0.021070915377510015,0.027566951092125157,0.0,0.0
2026-05-13 15:00:00+00:00,0.04521570033087324,0.053752243266544986,1.0,0.0
2026-05-13 16:00:00+00:00,0.040708477678493504,0.03708464683429891,1.0,0.0
2026-05-13 17:00:00+00:00,0.04473297422484882,0.04734609550560761,0.0,0.0
2026-05-13 18:00:00+00:00,0.038796855032545485,0.056489488570424295,0.0,0.0
2026-05-13 19:00:00+00:00,0.04357230462088368,0.04319093557732051,0.0,0.0
2026-05-13 20:00:00+00:00,0.032093924229208655,0.03414678016205224,0.0,0.0
2026-05-13 21:00:00+00:00,0.03732712712505712,0.047662815432789225,0.0,0.0
2026-05-13 22:00:00+00:00,0.03241739931115432,0.030944804084676796,0.0,0.0
2026-05-13 23:00:00+00:00,0.03528959321044639,0.04407573033033932,0.0,0.0
2026-05-14 00:00:00+00:00,0.028372483123057957,0.049530576337511456,0.0,0.0
2026-05-14 01:00:00+00:00,0.027553880984620027,0.05286901662926433,0.0,0.0
2026-05-14 02:00:00+00:00,0.03463916628313287,0.09440375017729906,0.0,0.0
2026-05-14 03:00:00+00:00,0.02520075505398774,0.09439499654249188,0.0,0.0
2026-05-14 04:00:00+00:00,0.025533478498116394,0.04854287402610736,0.0,0.0
2026-05-14 05:00:00+00:00,0.03615205958744744,0.09878989261456007,0.0,0.0
2026-05-14 06:00:00+00:00,0.017826241628470834,0.054687988458993385,0.0,0.0
2026-05-14 07:00:00+00:00,0.02485361172210542,0.06984673203035953,0.0,0.0
2026-05-14 08:00:00+00:00,0.032889894082016195,0.0694020913400752,0.0,0.0
2026-05-14 09:00:00+00:00,0.024339151837429795,0.05302949883718574,0.0,0.0
2026-05-14 10:00:00+00:00,0.022924845703743337,0.04030655202648508,0.0,0.0
2026-05-14 11:00:00+00:00,0.013334545876353743,0.04458512249020654,0.0,0.0
2026-05-14 12:00:00+00:00,0.022723941202054548,0.04650345524752291,0.0,0.0
2026-05-14 13:00:00+00:00,0.03333985810381587,0.07369817507947606,0.0,0.0
2026-05-14 14:00:00+00:00,0.030477455027002585,0.04016723891614357,0.0,0.0
2026-05-14 15:00:00+00:00,0.023230946514842723,0.03820355287766263,0.0,0.0
2026-05-14 16:00:00+00:00,0.03164070185607794,0.04050360254809245,0.0,1.0
2026-05-14 17:00:00+00:00,0.04016164970430621,0.0621279680855746,0.0,0.0
2026-05-14 18:00:00+00:00,0.0506404858678148,0.05659932022468084,0.0,0.0
2026-05-14 19:00:00+00:00,0.03631705066407011,0.05869160743680583,0.0,0.0
2026-05-14 20:00:00+00:00,0.043214045277541975,0.046890098721100275,0.0,0.0
2026-05-14 21:00:00+00:00,0.021635799742643343,0.01582869821106021,0.0,0.0
2026-05-14 22:00:00+00:00,0.03710644335239672,0.01673672601912925,0.0,0.0
2026-05-14 23:00:00+00:00,0.0315960296322518,0.03247683599150552,0.0,0.0
2026-05-15 00:00:00+00:00,0.04444315210523528,0.026396371048304182,0.0,0.0
2026-05-15 01:00:00+00:00,0.03316131479059086,0.03443888944482703,0.0,0.0
2026-05-15 02:00:00+00:00,0.054290753154126035,0.03852897655840525,0.0,0.0
2026-05-15 03:00:00+00:00,0.024527200320641346,0.032762677605820016,0.0,0.0
2026-05-15 04:00:00+00:00,0.013514361730169238,0.023725766994635373,0.0,0.0
2026-05-15 05:00:00+00:00,0.018742134643057847,0.053792223239324165,0.0,0.0
2026-05-15 06:00:00+00:00,0.014487911782117646,0.029844617135286456,0.0,0.0
2026-05-15 07:00:00+00:00,0.015392544078960143,0.03150794266093323,0.0,0.0
2026-05-15 08:00:00+00:00,0.017712428029707645,0.03180066010201828,0.0,0.0
2026-05-15 09:00:00+00:00,0.010890880726071556,0.021750711399747866,0.0,0.0
2026-05-15 10:00:00+00:00,0.028753187414455,0.01928921354827802,0.0,1.0
2026-05-15 11:00:00+00:00,0.016937567729756322,0.008508140443362499,0.0,0.0
2026-05-15 12:00:00+00:00,0.03807461650364981,0.02624414598176079,0.0,0.0
2026-05-15 13:00:00+00:00,0.06702303885053917,0.0735753563889166,0.0,0.0
2026-05-15 14:00:00+00:00,0.03227560188432061,0.04697739571320208,0.0,0.0
2026-05-15 15:00:00+00:00,0.02132396142166944,0.051642514743746794,0.0,0.0
2026-05-15 16:00:00+00:00,0.018777071943641244,0.03577326116042092,0.0,0.0
2026-05-15 17:00:00+00:00,0.02131866227732021,0.030709921764370023,0.0,0.0
2026-05-15 18:00:00+00:00,0.02158059941494952,0.04278650721177108,0.0,0.0
2026-05-15 19:00:00+00:00,0.025429552083619328,0.022910240252263264,0.0,0.0
2026-05-15 20:00:00+00:00,0.012734446052347914,0.022951444160058093,0.0,0.0
2026-05-15 21:00:00+00:00,0.02374448388130933,0.050915407843379244,0.0,0.0
2026-05-15 22:00:00+00:00,0.0247302993956975,0.04739277614554258,0.0,0.0
2026-05-15 23:00:00+00:00,0.02018970551949099,0.0845161258653988,0.0,0.0
2026-05-16 00:00:00+00:00,0.02137555708356997,0.05105881456751447,0.0,0.0
2026-05-16 01:00:00+00:00,0.025078406144274618,0.04749294167470366,0.0,0.0
2026-05-16 02:00:00+00:00,0.016488473819263025,0.0318165672615334,0.0,0.0
2026-05-16 03:00:00+00:00,0.020433823931355934,0.04763637040758709,0.0,0.0
2026-05-16 04:00:00+00:00,0.017057164838727053,0.043718201323378954,0.0,0.0
2026-05-16 05:00:00+00:00,0.00873810551412668,0.025140282097586567,0.0,0.0
2026-05-16 06:00:00+00:00,0.013616532489109342,0.07753394398881337,0.0,0.0
2026-05-16 07:00:00+00:00,0.011190512313553572,0.08890714055502769,0.0,0.0
2026-05-16 08:00:00+00:00,0.006002885084922687,0.0494140823381422,0.0,0.0
2026-05-16 09:00:00+00:00,0.011897272400696346,0.0989728511265184,0.0,0.0
2026-05-16 10:00:00+00:00,0.01155694005182733,0.08576244996522148,0.0,0.0
2026-05-16 11:00:00+00:00,0.01020144714930771,0.06327704372814354,0.0,0.0
2026-05-16 12:00:00+00:00,0.012133821574861954,0.06982332732677449,0.0,0.0
2026-05-16 13:00:00+00:00,0.00144357283725584,0.018955345875933314,0.0,0.0
2026-05-16 14:00:00+00:00,0.0017656475592830259,0.016137858532669642,0.0,0.0
2026-05-16 15:00:00+00:00,0.0014183051768982215,0.007942698591532203,0.0,0.0
2026-05-16 16:00:00+00:00,0.0018930910892802136,0.008956991752891087,0.0,0.0
2026-05-16 17:00:00+00:00,0.0014211011314568228,0.008621856669428999,0.0,0.0
2026-05-16 18:00:00+00:00,0.0015509371552674762,0.010260583663309947,0.0,0.0
2026-05-16 19:00:00+00:00,0.0015990040600668066,0.01001578821258127,0.0,0.0
2026-05-16 20:00:00+00:00,0.0012310118317354745,0.006912628277519598,0.0,0.0
2026-05-16 21:00:00+00:00,0.0014242244690681118,0.009052333110541723,0.0,0.0
2026-05-16 22:00:00+00:00,0.0010042425147240425,0.005962838993118186,0.0,0.0
2026-05-16 23:00:00+00:00,0.0010263152917795203,0.006739422382138707,0.0,0.0
2026-05-17 00:00:00+00:00,0.010174563540380467,0.035868781318567244,0.0,0.0
2026-05-17 01:00:00+00:00,0.008903707976244825,0.04873995493674174,0.0,0.0
2026-05-17 02:00:00+00:00,0.006788698805720008,0.02264859923309361,0.0,0.0
2026-05-17 03:00:00+00:00,0.006753061374795491,0.021384138732236005,0.0,0.0
2026-05-17 04:00:00+00:00,0.009167483461353843,0.026593366004877595,0.0,0.0
2026-05-17 05:00:00+00:00,0.010214758846443224,0.024447088401822067,0.0,0.0
2026-05-17 06:00:00+00:00,0.005826674407054034,0.0102965396591828,0.0,0.0
2026-05-17 07:00:00+00:00,0.006415027110559503,0.011442933717811786,0.0,0.0
2026-05-17 08:00:00+00:00,0.004368693458466456,0.007788137433290242,0.0,0.0
2026-05-17 09:00:00+00:00,0.005604043768340532,0.011088627650381329,0.0,0.0
2026-05-17 10:00:00+00:00,0.014263356461742717,0.02294237802508492,0.0,0.0
2026-05-17 11:00:00+00:00,0.010045251482496284,0.016879562796781947,0.0,0.0
2026-05-17 12:00:00+00:00,0.010995978326681819,0.01536478022745436,0.0,0.0
2026-05-17 13:00:00+00:00,0.010204990642536016,0.022972398613643617,0.0,0.0
2026-05-17 14:00:00+00:00,0.011007089265829871,0.050781249277154446,0.0,0.0
2026-05-17 15:00:00+00:00,0.008021152588510815,0.019794850061575078,0.0,0.0
2026-05-17 16:00:00+00:00,0.006087705696237636,0.012509871016767598,0.0,0.0
2026-05-17 17:00:00+00:00,0.01066910894536726,0.028762633527483056,0.0,0.0
2026-05-17 18:00:00+00:00,0.014055171670711292,0.013113833692967333,0.0,0.0
2026-05-17 19:00:00+00:00,0.027391853368956966,0.01571675552481552,0.0,0.0
2026-05-17 20:00:00+00:00,0.026161692637071538,0.02477764524348593,0.0,0.0
2026-05-17 21:00:00+00:00,0.04463281074276857,0.032509389414902314,0.0,0.0
2026-05-17 22:00:00+00:00,0.04201502077676426,0.11856673777431641,0.0,0.0
2026-05-17 23:00:00+00:00,0.03125960529030234,0.09881445717569491,0.0,0.0
2026-05-18 00:00:00+00:00,0.027854110388893117,0.05135935858131146,0.0,0.0
2026-05-18 01:00:00+00:00,0.01720420615930107,0.042767088470997555,0.0,0.0
2026-05-18 02:00:00+00:00,0.019059725965374984,0.047455368096127125,0.0,0.0
2026-05-18 03:00:00+00:00,0.013710654648415045,0.038645960311419876,0.0,0.0
2026-05-18 04:00:00+00:00,0.012181172844742039,0.029954164526899873,0.0,0.0
2026-05-18 05:00:00+00:00,0.01771412725964425,0.04791727341979123,0.0,0.0
2026-05-18 06:00:00+00:00,0.0158338602715351,0.038809202025068025,0.0,0.0
2026-05-18 07:00:00+00:00,0.017381202213343553,0.03779904159248638,0.0,0.0
2026-05-18 08:00:00+00:00,0.019147033128817947,0.03175545751302472,0.0,0.0
2026-05-18 09:00:00+00:00,0.017213410212288203,0.027144689743880245,0.0,0.0
2026-05-18 10:00:00+00:00,0.013254767091102975,0.02998861503204359,0.0,0.0
2026-05-18 11:00:00+00:00,0.022245513090158348,0.05385653676848271,0.0,0.0
2026-05-18 12:00:00+00:00,0.030581268222043507,0.07396306092807037,0.0,0.0
2026-05-18 13:00:00+00:00,0.026743675514789362,0.05521475316578317,0.0,0.0
2026-05-18 14:00:00+00:00,0.027286808085025965,0.054587603409020156,0.0,0.0
2026-05-18 15:00:00+00:00,0.023244085859850484,0.07103400979673742,0.0,0.0
2026-05-18 16:00:00+00:00,0.03569256379013541,0.08165255120359094,0.0,0.0
2026-05-18 17:00:00+00:00,0.0327474818672615,0.04528200902702637,0.0,0.0
2026-05-18 18:00:00+00:00,0.05155016800414767,0.05691100340883851,0.0,0.0
2026-05-18 19:00:00+00:00,0.05540357537377768,0.06839281444295975,0.0,0.0
2026-05-18 20:00:00+00:00,0.06132716809159672,0.05757360763505006,0.0,0.0
2026-05-18 21:00:00+00:00,0.061190945101444016,0.07704204820979317,0.0,0.0
2026-05-18 22:00:00+00:00,0.04411961367949611,0.0674541438299034,0.0,0.0
2026-05-18 23:00:00+00:00,0.046610096528890234,0.04822015461900137,0.0,0.0
2026-05-19 00:00:00+00:00,0.04874859005621812,0.05708599705809661,0.0,0.0
2026-05-19 01:00:00+00:00,0.03895461391956346,0.056944117308300936,0.0,0.0
2026-05-19 02:00:00+00:00,0.03270471097980063,0.045430858197804284,0.0,0.0
2026-05-19 03:00:00+00:00,0.03410667809954094,0.027363923234639858,0.0,0.0
2026-05-19 04:00:00+00:00,0.0397029679497003,0.03304895226780269,0.0,0.0
2026-05-19 05:00:00+00:00,0.04043855862624623,0.04750332441542751,0.0,0.0
2026-05-19 06:00:00+00:00,0.05444100325184633,0.03381878301553098,0.0,0.0
2026-05-19 07:00:00+00:00,0.0699321158460894,0.03525407618705109,0.0,0.0
2026-05-19 08:00:00+00:00,0.06285971847835241,0.0409626056638571,0.0,0.0
2026-05-19 09:00:00+00:00,0.0437517360816246,0.041061165781041006,0.0,0.0
2026-05-19 10:00:00+00:00,0.038281457117362305,0.05137523730840247,0.0,0.0
2026-05-19 11:00:00+00:00,0.04003625569661565,0.05722792496946257,0.0,0.0
2026-05-19 12:00:00+00:00,0.03352063281662901,0.034028609634521596,0.0,0.0
2026-05-19 13:00:00+00:00,0.03419895553832892,0.06535505422452835,0.0,0.0
2026-05-19 14:00:00+00:00,0.031693797820206225,0.06657874432087975,0.0,0.0
2026-05-19 15:00:00+00:00,0.030848937855680148,0.05633209860295386,0.0,0.0
2026-05-19 16:00:00+00:00,0.03030560415309395,0.05650744569266463,0.0,0.0
2026-05-19 17:00:00+00:00,0.04009315421097047,0.07140668584157865,0.0,0.0
2026-05-19 18:00:00+00:00,0.029294875502221967,0.05402162287100018,0.0,0.0
2026-05-19 19:00:00+00:00,0.030201269821344967,0.04217314275001869,0.0,0.0
2026-05-19 20:00:00+00:00,0.026091346183859502,0.023277972827361996,0.0,0.0
2026-05-19 21:00:00+00:00,0.03421137454374457,0.022761288276415034,0.0,0.0
2026-05-19 22:00:00+00:00,0.03098962975540617,0.04074002880185107,0.0,0.0
2026-05-19 23:00:00+00:00,0.0295308830421946,0.03170953610286134,0.0,0.0
2026-05-20 00:00:00+00:00,0.036399600287986854,0.034196119492977246,0.0,0.0
2026-05-20 01:00:00+00:00,0.031586589822485855,0.030641362165347918,0.0,0.0
2026-05-20 02:00:00+00:00,0.027933693153525258,0.033961476540428664,0.0,0.0
2026-05-20 03:00:00+00:00,0.04387788050015595,0.039778986400607154,0.0,0.0
2026-05-20 04:00:00+00:00,0.037378292059968586,0.025652512922666636,0.0,0.0
2026-05-20 05:00:00+00:00,0.04075198276715684,0.03567409998171284,0.0,0.0
2026-05-20 06:00:00+00:00,0.03424405025166271,0.028649417723631863,0.0,0.0
2026-05-20 07:00:00+00:00,0.03249850900406962,0.027662268476033702,0.0,0.0
2026-05-20 08:00:00+00:00,0.03470283033837443,0.03354133161082446,0.0,0.0
2026-05-20 09:00:00+00:00,0.03067365757665667,0.02736391356192544,0.0,0.0
2026-05-20 10:00:00+00:00,0.03217742083451162,0.022213158256868575,0.0,0.0
2026-05-20 11:00:00+00:00,0.02665161761390208,0.021504484556190227,0.0,0.0
2026-05-20 12:00:00+00:00,0.03384809223738929,0.02872544522488296,0.0,0.0
2026-05-20 13:00:00+00:00,0.0261534560157205,0.050600203654921315,0.0,0.0
2026-05-20 14:00:00+00:00,0.02040764410228626,0.027959154679374595,0.0,0.0
2026-05-20 15:00:00+00:00,0.02194936661218831,0.03146408959522568,0.0,0.0
2026-05-20 16:00:00+00:00,0.023199169806313213,0.03363846441876906,0.0,0.0
2026-05-20 17:00:00+00:00,0.02247559138818425,0.025552690749565236,0.0,0.0
2026-05-20 18:00:00+00:00,0.030554053518707335,0.029473443728456557,0.0,0.0
2026-05-20 19:00:00+00:00,0.0243652635293935,0.021732558451095074,0.0,0.0
2026-05-20 20:00:00+00:00,0.03790667827418142,0.030695023437166718,0.0,0.0
2026-05-20 21:00:00+00:00,0.017940630733220688,0.01202884684682518,0.0,0.0
2026-05-20 22:00:00+00:00,0.02920254101942381,0.02370627172670359,0.0,0.0
2026-05-20 23:00:00+00:00,0.026404365713538814,0.015225407917378184,0.0,0.0
2026-05-21 00:00:00+00:00,0.035657638420148796,0.01734245140088314,0.0,0.0
2026-05-21 01:00:00+00:00,0.03193029868132529,0.02529604943647748,0.0,0.0
2026-05-21 02:00:00+00:00,0.04287556424284123,0.022751253083472475,0.0,0.0
2026-05-21 03:00:00+00:00,0.03834758200874584,0.012224614678145078,0.0,0.0
2026-05-21 04:00:00+00:00,0.03058963534216091,0.012085214746937365,0.0,0.0
2026-05-21 05:00:00+00:00,0.025633773718091474,0.01676852889383507,0.0,0.0
2026-05-21 06:00:00+00:00,0.015959988757291228,0.012680907196438648,0.0,0.0
2026-05-21 07:00:00+00:00,0.017119358656604775,0.012914828362270208,0.0,0.0
2026-05-21 08:00:00+00:00,0.018199083489637877,0.01531440879011367,0.0,0.0
2026-05-21 09:00:00+00:00,0.008329677399151785,0.012180392564564288,0.0,0.0
2026-05-21 10:00:00+00:00,0.014199963549595391,0.04413432029022878,0.0,0.0
2026-05-21 11:00:00+00:00,0.007936963632141901,0.024689560631915335,0.0,0.0
2026-05-21 12:00:00+00:00,0.010925649560739872,0.02595325765140233,0.0,0.0
2026-05-21 13:00:00+00:00,0.01629388754621628,0.040458986407762715,0.0,0.0
2026-05-21 14:00:00+00:00,0.011990855424998807,0.034725599029254546,0.0,0.0
2026-05-21 15:00:00+00:00,0.017907754643734456,0.023537992280671074,0.0,0.0
2026-05-21 16:00:00+00:00,0.01658143031703754,0.030711179702434494,0.0,0.0
2026-05-21 17:00:00+00:00,0.043468247601570774,0.0439669079150694,0.0,0.0
2026-05-21 18:00:00+00:00,0.032419616505842734,0.05133937755103596,0.0,0.0
2026-05-21 19:00:00+00:00,0.029564730913439818,0.041434991099906046,0.0,0.0
2026-05-21 20:00:00+00:00,0.01991229572551417,0.015880734081868308,0.0,0.0
2026-05-21 21:00:00+00:00,0.01667144286869122,0.021672739420484224,0.0,0.0
2026-05-21 22:00:00+00:00,0.01960071373979401,0.023705105404647167,0.0,0.0
2026-05-21 23:00:00+00:00,0.028958632047335727,0.02685606707241195,0.0,0.0
2026-05-22 00:00:00+00:00,0.00882975925246379,0.018829980983420716,0.0,0.0
2026-05-22 01:00:00+00:00,0.01848015442491814,0.023218889266914556,0.0,0.0
2026-05-22 02:00:00+00:00,0.009299811185862152,0.01352154089044613,0.0,0.0
2026-05-22 03:00:00+00:00,0.01333472435024754,0.012915899348719983,0.0,0.0
2026-05-22 04:00:00+00:00,0.01555768551068504,0.030680333625086972,0.0,0.0
2026-05-22 05:00:00+00:00,0.009109038319804518,0.023370891306599074,0.0,0.0
2026-05-22 06:00:00+00:00,0.008536822085704101,0.030662834237063282,0.0,0.0
2026-05-22 07:00:00+00:00,0.007431066369938326,0.024509666749511456,0.0,1.0
2026-05-22 08:00:00+00:00,0.00553266776995251,0.028469568383146505,0.0,1.0
2026-05-22 09:00:00+00:00,0.0041078038942020355,0.01536847028477135,0.0,1.0
2026-05-22 10:00:00+00:00,0.002585177318029338,0.011146604681587076,0.0,1.0
2026-05-22 11:00:00+00:00,0.00636738726414205,0.017387598957174587,0.0,1.0
2026-05-22 12:00:00+00:00,0.007508227811667749,0.014028839318345586,0.0,1.0
2026-05-22 13:00:00+00:00,0.009474174233870895,0.028930281359578484,0.0,0.0
2026-05-22 14:00:00+00:00,0.008603579774936332,0.07054632760583016,0.0,0.0
2026-05-22 15:00:00+00:00,0.008537670125925783,0.06482779976309783,0.0,0.0
2026-05-22 16:00:00+00:00,0.008576983346557219,0.03799398656786752,0.0,0.0
2026-05-22 17:00:00+00:00,0.004206246723024985,0.022662970475604834,0.0,0.0
2026-05-22 18:00:00+00:00,0.004288681423943607,0.036745324170133147,0.0,0.0
2026-05-22 19:00:00+00:00,0.006485075885016805,0.06987926882889849,0.0,0.0
2026-05-22 20:00:00+00:00,0.0032039682966622345,0.023182408923576453,0.0,0.0
2026-05-22 21:00:00+00:00,0.0028079696101657886,0.02896020207459704,0.0,0.0
2026-05-22 22:00:00+00:00,0.0033497572057003336,0.04314874463957663,0.0,0.0
2026-05-22 23:00:00+00:00,0.004026189083687975,0.04481779037553479,0.0,0.0
2026-05-23 00:00:00+00:00,0.006993695029532239,0.07897320691043666,0.0,0.0
2026-05-23 01:00:00+00:00,0.004511230974489639,0.03011846637216369,0.0,0.0
2026-05-23 02:00:00+00:00,0.0035300931958243214,0.024541283497115384,0.0,0.0
2026-05-23 03:00:00+00:00,0.0024371854012494175,0.016032951279736283,0.0,0.0
2026-05-23 04:00:00+00:00,0.002139585371670915,0.011036718209303803,0.0,0.0
2026-05-23 05:00:00+00:00,0.001853230034287336,0.015508428719118035,0.0,0.0
2026-05-23 06:00:00+00:00,0.0012123109011196193,0.009432091724161413,0.0,0.0
2026-05-23 07:00:00+00:00,0.004827754485545849,0.07732605770953833,0.0,0.0
2026-05-23 08:00:00+00:00,0.002042799751195145,0.04734377538350273,0.0,0.0
2026-05-23 09:00:00+00:00,0.0010443918051587962,0.04420487515566504,0.0,0.0
2026-05-23 10:00:00+00:00,0.0015221373745521176,0.06823310834185604,0.0,0.0
2026-05-23 11:00:00+00:00,0.0017620419486764998,0.061666866319486556,1.0,0.0
2026-05-23 12:00:00+00:00,0.0021040103084887284,0.04867437214504997,0.0,0.0
2026-05-23 13:00:00+00:00,0.009117314834199912,0.05960615199992214,0.0,0.0
2026-05-23 14:00:00+00:00,0.01842129998281928,0.06756919226577933,0.0,0.0
2026-05-23 15:00:00+00:00,0.010677836857046605,0.05764013302035521,0.0,0.0
2026-05-23 16:00:00+00:00,0.012586625877239596,0.04874580436694015,0.0,0.0
2026-05-23 17:00:00+00:00,0.013257043908795554,0.086073538199204,0.0,0.0
2026-05-23 18:00:00+00:00,0.019721113027750238,0.062321235042634794,0.0,0.0
2026-05-23 19:00:00+00:00,0.010581900081264027,0.03442220851797747,0.0,0.0
2026-05-23 20:00:00+00:00,0.024244723033953062,0.035977329093815534,0.0,0.0
2026-05-23 21:00:00+00:00,0.025887482230735438,0.0657740096151564,0.0,0.0
2026-05-23 22:00:00+00:00,0.027811287527614133,0.06324732918698425,0.0,0.0
2026-05-23 23:00:00+00:00,0.017913301482474303,0.04581404602347805,0.0,0.0
2026-05-24 00:00:00+00:00,0.0319197022107576,0.05528776042168087,0.0,0.0
2026-05-24 01:00:00+00:00,0.03502327351741896,0.040879580249558914,0.0,0.0
2026-05-24 02:00:00+00:00,0.032826242407918864,0.0232338555285397,0.0,0.0
2026-05-24 03:00:00+00:00,0.030483971687731624,0.02153600410919532,0.0,0.0
2026-05-24 04:00:00+00:00,0.03632450897635884,0.019098533724528813,0.0,0.0
2026-05-24 05:00:00+00:00,0.04209353175892821,0.01576292037592224,0.0,0.0
2026-05-24 06:00:00+00:00,0.05364679676660569,0.025214224519267154,0.0,0.0
2026-05-24 07:00:00+00:00,0.027939593216873046,0.015992906371370557,0.0,0.0
2026-05-24 08:00:00+00:00,0.039351829186640506,0.021528235245532268,0.0,0.0
2026-05-24 09:00:00+00:00,0.04995973364937125,0.03230165712405228,0.0,0.0
2026-05-24 10:00:00+00:00,0.06085316078432365,0.045487281593931915,0.0,0.0
2026-05-24 11:00:00+00:00,0.06515318938314275,0.026028563222320496,0.0,0.0
2026-05-24 12:00:00+00:00,0.06317496527976495,0.026733327894283954,0.0,0.0
2026-05-24 13:00:00+00:00,0.07267897064961698,0.07393032548858265,0.0,0.0
2026-05-24 14:00:00+00:00,0.07585778662531639,0.11981706446861412,0.0,0.0
2026-05-24 15:00:00+00:00,0.06230602588756215,0.0797946649785225,0.0,0.0
2026-05-24 16:00:00+00:00,0.10415495227607469,0.08219430664564246,0.0,0.0
2026-05-24 17:00:00+00:00,0.10749406772141627,0.07256594996055415,0.0,0.0
2026-05-24 18:00:00+00:00,0.09595691525151677,0.04487307528589307,0.0,0.0
2026-05-24 19:00:00+00:00,0.09306160277402405,0.03451155146166853,0.0,0.0
2026-05-24 20:00:00+00:00,0.13099206457722412,0.0675268108669063,0.0,0.0
2026-05-24 21:00:00+00:00,0.08357879730294855,0.08649509145049257,0.0,0.0
2026-05-24 22:00:00+00:00,0.08310002592593317,0.05199248570415591,0.0,0.0
2026-05-24 23:00:00+00:00,0.06581594903545168,0.0505870407134604,0.0,0.0
2026-05-25 00:00:00+00:00,0.06704987585940639,0.043732597955218035,0.0,0.0
2026-05-25 01:00:00+00:00,0.0734355422509005,0.05356883279931509,0.0,0.0
2026-05-25 02:00:00+00:00,0.07008040998610682,0.038906916977202166,0.0,0.0
2026-05-25 03:00:00+00:00,0.056921681202902356,0.01599023907186199,0.0,0.0
2026-05-25 04:00:00+00:00,0.05261141663481406,0.02408227209472347,0.0,0.0
2026-05-25 05:00:00+00:00,0.05119314872394674,0.020262550519667726,0.0,0.0
2026-05-25 06:00:00+00:00,0.08203127788770438,0.02149006954443834,0.0,0.0
2026-05-25 07:00:00+00:00,0.0741134271456197,0.024536025796825015,0.0,0.0
2026-05-25 08:00:00+00:00,0.06867597831907656,0.027514143725502694,0.0,0.0
2026-05-25 09:00:00+00:00,0.06766246450344919,0.018040978992906038,0.0,0.0
2026-05-25 10:00:00+00:00,0.07014073034082086,0.01984031654963939,0.0,0.0
2026-05-25 11:00:00+00:00,0.06582357538684556,0.01756180371805749,0.0,0.0
2026-05-25 12:00:00+00:00,0.0749547255478394,0.02817032361104466,0.0,0.0
2026-05-25 13:00:00+00:00,0.0633698449717125,0.018411546873335512,0.0,0.0
2026-05-25 14:00:00+00:00,0.06399750834378241,0.040877141889803674,0.0,0.0
2026-05-25 15:00:00+00:00,0.06760111912552448,0.04076404189383046,0.0,0.0
2026-05-25 16:00:00+00:00,0.07651553638976752,0.04091582774639534,0.0,0.0
2026-05-25 17:00:00+00:00,0.05761589232028844,0.029182733914830995,0.0,0.0
2026-05-25 18:00:00+00:00,0.06623236453450236,0.022420594045162168,0.0,0.0
2026-05-25 19:00:00+00:00,0.07836340408135972,0.030103174462779863,0.0,0.0
2026-05-25 20:00:00+00:00,0.07380922730789707,0.045324636556175024,0.0,0.0
2026-05-25 21:00:00+00:00,0.04358029207261347,0.013211211521516159,0.0,0.0
2026-05-25 22:00:00+00:00,0.06263999525000595,0.04207087450824995,0.0,0.0
2026-05-25 23:00:00+00:00,0.036289369624961716,0.008203725533892457,0.0,0.0
2026-05-26 00:00:00+00:00,0.038641226952623,0.04106796636036145,0.0,0.0
2026-05-26 01:00:00+00:00,0.025304945898038167,0.019183413936024747,0.0,0.0
2026-05-26 02:00:00+00:00,0.02693602847710691,0.03298295507764101,0.0,0.0
2026-05-26 03:00:00+00:00,0.021120697880801204,0.017803854354407286,0.0,0.0
2026-05-26 04:00:00+00:00,0.020340990980021054,0.01388910649785703,0.0,0.0
2026-05-26 05:00:00+00:00,0.03499802292254287,0.014372158194667922,0.0,0.0
2026-05-26 06:00:00+00:00,0.026837240960991954,0.01464597826984968,0.0,0.0
2026-05-26 07:00:00+00:00,0.025624913607648413,0.011653672389133701,0.0,0.0
2026-05-26 08:00:00+00:00,0.011552219322731407,0.007396839732888305,0.0,0.0
2026-05-26 09:00:00+00:00,0.014224285774888804,0.01062934820348035,0.0,0.0
2026-05-26 10:00:00+00:00,0.023955817429506535,0.02122919740289449,0.0,0.0
2026-05-26 11:00:00+00:00,0.02284337244315816,0.025324432672530844,0.0,0.0
2026-05-26 12:00:00+00:00,0.02251631589615068,0.033625438261192506,0.0,0.0
2026-05-26 13:00:00+00:00,0.01819742299298306,0.032793268422073814,0.0,0.0
2026-05-26 14:00:00+00:00,0.019684578684228744,0.03499453487115158,0.0,0.0
2026-05-26 15:00:00+00:00,0.018307508864934433,0.0330052207334047,0.0,0.0
2026-05-26 16:00:00+00:00,0.021126375869450386,0.03945119815331632,0.0,0.0
2026-05-26 17:00:00+00:00,0.02243766333265465,0.04485097179250652,0.0,0.0
2026-05-26 18:00:00+00:00,0.02267562941453476,0.043891937929807966,0.0,0.0
2026-05-26 19:00:00+00:00,0.024085031436037487,0.035634669651966724,0.0,0.0
2026-05-26 20:00:00+00:00,0.017456609338163245,0.04124990825437157,0.0,0.0
2026-05-26 21:00:00+00:00,0.01831503553810032,0.04444064699171776,0.0,0.0
2026-05-26 22:00:00+00:00,0.02176169366275676,0.045204570030090596,0.0,0.0
2026-05-26 23:00:00+00:00,0.016883707695546993,0.029421461443544,0.0,0.0
2026-05-27 00:00:00+00:00,0.0234515839470736,0.05112450807896892,0.0,0.0
2026-05-27 01:00:00+00:00,0.018483717798258525,0.05281419666240508,0.0,0.0
2026-05-27 02:00:00+00:00,0.015531224186954304,0.029120786051783486,0.0,0.0
2026-05-27 03:00:00+00:00,0.020858275033286022,0.05276822009070619,0.0,1.0
2026-05-27 04:00:00+00:00,0.021212708973031628,0.04457720926664269,0.0,0.0
2026-05-27 05:00:00+00:00,0.015874321387640524,0.029203171017785412,0.0,1.0
2026-05-27 06:00:00+00:00,0.022264921398679614,0.031279947651591845,0.0,1.0
2026-05-27 07:00:00+00:00,0.02142168130158049,0.025639703619815036,0.0,1.0
2026-05-27 08:00:00+00:00,0.02231969668961913,0.024735884447347308,0.0,1.0
2026-05-27 09:00:00+00:00,0.02073299532578866,0.021687337332573175,0.0,0.0
2026-05-27 10:00:00+00:00,0.013829673894082059,0.020432611877314905,0.0,1.0
2026-05-27 11:00:00+00:00,0.008673061754289177,0.020993825625263255,0.0,0.0
2026-05-27 12:00:00+00:00,0.013481550693051092,0.03492462763759311,0.0,0.0
2026-05-27 13:00:00+00:00,0.011820123837641847,0.07142359303143996,0.0,0.0
2026-05-27 14:00:00+00:00,0.00914679068811625,0.06189673790080103,0.0,0.0
2026-05-27 15:00:00+00:00,0.009826156520227424,0.055483847151289144,0.0,1.0
2026-05-27 16:00:00+00:00,0.00674393003453401,0.06509296575217834,0.0,0.0
2026-05-27 17:00:00+00:00,0.007654097561791512,0.06674955053746535,0.0,0.0
2026-05-27 18:00:00+00:00,0.006439645321486977,0.040582302282620254,0.0,0.0
2026-05-27 19:00:00+00:00,0.008575931143377914,0.06822696876961405,0.0,0.0
2026-05-27 20:00:00+00:00,0.00883010314914036,0.03733333420664669,0.0,0.0
2026-05-27 21:00:00+00:00,0.013156653432412182,0.07917344624159575,0.0,0.0
2026-05-27 22:00:00+00:00,0.009598242900953062,0.05708966746476457,0.0,0.0
2026-05-27 23:00:00+00:00,0.013049683388616845,0.08168704766670357,0.0,0.0
2026-05-28 00:00:00+00:00,0.004364619852795464,0.04704695894634795,0.0,0.0
2026-05-28 01:00:00+00:00,0.007151193761504716,0.10555548469635818,0.0,0.0
2026-05-28 02:00:00+00:00,0.00720096151992152,0.06208722797612567,0.0,0.0
2026-05-28 03:00:00+00:00,0.017161218362619596,0.15933545548817432,0.0,0.0
2026-05-28 04:00:00+00:00,0.007395183991215015,0.06653583375668687,0.0,0.0
2026-05-28 05:00:00+00:00,0.003358820035859666,0.07310545053721738,0.0,0.0
2026-05-28 06:00:00+00:00,0.004611787432892433,0.059476876053767114,0.0,0.0
2026-05-28 07:00:00+00:00,0.006560009066538655,0.09860157735936899,0.0,0.0
2026-05-28 08:00:00+00:00,0.008342044199421072,0.0667009248065542,0.0,0.0
2026-05-28 09:00:00+00:00,0.009199241891846155,0.05115097905455506,0.0,0.0
2026-05-28 10:00:00+00:00,0.010312838728294372,0.05060310126650148,0.0,0.0
2026-05-28 11:00:00+00:00,0.008284849528884244,0.04745442627528932,0.0,0.0
2026-05-28 12:00:00+00:00,0.0136856474917287,0.0709918039557348,0.0,0.0
2026-05-28 13:00:00+00:00,0.014364475193212664,0.13578444318851632,0.0,0.0
2026-05-28 14:00:00+00:00,0.019560565694691282,0.1227532579020089,0.0,0.0
2026-05-28 15:00:00+00:00,0.00935355977849187,0.09766361960376134,0.0,0.0
2026-05-28 16:00:00+00:00,0.013644566408032972,0.08193258805107254,0.0,0.0
2026-05-28 17:00:00+00:00,0.018017916329114165,0.1242905636341718,0.0,0.0
2026-05-28 18:00:00+00:00,0.016368393430697414,0.1016035018327383,0.0,0.0
2026-05-28 19:00:00+00:00,0.023633642091243842,0.09991002451675494,0.0,0.0
2026-05-28 20:00:00+00:00,0.024750059574891542,0.11145108620981396,0.0,0.0
2026-05-28 21:00:00+00:00,0.013746076484136218,0.05952337645015688,0.0,0.0
2026-05-28 22:00:00+00:00,0.013733429741150003,0.10132651104171181,0.0,0.0
2026-05-28 23:00:00+00:00,0.009883132393102565,0.06712386358347608,0.0,0.0
2026-05-29 00:00:00+00:00,0.012378005306351442,0.07603799961436616,0.0,0.0
2026-05-29 01:00:00+00:00,0.008145310731620392,0.0763883196843859,0.0,0.0
2026-05-29 02:00:00+00:00,0.01244762705065925,0.14569348403272522,0.0,0.0
2026-05-29 03:00:00+00:00,0.001467192582908965,0.016466261824642503,0.0,0.0
2026-05-29 04:00:00+00:00,0.0028327844497510984,0.022889180493629396,0.0,0.0
2026-05-29 05:00:00+00:00,0.0035328301238504553,0.030332685693921363,0.0,0.0
2026-05-29 06:00:00+00:00,0.0021352790644335387,0.016463630803645653,0.0,0.0
2026-05-29 07:00:00+00:00,0.004475008939105431,0.04611893925918162,0.0,0.0
2026-05-29 08:00:00+00:00,0.003467665767692182,0.03589293452340708,0.0,0.0
2026-05-29 09:00:00+00:00,0.003238488150694952,0.024932697254406458,0.0,0.0
2026-05-29 10:00:00+00:00,0.0027142070934947776,0.033910715793208784,0.0,0.0
2026-05-29 11:00:00+00:00,0.002332585424262419,0.03005080942952625,0.0,0.0
2026-05-29 12:00:00+00:00,0.0025183013033074227,0.03163949566589488,0.0,0.0
2026-05-29 13:00:00+00:00,0.003257333132753377,0.05484772675388646,0.0,0.0
2026-05-29 14:00:00+00:00,0.004639786375829776,0.05588812241617718,0.0,0.0
2026-05-29 15:00:00+00:00,0.011404277301070262,0.03691255616080833,0.0,0.0
2026-05-29 16:00:00+00:00,0.009648954570354341,0.03144303345317101,0.0,0.0
2026-05-29 17:00:00+00:00,0.016595927018469462,0.05110394741538943,0.0,0.0
2026-05-29 18:00:00+00:00,0.01736015343954175,0.08382142882814275,0.0,0.0
2026-05-29 19:00:00+00:00,0.009584154092675939,0.03600589624509442,0.0,0.0
2026-05-29 20:00:00+00:00,0.00618391745424401,0.020796874832583086,0.0,0.0
2026-05-29 21:00:00+00:00,0.009980356557639075,0.04940223767616477,0.0,0.0
2026-05-29 22:00:00+00:00,0.006046779506770542,0.03477198574133774,0.0,0.0
2026-05-29 23:00:00+00:00,0.006659740595084708,0.01845892645764059,0.0,0.0
2026-05-30 00:00:00+00:00,0.016686691501942835,0.02543517775325327,0.0,0.0
2026-05-30 01:00:00+00:00,0.024585578593484234,0.02524982365905192,0.0,0.0
2026-05-30 02:00:00+00:00,0.012307489872743785,0.011445832906885845,0.0,0.0
2026-05-30 03:00:00+00:00,0.010542594458304863,0.024141572398177213,0.0,0.0
2026-05-30 04:00:00+00:00,0.014273103375746799,0.03480837276257114,0.0,0.0
2026-05-30 05:00:00+00:00,0.011152754775526413,0.022367173276484298,0.0,0.0
2026-05-30 06:00:00+00:00,0.008520259530853473,0.020678597504984183,0.0,0.0
2026-05-30 07:00:00+00:00,0.006156476404393558,0.015815774153383186,0.0,0.0
2026-05-30 08:00:00+00:00,0.0058327174054736,0.012738778814412481,0.0,0.0
2026-05-30 09:00:00+00:00,0.0070489319115521615,0.010211307068297986,0.0,0.0
2026-05-30 10:00:00+00:00,0.010132274529064273,0.01430798809085423,0.0,0.0
2026-05-30 11:00:00+00:00,0.01276009167505602,0.01811109616493871,0.0,0.0
2026-05-30 12:00:00+00:00,0.017676821845148547,0.018915881432380013,0.0,0.0
2026-05-30 13:00:00+00:00,0.020923527188320027,0.012467978692738725,0.0,0.0
2026-05-30 14:00:00+00:00,0.03293876744138207,0.02751193203426509,0.0,0.0
2026-05-30 15:00:00+00:00,0.02384081301680754,0.011816454186317682,0.0,0.0
2026-05-30 16:00:00+00:00,0.017754563298953016,0.005164938549057896,0.0,0.0
2026-05-30 17:00:00+00:00,0.035739613796818025,0.012160190379172571,0.0,0.0
2026-05-30 18:00:00+00:00,0.012713219183812028,0.002776514453540973,0.0,0.0
2026-05-30 19:00:00+00:00,0.009442572029299203,0.0021363300112044754,0.0,0.0
2026-05-30 20:00:00+00:00,0.009011788707550396,0.0018899020389817266,0.0,0.0
2026-05-30 21:00:00+00:00,0.01356445321477473,0.004114998342104122,0.0,0.0
2026-05-30 22:00:00+00:00,0.018880371053904162,0.0113647220541127,0.0,0.0
2026-05-30 23:00:00+00:00,0.019308649235542603,0.008917134906844976,0.0,0.0
2026-05-31 00:00:00+00:00,0.03261772187505168,0.00858111109987555,0.0,0.0
2026-05-31 01:00:00+00:00,0.037224715344806564,0.013604325525640455,0.0,0.0
2026-05-31 02:00:00+00:00,0.041724502155580094,0.010032742907624346,0.0,0.0
2026-05-31 03:00:00+00:00,0.02307308602437283,0.003124770594933004,0.0,0.0
2026-05-31 04:00:00+00:00,0.020180967446157733,0.0027647126771545567,0.0,0.0
2026-05-31 05:00:00+00:00,0.013600902650431618,0.003955352799214776,0.0,0.0
2026-05-31 06:00:00+00:00,0.010516827431532016,0.0022431743961497962,0.0,0.0
2026-05-31 07:00:00+00:00,0.009623567918578912,0.008637977969626183,0.0,0.0
2026-05-31 08:00:00+00:00,0.013468112311654588,0.009977490275391179,0.0,0.0
2026-05-31 09:00:00+00:00,0.009285501548055358,0.009580376462117852,0.0,0.0
2026-05-31 10:00:00+00:00,0.013871156622035453,0.01406220717082054,0.0,0.0
2026-05-31 11:00:00+00:00,0.008429380373552675,0.004604697436869972,0.0,0.0
2026-05-31 12:00:00+00:00,0.011755868794697366,0.006815097822844757,0.0,0.0
2026-05-31 13:00:00+00:00,0.008970308851625816,0.004962205053120831,0.0,0.0
2026-05-31 14:00:00+00:00,0.012406440891008605,0.04501633464695553,0.0,0.0
2026-05-31 15:00:00+00:00,0.007795403676150655,0.017875024198595393,0.0,1.0
2026-05-31 16:00:00+00:00,0.007884135662314778,0.03470412302681795,0.0,0.0
2026-05-31 17:00:00+00:00,0.00833104088436342,0.014494103437591744,0.0,0.0
2026-05-31 18:00:00+00:00,0.007540956071284052,0.021737269907470602,0.0,0.0
2026-05-31 19:00:00+00:00,0.01093902712878716,0.032465127218630783,0.0,0.0
2026-05-31 20:00:00+00:00,0.02378736068793538,0.04075764642773939,0.0,0.0
2026-05-31 21:00:00+00:00,0.04091896483596149,0.039979139401978066,0.0,1.0
2026-05-31 22:00:00+00:00,0.0334255503032998,0.0259255711214496,0.0,1.0
2026-05-31 23:00:00+00:00,0.027379231536929532,0.052923743966355026,0.0,0.0
2026-06-01 00:00:00+00:00,0.02677314393792653,0.03371231109413001,0.0,1.0
2026-06-01 01:00:00+00:00,0.018664157336175147,0.05530984407645906,0.0,1.0
2026-06-01 02:00:00+00:00,0.021157486227147877,0.026779522780072357,0.0,1.0
2026-06-01 03:00:00+00:00,0.016380773085065584,0.04113038616119605,0.0,1.0
2026-06-01 04:00:00+00:00,0.014351537424841493,0.03397336685458235,0.0,1.0
2026-06-01 05:00:00+00:00,0.011521180987670432,0.042064242720667215,0.0,1.0
2026-06-01 06:00:00+00:00,0.01297623921958553,0.040460951073356066,0.0,1.0
2026-06-01 07:00:00+00:00,0.017778915638494607,0.04297095641268297,0.0,1.0
2026-06-01 08:00:00+00:00,0.01517560820895491,0.029580565198183417,0.0,1.0
2026-06-01 09:00:00+00:00,0.010560008002130639,0.05077077045460209,0.0,1.0
2026-06-01 10:00:00+00:00,0.014755919559221892,0.036925517908030475,0.0,1.0
2026-06-01 11:00:00+00:00,0.016349432125235843,0.05303335770514759,0.0,1.0
2026-06-01 12:00:00+00:00,0.018172462196875246,0.06306969053084635,0.0,1.0
2026-06-01 13:00:00+00:00,0.023085833171231116,0.0560624973335225,0.0,1.0
2026-06-01 14:00:00+00:00,0.018507699527928283,0.0499752731651965,0.0,1.0
2026-06-01 15:00:00+00:00,0.024226300419601696,0.039902324993086026,0.0,1.0
2026-06-01 16:00:00+00:00,0.02420657380414462,0.046675617365251505,0.0,1.0
2026-06-01 17:00:00+00:00,0.028674970936962082,0.0843958223506876,0.0,1.0
2026-06-01 18:00:00+00:00,0.02817804355593061,0.075689563001679,0.0,1.0
2026-06-01 19:00:00+00:00,0.019207092664265592,0.050092018720112125,0.0,1.0
2026-06-01 20:00:00+00:00,0.01824354878314523,0.03469051922534928,0.0,1.0
2026-06-01 21:00:00+00:00,0.023553138578645733,0.0447345621983643,0.0,1.0
2026-06-01 22:00:00+00:00,0.030796043353469377,0.045438312577786195,0.0,1.0
2026-06-01 23:00:00+00:00,0.026956600041219306,0.07155358218689277,0.0,1.0
2026-06-02 00:00:00+00:00,0.02241046422798663,0.04959490647074529,0.0,1.0
2026-06-02 01:00:00+00:00,0.027967416305340078,0.06257157507305222,0.0,1.0
2026-06-02 02:00:00+00:00,0.016852725036107567,0.043510340854195695,0.0,1.0
2026-06-02 03:00:00+00:00,0.014296064402402683,0.0378160771372679,0.0,1.0
2026-06-02 04:00:00+00:00,0.01305697370320201,0.03949053377512635,0.0,1.0
2026-06-02 05:00:00+00:00,0.015768916412677813,0.04617067100968536,0.0,1.0
2026-06-02 06:00:00+00:00,0.022847141668870075,0.04535005567767001,0.0,1.0
2026-06-02 07:00:00+00:00,0.016859691781656878,0.04808435882393381,0.0,1.0
2026-06-02 08:00:00+00:00,0.019000313242827346,0.037820068841049846,0.0,1.0
2026-06-02 09:00:00+00:00,0.015484113566506521,0.05053557128198627,0.0,1.0
2026-06-02 10:00:00+00:00,0.015385612681710991,0.04823273220360027,0.0,1.0
2026-06-02 11:00:00+00:00,0.01222382225305714,0.04226072782543089,0.0,1.0
2026-06-02 12:00:00+00:00,0.029175689173513052,0.06524877230303217,0.0,0.0
2026-06-02 13:00:00+00:00,0.020957476071129133,0.06114477184782282,0.0,0.0
2026-06-02 14:00:00+00:00,0.04226700126483957,0.05693690533981296,0.0,0.0
2026-06-02 15:00:00+00:00,0.06746748009207659,0.037232322263470764,0.0,0.0
2026-06-02 16:00:00+00:00,0.0406229620696145,0.027190290303478953,0.0,0.0
2026-06-02 17:00:00+00:00,0.02180492751655415,0.04030667535863533,0.0,0.0
2026-06-02 18:00:00+00:00,0.033593604739895415,0.038892590146036,0.0,0.0
2026-06-02 19:00:00+00:00,0.05621843603524853,0.05010186139819276,0.0,0.0
2026-06-02 20:00:00+00:00,0.051248895628651196,0.05470408248720073,0.0,1.0
2026-06-02 21:00:00+00:00,0.036617738748899335,0.05250950213115996,0.0,0.0
2026-06-02 22:00:00+00:00,0.062002894481142434,0.05292073819573292,0.0,0.0
2026-06-02 23:00:00+00:00,0.0316646985988781,0.04978522890715222,0.0,1.0
2026-06-03 00:00:00+00:00,0.054185164082113935,0.12661953526153363,0.0,1.0
2026-06-03 01:00:00+00:00,0.03334847480085038,0.07895566347895179,0.0,1.0
2026-06-03 02:00:00+00:00,0.03777552462333981,0.09052641980309202,0.0,1.0
2026-06-03 03:00:00+00:00,0.11406376675438341,0.07140034923447841,0.0,0.0
2026-06-03 04:00:00+00:00,0.0763126674153703,0.08315282394684874,0.0,0.0
2026-06-03 05:00:00+00:00,0.03954496846353168,0.10469542178857305,0.0,1.0
2026-06-03 06:00:00+00:00,0.03739630871104063,0.12402426489614123,0.0,1.0
2026-06-03 07:00:00+00:00,0.04563293451246497,0.10076666988232386,0.0,1.0
2026-06-03 08:00:00+00:00,0.05764658538202941,0.11041861925553133,0.0,1.0
2026-06-03 09:00:00+00:00,0.05659583223282705,0.1141113099346841,0.0,1.0
2026-06-03 10:00:00+00:00,0.031436984432360725,0.08156953220145816,0.0,1.0
2026-06-03 11:00:00+00:00,0.02822286506650089,0.08739945507612973,0.0,1.0
2026-06-03 12:00:00+00:00,0.029616001646886533,0.09832820338411474,0.0,1.0
2026-06-03 13:00:00+00:00,0.04591650231870006,0.09440357624674249,0.0,1.0
2026-06-03 14:00:00+00:00,0.024250506524276533,0.05581009261098482,0.0,1.0
2026-06-03 15:00:00+00:00,0.05321950174244141,0.10572664410693389,0.0,0.0
2026-06-03 16:00:00+00:00,0.04663299868093527,0.07443497775499026,0.0,1.0
2026-06-03 17:00:00+00:00,0.044369706084735366,0.0754099621151479,0.0,1.0
2026-06-03 18:00:00+00:00,0.0317055649170638,0.05686212108304223,0.0,0.0
2026-06-03 19:00:00+00:00,0.08722131047823682,0.10318072689060576,0.0,0.0
2026-06-03 20:00:00+00:00,0.14569798228272393,0.09403320945831826,0.0,0.0
2026-06-03 21:00:00+00:00,0.08840873658416393,0.062166108335077665,0.0,1.0
2026-06-03 22:00:00+00:00,0.06771562695864615,0.0773362705318184,0.0,0.0
2026-06-03 23:00:00+00:00,0.10520208447405421,0.09944208146232338,0.0,0.0
2026-06-04 00:00:00+00:00,0.24950526722656963,0.12425494133702948,0.0,0.0
2026-06-04 01:00:00+00:00,0.2354073786542041,0.09953250442946819,0.0,0.0
2026-06-04 02:00:00+00:00,0.25132143285484615,0.04707267030803075,0.0,0.0
2026-06-04 03:00:00+00:00,0.08846171384116869,0.1171283886973254,0.0,0.0
2026-06-04 04:00:00+00:00,0.021627277303755205,0.10053608400047535,0.0,0.0
2026-06-04 05:00:00+00:00,0.11599302780360936,0.08605124059513292,0.0,0.0
2026-06-04 06:00:00+00:00,0.0651402398434861,0.09201458525511437,0.0,0.0
2026-06-04 07:00:00+00:00,0.13396110020309082,0.09289358328600167,0.0,0.0
2026-06-04 08:00:00+00:00,0.07797874406167905,0.0857091746801905,0.0,0.0
2026-06-04 09:00:00+00:00,0.0948563883291223,0.09192802165663,0.0,0.0
2026-06-04 10:00:00+00:00,0.14245352044935067,0.06884428627649329,0.0,0.0
2026-06-04 11:00:00+00:00,0.0741644184514233,0.05374174708158741,0.0,0.0
2026-06-04 12:00:00+00:00,0.06574314853122082,0.08031246089469664,0.0,0.0
2026-06-04 13:00:00+00:00,0.09227927503335304,0.1484816671483854,0.0,1.0
2026-06-04 14:00:00+00:00,0.1151875117176393,0.11532324235019627,0.0,1.0
2026-06-04 15:00:00+00:00,0.11419657302290516,0.1492928888585497,0.0,1.0
2026-06-04 16:00:00+00:00,0.09238383344675945,0.12624647296660166,0.0,0.0
2026-06-04 17:00:00+00:00,0.08914232691392832,0.09652472067551432,0.0,1.0
2026-06-04 18:00:00+00:00,0.055143871448639324,0.10446249095125189,0.0,1.0
2026-06-04 19:00:00+00:00,0.05625794747031473,0.10292744644309759,0.0,1.0
2026-06-04 20:00:00+00:00,0.06629538898652872,0.08155784801158783,0.0,0.0
2026-06-04 21:00:00+00:00,0.07818062231032878,0.09598971952395824,0.0,0.0
2026-06-04 22:00:00+00:00,0.13259192173927783,0.08205477458766147,0.0,0.0
2026-06-04 23:00:00+00:00,0.14145693548380756,0.10184616833519287,0.0,1.0
2026-06-05 00:00:00+00:00,0.10062731201304227,0.14723161007397031,0.0,0.0
2026-06-05 01:00:00+00:00,0.0819284927744961,0.13530281161294502,0.0,0.0
2026-06-05 02:00:00+00:00,0.07997039162823294,0.11684361586829124,0.0,0.0
2026-06-05 03:00:00+00:00,0.04583667572511707,0.07130887626748232,0.0,0.0
2026-06-05 04:00:00+00:00,0.03486871606009235,0.09115804937474707,0.0,1.0
2026-06-05 05:00:00+00:00,0.06313298054700324,0.10702112034111687,0.0,0.0
2026-06-05 06:00:00+00:00,0.09569854517418042,0.10394511074683993,0.0,0.0
2026-06-05 07:00:00+00:00,0.01866463148258367,0.06418906372642852,0.0,0.0
2026-06-05 08:00:00+00:00,0.04626148433592638,0.09249067175461417,0.0,0.0
2026-06-05 09:00:00+00:00,0.04608639439130318,0.11414381942985478,0.0,0.0
2026-06-05 10:00:00+00:00,0.030767394096358217,0.09424974155350864,0.0,0.0
2026-06-05 11:00:00+00:00,0.0532733153281184,0.09805755803560241,0.0,0.0
2026-06-05 12:00:00+00:00,0.06511546081874757,0.0681955924525318,0.0,0.0
2026-06-05 13:00:00+00:00,0.06630572819731191,0.07813501025353659,0.0,0.0
2026-06-05 14:00:00+00:00,0.07932165837104457,0.05945916275298956,0.0,0.0
2026-06-05 15:00:00+00:00,0.1577812623094594,0.08115594187505497,0.0,0.0
2026-06-05 16:00:00+00:00,0.06727491771646325,0.034642759594501964,0.0,0.0
2026-06-05 17:00:00+00:00,0.17290338962787918,0.08719540505705277,0.0,0.0
2026-06-05 18:00:00+00:00,0.24179155709335295,0.07238572211273742,0.0,0.0
2026-06-05 19:00:00+00:00,0.17396517400978503,0.05006772251159492,0.0,0.0
2026-06-05 20:00:00+00:00,0.06603097101683966,0.05246338739695594,0.0,0.0
2026-06-05 21:00:00+00:00,0.023846295916201146,0.11199836566475158,0.0,0.0
2026-06-05 22:00:00+00:00,0.04057710038120923,0.08627349227721225,0.0,0.0
2026-06-05 23:00:00+00:00,0.08358482291942863,0.09691976706430172,0.0,0.0
2026-06-06 00:00:00+00:00,0.11126702476447353,0.09978916936805314,0.0,0.0
2026-06-06 01:00:00+00:00,0.035071202038466275,0.06728191468559265,0.0,0.0
2026-06-06 02:00:00+00:00,0.031362451934927586,0.13038254526183735,0.0,0.0
2026-06-06 03:00:00+00:00,0.07287991494564029,0.08937513107104755,0.0,0.0
2026-06-06 04:00:00+00:00,0.1238923399877477,0.11813918297488757,0.0,0.0
2026-06-06 05:00:00+00:00,0.0887711186768989,0.06610776191660059,0.0,0.0
2026-06-06 06:00:00+00:00,0.08715950689768559,0.13217647622683323,0.0,0.0
2026-06-06 07:00:00+00:00,0.07456792008652248,0.1802345366996442,0.0,0.0
2026-06-06 08:00:00+00:00,0.07505630799633324,0.12961827894156408,0.0,0.0
2026-06-06 09:00:00+00:00,0.046145168550749883,0.07683774611935502,0.0,0.0
2026-06-06 10:00:00+00:00,0.10135694881388446,0.12174951013369939,0.0,0.0
2026-06-06 11:00:00+00:00,0.018764695614383698,0.0952021374136784,0.0,0.0
2026-06-06 12:00:00+00:00,0.04097024935690369,0.08921777697787242,0.0,0.0
2026-06-06 13:00:00+00:00,0.02832572251432038,0.0788622381611266,0.0,0.0
2026-06-06 14:00:00+00:00,0.014367213364972297,0.044939930576428415,0.0,0.0
2026-06-06 15:00:00+00:00,0.05700255352671371,0.07052692143732284,0.0,0.0
2026-06-06 16:00:00+00:00,0.10860387280948085,0.04893510741811082,0.0,0.0
2026-06-06 17:00:00+00:00,0.08832656231050999,0.05229158733963494,0.0,0.0
2026-06-06 18:00:00+00:00,0.03984804290198857,0.04417183115763874,0.0,0.0
2026-06-06 19:00:00+00:00,0.030472983772384308,0.02535812610369779,0.0,0.0
2026-06-06 20:00:00+00:00,0.02118134376231762,0.01349038280068623,0.0,0.0
2026-06-06 21:00:00+00:00,0.019819873502175765,0.01329112408777828,0.0,0.0
2026-06-06 22:00:00+00:00,0.03299264182594288,0.02942973132562145,0.0,0.0
2026-06-06 23:00:00+00:00,0.030933595258088892,0.021525373298356607,0.0,0.0
2026-06-07 00:00:00+00:00,0.06757846333946232,0.043070373736199374,0.0,0.0
2026-06-07 01:00:00+00:00,0.07991536068062166,0.04104556605095182,0.0,0.0
2026-06-07 02:00:00+00:00,0.06741728539500827,0.041768535453079125,0.0,0.0
2026-06-07 03:00:00+00:00,0.06145952643263982,0.03018620101328821,0.0,0.0
2026-06-07 04:00:00+00:00,0.04748927038755928,0.024003337991840207,0.0,0.0
2026-06-07 05:00:00+00:00,0.028628374762399156,0.024154025090493986,0.0,0.0
2026-06-07 06:00:00+00:00,0.01650829682512989,0.022396205018264396,0.0,0.0
2026-06-07 07:00:00+00:00,0.011881738014581533,0.01670974915481401,0.0,0.0
2026-06-07 08:00:00+00:00,0.008341811529256258,0.014344779227798603,0.0,0.0
2026-06-07 09:00:00+00:00,0.014325032792021594,0.01815708125851839,0.0,0.0
2026-06-07 10:00:00+00:00,0.010105933024317086,0.013542274694012077,0.0,0.0
2026-06-07 11:00:00+00:00,0.011504205091151853,0.01615025991442559,0.0,0.0
2026-06-07 12:00:00+00:00,0.021230421996401915,0.046198963996632904,0.0,0.0
2026-06-07 13:00:00+00:00,0.01178913779410361,0.033319319937459846,0.0,0.0
2026-06-07 14:00:00+00:00,0.017359206058257838,0.023060521913071827,0.0,0.0
2026-06-07 15:00:00+00:00,0.025344959175503334,0.013322184023980443,0.0,0.0
2026-06-07 16:00:00+00:00,0.03143893816584624,0.014364519313901114,0.0,0.0
2026-06-07 17:00:00+00:00,0.036056057116741556,0.011585561708198763,0.0,0.0
2026-06-07 18:00:00+00:00,0.023843140270331506,0.008601008397827325,0.0,0.0
2026-06-07 19:00:00+00:00,0.07261858356122024,0.05101442257100643,0.0,0.0
2026-06-07 20:00:00+00:00,0.035706045405202225,0.01761101060576561,0.0,0.0
2026-06-07 21:00:00+00:00,0.03966239398793136,0.03830476301637494,0.0,0.0
2026-06-07 22:00:00+00:00,0.026508599220824505,0.016955082476212358,0.0,0.0
2026-06-07 23:00:00+00:00,0.028338241371019073,0.0366784237201966,0.0,0.0
2026-06-08 00:00:00+00:00,0.026988821565166358,0.03377838745070865,0.0,0.0
2026-06-08 01:00:00+00:00,0.037045591616663924,0.03831686801431495,0.0,0.0
2026-06-08 02:00:00+00:00,0.021343576732594294,0.034773820305234314,0.0,0.0
2026-06-08 03:00:00+00:00,0.013163388448337768,0.02628701900457574,0.0,0.0
2026-06-08 04:00:00+00:00,0.01842778981572325,0.022420949920562535,0.0,0.0
2026-06-08 05:00:00+00:00,0.02642426154028806,0.03412457887529072,0.0,0.0
2026-06-08 06:00:00+00:00,0.026740781811483316,0.029132705967613953,0.0,0.0
2026-06-08 07:00:00+00:00,0.03540635943781854,0.03297522742165553,0.0,0.0
2026-06-08 08:00:00+00:00,0.03785971568768414,0.04005561984444514,0.0,0.0
2026-06-08 09:00:00+00:00,0.028596272920928062,0.04749811976282223,0.0,0.0
2026-06-08 10:00:00+00:00,0.023798918720546226,0.03445337644113671,0.0,0.0
2026-06-08 11:00:00+00:00,0.02310135898330036,0.04753483196106656,0.0,0.0
2026-06-08 12:00:00+00:00,0.008952372628130442,0.030388044216307475,0.0,0.0
2026-06-08 13:00:00+00:00,0.014721924841443669,0.04066283017608064,0.0,0.0
2026-06-08 14:00:00+00:00,0.011973306931891045,0.043008336655870366,0.0,0.0
2026-06-08 15:00:00+00:00,0.011832035035632881,0.03666018827631314,0.0,0.0
2026-06-08 16:00:00+00:00,0.01334069650949536,0.0374952962303273,0.0,0.0
2026-06-08 17:00:00+00:00,0.020177533570204714,0.05093377804153922,0.0,0.0
2026-06-08 18:00:00+00:00,0.027258325777394565,0.02707602131932797,0.0,0.0
2026-06-08 19:00:00+00:00,0.030787879323305813,0.019659469202803356,0.0,0.0
2026-06-08 20:00:00+00:00,0.04891526896478915,0.029530309215389888,0.0,0.0
2026-06-08 21:00:00+00:00,0.03739474879012898,0.018788259630703536,0.0,0.0
2026-06-08 22:00:00+00:00,0.04673065570552629,0.02452639675903161,0.0,0.0
2026-06-08 23:00:00+00:00,0.04104433785642429,0.01934812655111617,0.0,0.0
2026-06-09 00:00:00+00:00,0.024358273051604193,0.024199560187633275,0.0,0.0
2026-06-09 01:00:00+00:00,0.0129840155177,0.01068686364462218,0.0,0.0
2026-06-09 02:00:00+00:00,0.0127902635462549,0.008120026947137777,0.0,0.0
2026-06-09 03:00:00+00:00,0.016659222797003284,0.012874920661787958,0.0,0.0
2026-06-09 04:00:00+00:00,0.013596748091810789,0.011444355085687833,0.0,0.0
2026-06-09 05:00:00+00:00,0.02221332050449262,0.010009580445194378,0.0,0.0
2026-06-09 06:00:00+00:00,0.01945286345415185,0.009179739287190807,0.0,0.0
2026-06-09 07:00:00+00:00,0.017741274169881596,0.00833090902779972,0.0,0.0
2026-06-09 08:00:00+00:00,0.013818593284637332,0.010184630709228273,0.0,0.0
2026-06-09 09:00:00+00:00,0.018550036798720634,0.009091849769645312,0.0,0.0
2026-06-09 10:00:00+00:00,0.019664032533741823,0.008807730931204434,0.0,0.0
2026-06-09 11:00:00+00:00,0.016074910780762394,0.00921359923407934,0.0,0.0
2026-06-09 12:00:00+00:00,0.01850658681871342,0.009548537254130718,0.0,0.0
2026-06-09 13:00:00+00:00,0.019550576443117515,0.013116681188566131,0.0,0.0
2026-06-09 14:00:00+00:00,0.028099667125075445,0.01528008069348813,0.0,0.0
2026-06-09 15:00:00+00:00,0.024047177286249038,0.00992872945565997,0.0,0.0
2026-06-09 16:00:00+00:00,0.018811160942973987,0.01210826302951322,0.0,0.0
2026-06-09 17:00:00+00:00,0.024677424680416882,0.01645176944453727,0.0,0.0
2026-06-09 18:00:00+00:00,0.02155412460415849,0.016014671004512638,0.0,0.0
2026-06-09 19:00:00+00:00,0.02147459882277407,0.01617098147235684,0.0,0.0
2026-06-09 20:00:00+00:00,0.021202107210566767,0.015809429470086272,0.0,0.0
2026-06-09 21:00:00+00:00,0.02309089151970056,0.017622375085811298,0.0,0.0
2026-06-09 22:00:00+00:00,0.01144632691888921,0.012144499330761484,0.0,0.0
2026-06-09 23:00:00+00:00,0.012210775112110243,0.019024709436059394,0.0,0.0
2026-06-10 00:00:00+00:00,0.013025677718190035,0.02044889919116444,0.0,0.0
2026-06-10 01:00:00+00:00,0.012725820717719605,0.02326666356908776,0.0,0.0
2026-06-10 02:00:00+00:00,0.015042718091530592,0.02893080043491959,0.0,0.0
2026-06-10 03:00:00+00:00,0.013665669061447464,0.019331407826343575,0.0,0.0
2026-06-10 04:00:00+00:00,0.009133109962371043,0.020431276421064903,0.0,0.0
2026-06-10 05:00:00+00:00,0.010500526977680993,0.02238507492836661,0.0,0.0
2026-06-10 06:00:00+00:00,0.012103666557070921,0.030033164586298736,0.0,0.0
2026-06-10 07:00:00+00:00,0.0126451956922808,0.03989131759312977,0.0,0.0
2026-06-10 08:00:00+00:00,0.013278601776766022,0.036732037540084105,0.0,0.0
2026-06-10 09:00:00+00:00,0.009705729451579896,0.0433229783752207,0.0,0.0
2026-06-10 10:00:00+00:00,0.0035746300579697493,0.03322120719379665,0.0,0.0
2026-06-10 11:00:00+00:00,0.005913106007162075,0.05361694683293699,0.0,0.0
2026-06-10 12:00:00+00:00,0.0039721298505288605,0.03500610234267428,0.0,0.0
2026-06-10 13:00:00+00:00,0.005817039571139775,0.033646592000727775,0.0,0.0
2026-06-10 14:00:00+00:00,0.0032824846174362037,0.040508244099489256,0.0,0.0
2026-06-10 15:00:00+00:00,0.0028112200974011376,0.02999898242399834,0.0,0.0
2026-06-10 16:00:00+00:00,0.003823463052126434,0.03687661576424869,0.0,0.0
2026-06-10 17:00:00+00:00,0.0044658437088331395,0.04501390363487001,0.0,0.0
2026-06-10 18:00:00+00:00,0.0033289355025442127,0.03164830930808939,0.0,0.0
2026-06-10 19:00:00+00:00,0.0035580693856877687,0.025855229284431364,0.0,0.0
2026-06-10 20:00:00+00:00,0.004781942643350246,0.024032423904356018,0.0,0.0
2026-06-10 21:00:00+00:00,0.008154289260188375,0.029842996271188926,0.0,0.0
2026-06-10 22:00:00+00:00,0.007221348831350366,0.026376825151347417,0.0,0.0
2026-06-10 23:00:00+00:00,0.0052816498750373475,0.02172725900273324,0.0,0.0
2026-06-11 00:00:00+00:00,0.0030417597233869764,0.03049233629384764,0.0,0.0
2026-06-11 01:00:00+00:00,0.004816221486485284,0.05364285176796188,0.0,0.0
2026-06-11 02:00:00+00:00,0.002461050086018875,0.02825016676306843,0.0,0.0
2026-06-11 03:00:00+00:00,0.005296677200611607,0.044783303612993576,0.0,0.0
2026-06-11 04:00:00+00:00,0.0022613969302131363,0.03114387525092598,0.0,0.0
2026-06-11 05:00:00+00:00,0.0011559510427817988,0.02486718660923905,0.0,0.0
2026-06-11 06:00:00+00:00,0.002457318153356969,0.05486440043808757,0.0,0.0
2026-06-11 07:00:00+00:00,0.001363894204618443,0.029282223321807615,0.0,0.0
2026-06-11 08:00:00+00:00,0.001580513295292449,0.027684546008805256,0.0,0.0
2026-06-11 09:00:00+00:00,0.0021528444130797576,0.021912857337121023,0.0,0.0
2026-06-11 10:00:00+00:00,0.002008106683344805,0.02431260164471939,0.0,0.0
2026-06-11 11:00:00+00:00,0.0019176333985882182,0.016309819735618986,0.0,0.0
2026-06-11 12:00:00+00:00,0.0029231469122373587,0.03439698187383385,0.0,0.0
2026-06-11 13:00:00+00:00,0.002865074694695492,0.02789053793070777,0.0,0.0
2026-06-11 14:00:00+00:00,0.0020566693552349683,0.028987859888940204,0.0,0.0
2026-06-11 15:00:00+00:00,0.0020209650724633097,0.023872083633905593,0.0,0.0
2026-06-11 16:00:00+00:00,0.0012752493900922716,0.017723533832434368,0.0,0.0
2026-06-11 17:00:00+00:00,0.002948880439785156,0.011627535347947348,0.0,0.0
2026-06-11 18:00:00+00:00,0.002714965432140787,0.024997850641231403,0.0,0.0
2026-06-11 19:00:00+00:00,0.0036010331011066565,0.021760452258797358,0.0,0.0
2026-06-11 20:00:00+00:00,0.0024675750001590803,0.01808138964925923,0.0,0.0
2026-06-11 21:00:00+00:00,0.0017668032273746512,0.009455891286029174,0.0,0.0
2026-06-11 22:00:00+00:00,0.0015996196856438909,0.008964019350330822,0.0,0.0
2026-06-11 23:00:00+00:00,0.0027625780847010243,0.012426370558632273,0.0,0.0
2026-06-12 00:00:00+00:00,0.001783355904778885,0.013858963357948692,0.0,0.0
2026-06-12 01:00:00+00:00,0.001888466401911703,0.013803965870574239,0.0,0.0
2026-06-12 02:00:00+00:00,0.0014703778997586202,0.005130357352010335,0.0,0.0
2026-06-12 03:00:00+00:00,0.0018928612418154965,0.007418598177649806,0.0,0.0
2026-06-12 04:00:00+00:00,0.0028739982371333603,0.011168106655270316,0.0,0.0
2026-06-12 05:00:00+00:00,0.0016567473969483317,0.013690875518714321,0.0,0.0
2026-06-12 06:00:00+00:00,0.002087735389193156,0.02906931691888727,0.0,0.0
2026-06-12 07:00:00+00:00,0.0017752018209980433,0.018111467717114454,0.0,0.0
2026-06-12 08:00:00+00:00,0.0018721235871939554,0.014207514402285707,0.0,0.0
2026-06-12 09:00:00+00:00,0.001798481607688767,0.013201036495907531,0.0,0.0
2026-06-12 10:00:00+00:00,0.001971942589890224,0.013364110287225908,0.0,0.0
2026-06-12 11:00:00+00:00,0.0014249276100288175,0.006052155993736684,0.0,0.0
2026-06-12 12:00:00+00:00,0.001846155443433253,0.013177274136668573,0.0,0.0
2026-06-12 13:00:00+00:00,0.0049844913312116846,0.026562619320370046,0.0,0.0
2026-06-12 14:00:00+00:00,0.007203512997635403,0.02400439468331166,0.0,0.0
2026-06-12 15:00:00+00:00,0.0044063189118383715,0.02191750335717653,0.0,0.0
2026-06-12 16:00:00+00:00,0.004268645096433106,0.0188958047955177,0.0,0.0
2026-06-12 17:00:00+00:00,0.0026616310531350847,0.008448933325604582,0.0,0.0
2026-06-12 18:00:00+00:00,0.0020054014597814442,0.010465327885826547,0.0,0.0
2026-06-12 19:00:00+00:00,0.0032868439666375315,0.009064668174738227,0.0,0.0
2026-06-12 20:00:00+00:00,0.0018204531432298259,0.009659033561085563,0.0,0.0
2026-06-12 21:00:00+00:00,0.0012230161457854746,0.006802505546895506,0.0,0.0
2026-06-12 22:00:00+00:00,0.002997849138758075,0.020047401281021043,0.0,0.0
2026-06-12 23:00:00+00:00,0.0015181633952561448,0.007306544806683778,0.0,0.0
2026-06-13 00:00:00+00:00,0.0075155133870517974,0.01844227251864544,0.0,0.0
2026-06-13 01:00:00+00:00,0.006995433720243492,0.011005718255992678,0.0,0.0
2026-06-13 02:00:00+00:00,0.004457891324060608,0.014887512376168777,0.0,0.0
2026-06-13 03:00:00+00:00,0.003492273717586421,0.009691692335310621,0.0,0.0
2026-06-13 04:00:00+00:00,0.001872903189556494,0.0042011502093721636,0.0,0.0
2026-06-13 05:00:00+00:00,0.004236172369004358,0.019741873492875314,0.0,0.0
2026-06-13 06:00:00+00:00,0.0035714518648865463,0.007599082334934744,0.0,0.0
2026-06-13 07:00:00+00:00,0.003931526295993549,0.010879290104572116,0.0,0.0
2026-06-13 08:00:00+00:00,0.001984229736260569,0.004396463241019422,0.0,0.0
2026-06-13 09:00:00+00:00,0.0021561575190553934,0.005491038862257267,0.0,0.0
2026-06-13 10:00:00+00:00,0.0040303863063397725,0.004855364379336543,0.0,0.0
2026-06-13 11:00:00+00:00,0.006996282159263504,0.0159053312759177,0.0,0.0
2026-06-13 12:00:00+00:00,0.008916676663461997,0.02050477947080955,0.0,0.0
2026-06-13 13:00:00+00:00,0.005776494573460081,0.012471093149437514,0.0,0.0
2026-06-13 14:00:00+00:00,0.005148509357431029,0.004700962341806342,0.0,0.0
2026-06-13 15:00:00+00:00,0.004926768715619311,0.007784872946438486,0.0,0.0
2026-06-13 16:00:00+00:00,0.0037236263872088057,0.016761905794096272,0.0,0.0
2026-06-13 17:00:00+00:00,0.002275797001189604,0.007045601131469736,0.0,0.0
2026-06-13 18:00:00+00:00,0.0036000500885781934,0.006918059971333355,0.0,0.0
2026-06-13 19:00:00+00:00,0.0038096914259828953,0.005832808434985195,0.0,0.0
2026-06-13 20:00:00+00:00,0.003090934507266883,0.004240258334795324,0.0,0.0
2026-06-13 21:00:00+00:00,0.008023994335375291,0.006698224856610899,0.0,0.0
2026-06-13 22:00:00+00:00,0.0044019370417482445,0.004255348814198601,0.0,0.0
2026-06-13 23:00:00+00:00,0.006724698947568252,0.007496377453131908,0.0,0.0
2026-06-14 00:00:00+00:00,0.01585500978825694,0.014456614163046014,0.0,0.0
2026-06-14 01:00:00+00:00,0.01558693787093704,0.01234505585485962,0.0,0.0
2026-06-14 02:00:00+00:00,0.007417779142288806,0.004146448842083009,0.0,0.0
2026-06-14 03:00:00+00:00,0.008484615024352897,0.0029738726917459403,0.0,0.0
2026-06-14 04:00:00+00:00,0.00503001535799285,0.005071740682853054,0.0,0.0
2026-06-14 05:00:00+00:00,0.005325352693878432,0.009031321638641732,0.0,0.0
2026-06-14 06:00:00+00:00,0.006047468767687949,0.013441697138929237,0.0,0.0
2026-06-14 07:00:00+00:00,0.005583718513653351,0.005413235967209451,0.0,0.0
2026-06-14 08:00:00+00:00,0.0045296036086763065,0.0036795889820142465,0.0,0.0
2026-06-14 09:00:00+00:00,0.008156706800566784,0.004925657640203189,0.0,0.0
2026-06-14 10:00:00+00:00,0.004202778767125936,0.0028805583584623575,0.0,0.0
2026-06-14 11:00:00+00:00,0.0065722154211690755,0.0055937261841320475,0.0,0.0
2026-06-14 12:00:00+00:00,0.0036106367996154736,0.010654647446120394,0.0,0.0
2026-06-14 13:00:00+00:00,0.0046768981609940025,0.016050382650877618,0.0,0.0
2026-06-14 14:00:00+00:00,0.004607925001555598,0.03460157097857584,0.0,0.0
2026-06-14 15:00:00+00:00,0.00419186899291283,0.025594061950922644,0.0,0.0
2026-06-14 16:00:00+00:00,0.002208375168850114,0.012622452931991998,0.0,0.0
2026-06-14 17:00:00+00:00,0.00477692196453389,0.040706791813388245,0.0,0.0
2026-06-14 18:00:00+00:00,0.004151617407450905,0.017681784412170005,0.0,0.0
2026-06-14 19:00:00+00:00,0.00248043172988389,0.009639236272360881,0.0,0.0
2026-06-14 20:00:00+00:00,0.006094420170958789,0.016305197287524355,0.0,0.0
2026-06-14 21:00:00+00:00,0.02021138182537902,0.013298923192846361,0.0,0.0
2026-06-14 22:00:00+00:00,0.01923115791512135,0.023559501707826058,0.0,0.0
2026-06-14 23:00:00+00:00,0.020199944144943725,0.025488684599945508,0.0,0.0
2026-06-15 00:00:00+00:00,0.017825474558467592,0.024773749730966053,0.0,0.0
2026-06-15 01:00:00+00:00,0.014890333909895428,0.0263559770417377,0.0,0.0
2026-06-15 02:00:00+00:00,0.011643867683598286,0.022368116932367624,0.0,0.0
2026-06-15 03:00:00+00:00,0.009707095474351921,0.02696106568877109,0.0,0.0
2026-06-15 04:00:00+00:00,0.009010258886929896,0.02024760825804343,0.0,0.0
2026-06-15 05:00:00+00:00,0.014475142937843494,0.023390806069944453,0.0,0.0
2026-06-15 06:00:00+00:00,0.012714175981216894,0.01837973643550506,0.0,0.0
2026-06-15 07:00:00+00:00,0.01514531218789733,0.030771130329161577,0.0,0.0
2026-06-15 08:00:00+00:00,0.012111345765054663,0.013506712973052254,0.0,0.0
2026-06-15 09:00:00+00:00,0.012756949673333946,0.021265680704693275,0.0,0.0
2026-06-15 10:00:00+00:00,0.013620657597483307,0.02563147722444528,0.0,0.0
2026-06-15 11:00:00+00:00,0.0218424235524875,0.04045903737229998,0.0,0.0
2026-06-15 12:00:00+00:00,0.016932463850128764,0.0330771697550271,0.0,0.0
2026-06-15 13:00:00+00:00,0.019007607125657036,0.0282009980212833,0.0,0.0
2026-06-15 14:00:00+00:00,0.02112630085679384,0.045324231422061545,0.0,0.0
2026-06-15 15:00:00+00:00,0.014871820384923767,0.03823858237874966,0.0,0.0
2026-06-15 16:00:00+00:00,0.018095869512676364,0.04794946104726777,0.0,0.0
2026-06-15 17:00:00+00:00,0.02965657769396963,0.07402498491806578,0.0,0.0
2026-06-15 18:00:00+00:00,0.03416377260167378,0.04954416417969466,0.0,0.0
2026-06-15 19:00:00+00:00,0.031899468765943774,0.07004010617435606,0.0,0.0
2026-06-15 20:00:00+00:00,0.027536265114427454,0.016154883760047253,0.0,0.0
2026-06-15 21:00:00+00:00,0.02428256436489244,0.01652105269352637,0.0,0.0
2026-06-15 22:00:00+00:00,0.026818023490357962,0.016615599463841852,0.0,0.0
2026-06-15 23:00:00+00:00,0.04209650014434315,0.013217973486338868,0.0,0.0
2026-06-16 00:00:00+00:00,0.013807477166604252,0.007440646517892564,0.0,0.0
2026-06-16 01:00:00+00:00,0.015768627566465233,0.009141610536279404,0.0,0.0
2026-06-16 02:00:00+00:00,0.018910138661124495,0.025481723223001324,0.0,0.0
2026-06-16 03:00:00+00:00,0.015728488079862855,0.01293823711784405,0.0,0.0
2026-06-16 04:00:00+00:00,0.013017173123731357,0.015302576911555088,0.0,0.0
2026-06-16 05:00:00+00:00,0.011795694718875531,0.013484436083506043,0.0,0.0
2026-06-16 06:00:00+00:00,0.01416070455693281,0.008846901063355098,0.0,0.0
2026-06-16 07:00:00+00:00,0.012588497934218052,0.00947906323476125,0.0,0.0
2026-06-16 08:00:00+00:00,0.017336328889143767,0.008818171727279948,0.0,0.0
2026-06-16 09:00:00+00:00,0.015241581136157168,0.010549213158687705,0.0,0.0
2026-06-16 10:00:00+00:00,0.010167434123913832,0.006195670706110971,0.0,0.0
2026-06-16 11:00:00+00:00,0.022855324438123038,0.010402613046099464,0.0,0.0
2026-06-16 12:00:00+00:00,0.019008519706706428,0.014975185726124237,0.0,0.0
2026-06-16 13:00:00+00:00,0.020030956958628356,0.01816447195832263,0.0,0.0
2026-06-16 14:00:00+00:00,0.03147537037543018,0.026017096198242506,0.0,0.0
2026-06-16 15:00:00+00:00,0.01611734855151439,0.012844933566398627,0.0,0.0
2026-06-16 16:00:00+00:00,0.017035068911111895,0.010168510165886942,0.0,0.0
2026-06-16 17:00:00+00:00,0.013273588678350856,0.008644939324985869,0.0,0.0
2026-06-16 18:00:00+00:00,0.024141374992286194,0.014976800156790046,0.0,0.0
2026-06-16 19:00:00+00:00,0.027300721475283396,0.025818557497791553,0.0,0.0
2026-06-16 20:00:00+00:00,0.01653773153002084,0.00619287072277061,0.0,0.0
2026-06-16 21:00:00+00:00,0.014217988359812262,0.0117562387508171,0.0,0.0
2026-06-16 22:00:00+00:00,0.009065508612182216,0.007434045567780097,0.0,0.0
2026-06-16 23:00:00+00:00,0.01741863907299428,0.009199864663397462,0.0,0.0
2026-06-17 00:00:00+00:00,0.011545242029033962,0.013591188808466196,0.0,0.0
2026-06-17 01:00:00+00:00,0.030443780754102503,0.022093133359257805,0.0,0.0
2026-06-17 02:00:00+00:00,0.02373782168211346,0.026198637818543133,0.0,0.0
2026-06-17 03:00:00+00:00,0.015922073205602055,0.015582073673701109,0.0,0.0
2026-06-17 04:00:00+00:00,0.02272001404445709,0.013394783709223769,0.0,0.0
2026-06-17 05:00:00+00:00,0.017227475295719417,0.01405346130512074,0.0,0.0
2026-06-17 06:00:00+00:00,0.010390790673539164,0.007843052110521682,0.0,0.0
2026-06-17 07:00:00+00:00,0.012068842257282981,0.013001965485310255,0.0,0.0
2026-06-17 08:00:00+00:00,0.007884783840498052,0.016720973388112667,0.0,0.0
2026-06-17 09:00:00+00:00,0.0027439728173568947,0.015585832713337917,0.0,0.0
2026-06-17 10:00:00+00:00,0.0017092552514805209,0.014869294273314229,0.0,0.0
2026-06-17 11:00:00+00:00,0.0017565591871716343,0.0192526726139896,0.0,0.0
2026-06-17 12:00:00+00:00,0.0028812701796520255,0.014932097128527317,0.0,0.0
2026-06-17 13:00:00+00:00,0.005764188899389976,0.02020614695853053,0.0,0.0
2026-06-17 14:00:00+00:00,0.003916750805635713,0.01578294010118111,0.0,0.0
2026-06-17 15:00:00+00:00,0.008969080873076787,0.0206311349082175,0.0,0.0
2026-06-17 16:00:00+00:00,0.007655953323611671,0.016097510876108685,0.0,0.0
2026-06-17 17:00:00+00:00,0.007317275161833552,0.019654338307719715,0.0,1.0
2026-06-17 18:00:00+00:00,0.007325171193991484,0.02681877555937795,0.0,0.0
2026-06-17 19:00:00+00:00,0.009942683766262084,0.01257880827936163,0.0,0.0
2026-06-17 20:00:00+00:00,0.0054945998878378755,0.012605578624673854,0.0,0.0
2026-06-17 21:00:00+00:00,0.005948329780751073,0.01962940824150225,0.0,0.0
2026-06-17 22:00:00+00:00,0.0041698394525115446,0.011792520194883346,0.0,0.0
2026-06-17 23:00:00+00:00,0.008127919946697657,0.015451540063691845,0.0,0.0
2026-06-18 00:00:00+00:00,0.0018208540115079493,0.02321010735164068,0.0,0.0
2026-06-18 01:00:00+00:00,0.005526420883074814,0.021256597100562463,0.0,0.0
2026-06-18 02:00:00+00:00,0.003258481694372439,0.021434212174243534,0.0,0.0
2026-06-18 03:00:00+00:00,0.00261815550472695,0.03610556940773801,0.0,0.0
2026-06-18 04:00:00+00:00,0.004312430682550403,0.04165246515326641,0.0,0.0
2026-06-18 05:00:00+00:00,0.003105496444912384,0.05181094134730271,0.0,0.0
2026-06-18 06:00:00+00:00,0.003113919653531468,0.06856109987747178,0.0,0.0
2026-06-18 07:00:00+00:00,0.004799355526716418,0.05828834577694309,0.0,0.0
2026-06-18 08:00:00+00:00,0.0028122446490360747,0.05418321400989894,0.0,0.0
2026-06-18 09:00:00+00:00,0.002288323755991545,0.024825036619785804,0.0,0.0
2026-06-18 10:00:00+00:00,0.003100602462573519,0.03818860806636112,0.0,0.0
2026-06-18 11:00:00+00:00,0.0027326828586056325,0.03277636065047087,0.0,0.0
2026-06-18 12:00:00+00:00,0.004653448494066445,0.042752744596106645,0.0,0.0
2026-06-18 13:00:00+00:00,0.007589772866158968,0.07851882969102576,0.0,0.0
2026-06-18 14:00:00+00:00,0.006528135841417868,0.08318314124206211,0.0,0.0
2026-06-18 15:00:00+00:00,0.013063659301450939,0.03488456572110193,0.0,0.0
2026-06-18 16:00:00+00:00,0.0067820386869386256,0.030480957926165102,0.0,0.0
2026-06-18 17:00:00+00:00,0.010578379309309023,0.06858160475518342,0.0,0.0
2026-06-18 18:00:00+00:00,0.0039744510470518975,0.03967248196571148,0.0,0.0
2026-06-18 19:00:00+00:00,0.0036007100980756574,0.025603105477929863,0.0,0.0
2026-06-18 20:00:00+00:00,0.004315450190176291,0.04171052743911668,0.0,0.0
2026-06-18 21:00:00+00:00,0.004095238827511773,0.02049893225180089,0.0,0.0
2026-06-18 22:00:00+00:00,0.002763918161100379,0.03052011424698553,0.0,0.0
2026-06-18 23:00:00+00:00,0.0024279413860641788,0.03549181979381056,0.0,0.0
2026-06-19 00:00:00+00:00,0.0029713998337963783,0.06754052933236637,0.0,0.0
2026-06-19 01:00:00+00:00,0.0025846337289383765,0.06792789354699715,0.0,0.0
2026-06-19 02:00:00+00:00,0.0020886789281191124,0.0455541816304652,0.0,0.0
2026-06-19 03:00:00+00:00,0.0045562984487442365,0.11631511625956259,0.0,0.0
2026-06-19 04:00:00+00:00,0.0017095594328634465,0.055332788540573156,0.0,0.0
2026-06-19 05:00:00+00:00,0.001296765864107198,0.04307089333689245,0.0,0.0
2026-06-19 06:00:00+00:00,0.0010122128184778428,0.043006213516555515,0.0,0.0
2026-06-19 07:00:00+00:00,0.002012076692456054,0.10560186824650573,0.0,0.0
2026-06-19 08:00:00+00:00,0.0014146340095349567,0.06733614067112685,0.0,0.0
2026-06-19 09:00:00+00:00,0.00142508729399899,0.09584235327359576,0.0,0.0
2026-06-19 10:00:00+00:00,0.001289295184385625,0.08464274510566433,0.0,0.0
2026-06-19 11:00:00+00:00,0.0015500105229318882,0.08975118413502037,0.0,0.0
2026-06-19 12:00:00+00:00,0.001999023081255782,0.05660314174246459,0.0,0.0
2026-06-19 13:00:00+00:00,0.003654975583760945,0.04329207715040412,0.0,0.0
2026-06-19 14:00:00+00:00,0.003241359643965701,0.040990546283703196,0.0,0.0
2026-06-19 15:00:00+00:00,0.0004507278484111146,0.009557095180689154,0.0,0.0
2026-06-19 16:00:00+00:00,0.0012030433275153796,0.030494539497650863,0.0,0.0
2026-06-19 17:00:00+00:00,0.000734870819803976,0.015179559215281177,0.0,0.0
2026-06-19 18:00:00+00:00,0.0004555747299910534,0.00964161379806672,0.0,0.0
2026-06-19 19:00:00+00:00,0.00040448931831054856,0.006839725252774334,0.0,0.0
2026-06-19 20:00:00+00:00,0.0006238774283576316,0.004037818922997105,0.0,0.0
2026-06-19 21:00:00+00:00,0.0007081482857678262,0.005609733368726162,0.0,0.0
2026-06-19 22:00:00+00:00,0.0011390582657097063,0.0086119210884499,0.0,0.0
2026-06-19 23:00:00+00:00,0.0022602332394124074,0.012935811459393565,0.0,0.0
2026-06-20 00:00:00+00:00,0.004680393218571118,0.0155846908753934,0.0,0.0
2026-06-20 01:00:00+00:00,0.0037616571910881733,0.009454282578281528,0.0,0.0
2026-06-20 02:00:00+00:00,0.003503264536741347,0.012332203903610874,0.0,0.0
2026-06-20 03:00:00+00:00,0.0019695343868832717,0.0064317610751142,0.0,0.0
2026-06-20 04:00:00+00:00,0.0014853505475812886,0.004935518307384366,0.0,0.0
2026-06-20 05:00:00+00:00,0.0023628382793611465,0.008172248172953669,0.0,0.0
2026-06-20 06:00:00+00:00,0.0016558633493970127,0.002801416969760727,0.0,0.0
2026-06-20 07:00:00+00:00,0.0025182490127979855,0.005825135102868966,0.0,0.0
2026-06-20 08:00:00+00:00,0.001740348327010757,0.009050527819779185,0.0,0.0
2026-06-20 09:00:00+00:00,0.0027607971241838127,0.005933551493954563,0.0,0.0
2026-06-20 10:00:00+00:00,0.0016458684251055018,0.00536619673849946,0.0,0.0
2026-06-20 11:00:00+00:00,0.0026234668173490973,0.007516489651286179,0.0,0.0
2026-06-20 12:00:00+00:00,0.0020517571364799202,0.005983754722639544,0.0,0.0
2026-06-20 13:00:00+00:00,0.0031324965817481625,0.015250516420897066,0.0,0.0
2026-06-20 14:00:00+00:00,0.008661281636111904,0.015140601562518933,0.0,0.0
2026-06-20 15:00:00+00:00,0.00822268356912769,0.014061283781742928,0.0,0.0
2026-06-20 16:00:00+00:00,0.005801205908931161,0.010377891593042138,0.0,0.0
2026-06-20 17:00:00+00:00,0.006826844659676169,0.014062079309696876,0.0,0.0
2026-06-20 18:00:00+00:00,0.0022811714730047354,0.0034508069523690836,0.0,0.0
2026-06-20 19:00:00+00:00,0.0045894569947758064,0.005171173474179964,0.0,0.0
2026-06-20 20:00:00+00:00,0.005648106764262219,0.00798480050318213,0.0,0.0
2026-06-20 21:00:00+00:00,0.006863254413400076,0.006912598452802171,0.0,0.0
2026-06-20 22:00:00+00:00,0.013830934157874765,0.007582503704986514,0.0,0.0
2026-06-20 23:00:00+00:00,0.008266683891109409,0.004184569322311674,0.0,0.0
2026-06-21 00:00:00+00:00,0.0393731240537059,0.014074643863393044,0.0,0.0
2026-06-21 01:00:00+00:00,0.03696689310381573,0.01704749728925774,0.0,0.0
2026-06-21 02:00:00+00:00,0.0221437872296236,0.007240814753059596,0.0,0.0
2026-06-21 03:00:00+00:00,0.027066073284980213,0.009322980318726816,0.0,0.0
2026-06-21 04:00:00+00:00,0.018118596232275307,0.011286048866805199,0.0,0.0
2026-06-21 05:00:00+00:00,0.013703809085648257,0.004885882109915286,0.0,0.0
2026-06-21 06:00:00+00:00,0.016715586203164292,0.004669747262989821,0.0,0.0
2026-06-21 07:00:00+00:00,0.012060649429772731,0.0087237489169257,0.0,0.0
2026-06-21 08:00:00+00:00,0.01232230610881336,0.010482359597115578,0.0,0.0
2026-06-21 09:00:00+00:00,0.01177113851726269,0.007947433846237082,0.0,0.0
2026-06-21 10:00:00+00:00,0.01768600882367564,0.00937248269027277,0.0,0.0
2026-06-21 11:00:00+00:00,0.02257187331359019,0.01891504629168812,0.0,0.0
2026-06-21 12:00:00+00:00,0.021050223217725077,0.01943433778079695,0.0,0.0
2026-06-21 13:00:00+00:00,0.013930313952893634,0.008226668549167192,0.0,0.0
2026-06-21 14:00:00+00:00,0.01339009441395173,0.006722055771036132,0.0,0.0
2026-06-21 15:00:00+00:00,0.026700963596495337,0.013782400211356538,0.0,0.0
2026-06-21 16:00:00+00:00,0.016708666219352904,0.010556460727082504,0.0,0.0
2026-06-21 17:00:00+00:00,0.015405641494707889,0.006938418647283431,0.0,0.0
2026-06-21 18:00:00+00:00,0.03155171941830697,0.01080104553947441,0.0,0.0
2026-06-21 19:00:00+00:00,0.016315025583920752,0.005873648907799636,0.0,0.0
2026-06-21 20:00:00+00:00,0.0282195034143128,0.04052261781704264,0.0,0.0
2026-06-21 21:00:00+00:00,0.03043204509402257,0.045850370786788365,0.0,0.0
2026-06-21 22:00:00+00:00,0.02164974488942555,0.033494127690764236,0.0,0.0
2026-06-21 23:00:00+00:00,0.014377797713092883,0.05096063827207905,0.0,0.0
2026-06-22 00:00:00+00:00,0.02629846679705777,0.01577378898439073,0.0,0.0
2026-06-22 01:00:00+00:00,0.03520632277534326,0.017011850063471955,0.0,0.0
2026-06-22 02:00:00+00:00,0.031187455367687647,0.025766783603412544,0.0,0.0
2026-06-22 03:00:00+00:00,0.03590313946762667,0.02616957881015411,0.0,0.0
2026-06-22 04:00:00+00:00,0.01971541430441814,0.015982937494462553,0.0,0.0
2026-06-22 05:00:00+00:00,0.029595900073013024,0.02708883277973505,0.0,0.0
2026-06-22 06:00:00+00:00,0.030868608128108058,0.01506348004756892,0.0,0.0
2026-06-22 07:00:00+00:00,0.025914430939444094,0.01565003057164094,0.0,0.0
2026-06-22 08:00:00+00:00,0.03194258710795149,0.0134592180437896,0.0,0.0
2026-06-22 09:00:00+00:00,0.03936831901952683,0.011154433164117067,0.0,0.0
2026-06-22 10:00:00+00:00,0.026918212968116143,0.00933819121827239,0.0,0.0
2026-06-22 11:00:00+00:00,0.04196342504865555,0.026022696114371146,0.0,0.0
2026-06-22 12:00:00+00:00,0.04622783472516564,0.026673333371482446,0.0,0.0
2026-06-22 13:00:00+00:00,0.05576324626170954,0.0295185903009015,0.0,0.0
2026-06-22 14:00:00+00:00,0.046324227187615946,0.026684529301678233,0.0,0.0
2026-06-22 15:00:00+00:00,0.04682564021334004,0.02473042061583582,0.0,0.0
2026-06-22 16:00:00+00:00,0.026150891063862636,0.041456733496188815,0.0,0.0
2026-06-22 17:00:00+00:00,0.035018107892473664,0.04419751567864205,0.0,0.0
2026-06-22 18:00:00+00:00,0.03931239074972825,0.023440978136586032,0.0,0.0
2026-06-22 19:00:00+00:00,0.06690689936955567,0.037157241330490386,0.0,0.0
2026-06-22 20:00:00+00:00,0.05988102696336273,0.025915220574294674,0.0,0.0
2026-06-22 21:00:00+00:00,0.07777881904365638,0.023745579348294587,0.0,0.0
2026-06-22 22:00:00+00:00,0.07669123924133521,0.04059659330174195,0.0,0.0
2026-06-22 23:00:00+00:00,0.04623773894018746,0.03452895867868561,0.0,0.0
2026-06-23 00:00:00+00:00,0.055240375428712234,0.03127344021836929,0.0,0.0
2026-06-23 01:00:00+00:00,0.0516945748291616,0.027105235899695112,0.0,0.0
2026-06-23 02:00:00+00:00,0.0324042907851239,0.01461484393339778,0.0,0.0
2026-06-23 03:00:00+00:00,0.03178846448844475,0.009901773405979013,0.0,0.0
2026-06-23 04:00:00+00:00,0.03343287574827132,0.01761757066000478,0.0,0.0
2026-06-23 05:00:00+00:00,0.029617589620047995,0.017290079657186937,0.0,0.0
2026-06-23 06:00:00+00:00,0.02365453651889408,0.02439672813685223,0.0,0.0
2026-06-23 07:00:00+00:00,0.02032068789875206,0.01723573598558959,0.0,0.0
2026-06-23 08:00:00+00:00,0.040838116163528115,0.023140246300204014,0.0,0.0
2026-06-23 09:00:00+00:00,0.023829145097449846,0.014248755492394292,0.0,0.0
2026-06-23 10:00:00+00:00,0.023721292348567097,0.00910541341533753,0.0,0.0
2026-06-23 11:00:00+00:00,0.02503821899284413,0.017432348874333342,0.0,0.0
2026-06-23 12:00:00+00:00,0.022530067614289273,0.015525325868704814,0.0,0.0
2026-06-23 13:00:00+00:00,0.027483409841786235,0.019406079836870163,0.0,0.0
2026-06-23 14:00:00+00:00,0.022621981716988006,0.0145522340770506,0.0,0.0
2026-06-23 15:00:00+00:00,0.016096887725611922,0.02162932339911987,0.0,0.0
2026-06-23 16:00:00+00:00,0.016024275727226093,0.012535202205290747,0.0,0.0
2026-06-23 17:00:00+00:00,0.018369301518937387,0.01728287576154394,0.0,0.0
2026-06-23 18:00:00+00:00,0.012001221640456644,0.01364465442428569,0.0,0.0
2026-06-23 19:00:00+00:00,0.020928466692399107,0.02149302184967064,0.0,0.0
2026-06-23 20:00:00+00:00,0.013619396835492528,0.01627875946437303,0.0,0.0
2026-06-23 21:00:00+00:00,0.02173464115631811,0.021179497893081125,0.0,0.0
2026-06-23 22:00:00+00:00,0.026842908637780605,0.022453799508314234,0.0,0.0
2026-06-23 23:00:00+00:00,0.025405399234533988,0.016121273998856198,0.0,0.0
2026-06-24 00:00:00+00:00,0.027148696865230897,0.034461404147293866,0.0,0.0
2026-06-24 01:00:00+00:00,0.025385056449975896,0.04581570794444242,0.0,0.0
2026-06-24 02:00:00+00:00,0.01819285470626308,0.04338679069085626,0.0,0.0
2026-06-24 03:00:00+00:00,0.01786657538317558,0.04220967601525314,0.0,0.0
2026-06-24 04:00:00+00:00,0.01122102968630423,0.034828504316519744,0.0,0.0
2026-06-24 05:00:00+00:00,0.010797067768023187,0.01713339062444778,0.0,0.0
2026-06-24 06:00:00+00:00,0.0038599258754709958,0.007784878883779045,0.0,0.0
2026-06-24 07:00:00+00:00,0.009282402709077264,0.020669725365609192,0.0,0.0
2026-06-24 08:00:00+00:00,0.004077682628561061,0.010288296974092385,0.0,0.0
2026-06-24 09:00:00+00:00,0.00425385679215277,0.011323519080332425,0.0,0.0
2026-06-24 10:00:00+00:00,0.004158126882865629,0.01743968988791478,0.0,0.0
2026-06-24 11:00:00+00:00,0.009377314689896903,0.01657668243569015,0.0,0.0
2026-06-24 12:00:00+00:00,0.006429829539246868,0.021476893330750407,0.0,0.0
2026-06-24 13:00:00+00:00,0.010358296081278346,0.027420894937721835,0.0,1.0
2026-06-24 14:00:00+00:00,0.006476161279308966,0.04007206309833187,0.0,0.0
2026-06-24 15:00:00+00:00,0.018719662930448844,0.042820095790308245,0.0,0.0
2026-06-24 16:00:00+00:00,0.023456508688318414,0.02232417019535129,0.0,0.0
2026-06-24 17:00:00+00:00,0.03718991118701866,0.021257629630221573,0.0,0.0
2026-06-24 18:00:00+00:00,0.012781463111694492,0.023194234209187065,0.0,0.0
2026-06-24 19:00:00+00:00,0.020589075366488505,0.023481343340258896,0.0,0.0
2026-06-24 20:00:00+00:00,0.05083222505242105,0.027885244567404436,0.0,0.0
2026-06-24 21:00:00+00:00,0.02350987810229847,0.04173202653199664,0.0,0.0
2026-06-24 22:00:00+00:00,0.027826322455208136,0.040350131913564465,0.0,0.0
2026-06-24 23:00:00+00:00,0.03461457450867223,0.08044362997384576,0.0,0.0
2026-06-25 00:00:00+00:00,0.019269334874929024,0.09067297904902161,0.0,0.0
2026-06-25 01:00:00+00:00,0.015553305702523341,0.08111370411291699,0.0,0.0
2026-06-25 02:00:00+00:00,0.01156597834564114,0.07725389002221551,0.0,0.0
2026-06-25 03:00:00+00:00,0.008310227370817444,0.061158773989142164,0.0,0.0
2026-06-25 04:00:00+00:00,0.014561361771429701,0.08536031761972133,0.0,0.0
2026-06-25 05:00:00+00:00,0.01427368021353811,0.14529627144250884,0.0,0.0
2026-06-25 06:00:00+00:00,0.024310605401546063,0.13169506142982865,0.0,0.0
2026-06-25 07:00:00+00:00,0.02112595014611976,0.10918143631157506,0.0,0.0
2026-06-25 08:00:00+00:00,0.018412264443031866,0.08172971181518802,0.0,0.0
2026-06-25 09:00:00+00:00,0.016274831117249096,0.0922473520827089,0.0,0.0
2026-06-25 10:00:00+00:00,0.016599879853847244,0.11435260956992553,0.0,0.0
2026-06-25 11:00:00+00:00,0.012578150494025497,0.10738632157890209,0.0,0.0
2026-06-25 12:00:00+00:00,0.014593762369947048,0.1217712264493586,0.0,0.0
2026-06-25 13:00:00+00:00,0.03424051211559726,0.0556728458638193,0.0,0.0
2026-06-25 14:00:00+00:00,0.018926675896633195,0.03092651449547124,0.0,0.0
2026-06-25 15:00:00+00:00,0.03832211227653645,0.11031478537628037,0.0,0.0
2026-06-25 16:00:00+00:00,0.043525816169594334,0.06816201365470019,0.0,0.0
2026-06-25 17:00:00+00:00,0.03413244077930056,0.08576405797979364,0.0,0.0
2026-06-25 18:00:00+00:00,0.02484642139834697,0.09353603197379189,0.0,0.0
2026-06-25 19:00:00+00:00,0.06072344312162745,0.06469870355633232,0.0,0.0
2026-06-25 20:00:00+00:00,0.02104708726825395,0.0920899084439739,0.0,0.0
2026-06-25 21:00:00+00:00,0.01784307764838906,0.09959912561764506,0.0,0.0
2026-06-25 22:00:00+00:00,0.026374582077010374,0.07924771131140122,0.0,0.0
2026-06-25 23:00:00+00:00,0.046858155214782184,0.175114873830669,0.0,0.0
2026-06-26 00:00:00+00:00,0.04322098403073313,0.16584501129782875,0.0,0.0
2026-06-26 01:00:00+00:00,0.04481515018937308,0.21147379579126294,0.0,0.0
2026-06-26 02:00:00+00:00,0.09593497421503534,0.17758725124966976,0.0,0.0
2026-06-26 03:00:00+00:00,0.030585466834793195,0.09571888087628079,0.0,0.0
2026-06-26 04:00:00+00:00,0.03511409204691637,0.1368565451267031,0.0,0.0
2026-06-26 05:00:00+00:00,0.02312349687769497,0.12746824972490073,0.0,0.0
2026-06-26 06:00:00+00:00,0.01679853251278367,0.10716767841185582,0.0,0.0
2026-06-26 07:00:00+00:00,0.018905549347022144,0.1018176771789484,0.0,0.0
2026-06-26 08:00:00+00:00,0.022787763844089048,0.07872219436491486,0.0,0.0
2026-06-26 09:00:00+00:00,0.00942975055538295,0.10999215696780053,0.0,0.0
2026-06-26 10:00:00+00:00,0.023731865005278394,0.18324702128816459,0.0,0.0
2026-06-26 11:00:00+00:00,0.01229230704247111,0.1312453071267052,0.0,0.0
2026-06-26 12:00:00+00:00,0.02001638728766788,0.12212690989094212,0.0,0.0
2026-06-26 13:00:00+00:00,0.00794367071093271,0.024383491371279317,0.0,0.0
2026-06-26 14:00:00+00:00,0.013822758596361834,0.03089996900243519,0.0,0.0
2026-06-26 15:00:00+00:00,0.010570956383472463,0.028854904606697474,0.0,0.0
2026-06-26 16:00:00+00:00,0.016283110000914033,0.03237244936835591,0.0,0.0
2026-06-26 17:00:00+00:00,0.00736895312921252,0.032703123703774116,0.0,0.0
2026-06-26 18:00:00+00:00,0.00907778576541465,0.04199103545773266,0.0,0.0
2026-06-26 19:00:00+00:00,0.003044015435918949,0.030333173104837127,0.0,0.0
2026-06-26 20:00:00+00:00,0.004832895062355797,0.02088047146325533,0.0,0.0
2026-06-26 21:00:00+00:00,0.0017950115432045883,0.022117853157598844,0.0,0.0
2026-06-26 22:00:00+00:00,0.002767195904421179,0.01309892672924026,0.0,0.0
2026-06-26 23:00:00+00:00,0.007058892855914832,0.03224685600007624,0.0,0.0
2026-06-27 00:00:00+00:00,0.031407484346062095,0.03289736609486053,0.0,0.0
2026-06-27 01:00:00+00:00,0.01948827000877812,0.052524368044078014,0.0,0.0
2026-06-27 02:00:00+00:00,0.03346330692194658,0.05332541909140021,0.0,0.0
2026-06-27 03:00:00+00:00,0.0153693557792008,0.03651463331844628,0.0,0.0
2026-06-27 04:00:00+00:00,0.012913204002934673,0.027228481795267014,0.0,0.0
2026-06-27 05:00:00+00:00,0.010663015542586028,0.028937895956361967,0.0,0.0
2026-06-27 06:00:00+00:00,0.013936846964044193,0.031171632350509473,0.0,0.0
2026-06-27 07:00:00+00:00,0.011831712584556162,0.03319111339733837,0.0,0.0
2026-06-27 08:00:00+00:00,0.005973976428231415,0.028471395933811067,0.0,0.0
2026-06-27 09:00:00+00:00,0.009950257422853112,0.014400924169760876,0.0,0.0
2026-06-27 10:00:00+00:00,0.005093938887479995,0.005897066980028127,0.0,0.0
2026-06-27 11:00:00+00:00,0.011038612500595376,0.011612629104101447,0.0,0.0
2026-06-27 12:00:00+00:00,0.010960840851621299,0.0137459622283237,0.0,0.0
2026-06-27 13:00:00+00:00,0.009204225315007248,0.00966301253893062,0.0,0.0
2026-06-27 14:00:00+00:00,0.0058249448254293415,0.0037331371562194953,0.0,0.0
2026-06-27 15:00:00+00:00,0.008017625568044676,0.004503050783583356,0.0,0.0
2026-06-27 16:00:00+00:00,0.003979561407430227,0.001782781766378197,0.0,0.0
2026-06-27 17:00:00+00:00,0.013560631569342072,0.00788076646330278,0.0,0.0
2026-06-27 18:00:00+00:00,0.0033872236476983324,0.0024501512498442944,0.0,0.0
2026-06-27 19:00:00+00:00,0.009579837635757078,0.008972237497779229,0.0,0.0
2026-06-27 20:00:00+00:00,0.0038604705821689866,0.0035588458622349897,0.0,0.0
2026-06-27 21:00:00+00:00,0.00516743127510854,0.004306395125790261,0.0,0.0
2026-06-27 22:00:00+00:00,0.00982122155309268,0.004527430125798163,0.0,0.0
2026-06-27 23:00:00+00:00,0.0136081161502583,0.009055299427419351,0.0,0.0
2026-06-28 00:00:00+00:00,0.05704224525915965,0.010607208329559858,0.0,0.0
2026-06-28 01:00:00+00:00,0.053956388229457114,0.009219819929731364,0.0,0.0
2026-06-28 02:00:00+00:00,0.04889685263031541,0.020133864372493537,0.0,0.0
2026-06-28 03:00:00+00:00,0.03214410765610915,0.00883875132653429,0.0,0.0
2026-06-28 04:00:00+00:00,0.019190448230242657,0.0060619479926375675,0.0,0.0
2026-06-28 05:00:00+00:00,0.040881583744679546,0.017130173993454838,0.0,0.0
2026-06-28 06:00:00+00:00,0.02033216954942922,0.008105338067976073,0.0,0.0
2026-06-28 07:00:00+00:00,0.0273754731503691,0.013136277153027875,0.0,0.0
2026-06-28 08:00:00+00:00,0.03829496100195831,0.016074220922934652,0.0,0.0
2026-06-28 09:00:00+00:00,0.02081776302285824,0.006825190367760805,0.0,0.0
2026-06-28 10:00:00+00:00,0.019180354421286797,0.006832444021446508,0.0,0.0
2026-06-28 11:00:00+00:00,0.032396468369136795,0.01012814518849578,0.0,0.0
2026-06-28 12:00:00+00:00,0.030384612967658542,0.009668950969609293,0.0,0.0
2026-06-28 13:00:00+00:00,0.03976135215532704,0.028345330691268128,0.0,0.0
2026-06-28 14:00:00+00:00,0.03063901315151771,0.017201017258536774,0.0,0.0
2026-06-28 15:00:00+00:00,0.026011241147627973,0.05293941136365518,0.0,0.0
2026-06-28 16:00:00+00:00,0.03160028833183561,0.05660059977131868,0.0,0.0
2026-06-28 17:00:00+00:00,0.03221301941758584,0.048393639949608734,0.0,0.0
2026-06-28 18:00:00+00:00,0.01645002840232148,0.02994610818974198,0.0,0.0
2026-06-28 19:00:00+00:00,0.016990192000964202,0.03364093419339681,0.0,0.0
2026-06-28 20:00:00+00:00,0.01923543290176716,0.01878094236547116,0.0,0.0
2026-06-28 21:00:00+00:00,0.04119529932936048,0.06851009498359552,0.0,0.0
2026-06-28 22:00:00+00:00,0.05108630842824117,0.06591070960015168,0.0,0.0
2026-06-28 23:00:00+00:00,0.045854428652720595,0.033650846634500166,0.0,0.0
2026-06-29 00:00:00+00:00,0.04305081619754877,0.04763409338962598,0.0,0.0
2026-06-29 01:00:00+00:00,0.0409208997748293,0.06219469480544799,0.0,0.0
2026-06-29 02:00:00+00:00,0.031531246584685584,0.033198095045343955,0.0,0.0
2026-06-29 03:00:00+00:00,0.03237071129666768,0.05194117198401587,0.0,0.0
2026-06-29 04:00:00+00:00,0.0410453632166879,0.04811392674570291,0.0,0.0
2026-06-29 05:00:00+00:00,0.02417084624974264,0.03250521133133778,0.0,0.0
2026-06-29 06:00:00+00:00,0.021054246773308093,0.035269605516027695,0.0,0.0
2026-06-29 07:00:00+00:00,0.0319779244669706,0.03953097425280839,0.0,0.0
2026-06-29 08:00:00+00:00,0.032213802195627805,0.03495191597674808,0.0,0.0
2026-06-29 09:00:00+00:00,0.021707010814673022,0.05172249467899592,0.0,0.0
2026-06-29 10:00:00+00:00,0.02386487960932895,0.03003006581059615,0.0,0.0
2026-06-29 11:00:00+00:00,0.03435994926020464,0.05212065803253513,0.0,0.0
2026-06-29 12:00:00+00:00,0.017956881512620496,0.03017490184871319,0.0,0.0
2026-06-29 13:00:00+00:00,0.025722996004166526,0.04420730443031615,0.0,0.0
2026-06-29 14:00:00+00:00,0.01860750553486373,0.056458527686742366,0.0,0.0
2026-06-29 15:00:00+00:00,0.0217039193446702,0.04795301689117598,0.0,0.0
2026-06-29 16:00:00+00:00,0.02622299323686757,0.07026986646443047,0.0,0.0
2026-06-29 17:00:00+00:00,0.02864717066711418,0.04233023247663581,0.0,0.0
2026-06-29 18:00:00+00:00,0.03570035966692022,0.04378064425031738,0.0,0.0
2026-06-29 19:00:00+00:00,0.04316261315622492,0.061883967179743815,0.0,0.0
2026-06-29 20:00:00+00:00,0.02968514909757256,0.02890198882138037,0.0,0.0
2026-06-29 21:00:00+00:00,0.031233290716260676,0.04129502226680288,0.0,0.0
2026-06-29 22:00:00+00:00,0.023656090057102078,0.026806771703033593,0.0,0.0
2026-06-29 23:00:00+00:00,0.0477676209292404,0.03531987220967646,0.0,0.0
2026-06-30 00:00:00+00:00,0.023952415019787676,0.037776200564784444,0.0,0.0
2026-06-30 01:00:00+00:00,0.021117953941652366,0.02149207244234541,0.0,0.0
2026-06-30 02:00:00+00:00,0.021301210148831087,0.023221804174623023,0.0,0.0
2026-06-30 03:00:00+00:00,0.017226101086141175,0.026115629510873244,0.0,0.0
2026-06-30 04:00:00+00:00,0.015790927650740107,0.02457339605096608,0.0,0.0
2026-06-30 05:00:00+00:00,0.02159954648191703,0.024512806837220163,0.0,0.0
2026-06-30 06:00:00+00:00,0.01634593403109454,0.02296409449830662,0.0,0.0
2026-06-30 07:00:00+00:00,0.01760131383354815,0.021704061303613048,0.0,0.0
2026-06-30 08:00:00+00:00,0.0138668662221507,0.024501953795522568,0.0,0.0
2026-06-30 09:00:00+00:00,0.012414218443379898,0.01760614826625544,0.0,0.0
2026-06-30 10:00:00+00:00,0.0106831613114148,0.01231643158661846,0.0,0.0
2026-06-30 11:00:00+00:00,0.01139480963505943,0.02086800714451828,0.0,0.0
2026-06-30 12:00:00+00:00,0.01851480158175582,0.02922679059083552,0.0,0.0
2026-06-30 13:00:00+00:00,0.016647264718521983,0.03529989486241852,0.0,0.0
2026-06-30 14:00:00+00:00,0.02476347486692947,0.03309037970589964,0.0,0.0
2026-06-30 15:00:00+00:00,0.024273166799933035,0.03676335103230122,0.0,0.0
2026-06-30 16:00:00+00:00,0.021622935225126035,0.029861891133384996,0.0,0.0
2026-06-30 17:00:00+00:00,0.020281934557431686,0.03202435324795936,0.0,0.0
2026-06-30 18:00:00+00:00,0.01947764583339374,0.020362002923660947,0.0,0.0
2026-06-30 19:00:00+00:00,0.02732154491651607,0.03518195684164366,0.0,0.0
2026-06-30 20:00:00+00:00,0.01237382145941406,0.024969163193919564,0.0,0.0
2026-06-30 21:00:00+00:00,0.01974763302179373,0.024552815921882687,0.0,0.0
2026-06-30 22:00:00+00:00,0.019448710612927692,0.022852780422722502,0.0,0.0
2026-06-30 23:00:00+00:00,0.018816951572494727,0.027132790731445155,0.0,0.0
2026-07-01 00:00:00+00:00,0.014464819265622911,0.03661589871088969,0.0,0.0
2026-07-01 01:00:00+00:00,0.019196445861134757,0.0420066407572321,0.0,0.0
2026-07-01 02:00:00+00:00,0.022650352261316717,0.04588558064002349,0.0,0.0
2026-07-01 03:00:00+00:00,0.023123161005811393,0.04389139985442537,0.0,0.0
2026-07-01 04:00:00+00:00,0.021873771460382208,0.038095919081762845,0.0,0.0
2026-07-01 05:00:00+00:00,0.013767031314933361,0.033444978074199626,0.0,0.0
2026-07-01 06:00:00+00:00,0.012035360062463018,0.049459739095961096,0.0,0.0
2026-07-01 07:00:00+00:00,0.007381923164042524,0.02771103861135074,0.0,0.0
2026-07-01 08:00:00+00:00,0.0073468824148206794,0.03506348871321532,0.0,0.0
2026-07-01 09:00:00+00:00,0.008913676360034775,0.03825218357960304,0.0,0.0
2026-07-01 10:00:00+00:00,0.008169168350981807,0.036488039751143404,0.0,0.0
2026-07-01 11:00:00+00:00,0.0070244625244273344,0.03752158925841257,0.0,0.0
2026-07-01 12:00:00+00:00,0.005810378752159401,0.04551950619396378,0.0,0.0
2026-07-01 13:00:00+00:00,0.008029311399331081,0.023653113043344675,0.0,0.0
2026-07-01 14:00:00+00:00,0.00810410136045425,0.026970740618991157,0.0,0.0
2026-07-01 15:00:00+00:00,0.006766846902056434,0.021134371606325354,0.0,0.0
2026-07-01 16:00:00+00:00,0.008022049273525806,0.020881055043963998,0.0,0.0
2026-07-01 17:00:00+00:00,0.010405436427374582,0.03615968319930013,0.0,0.0
2026-07-01 18:00:00+00:00,0.005688078052116743,0.027932133775103358,0.0,0.0
2026-07-01 19:00:00+00:00,0.01074042689398911,0.028737403386717958,0.0,0.0
2026-07-01 20:00:00+00:00,0.006284673328745734,0.024324280605922354,0.0,0.0
2026-07-01 21:00:00+00:00,0.012801421082656006,0.03328370388353872,0.0,0.0
2026-07-01 22:00:00+00:00,0.01294095161252036,0.046387228942329446,0.0,0.0
2026-07-01 23:00:00+00:00,0.01773809005238867,0.04826725105210442,0.0,0.0
2026-07-02 00:00:00+00:00,0.008765525519435135,0.060780662620090686,0.0,0.0
2026-07-02 01:00:00+00:00,0.011441941019576162,0.049695089499024785,0.0,0.0
2026-07-02 02:00:00+00:00,0.010433700051389938,0.042930297006398,0.0,0.0
2026-07-02 03:00:00+00:00,0.009318498061872101,0.028148291936966774,0.0,0.0
2026-07-02 04:00:00+00:00,0.0052500889592872226,0.01853171870265533,0.0,0.0
2026-07-02 05:00:00+00:00,0.007688888636919154,0.02836810528051259,0.0,0.0
2026-07-02 06:00:00+00:00,0.004391183350941083,0.028736892681951898,0.0,0.0
2026-07-02 07:00:00+00:00,0.0031275869441737144,0.03132393900391364,0.0,0.0
2026-07-02 08:00:00+00:00,0.006493243330509347,0.039842910676037506,0.0,0.0
2026-07-02 09:00:00+00:00,0.009005238200727928,0.025736165474554363,0.0,0.0
2026-07-02 10:00:00+00:00,0.005490547227686716,0.021647733394825824,0.0,0.0
2026-07-02 11:00:00+00:00,0.012927133270218697,0.029684918834006535,0.0,0.0
2026-07-02 12:00:00+00:00,0.016445420674881795,0.0378848566146411,0.0,0.0
2026-07-02 13:00:00+00:00,0.015009315828353374,0.03439970212871595,0.0,0.0
2026-07-02 14:00:00+00:00,0.013431214513770379,0.04782767534630126,0.0,0.0
2026-07-02 15:00:00+00:00,0.01111093690572989,0.041232093914643796,0.0,0.0
2026-07-02 16:00:00+00:00,0.009785574377438646,0.04034299428244862,0.0,0.0
2026-07-02 17:00:00+00:00,0.009703428818649391,0.025244991004170447,0.0,0.0
2026-07-02 18:00:00+00:00,0.008444443774758278,0.011468266110856823,0.0,0.0
2026-07-02 19:00:00+00:00,0.013757521860957467,0.027082951697557294,0.0,0.0
2026-07-02 20:00:00+00:00,0.01603619721172405,0.016318389151168983,0.0,0.0
2026-07-02 21:00:00+00:00,0.012631118785448299,0.014064662242697513,0.0,0.0
2026-07-02 22:00:00+00:00,0.009738198307194164,0.01314421977025175,0.0,0.0
2026-07-02 23:00:00+00:00,0.01710147258618906,0.010609264545001301,0.0,0.0
2026-07-03 00:00:00+00:00,0.0074142135806196255,0.014033222376898349,0.0,0.0
2026-07-03 01:00:00+00:00,0.009227917013055443,0.006448158457381385,0.0,0.0
2026-07-03 02:00:00+00:00,0.008091764593822229,0.014224885712140945,0.0,0.0
2026-07-03 03:00:00+00:00,0.005614726353286433,0.009370690295860174,0.0,0.0
2026-07-03 04:00:00+00:00,0.005050899276006752,0.00644834208537571,0.0,0.0
2026-07-03 05:00:00+00:00,0.007897802049649355,0.005268503865862741,0.0,0.0
2026-07-03 06:00:00+00:00,0.005156213363575295,0.004799551607105778,0.0,0.0
2026-07-03 07:00:00+00:00,0.006293985755816036,0.005860029063640252,0.0,0.0
2026-07-03 08:00:00+00:00,0.003463681852211497,0.0020175498449922034,0.0,0.0
2026-07-03 09:00:00+00:00,0.005634582173657512,0.0021263341891338814,0.0,0.0
2026-07-03 10:00:00+00:00,0.005682654402051479,0.0026292761843573474,0.0,0.0
2026-07-03 11:00:00+00:00,0.005983183146070614,0.0034708332909577397,0.0,0.0
2026-07-03 12:00:00+00:00,0.005908681232582087,0.002934865297068086,0.0,0.0
2026-07-03 13:00:00+00:00,0.00712395984921499,0.0034478303745136434,0.0,0.0
2026-07-03 14:00:00+00:00,0.008977994079423351,0.0032970242434177677,0.0,0.0
2026-07-03 15:00:00+00:00,0.006761131165236467,0.004349321830956011,0.0,0.0
2026-07-03 16:00:00+00:00,0.004202025729082153,0.002070566912941854,0.0,0.0
2026-07-03 17:00:00+00:00,0.005618906285637225,0.0024144678015118066,0.0,0.0
2026-07-03 18:00:00+00:00,0.00497028255688569,0.0020489326481040056,0.0,0.0
2026-07-03 19:00:00+00:00,0.005063629882741198,0.0016373886847417557,0.0,0.0
2026-07-03 20:00:00+00:00,0.018020229366439686,0.0035062773714779638,0.0,0.0
2026-07-03 21:00:00+00:00,0.013905712733585254,0.0029378715200794984,0.0,0.0
2026-07-03 22:00:00+00:00,0.009406170484080982,0.004521931827422732,0.0,0.0
2026-07-03 23:00:00+00:00,0.01150722849891092,0.004014269822927953,0.0,0.0
2026-07-04 00:00:00+00:00,0.024069542994575015,0.0036568279732924857,0.0,0.0
2026-07-04 01:00:00+00:00,0.01567575628992987,0.011664324393816587,0.0,0.0
2026-07-04 02:00:00+00:00,0.00832526236921991,0.0032870557812049056,0.0,0.0
2026-07-04 03:00:00+00:00,0.006778117766267934,0.0019757174090104797,0.0,0.0
2026-07-04 04:00:00+00:00,0.008056639899365581,0.0026776143470828317,0.0,0.0
2026-07-04 05:00:00+00:00,0.004155026910567039,0.002569281300805767,0.0,0.0
2026-07-04 06:00:00+00:00,0.007022017489888947,0.0032513080501337193,0.0,0.0
2026-07-04 07:00:00+00:00,0.0073963071045115404,0.003549329151482485,0.0,0.0
2026-07-04 08:00:00+00:00,0.00478947529537851,0.002387588904351027,0.0,0.0
2026-07-04 09:00:00+00:00,0.004269114626573028,0.002216525828736713,0.0,0.0
2026-07-04 10:00:00+00:00,0.004291864170144449,0.0021143372978718496,0.0,0.0
2026-07-04 11:00:00+00:00,0.003392791215062259,0.0014779792520892173,0.0,0.0
2026-07-04 12:00:00+00:00,0.00592807544730678,0.001319898096865776,0.0,0.0
2026-07-04 13:00:00+00:00,0.006373103936560938,0.0023636062762842336,0.0,0.0
2026-07-04 14:00:00+00:00,0.010831773775702222,0.0027357388984637168,0.0,0.0
2026-07-04 15:00:00+00:00,0.022804632540501718,0.006642975433326766,0.0,0.0
2026-07-04 16:00:00+00:00,0.02680158469534218,0.0071193995338247424,0.0,0.0
2026-07-04 17:00:00+00:00,0.04584620728024141,0.007081120224315268,0.0,0.0
2026-07-04 18:00:00+00:00,0.03350683665050924,0.0055079650991877,0.0,0.0
2026-07-04 19:00:00+00:00,0.042224397942623976,0.005577266687065198,0.0,0.0
2026-07-04 20:00:00+00:00,0.02895102419541971,0.005020355603634101,0.0,0.0
2026-07-04 21:00:00+00:00,0.02335258125622676,0.004567789356527075,0.0,0.0
2026-07-04 22:00:00+00:00,0.021753626169985902,0.009243145208227797,0.0,0.0
2026-07-04 23:00:00+00:00,0.03025264035767142,0.01244514390982517,0.0,0.0
2026-07-05 00:00:00+00:00,0.04025942432081154,0.011617494483334248,0.0,0.0
2026-07-05 01:00:00+00:00,0.03752125117169277,0.019197796070184545,0.0,0.0
2026-07-05 02:00:00+00:00,0.015722298113520602,0.009845856004230906,0.0,0.0
2026-07-05 03:00:00+00:00,0.0143910574405283,0.0069506320201436975,0.0,0.0
2026-07-05 04:00:00+00:00,0.0158009931778762,0.008261458749070005,0.0,0.0
2026-07-05 05:00:00+00:00,0.012557700901362932,0.008646667381029554,0.0,0.0
2026-07-05 06:00:00+00:00,0.011640282079982744,0.005987757697362369,0.0,0.0
2026-07-05 07:00:00+00:00,0.020911458343451626,0.007024544934263244,0.0,0.0
2026-07-05 08:00:00+00:00,0.010922744309094111,0.005330732667820001,0.0,0.0
2026-07-05 09:00:00+00:00,0.013620343140898314,0.01493219164205131,0.0,0.0
2026-07-05 10:00:00+00:00,0.006167896838990263,0.0043624594988367635,0.0,0.0
2026-07-05 11:00:00+00:00,0.008337044615779348,0.007981665465429947,0.0,0.0
2026-07-05 12:00:00+00:00,0.015103505529489768,0.010866501549414891,0.0,0.0
2026-07-05 13:00:00+00:00,0.017668723108239873,0.018305667880402905,0.0,0.0
2026-07-05 14:00:00+00:00,0.013817949931534004,0.007781470759094381,0.0,0.0
2026-07-05 15:00:00+00:00,0.01922826824538332,0.00681444257861225,0.0,0.0
2026-07-05 16:00:00+00:00,0.02349445293652587,0.01764364321799917,0.0,0.0
2026-07-05 17:00:00+00:00,0.011876457320636647,0.009185240019350617,0.0,0.0
2026-07-05 18:00:00+00:00,0.03571935039865706,0.028063136646397188,0.0,0.0
2026-07-05 19:00:00+00:00,0.024300101686718062,0.018483943404283196,0.0,0.0
2026-07-05 20:00:00+00:00,0.012709748041443666,0.005817275695234364,0.0,0.0
2026-07-05 21:00:00+00:00,0.06700893822875828,0.023800791905933257,0.0,0.0
2026-07-05 22:00:00+00:00,0.06247025287119348,0.01998114605251271,0.0,0.0
2026-07-05 23:00:00+00:00,0.0695257015464762,0.022684501295705137,0.0,0.0
2026-07-06 00:00:00+00:00,0.04612420817912118,0.02859305629882322,0.0,0.0
2026-07-06 01:00:00+00:00,0.04943945191815249,0.023589237627669096,0.0,0.0
2026-07-06 02:00:00+00:00,0.03694791158358655,0.023259108080944293,0.0,0.0
2026-07-06 03:00:00+00:00,0.03229246651325862,0.01568420686174591,0.0,0.0
2026-07-06 04:00:00+00:00,0.028097204697945077,0.013607949068428618,0.0,0.0
2026-07-06 05:00:00+00:00,0.030444450650128,0.015869661381363632,0.0,0.0
2026-07-06 06:00:00+00:00,0.04215184956238416,0.018533539780544794,0.0,0.0
2026-07-06 07:00:00+00:00,0.023821429622302475,0.012441124245587012,0.0,0.0
2026-07-06 08:00:00+00:00,0.03053160955510652,0.01758518617781386,0.0,0.0
2026-07-06 09:00:00+00:00,0.013838362890111288,0.013152071614752674,0.0,0.0
2026-07-06 10:00:00+00:00,0.02074877905450737,0.015366082855910018,0.0,0.0
2026-07-06 11:00:00+00:00,0.015506809782027313,0.022932181212060407,0.0,0.0
2026-07-06 12:00:00+00:00,0.024582141722385348,0.032204915911445114,0.0,0.0
2026-07-06 13:00:00+00:00,0.015839721039698027,0.030350303618592266,0.0,0.0
2026-07-06 14:00:00+00:00,0.022577663142802556,0.037170004782963284,0.0,0.0
2026-07-06 15:00:00+00:00,0.03243176569885914,0.016439232550899522,0.0,0.0
2026-07-06 16:00:00+00:00,0.04230470812136524,0.03148603516139676,0.0,0.0
2026-07-06 17:00:00+00:00,0.04928422217065789,0.018148668741454915,0.0,0.0
2026-07-06 18:00:00+00:00,0.03919854873351237,0.016024344383683387,0.0,0.0
2026-07-06 19:00:00+00:00,0.028523697444525587,0.014928423551872754,0.0,0.0
2026-07-06 20:00:00+00:00,0.025422040683019495,0.011080802519133683,0.0,0.0
2026-07-06 21:00:00+00:00,0.04382401084728121,0.03497572756433693,0.0,0.0
2026-07-06 22:00:00+00:00,0.05274493628768325,0.026880330622089627,0.0,0.0
2026-07-06 23:00:00+00:00,0.08185537862279972,0.03469172915141241,0.0,0.0
2026-07-07 00:00:00+00:00,0.04478581815664936,0.030448637217520492,0.0,0.0
2026-07-07 01:00:00+00:00,0.05357003795614207,0.04730939612847884,0.0,0.0
2026-07-07 02:00:00+00:00,0.05027680354233973,0.026655984485437312,0.0,0.0
2026-07-07 03:00:00+00:00,0.03698060401249776,0.018908447086482295,0.0,0.0
2026-07-07 04:00:00+00:00,0.03839815422898981,0.030636849445060833,0.0,0.0
2026-07-07 05:00:00+00:00,0.05838787371985763,0.02909157752776717,0.0,0.0
2026-07-07 06:00:00+00:00,0.05013370101848067,0.03692288763490425,0.0,0.0
2026-07-07 07:00:00+00:00,0.04096022512191413,0.02098588803457364,0.0,0.0
2026-07-07 08:00:00+00:00,0.046952127203098964,0.018249836953318454,0.0,0.0
2026-07-07 09:00:00+00:00,0.03468061861377215,0.014473643306287295,0.0,0.0
2026-07-07 10:00:00+00:00,0.03261238266509117,0.018498065592189084,0.0,0.0
2026-07-07 11:00:00+00:00,0.06222037139325622,0.017468953624888626,0.0,0.0
2026-07-07 12:00:00+00:00,0.0711369449291489,0.017792518881597694,0.0,0.0
2026-07-07 13:00:00+00:00,0.07328716214707849,0.0426493697190048,0.0,0.0
2026-07-07 14:00:00+00:00,0.0619237185245477,0.032855106389989286,0.0,0.0
2026-07-07 15:00:00+00:00,0.03949904197394106,0.023573786812684395,0.0,0.0
2026-07-07 16:00:00+00:00,0.044600577201666804,0.021606682514263568,0.0,0.0
2026-07-07 17:00:00+00:00,0.06105400126315103,0.017159696721596954,0.0,0.0
2026-07-07 18:00:00+00:00,0.07202475675021941,0.025304563102817746,0.0,0.0
2026-07-07 19:00:00+00:00,0.052812630221355995,0.026887803470128924,0.0,0.0
2026-07-07 20:00:00+00:00,0.045255291623019354,0.01776120027631221,0.0,0.0
2026-07-07 21:00:00+00:00,0.036674706575589154,0.013879174325734232,0.0,0.0
2026-07-07 22:00:00+00:00,0.03974773713914789,0.009472680948569739,0.0,0.0
2026-07-07 23:00:00+00:00,0.05116943934008994,0.014051775104533967,0.0,0.0
2026-07-08 00:00:00+00:00,0.043080514746650034,0.016752248378568018,0.0,0.0
2026-07-08 01:00:00+00:00,0.05671355733611303,0.033178419429858184,0.0,0.0
2026-07-08 02:00:00+00:00,0.027449333445055776,0.02152145227768391,0.0,0.0
2026-07-08 03:00:00+00:00,0.02272545917714842,0.01211381417471285,0.0,0.0
2026-07-08 04:00:00+00:00,0.01494431967035797,0.011219471988126234,0.0,0.0
2026-07-08 05:00:00+00:00,0.020345065765061548,0.01488569085555426,0.0,0.0
2026-07-08 06:00:00+00:00,0.017036185622317995,0.008845377735600318,0.0,0.0
2026-07-08 07:00:00+00:00,0.014856415655814735,0.006571534019661298,0.0,0.0
2026-07-08 08:00:00+00:00,0.042277216739984164,0.01985715622109134,0.0,0.0
2026-07-08 09:00:00+00:00,0.015081404999402373,0.023731681010002347,0.0,0.0
2026-07-08 10:00:00+00:00,0.01712401422479576,0.02669288696532642,0.0,0.0
2026-07-08 11:00:00+00:00,0.01687340767328707,0.025490581933715686,0.0,0.0
2026-07-08 12:00:00+00:00,0.03119854347165162,0.01914425089405272,0.0,0.0
2026-07-08 13:00:00+00:00,0.02702015826795573,0.02719473441208219,0.0,0.0
2026-07-08 14:00:00+00:00,0.020934498842926714,0.021453220894509187,0.0,0.0
2026-07-08 15:00:00+00:00,0.03226782832437067,0.023992670879662132,0.0,0.0
2026-07-08 16:00:00+00:00,0.014370233452895573,0.011328923594364387,0.0,0.0
2026-07-08 17:00:00+00:00,0.020108899742018963,0.018615556182837185,0.0,0.0
2026-07-08 18:00:00+00:00,0.02018674094351446,0.01645802336304243,0.0,0.0
2026-07-08 19:00:00+00:00,0.02462584666098928,0.016799732164387998,0.0,0.0
2026-07-08 20:00:00+00:00,0.03152775821551366,0.030520758117204182,0.0,0.0
2026-07-08 21:00:00+00:00,0.037097122266569034,0.03390708903506035,0.0,0.0
2026-07-08 22:00:00+00:00,0.02654511960979751,0.022193595504422303,0.0,0.0
2026-07-08 23:00:00+00:00,0.017682132938554616,0.018017943878569323,0.0,0.0
2026-07-09 00:00:00+00:00,0.011384993209112473,0.035332550548802064,0.0,0.0
2026-07-09 01:00:00+00:00,0.012026097009542934,0.04276051627948458,0.0,0.0
2026-07-09 02:00:00+00:00,0.006745038675523028,0.04278072735650606,0.0,0.0
2026-07-09 03:00:00+00:00,0.004763975240585905,0.03339338681816973,0.0,0.0
2026-07-09 04:00:00+00:00,0.0051675211912509495,0.02062336193169184,0.0,0.0
2026-07-09 05:00:00+00:00,0.007240253387085972,0.025966883986241623,0.0,0.0
2026-07-09 06:00:00+00:00,0.011616760439340686,0.021789391076352315,0.0,0.0
2026-07-09 07:00:00+00:00,0.019953247804614143,0.02095936251765532,0.0,0.0
2026-07-09 08:00:00+00:00,0.005651025980034737,0.011105625875543139,0.0,0.0
2026-07-09 09:00:00+00:00,0.0034934907826375387,0.010906364212015669,0.0,0.0
2026-07-09 10:00:00+00:00,0.002801478017550345,0.012376368204761462,0.0,0.0
2026-07-09 11:00:00+00:00,0.0024639923221287424,0.011882031489963528,0.0,0.0
2026-07-09 12:00:00+00:00,0.0038226788799315577,0.021810526395530484,0.0,0.0
2026-07-09 13:00:00+00:00,0.0033375484045107874,0.007432971090504006,0.0,0.0
2026-07-09 14:00:00+00:00,0.00475929758321511,0.00929312746954257,0.0,0.0
2026-07-09 15:00:00+00:00,0.005943442981775161,0.011746596557737897,0.0,0.0
2026-07-09 16:00:00+00:00,0.003493009465256989,0.009146505057353413,0.0,0.0
2026-07-09 17:00:00+00:00,0.008769630434156142,0.011568272997798794,0.0,0.0
2026-07-09 18:00:00+00:00,0.007916594255677133,0.013023005879112771,0.0,0.0
2026-07-09 19:00:00+00:00,0.00920542542103306,0.011790891471412358,0.0,0.0
2026-07-09 20:00:00+00:00,0.004377790787679598,0.0029835492270213365,0.0,0.0
2026-07-09 21:00:00+00:00,0.008614639370938466,0.005492917777470272,0.0,0.0
2026-07-09 22:00:00+00:00,0.004948144277366226,0.0037894013160361608,0.0,0.0
2026-07-09 23:00:00+00:00,0.011100740742885454,0.007870836250741302,0.0,0.0
2026-07-10 00:00:00+00:00,0.006293463924851066,0.006665495197808505,0.0,0.0
2026-07-10 01:00:00+00:00,0.02057401502909323,0.0059771896096078095,0.0,0.0
2026-07-10 02:00:00+00:00,0.009934360260963176,0.005249027993692625,0.0,0.0
2026-07-10 03:00:00+00:00,0.00924876982410415,0.0033022299597480174,0.0,0.0
2026-07-10 04:00:00+00:00,0.010362400322048555,0.0029276997738677036,0.0,0.0
2026-07-10 05:00:00+00:00,0.010033319401488982,0.0026173108692767086,0.0,0.0
2026-07-10 06:00:00+00:00,0.004989564789721211,0.002604849200177409,0.0,0.0
2026-07-10 07:00:00+00:00,0.0049600976687559925,0.004726670364729555,0.0,0.0
2026-07-10 08:00:00+00:00,0.006054579510965899,0.003887127343825361,0.0,0.0
2026-07-10 09:00:00+00:00,0.007569336425719675,0.004144401227845282,0.0,0.0
2026-07-10 10:00:00+00:00,0.003761039684018737,0.0015974523583449811,0.0,0.0
2026-07-10 11:00:00+00:00,0.004583816257446281,0.0011952833280557578,0.0,0.0
2026-07-10 12:00:00+00:00,0.010882397958176021,0.0037726026589357214,0.0,0.0
2026-07-10 13:00:00+00:00,0.011642641965906744,0.0031199625701486683,0.0,0.0
2026-07-10 14:00:00+00:00,0.009923130065290955,0.010411077616538008,0.0,0.0
2026-07-10 15:00:00+00:00,0.0063800536987397224,0.005445812407880542,0.0,0.0
2026-07-10 16:00:00+00:00,0.006091908267591418,0.005604192640848546,0.0,0.0
2026-07-10 17:00:00+00:00,0.003936429542976116,0.0046027336966917,0.0,0.0
2026-07-10 18:00:00+00:00,0.004313469493653334,0.00423170132103839,0.0,0.0
2026-07-10 19:00:00+00:00,0.010178527375132496,0.01041854362723906,0.0,0.0
2026-07-10 20:00:00+00:00,0.006820197467758892,0.009277339969423056,0.0,0.0
2026-07-10 21:00:00+00:00,0.006445685478519672,0.003043584977666961,0.0,0.0
2026-07-10 22:00:00+00:00,0.009302201193408436,0.0037150032070805404,0.0,0.0
2026-07-10 23:00:00+00:00,0.012838727002821052,0.005885061673760441,0.0,0.0
2026-07-11 00:00:00+00:00,0.016694716859590775,0.002839451233735943,0.0,0.0
2026-07-11 01:00:00+00:00,0.013062514934847134,0.0031869432873724637,0.0,0.0
2026-07-11 02:00:00+00:00,0.009802375423013704,0.0015620754364423816,0.0,0.0
2026-07-11 03:00:00+00:00,0.008072617303950104,0.0016898647336883487,0.0,0.0
2026-07-11 04:00:00+00:00,0.010111748767934737,0.0019595576945543626,0.0,0.0
2026-07-11 05:00:00+00:00,0.015517011093825564,0.00344953926593603,0.0,0.0
2026-07-11 06:00:00+00:00,0.009745649986040708,0.0017885276771603148,0.0,0.0
2026-07-11 07:00:00+00:00,0.008278296952346156,0.0017506531128349972,0.0,0.0
2026-07-11 08:00:00+00:00,0.0067079598861553855,0.0009845340398203083,0.0,0.0
2026-07-11 09:00:00+00:00,0.006939474556589279,0.0016992859518438225,0.0,0.0
2026-07-11 10:00:00+00:00,0.008977497777700115,0.0028216337121962625,0.0,0.0
2026-07-11 11:00:00+00:00,0.008575351896288287,0.002618277752005386,0.0,0.0
2026-07-11 12:00:00+00:00,0.010006555290657944,0.0027168328975605547,0.0,0.0
2026-07-11 13:00:00+00:00,0.010184810526562523,0.002052515424174543,0.0,0.0
2026-07-11 14:00:00+00:00,0.012500192856335681,0.0017057355165690366,0.0,0.0
2026-07-11 15:00:00+00:00,0.013385198218834243,0.0047342604023979,0.0,0.0
2026-07-11 16:00:00+00:00,0.008722596694707627,0.003034682699440549,0.0,0.0
2026-07-11 17:00:00+00:00,0.0063951070112898125,0.0012619165897560603,0.0,0.0
2026-07-11 18:00:00+00:00,0.0067534407193509255,0.0014638569652900193,0.0,0.0
2026-07-11 19:00:00+00:00,0.004847373093278419,0.001224559470800009,0.0,0.0
2026-07-11 20:00:00+00:00,0.007459363696601593,0.0010919459576790031,0.0,0.0
2026-07-11 21:00:00+00:00,0.004571648572636221,0.0006120059345265531,0.0,0.0
2026-07-11 22:00:00+00:00,0.00856338405468838,0.0029858845461346057,0.0,0.0
2026-07-11 23:00:00+00:00,0.007152008786237594,0.012626232402804305,0.0,0.0
2026-07-12 00:00:00+00:00,0.02113375367275581,0.02568407458360231,0.0,0.0
2026-07-12 01:00:00+00:00,0.021392407506085277,0.009576735315402733,0.0,0.0
2026-07-12 02:00:00+00:00,0.023821514432558876,0.014453651094434444,0.0,0.0
2026-07-12 03:00:00+00:00,0.018592192646564438,0.006438336322471934,0.0,0.0
2026-07-12 04:00:00+00:00,0.020589688589953244,0.006872554064572916,0.0,0.0
2026-07-12 05:00:00+00:00,0.010621178778157917,0.004992793859948277,0.0,0.0
2026-07-12 06:00:00+00:00,0.010301681343921993,0.007995998359134086,0.0,0.0
2026-07-12 07:00:00+00:00,0.008626464798498186,0.007758765025016205,0.0,0.0
2026-07-12 08:00:00+00:00,0.01439666673325537,0.008038023851552745,0.0,0.0
2026-07-12 09:00:00+00:00,0.0186048019670908,0.013084587190017519,0.0,0.0
2026-07-12 10:00:00+00:00,0.00831176217006506,0.0033102843658798712,0.0,0.0
2026-07-12 11:00:00+00:00,0.011656411925890542,0.003713575830950525,0.0,0.0
2026-07-12 12:00:00+00:00,0.013567649057895337,0.004759649199851901,0.0,0.0
2026-07-12 13:00:00+00:00,0.016628270301423522,0.007066875869494169,0.0,0.0
2026-07-12 14:00:00+00:00,0.0193337437742092,0.006326976571591492,0.0,0.0
2026-07-12 15:00:00+00:00,0.02138742778260976,0.006019506296613546,0.0,0.0
2026-07-12 16:00:00+00:00,0.020079784609255438,0.006135376365702512,0.0,0.0
2026-07-12 17:00:00+00:00,0.01681229874231213,0.0074437152746209614,0.0,0.0
2026-07-12 18:00:00+00:00,0.014935452597966192,0.007435533959572736,0.0,0.0
2026-07-12 19:00:00+00:00,0.02233046125641534,0.005820714885533175,0.0,0.0
2026-07-12 20:00:00+00:00,0.020305520828326557,0.005933268420383207,0.0,0.0
2026-07-12 21:00:00+00:00,0.019834369960069726,0.01872977342688421,0.0,0.0
2026-07-12 22:00:00+00:00,0.01894583734822522,0.021425613767390526,0.0,0.0
2026-07-12 23:00:00+00:00,0.009924408485088503,0.013171084738186956,0.0,0.0
2026-07-13 00:00:00+00:00,0.04821120028514362,0.0131315950762144,0.0,0.0
2026-07-13 01:00:00+00:00,0.0231858279620495,0.012986379929636709,0.0,0.0
2026-07-13 02:00:00+00:00,0.012844775858273176,0.009795578229766127,0.0,0.0
2026-07-13 03:00:00+00:00,0.013456862199605941,0.009347589772109933,0.0,0.0
2026-07-13 04:00:00+00:00,0.00899746316718925,0.007284764372404121,0.0,0.0
2026-07-13 05:00:00+00:00,0.006261585409748734,0.006930355656559062,0.0,0.0
2026-07-13 06:00:00+00:00,0.008417034626937573,0.008220782867659314,0.0,0.0
2026-07-13 07:00:00+00:00,0.008774760971216003,0.00643182484617824,0.0,0.0
2026-07-13 08:00:00+00:00,0.027224721916836014,0.007467535895509221,0.0,0.0
2026-07-13 09:00:00+00:00,0.015688518832348855,0.0036222799530367528,0.0,0.0
2026-07-13 10:00:00+00:00,0.019924536211475292,0.0045580597605348735,0.0,0.0
2026-07-13 11:00:00+00:00,0.013644519674611432,0.00577314068869973,0.0,0.0
2026-07-13 12:00:00+00:00,0.015255097705016513,0.008101456247339786,0.0,0.0
2026-07-13 13:00:00+00:00,0.018056109305408297,0.014306220180238262,0.0,0.0
2026-07-13 14:00:00+00:00,0.015501228219281996,0.013461038995794322,0.0,0.0
2026-07-13 15:00:00+00:00,0.03518214051167153,0.016052988124145875,0.0,0.0
2026-07-13 16:00:00+00:00,0.028388107679922853,0.012824852458285607,0.0,0.0
2026-07-13 17:00:00+00:00,0.026726035230781143,0.01452626384745694,0.0,0.0
2026-07-13 18:00:00+00:00,0.01767827851266929,0.015545447970884876,0.0,0.0
2026-07-13 19:00:00+00:00,0.018533925774481062,0.011024733572552015,0.0,0.0
2026-07-13 20:00:00+00:00,0.021375566371140162,0.012048425008518554,0.0,0.0
2026-07-13 21:00:00+00:00,0.015037476009123633,0.016924566645592234,0.0,0.0
2026-07-13 22:00:00+00:00,0.027574377872569462,0.015116810973209651,0.0,0.0
2026-07-13 23:00:00+00:00,0.029210266391806603,0.019726101626673306,0.0,0.0
2026-07-14 00:00:00+00:00,0.04204426252844817,0.02235251527784995,0.0,0.0
2026-07-14 01:00:00+00:00,0.024392403615010824,0.01548887130725861,0.0,0.0
2026-07-14 02:00:00+00:00,0.020356683582349443,0.01196914451672485,0.0,0.0
2026-07-14 03:00:00+00:00,0.023607680716545582,0.009745325956138093,0.0,0.0
2026-07-14 04:00:00+00:00,0.020515914698870878,0.00553748600853439,0.0,0.0
2026-07-14 05:00:00+00:00,0.03023760640571899,0.006473045559924122,0.0,0.0
2026-07-14 06:00:00+00:00,0.022386571378410467,0.007256253519795012,0.0,0.0
2026-07-14 07:00:00+00:00,0.020126408762552322,0.005504832781768064,0.0,0.0
2026-07-14 08:00:00+00:00,0.021072361054241734,0.00734871621017517,0.0,0.0
2026-07-14 09:00:00+00:00,0.022575280224505195,0.008408035252535508,0.0,0.0
2026-07-14 10:00:00+00:00,0.025990375134201927,0.007551176019655589,0.0,0.0
2026-07-14 11:00:00+00:00,0.020749752717108338,0.007125715641549968,0.0,0.0
2026-07-14 12:00:00+00:00,0.029271455375519104,0.006454863710257182,0.0,0.0
2026-07-14 13:00:00+00:00,0.0342830247486837,0.009530530355401787,0.0,0.0
2026-07-14 14:00:00+00:00,0.03533964249206826,0.013252600538364495,0.0,0.0
2026-07-14 15:00:00+00:00,0.024528393456625483,0.01498378859436733,0.0,0.0
2026-07-14 16:00:00+00:00,0.03987600803308939,0.022124654555080753,0.0,0.0
2026-07-14 17:00:00+00:00,0.013342983133618702,0.01542140568770277,0.0,0.0
2026-07-14 18:00:00+00:00,0.033360026757182075,0.017382049404511168,0.0,0.0
2026-07-14 19:00:00+00:00,0.022985287540607732,0.011472255392609978,0.0,0.0
2026-07-14 20:00:00+00:00,0.04733977342155573,0.008583134270101019,0.0,0.0
2026-07-14 21:00:00+00:00,0.04550061828778551,0.008193083286685228,0.0,0.0
2026-07-14 22:00:00+00:00,0.09325807312071505,0.008496440466808428,0.0,0.0
2026-07-14 23:00:00+00:00,0.08020086727756158,0.006037512210146294,0.0,0.0
2026-07-15 00:00:00+00:00,0.06356356417731,0.005575390775337329,0.0,0.0
2026-07-15 01:00:00+00:00,0.07121783513347164,0.006369922317535258,0.0,0.0
2026-07-15 02:00:00+00:00,0.04709958074128139,0.004649097847669156,0.0,0.0
2026-07-15 03:00:00+00:00,0.04524129038353122,0.004701216875453588,0.0,0.0
2026-07-15 04:00:00+00:00,0.04315347312856586,0.002803132595003884,0.0,0.0
2026-07-15 05:00:00+00:00,0.05258904112250782,0.0037733265635116055,0.0,0.0
2026-07-15 06:00:00+00:00,0.056353146493894335,0.002227718488623817,0.0,0.0
2026-07-15 07:00:00+00:00,0.059444904113868206,0.0038579930877581207,0.0,0.0
2026-07-15 08:00:00+00:00,0.05402713594266303,0.003349242119020705,0.0,0.0
2026-07-15 09:00:00+00:00,0.0656976755389229,0.0031170263842121063,0.0,0.0
2026-07-15 10:00:00+00:00,0.05101584561322101,0.0023058797872172548,0.0,0.0
2026-07-15 11:00:00+00:00,0.08189989859163727,0.004063200933753452,0.0,0.0
2026-07-15 12:00:00+00:00,0.058958558031131175,0.0025499272017068413,0.0,0.0
2026-07-15 13:00:00+00:00,0.09037546783822241,0.00272515274252149,0.0,0.0
2026-07-15 14:00:00+00:00,0.08259049894588662,0.003538071453213778,0.0,0.0
2026-07-15 15:00:00+00:00,0.06442648454053816,0.0026804564696017315,0.0,0.0
2026-07-15 16:00:00+00:00,0.07460305074765852,0.00705098403294695,0.0,0.0
2026-07-15 17:00:00+00:00,0.04662215198033181,0.0045899100405894,0.0,0.0
2026-07-15 18:00:00+00:00,0.06991093929327771,0.007437275308590366,0.0,0.0
2026-07-15 19:00:00+00:00,0.031512847358067114,0.003483245645872381,0.0,0.0
2026-07-15 20:00:00+00:00,0.04258771964340735,0.0035101105939401834,0.0,0.0
2026-07-15 21:00:00+00:00,0.042480115945493786,0.004846618859681671,0.0,0.0
2026-07-15 22:00:00+00:00,0.04692409191477038,0.0038590771325467186,0.0,0.0
2026-07-15 23:00:00+00:00,0.043798263670991246,0.004998397737515491,0.0,0.0
2026-07-16 00:00:00+00:00,0.019501243823043773,0.007234603016643432,0.0,0.0
2026-07-16 01:00:00+00:00,0.023200625075201348,0.0045449482959758125,0.0,0.0
2026-07-16 02:00:00+00:00,0.011233175078925723,0.0047584576047217005,0.0,0.0
2026-07-16 03:00:00+00:00,0.009656988015044046,0.0031302796529904613,0.0,0.0
2026-07-16 04:00:00+00:00,0.016553413910372846,0.005389721205933977,0.0,0.0
2026-07-16 05:00:00+00:00,0.025977653809108308,0.0032380534131412966,0.0,0.0
2026-07-16 06:00:00+00:00,0.016026418481280127,0.0023067564983901673,0.0,0.0
2026-07-16 07:00:00+00:00,0.012931939712717534,0.0075916470984639705,0.0,0.0
2026-07-16 08:00:00+00:00,0.010523235365670075,0.010740403646810864,0.0,0.0
2026-07-16 09:00:00+00:00,0.00781768040256998,0.011757227136834794,0.0,0.0
2026-07-16 10:00:00+00:00,0.005803909750219844,0.0034661579686250488,0.0,0.0
2026-07-16 11:00:00+00:00,0.005401863253024415,0.004738832295833391,0.0,0.0
2026-07-16 12:00:00+00:00,0.005636976916018343,0.005739928499832373,0.0,0.0
2026-07-16 13:00:00+00:00,0.01823901043652241,0.00491882316402063,0.0,0.0
2026-07-16 14:00:00+00:00,0.028813584553317995,0.00482460951067197,0.0,0.0
2026-07-16 15:00:00+00:00,0.024879237411225216,0.004875702470187902,0.0,0.0
2026-07-16 16:00:00+00:00,0.02301006683884292,0.0072377680423288725,0.0,0.0
2026-07-16 17:00:00+00:00,0.019207173211710008,0.01350605814194982,0.0,0.0
2026-07-16 18:00:00+00:00,0.01126762673069169,0.007747707618693043,0.0,0.0
2026-07-16 19:00:00+00:00,0.012672568768238334,0.016528347230431496,0.0,0.0
2026-07-16 20:00:00+00:00,0.005985970214143992,0.00972042346710669,0.0,0.0
2026-07-16 21:00:00+00:00,0.010345063555634899,0.014679216953166511,0.0,0.0
2026-07-16 22:00:00+00:00,0.011306512100783492,0.030047331832092503,0.0,0.0
2026-07-16 23:00:00+00:00,0.013596643854702564,0.028051450701313263,0.0,0.0
2026-07-17 00:00:00+00:00,0.0044773877033157244,0.012442982132037294,0.0,0.0
2026-07-17 01:00:00+00:00,0.006292579593561241,0.021747032287666213,0.0,0.0
2026-07-17 02:00:00+00:00,0.004002108686967087,0.028365649287588713,0.0,0.0
2026-07-17 03:00:00+00:00,0.0031427154702904103,0.027927989439977517,0.0,0.0
2026-07-17 04:00:00+00:00,0.002137370833731137,0.025180521302307485,0.0,0.0
2026-07-17 05:00:00+00:00,0.00409994353754325,0.0370190469507139,0.0,0.0
2026-07-17 06:00:00+00:00,0.0020683782871670302,0.03060866693166539,0.0,0.0
2026-07-17 07:00:00+00:00,0.0013292943199824218,0.024514970547631743,0.0,0.0
2026-07-17 08:00:00+00:00,0.0011661060010574875,0.02014046859205283,0.0,0.0
2026-07-17 09:00:00+00:00,0.0013679065654477296,0.014112405728449096,0.0,0.0
2026-07-17 10:00:00+00:00,0.0019287239493634937,0.012469527462575165,0.0,0.0
2026-07-17 11:00:00+00:00,0.0029109174154231727,0.008358430937565055,0.0,0.0
2026-07-17 12:00:00+00:00,0.003203335763524126,0.014877250734063596,0.0,0.0
2026-07-17 13:00:00+00:00,0.0029335572029607813,0.014533066417124268,0.0,0.0
2026-07-17 14:00:00+00:00,0.004485955369171196,0.015321574513787031,0.0,0.0
2026-07-17 15:00:00+00:00,0.0038806170348521865,0.0076951034710730755,0.0,0.0
2026-07-17 16:00:00+00:00,0.0051617501806101515,0.012008677449857447,0.0,0.0
2026-07-17 17:00:00+00:00,0.008770534293191558,0.012205828502786814,0.0,0.0
2026-07-17 18:00:00+00:00,0.009792019801690791,0.006376880693583501,0.0,0.0
2026-07-17 19:00:00+00:00,0.01039207574036711,0.008041201281997508,0.0,0.0
2026-07-17 20:00:00+00:00,0.006962342272059105,0.0056757691316443185,0.0,0.0
2026-07-17 21:00:00+00:00,0.005470708582529346,0.0047906915709379425,0.0,0.0
2026-07-17 22:00:00+00:00,0.00412371480473073,0.00562406811337812,0.0,0.0
2026-07-17 23:00:00+00:00,0.0050504502804712935,0.009650354258129011,0.0,0.0
2026-07-18 00:00:00+00:00,0.006208542268779933,0.004677139726088529,0.0,0.0
2026-07-18 01:00:00+00:00,0.006182914185536321,0.004872170280539154,0.0,0.0
2026-07-18 02:00:00+00:00,0.008874521658000777,0.007090439457060951,0.0,0.0
2026-07-18 03:00:00+00:00,0.00800023111514585,0.008361862536343731,0.0,0.0
2026-07-18 04:00:00+00:00,0.008621552184146453,0.004515763197796047,0.0,0.0
2026-07-18 05:00:00+00:00,0.002710002341337267,0.0008690674418383648,0.0,0.0
2026-07-18 06:00:00+00:00,0.0030458673286178407,0.0009399662635924457,0.0,0.0
2026-07-18 07:00:00+00:00,0.0034355878954047485,0.0011927581647434454,0.0,0.0
2026-07-18 08:00:00+00:00,0.0032178816054916283,0.001159153250663225,0.0,0.0
2026-07-18 09:00:00+00:00,0.0032432166274059533,0.0011887718780000899,0.0,0.0
2026-07-18 10:00:00+00:00,0.003332954744643941,0.0009522606278168973,0.0,0.0
2026-07-18 11:00:00+00:00,0.005020841223620218,0.0008304508308691273,0.0,0.0
2026-07-18 12:00:00+00:00,0.009941575773624499,0.0009721078018728713,0.0,0.0
2026-07-18 13:00:00+00:00,0.007777286247898201,0.001265824579192871,0.0,0.0
2026-07-18 14:00:00+00:00,0.006328120802103582,0.0006603706153826041,0.0,0.0
2026-07-18 15:00:00+00:00,0.00709068217458746,0.0009634827983415005,0.0,0.0
2026-07-18 16:00:00+00:00,0.01733750537561941,0.0017009166534511285,0.0,0.0
2026-07-18 17:00:00+00:00,0.018360182654490922,0.0013445312231134866,0.0,0.0
2026-07-18 18:00:00+00:00,0.03188645781200289,0.0008606867053797077,0.0,0.0
2026-07-18 19:00:00+00:00,0.021663536619344576,0.00039169274541615666,0.0,0.0
2026-07-18 20:00:00+00:00,0.044284339221546676,0.0007388457569633853,0.0,0.0
2026-07-18 21:00:00+00:00,0.04024774538214098,0.0003693136977199459,0.0,0.0
2026-07-18 22:00:00+00:00,0.04263883450813984,0.00046377472635922057,0.0,0.0
2026-07-18 23:00:00+00:00,0.02368499360692496,0.00018178669803053913,0.0,0.0
2026-07-19 00:00:00+00:00,0.09223555906375536,0.0013427423610480286,0.0,0.0
2026-07-19 01:00:00+00:00,0.037883904183675966,0.0004921704242552928,0.0,0.0
2026-07-19 02:00:00+00:00,0.08565438200233084,0.0015571691396248303,0.0,0.0
2026-07-19 03:00:00+00:00,0.054566220982616036,0.0018769896137725915,0.0,0.0
2026-07-19 04:00:00+00:00,0.03313829784175453,0.0007625566774040011,0.0,0.0
2026-07-19 05:00:00+00:00,0.025931855189241893,0.0004340092157036157,0.0,0.0
2026-07-19 06:00:00+00:00,0.02601359959842467,0.000527853506603385,0.0,0.0
2026-07-19 07:00:00+00:00,0.03191466989788166,0.0006927881455856903,0.0,0.0
2026-07-19 08:00:00+00:00,0.0358671476201848,0.0013291986367319087,0.0,0.0
2026-07-19 09:00:00+00:00,0.015548243489894585,0.0016210018455874527,0.0,0.0
2026-07-19 10:00:00+00:00,0.020857441593820764,0.0012621718126498587,0.0,0.0
2026-07-19 11:00:00+00:00,0.009263512857202425,0.0008997379200141008,0.0,0.0
2026-07-19 12:00:00+00:00,0.013162442178204822,0.005611869906573849,0.0,0.0
2026-07-19 13:00:00+00:00,0.012955264757708142,0.0025281950950395084,0.0,0.0
2026-07-19 14:00:00+00:00,0.026208737362715905,0.002182430842013081,0.0,0.0
2026-07-19 15:00:00+00:00,0.019738610361341617,0.0015409965483769922,0.0,0.0
2026-07-19 16:00:00+00:00,0.02903702396884121,0.002557748494606931,0.0,0.0
2026-07-19 17:00:00+00:00,0.02811811077937995,0.002699147077558138,0.0,0.0
2026-07-19 18:00:00+00:00,0.017651290197656738,0.005728844984507736,0.0,0.0
2026-07-19 19:00:00+00:00,0.006427698155496499,0.0013111028112159093,0.0,0.0
2026-07-19 20:00:00+00:00,0.010437499418991034,0.001421504323396967,0.0,0.0
2026-07-19 21:00:00+00:00,0.015617733031340042,0.004947942149651425,0.0,0.0
2026-07-19 22:00:00+00:00,0.06769526338036357,0.0061024033622039805,0.0,0.0
2026-07-19 23:00:00+00:00,0.04925608097215912,0.005647037091159931,0.0,0.0
2026-07-20 00:00:00+00:00,0.056303355041404955,0.011897221525562553,0.0,0.0
2026-07-20 01:00:00+00:00,0.04484219885815227,0.005487045606708328,0.0,0.0
2026-07-20 02:00:00+00:00,0.06648629385592762,0.008082516220463453,0.0,0.0
2026-07-20 03:00:00+00:00,0.05452974419659975,0.00544570577885049,0.0,0.0
2026-07-20 04:00:00+00:00,0.03147277179471508,0.006183821716836176,0.0,0.0
2026-07-20 05:00:00+00:00,0.014865539456652073,0.0107904974054109,0.0,0.0
2026-07-20 06:00:00+00:00,0.011207125594701162,0.009630712571129013,0.0,0.0
2026-07-20 07:00:00+00:00,0.01234869205811342,0.01089742777461468,0.0,0.0
2026-07-20 08:00:00+00:00,0.012821568740725894,0.007811103154518037,0.0,0.0
2026-07-20 09:00:00+00:00,0.015625008667807767,0.006937102159553696,0.0,0.0
2026-07-20 10:00:00+00:00,0.02153749211178396,0.004922677966570122,0.0,0.0
2026-07-20 11:00:00+00:00,0.06290098392229267,0.007581551140941206,0.0,0.0
2026-07-20 12:00:00+00:00,0.04822497087881822,0.0069179741837687185,0.0,0.0
2026-07-20 13:00:00+00:00,0.03862459044423139,0.010226220777925425,1.0,0.0
2026-07-20 14:00:00+00:00,0.019355202517411005,0.01148308744623727,1.0,0.0
2026-07-20 15:00:00+00:00,0.056692898247785874,0.010912462678309344,0.0,0.0
2026-07-20 16:00:00+00:00,0.0814085556918334,0.028794768881649283,0.0,0.0
2026-07-20 17:00:00+00:00,0.07797335907169516,0.02583777190684318,0.0,0.0
2026-07-20 18:00:00+00:00,0.05113329220397811,0.015740815428664946,0.0,0.0
2026-07-20 19:00:00+00:00,0.09092945428313444,0.02793963383649801,0.0,0.0
2026-07-20 20:00:00+00:00,0.04073374744084017,0.01470153739605042,0.0,0.0
2026-07-20 21:00:00+00:00,0.06774218016507562,0.02632644340590685,0.0,0.0
2026-07-20 22:00:00+00:00,0.06899678170756725,0.020526267978290224,0.0,0.0
2026-07-20 23:00:00+00:00,0.08370054913694108,0.018596343372906637,0.0,0.0
2026-07-21 00:00:00+00:00,0.1075281263163444,0.019862320493209778,0.0,0.0
2026-07-21 01:00:00+00:00,0.1081474015020421,0.016134885819112908,0.0,0.0
2026-07-21 02:00:00+00:00,0.09355069960353922,0.015112432031693733,0.0,0.0
2026-07-21 03:00:00+00:00,0.0980981291517226,0.017097636528337432,0.0,0.0
2026-07-21 04:00:00+00:00,0.12535199236193037,0.012626805469176989,0.0,0.0
2026-07-21 05:00:00+00:00,0.10992937894747525,0.011829488973783574,0.0,0.0
2026-07-21 06:00:00+00:00,0.10274593406496003,0.008849483607719802,0.0,0.0
2026-07-21 07:00:00+00:00,0.11365356734470762,0.010377837437712954,0.0,0.0
2026-07-21 08:00:00+00:00,0.12484005162498897,0.009037626836521049,0.0,0.0
2026-07-21 09:00:00+00:00,0.12145757212492321,0.007933053848737381,0.0,0.0
2026-07-21 10:00:00+00:00,0.11704097496055609,0.010043339195960508,0.0,0.0
2026-07-21 11:00:00+00:00,0.1204605457542533,0.014776827679130291,0.0,0.0
2026-07-21 12:00:00+00:00,0.11231049149526755,0.01643333311848079,0.0,0.0
2026-07-21 13:00:00+00:00,0.11566350578089274,0.02124342484981712,0.0,0.0
2026-07-21 14:00:00+00:00,0.1143076311557376,0.021622440486020772,0.0,0.0
2026-07-21 15:00:00+00:00,0.10034742640070521,0.010411819033957704,0.0,0.0
2026-07-21 16:00:00+00:00,0.07628031793008187,0.0075899266716579995,0.0,0.0
2026-07-21 17:00:00+00:00,0.08418014879242637,0.016496331831060217,0.0,0.0
2026-07-21 18:00:00+00:00,0.0474242479415736,0.009213267016195136,0.0,0.0
2026-07-21 19:00:00+00:00,0.06848953512202907,0.009262417514421717,0.0,0.0
2026-07-21 20:00:00+00:00,0.0643922235654094,0.004853405360719731,0.0,0.0
2026-07-21 21:00:00+00:00,0.06256178643857248,0.005529885789983982,0.0,0.0
2026-07-21 22:00:00+00:00,0.0717125034236484,0.005517099039970029,0.0,0.0
2026-07-21 23:00:00+00:00,0.06530436856707228,0.003193196893260253,0.0,0.0
2026-07-22 00:00:00+00:00,0.09129722367697883,0.006056299784433662,0.0,0.0
2026-07-22 01:00:00+00:00,0.06463127458220072,0.004899328677074324,0.0,0.0
2026-07-22 02:00:00+00:00,0.0535916326150385,0.0031981763549905396,0.0,0.0
2026-07-22 03:00:00+00:00,0.04759134647131779,0.0037638855299117636,0.0,0.0
2026-07-22 04:00:00+00:00,0.056915576341438213,0.003899177315507235,0.0,0.0
2026-07-22 05:00:00+00:00,0.05012241729890076,0.004553494879834929,0.0,0.0
2026-07-22 06:00:00+00:00,0.0338181631449626,0.0046446560446902554,0.0,0.0
2026-07-22 07:00:00+00:00,0.03950807436594413,0.0058727363126668515,0.0,0.0
2026-07-22 08:00:00+00:00,0.05206003564946839,0.006510648251232896,0.0,0.0
2026-07-22 09:00:00+00:00,0.044898088956053885,0.004773561112495168,0.0,0.0
2026-07-22 10:00:00+00:00,0.041238868579678546,0.004521691721238307,0.0,0.0
2026-07-22 11:00:00+00:00,0.033639369855893754,0.003678474181287963,0.0,0.0
2026-07-22 12:00:00+00:00,0.03459574524810675,0.005620866722436393,0.0,0.0
2026-07-22 13:00:00+00:00,0.03154959478215307,0.005914145304772797,0.0,0.0
2026-07-22 14:00:00+00:00,0.052911636816623454,0.009599595596931364,0.0,0.0
2026-07-22 15:00:00+00:00,0.04202847994362665,0.008632049194210787,0.0,0.0
2026-07-22 16:00:00+00:00,0.04843841554488266,0.007417718570634324,0.0,0.0
2026-07-22 17:00:00+00:00,0.02927974683764503,0.008689428601852695,0.0,0.0
2026-07-22 18:00:00+00:00,0.030796185954746532,0.006484481577477995,0.0,0.0
2026-07-22 19:00:00+00:00,0.025659244855180414,0.01124247367441514,0.0,0.0
2026-07-22 20:00:00+00:00,0.025488669209638697,0.007813193208761473,0.0,0.0
2026-07-22 21:00:00+00:00,0.04343293563614866,0.011286241809670099,0.0,0.0
2026-07-22 22:00:00+00:00,0.035049610100849324,0.01340910038822585,0.0,0.0
2026-07-22 23:00:00+00:00,0.0483315866226201,0.015115514491662332,0.0,0.0
2026-07-23 00:00:00+00:00,0.033512317127746015,0.028073178235912575,0.0,0.0
2026-07-23 01:00:00+00:00,0.024008825657516802,0.04366419565621767,0.0,0.0
2026-07-23 02:00:00+00:00,0.012309135667383203,0.023891470107810647,0.0,0.0
2026-07-23 03:00:00+00:00,0.007239505197266206,0.03783360662714072,0.0,0.0
2026-07-23 04:00:00+00:00,0.006622136878829583,0.03694850548461954,0.0,0.0
2026-07-23 05:00:00+00:00,0.0028347660140624637,0.009734002484078812,0.0,0.0
2026-07-23 06:00:00+00:00,0.0029953790829582373,0.007056332092908971,0.0,0.0
2026-07-23 07:00:00+00:00,0.004178892870646686,0.02464474221089616,0.0,0.0
2026-07-23 08:00:00+00:00,0.004496671686168699,0.025072178374337478,0.0,0.0
2026-07-23 09:00:00+00:00,0.004277447719438044,0.01572143916294161,0.0,0.0
2026-07-23 10:00:00+00:00,0.0048570618819442244,0.014003208403500333,0.0,0.0
2026-07-23 11:00:00+00:00,0.003954523744272426,0.010837455538730155,0.0,0.0
2026-07-23 12:00:00+00:00,0.004368256305972154,0.039970253888154526,0.0,0.0
2026-07-23 13:00:00+00:00,0.0032218265145380503,0.030891490416532556,0.0,0.0
2026-07-23 14:00:00+00:00,0.0034675807525708633,0.03432844016452388,0.0,0.0
2026-07-23 15:00:00+00:00,0.0018826013770459529,0.027218557609225664,0.0,0.0
2026-07-23 16:00:00+00:00,0.002292886312373175,0.031059358293849034,0.0,0.0
2026-07-23 17:00:00+00:00,0.0019441672951923253,0.0246144143127846,0.0,0.0
2026-07-23 18:00:00+00:00,0.0032635222929735686,0.02284932819465597,0.0,0.0
2026-07-23 19:00:00+00:00,0.0035368723230887016,0.028457544315988608,0.0,0.0
2026-07-23 20:00:00+00:00,0.006116572919850162,0.02636299314817812,0.0,0.0
2026-07-23 21:00:00+00:00,0.005271523342468769,0.029281000968612834,0.0,0.0
2026-07-23 22:00:00+00:00,0.006930078002505019,0.037494557913550636,0.0,0.0
2026-07-23 23:00:00+00:00,0.009541815594604042,0.05641212394594008,0.0,0.0
2026-07-24 00:00:00+00:00,0.0027658572307944994,0.01576414981240679,0.0,0.0
2026-07-24 01:00:00+00:00,0.0034723788477440203,0.024679947865981575,0.0,0.0
2026-07-24 02:00:00+00:00,0.002642984211813089,0.017042330141249125,0.0,0.0
2026-07-24 03:00:00+00:00,0.004147105487934959,0.008731570110160234,0.0,0.0
2026-07-24 04:00:00+00:00,0.003240015971094364,0.010446770199991627,0.0,0.0
2026-07-24 05:00:00+00:00,0.0033275276089051037,0.012138469304442264,0.0,0.0
2026-07-24 06:00:00+00:00,0.007277671282034721,0.018564903213599146,0.0,0.0
2026-07-24 07:00:00+00:00,0.0074872124744031375,0.01882217958158892,0.0,0.0
2026-07-24 08:00:00+00:00,0.0016375035100765387,0.006009430127629449,0.0,0.0
2026-07-24 09:00:00+00:00,0.001550861653835673,0.015511494183128314,0.0,0.0
2026-07-24 10:00:00+00:00,0.0012458531894238918,0.02527001633337129,0.0,0.0
2026-07-24 11:00:00+00:00,0.0015817902131325526,0.02452688017006682,0.0,0.0
2026-07-24 12:00:00+00:00,0.0007987213441919538,0.012628653108459877,0.0,0.0
2026-07-24 13:00:00+00:00,0.0016592255346853022,0.03326307139956158,0.0,0.0
2026-07-24 14:00:00+00:00,0.0012275221880705214,0.029487128974056975,0.0,0.0
2026-07-24 15:00:00+00:00,0.001769451268810363,0.030577317495720287,0.0,0.0
2026-07-24 16:00:00+00:00,0.001107192811740278,0.014414176350701205,0.0,0.0
2026-07-24 17:00:00+00:00,0.001669974651568162,0.009966345860584183,0.0,0.0
2026-07-24 18:00:00+00:00,0.0021050291551375348,0.009392079984790976,0.0,0.0
2026-07-24 19:00:00+00:00,0.003778981228500141,0.018244493808337134,0.0,0.0
2026-07-24 20:00:00+00:00,0.0018119322241580344,0.007520114422611413,0.0,0.0
2026-07-24 21:00:00+00:00,0.0032082860628954765,0.028790635418575627,0.0,0.0
2026-07-24 22:00:00+00:00,0.0029920331647473285,0.02828461066566391,0.0,0.0
2026-07-24 23:00:00+00:00,0.0018924550339950977,0.027268939165903866,0.0,0.0
2026-07-25 00:00:00+00:00,0.0037970052080562775,0.020344487446013998,0.0,0.0
2026-07-25 01:00:00+00:00,0.003756655923869832,0.024856597773098236,0.0,0.0
2026-07-25 02:00:00+00:00,0.003114359187588217,0.024358632989592593,0.0,0.0
2026-07-25 03:00:00+00:00,0.002319727205167072,0.019085373640153513,0.0,0.0
2026-07-25 04:00:00+00:00,0.0017835696519642996,0.007081234510285964,0.0,0.0
2026-07-25 05:00:00+00:00,0.0017060503217569741,0.011468450947936465,0.0,0.0
2026-07-25 06:00:00+00:00,0.0012333965501538575,0.011138866464675068,0.0,0.0
2026-07-25 07:00:00+00:00,0.0012503138218685334,0.018098633189941853,0.0,0.0
2026-07-25 08:00:00+00:00,0.0009618943592691947,0.0278715210784569,0.0,0.0
2026-07-25 09:00:00+00:00,0.0017901579156818059,0.053980558371853615,0.0,0.0
2026-07-25 10:00:00+00:00,0.000915009192711246,0.015340015897446402,0.0,0.0
2026-07-25 11:00:00+00:00,0.0013382815544061937,0.014655673787415257,0.0,0.0
2026-07-25 12:00:00+00:00,0.0012121691018667034,0.009942653135155258,0.0,0.0
2026-07-25 13:00:00+00:00,0.0011225585560420504,0.004805996350964472,0.0,0.0
2026-07-25 14:00:00+00:00,0.0011587251801684674,0.004542789410911504,0.0,0.0
2026-07-25 15:00:00+00:00,0.0012822721664591226,0.003657715290545116,0.0,0.0
2026-07-25 16:00:00+00:00,0.0009703127851462835,0.002500589933304211,0.0,0.0
2026-07-25 17:00:00+00:00,0.0017983878118121518,0.0024143926207841775,0.0,0.0
2026-07-25 18:00:00+00:00,0.004243013440775214,0.0026319971977801907,0.0,0.0
2026-07-25 19:00:00+00:00,0.003815002392761588,0.0019298579273240933,0.0,0.0
2026-07-25 20:00:00+00:00,0.003428796528117743,0.00290349969898375,0.0,0.0
2026-07-25 21:00:00+00:00,0.0038378692039691188,0.0022555095517040294,0.0,0.0
2026-07-25 22:00:00+00:00,0.006303398463598171,0.006485985111326416,0.0,0.0
2026-07-25 23:00:00+00:00,0.006795630668576506,0.004266985972473798,0.0,0.0
2026-07-26 00:00:00+00:00,0.02363212802083725,0.007931785507428532,0.0,0.0
2026-07-26 01:00:00+00:00,0.023232566032622377,0.007479790373097133,0.0,0.0
2026-07-26 02:00:00+00:00,0.015838634276982982,0.00356375579780039,0.0,0.0
2026-07-26 03:00:00+00:00,0.024713868059159778,0.005472880024021076,0.0,0.0
2026-07-26 04:00:00+00:00,0.029383610381132547,0.007951984816892183,0.0,0.0
2026-07-26 05:00:00+00:00,0.00917662323584706,0.002606566747507061,0.0,0.0
2026-07-26 06:00:00+00:00,0.013858278893000864,0.011363791136541563,0.0,0.0
2026-07-26 07:00:00+00:00,0.009319272454292482,0.006751297184158739,0.0,0.0
2026-07-26 08:00:00+00:00,0.007799473951734728,0.0042619939789037675,0.0,0.0
2026-07-26 09:00:00+00:00,0.007386382506190263,0.002848606145323207,0.0,0.0
2026-07-26 10:00:00+00:00,0.009495111640834194,0.0021486327024148,0.0,0.0
2026-07-26 11:00:00+00:00,0.009859003515253657,0.0026291481156730276,0.0,0.0
2026-07-26 12:00:00+00:00,0.015700802783551532,0.006337011754209047,0.0,0.0
2026-07-26 13:00:00+00:00,0.016244589604274162,0.006961536819031604,0.0,0.0
2026-07-26 14:00:00+00:00,0.033186139485622504,0.0071951493253883765,0.0,0.0
2026-07-26 15:00:00+00:00,0.03251096261475254,0.0048875678974569245,0.0,0.0
2026-07-26 16:00:00+00:00,0.04549329984478515,0.005560982995152545,0.0,0.0
2026-07-26 17:00:00+00:00,0.03635096373763205,0.007398044948983,0.0,0.0
2026-07-26 18:00:00+00:00,0.01720997235363193,0.0025976143515298385,0.0,0.0
2026-07-26 19:00:00+00:00,0.04903068944359993,0.010096526141757621,0.0,0.0
2026-07-26 20:00:00+00:00,0.018561010401261627,0.003647691552521932,0.0,0.0
2026-07-26 21:00:00+00:00,0.05376412532716939,0.005626473470602304,0.0,0.0
2026-07-26 22:00:00+00:00,0.08989474856387904,0.008119974075121363,0.0,0.0
2026-07-26 23:00:00+00:00,0.09874159121096522,0.007174231120372694,0.0,0.0
2026-07-27 00:00:00+00:00,0.0764709552412254,0.02772169810546381,0.0,0.0
2026-07-27 01:00:00+00:00,0.041508365535657905,0.024498904116578058,0.0,0.0
2026-07-27 02:00:00+00:00,0.04930887047885668,0.02562252761362015,0.0,0.0
2026-07-27 03:00:00+00:00,0.0664415726693553,0.019884848201298624,0.0,0.0
2026-07-27 04:00:00+00:00,0.06507710077650998,0.010010382056151085,0.0,0.0
2026-07-27 05:00:00+00:00,0.062351955701501906,0.007918413778682203,0.0,1.0
2026-07-27 06:00:00+00:00,0.07217777560772977,0.007619141727102141,0.0,0.0
2026-07-27 07:00:00+00:00,0.05405780227431267,0.019881204600124363,0.0,0.0
2026-07-27 08:00:00+00:00,0.03973369959144093,0.014619472143349481,0.0,0.0
2026-07-27 09:00:00+00:00,0.050225698153764514,0.022042667825809464,0.0,0.0
2026-07-27 10:00:00+00:00,0.057342653943794564,0.010828614914673589,0.0,0.0
2026-07-27 11:00:00+00:00,0.04508322809115759,0.011453957333436106,0.0,0.0
2026-07-27 12:00:00+00:00,0.042326734396279105,0.02184088730197392,0.0,0.0
2026-07-27 13:00:00+00:00,0.056851205264066916,0.01835943998580045,0.0,1.0
2026-07-27 14:00:00+00:00,0.039147875302505575,0.031787388818390466,0.0,0.0
2026-07-27 15:00:00+00:00,0.02899950294033743,0.03513625709482777,0.0,0.0
2026-07-27 16:00:00+00:00,0.032394163250838014,0.037303842445546735,0.0,0.0
2026-07-27 17:00:00+00:00,0.05610308094125724,0.03929406736305858,0.0,0.0
2026-07-27 18:00:00+00:00,0.05882808606737724,0.028334257485444228,0.0,0.0
2026-07-27 19:00:00+00:00,0.062345999359123744,0.03796329886636716,0.0,0.0
2026-07-27 20:00:00+00:00,0.04758788586105376,0.029564840363797456,0.0,0.0
2026-07-27 21:00:00+00:00,0.06989213737615091,0.0282722764819132,0.0,0.0
2026-07-27 22:00:00+00:00,0.05552480701917494,0.04711712682688696,0.0,0.0
2026-07-27 23:00:00+00:00,0.0352061671523436,0.030847770241966433,0.0,0.0
2026-07-28 00:00:00+00:00,0.04074615295490141,0.041666723684157664,0.0,0.0
2026-07-28 01:00:00+00:00,0.03849808071650971,0.03074333723545508,0.0,0.0
2026-07-28 02:00:00+00:00,0.02450818976728296,0.021464853187531576,0.0,0.0
2026-07-28 03:00:00+00:00,0.036062289792942036,0.024580221796975634,0.0,0.0
2026-07-28 04:00:00+00:00,0.029263920845224747,0.014110565810400882,0.0,0.0
2026-07-28 05:00:00+00:00,0.040076711239262035,0.014806964297760539,0.0,0.0
2026-07-28 06:00:00+00:00,0.03152052532376951,0.011389286487585804,0.0,0.0
2026-07-28 07:00:00+00:00,0.04602318924112747,0.014578655544498385,0.0,0.0
2026-07-28 08:00:00+00:00,0.03853420558050933,0.011459923552650237,0.0,0.0
2026-07-28 09:00:00+00:00,0.03330919203613474,0.0133796463137216,0.0,0.0
2026-07-28 10:00:00+00:00,0.03632990366199609,0.021326772571511218,0.0,0.0
2026-07-28 11:00:00+00:00,0.042203438705804786,0.023061593201319886,0.0,0.0
2026-07-28 12:00:00+00:00,0.040238610233060836,0.030713684220686585,0.0,0.0
2026-07-28 13:00:00+00:00,0.038541481094457014,0.04249943017731902,0.0,0.0
2026-07-28 14:00:00+00:00,0.04219779618323985,0.04236283871197496,0.0,0.0
2026-07-28 15:00:00+00:00,0.051349993215698685,0.04490022670040177,0.0,0.0
2026-07-28 16:00:00+00:00,0.06251618490225035,0.04367538351808949,0.0,0.0
2026-07-28 17:00:00+00:00,0.050903197110035124,0.04446040736328167,0.0,0.0
2026-07-28 18:00:00+00:00,0.051844867843341746,0.06863060384334527,0.0,0.0
2026-07-28 19:00:00+00:00,0.05416810786605044,0.059437837464776454,0.0,0.0
2026-07-28 20:00:00+00:00,0.06658973706214479,0.06002007448075406,0.0,0.0
2026-07-28 21:00:00+00:00,0.06542899261739675,0.06289257128588892,0.0,0.0
2026-07-28 22:00:00+00:00,0.03750646989118516,0.039382372176256224,0.0,0.0
2026-07-28 23:00:00+00:00,0.06522398304151776,0.04053625313574508,0.0,0.0
2026-07-29 00:00:00+00:00,0.05386125499720604,0.054176111679420415,0.0,0.0
2026-07-29 01:00:00+00:00,0.03314209091870313,0.052840266835133355,0.0,0.0
2026-07-29 02:00:00+00:00,0.03345222392408517,0.037745008418496644,0.0,0.0
2026-07-29 03:00:00+00:00,0.03375559967221934,0.042361850266000284,0.0,0.0
2026-07-29 04:00:00+00:00,0.030689711056116942,0.03321609459896758,0.0,0.0
2026-07-29 05:00:00+00:00,0.03155373798438702,0.032315729766607765,0.0,0.0
2026-07-29 06:00:00+00:00,0.0423028446819755,0.028610767707340196,0.0,0.0
2026-07-29 07:00:00+00:00,0.031296183376682864,0.020739470760511653,0.0,0.0
2026-07-29 08:00:00+00:00,0.04688788320492664,0.026544268752988844,0.0,0.0
2026-07-29 09:00:00+00:00,0.03473047023228807,0.027092329696774248,0.0,0.0
2026-07-29 10:00:00+00:00,0.03563518428053054,0.02889692028450365,0.0,0.0
2026-07-29 11:00:00+00:00,0.03709827463576677,0.029694104968068697,0.0,0.0
2026-07-29 12:00:00+00:00,0.04319343947843182,0.04886987522418529,0.0,0.0
2026-07-29 13:00:00+00:00,0.02838973847713512,0.04041086168916421,0.0,0.0
2026-07-29 14:00:00+00:00,0.03915693501377671,0.05819821013547272,0.0,0.0
2026-07-29 15:00:00+00:00,0.04607155976398077,0.05436040324751359,0.0,0.0
2026-07-29 16:00:00+00:00,0.033377662947225085,0.05832368129833639,0.0,0.0
2026-07-29 17:00:00+00:00,0.03447953189523053,0.03614667728973434,0.0,0.0
2026-07-29 18:00:00+00:00,0.03998510668324288,0.03525046956198091,0.0,0.0
2026-07-29 19:00:00+00:00,0.06956322226858021,0.07582277654824837,0.0,0.0
2026-07-29 20:00:00+00:00,0.0507888624586414,0.08301720431002016,0.0,0.0
2026-07-29 21:00:00+00:00,0.05943392562711699,0.0804501656638516,0.0,0.0
2026-07-29 22:00:00+00:00,0.06504207725232262,0.05731135206438472,0.0,0.0
2026-07-29 23:00:00+00:00,0.04689515784016165,0.04687500225908694,0.0,0.0
2026-07-30 00:00:00+00:00,0.053933789073742244,0.11337420593477886,0.0,0.0
2026-07-30 01:00:00+00:00,0.06566809506171555,0.10509294455377262,0.0,0.0
2026-07-30 02:00:00+00:00,0.052814623289875295,0.0978530381532043,0.0,0.0
2026-07-30 03:00:00+00:00,0.04001606256752193,0.09031648406079544,0.0,0.0
2026-07-30 04:00:00+00:00,0.052301504193236266,0.10140830129732409,0.0,0.0
2026-07-30 05:00:00+00:00,0.0561308342983494,0.10359950106097364,0.0,0.0
2026-07-30 06:00:00+00:00,0.05161948931327443,0.07480343812966062,0.0,0.0
2026-07-30 07:00:00+00:00,0.05102377870526767,0.08167849156232639,0.0,0.0
2026-07-30 08:00:00+00:00,0.044394383825185936,0.08096851555148202,0.0,0.0
2026-07-30 09:00:00+00:00,0.05035305105984416,0.07042666598912896,0.0,0.0
2026-07-30 10:00:00+00:00,0.041292483839354084,0.05568798563288118,0.0,0.0
2026-07-30 11:00:00+00:00,0.08864830955345132,0.06483116759619052,0.0,0.0
2026-07-30 12:00:00+00:00,0.08333932225943819,0.06192904274099665,0.0,0.0
2026-07-30 13:00:00+00:00,0.08614018005061268,0.0813655830136109,0.0,0.0
2026-07-30 14:00:00+00:00,0.06613522481512431,0.11364428186884679,0.0,0.0
2026-07-30 15:00:00+00:00,0.06265675168212793,0.11784492128845699,0.0,0.0
2026-07-30 16:00:00+00:00,0.0566977276080986,0.08596373975805165,0.0,0.0
2026-07-30 17:00:00+00:00,0.05586189513725343,0.0657406573366222,0.0,0.0
2026-07-30 18:00:00+00:00,0.033490567576801876,0.05289241910940068,0.0,0.0
2026-07-30 19:00:00+00:00,0.025193161573900946,0.012630429019788844,0.0,0.0
2026-07-30 20:00:00+00:00,0.016491943689073446,0.010549888768128417,0.0,0.0
2026-07-30 21:00:00+00:00,0.020293050750171026,0.011673371875347408,0.0,0.0
2026-07-30 22:00:00+00:00,0.04560394307842638,0.015279764134508359,0.0,0.0
2026-07-30 23:00:00+00:00,0.041253550798326426,0.022225779554984452,0.0,0.0
2026-07-31 00:00:00+00:00,0.015991370658698628,0.008792751522458762,0.0,0.0
2026-07-31 01:00:00+00:00,0.022669121976807427,0.0078088539130833955,0.0,0.0
2026-07-31 02:00:00+00:00,0.007489265066500183,0.013060809038633847,0.0,0.0
2026-07-31 03:00:00+00:00,0.005197831465881073,0.007576188698786489,0.0,0.0
2026-07-31 04:00:00+00:00,0.002702137405840452,0.005791566068047628,0.0,0.0
2026-07-31 05:00:00+00:00,0.003931613561928251,0.006244952696985446,0.0,0.0
2026-07-31 06:00:00+00:00,0.003151911269771932,0.005318827860651877,0.0,0.0
2026-07-31 07:00:00+00:00,0.005092915899889473,0.035793606946650756,0.0,0.0
2026-07-31 08:00:00+00:00,0.0019098720229290425,0.008828172923683028,0.0,0.0
2026-07-31 09:00:00+00:00,0.0012048584118771446,0.007316046407651316,0.0,0.0
2026-07-31 10:00:00+00:00,0.0019333567863416476,0.0046033402883692365,0.0,0.0
2026-07-31 11:00:00+00:00,0.0015078856617368117,0.003193795270661852,0.0,0.0
2026-07-31 12:00:00+00:00,0.0014445590386162634,0.006366446343824258,0.0,0.0
2026-07-31 13:00:00+00:00,0.003640236583055421,0.011415004162792125,0.0,0.0
2026-07-31 14:00:00+00:00,0.005050350822602797,0.019764612672636444,0.0,0.0
2026-07-31 15:00:00+00:00,0.0022587037565503366,0.011011218832242363,0.0,0.0
2026-07-31 16:00:00+00:00,0.0025602836930073637,0.014442227451790477,0.0,0.0
2026-07-31 17:00:00+00:00,0.005973232190250855,0.009408469686930293,0.0,0.0
2026-07-31 18:00:00+00:00,0.008292541802530855,0.015365014290062755,0.0,0.0
2026-07-31 19:00:00+00:00,0.0045274167091241295,0.009951513807915572,0.0,0.0
2026-07-31 20:00:00+00:00,0.004992727901778814,0.011714265504509158,0.0,0.0
2026-07-31 21:00:00+00:00,0.004571076764422117,0.020679961033695505,0.0,0.0
2026-07-31 22:00:00+00:00,0.004129838751827551,0.032539665704456225,0.0,0.0
2026-07-31 23:00:00+00:00,0.0021556082800972746,0.028014227164476737,0.0,0.0
2026-08-01 00:00:00+00:00,0.007446773623063239,0.032290964303327625,0.0,0.0
2026-08-01 01:00:00+00:00,0.006381699108186262,0.03427584418226548,0.0,0.0
2026-08-01 02:00:00+00:00,0.007294052736726469,0.025985215492446343,0.0,0.0
2026-08-01 03:00:00+00:00,0.006355058508909575,0.037410117540207004,0.0,0.0
2026-08-01 04:00:00+00:00,0.005743838394388235,0.018633142393305806,0.0,0.0
2026-08-01 05:00:00+00:00,0.00559051393695893,0.038607579900086245,0.0,0.0
2026-08-01 06:00:00+00:00,0.004918391977909469,0.034121545949499794,0.0,0.0
2026-08-01 07:00:00+00:00,0.0027849818820710227,0.014097555738016033,0.0,0.0
2026-08-01 08:00:00+00:00,0.0028242892291591346,0.011273987005083039,0.0,0.0
2026-08-01 09:00:00+00:00,0.0027426588945910807,0.021720907285865624,0.0,0.0
2026-08-01 10:00:00+00:00,0.0030637714757585396,0.03976703644845717,0.0,0.0
2026-08-01 11:00:00+00:00,0.002196807823857392,0.02086887547938408,0.0,0.0
2026-08-01 12:00:00+00:00,0.0040857089580428095,0.039202037485589036,0.0,0.0
2026-08-01 13:00:00+00:00,0.002088798921954961,0.019233680524253324,0.0,0.0
2026-08-01 14:00:00+00:00,0.0014095362851577274,0.016102607316372433,0.0,0.0
2026-08-01 15:00:00+00:00,0.0009185401068229811,0.008007836142556492,0.0,0.0
2026-08-01 16:00:00+00:00,0.0013369776623285855,0.024273846074574074,0.0,0.0
2026-08-01 17:00:00+00:00,0.0008654643446059594,0.020557369291875374,0.0,0.0
2026-08-01 18:00:00+00:00,0.0009849909975620874,0.04683860523876138,0.0,0.0
2026-08-01 19:00:00+00:00,0.00048388511915466886,0.018842402547291914,0.0,0.0
2026-08-01 20:00:00+00:00,0.0006407563433089817,0.009373395179075672,0.0,0.0
2026-08-01 21:00:00+00:00,0.0014842173700493333,0.008953424900759406,0.0,0.0
2026-08-01 22:00:00+00:00,0.0016029548754432712,0.006446611493021552,0.0,0.0
2026-08-01 23:00:00+00:00,0.002369998537864016,0.015087487986904222,0.0,0.0
2026-08-02 00:00:00+00:00,0.01212308959072144,0.051512731208996194,0.0,0.0
2026-08-02 01:00:00+00:00,0.012487106858654303,0.024149689189433863,0.0,0.0
2026-08-02 02:00:00+00:00,0.03417920097114748,0.03557205075025888,0.0,0.0
2026-08-02 03:00:00+00:00,0.030304733731904985,0.022461820567944102,0.0,0.0
2026-08-02 04:00:00+00:00,0.0262705112524132,0.014950071676652375,0.0,0.0
2026-08-02 05:00:00+00:00,0.0236230499885805,0.015184061994556934,0.0,0.0
2026-08-02 06:00:00+00:00,0.015279198315864122,0.013667453322351766,0.0,0.0
2026-08-02 07:00:00+00:00,0.027581476962711984,0.01691641793609328,0.0,0.0
2026-08-02 08:00:00+00:00,0.017846986058162182,0.046849998915434066,0.0,0.0
2026-08-02 09:00:00+00:00,0.010323084281566522,0.025616794360604173,0.0,0.0
2026-08-02 10:00:00+00:00,0.010178974734652057,0.027895168908756957,0.0,0.0
2026-08-02 11:00:00+00:00,0.009941717726070411,0.049357152753479384,0.0,0.0
2026-08-02 12:00:00+00:00,0.012475943049150826,0.028816742114585892,0.0,0.0
2026-08-02 13:00:00+00:00,0.012579837584944043,0.04215050555392869,0.0,0.0
2026-08-02 14:00:00+00:00,0.02054982643477735,0.03799835357889125,0.0,0.0
2026-08-02 15:00:00+00:00,0.016974777190717025,0.029205995746881513,0.0,0.0
2026-08-02 16:00:00+00:00,0.02450348626070172,0.03263958547551598,0.0,0.0
2026-08-02 17:00:00+00:00,0.03761785483662151,0.026549779476071515,0.0,0.0
2026-08-02 18:00:00+00:00,0.07353926115442831,0.02868627934210581,0.0,0.0
2026-08-02 19:00:00+00:00,0.04451774519890624,0.012464041644882073,0.0,0.0
2026-08-02 20:00:00+00:00,0.03571869436748399,0.007103421398137556,0.0,0.0
2026-08-02 21:00:00+00:00,0.09832917409004277,0.017051646858084493,0.0,0.0
2026-08-02 22:00:00+00:00,0.09414031947711587,0.04367456747894588,0.0,0.0
2026-08-02 23:00:00+00:00,0.07047860310177133,0.025745723407665937,0.0,0.0
2026-08-03 00:00:00+00:00,0.05938769644833888,0.042805370472763615,0.0,0.0
2026-08-03 01:00:00+00:00,0.04969328904676181,0.044035664981480094,0.0,0.0
2026-08-03 02:00:00+00:00,0.026912829315146703,0.026862355662070153,0.0,0.0
2026-08-03 03:00:00+00:00,0.03145712241282137,0.040916381605548585,0.0,0.0
2026-08-03 04:00:00+00:00,0.016910526205332083,0.020334909578175738,0.0,0.0
2026-08-03 05:00:00+00:00,0.01906228179691531,0.032807822497729434,0.0,0.0
2026-08-03 06:00:00+00:00,0.01302481019234345,0.023255841927066284,0.0,0.0
2026-08-03 07:00:00+00:00,0.013376806753258051,0.03480599137819996,0.0,0.0
2026-08-03 08:00:00+00:00,0.008667498419972115,0.02798673042774651,0.0,0.0
2026-08-03 09:00:00+00:00,0.013939665852708732,0.02326555018538264,0.0,0.0
2026-08-03 10:00:00+00:00,0.014045116521220244,0.02179174961615668,0.0,0.0
2026-08-03 11:00:00+00:00,0.009054897030771987,0.016739915581357245,0.0,0.0
2026-08-03 12:00:00+00:00,0.010672165362543335,0.024962652341243535,0.0,0.0
2026-08-03 13:00:00+00:00,0.029348315108134824,0.03372290515442374,0.0,0.0
2026-08-03 14:00:00+00:00,0.04463288425662824,0.03293276652749195,0.0,0.0
2026-08-03 15:00:00+00:00,0.056261265491666525,0.04969038646350523,0.0,0.0
2026-08-03 16:00:00+00:00,0.05485511280186247,0.052347458212707566,0.0,0.0
2026-08-03 17:00:00+00:00,0.04358544631271272,0.05950240610516711,0.0,0.0
2026-08-03 18:00:00+00:00,0.04881629731788217,0.06530685051360192,0.0,0.0
2026-08-03 19:00:00+00:00,0.06555780492999429,0.06374388760717863,0.0,0.0
2026-08-03 20:00:00+00:00,0.07683390864683204,0.06667593955061861,0.0,0.0
2026-08-03 21:00:00+00:00,0.06528145612882638,0.06899606496179474,0.0,0.0
2026-08-03 22:00:00+00:00,0.06881798936033842,0.05215735360925557,0.0,0.0
2026-08-03 23:00:00+00:00,0.08036909204547932,0.06168964891417387,0.0,0.0
2026-08-04 00:00:00+00:00,0.05606869929662184,0.04291462959291295,0.0,0.0
2026-08-04 01:00:00+00:00,0.06283475257220417,0.04396255540830363,0.0,0.0
2026-08-04 02:00:00+00:00,0.06169600073164674,0.037973682468390245,0.0,0.0
2026-08-04 03:00:00+00:00,0.04763199117306013,0.022079117436568967,0.0,0.0
2026-08-04 04:00:00+00:00,0.05707378820664596,0.030634920405029895,0.0,0.0
2026-08-04 05:00:00+00:00,0.04098500671268853,0.021640115669400762,0.0,0.0
2026-08-04 06:00:00+00:00,0.03800535061788417,0.016353475978130375,0.0,0.0
2026-08-04 07:00:00+00:00,0.034819785699531654,0.02826901126915694,0.0,0.0
2026-08-04 08:00:00+00:00,0.03286182626520284,0.02013556773862438,0.0,0.0
2026-08-04 09:00:00+00:00,0.051628182483147295,0.014404549352680924,0.0,0.0
2026-08-04 10:00:00+00:00,0.06698431427241001,0.02590858320662698,0.0,0.0
2026-08-04 11:00:00+00:00,0.0629163961173213,0.017855988951360927,0.0,0.0
2026-08-04 12:00:00+00:00,0.08388088665379183,0.022646279975264944,0.0,0.0
2026-08-04 13:00:00+00:00,0.058623224413146546,0.031204955482086405,0.0,0.0
2026-08-04 14:00:00+00:00,0.0399621282580648,0.02623394263639395,0.0,0.0
2026-08-04 15:00:00+00:00,0.049127643679378545,0.03143069691196637,0.0,0.0
2026-08-04 16:00:00+00:00,0.043222988513766415,0.030117520927485746,0.0,0.0
2026-08-04 17:00:00+00:00,0.04322446254379033,0.03628208716424339,0.0,0.0
2026-08-04 18:00:00+00:00,0.06020634666317674,0.051169477553766364,0.0,0.0
2026-08-04 19:00:00+00:00,0.06795990051416739,0.03419832938004261,0.0,0.0
2026-08-04 20:00:00+00:00,0.06531992851928171,0.04253657365390153,0.0,0.0
2026-08-04 21:00:00+00:00,0.036209408584658716,0.022268604982739925,0.0,0.0
2026-08-04 22:00:00+00:00,0.05082079490870931,0.019108943056952567,0.0,0.0
2026-08-04 23:00:00+00:00,0.07044577746403999,0.034386149010234214,0.0,0.0
2026-08-05 00:00:00+00:00,0.050009129550125875,0.05399373996285208,0.0,0.0
2026-08-05 01:00:00+00:00,0.03618099648410805,0.027527465414989655,0.0,0.0
2026-08-05 02:00:00+00:00,0.04764844017725963,0.02834341938030845,0.0,0.0
2026-08-05 03:00:00+00:00,0.04001405748004586,0.0269580815583484,0.0,0.0
2026-08-05 04:00:00+00:00,0.02338592058128541,0.012814992373034703,0.0,0.0
2026-08-05 05:00:00+00:00,0.041783149525403324,0.018362089753745207,0.0,0.0
2026-08-05 06:00:00+00:00,0.030157225547758137,0.0108441938039726,0.0,0.0
2026-08-05 07:00:00+00:00,0.03697633203829804,0.015649337154151375,0.0,0.0
2026-08-05 08:00:00+00:00,0.02156140344520767,0.009685919782243244,0.0,0.0
2026-08-05 09:00:00+00:00,0.022413816986102914,0.007705976498136355,0.0,0.0
2026-08-05 10:00:00+00:00,0.029866787584658477,0.013094952098152554,0.0,0.0
2026-08-05 11:00:00+00:00,0.023539397151108064,0.01126172832191781,0.0,0.0
2026-08-05 12:00:00+00:00,0.04123033856278457,0.021152991480990466,0.0,0.0
2026-08-05 13:00:00+00:00,0.03521003383912358,0.02502156961838207,0.0,0.0
2026-08-05 14:00:00+00:00,0.04154930331774228,0.01804388043459798,0.0,0.0
2026-08-05 15:00:00+00:00,0.04224629330000482,0.01926919593407873,0.0,0.0
2026-08-05 16:00:00+00:00,0.047259602301818894,0.018507301746006698,0.0,0.0
2026-08-05 17:00:00+00:00,0.05312332934420192,0.01991791669353646,0.0,0.0
2026-08-05 18:00:00+00:00,0.05093192520699897,0.019223467805041982,0.0,0.0
2026-08-05 19:00:00+00:00,0.046779814021307535,0.015235910103735713,0.0,0.0
2026-08-05 20:00:00+00:00,0.06176306374034642,0.020075786086811643,0.0,0.0
2026-08-05 21:00:00+00:00,0.058312054135288616,0.017774004679076198,0.0,0.0
2026-08-05 22:00:00+00:00,0.0416218923804518,0.012855350399644298,0.0,0.0
2026-08-05 23:00:00+00:00,0.04942866217395442,0.017723181271969497,0.0,0.0
2026-08-06 00:00:00+00:00,0.02694323632340188,0.010775186259909435,0.0,0.0
2026-08-06 01:00:00+00:00,0.015647214916049534,0.008059273609843568,0.0,0.0
2026-08-06 02:00:00+00:00,0.014793422123299704,0.008373236938212805,0.0,0.0
2026-08-06 03:00:00+00:00,0.005360733748386966,0.003713122192908246,0.0,0.0
2026-08-06 04:00:00+00:00,0.012950486848599535,0.004525293476464622,0.0,0.0
2026-08-06 05:00:00+00:00,0.017831463528686475,0.0042234248469715735,0.0,0.0
2026-08-06 06:00:00+00:00,0.00853626612970398,0.0026275383676701096,0.0,0.0
2026-08-06 07:00:00+00:00,0.0116211397720312,0.00505235114189892,0.0,0.0
2026-08-06 08:00:00+00:00,0.013306350625361554,0.0025027342965820783,0.0,0.0
2026-08-06 09:00:00+00:00,0.007078017363827962,0.007222487503137798,0.0,0.0
2026-08-06 10:00:00+00:00,0.0034392707576345063,0.0038021173658304374,0.0,0.0
2026-08-06 11:00:00+00:00,0.004946376667344324,0.009801204227665986,0.0,0.0
2026-08-06 12:00:00+00:00,0.00367824695882067,0.010396315209355517,0.0,0.0
2026-08-06 13:00:00+00:00,0.00666771680802055,0.027605621084244473,0.0,0.0
2026-08-06 14:00:00+00:00,0.015833639254946835,0.021987811812271107,0.0,0.0
2026-08-06 15:00:00+00:00,0.013499327981802348,0.02678844479135543,0.0,0.0
2026-08-06 16:00:00+00:00,0.010586540814386263,0.015775510887911844,0.0,0.0
2026-08-06 17:00:00+00:00,0.00865836621415718,0.014946624195772439,0.0,0.0
2026-08-06 18:00:00+00:00,0.007277945955746328,0.02907029681669754,0.0,0.0
2026-08-06 19:00:00+00:00,0.010522318531907071,0.03871913277009654,0.0,0.0
2026-08-06 20:00:00+00:00,0.004862911496286503,0.01847574942691344,0.0,0.0
2026-08-06 21:00:00+00:00,0.00603346979672451,0.02322797495266957,0.0,0.0
2026-08-06 22:00:00+00:00,0.005471349228373575,0.02856442474331994,0.0,0.0
2026-08-06 23:00:00+00:00,0.006488257331309164,0.036875004735221394,0.0,0.0
2026-08-07 00:00:00+00:00,0.0034874404068331714,0.012065500665021933,0.0,0.0
2026-08-07 01:00:00+00:00,0.005989769355742364,0.01231203872505674,0.0,0.0
2026-08-07 02:00:00+00:00,0.005361541760500029,0.01441377561994601,0.0,0.0
2026-08-07 03:00:00+00:00,0.0019073817161115846,0.009328348575203515,0.0,0.0
2026-08-07 04:00:00+00:00,0.0018081519543598171,0.008258456955114289,0.0,0.0
2026-08-07 05:00:00+00:00,0.002762021745983695,0.010102928334631238,0.0,0.0
2026-08-07 06:00:00+00:00,0.002226621014788079,0.015308478043503116,0.0,0.0
2026-08-07 07:00:00+00:00,0.0019809165928887634,0.011328022385381964,0.0,0.0
2026-08-07 08:00:00+00:00,0.006549746989477104,0.005834396350766625,0.0,0.0
2026-08-07 09:00:00+00:00,0.010878914161758528,0.00627357467760874,0.0,0.0
2026-08-07 10:00:00+00:00,0.009001108386405941,0.003460092083929609,0.0,0.0
2026-08-07 11:00:00+00:00,0.017555466154775125,0.004413769283049011,0.0,0.0
2026-08-07 12:00:00+00:00,0.01915758557080079,0.004810274656090783,0.0,0.0
2026-08-07 13:00:00+00:00,0.010941753499114124,0.012308541197864273,0.0,0.0
2026-08-07 14:00:00+00:00,0.009391750958034512,0.00781921846754328,0.0,0.0
2026-08-07 15:00:00+00:00,0.004946601577220957,0.0044853760477997036,0.0,0.0
2026-08-07 16:00:00+00:00,0.004466069962687968,0.00600392896489602,0.0,0.0
2026-08-07 17:00:00+00:00,0.003941541871711744,0.007401817462901496,0.0,0.0
2026-08-07 18:00:00+00:00,0.002405703832297803,0.002950043446826926,0.0,0.0
2026-08-07 19:00:00+00:00,0.0061557675654141065,0.0035400868699250704,0.0,0.0
2026-08-07 20:00:00+00:00,0.005830832150182329,0.0027957703180663224,0.0,0.0
2026-08-07 21:00:00+00:00,0.004802446791344671,0.0024295986252943574,0.0,0.0
2026-08-07 22:00:00+00:00,0.0072612232632535455,0.004903544122743061,0.0,0.0
2026-08-07 23:00:00+00:00,0.006210600437360798,0.0038987587895971585,0.0,0.0
2026-08-08 00:00:00+00:00,0.015933499152743332,0.004001631422609894,0.0,0.0
2026-08-08 01:00:00+00:00,0.009877424327350344,0.003179980814879436,0.0,0.0
2026-08-08 02:00:00+00:00,0.01073241442672762,0.0026580211520476718,0.0,0.0
2026-08-08 03:00:00+00:00,0.012901653850140568,0.0015589012230059352,0.0,0.0
2026-08-08 04:00:00+00:00,0.009352917947585247,0.0012594630311857445,0.0,0.0
2026-08-08 05:00:00+00:00,0.0070400803719576745,0.001061884492749125,0.0,0.0
2026-08-08 06:00:00+00:00,0.009507984004406037,0.0019099678572238807,0.0,0.0
2026-08-08 07:00:00+00:00,0.005648563179187653,0.0015933647531794434,0.0,0.0
2026-08-08 08:00:00+00:00,0.006913526754923052,0.0011269432423191416,0.0,0.0
2026-08-08 09:00:00+00:00,0.007886351997986495,0.0017595381849609883,0.0,0.0
2026-08-08 10:00:00+00:00,0.00575275505254023,0.0009455872369377558,0.0,0.0
2026-08-08 11:00:00+00:00,0.005356432294897036,0.0012442963243210249,0.0,0.0
2026-08-08 12:00:00+00:00,0.0079616549852669,0.0017250744001243688,0.0,0.0
2026-08-08 13:00:00+00:00,0.004624810517885627,0.0008884235453298137,0.0,0.0
2026-08-08 14:00:00+00:00,0.015611652191454705,0.001404403255565074,0.0,0.0
2026-08-08 15:00:00+00:00,0.0075299262275648595,0.000757378797603301,0.0,0.0
2026-08-08 16:00:00+00:00,0.006087278260462654,0.0006059332777201351,0.0,0.0
2026-08-08 17:00:00+00:00,0.009800964552462273,0.0008757298012655002,0.0,0.0
2026-08-08 18:00:00+00:00,0.006701211031188955,0.0015132808610007454,0.0,0.0
2026-08-08 19:00:00+00:00,0.007280691495922712,0.0013545654010529715,0.0,0.0
2026-08-08 20:00:00+00:00,0.013661924000728137,0.003517044437843604,0.0,0.0
2026-08-08 21:00:00+00:00,0.006410192411299218,0.002076390461827563,0.0,0.0
2026-08-08 22:00:00+00:00,0.00810610458405927,0.006734105676755421,0.0,0.0
2026-08-08 23:00:00+00:00,0.004227335484657153,0.003052355480219907,0.0,0.0
2026-08-09 00:00:00+00:00,0.014701288048306014,0.0087300375527229,0.0,0.0
2026-08-09 01:00:00+00:00,0.01329210831592493,0.02048621739096146,0.0,0.0
2026-08-09 02:00:00+00:00,0.006530097953322572,0.018397743533311656,0.0,0.0
2026-08-09 03:00:00+00:00,0.003288597128230608,0.00782224487286065,0.0,0.0
2026-08-09 04:00:00+00:00,0.0026676949613960604,0.004880837844780199,0.0,0.0
2026-08-09 05:00:00+00:00,0.0025442380187804784,0.008970969719412816,0.0,0.0
2026-08-09 06:00:00+00:00,0.004742159983817345,0.006445096468065369,0.0,0.0
2026-08-09 07:00:00+00:00,0.005661043327724433,0.006998992128095138,0.0,0.0
2026-08-09 08:00:00+00:00,0.006109374793536899,0.006749531329809406,0.0,0.0
2026-08-09 09:00:00+00:00,0.0037299498465320374,0.002763939667215808,0.0,0.0
2026-08-09 10:00:00+00:00,0.0119144406096215,0.004019393462856415,0.0,0.0
2026-08-09 11:00:00+00:00,0.008235320970556771,0.001390411981267834,0.0,0.0
2026-08-09 12:00:00+00:00,0.00829018878364001,0.003079155776004453,0.0,0.0
2026-08-09 13:00:00+00:00,0.03468950569271798,0.004610014151584571,0.0,0.0
2026-08-09 14:00:00+00:00,0.04049346728146615,0.003353378751330674,0.0,0.0
2026-08-09 15:00:00+00:00,0.049661875829085184,0.005399834069532245,0.0,0.0
2026-08-09 16:00:00+00:00,0.04072026300490998,0.005672945519619689,0.0,0.0
2026-08-09 17:00:00+00:00,0.01815121117908669,0.002081167536612832,0.0,0.0
2026-08-09 18:00:00+00:00,0.018215364016879163,0.0011685557246673113,0.0,0.0
2026-08-09 19:00:00+00:00,0.050472789304496356,0.006621462149291334,0.0,0.0
2026-08-09 20:00:00+00:00,0.05566774688369037,0.01974654702927926,0.0,0.0
2026-08-09 21:00:00+00:00,0.0664530402757105,0.014328715836215386,0.0,0.0
2026-08-09 22:00:00+00:00,0.04546602976460066,0.0334278468922653,0.0,0.0
2026-08-09 23:00:00+00:00,0.013466943867063652,0.048257775023489075,0.0,0.0
2026-08-10 00:00:00+00:00,0.022720938098586954,0.03726941054885848,0.0,0.0
2026-08-10 01:00:00+00:00,0.02881131175957102,0.025367911429469883,0.0,0.0
2026-08-10 02:00:00+00:00,0.022725672907003603,0.027839484597886432,0.0,0.0
2026-08-10 03:00:00+00:00,0.014643147919962645,0.01933578493839726,0.0,0.0
2026-08-10 04:00:00+00:00,0.015714482465244876,0.019247935828566674,0.0,0.0
2026-08-10 05:00:00+00:00,0.019304326757146554,0.01704261727366649,0.0,0.0
2026-08-10 06:00:00+00:00,0.029973926033068077,0.014097568293591364,0.0,0.0
2026-08-10 07:00:00+00:00,0.025282201934291388,0.014578789732875963,0.0,0.0
2026-08-10 08:00:00+00:00,0.02313395536707889,0.009026490509540297,0.0,0.0
2026-08-10 09:00:00+00:00,0.014100769611116885,0.0157635943405892,0.0,0.0
2026-08-10 10:00:00+00:00,0.014203443256096404,0.023319785131298138,0.0,0.0
2026-08-10 11:00:00+00:00,0.011152166339254121,0.016526866888355595,0.0,0.0
2026-08-10 12:00:00+00:00,0.019287781187414713,0.03140944942356239,0.0,0.0
2026-08-10 13:00:00+00:00,0.01494159116095223,0.03741235225352876,0.0,0.0
2026-08-10 14:00:00+00:00,0.0188050098800312,0.03976938893426409,0.0,0.0
2026-08-10 15:00:00+00:00,0.017536554732114004,0.0534691107846613,0.0,0.0
2026-08-10 16:00:00+00:00,0.025552523043457034,0.052845045343158537,0.0,0.0
2026-08-10 17:00:00+00:00,0.014111416962764257,0.06565259169461005,0.0,0.0
2026-08-10 18:00:00+00:00,0.01863435222783423,0.06754144664634716,0.0,0.0
2026-08-10 19:00:00+00:00,0.018988089176545143,0.05420233873883359,0.0,0.0
2026-08-10 20:00:00+00:00,0.01853797507951628,0.051400700753554907,0.0,0.0
2026-08-10 21:00:00+00:00,0.01613210290154467,0.03353486035720358,0.0,0.0
2026-08-10 22:00:00+00:00,0.016601423991613812,0.028836106670264608,0.0,0.0
2026-08-10 23:00:00+00:00,0.01836526267723534,0.04182093157377446,0.0,0.0
2026-08-11 00:00:00+00:00,0.018755394379828712,0.02974585574015041,0.0,0.0
2026-08-11 01:00:00+00:00,0.017913528539857063,0.02286560689105155,0.0,0.0
2026-08-11 02:00:00+00:00,0.017388847382177244,0.017189685706179236,0.0,0.0
2026-08-11 03:00:00+00:00,0.026527208455870994,0.01831519859291384,0.0,0.0
2026-08-11 04:00:00+00:00,0.024004465168444917,0.016970562045856313,0.0,0.0
2026-08-11 05:00:00+00:00,0.01381663092395416,0.012970640199007217,0.0,0.0
2026-08-11 06:00:00+00:00,0.019559078874484156,0.01858930363972234,0.0,0.0
2026-08-11 07:00:00+00:00,0.018545656428236277,0.01676150457971148,0.0,0.0
2026-08-11 08:00:00+00:00,0.01572386081319962,0.012352947261194009,0.0,0.0
2026-08-11 09:00:00+00:00,0.026088967695106973,0.020508002905262956,0.0,0.0
2026-08-11 10:00:00+00:00,0.027419636539349895,0.01793827336576548,0.0,0.0
2026-08-11 11:00:00+00:00,0.029189494036619273,0.02651954672331744,0.0,0.0
2026-08-11 12:00:00+00:00,0.031388393727957,0.032424368815233244,0.0,0.0
2026-08-11 13:00:00+00:00,0.022545191024613723,0.04226505517549701,0.0,0.0
2026-08-11 14:00:00+00:00,0.01382898952752967,0.048115593393687005,0.0,0.0
2026-08-11 15:00:00+00:00,0.014129039015462504,0.05286668764333596,0.0,0.0
2026-08-11 16:00:00+00:00,0.008898361738991514,0.035620894574010416,0.0,0.0
2026-08-11 17:00:00+00:00,0.008535109109009937,0.03687727508799187,0.0,0.0
2026-08-11 18:00:00+00:00,0.012295191746497833,0.044276337646751596,0.0,0.0
2026-08-11 19:00:00+00:00,0.011412793155760432,0.042704716868341076,0.0,0.0
2026-08-11 20:00:00+00:00,0.01531841967920472,0.032126331361385804,0.0,0.0
2026-08-11 21:00:00+00:00,0.016099847065540674,0.03152343929755174,0.0,0.0
2026-08-11 22:00:00+00:00,0.012745448060167981,0.026495198050045733,0.0,0.0
2026-08-11 23:00:00+00:00,0.01406115238693676,0.03014608971905533,0.0,0.0
2026-08-12 00:00:00+00:00,0.010233995163430527,0.029164137359470405,0.0,0.0
2026-08-12 01:00:00+00:00,0.018309773236403166,0.03450042253217727,0.0,0.0
2026-08-12 02:00:00+00:00,0.016171142108320213,0.04449553372427892,0.0,0.0
2026-08-12 03:00:00+00:00,0.01554767576508626,0.024922242123047014,0.0,0.0
2026-08-12 04:00:00+00:00,0.018141797646543042,0.033987226648451836,0.0,0.0
2026-08-12 05:00:00+00:00,0.014842145272537077,0.023262248037604714,0.0,0.0
2026-08-12 06:00:00+00:00,0.013948339259254665,0.02705472958864494,0.0,0.0
2026-08-12 07:00:00+00:00,0.012493164291313185,0.022089384361276044,0.0,0.0
2026-08-12 08:00:00+00:00,0.013022690700513059,0.020680569344527455,0.0,0.0
2026-08-12 09:00:00+00:00,0.0181905337728157,0.02858045011321074,0.0,0.0
2026-08-12 10:00:00+00:00,0.02352812179859585,0.030261735911589097,0.0,0.0
2026-08-12 11:00:00+00:00,0.01998858582071579,0.03603782156215863,0.0,0.0
2026-08-12 12:00:00+00:00,0.023409570830156334,0.043262204991427744,0.0,0.0
2026-08-12 13:00:00+00:00,0.018914962221651125,0.05715561381271376,0.0,0.0
2026-08-12 14:00:00+00:00,0.011167037190461462,0.06199238127438058,0.0,0.0
2026-08-12 15:00:00+00:00,0.017511630749303623,0.04079255853415501,0.0,0.0
2026-08-12 16:00:00+00:00,0.011797758008801673,0.043156123364516415,0.0,0.0
2026-08-12 17:00:00+00:00,0.011297207053364853,0.042667380152461964,0.0,0.0
2026-08-12 18:00:00+00:00,0.009713924146450123,0.046189355699774635,0.0,0.0
2026-08-12 19:00:00+00:00,0.010052412755414976,0.03300181909165238,0.0,0.0
2026-08-12 20:00:00+00:00,0.011133109593256911,0.022004448091537194,0.0,0.0
2026-08-12 21:00:00+00:00,0.012729406109318117,0.03890714765952861,0.0,0.0
2026-08-12 22:00:00+00:00,0.0095667539173313,0.03256457887548411,0.0,0.0
2026-08-12 23:00:00+00:00,0.020152517085895504,0.03995503256626789,0.0,0.0
2026-08-13 00:00:00+00:00,0.012581303464269833,0.059704199519158584,0.0,0.0
2026-08-13 01:00:00+00:00,0.009107145307917737,0.05310332790258393,0.0,0.0
2026-08-13 02:00:00+00:00,0.011403210297182434,0.04957719433609287,0.0,0.0
2026-08-13 03:00:00+00:00,0.013592883039836898,0.04143661836234454,0.0,0.0
2026-08-13 04:00:00+00:00,0.011264878967924915,0.029792807361341735,0.0,0.0
2026-08-13 05:00:00+00:00,0.028611694716480562,0.03821009240089059,0.0,0.0
2026-08-13 06:00:00+00:00,0.017384674982594266,0.019929302261224538,0.0,0.0
2026-08-13 07:00:00+00:00,0.016486198662060376,0.034824329121736046,0.0,0.0
2026-08-13 08:00:00+00:00,0.014320027716837198,0.04322240361502783,0.0,0.0
2026-08-13 09:00:00+00:00,0.008923497938813389,0.036397183318818714,0.0,0.0
2026-08-13 10:00:00+00:00,0.00930550538357268,0.060621912361568026,0.0,0.0
2026-08-13 11:00:00+00:00,0.0065008476584648275,0.09418359390286142,0.0,0.0
2026-08-13 12:00:00+00:00,0.008198486682958169,0.07124410197558873,0.0,0.0
2026-08-13 13:00:00+00:00,0.012486303104213945,0.07145359390412791,0.0,0.0
2026-08-13 14:00:00+00:00,0.008812273098933336,0.025627344040467622,0.0,0.0
2026-08-13 15:00:00+00:00,0.007125324516984284,0.05872534384597605,0.0,0.0
2026-08-13 16:00:00+00:00,0.014909152668184093,0.1268515083119077,0.0,0.0
2026-08-13 17:00:00+00:00,0.007518316092765095,0.086949189938544,0.0,0.0
2026-08-13 18:00:00+00:00,0.006929820551216541,0.047094977756011486,0.0,0.0
2026-08-13 19:00:00+00:00,0.0086166082670686,0.049058816640761095,0.0,0.0
2026-08-13 20:00:00+00:00,0.007396512292391678,0.04564671173713108,0.0,0.0
2026-08-13 21:00:00+00:00,0.007595880223494056,0.021379015717717744,0.0,0.0
2026-08-13 22:00:00+00:00,0.011755678039059608,0.03191217611959613,0.0,0.0
2026-08-13 23:00:00+00:00,0.013115070027254372,0.04800196507299059,0.0,0.0
2026-08-14 00:00:00+00:00,0.007234808406724115,0.01626773437616154,0.0,0.0
2026-08-14 01:00:00+00:00,0.007260914203652481,0.011697164972501528,0.0,0.0
2026-08-14 02:00:00+00:00,0.007698545753772236,0.032053697438423304,0.0,0.0
2026-08-14 03:00:00+00:00,0.004655449524734523,0.0242772601495049,0.0,0.0
2026-08-14 04:00:00+00:00,0.0068415655103163065,0.04109836431730593,0.0,0.0
2026-08-14 05:00:00+00:00,0.0027909068594225163,0.01254194240739303,0.0,0.0
2026-08-14 06:00:00+00:00,0.0036840313770880543,0.07452067497982813,0.0,0.0
2026-08-14 07:00:00+00:00,0.00224921857012966,0.07881506261023442,0.0,0.0
2026-08-14 08:00:00+00:00,0.0028110417310340924,0.06945110865445236,0.0,0.0
2026-08-14 09:00:00+00:00,0.0019128516784694752,0.06673304467183447,0.0,0.0
2026-08-14 10:00:00+00:00,0.0021167985753329454,0.061296678485083404,0.0,0.0
2026-08-14 11:00:00+00:00,0.0014643130723884217,0.054355176501981406,0.0,0.0
2026-08-14 12:00:00+00:00,0.0013292992583663632,0.0654271978623548,0.0,0.0
2026-08-14 13:00:00+00:00,0.0016887266669106391,0.1059799600065321,0.0,0.0
2026-08-14 14:00:00+00:00,0.0014887196100491372,0.09806220487308391,0.0,0.0
2026-08-14 15:00:00+00:00,0.006173379733073501,0.03047365613295404,0.0,0.0
2026-08-14 16:00:00+00:00,0.005305779681728177,0.015212398502749622,0.0,0.0
2026-08-14 17:00:00+00:00,0.005097040986527161,0.01576283992656023,0.0,0.0
2026-08-14 18:00:00+00:00,0.004870607287064537,0.012057670806412166,0.0,0.0
2026-08-14 19:00:00+00:00,0.0053983363326237654,0.016049834077008378,0.0,0.0
2026-08-14 20:00:00+00:00,0.0033799157293814158,0.021176358171752483,0.0,0.0
2026-08-14 21:00:00+00:00,0.002271079386992635,0.007476983065148661,0.0,0.0
2026-08-14 22:00:00+00:00,0.002778487692677408,0.013777788068469049,0.0,0.0
2026-08-14 23:00:00+00:00,0.005305016921635428,0.016402104501280424,0.0,0.0
2026-08-15 00:00:00+00:00,0.008104129256958014,0.008738489599238,0.0,0.0
2026-08-15 01:00:00+00:00,0.010106810108791095,0.018956599129570838,0.0,0.0
2026-08-15 02:00:00+00:00,0.008787061605372667,0.007745885895277004,0.0,0.0
2026-08-15 03:00:00+00:00,0.006632832207859841,0.008178849679108199,0.0,0.0
2026-08-15 04:00:00+00:00,0.00763845896636087,0.00572466748393875,0.0,0.0
2026-08-15 05:00:00+00:00,0.007930390726243188,0.00925256336908484,0.0,0.0
2026-08-15 06:00:00+00:00,0.004219994400137167,0.007310994325908181,0.0,0.0
2026-08-15 07:00:00+00:00,0.0050157208180216855,0.011322336860391469,0.0,0.0
2026-08-15 08:00:00+00:00,0.0018615111316303337,0.005737264801441186,0.0,0.0
2026-08-15 09:00:00+00:00,0.00199840174310013,0.00417136932645229,0.0,0.0
2026-08-15 10:00:00+00:00,0.00146365229932029,0.002254302223389629,0.0,0.0
2026-08-15 11:00:00+00:00,0.0028401319289739426,0.005987228368172479,0.0,0.0
2026-08-15 12:00:00+00:00,0.002150824230909764,0.0033642341348523105,0.0,0.0
2026-08-15 13:00:00+00:00,0.003092850750560238,0.00404425854615757,0.0,0.0
2026-08-15 14:00:00+00:00,0.004015911224844339,0.00934241929655738,0.0,0.0
2026-08-15 15:00:00+00:00,0.003570379824474673,0.0038644554614541437,0.0,0.0
2026-08-15 16:00:00+00:00,0.004138463578716026,0.0037699569872757972,0.0,0.0
2026-08-15 17:00:00+00:00,0.002596486662300075,0.0015855238132658912,0.0,0.0
2026-08-15 18:00:00+00:00,0.004740084402322283,0.005879283487738463,0.0,0.0
2026-08-15 19:00:00+00:00,0.006384831772726112,0.008558558920235526,0.0,0.0
2026-08-15 20:00:00+00:00,0.00311301913547448,0.0010640225896913185,0.0,0.0
2026-08-15 21:00:00+00:00,0.00740489117782605,0.0025992604626759192,0.0,0.0
2026-08-15 22:00:00+00:00,0.00527197592153749,0.0015220933843057597,0.0,0.0
2026-08-15 23:00:00+00:00,0.004079670535659314,0.0018848383653362769,0.0,0.0
2026-08-16 00:00:00+00:00,0.00970617350571575,0.01118053704749517,0.0,0.0
2026-08-16 01:00:00+00:00,0.012227627328007017,0.01972552779138833,0.0,0.0
2026-08-16 02:00:00+00:00,0.018210387248884453,0.012645206288815202,0.0,0.0
2026-08-16 03:00:00+00:00,0.009498854393532865,0.006374115158470837,0.0,0.0
2026-08-16 04:00:00+00:00,0.008695287664481502,0.006279087481910133,0.0,0.0
2026-08-16 05:00:00+00:00,0.010284487668653579,0.013697167946461636,0.0,0.0
2026-08-16 06:00:00+00:00,0.008281418780421755,0.015177595965250453,0.0,0.0
2026-08-16 07:00:00+00:00,0.005951266165794583,0.008674983844373962,0.0,0.0
2026-08-16 08:00:00+00:00,0.004277411455134362,0.004578959298559841,0.0,0.0
2026-08-16 09:00:00+00:00,0.0035995226952240406,0.015079629496529022,0.0,0.0
2026-08-16 10:00:00+00:00,0.002251005337884358,0.01092019017706253,0.0,0.0
2026-08-16 11:00:00+00:00,0.0023947537665725055,0.018360170186701247,0.0,0.0
2026-08-16 12:00:00+00:00,0.002419007299905086,0.00833432423168589,0.0,0.0
2026-08-16 13:00:00+00:00,0.0049661456491358865,0.01070715686760386,0.0,0.0
2026-08-16 14:00:00+00:00,0.0082201013198259,0.008079855817699844,0.0,0.0
2026-08-16 15:00:00+00:00,0.013737788147172657,0.006160622021669681,0.0,0.0
2026-08-16 16:00:00+00:00,0.04243565935876132,0.004609463374440864,0.0,0.0
2026-08-16 17:00:00+00:00,0.0232022304547784,0.008924141469554876,0.0,0.0
2026-08-16 18:00:00+00:00,0.01189617237662064,0.004169549719396322,0.0,0.0
2026-08-16 19:00:00+00:00,0.017014544182448375,0.011537682495795468,0.0,0.0
2026-08-16 20:00:00+00:00,0.009678720026991624,0.012343672306028055,0.0,0.0
2026-08-16 21:00:00+00:00,0.01003716871629391,0.06343785598682518,0.0,0.0
2026-08-16 22:00:00+00:00,0.009171643598656359,0.08367317070224377,0.0,0.0
2026-08-16 23:00:00+00:00,0.0071468193525341325,0.05327201640276508,1.0,0.0
2026-08-17 00:00:00+00:00,0.009444497047100266,0.062069921333089285,0.0,0.0
2026-08-17 01:00:00+00:00,0.02244205166374183,0.0364835321027863,0.0,0.0
2026-08-17 02:00:00+00:00,0.03692035767595623,0.018777765734792805,0.0,0.0
2026-08-17 03:00:00+00:00,0.030656054549609568,0.01903298904085964,0.0,0.0
2026-08-17 04:00:00+00:00,0.028299254315065563,0.014177024954682432,0.0,0.0
2026-08-17 05:00:00+00:00,0.025407165919066766,0.014608294436061686,0.0,0.0
2026-08-17 06:00:00+00:00,0.031232974350291303,0.009205883660523134,0.0,0.0
2026-08-17 07:00:00+00:00,0.02561031669158026,0.01861517480076819,0.0,0.0
2026-08-17 08:00:00+00:00,0.020536656628191537,0.02562973664670873,0.0,0.0
2026-08-17 09:00:00+00:00,0.014757582477869324,0.021816488527394748,0.0,0.0
2026-08-17 10:00:00+00:00,0.020011982497525185,0.02910014454133283,0.0,0.0
2026-08-17 11:00:00+00:00,0.029374928894218947,0.028786399851446754,0.0,0.0
2026-08-17 12:00:00+00:00,0.0325920310772572,0.03225203631882371,0.0,0.0
2026-08-17 13:00:00+00:00,0.028905574782963395,0.04302192853054202,0.0,0.0
2026-08-17 14:00:00+00:00,0.03916486256719293,0.060852673750433885,0.0,0.0
2026-08-17 15:00:00+00:00,0.040784690335862024,0.06662993985029575,0.0,0.0
2026-08-17 16:00:00+00:00,0.07450974600348367,0.09470660968890134,0.0,0.0
2026-08-17 17:00:00+00:00,0.05409948014511493,0.1051623464774985,0.0,0.0
2026-08-17 18:00:00+00:00,0.07631333810491388,0.09797026674085953,0.0,0.0
2026-08-17 19:00:00+00:00,0.08709383397337227,0.07661006635183128,0.0,0.0
2026-08-17 20:00:00+00:00,0.055495182619083705,0.041122093885348016,0.0,0.0
2026-08-17 21:00:00+00:00,0.054907175839140794,0.037388625007193914,0.0,0.0
2026-08-17 22:00:00+00:00,0.06444247391063702,0.034076921145127476,0.0,0.0
2026-08-17 23:00:00+00:00,0.06508319148452692,0.037527495171356805,0.0,0.0
2026-08-18 00:00:00+00:00,0.05070098573678527,0.03700334043997788,0.0,0.0
2026-08-18 01:00:00+00:00,0.04809649727867573,0.03304755160541433,0.0,0.0
2026-08-18 02:00:00+00:00,0.03946904038832443,0.027387749024980177,0.0,0.0
2026-08-18 03:00:00+00:00,0.03625521711113507,0.02468268678845165,0.0,0.0
2026-08-18 04:00:00+00:00,0.03586239018723269,0.018500223509234706,0.0,0.0
2026-08-18 05:00:00+00:00,0.03362992445376857,0.018816466009031797,0.0,0.0
2026-08-18 06:00:00+00:00,0.04340719152850231,0.01349851967891644,0.0,0.0
2026-08-18 07:00:00+00:00,0.03227849567092674,0.011318561068861267,0.0,0.0
2026-08-18 08:00:00+00:00,0.034130909231395286,0.011330348239236067,0.0,0.0
2026-08-18 09:00:00+00:00,0.02644676744030514,0.01097897109444805,0.0,0.0
2026-08-18 10:00:00+00:00,0.02308804636262737,0.011539312396137378,0.0,0.0
2026-08-18 11:00:00+00:00,0.03365081898419986,0.012906109473802241,0.0,0.0
2026-08-18 12:00:00+00:00,0.0333346075113753,0.01713267584651694,0.0,0.0
2026-08-18 13:00:00+00:00,0.031609748932455,0.0277964450384716,0.0,0.0
2026-08-18 14:00:00+00:00,0.05948770530034602,0.029758987426840203,0.0,0.0
2026-08-18 15:00:00+00:00,0.0749890969533132,0.046607240941890504,1.0,0.0
2026-08-18 16:00:00+00:00,0.07533517712557487,0.04764986120221659,1.0,0.0
2026-08-18 17:00:00+00:00,0.07850917661662422,0.04371432658712732,1.0,0.0
2026-08-18 18:00:00+00:00,0.07690515308485654,0.046627016657729746,1.0,0.0
2026-08-18 19:00:00+00:00,0.06700733008516907,0.029721182983468476,1.0,0.0
2026-08-18 20:00:00+00:00,0.06987643883219467,0.03547986659129974,1.0,0.0
2026-08-18 21:00:00+00:00,0.060783527873346156,0.03602216036175912,1.0,0.0
2026-08-18 22:00:00+00:00,0.05954856836218081,0.03643383606457074,1.0,0.0
2026-08-18 23:00:00+00:00,0.07330873088447008,0.026281268363286207,1.0,0.0
2026-08-19 00:00:00+00:00,0.04175093159007768,0.06515258044006196,1.0,0.0
2026-08-19 01:00:00+00:00,0.0343031749535867,0.050538256033364225,1.0,0.0
2026-08-19 02:00:00+00:00,0.037116588382160365,0.04081925946387414,1.0,0.0
2026-08-19 03:00:00+00:00,0.026443860991724338,0.03423347132767892,1.0,0.0
2026-08-19 04:00:00+00:00,0.029708022968413978,0.028496661325718497,1.0,0.0
2026-08-19 05:00:00+00:00,0.020351047575065503,0.02687978299636568,1.0,0.0
2026-08-19 06:00:00+00:00,0.029001076148141364,0.024052141111194095,1.0,0.0
2026-08-19 07:00:00+00:00,0.03150514842650378,0.024771112601416397,1.0,0.0
2026-08-19 08:00:00+00:00,0.03452131893026341,0.022820276971336994,1.0,0.0
2026-08-19 09:00:00+00:00,0.02905246282975077,0.019342555492318506,1.0,0.0
2026-08-19 10:00:00+00:00,0.03496340902163145,0.025960312044587517,1.0,0.0
2026-08-19 11:00:00+00:00,0.04747218069865123,0.023696394484854957,1.0,0.0
2026-08-19 12:00:00+00:00,0.06510344200293194,0.031198604034400473,1.0,0.0
2026-08-19 13:00:00+00:00,0.06997075467428482,0.03479919844103688,1.0,0.0
2026-08-19 14:00:00+00:00,0.06754156362306493,0.04218573190795882,1.0,0.0
2026-08-19 15:00:00+00:00,0.029420934037650264,0.03573750096280435,1.0,0.0
2026-08-19 16:00:00+00:00,0.04798866720366529,0.06959202418230047,1.0,0.0
2026-08-19 17:00:00+00:00,0.06077443245756354,0.15534521102721535,1.0,0.0
2026-08-19 18:00:00+00:00,0.04475695064503599,0.17850833453988643,1.0,0.0
2026-08-19 19:00:00+00:00,0.04061069984612429,0.14866589425851032,1.0,0.0
2026-08-19 20:00:00+00:00,0.026931412317703244,0.18856061870756913,1.0,0.0
2026-08-19 21:00:00+00:00,0.014269824915945245,0.15763084158883425,1.0,0.0
2026-08-19 22:00:00+00:00,0.032534647409859514,0.22428219879182376,1.0,0.0
2026-08-19 23:00:00+00:00,0.031558301319549446,0.2492288127743799,1.0,0.0
2026-08-20 00:00:00+00:00,0.01448935850978277,0.21401670051541624,1.0,0.0
2026-08-20 01:00:00+00:00,0.03087929362583122,0.21435778254416513,1.0,0.0
2026-08-20 02:00:00+00:00,0.035521683701007056,0.22998051114011334,1.0,0.0
2026-08-20 03:00:00+00:00,0.026824952211070476,0.18789033524242446,1.0,0.0
2026-08-20 04:00:00+00:00,0.04528275044246541,0.171489206774696,1.0,0.0
2026-08-20 05:00:00+00:00,0.023212300770333788,0.12898069014160235,1.0,0.0
2026-08-20 06:00:00+00:00,0.02289829833332077,0.13300464210541363,1.0,0.0
2026-08-20 07:00:00+00:00,0.03242633458704564,0.11110111351490404,1.0,0.0
2026-08-20 08:00:00+00:00,0.016957689882457893,0.1767929909224721,1.0,0.0
2026-08-20 09:00:00+00:00,0.013342306387202588,0.1257295105306773,1.0,0.0
2026-08-20 10:00:00+00:00,0.013298217924572808,0.2154078172116826,1.0,0.0
2026-08-20 11:00:00+00:00,0.04993959994315534,0.19266292960168563,1.0,0.0
2026-08-20 12:00:00+00:00,0.067273983934425,0.22825907400750964,1.0,0.0
2026-08-20 13:00:00+00:00,0.039624431687137765,0.18954219480812654,1.0,0.0
2026-08-20 14:00:00+00:00,0.032942137471377954,0.20652455373705383,1.0,0.0
2026-08-20 15:00:00+00:00,0.012222840499805841,0.030608135275394317,1.0,0.0
2026-08-20 16:00:00+00:00,0.02420152412706213,0.04931694148432871,1.0,0.0
2026-08-20 17:00:00+00:00,0.02243100210847182,0.0333472113744232,1.0,0.0
2026-08-20 18:00:00+00:00,0.04965414580495801,0.06613264467592979,1.0,0.0
2026-08-20 19:00:00+00:00,0.0749900199834893,0.07301361156316401,1.0,0.0
2026-08-20 20:00:00+00:00,0.05893316005837989,0.056101913945149295,1.0,0.0
2026-08-20 21:00:00+00:00,0.05095467865217559,0.04554345263004966,1.0,0.0
2026-08-20 22:00:00+00:00,0.04729893109474009,0.031658149802440784,1.0,0.0
2026-08-20 23:00:00+00:00,0.05226736944839258,0.030433633200494248,1.0,0.0
2026-08-21 00:00:00+00:00,0.03449084834446473,0.017462249590916308,1.0,0.0
2026-08-21 01:00:00+00:00,0.03394169244485325,0.014480855045058472,1.0,0.0
2026-08-21 02:00:00+00:00,0.020799454077049338,0.04427354758620069,1.0,0.0
2026-08-21 03:00:00+00:00,0.018046487832573913,0.04850616799778862,1.0,0.0
2026-08-21 04:00:00+00:00,0.023643413451900953,0.04933946254480374,1.0,0.0
2026-08-21 05:00:00+00:00,0.01872505251656499,0.06510251783007594,0.0,0.0
2026-08-21 06:00:00+00:00,0.013347381518602297,0.028144328205199725,0.0,0.0
2026-08-21 07:00:00+00:00,0.0035621379987511863,0.027646501074463994,0.0,0.0
2026-08-21 08:00:00+00:00,0.001986371559680475,0.005849526846226183,0.0,0.0
2026-08-21 09:00:00+00:00,0.004485278248439106,0.05087828101623079,0.0,0.0
2026-08-21 10:00:00+00:00,0.00116577269369447,0.055645029707197424,0.0,0.0
2026-08-21 11:00:00+00:00,0.005411187921433535,0.14559730330960793,0.0,0.0
2026-08-21 12:00:00+00:00,0.0037120622026590544,0.07881794780155749,0.0,0.0
2026-08-21 13:00:00+00:00,0.0014129573602284847,0.074028207002878,0.0,0.0
2026-08-21 14:00:00+00:00,0.0007919733987826515,0.1114610151830121,0.0,0.0
2026-08-21 15:00:00+00:00,0.0010658828161548906,0.038429947878024784,0.0,0.0
2026-08-21 16:00:00+00:00,0.004065672538290673,0.05409673011720251,0.0,0.0
2026-08-21 17:00:00+00:00,0.0010993506969631565,0.019569262497152656,0.0,0.0
2026-08-21 18:00:00+00:00,0.006939891535679826,0.07792125012539577,0.0,0.0
2026-08-21 19:00:00+00:00,0.0038144434179564327,0.05865233250014278,0.0,0.0
2026-08-21 20:00:00+00:00,0.008120015092963673,0.06721252533493956,0.0,0.0
2026-08-21 21:00:00+00:00,0.012626405135451916,0.025847329196844498,0.0,0.0
2026-08-21 22:00:00+00:00,0.012246614041979883,0.04461191645505314,0.0,0.0
2026-08-21 23:00:00+00:00,0.012216425816097736,0.038320781027308605,0.0,0.0
2026-08-22 00:00:00+00:00,0.02859717072293738,0.03523859250226895,0.0,0.0
2026-08-22 01:00:00+00:00,0.013489860946844748,0.017108708007385176,0.0,0.0
2026-08-22 02:00:00+00:00,0.015930020404393466,0.02972683448719023,0.0,0.0
2026-08-22 03:00:00+00:00,0.012381452644709101,0.04721571349714062,0.0,0.0
2026-08-22 04:00:00+00:00,0.0463996634412799,0.017398742680899332,0.0,0.0
2026-08-22 05:00:00+00:00,0.0665473690239169,0.04669601234104239,0.0,0.0
2026-08-22 06:00:00+00:00,0.052233808532743765,0.029356455922177522,0.0,0.0
2026-08-22 07:00:00+00:00,0.03563166673652292,0.03328510290010197,0.0,0.0
2026-08-22 08:00:00+00:00,0.0189943613129007,0.002810686377515035,0.0,0.0
2026-08-22 09:00:00+00:00,0.01605174025443854,0.0010997292102900135,0.0,0.0
2026-08-22 10:00:00+00:00,0.014929267551796533,0.002605933780843851,0.0,0.0
2026-08-22 11:00:00+00:00,0.011184029370327064,0.0006057962706684604,0.0,0.0
2026-08-22 12:00:00+00:00,0.0064187336204087125,0.0006425692039193205,0.0,0.0
2026-08-22 13:00:00+00:00,0.0063655497635762915,0.0007772023733878865,0.0,0.0
2026-08-22 14:00:00+00:00,0.009069281901201225,0.0005857223635405678,0.0,0.0
2026-08-22 15:00:00+00:00,0.0062474395569960955,0.0007369077874487162,0.0,0.0
2026-08-22 16:00:00+00:00,0.00971231909841983,0.0008124341004064726,0.0,0.0
2026-08-22 17:00:00+00:00,0.008447006397707263,0.0012753929060008438,0.0,0.0
2026-08-22 18:00:00+00:00,0.006050691297973378,0.0011409785546960852,0.0,0.0
2026-08-22 19:00:00+00:00,0.008888695406566713,0.0015577285174493926,0.0,0.0
2026-08-22 20:00:00+00:00,0.011510173696563012,0.0028308244648857727,0.0,0.0
2026-08-22 21:00:00+00:00,0.012875626078569622,0.001825156626604479,0.0,0.0
2026-08-22 22:00:00+00:00,0.014580544919153353,0.003567051758700771,0.0,0.0
2026-08-22 23:00:00+00:00,0.014719376203624825,0.0033953684975913064,0.0,0.0
2026-08-23 00:00:00+00:00,0.03187476247070603,0.002653617066779606,0.0,0.0
2026-08-23 01:00:00+00:00,0.03098208274845973,0.002487774079036537,0.0,0.0
2026-08-23 02:00:00+00:00,0.023833991075718874,0.0025579336336300973,0.0,0.0
2026-08-23 03:00:00+00:00,0.028618915751412524,0.0031021452193625188,0.0,0.0
2026-08-23 04:00:00+00:00,0.026535752186146882,0.005472504267399747,0.0,0.0
2026-08-23 05:00:00+00:00,0.013229373143555307,0.0025233932452741197,0.0,0.0
2026-08-23 06:00:00+00:00,0.014921103616578868,0.0018567396830004043,0.0,0.0
2026-08-23 07:00:00+00:00,0.0083761822828673,0.001318473654545831,0.0,0.0
2026-08-23 08:00:00+00:00,0.016944126165740904,0.0010975240689722172,0.0,0.0
2026-08-23 09:00:00+00:00,0.019685040815735605,0.0008456726579921793,0.0,0.0
2026-08-23 10:00:00+00:00,0.01833163803341682,0.0011723972296702125,0.0,0.0
2026-08-23 11:00:00+00:00,0.025799337146513293,0.000870214402682337,0.0,0.0
2026-08-23 12:00:00+00:00,0.02567147719428466,0.0018839612317996723,0.0,0.0
2026-08-23 13:00:00+00:00,0.03567164195887284,0.0020885220448884708,0.0,0.0
2026-08-23 14:00:00+00:00,0.03651733363033869,0.0031441697193906656,0.0,0.0
2026-08-23 15:00:00+00:00,0.040640854434749345,0.0036643797961773035,0.0,0.0
2026-08-23 16:00:00+00:00,0.02476427146718954,0.0038821892826919665,0.0,0.0
2026-08-23 17:00:00+00:00,0.02388986792959406,0.006877602795245981,0.0,0.0
2026-08-23 18:00:00+00:00,0.024659015050229105,0.007611521413343164,0.0,0.0
2026-08-23 19:00:00+00:00,0.026107409225172077,0.00848283941054147,0.0,0.0
2026-08-23 20:00:00+00:00,0.018993356411076755,0.013230720465296594,0.0,0.0
2026-08-23 21:00:00+00:00,0.04471197715595273,0.018364154510513833,0.0,0.0
2026-08-23 22:00:00+00:00,0.045947609689768326,0.01919881190575091,0.0,0.0
2026-08-23 23:00:00+00:00,0.04404818774166606,0.015409988692823654,0.0,0.0
2026-08-24 00:00:00+00:00,0.052109667977693334,0.024763859561083863,0.0,0.0
2026-08-24 01:00:00+00:00,0.0718606472919752,0.016482256738686633,0.0,0.0
2026-08-24 02:00:00+00:00,0.035818692992392785,0.014462320690299244,0.0,0.0
2026-08-24 03:00:00+00:00,0.08785094273206906,0.011754029938812841,1.0,0.0
2026-08-24 04:00:00+00:00,0.04929646850808452,0.009561933226399035,1.0,0.0
2026-08-24 05:00:00+00:00,0.03500839487365189,0.008305194618063665,1.0,0.0
2026-08-24 06:00:00+00:00,0.047127630799924713,0.01080736527065574,0.0,0.0
2026-08-24 07:00:00+00:00,0.053886040876203,0.0043983937827319335,0.0,0.0
2026-08-24 08:00:00+00:00,0.053632171128889884,0.008193885075965333,0.0,0.0
2026-08-24 09:00:00+00:00,0.03466416108641109,0.006459101451932632,0.0,0.0
2026-08-24 10:00:00+00:00,0.06844484435477131,0.008880006636318839,0.0,0.0
2026-08-24 11:00:00+00:00,0.03832147910984413,0.006100398941733872,0.0,0.0
2026-08-24 12:00:00+00:00,0.046238771182836515,0.007281120455478532,0.0,0.0
2026-08-24 13:00:00+00:00,0.07524468255126418,0.005955567266661956,0.0,0.0
2026-08-24 14:00:00+00:00,0.04490641944791996,0.007085551231300172,0.0,0.0
2026-08-24 15:00:00+00:00,0.0779305719818806,0.012579097404946504,0.0,0.0
2026-08-24 16:00:00+00:00,0.06769437429805215,0.008898337616505443,0.0,0.0
2026-08-24 17:00:00+00:00,0.05985169705483432,0.015026630146215032,0.0,0.0
2026-08-24 18:00:00+00:00,0.10469588816061842,0.025034115389214868,0.0,0.0
2026-08-24 19:00:00+00:00,0.06772444734618943,0.017684974109764977,0.0,0.0
2026-08-24 20:00:00+00:00,0.05628836157515321,0.01985238534011806,0.0,0.0
2026-08-24 21:00:00+00:00,0.04187988752696489,0.019852086026575344,0.0,0.0
2026-08-24 22:00:00+00:00,0.0730557467192527,0.01655440661921603,0.0,0.0
2026-08-24 23:00:00+00:00,0.05959353191052533,0.021249997921988988,0.0,0.0
2026-08-25 00:00:00+00:00,0.08843582103919034,0.017557276801367757,0.0,0.0
2026-08-25 01:00:00+00:00,0.0817983549275112,0.014100278242671495,0.0,0.0
2026-08-25 02:00:00+00:00,0.07100534030779787,0.00724045971394825,0.0,0.0
2026-08-25 03:00:00+00:00,0.07012349241468284,0.008376238619459879,0.0,0.0
2026-08-25 04:00:00+00:00,0.06301060544997183,0.007678119545409551,0.0,0.0
2026-08-25 05:00:00+00:00,0.05110346356487735,0.008530146560867861,0.0,0.0
2026-08-25 06:00:00+00:00,0.07200231762435796,0.007820048895518317,0.0,0.0
2026-08-25 07:00:00+00:00,0.09300614464637169,0.0035779380224862274,0.0,0.0
2026-08-25 08:00:00+00:00,0.0792513042050793,0.003922782848043413,0.0,0.0
2026-08-25 09:00:00+00:00,0.10126882110338313,0.005520727890553815,0.0,0.0
2026-08-25 10:00:00+00:00,0.08024800489354887,0.004704565142686789,0.0,0.0
2026-08-25 11:00:00+00:00,0.08862570100810413,0.004155389859381923,0.0,0.0
2026-08-25 12:00:00+00:00,0.09947995291254252,0.007279427707367993,0.0,0.0
2026-08-25 13:00:00+00:00,0.07511859109641413,0.003394126147806298,0.0,0.0
2026-08-25 14:00:00+00:00,0.07696777049813132,0.003802965547899339,0.0,0.0
2026-08-25 15:00:00+00:00,0.04423287112803135,0.0035609604536435847,0.0,0.0
2026-08-25 16:00:00+00:00,0.058620221671239155,0.0036232837561888226,0.0,0.0
2026-08-25 17:00:00+00:00,0.05560182156702792,0.004050128743985085,0.0,0.0
2026-08-25 18:00:00+00:00,0.048213941459252015,0.0037180736295528457,0.0,0.0
2026-08-25 19:00:00+00:00,0.05610818869282747,0.003953557874112231,0.0,0.0
2026-08-25 20:00:00+00:00,0.055428414875341746,0.003904205667136616,0.0,0.0
2026-08-25 21:00:00+00:00,0.0720103655672329,0.0054061578653971055,0.0,0.0
2026-08-25 22:00:00+00:00,0.07970164826049746,0.006241881366761309,0.0,0.0
2026-08-25 23:00:00+00:00,0.09118222765185757,0.005630930173849229,0.0,0.0
2026-08-26 00:00:00+00:00,0.04654902854278576,0.00551938949361424,0.0,0.0
2026-08-26 01:00:00+00:00,0.05677083457392711,0.006895375797277832,0.0,0.0
2026-08-26 02:00:00+00:00,0.05767563680726848,0.0031655762410869918,0.0,0.0
2026-08-26 03:00:00+00:00,0.04129237707495722,0.004871819711477821,0.0,0.0
2026-08-26 04:00:00+00:00,0.04879087299542881,0.004513932506508021,0.0,0.0
2026-08-26 05:00:00+00:00,0.07205314195636697,0.005564878114091314,0.0,0.0
2026-08-26 06:00:00+00:00,0.0630348481297311,0.005197492726509715,0.0,0.0
2026-08-26 07:00:00+00:00,0.037583322407571756,0.0032366237424424405,0.0,0.0
2026-08-26 08:00:00+00:00,0.05212278164954234,0.004141960568696052,0.0,0.0
2026-08-26 09:00:00+00:00,0.025799781285532536,0.002998619906144259,0.0,0.0
2026-08-26 10:00:00+00:00,0.019066495660494637,0.0014337371480045915,0.0,0.0
2026-08-26 11:00:00+00:00,0.022194153142674772,0.0023601766981299218,0.0,0.0
2026-08-26 12:00:00+00:00,0.027504624035445447,0.00346323080640934,0.0,0.0
2026-08-26 13:00:00+00:00,0.04373201690962452,0.004090965804447581,0.0,0.0
2026-08-26 14:00:00+00:00,0.0219731226800526,0.004279817054685265,0.0,0.0
2026-08-26 15:00:00+00:00,0.014198898023090914,0.002506035597012107,0.0,0.0
2026-08-26 16:00:00+00:00,0.015001919777125304,0.003926751422208088,0.0,0.0
2026-08-26 17:00:00+00:00,0.01468119150052174,0.0034535297885185633,0.0,0.0
2026-08-26 18:00:00+00:00,0.02148397709019204,0.0030150426569619574,0.0,0.0
2026-08-26 19:00:00+00:00,0.016675555099566922,0.007010201299323066,0.0,0.0
2026-08-26 20:00:00+00:00,0.015559817492374188,0.0028915983172159657,0.0,0.0
2026-08-26 21:00:00+00:00,0.017791378542420643,0.004638317335650499,0.0,0.0
2026-08-26 22:00:00+00:00,0.02341594076489292,0.0046616265421489155,0.0,0.0
2026-08-26 23:00:00+00:00,0.01984746104001841,0.005395417652284534,0.0,0.0
2026-08-27 00:00:00+00:00,0.009271663353996037,0.005997247358619184,0.0,0.0
2026-08-27 01:00:00+00:00,0.02320140247782118,0.008367684711914593,0.0,0.0
2026-08-27 02:00:00+00:00,0.011424222559317942,0.0049355355742886076,0.0,0.0
2026-08-27 03:00:00+00:00,0.020438314568684873,0.006557382599708867,0.0,0.0
2026-08-27 04:00:00+00:00,0.007945626648718661,0.0019929706740430685,0.0,0.0
2026-08-27 05:00:00+00:00,0.007539144614235645,0.005284033535467317,0.0,0.0
2026-08-27 06:00:00+00:00,0.00593823556567728,0.002954129477449864,0.0,0.0
2026-08-27 07:00:00+00:00,0.007587451150878779,0.0038493575070976845,0.0,0.0
2026-08-27 08:00:00+00:00,0.019110633749255614,0.0026264750320742192,0.0,0.0
2026-08-27 09:00:00+00:00,0.019565473293546493,0.002153164417173337,0.0,0.0
2026-08-27 10:00:00+00:00,0.016531125396376144,0.0021930524081597096,0.0,0.0
2026-08-27 11:00:00+00:00,0.02998553777974243,0.003572709418700228,0.0,0.0
2026-08-27 12:00:00+00:00,0.008781011830290597,0.003231096946483628,0.0,0.0
2026-08-27 13:00:00+00:00,0.007822930057057377,0.006124958169246621,0.0,0.0
2026-08-27 14:00:00+00:00,0.010439117181552543,0.0021596012007768727,0.0,0.0
2026-08-27 15:00:00+00:00,0.009063419495545037,0.0021646544527789123,0.0,0.0
2026-08-27 16:00:00+00:00,0.009932476160995025,0.001828047198252275,0.0,0.0
2026-08-27 17:00:00+00:00,0.017870697726029894,0.0020098495054184417,0.0,0.0
2026-08-27 18:00:00+00:00,0.013270369817042325,0.0034867347339409445,0.0,0.0
2026-08-27 19:00:00+00:00,0.0070284242322306055,0.0022990738009830373,0.0,0.0
2026-08-27 20:00:00+00:00,0.006082112269190479,0.0034409836786158297,0.0,0.0
2026-08-27 21:00:00+00:00,0.008320720706210634,0.0035596022898383337,0.0,0.0
2026-08-27 22:00:00+00:00,0.01115566220538145,0.0026229998583604183,0.0,0.0
2026-08-27 23:00:00+00:00,0.014757075848200718,0.0015659360472243793,0.0,0.0
2026-08-28 00:00:00+00:00,0.010001117075539178,0.0006872036680886587,0.0,0.0
2026-08-28 01:00:00+00:00,0.021990653550957515,0.0007946607284096461,0.0,0.0
2026-08-28 02:00:00+00:00,0.022698381764416464,0.002328401981734497,0.0,0.0
2026-08-28 03:00:00+00:00,0.015985402738004202,0.0009051566733413739,0.0,0.0
2026-08-28 04:00:00+00:00,0.011212013838600113,0.0012288429971077223,0.0,0.0
2026-08-28 05:00:00+00:00,0.006720927275049769,0.0007396240310055671,0.0,0.0
2026-08-28 06:00:00+00:00,0.013953344899852666,0.0008148841984988702,0.0,0.0
2026-08-28 07:00:00+00:00,0.005892412501469304,0.001530965084539114,0.0,0.0
2026-08-28 08:00:00+00:00,0.004247448608945178,0.0003898230315472987,0.0,0.0
2026-08-28 09:00:00+00:00,0.0036069311583102758,0.0004617930028637236,0.0,0.0
2026-08-28 10:00:00+00:00,0.009740366655240052,0.0007849477839670854,0.0,0.0
2026-08-28 11:00:00+00:00,0.0034119226190920337,0.000436362813412915,0.0,0.0
2026-08-28 12:00:00+00:00,0.002543811463307686,0.0004821773043654274,0.0,0.0
2026-08-28 13:00:00+00:00,0.0044994007987204905,0.0007848789764701307,0.0,0.0
2026-08-28 14:00:00+00:00,0.010464020722935055,0.0007952570982090928,0.0,0.0
2026-08-28 15:00:00+00:00,0.008831011996777922,0.0005422259795494449,0.0,0.0
2026-08-28 16:00:00+00:00,0.007537842095490087,0.0006983055858545837,0.0,0.0
2026-08-28 17:00:00+00:00,0.0041365250305034134,0.0007277739846628363,0.0,0.0
2026-08-28 18:00:00+00:00,0.0027053265542053475,0.0007000847474215843,0.0,0.0
2026-08-28 19:00:00+00:00,0.0012582138037822179,0.00049618398664141,0.0,0.0
2026-08-28 20:00:00+00:00,0.00115925942116177,0.0007076449782001448,0.0,0.0
2026-08-28 21:00:00+00:00,0.0008740416126765716,0.0011338861282692775,0.0,0.0
2026-08-28 22:00:00+00:00,0.0027017694300185955,0.001167361240712707,0.0,0.0
2026-08-28 23:00:00+00:00,0.003602366526789713,0.0028971040576367484,0.0,0.0
2026-08-29 00:00:00+00:00,0.005228931533873857,0.0013064103561489639,0.0,0.0
2026-08-29 01:00:00+00:00,0.011028943604287881,0.0014127513227003782,0.0,0.0
2026-08-29 02:00:00+00:00,0.009033764072722899,0.0018407390622900757,0.0,0.0
2026-08-29 03:00:00+00:00,0.00533773455804943,0.0017973864043834876,0.0,0.0
2026-08-29 04:00:00+00:00,0.005640532249533631,0.0023707269698771934,0.0,0.0
2026-08-29 05:00:00+00:00,0.003735487965954605,0.0022343509674345725,0.0,0.0
2026-08-29 06:00:00+00:00,0.003537987025752093,0.0023489626095112557,0.0,0.0
2026-08-29 07:00:00+00:00,0.008002551678303825,0.004384155703529417,0.0,0.0
2026-08-29 08:00:00+00:00,0.003591130565364425,0.0026171244611756296,0.0,0.0
2026-08-29 09:00:00+00:00,0.003125603591231672,0.0016026755209773795,0.0,0.0
2026-08-29 10:00:00+00:00,0.0027643468070906833,0.0015932304353995603,0.0,0.0
2026-08-29 11:00:00+00:00,0.0015687780037498824,0.0030838940517928966,0.0,0.0
2026-08-29 12:00:00+00:00,0.00137618987226066,0.0047891637448177005,0.0,0.0
2026-08-29 13:00:00+00:00,0.0012103514606146403,0.003616581866313052,0.0,0.0
2026-08-29 14:00:00+00:00,0.004296620037926985,0.004740574962089566,0.0,0.0
2026-08-29 15:00:00+00:00,0.0021806149814190224,0.002446285817093351,0.0,0.0
2026-08-29 16:00:00+00:00,0.001996147680907011,0.0018703752536538114,0.0,0.0
2026-08-29 17:00:00+00:00,0.0015531837995260715,0.0015173638674736269,0.0,0.0
2026-08-29 18:00:00+00:00,0.0019872664809567815,0.001475802281095272,0.0,0.0
2026-08-29 19:00:00+00:00,0.0016799918878250563,0.000954874279953376,0.0,0.0
2026-08-29 20:00:00+00:00,0.0012619882246268455,0.0006386716432131633,0.0,0.0
2026-08-29 21:00:00+00:00,0.0010800596008253543,0.0007223850235250319,0.0,0.0
2026-08-29 22:00:00+00:00,0.00222770941330431,0.0017549652935776648,0.0,0.0
2026-08-29 23:00:00+00:00,0.0019660792080523942,0.0015061974634468173,0.0,0.0
2026-08-30 00:00:00+00:00,0.007457907762059968,0.0016640640968857816,0.0,0.0
2026-08-30 01:00:00+00:00,0.007355217457648887,0.0030312670136617838,0.0,0.0
2026-08-30 02:00:00+00:00,0.003690168906052079,0.0012756684034295838,0.0,0.0
2026-08-30 03:00:00+00:00,0.005866508549500596,0.0020832690012417116,0.0,0.0
2026-08-30 04:00:00+00:00,0.004928162326208528,0.0016832058110607731,0.0,0.0
2026-08-30 05:00:00+00:00,0.003853048094428681,0.000705781041764436,0.0,0.0
2026-08-30 06:00:00+00:00,0.005048656122810163,0.0008749483803499987,0.0,0.0
2026-08-30 07:00:00+00:00,0.003068725681965111,0.0004999649313905539,0.0,0.0
2026-08-30 08:00:00+00:00,0.003097099034138779,0.0006470468715468381,0.0,0.0
2026-08-30 09:00:00+00:00,0.0028822262120731814,0.0008496440850443692,0.0,0.0
2026-08-30 10:00:00+00:00,0.003125646996100885,0.0014566302259454982,0.0,0.0
2026-08-30 11:00:00+00:00,0.004197588550128675,0.000941439132721302,0.0,0.0
2026-08-30 12:00:00+00:00,0.01535560539912238,0.0015516752426238338,0.0,0.0
2026-08-30 13:00:00+00:00,0.018571390650156408,0.0012348069703775465,0.0,0.0
2026-08-30 14:00:00+00:00,0.024221910413134807,0.0011398210149371547,0.0,0.0
2026-08-30 15:00:00+00:00,0.01820639563410896,0.0013708165340031613,0.0,0.0
2026-08-30 16:00:00+00:00,0.034536162628931416,0.0017242077496042844,0.0,0.0
2026-08-30 17:00:00+00:00,0.0250120890773373,0.0022797153020434617,0.0,0.0
2026-08-30 18:00:00+00:00,0.033786968706308006,0.0017891869349091212,0.0,0.0
2026-08-30 19:00:00+00:00,0.023323726603502043,0.0019653900312395782,0.0,0.0
2026-08-30 20:00:00+00:00,0.029238259656059685,0.003478469762339899,0.0,0.0
2026-08-30 21:00:00+00:00,0.01396470728608218,0.00324330142501447,0.0,0.0
2026-08-30 22:00:00+00:00,0.024463558007189797,0.005740295912875388,0.0,0.0
2026-08-30 23:00:00+00:00,0.025522277697336625,0.0066819184422370744,0.0,0.0
2026-08-31 00:00:00+00:00,0.024804306949051693,0.0033657183567546347,0.0,0.0
2026-08-31 01:00:00+00:00,0.02292701871683481,0.004926069202023598,0.0,0.0
2026-08-31 02:00:00+00:00,0.02461115277571721,0.002578213270119244,0.0,0.0
2026-08-31 03:00:00+00:00,0.019939932996909496,0.0019636868989711636,0.0,0.0
2026-08-31 04:00:00+00:00,0.03954915336411167,0.004118633399924976,0.0,0.0
2026-08-31 05:00:00+00:00,0.02654644214728864,0.001241438418907581,0.0,0.0
2026-08-31 06:00:00+00:00,0.03084764321126873,0.0030827872245636416,0.0,0.0
2026-08-31 07:00:00+00:00,0.03204589946994861,0.0018071119619678135,0.0,0.0
2026-08-31 08:00:00+00:00,0.03585160652988256,0.001468829520320046,0.0,0.0
2026-08-31 09:00:00+00:00,0.04935090786517129,0.0014750695273038437,0.0,0.0
2026-08-31 10:00:00+00:00,0.027063118206398774,0.0013044830870968223,0.0,0.0
2026-08-31 11:00:00+00:00,0.04446356123531999,0.0015825664046460403,0.0,0.0
2026-08-31 12:00:00+00:00,0.026266847599011534,0.0015960185359538154,0.0,0.0
2026-08-31 13:00:00+00:00,0.02640156383110223,0.0025146498382570214,0.0,0.0
2026-08-31 14:00:00+00:00,0.04542533711171614,0.0026102247324370303,0.0,0.0
2026-08-31 15:00:00+00:00,0.08114420417130698,0.0036011211123509607,0.0,0.0
2026-08-31 16:00:00+00:00,0.05186506838400267,0.0018100366073362656,0.0,0.0
2026-08-31 17:00:00+00:00,0.04403901966850745,0.0022079685915700367,0.0,0.0
2026-08-31 18:00:00+00:00,0.061330806279622375,0.0028750621886746795,0.0,0.0
2026-08-31 19:00:00+00:00,0.020890175870632313,0.0022683866904075257,0.0,0.0
2026-08-31 20:00:00+00:00,0.030188519004616082,0.0032822603211845706,0.0,0.0
2026-08-31 21:00:00+00:00,0.03900987851615656,0.004733740755267666,0.0,0.0
2026-08-31 22:00:00+00:00,0.039029986399123674,0.0037690650154045447,0.0,0.0
2026-08-31 23:00:00+00:00,0.015876937556622235,0.0023771240428197434,0.0,0.0
2026-09-01 00:00:00+00:00,0.03611424445797414,0.0022282955499733064,0.0,0.0
2026-09-01 01:00:00+00:00,0.02656561806681187,0.001694519364200507,0.0,0.0
2026-09-01 02:00:00+00:00,0.01411136699026467,0.0015285026353195844,0.0,0.0
2026-09-01 03:00:00+00:00,0.03519246126616322,0.0014919613578939022,0.0,0.0
2026-09-01 04:00:00+00:00,0.028418371415265643,0.0009057014186478838,0.0,0.0
2026-09-01 05:00:00+00:00,0.03368379234486948,0.0009771182104933477,0.0,0.0
2026-09-01 06:00:00+00:00,0.03522305717271676,0.0007878849263306895,0.0,0.0
2026-09-01 07:00:00+00:00,0.034832371502148914,0.0009012482749348,0.0,0.0
2026-09-01 08:00:00+00:00,0.02762339750707818,0.0014088186843050972,0.0,0.0
2026-09-01 09:00:00+00:00,0.03171396153587675,0.0018735310692146465,0.0,0.0
2026-09-01 10:00:00+00:00,0.0168184950599587,0.0009867823650399267,0.0,0.0
2026-09-01 11:00:00+00:00,0.0238651559877969,0.0015342894262240035,0.0,0.0
2026-09-01 12:00:00+00:00,0.01338418479933601,0.0008311668944354327,0.0,0.0
2026-09-01 13:00:00+00:00,0.026029905121190054,0.002851016328145181,0.0,0.0
2026-09-01 14:00:00+00:00,0.014206912590047504,0.0005816608056794806,0.0,0.0
2026-09-01 15:00:00+00:00,0.014171958458106227,0.001325034447863327,0.0,0.0
2026-09-01 16:00:00+00:00,0.011017571727818148,0.0012903970955891158,0.0,0.0
2026-09-01 17:00:00+00:00,0.011148822621298992,0.0013415091516690207,0.0,0.0
2026-09-01 18:00:00+00:00,0.012697835198338205,0.0030327042011323454,0.0,0.0
2026-09-01 19:00:00+00:00,0.008789959405418013,0.0012632513682522997,0.0,0.0
2026-09-01 20:00:00+00:00,0.009717678765265582,0.0014404093641125916,0.0,0.0
2026-09-01 21:00:00+00:00,0.017051310905380087,0.0018225498624211752,0.0,0.0
2026-09-01 22:00:00+00:00,0.011749697600959277,0.0014761679402468426,0.0,0.0
2026-09-01 23:00:00+00:00,0.013685012623659213,0.0013285961997135688,0.0,0.0
2026-09-02 00:00:00+00:00,0.007597008226703555,0.002616531324499009,0.0,0.0
2026-09-02 01:00:00+00:00,0.010320591641668453,0.0030931584818136124,0.0,0.0
2026-09-02 02:00:00+00:00,0.011875276673756652,0.0035251022396785518,0.0,0.0
2026-09-02 03:00:00+00:00,0.024648002090995647,0.004269772466493083,0.0,0.0
2026-09-02 04:00:00+00:00,0.010365270974237744,0.0028839671349467793,0.0,0.0
2026-09-02 05:00:00+00:00,0.014692555664077449,0.0023702135657402007,0.0,0.0
2026-09-02 06:00:00+00:00,0.010089848463672432,0.002574130254241155,0.0,0.0
2026-09-02 07:00:00+00:00,0.009481735300358462,0.0019931999237175497,0.0,0.0
2026-09-02 08:00:00+00:00,0.006325334792207082,0.0018988463400208754,0.0,0.0
2026-09-02 09:00:00+00:00,0.007733230832664439,0.0024728282584258444,0.0,0.0
2026-09-02 10:00:00+00:00,0.004012630750028628,0.002749372621840754,0.0,0.0
2026-09-02 11:00:00+00:00,0.004184997880413643,0.002353235004567154,0.0,0.0
2026-09-02 12:00:00+00:00,0.004017133880999832,0.0015485019735222776,0.0,0.0
2026-09-02 13:00:00+00:00,0.011166201853664856,0.0022737912002095996,0.0,0.0
2026-09-02 14:00:00+00:00,0.00694580439225037,0.00205349494943804,0.0,0.0
2026-09-02 15:00:00+00:00,0.00926804201004579,0.004050642692599579,1.0,0.0
2026-09-02 16:00:00+00:00,0.01107303710790789,0.002771310519516561,1.0,0.0
2026-09-02 17:00:00+00:00,0.00788834490715452,0.0050631585912140125,1.0,0.0
2026-09-02 18:00:00+00:00,0.004858587900558459,0.002108511369188088,1.0,0.0
2026-09-02 19:00:00+00:00,0.006609522630499891,0.0034948676806497076,1.0,0.0
2026-09-02 20:00:00+00:00,0.00495349748073642,0.002510595660740517,1.0,0.0
2026-09-02 21:00:00+00:00,0.007094472873888861,0.0034205190672509955,1.0,0.0
2026-09-02 22:00:00+00:00,0.0027978418799855785,0.0018209805927856366,1.0,0.0
2026-09-02 23:00:00+00:00,0.005476342823734111,0.002719836751230859,1.0,0.0
2026-09-03 00:00:00+00:00,0.0034432928709241645,0.006057504367517588,1.0,0.0
2026-09-03 01:00:00+00:00,0.007352998878088217,0.005976870613502622,0.0,0.0
2026-09-03 02:00:00+00:00,0.013461600181002934,0.005155934778484353,0.0,0.0
2026-09-03 03:00:00+00:00,0.006869439068202566,0.006673754693356924,0.0,0.0
2026-09-03 04:00:00+00:00,0.007574453026971195,0.003921396852878665,0.0,0.0
2026-09-03 05:00:00+00:00,0.00933681280066146,0.009129550747973558,0.0,0.0
2026-09-03 06:00:00+00:00,0.005187205612147608,0.005757517108208893,0.0,0.0
2026-09-03 07:00:00+00:00,0.008336398013300777,0.00382823765874764,0.0,0.0
2026-09-03 08:00:00+00:00,0.0040474722874010065,0.0013438263502694456,0.0,0.0
2026-09-03 09:00:00+00:00,0.0032284283882889893,0.0012688342232326224,0.0,0.0
2026-09-03 10:00:00+00:00,0.0030375191425475643,0.0020384161658257107,0.0,0.0
2026-09-03 11:00:00+00:00,0.0034529576760259067,0.0013979256076093625,0.0,0.0
2026-09-03 12:00:00+00:00,0.01066271410468325,0.0022111396951761306,0.0,0.0
2026-09-03 13:00:00+00:00,0.010581376362783964,0.001658937384581217,0.0,0.0
2026-09-03 14:00:00+00:00,0.005881485712360388,0.0021201132508534546,0.0,0.0
2026-09-03 15:00:00+00:00,0.010245649418682789,0.005359843297879135,0.0,0.0
2026-09-03 16:00:00+00:00,0.0065212056313615555,0.011557761559422619,0.0,0.0
2026-09-03 17:00:00+00:00,0.010020874004129788,0.011341204532041198,0.0,0.0
2026-09-03 18:00:00+00:00,0.013007669424625883,0.014883902025249885,0.0,0.0
2026-09-03 19:00:00+00:00,0.005329292154216038,0.012240102020591804,0.0,0.0
2026-09-03 20:00:00+00:00,0.007883020728558388,0.006281244562933997,0.0,0.0
2026-09-03 21:00:00+00:00,0.00860249633093784,0.003997283611052686,0.0,0.0
2026-09-03 22:00:00+00:00,0.017171540720690912,0.005739160298277671,0.0,0.0
2026-09-03 23:00:00+00:00,0.00714423090873027,0.003646844419758864,0.0,0.0
2026-09-04 00:00:00+00:00,0.005829948059888183,0.001733097698755912,0.0,0.0
2026-09-04 01:00:00+00:00,0.00776298440408178,0.0027155307934064684,0.0,0.0
2026-09-04 02:00:00+00:00,0.011927207163115442,0.0012776754724235862,0.0,0.0
2026-09-04 03:00:00+00:00,0.007016094380054311,0.0013912115004424553,0.0,0.0
2026-09-04 04:00:00+00:00,0.009956002718199,0.000723275059145028,0.0,0.0
2026-09-04 05:00:00+00:00,0.012489751408042834,0.0009922067846800575,0.0,0.0
2026-09-04 06:00:00+00:00,0.011919876479033297,0.0006247129223678646,0.0,0.0
2026-09-04 07:00:00+00:00,0.01232346013236032,0.000745068619440739,0.0,0.0
2026-09-04 08:00:00+00:00,0.023170974891844203,0.0009071503943790517,0.0,0.0
2026-09-04 09:00:00+00:00,0.020418174359276533,0.0007187894930718303,0.0,0.0
2026-09-04 10:00:00+00:00,0.024006707706801262,0.0006165827705534908,0.0,0.0
2026-09-04 11:00:00+00:00,0.03194898902375765,0.00042590886335564236,0.0,0.0
2026-09-04 12:00:00+00:00,0.04414685042114499,0.003733612139283924,0.0,0.0
2026-09-04 13:00:00+00:00,0.013586565853237939,0.0036881122286213145,0.0,0.0
2026-09-04 14:00:00+00:00,0.0207038534517744,0.0014592293184598369,0.0,0.0
2026-09-04 15:00:00+00:00,0.008175568663990796,0.00045033387415289723,0.0,0.0
2026-09-04 16:00:00+00:00,0.012634426729257136,0.00043650451452098836,0.0,0.0
2026-09-04 17:00:00+00:00,0.005113691358258761,0.0004994801852508628,0.0,0.0
2026-09-04 18:00:00+00:00,0.004004442915207487,0.00048471722477122096,0.0,0.0
2026-09-04 19:00:00+00:00,0.009534361604587394,0.0008829968617903174,0.0,0.0
2026-09-04 20:00:00+00:00,0.003484196254946441,0.0008261637689217389,0.0,0.0
2026-09-04 21:00:00+00:00,0.010863372927951745,0.00353597002417357,0.0,0.0
2026-09-04 22:00:00+00:00,0.008876667997889469,0.0030580602181855057,0.0,0.0
2026-09-04 23:00:00+00:00,0.007552389794972649,0.0017881946395812089,0.0,0.0
2026-09-05 00:00:00+00:00,0.0098192133775742,0.00128222230734861,0.0,0.0
2026-09-05 01:00:00+00:00,0.010252704047210237,0.0019475065304475903,0.0,0.0
2026-09-05 02:00:00+00:00,0.013871690463073585,0.0023820605185599975,0.0,0.0
2026-09-05 03:00:00+00:00,0.011859452996157907,0.0024278730357995414,0.0,0.0
2026-09-05 04:00:00+00:00,0.010866363095486534,0.0022837767686005373,0.0,0.0
2026-09-05 05:00:00+00:00,0.012522124265725848,0.0035214837360966074,0.0,0.0
2026-09-05 06:00:00+00:00,0.011340982437123184,0.001906104242669796,0.0,0.0
2026-09-05 07:00:00+00:00,0.011680299275097615,0.0017297601101373672,0.0,0.0
2026-09-05 08:00:00+00:00,0.009410730511597735,0.003434248087834943,0.0,0.0
2026-09-05 09:00:00+00:00,0.008880809288174701,0.0030990578327168487,0.0,0.0
2026-09-05 10:00:00+00:00,0.0074233902003125254,0.003375744529277308,0.0,0.0
2026-09-05 11:00:00+00:00,0.005867606051670901,0.0024626144589555686,0.0,0.0
2026-09-05 12:00:00+00:00,0.0018869585769638062,0.0004372110789680992,0.0,0.0
2026-09-05 13:00:00+00:00,0.0022754558364293724,0.0007323692707891745,0.0,0.0
2026-09-05 14:00:00+00:00,0.0012925689066116128,0.0003458186165977779,0.0,0.0
2026-09-05 15:00:00+00:00,0.0015483636235110326,0.0004183856340599593,0.0,0.0
2026-09-05 16:00:00+00:00,0.00444636849840264,0.0003239604185102274,0.0,0.0
2026-09-05 17:00:00+00:00,0.0041989853860995114,0.00029571899152776234,0.0,0.0
2026-09-05 18:00:00+00:00,0.0026114348864476763,0.00022963804808225256,0.0,0.0
2026-09-05 19:00:00+00:00,0.0022028394135542883,0.00018271306189652278,0.0,0.0
2026-09-05 20:00:00+00:00,0.0031533099656967933,0.0006913141668011211,0.0,0.0
2026-09-05 21:00:00+00:00,0.0014525815727601022,0.00014916590706535247,0.0,0.0
2026-09-05 22:00:00+00:00,0.0032827230984481715,0.0005139006113375045,0.0,0.0
2026-09-05 23:00:00+00:00,0.0036433481614072116,0.0004589331353275976,0.0,0.0
2026-09-06 00:00:00+00:00,0.008229072591602127,0.00033628940010667395,0.0,0.0
2026-09-06 01:00:00+00:00,0.0123821437200281,0.0005740633611556949,0.0,0.0
2026-09-06 02:00:00+00:00,0.006799369109101303,0.0006320190216021499,0.0,0.0
2026-09-06 03:00:00+00:00,0.0072901191470737476,0.0007097086009808384,0.0,0.0
2026-09-06 04:00:00+00:00,0.00865531718844889,0.0008417096903322634,0.0,0.0
2026-09-06 05:00:00+00:00,0.011252063493947731,0.0013612119960625493,0.0,0.0
2026-09-06 06:00:00+00:00,0.0055775059740331605,0.0008299885335463974,0.0,0.0
2026-09-06 07:00:00+00:00,0.006059882992758778,0.0012966011642954061,0.0,0.0
2026-09-06 08:00:00+00:00,0.005649788797091983,0.0011570930123804624,0.0,0.0
2026-09-06 09:00:00+00:00,0.008763394412822667,0.0013451679662036704,0.0,0.0
2026-09-06 10:00:00+00:00,0.004936888151964071,0.0004640332147697905,0.0,0.0
2026-09-06 11:00:00+00:00,0.0058134211466443625,0.0005262510804674429,0.0,0.0
2026-09-06 12:00:00+00:00,0.006356068262400435,0.0005953299048169552,0.0,0.0
2026-09-06 13:00:00+00:00,0.007706597378138624,0.0013681805237733592,0.0,0.0
2026-09-06 14:00:00+00:00,0.006060779952390384,0.0034072569664702836,0.0,0.0
2026-09-06 15:00:00+00:00,0.004791687681648311,0.0022731260711378923,0.0,0.0
2026-09-06 16:00:00+00:00,0.0056452788915711365,0.001889444528651988,0.0,0.0
2026-09-06 17:00:00+00:00,0.00484001703310406,0.001674915507580803,0.0,0.0
2026-09-06 18:00:00+00:00,0.007552296777814861,0.0015254294512936871,0.0,0.0
2026-09-06 19:00:00+00:00,0.009314559562731686,0.0016341557613830918,0.0,0.0
2026-09-06 20:00:00+00:00,0.006948903223953116,0.001575524995880425,0.0,0.0
2026-09-06 21:00:00+00:00,0.013572274772511795,0.0028969287478568077,0.0,0.0
2026-09-06 22:00:00+00:00,0.01280016214360482,0.003131555606926065,0.0,0.0
2026-09-06 23:00:00+00:00,0.029450669860706363,0.001377373864520394,0.0,0.0
2026-09-07 00:00:00+00:00,0.03524372242105494,0.003951985353321883,0.0,0.0
2026-09-07 01:00:00+00:00,0.02545843154415145,0.0028476040507081166,0.0,0.0
2026-09-07 02:00:00+00:00,0.023740919985653895,0.0021542180432350872,0.0,0.0
2026-09-07 03:00:00+00:00,0.013634590341418869,0.0034852959148473817,0.0,0.0
2026-09-07 04:00:00+00:00,0.007818784769198858,0.004504659210163486,0.0,0.0
2026-09-07 05:00:00+00:00,0.018123511872454538,0.0035690180826231763,0.0,0.0
2026-09-07 06:00:00+00:00,0.014284090250999632,0.002588504929525798,0.0,0.0
2026-09-07 07:00:00+00:00,0.009534829139807438,0.002995894192752206,0.0,0.0
2026-09-07 08:00:00+00:00,0.009218405747627572,0.0019077033678887032,0.0,0.0
2026-09-07 09:00:00+00:00,0.005090391154377083,0.0015443543886352069,0.0,0.0
2026-09-07 10:00:00+00:00,0.007696853815529768,0.002037856133913892,0.0,0.0
2026-09-07 11:00:00+00:00,0.005962850116088376,0.002418952110476103,0.0,0.0
2026-09-07 12:00:00+00:00,0.011850511578820222,0.002461232621035574,0.0,0.0
2026-09-07 13:00:00+00:00,0.010282700215073852,0.003072409056745097,0.0,0.0
2026-09-07 14:00:00+00:00,0.01110714637278009,0.005232269424160694,0.0,0.0
2026-09-07 15:00:00+00:00,0.006928250515181737,0.0053948128033417505,0.0,0.0
2026-09-07 16:00:00+00:00,0.007128436290560488,0.00461415057165667,0.0,0.0
2026-09-07 17:00:00+00:00,0.00561731249088022,0.0029916908326715654,0.0,0.0
2026-09-07 18:00:00+00:00,0.014959893307561692,0.004670046139803805,0.0,0.0
2026-09-07 19:00:00+00:00,0.010998613417295,0.002435973965628138,0.0,0.0
2026-09-07 20:00:00+00:00,0.01278351388545045,0.0031396551073880844,0.0,0.0
2026-09-07 21:00:00+00:00,0.005477334463774893,0.002050230148546384,0.0,0.0
2026-09-07 22:00:00+00:00,0.011150115215758857,0.006382321930398588,0.0,0.0
2026-09-07 23:00:00+00:00,0.01123538147035924,0.00523637643379313,0.0,0.0
2026-09-08 00:00:00+00:00,0.009660914177462681,0.004979961308040028,0.0,0.0
2026-09-08 01:00:00+00:00,0.0121668023708943,0.00488063555596381,0.0,0.0
2026-09-08 02:00:00+00:00,0.017709398346003713,0.0037046882414657743,0.0,0.0
2026-09-08 03:00:00+00:00,0.014366426082641716,0.004365896808878541,0.0,0.0
2026-09-08 04:00:00+00:00,0.009232172075472837,0.0028427564365161896,0.0,0.0
2026-09-08 05:00:00+00:00,0.011711701726663734,0.002960541013731332,0.0,0.0
2026-09-08 06:00:00+00:00,0.007655251816925134,0.0026440874912062803,0.0,0.0
2026-09-08 07:00:00+00:00,0.008570423403413156,0.0034890682450862114,0.0,0.0
2026-09-08 08:00:00+00:00,0.005409711821203149,0.0022168471811177064,0.0,0.0
2026-09-08 09:00:00+00:00,0.011550414373006834,0.0027977494223912513,0.0,0.0
2026-09-08 10:00:00+00:00,0.00804576675810124,0.0015197817262007018,0.0,0.0
2026-09-08 11:00:00+00:00,0.015207732040841469,0.003956617280813052,0.0,0.0
2026-09-08 12:00:00+00:00,0.005472149815889151,0.0038156503491289097,0.0,0.0
2026-09-08 13:00:00+00:00,0.012387147046637827,0.006621950083633324,0.0,0.0
2026-09-08 14:00:00+00:00,0.01303775297114617,0.004344656218512123,0.0,0.0
2026-09-08 15:00:00+00:00,0.033407628694516724,0.011925496909627983,0.0,0.0
2026-09-08 16:00:00+00:00,0.025285479322690582,0.009453758741325867,0.0,0.0
2026-09-08 17:00:00+00:00,0.01990755765404519,0.0058883872831791,0.0,0.0
2026-09-08 18:00:00+00:00,0.01980897293326175,0.009745177937809069,0.0,0.0
2026-09-08 19:00:00+00:00,0.011799546420034798,0.010683937340522929,0.0,0.0
2026-09-08 20:00:00+00:00,0.014311674623821624,0.008553560374805024,0.0,0.0
2026-09-08 21:00:00+00:00,0.013834162238508418,0.008687786746946913,0.0,0.0
2026-09-08 22:00:00+00:00,0.01683831601701574,0.008848054408238389,0.0,0.0
2026-09-08 23:00:00+00:00,0.020547444938076614,0.009768336755859459,0.0,0.0
2026-09-09 00:00:00+00:00,0.011921593939639338,0.012246520390831342,0.0,0.0
2026-09-09 01:00:00+00:00,0.01895531505354608,0.01828826515738707,0.0,0.0
2026-09-09 02:00:00+00:00,0.013268469084360046,0.011505246909039374,0.0,0.0
2026-09-09 03:00:00+00:00,0.010098893197131378,0.008813552872409543,0.0,0.0
2026-09-09 04:00:00+00:00,0.02127471725284011,0.00929867161181953,0.0,0.0
2026-09-09 05:00:00+00:00,0.021937296929749273,0.009013548686594054,0.0,0.0
2026-09-09 06:00:00+00:00,0.014393914326145374,0.00590055051498324,0.0,0.0
2026-09-09 07:00:00+00:00,0.019225752966471662,0.006009524140795996,0.0,0.0
2026-09-09 08:00:00+00:00,0.024494485273887746,0.01028641940404306,0.0,0.0
2026-09-09 09:00:00+00:00,0.01745569650785544,0.010460563004932769,0.0,0.0
2026-09-09 10:00:00+00:00,0.027247110720549847,0.010123127176240806,0.0,0.0
2026-09-09 11:00:00+00:00,0.02368764749691045,0.011381769754637693,0.0,0.0
2026-09-09 12:00:00+00:00,0.045384281581148704,0.013182486570085505,0.0,0.0
2026-09-09 13:00:00+00:00,0.019739015663649228,0.009260744988945824,0.0,0.0
2026-09-09 14:00:00+00:00,0.024503228165376773,0.014675463984803766,0.0,0.0
2026-09-09 15:00:00+00:00,0.014470559856022946,0.025914504624116586,0.0,0.0
2026-09-09 16:00:00+00:00,0.017522884427010218,0.014598836261001518,0.0,0.0
2026-09-09 17:00:00+00:00,0.009678922967929505,0.012777629342761913,0.0,0.0
2026-09-09 18:00:00+00:00,0.010217287263502026,0.013415907430496163,0.0,0.0
2026-09-09 19:00:00+00:00,0.018808936969213343,0.016671742188570333,0.0,0.0
2026-09-09 20:00:00+00:00,0.02308692677788331,0.021944376176637474,0.0,0.0
2026-09-09 21:00:00+00:00,0.012219346240110007,0.014560010650375146,0.0,0.0
2026-09-09 22:00:00+00:00,0.023275533419133576,0.02200322268502784,0.0,0.0
2026-09-09 23:00:00+00:00,0.021355536232964673,0.015926169056948172,0.0,0.0
2026-09-10 00:00:00+00:00,0.01683274843706709,0.06662089804969763,0.0,0.0
2026-09-10 01:00:00+00:00,0.018998602709908784,0.050245007355355566,0.0,0.0
2026-09-10 02:00:00+00:00,0.015816195647789952,0.020721267636824726,0.0,0.0
2026-09-10 03:00:00+00:00,0.014641180585157905,0.04541957959554228,0.0,0.0
2026-09-10 04:00:00+00:00,0.011007688631337359,0.021145006113325,0.0,0.0
2026-09-10 05:00:00+00:00,0.01713327918021456,0.043458993037055436,0.0,0.0
2026-09-10 06:00:00+00:00,0.01420315443957329,0.05404264051750159,0.0,0.0
2026-09-10 07:00:00+00:00,0.014374543217138531,0.060833326347891646,0.0,0.0
2026-09-10 08:00:00+00:00,0.009405628767572708,0.05673247997388722,0.0,0.0
2026-09-10 09:00:00+00:00,0.007316342696271106,0.052824085215310033,0.0,0.0
2026-09-10 10:00:00+00:00,0.005672192034358029,0.06208077239581034,0.0,0.0
2026-09-10 11:00:00+00:00,0.004963962295397042,0.06666211656498083,0.0,0.0
2026-09-10 12:00:00+00:00,0.009852930872175461,0.09160202923744942,0.0,0.0
2026-09-10 13:00:00+00:00,0.01176064156556923,0.06088674799945714,0.0,0.0
2026-09-10 14:00:00+00:00,0.021098320940139057,0.06103546619193088,0.0,0.0
2026-09-10 15:00:00+00:00,0.007993105211147357,0.04982235636560811,0.0,0.0
2026-09-10 16:00:00+00:00,0.00903060779201599,0.04685062016597572,0.0,0.0
2026-09-10 17:00:00+00:00,0.011629204075493324,0.08578575895309644,0.0,0.0
2026-09-10 18:00:00+00:00,0.0053070296461514435,0.03567091508116595,0.0,0.0
2026-09-10 19:00:00+00:00,0.006636987151377728,0.05927303543117956,0.0,0.0
2026-09-10 20:00:00+00:00,0.003935057849246358,0.026117943868585392,0.0,0.0
2026-09-10 21:00:00+00:00,0.0061993288094414475,0.06954549751744142,0.0,0.0
2026-09-10 22:00:00+00:00,0.006120369954493231,0.06433864972526564,0.0,0.0
2026-09-10 23:00:00+00:00,0.010030142172029003,0.11328234001908022,0.0,0.0
2026-09-11 00:00:00+00:00,0.0025478825884166713,0.032294552339938054,0.0,0.0
2026-09-11 01:00:00+00:00,0.002189998493005534,0.031201127428535175,0.0,0.0
2026-09-11 02:00:00+00:00,0.001628834585070406,0.034272499101723294,0.0,0.0
2026-09-11 03:00:00+00:00,0.0017881325628350219,0.05457968994650517,0.0,0.0
2026-09-11 04:00:00+00:00,0.0025517680256954885,0.02747917056263501,0.0,0.0
2026-09-11 05:00:00+00:00,0.0022472877665847715,0.020257367283293016,0.0,0.0
2026-09-11 06:00:00+00:00,0.0026412605452510924,0.03202386800525954,0.0,0.0
2026-09-11 07:00:00+00:00,0.0019176086469542867,0.030845127617920663,0.0,0.0
2026-09-11 08:00:00+00:00,0.0029967670576770467,0.02895201974600779,0.0,0.0
2026-09-11 09:00:00+00:00,0.0021386620675767493,0.07625412687722065,0.0,0.0
2026-09-11 10:00:00+00:00,0.0014927881787353675,0.06385510575501578,0.0,0.0
2026-09-11 11:00:00+00:00,0.0014745355548450754,0.04601093913415619,0.0,0.0
2026-09-11 12:00:00+00:00,0.0035019983840888294,0.009111677987524098,0.0,0.0
2026-09-11 13:00:00+00:00,0.004628306408284974,0.004238386372783266,0.0,0.0
2026-09-11 14:00:00+00:00,0.009316500804178963,0.014896539532737377,0.0,0.0
2026-09-11 15:00:00+00:00,0.010034777984974626,0.021499387944758464,0.0,0.0
2026-09-11 16:00:00+00:00,0.010266980421822574,0.028199799582483014,0.0,0.0
2026-09-11 17:00:00+00:00,0.00531489725386607,0.0329615766706177,0.0,0.0
2026-09-11 18:00:00+00:00,0.004559962911545587,0.053187450742081976,0.0,0.0
2026-09-11 19:00:00+00:00,0.0026318025405319048,0.01535723093234303,0.0,0.0
2026-09-11 20:00:00+00:00,0.0028868344906270633,0.02549959843833044,0.0,0.0
2026-09-11 21:00:00+00:00,0.004961810615501286,0.027856505642814517,0.0,0.0
2026-09-11 22:00:00+00:00,0.010228391677341402,0.05568031211626345,0.0,0.0
2026-09-11 23:00:00+00:00,0.0077297769117148805,0.04840555317962202,0.0,0.0
2026-09-12 00:00:00+00:00,0.015238012952758548,0.032674417699790764,0.0,0.0
2026-09-12 01:00:00+00:00,0.009049117482141456,0.02149272715300786,0.0,0.0
2026-09-12 02:00:00+00:00,0.010291188148570324,0.02334377907918482,0.0,0.0
2026-09-12 03:00:00+00:00,0.009610350796444813,0.020868728824620448,0.0,0.0
2026-09-12 04:00:00+00:00,0.0072420585173645175,0.025831647105609243,0.0,0.0
2026-09-12 05:00:00+00:00,0.0074192747915257625,0.040740472791759304,0.0,0.0
2026-09-12 06:00:00+00:00,0.007070048181828184,0.013683905579040334,0.0,0.0
2026-09-12 07:00:00+00:00,0.005219326867087631,0.019527813685961362,0.0,0.0
2026-09-12 08:00:00+00:00,0.010758792953983574,0.016578618492861057,0.0,0.0
2026-09-12 09:00:00+00:00,0.01682380173895133,0.02110140703406586,0.0,0.0
2026-09-12 10:00:00+00:00,0.015173998674902869,0.018096487536601896,0.0,0.0
2026-09-12 11:00:00+00:00,0.018242219121001484,0.019191691469776728,0.0,0.0
2026-09-12 12:00:00+00:00,0.019322865108547384,0.03955963101682502,0.0,0.0
2026-09-12 13:00:00+00:00,0.012335922194116297,0.034842058328191074,0.0,0.0
2026-09-12 14:00:00+00:00,0.012876106294918407,0.015486578541295842,0.0,0.0
2026-09-12 15:00:00+00:00,0.004437399351552593,0.007843076760973075,0.0,0.0
2026-09-12 16:00:00+00:00,0.004167234159799099,0.005108911336878682,0.0,0.0
2026-09-12 17:00:00+00:00,0.003012409699799448,0.009399829354234885,0.0,0.0
2026-09-12 18:00:00+00:00,0.0011694175916519976,0.007372972124786765,0.0,0.0
2026-09-12 19:00:00+00:00,0.001614905036582845,0.01547894010833202,0.0,0.0
2026-09-12 20:00:00+00:00,0.00168893440191001,0.007361987938352573,0.0,0.0
2026-09-12 21:00:00+00:00,0.0020319939220094043,0.003971970202013629,0.0,0.0
2026-09-12 22:00:00+00:00,0.0016229878575710732,0.0023401089096038888,0.0,0.0
2026-09-12 23:00:00+00:00,0.0015759002078656857,0.0009663998269281918,0.0,0.0
2026-09-13 00:00:00+00:00,0.014293236807601363,0.005467206715523647,0.0,0.0
2026-09-13 01:00:00+00:00,0.018650333317385498,0.010809876728869768,0.0,0.0
2026-09-13 02:00:00+00:00,0.015255177954444357,0.008122723367530945,0.0,0.0
2026-09-13 03:00:00+00:00,0.009585751303092267,0.008853041850997797,0.0,0.0
2026-09-13 04:00:00+00:00,0.009128241304602767,0.00654444639175684,0.0,0.0
2026-09-13 05:00:00+00:00,0.012641236216127337,0.006373092748899536,0.0,0.0
2026-09-13 06:00:00+00:00,0.007508245364919039,0.015754243835025643,0.0,0.0
2026-09-13 07:00:00+00:00,0.005387592705579552,0.009206544631568744,0.0,0.0
2026-09-13 08:00:00+00:00,0.0028404240975483247,0.02175942291005205,0.0,0.0
2026-09-13 09:00:00+00:00,0.0024332104099768774,0.034434947928826794,0.0,0.0
2026-09-13 10:00:00+00:00,0.0012553523530327221,0.01489718372944685,0.0,0.0
2026-09-13 11:00:00+00:00,0.002690196324512093,0.023283690026081976,0.0,0.0
2026-09-13 12:00:00+00:00,0.002707164979468451,0.02061406414319546,0.0,0.0
2026-09-13 13:00:00+00:00,0.006697697408167661,0.03370530162211607,0.0,0.0
2026-09-13 14:00:00+00:00,0.02386895756956298,0.015603458728953794,0.0,0.0
2026-09-13 15:00:00+00:00,0.02288166861812264,0.022364456266058194,0.0,0.0
2026-09-13 16:00:00+00:00,0.03641090260804646,0.017304763445011962,0.0,0.0
2026-09-13 17:00:00+00:00,0.035046612705329286,0.008908454229962852,0.0,0.0
2026-09-13 18:00:00+00:00,0.02928827660552064,0.008483267715803237,0.0,0.0
2026-09-13 19:00:00+00:00,0.038066658543242184,0.009222754503691002,0.0,0.0
2026-09-13 20:00:00+00:00,0.03495713416822241,0.006524826580259967,0.0,0.0
2026-09-13 21:00:00+00:00,0.03748773139255586,0.01006145142048427,0.0,0.0
2026-09-13 22:00:00+00:00,0.03539680815360401,0.1265396208860112,0.0,0.0
2026-09-13 23:00:00+00:00,0.024004657870186134,0.05872612789270274,0.0,0.0
2026-09-14 00:00:00+00:00,0.028048226118809583,0.05966227640382967,0.0,0.0
2026-09-14 01:00:00+00:00,0.031335996949374424,0.04053937656771835,0.0,0.0
2026-09-14 02:00:00+00:00,0.03929478422156775,0.02180809092316896,0.0,0.0
2026-09-14 03:00:00+00:00,0.036465428673209975,0.026558208857136365,0.0,0.0
2026-09-14 04:00:00+00:00,0.03339139954378354,0.018825731100045925,0.0,0.0
2026-09-14 05:00:00+00:00,0.02884587402181969,0.02219762587114878,0.0,0.0
2026-09-14 06:00:00+00:00,0.021770092227116223,0.025296595888987503,0.0,0.0
2026-09-14 07:00:00+00:00,0.03813128605449379,0.019919574798006115,0.0,0.0
2026-09-14 08:00:00+00:00,0.022614095688079996,0.024138225004089242,0.0,0.0
2026-09-14 09:00:00+00:00,0.027191350610981945,0.01912339210214699,0.0,0.0
2026-09-14 10:00:00+00:00,0.019068687331464843,0.02133883317225388,0.0,0.0
2026-09-14 11:00:00+00:00,0.019370878039262997,0.040232251925218,0.0,0.0
2026-09-14 12:00:00+00:00,0.020157414169967188,0.025394674695354735,0.0,0.0
2026-09-14 13:00:00+00:00,0.028090386523350348,0.03940918403373674,0.0,0.0
2026-09-14 14:00:00+00:00,0.0329058242537403,0.039006757604643304,0.0,0.0
2026-09-14 15:00:00+00:00,0.04057643973334582,0.06213513668663748,0.0,0.0
2026-09-14 16:00:00+00:00,0.05239945541514843,0.03314315695682496,0.0,0.0
2026-09-14 17:00:00+00:00,0.07116030829071819,0.0438423005874534,0.0,0.0
2026-09-14 18:00:00+00:00,0.08895594622051362,0.0467480330097925,0.0,1.0
2026-09-14 19:00:00+00:00,0.06113217648253496,0.06196758319793024,0.0,1.0
2026-09-14 20:00:00+00:00,0.07950768481898245,0.05313028147895998,0.0,1.0
2026-09-14 21:00:00+00:00,0.07131660729964384,0.07492249651732917,0.0,1.0
2026-09-14 22:00:00+00:00,0.04729679389939042,0.04635077991431822,0.0,1.0
2026-09-14 23:00:00+00:00,0.03976135024665595,0.03930564236404275,0.0,0.0
2026-09-15 00:00:00+00:00,0.0178520447254736,0.03591463623022385,0.0,0.0
2026-09-15 01:00:00+00:00,0.020763588789649606,0.02818766088366384,0.0,0.0
2026-09-15 02:00:00+00:00,0.014569589334521934,0.015680195484263984,0.0,0.0
2026-09-15 03:00:00+00:00,0.011584671588388731,0.0186627697083136,0.0,0.0
2026-09-15 04:00:00+00:00,0.015280393202537075,0.022232045910939673,0.0,0.0
2026-09-15 05:00:00+00:00,0.01839425449150979,0.01496198544312022,0.0,0.0
2026-09-15 06:00:00+00:00,0.011030353538794916,0.015386038316600228,0.0,0.0
2026-09-15 07:00:00+00:00,0.011715225868225087,0.025729349128518805,0.0,0.0
2026-09-15 08:00:00+00:00,0.010298123109907284,0.023752927466659208,0.0,0.0
2026-09-15 09:00:00+00:00,0.011622799559256847,0.0197804008019993,0.0,0.0
2026-09-15 10:00:00+00:00,0.01711863870874272,0.022400913731719763,0.0,0.0
2026-09-15 11:00:00+00:00,0.016529532725632012,0.019242335630002383,0.0,0.0
2026-09-15 12:00:00+00:00,0.02219606987115169,0.021029060403347594,0.0,0.0
2026-09-15 13:00:00+00:00,0.024817628660855396,0.04981783615159072,0.0,0.0
2026-09-15 14:00:00+00:00,0.026955432584306244,0.05679203024021648,0.0,0.0
2026-09-15 15:00:00+00:00,0.029354726361343387,0.039009662903230206,0.0,0.0
2026-09-15 16:00:00+00:00,0.02713321117923222,0.049968251732011464,0.0,0.0
2026-09-15 17:00:00+00:00,0.042094943398241214,0.03828351787964839,0.0,0.0
2026-09-15 18:00:00+00:00,0.04692830864486761,0.038656884320404594,0.0,0.0
2026-09-15 19:00:00+00:00,0.0423868012013256,0.05852553232204074,0.0,0.0
2026-09-15 20:00:00+00:00,0.038535696024305295,0.061260385834043814,0.0,0.0
2026-09-15 21:00:00+00:00,0.02594650107045417,0.04011308872388137,0.0,0.0
2026-09-15 22:00:00+00:00,0.04098352491233755,0.049449800817361035,0.0,0.0
2026-09-15 23:00:00+00:00,0.038545030252522705,0.04995838901731927,0.0,0.0
2026-09-16 00:00:00+00:00,0.025858272117087782,0.0792915541242125,0.0,0.0
2026-09-16 01:00:00+00:00,0.038605558666928434,0.12150282333084628,0.0,0.0
2026-09-16 02:00:00+00:00,0.034852332734748394,0.09382650082094111,0.0,0.0
2026-09-16 03:00:00+00:00,0.030172398915853393,0.09099818311857927,0.0,0.0
2026-09-16 04:00:00+00:00,0.03278729882558041,0.08551776913212761,0.0,0.0
2026-09-16 05:00:00+00:00,0.03662994516307803,0.06911454655672837,0.0,0.0
2026-09-16 06:00:00+00:00,0.046017067273916024,0.053829365185769786,0.0,0.0
2026-09-16 07:00:00+00:00,0.045788598936346486,0.09129833578170492,0.0,0.0
2026-09-16 08:00:00+00:00,0.03808526721567812,0.07160707571803433,0.0,0.0
2026-09-16 09:00:00+00:00,0.029068223220109168,0.05895553006055456,0.0,0.0
2026-09-16 10:00:00+00:00,0.03267518094706598,0.06778377472142771,0.0,0.0
2026-09-16 11:00:00+00:00,0.04358169983769938,0.08057730971537115,0.0,0.0
2026-09-16 12:00:00+00:00,0.041771482742524714,0.10606568165682712,0.0,0.0
2026-09-16 13:00:00+00:00,0.048591100413853235,0.1276641611649965,0.0,0.0
2026-09-16 14:00:00+00:00,0.03263901723535806,0.11384254246178586,0.0,0.0
2026-09-16 15:00:00+00:00,0.030818981926240118,0.09564198332775842,0.0,0.0
2026-09-16 16:00:00+00:00,0.026103927063741417,0.07953162671231921,0.0,0.0
2026-09-16 17:00:00+00:00,0.03797296311780755,0.11461126613272843,0.0,0.0
2026-09-16 18:00:00+00:00,0.020499648478228796,0.09346657131411353,0.0,0.0
2026-09-16 19:00:00+00:00,0.020818450148376046,0.07032695291268848,0.0,0.0
2026-09-16 20:00:00+00:00,0.017340282930607395,0.05654960900586173,0.0,0.0
2026-09-16 21:00:00+00:00,0.007149276135309305,0.04812610531938499,0.0,0.0
2026-09-16 22:00:00+00:00,0.012097700859758443,0.08026256373888181,0.0,0.0
2026-09-16 23:00:00+00:00,0.015992221423818894,0.05972153182655704,0.0,0.0
2026-09-17 00:00:00+00:00,0.01076622112364134,0.08131115328042161,0.0,0.0
2026-09-17 01:00:00+00:00,0.00966571239287368,0.07765987626034225,0.0,0.0
2026-09-17 02:00:00+00:00,0.007804374944310878,0.055212055593316205,0.0,0.0
2026-09-17 03:00:00+00:00,0.008061377655257931,0.04172060671447164,0.0,0.0
2026-09-17 04:00:00+00:00,0.011258799330828809,0.031239046119195642,0.0,0.0
2026-09-17 05:00:00+00:00,0.006189534571478864,0.04664928616658277,0.0,0.0
2026-09-17 06:00:00+00:00,0.0073809859623406105,0.033537356681919844,0.0,0.0
2026-09-17 07:00:00+00:00,0.00689686151396459,0.03106135761515109,0.0,0.0
2026-09-17 08:00:00+00:00,0.006202564484964462,0.028382383789057806,0.0,0.0
2026-09-17 09:00:00+00:00,0.005658565572285018,0.027254799259046097,0.0,0.0
2026-09-17 10:00:00+00:00,0.006907399198983832,0.036567592970733385,0.0,0.0
2026-09-17 11:00:00+00:00,0.009137196720776517,0.024255892277343743,0.0,0.0
2026-09-17 12:00:00+00:00,0.018056013700449847,0.03176881091489869,0.0,0.0
2026-09-17 13:00:00+00:00,0.009353342344243646,0.025474398460064065,1.0,0.0
2026-09-17 14:00:00+00:00,0.009391359795240048,0.04929211264801462,1.0,0.0
2026-09-17 15:00:00+00:00,0.014342448040062286,0.021904090765923288,1.0,0.0
2026-09-17 16:00:00+00:00,0.016954782954731823,0.03821164221126435,1.0,0.0
2026-09-17 17:00:00+00:00,0.018871288355301954,0.04594364851716146,1.0,0.0
2026-09-17 18:00:00+00:00,0.011405553304239124,0.019571251389250796,1.0,0.0
2026-09-17 19:00:00+00:00,0.017925272517397953,0.021498394456498964,1.0,0.0
2026-09-17 20:00:00+00:00,0.018397835584967163,0.01396498541935136,1.0,0.0
2026-09-17 21:00:00+00:00,0.011924365256857536,0.019881956361115494,1.0,0.0
2026-09-17 22:00:00+00:00,0.009476701563359285,0.01578207377649037,1.0,0.0
2026-09-17 23:00:00+00:00,0.006183844124911323,0.010795507118960967,1.0,0.0
2026-09-18 00:00:00+00:00,0.005559141563536082,0.00490783365507165,1.0,0.0
2026-09-18 01:00:00+00:00,0.007971308152835565,0.006187135175064127,1.0,0.0
2026-09-18 02:00:00+00:00,0.013325143237407975,0.0047292448443648,1.0,0.0
2026-09-18 03:00:00+00:00,0.016560610007634324,0.003786368192327774,1.0,0.0
2026-09-18 04:00:00+00:00,0.01638920113543431,0.0034867463982736287,1.0,0.0
2026-09-18 05:00:00+00:00,0.008102953501345343,0.0034877474449190094,1.0,0.0
2026-09-18 06:00:00+00:00,0.009928028958150842,0.001981735128518769,1.0,0.0
2026-09-18 07:00:00+00:00,0.008174334403291815,0.0033053462367672675,1.0,0.0
2026-09-18 08:00:00+00:00,0.009868420399891581,0.0025746400878295657,1.0,0.0
2026-09-18 09:00:00+00:00,0.006437526344733802,0.002677530620152359,1.0,0.0
2026-09-18 10:00:00+00:00,0.00752560046349669,0.0010746865000998294,1.0,0.0
2026-09-18 11:00:00+00:00,0.007123257538854867,0.0018942962658260913,1.0,0.0
2026-09-18 12:00:00+00:00,0.006762854704550743,0.0022099117536178757,1.0,0.0
2026-09-18 13:00:00+00:00,0.019247023540442037,0.00226201321578545,0.0,0.0
2026-09-18 14:00:00+00:00,0.009796812149685882,0.010921545870079019,0.0,0.0
2026-09-18 15:00:00+00:00,0.015951517942677063,0.017501934104188533,0.0,0.0
2026-09-18 16:00:00+00:00,0.03794166626162802,0.007446143090473753,0.0,0.0
2026-09-18 17:00:00+00:00,0.03792883318991878,0.013350243606824944,0.0,0.0
2026-09-18 18:00:00+00:00,0.028349110411070095,0.027468576558688406,0.0,0.0
2026-09-18 19:00:00+00:00,0.0079801181081338,0.016131000027150132,0.0,0.0
2026-09-18 20:00:00+00:00,0.004998230667725152,0.009880375274804861,0.0,0.0
2026-09-18 21:00:00+00:00,0.013786698191193622,0.007828203671581897,0.0,0.0
2026-09-18 22:00:00+00:00,0.010401028084445709,0.004482348315713718,0.0,0.0
2026-09-18 23:00:00+00:00,0.017221305246449364,0.015601181489097208,0.0,0.0
2026-09-19 00:00:00+00:00,0.07344894717680793,0.010138282671277898,0.0,0.0
2026-09-19 01:00:00+00:00,0.03984806643175495,0.013641002458660739,0.0,0.0
2026-09-19 02:00:00+00:00,0.03166021291267888,0.011057291916249526,0.0,0.0
2026-09-19 03:00:00+00:00,0.026933034424877322,0.004735823628933798,0.0,0.0
2026-09-19 04:00:00+00:00,0.03450834643602335,0.010084235039772843,0.0,0.0
2026-09-19 05:00:00+00:00,0.01713538422047602,0.005511909509732346,0.0,0.0
2026-09-19 06:00:00+00:00,0.01408976627807893,0.005501919515926343,0.0,0.0
2026-09-19 07:00:00+00:00,0.018969204470662204,0.004117113693867136,0.0,0.0
2026-09-19 08:00:00+00:00,0.037100691576697944,0.004468794038275725,0.0,0.0
2026-09-19 09:00:00+00:00,0.1016913047769461,0.005727906852051854,0.0,0.0
2026-09-19 10:00:00+00:00,0.13560239376798564,0.011699915011365164,0.0,0.0
2026-09-19 11:00:00+00:00,0.16163013803203455,0.00676089931890015,0.0,0.0
2026-09-19 12:00:00+00:00,0.18826564426937709,0.007509717151206651,0.0,0.0
2026-09-19 13:00:00+00:00,0.08284842466192416,0.0014071569171033806,0.0,0.0
2026-09-19 14:00:00+00:00,0.07792587196882772,0.0009745912510167721,0.0,0.0
2026-09-19 15:00:00+00:00,0.09016813296825248,0.001294507109436395,0.0,0.0
2026-09-19 16:00:00+00:00,0.11146330612728235,0.0009649932352918212,0.0,0.0
2026-09-19 17:00:00+00:00,0.10292859996545549,0.0013756122313228957,0.0,0.0
2026-09-19 18:00:00+00:00,0.07592455049963544,0.000937638800132757,0.0,0.0
2026-09-19 19:00:00+00:00,0.06076344890432065,0.0011068487999553716,0.0,0.0
2026-09-19 20:00:00+00:00,0.0750221948002004,0.004393123725446212,0.0,0.0
2026-09-19 21:00:00+00:00,0.05801087129408381,0.0047617131936921455,0.0,0.0
2026-09-19 22:00:00+00:00,0.04576781504377305,0.0029475319702360393,0.0,0.0
2026-09-19 23:00:00+00:00,0.049322272042565805,0.007547227886102151,0.0,0.0
2026-09-20 00:00:00+00:00,0.10496640028663683,0.005041718637402761,0.0,0.0
2026-09-20 01:00:00+00:00,0.045884816482513115,0.0022231369712982178,0.0,0.0
2026-09-20 02:00:00+00:00,0.05258370739986159,0.014971994795241842,0.0,0.0
2026-09-20 03:00:00+00:00,0.037960531557653825,0.013016438902083531,0.0,0.0
2026-09-20 04:00:00+00:00,0.01958134209313691,0.004039293940328442,0.0,0.0
2026-09-20 05:00:00+00:00,0.02929162542988491,0.007875397719860532,0.0,0.0
2026-09-20 06:00:00+00:00,0.02219854110208364,0.0036433686415515997,0.0,0.0
2026-09-20 07:00:00+00:00,0.012309734805783403,0.002537227569980592,0.0,0.0
2026-09-20 08:00:00+00:00,0.01423476744120356,0.0020792343218979264,1.0,0.0
2026-09-20 09:00:00+00:00,0.01964360813307857,0.0019349859452725826,1.0,0.0
2026-09-20 10:00:00+00:00,0.014808813139646831,0.0015576553545097165,1.0,0.0
2026-09-20 11:00:00+00:00,0.032926353217364396,0.0054119583969634635,1.0,0.0
2026-09-20 12:00:00+00:00,0.028776582031141373,0.003368471697568248,1.0,0.0
2026-09-20 13:00:00+00:00,0.040346856975942536,0.004233318826372923,1.0,0.0
2026-09-20 14:00:00+00:00,0.04861249091192654,0.0043785384273772945,1.0,0.0
2026-09-20 15:00:00+00:00,0.06489058738136544,0.007472372184663492,1.0,0.0
2026-09-20 16:00:00+00:00,0.08303575745592788,0.006633456906970457,1.0,0.0
2026-09-20 17:00:00+00:00,0.10303967694671919,0.010019968396047987,1.0,0.0
2026-09-20 18:00:00+00:00,0.0769814044522922,0.0048816102992202,1.0,0.0
2026-09-20 19:00:00+00:00,0.0854365166646353,0.005660164618207813,1.0,0.0
2026-09-20 20:00:00+00:00,0.07473127902594844,0.00990815081946921,1.0,0.0
2026-09-20 21:00:00+00:00,0.07167794975506253,0.01452887034297051,1.0,0.0
2026-09-20 22:00:00+00:00,0.08545569311828129,0.01757096652053494,1.0,0.0
2026-09-20 23:00:00+00:00,0.0774249645028946,0.015583968677699095,1.0,0.0
2026-09-21 00:00:00+00:00,0.18612221973964796,0.015300880589768853,1.0,0.0
2026-09-21 01:00:00+00:00,0.09578732644678963,0.03325349519034093,1.0,0.0
2026-09-21 02:00:00+00:00,0.03586897303471237,0.016184873169282663,1.0,0.0
2026-09-21 03:00:00+00:00,0.03563536118939046,0.011042428472613766,1.0,0.0
2026-09-21 04:00:00+00:00,0.028411672600996887,0.014281850984931899,1.0,0.0
2026-09-21 05:00:00+00:00,0.03196216482994596,0.00587184659734809,1.0,0.0
2026-09-21 06:00:00+00:00,0.051542352765480394,0.007421357578708287,1.0,0.0
2026-09-21 07:00:00+00:00,0.04221168425145616,0.005416918698814448,1.0,0.0
2026-09-21 08:00:00+00:00,0.052823532698219426,0.005524106201899824,0.0,0.0
2026-09-21 09:00:00+00:00,0.03153203702680075,0.007583244433709954,0.0,0.0
2026-09-21 10:00:00+00:00,0.031602853195002015,0.021411926694746317,0.0,0.0
2026-09-21 11:00:00+00:00,0.04086546744581038,0.022804546013179283,0.0,0.0
2026-09-21 12:00:00+00:00,0.045282462181456984,0.032457529637946715,0.0,0.0
2026-09-21 13:00:00+00:00,0.05143226655858447,0.026265987918252937,0.0,0.0
2026-09-21 14:00:00+00:00,0.030499152995817718,0.03751362043961676,0.0,0.0
2026-09-21 15:00:00+00:00,0.0299627255168933,0.030577533235629974,0.0,0.0
2026-09-21 16:00:00+00:00,0.09353997843700258,0.039531207779031186,0.0,0.0
2026-09-21 17:00:00+00:00,0.0849349989500814,0.033674309391282055,0.0,0.0
2026-09-21 18:00:00+00:00,0.08393316020257695,0.046706787471771906,0.0,0.0
2026-09-21 19:00:00+00:00,0.10532592894513226,0.0436884410313336,0.0,0.0
2026-09-21 20:00:00+00:00,0.08823611789735362,0.04773551312516711,0.0,0.0
2026-09-21 21:00:00+00:00,0.06563050843458783,0.053675362597109484,0.0,0.0
2026-09-21 22:00:00+00:00,0.08721193236139006,0.05888557932745031,0.0,0.0
2026-09-21 23:00:00+00:00,0.0809389428788188,0.0504988657284278,0.0,0.0
2026-09-22 00:00:00+00:00,0.047032661927011145,0.08252437661371659,0.0,0.0
2026-09-22 01:00:00+00:00,0.02358061291533042,0.045806168860599274,0.0,0.0
2026-09-22 02:00:00+00:00,0.029917038590459383,0.038494097226752094,0.0,0.0
2026-09-22 03:00:00+00:00,0.03552071068162407,0.03234524769622639,0.0,0.0
2026-09-22 04:00:00+00:00,0.07406579345527012,0.023768165743435803,0.0,0.0
2026-09-22 05:00:00+00:00,0.10561648205792538,0.025723126708582806,0.0,0.0
2026-09-22 06:00:00+00:00,0.08231110642279754,0.015332641674830115,0.0,0.0
2026-09-22 07:00:00+00:00,0.12051889576791504,0.01981993519575428,0.0,0.0
2026-09-22 08:00:00+00:00,0.11115976711170723,0.0036656562330990715,0.0,0.0
2026-09-22 09:00:00+00:00,0.08688049054982637,0.003867909604324208,0.0,0.0
2026-09-22 10:00:00+00:00,0.08996695085267643,0.002667213801233078,0.0,0.0
2026-09-22 11:00:00+00:00,0.128211260859683,0.0025636870431497015,0.0,0.0
2026-09-22 12:00:00+00:00,0.12280166934155375,0.005453293516108219,0.0,0.0
2026-09-22 13:00:00+00:00,0.131202325468014,0.004848402439405036,0.0,0.0
2026-09-22 14:00:00+00:00,0.13011780157878697,0.00814638827104198,0.0,0.0
2026-09-22 15:00:00+00:00,0.16597598166367863,0.005921702285914172,0.0,0.0
2026-09-22 16:00:00+00:00,0.21020097637734195,0.007409883163336119,0.0,0.0
2026-09-22 17:00:00+00:00,0.2223045234985157,0.008700001155676583,0.0,0.0
2026-09-22 18:00:00+00:00,0.19345346521775839,0.008578911610842956,0.0,0.0
2026-09-22 19:00:00+00:00,0.19190067576113168,0.011275997203091586,0.0,0.0
2026-09-22 20:00:00+00:00,0.18192471119976994,0.0058894223739615744,0.0,0.0
2026-09-22 21:00:00+00:00,0.10876174862396652,0.003964148863214191,0.0,0.0
2026-09-22 22:00:00+00:00,0.14426167748574864,0.005345760500065137,0.0,0.0
2026-09-22 23:00:00+00:00,0.1758383610916915,0.005207590179286285,0.0,0.0
2026-09-23 00:00:00+00:00,0.10029799096233079,0.003548781143473971,0.0,0.0
2026-09-23 01:00:00+00:00,0.08488542799415344,0.003345931896046351,0.0,0.0
2026-09-23 02:00:00+00:00,0.07371937342145478,0.00221829303731502,0.0,0.0
2026-09-23 03:00:00+00:00,0.06720673227179814,0.0014990899794368082,0.0,0.0
2026-09-23 04:00:00+00:00,0.12555517107404468,0.0022889731205391686,0.0,0.0
2026-09-23 05:00:00+00:00,0.07829683605375462,0.0035039736525125445,0.0,0.0
2026-09-23 06:00:00+00:00,0.06720122963771373,0.003944309768838145,0.0,0.0
2026-09-23 07:00:00+00:00,0.06869618045324234,0.0043133354465296056,0.0,0.0
2026-09-23 08:00:00+00:00,0.03682732441164194,0.0030453836529300764,0.0,0.0
2026-09-23 09:00:00+00:00,0.027597809710378726,0.001406303831788521,0.0,0.0
2026-09-23 10:00:00+00:00,0.021992022511206463,0.0025838937893192964,0.0,0.0
2026-09-23 11:00:00+00:00,0.023718950282308443,0.0023477851452443355,0.0,0.0
2026-09-23 12:00:00+00:00,0.027408213235543825,0.0032747162494156743,0.0,0.0
2026-09-23 13:00:00+00:00,0.03473655776318297,0.002806234530623203,0.0,0.0
2026-09-23 14:00:00+00:00,0.03321606663175918,0.013060624073771584,0.0,0.0
2026-09-23 15:00:00+00:00,0.04375572218466072,0.012900638155668059,0.0,0.0
2026-09-23 16:00:00+00:00,0.0331303217516567,0.011168345766985756,0.0,0.0
2026-09-23 17:00:00+00:00,0.0270018417868967,0.008895255497089041,0.0,0.0
2026-09-23 18:00:00+00:00,0.02373943838186424,0.008440735846744108,0.0,0.0
2026-09-23 19:00:00+00:00,0.027851072741199506,0.013368395711047698,0.0,0.0
2026-09-23 20:00:00+00:00,0.014490415256149684,0.011325544497854735,0.0,0.0
2026-09-23 21:00:00+00:00,0.01749277991344617,0.014339707630436113,0.0,0.0
2026-09-23 22:00:00+00:00,0.01437455727269348,0.011005395239357743,0.0,0.0
2026-09-23 23:00:00+00:00,0.011466136530257779,0.012073600109418466,0.0,0.0
2026-09-24 00:00:00+00:00,0.013458035828011389,0.0313401564548656,0.0,0.0
2026-09-24 01:00:00+00:00,0.010861093232526764,0.053181048386643066,0.0,0.0
2026-09-24 02:00:00+00:00,0.012186377858113545,0.033772425276045036,0.0,0.0
2026-09-24 03:00:00+00:00,0.008025395053561476,0.03825735037848047,0.0,0.0
2026-09-24 04:00:00+00:00,0.00497268461378637,0.028698585378510496,0.0,0.0
2026-09-24 05:00:00+00:00,0.0038898615813039365,0.030950632288067322,0.0,0.0
2026-09-24 06:00:00+00:00,0.004020006992658255,0.042254871333087946,0.0,0.0
2026-09-24 07:00:00+00:00,0.0073145244635582545,0.03705050260317688,0.0,0.0
2026-09-24 08:00:00+00:00,0.0074656364494711,0.05034400186435356,0.0,0.0
2026-09-24 09:00:00+00:00,0.006242550101654123,0.05573516195400433,0.0,0.0
2026-09-24 10:00:00+00:00,0.004616048858418222,0.05119242733098134,0.0,0.0
2026-09-24 11:00:00+00:00,0.002157771237796866,0.04261471368977068,0.0,0.0
2026-09-24 12:00:00+00:00,0.003699244386425092,0.05008324422434074,0.0,0.0
2026-09-24 13:00:00+00:00,0.011396267500813134,0.07070682788670941,0.0,0.0
2026-09-24 14:00:00+00:00,0.009505494676741015,0.060529104756706725,0.0,0.0
2026-09-24 15:00:00+00:00,0.009401698010102913,0.0403451610936961,0.0,0.0
2026-09-24 16:00:00+00:00,0.008926239118105275,0.04221561186515418,0.0,0.0
2026-09-24 17:00:00+00:00,0.007831659465528043,0.056994800291371196,0.0,0.0
2026-09-24 18:00:00+00:00,0.01010346832913764,0.052247572914151275,0.0,0.0
2026-09-24 19:00:00+00:00,0.010887861982530006,0.07552041526892388,0.0,0.0
2026-09-24 20:00:00+00:00,0.00876109555548435,0.05903054946713327,0.0,0.0
2026-09-24 21:00:00+00:00,0.010082201836512046,0.06599202981037118,0.0,0.0
2026-09-24 22:00:00+00:00,0.009408147041048661,0.05719795316401011,0.0,0.0
2026-09-24 23:00:00+00:00,0.011324938416879364,0.047480163189669085,0.0,0.0
2026-09-25 00:00:00+00:00,0.0030081316027159295,0.03344878260302069,0.0,0.0
2026-09-25 01:00:00+00:00,0.003551599243109315,0.0326813064083778,0.0,0.0
2026-09-25 02:00:00+00:00,0.005151703062028872,0.05678108032694303,0.0,0.0
2026-09-25 03:00:00+00:00,0.002269724645979641,0.03260121189429849,0.0,0.0
2026-09-25 04:00:00+00:00,0.002083812382094504,0.04257535570672646,0.0,0.0
2026-09-25 05:00:00+00:00,0.0013343126327137543,0.034517857337935894,0.0,0.0
2026-09-25 06:00:00+00:00,0.0014337963771545719,0.0435473822980997,0.0,0.0
2026-09-25 07:00:00+00:00,0.0019042461081989074,0.05827052653380899,0.0,0.0
2026-09-25 08:00:00+00:00,0.0015074140764743625,0.01755810024289974,0.0,0.0
2026-09-25 09:00:00+00:00,0.002196186224795116,0.013785094068502535,0.0,0.0
2026-09-25 10:00:00+00:00,0.0025028624624900977,0.011686485418414877,0.0,0.0
2026-09-25 11:00:00+00:00,0.007891770970390842,0.03383015213903853,0.0,0.0
2026-09-25 12:00:00+00:00,0.00511456448214338,0.036695130756091855,0.0,0.0
2026-09-25 13:00:00+00:00,0.0028357618842247932,0.04622415786570638,0.0,0.0
2026-09-25 14:00:00+00:00,0.0014922469991449055,0.03012584514269793,0.0,0.0
2026-09-25 15:00:00+00:00,0.0005677311173221451,0.013596363810360085,0.0,0.0
2026-09-25 16:00:00+00:00,0.0006244096870123924,0.012960009551744247,0.0,0.0
2026-09-25 17:00:00+00:00,0.0004925797574026383,0.006303252574485278,0.0,0.0
2026-09-25 18:00:00+00:00,0.0006980128717157672,0.0036169838803233995,0.0,0.0
2026-09-25 19:00:00+00:00,0.0008754628683954054,0.002854577066938806,0.0,0.0
2026-09-25 20:00:00+00:00,0.0011715585698108036,0.0044916974377339,0.0,0.0
2026-09-25 21:00:00+00:00,0.0010432398055531757,0.005798429765957525,0.0,0.0
2026-09-25 22:00:00+00:00,0.002536277357303076,0.005759242144252868,0.0,0.0
2026-09-25 23:00:00+00:00,0.0018724026623361649,0.006385882851679038,0.0,0.0
2026-09-26 00:00:00+00:00,0.003390769254135601,0.006963065920050794,0.0,0.0
2026-09-26 01:00:00+00:00,0.004654012630023009,0.004034665760948779,0.0,0.0
2026-09-26 02:00:00+00:00,0.00290236186715297,0.003140814001228534,0.0,0.0
2026-09-26 03:00:00+00:00,0.00206665030359123,0.002143422987735438,0.0,0.0
2026-09-26 04:00:00+00:00,0.0028471716687683856,0.0034123190586307036,0.0,0.0
2026-09-26 05:00:00+00:00,0.0016894899723612405,0.0021983717651595006,0.0,0.0
2026-09-26 06:00:00+00:00,0.0018114494610652744,0.0024421545724411316,0.0,0.0
2026-09-26 07:00:00+00:00,0.0026229008285753915,0.0018644448632520096,0.0,0.0
2026-09-26 08:00:00+00:00,0.003579419042217392,0.001604143867657295,0.0,0.0
2026-09-26 09:00:00+00:00,0.0026659944692608065,0.0020245601033089485,0.0,0.0
2026-09-26 10:00:00+00:00,0.002514128064248032,0.001112466935558898,0.0,0.0
2026-09-26 11:00:00+00:00,0.0023926018083953236,0.0012189018614846333,0.0,0.0
2026-09-26 12:00:00+00:00,0.002608175906850689,0.0015660575703257981,0.0,0.0
2026-09-26 13:00:00+00:00,0.001968703960309964,0.0050286086485538395,0.0,0.0
2026-09-26 14:00:00+00:00,0.00131671841166217,0.0018106483414611016,0.0,0.0
2026-09-26 15:00:00+00:00,0.003494813677073287,0.0038969014836252604,,
2026-09-26 16:00:00+00:00,0.0024669411210887786,0.0015899625472018668,,
2026-09-26 17:00:00+00:00,0.003437575212263745,0.003646843019166025,,
2026-09-26 18:00:00+00:00,0.005392002183117728,0.005054420412014507,,
2026-09-26 19:00:00+00:00,0.004118893101089206,0.0038903321284919287,,
2026-09-26 20:00:00+00:00,0.0029426628906018583,0.001678843315458917,,
2026-09-26 21:00:00+00:00,0.006440539873435948,0.0021272449967030104,,
2026-09-26 22:00:00+00:00,0.014631898180493175,0.003943084961927254,,
2026-09-26 23:00:00+00:00,0.01880741109867815,0.0036157844425555676,,
2026-09-27 00:00:00+00:00,0.02066969648959785,0.0022428378331052555,,
2026-09-27 01:00:00+00:00,0.04374269518376279,0.0036592286546305772,,
2026-09-27 02:00:00+00:00,0.023964212561044407,0.0018966011843725473,,
2026-09-27 03:00:00+00:00,0.017215377521216362,0.0021339542762933545,,
2026-09-27 04:00:00+00:00,0.0160552878354517,0.001827866804138734,,
2026-09-27 05:00:00+00:00,0.03557809725263031,0.003801192450848001,,
2026-09-27 06:00:00+00:00,0.0352078607795079,0.0030372770834584824,,
2026-09-27 07:00:00+00:00,0.037383062706914084,0.0030350276792030124,,
2026-09-27 08:00:00+00:00,0.03779895537239809,0.0038887372475019492,,
2026-09-27 09:00:00+00:00,0.037422128175117676,0.003822236872737136,,
2026-09-27 10:00:00+00:00,0.04103510498155991,0.0011911010389447215,,
2026-09-27 11:00:00+00:00,0.03085370790311608,0.001026575284472993,,
2026-09-27 12:00:00+00:00,0.029532169922950283,0.0008603667953022811,,
2026-09-27 13:00:00+00:00,0.041964270173470986,0.001880139252666913,,
2026-09-27 14:00:00+00:00,0.01635491172800275,0.005532383463833264,,
