sym,cell_m,H,n,days,vr,dh,t_dh,m_pos,ug,un,gross_rs,net_rs,prem_rs,event,part
CRUDEOIL,ATM call,h60,174,44,1.0294433,-0.004797419,-1.767731715538678,0.25,-0.0034996765,-0.010347843526679197,188.862655902731,1.245448088120172,20655.0,eia_in,design
CRUDEOIL,ATM put,h60,173,44,1.0316541,-0.00580539,-1.7062088143972607,0.08333333333333333,-0.007072815,-0.013954064868154854,-402.5824442075167,-586.6531360563281,19280.0,eia_in,design
CRUDEOIL,ITM1 call,h60,173,44,1.0303197,-0.006030107,-2.384813730116624,0.25,-0.005286542,-0.01203346204759084,15.718484338308345,-191.41231748122271,23060.0,eia_in,design
CRUDEOIL,ITM1 put,h60,170,44,1.0183576,-0.0062318915,-1.9285636970444933,0.08333333333333333,-0.007888721,-0.014655570058873121,-460.4713529698989,-664.9266785892139,21950.0,eia_in,design
CRUDEOIL,ITM2-3 call,h60,330,44,1.0336512,-0.0106779095,-3.493182244133083,0.16666666666666666,-0.008174479,-0.014534880717813486,-136.40412532921994,-358.64477067368017,27195.0,eia_in,design
CRUDEOIL,ITM2-3 put,h60,304,43,1.0458376,-0.007974434,-2.682964763726495,0.08333333333333333,-0.011432129,-0.017841271635639172,-586.5452565644916,-796.5812527192573,25970.002,eia_in,design
CRUDEOIL,OTM1 call,h60,173,44,1.0299709,-0.0024854003,-0.7292380263824586,0.3333333333333333,-0.0021733383,-0.009827074140089093,265.0132085546593,81.27321172141198,18080.0,eia_in,design
CRUDEOIL,OTM1 put,h60,174,44,1.0277302,-0.0072883726,-2.43042396556388,0.16666666666666666,-0.007713485,-0.015413243977635325,-393.30475905845907,-575.7460784434002,16885.0,eia_in,design
CRUDEOIL,OTM2-3 call,h60,338,44,1.035845,0.005736714,1.0047081965686555,0.5833333333333334,0.0043055248,-0.004763652818011208,449.67877427501793,280.5005223839241,15160.0,eia_in,design
CRUDEOIL,OTM2-3 put,h60,344,44,1.0400496,-0.004773292,-1.1176231843664668,0.3333333333333333,-0.0042664986,-0.013462400687288168,-177.21343262251034,-343.94053125820415,14005.0,eia_in,design
CRUDEOIL,all,h60,2353,44,1.0338928,-0.004798472,-2.30647974030869,0.3333333333333333,-0.0050963373,-0.012592962100062156,-113.5683597122108,-304.95773234687704,22050.0,eia_in,design
CRUDEOIL,ATM call,h60,164,41,0.9606107,-0.0027797148,-0.7887433820770694,0.25,0.0029992748,-0.0037782916937420326,337.5984029072087,141.0912883074166,23185.0,ngs_in,design
CRUDEOIL,ATM put,h60,164,41,0.9615862,-0.0077944654,-2.583660670963225,0.25,-0.013240742,-0.019928489835152385,-542.7708742095203,-737.2892961144512,23565.0,ngs_in,design
CRUDEOIL,ITM1 call,h60,163,41,0.96540266,-0.005507765,-2.9258633568708454,0.16666666666666666,0.00037269396,-0.006334409774686472,61.99140958259442,-152.6113608124364,25250.0,ngs_in,design
CRUDEOIL,ITM1 put,h60,161,41,0.9315155,-0.009429369,-2.564465094240969,0.25,-0.016906943,-0.02351096084081286,-788.0341381760118,-1002.4021899198237,26300.0,ngs_in,design
CRUDEOIL,ITM2-3 call,h60,303,41,0.9682498,-0.010684728,-4.764035881057358,0.0,-0.0063120113,-0.01264476696322131,-309.8201411785466,-539.6606108147117,28200.0,ngs_in,design
CRUDEOIL,ITM2-3 put,h60,300,41,0.9292988,-0.010252029,-3.0583115505582503,0.16666666666666666,-0.016930196,-0.023185805521972077,-852.1222839355469,-1083.12328412968,30145.0,ngs_in,design
CRUDEOIL,OTM1 call,h60,163,41,0.9567279,-0.0014407485,-0.30495546712559646,0.25,0.004784309,-0.0027202211536071722,408.6999109186278,212.46049365460823,21500.0,ngs_in,design
CRUDEOIL,OTM1 put,h60,163,41,0.9651391,-0.00529506,-1.9248298434288431,0.25,-0.010364228,-0.017834017725807876,-279.20353895316094,-469.03461987003016,20740.0,ngs_in,design
CRUDEOIL,OTM2-3 call,h60,318,41,0.9500879,0.0034835855,0.6426201751279162,0.4166666666666667,0.008546454,-0.0001805709724972914,607.3655116483101,425.725273579013,18260.0,ngs_in,design
CRUDEOIL,OTM2-3 put,h60,322,41,0.9760452,-0.0022892072,-0.6453469556553806,0.4166666666666667,-0.007337644,-0.01611585098295224,-84.0880915244914,-258.08885081307534,16235.0,ngs_in,design
CRUDEOIL,all,h60,2221,41,0.956692,-0.005038461,-2.5027666763017993,0.16666666666666666,-0.005352068,-0.012647392268771068,-140.8174668491987,-343.10607092410277,24050.0,ngs_in,design
CRUDEOIL,ATM call,h60,40,10,0.6255514,-0.022702688,-4.272187231933456,0.1,-0.054167967,-0.061692392650945435,-1044.249963760376,-1200.1269916974995,20640.0,cpi_in,design
CRUDEOIL,ATM put,h60,40,10,0.62674785,-0.018193198,-3.415406121726667,0.2,0.010666268,0.003197096258410928,108.49984169006348,-51.129214364049766,19370.0,cpi_in,design
CRUDEOIL,ITM1 call,h60,40,10,0.6279412,-0.021342374,-4.622485544529073,0.1,-0.050920982,-0.05809178893410486,-1116.250171661377,-1290.6299381538447,23050.0,cpi_in,design
CRUDEOIL,ITM1 put,h60,38,10,0.6221538,-0.016365036,-3.089537109516525,0.2,0.007379844,0.00031886036779803684,137.36827248021177,-47.47529396113301,25170.0,cpi_in,design
CRUDEOIL,ITM2-3 call,h60,73,10,0.6295498,-0.018019997,-4.3419581303687975,0.0,-0.048967835,-0.055570517349521155,-1361.4488575556506,-1555.4748515662432,27740.0,cpi_in,design
CRUDEOIL,ITM2-3 put,h60,74,10,0.61230165,-0.017322503,-3.5962328738924927,0.1,0.0013419293,-0.005255353280659531,-121.1745700320682,-322.78154338606936,24895.0,cpi_in,design
CRUDEOIL,OTM1 call,h60,38,10,0.62173694,-0.026183644,-3.704253707409002,0.2,-0.056355577,-0.06491123102166285,-980.2630775853207,-1136.2722526575062,18590.0,cpi_in,design
CRUDEOIL,OTM1 put,h60,40,10,0.629608,-0.02259006,-3.9804692190355047,0.2,0.008538125,-2.2582362788912957e-05,62.24982261657715,-92.01504951887571,16940.0,cpi_in,design
CRUDEOIL,OTM2-3 call,h60,77,10,0.6148594,-0.02250084,-2.707602052340031,0.3,-0.053812664,-0.06418954118454015,-715.5009604119635,-861.6606433706254,15660.001,cpi_in,design
CRUDEOIL,OTM2-3 put,h60,80,10,0.6320299,-0.027318547,-3.880862888315259,0.2,0.007626781,-0.003171801860054735,40.968098640441895,-100.28257543732644,13495.0,cpi_in,design
CRUDEOIL,all,h60,540,10,0.6236268,-0.021343252,-4.0485440872065155,0.1,-0.022787485,-0.03103848059578114,-503.312652375963,-670.6378305005708,19370.0,cpi_in,design
CRUDEOIL,ATM call,h60,327,6,0.6905998,-0.0011209022,-0.8653559503233799,0.3333333333333333,0.008705527,0.0007669708641595246,624.2770273751075,327.7104452063912,30390.0,fomc_day,design
CRUDEOIL,ATM put,h60,315,6,0.68578506,-2.269707e-06,-0.00205360549422657,0.3333333333333333,-0.0077945422,-0.01570496380121629,-476.29262288411456,-768.4731799556675,30340.0,fomc_day,design
CRUDEOIL,ITM1 call,h60,302,6,0.7041669,-0.0022296277,-3.6726445506024814,0.0,0.0096149715,0.0016041791187397703,701.648676790149,387.7711470304823,31595.0,fomc_day,design
CRUDEOIL,ITM1 put,h60,285,6,0.68186563,0.0004587367,0.3640560697808614,0.5,-0.009398473,-0.017476540576987214,-597.2516484846149,-907.3428591313337,32150.0,fomc_day,design
CRUDEOIL,ITM2-3 call,h60,546,6,0.71288586,-0.00720737,-4.534656349272563,0.0,0.0032048181,-0.00438172734444569,307.8495933896019,-16.521545262560664,34720.0,fomc_day,design
CRUDEOIL,ITM2-3 put,h60,408,6,0.7098459,-0.0022337865,-2.0493990096091848,0.5,-0.0076570474,-0.015526790432754544,-444.39288494633695,-747.3457230985625,32810.0,fomc_day,design
CRUDEOIL,OTM1 call,h60,307,6,0.70175445,0.00027428343,0.2106813202789498,0.5,0.010821451,0.0019191219199794567,736.3423673648399,453.7582531447022,27190.0,fomc_day,design
CRUDEOIL,OTM1 put,h60,315,6,0.69112384,0.0012178539,0.7109092610138835,0.5,-0.008669804,-0.017420334916555816,-536.1397818913536,-825.451996908077,27190.0,fomc_day,design
CRUDEOIL,OTM2-3 call,h60,576,6,0.7055366,0.0031515388,1.8973625651619304,0.6666666666666666,0.012047211,0.00176509184456839,781.396186682913,520.0567349151736,24710.0,fomc_day,design
CRUDEOIL,OTM2-3 put,h60,588,6,0.7002105,0.0039164736,1.6990859930383895,0.6666666666666666,-0.003982231,-0.014139922742762958,-274.30191721235,-532.4298954765957,22705.0,fomc_day,design
CRUDEOIL,all,h60,3969,6,0.6998552,-0.0002949017,-0.3065188771608256,0.3333333333333333,0.0011164467,-0.007587751690997915,107.96899091509614,-182.55507125977837,31000.0,fomc_day,design
CRUDEOIL,ATM call,h60,384,7,0.8263639,-0.00052553276,-0.39487009383480526,0.42857142857142855,-0.009145415,-0.017277124232557742,-387.18048334121704,-673.344043184207,30350.0,fomc_next,design
CRUDEOIL,ATM put,h60,383,7,0.83653355,-0.001787765,-1.2712001364474197,0.14285714285714285,0.0054546325,-0.0026028569598483295,158.59358366724717,-132.17522139924463,30640.0,fomc_next,design
CRUDEOIL,ITM1 call,h60,354,7,0.8403525,-0.0018245215,-1.3625819224039202,0.2857142857142857,-0.0108923605,-0.019061045964004035,-549.1666502871756,-839.9601913611258,31680.0,fomc_next,design
CRUDEOIL,ITM1 put,h60,362,7,0.84481025,-0.002445617,-1.5264983692137437,0.2857142857142857,0.0045111845,-0.0036098402982321495,101.76062188754425,-209.252413990735,33395.0,fomc_next,design
CRUDEOIL,ITM2-3 call,h60,650,7,0.8333405,-0.004737962,-3.4702469285289337,0.0,-0.012972345,-0.02074176498720483,-799.1773939866287,-1110.8138322513948,33725.0,fomc_next,design
CRUDEOIL,ITM2-3 put,h60,603,7,0.85588026,-0.00466033,-2.6750011077651648,0.14285714285714285,0.00085148844,-0.006792486770547503,-61.30317574116721,-393.7360910921196,36300.0,fomc_next,design
CRUDEOIL,OTM1 call,h60,374,7,0.83361727,0.00019813233,0.11173089067296368,0.2857142857142857,-0.009310582,-0.018377478092326163,-359.0640323047332,-641.655949340899,28270.0,fomc_next,design
CRUDEOIL,OTM1 put,h60,361,7,0.85916996,-0.0018315185,-1.1760663094659316,0.2857142857142857,0.008185962,-0.0008512797380924531,279.0031993157976,11.03148940147303,27200.0,fomc_next,design
CRUDEOIL,OTM2-3 call,h60,722,7,0.82312477,0.0058629233,1.7629232744128234,0.7142857142857143,-0.0040669595,-0.014651944485284694,-57.057049003664474,-330.4123145711375,25995.0,fomc_next,design
CRUDEOIL,OTM2-3 put,h60,694,7,0.82908726,0.00022926368,0.10146541552482433,0.42857142857142855,0.010724033,6.208604555083521e-05,335.86135309092936,88.05286558716864,22000.0,fomc_next,design
CRUDEOIL,all,h60,4887,7,0.8369642,-0.0009213227,-0.6685232832320038,0.2857142857142857,-0.001552083,-0.010431717646656326,-131.69877975538802,-420.5402737179284,27929.998,fomc_next,design
CRUDEOIL,ATM call,h60,666,12,0.7595515,-0.0031909621,-2.81249983588715,0.18181818181818182,-0.005202364,-0.013685406672556818,-48.06095272213131,-262.9482331556761,16510.0,opec_mon,design
CRUDEOIL,ATM put,h60,665,12,0.75513077,-0.0019078307,-1.7094903409034492,0.2727272727272727,0.00017581103,-0.00827869671299363,-77.22968079990014,-293.2657410229524,16670.0,opec_mon,design
CRUDEOIL,ITM1 call,h60,660,12,0.76390815,-0.0036975218,-2.591116550298395,0.18181818181818182,-0.0063007255,-0.014828570190267601,-169.120637142297,-407.59780659100073,19000.0,opec_mon,design
CRUDEOIL,ITM1 put,h60,633,12,0.7594706,-0.0031289498,-3.446275250781379,0.18181818181818182,0.000169227,-0.008298702704942873,-91.44799351503876,-328.8924974740811,19110.0,opec_mon,design
CRUDEOIL,ITM2-3 call,h60,1239,12,0.78813225,-0.00648483,-3.4599978394372792,0.0,-0.008615157,-0.016676477089259612,-295.72359074307025,-551.6020196098336,23480.0,opec_mon,design
CRUDEOIL,ITM2-3 put,h60,1150,12,0.7634503,-0.005739053,-4.836954923480393,0.0,-0.003567028,-0.011530810112502165,-272.32526629904044,-531.83931909614,23995.0,opec_mon,design
CRUDEOIL,OTM1 call,h60,663,12,0.7492239,-0.002106078,-2.285364245043598,0.36363636363636365,-0.0054341713,-0.014810809361790378,-29.66108480370063,-240.7169588873899,14100.0,opec_mon,design
CRUDEOIL,OTM1 put,h60,663,12,0.75854886,-0.0016941801,-1.3780538712990977,0.2727272727272727,0.00079788594,-0.008597973623067008,-40.246093542867115,-249.69159190207304,14089.999,opec_mon,design
CRUDEOIL,OTM2-3 call,h60,1297,12,0.7517711,0.003372539,1.7245709940548093,0.5454545454545454,-0.000488782,-0.011120220837048897,200.64163678594986,4.194798824173665,11520.0,opec_mon,design
CRUDEOIL,OTM2-3 put,h60,1294,12,0.76849383,0.00040818026,0.2668693716818263,0.45454545454545453,0.0032273792,-0.007558190561432889,22.838388823283694,-164.60406306645407,10995.0,opec_mon,design
CRUDEOIL,all,h60,8930,12,0.7630981,-0.0022471105,-3.683524753368285,0.18181818181818182,-0.0024308017,-0.01156837448711604,-77.15694277978024,-299.5629043982861,19530.0,opec_mon,design
CRUDEOIL,ATM call,h60,2347,45,0.7439643,-0.0015373231,-1.5708295200238822,0.25,-0.0011720803,-0.009424357636663437,27.425619222074555,-202.09910853761068,20300.0,eia_day,design
CRUDEOIL,ATM put,h60,2334,45,0.75536907,-0.0029255697,-2.8731871862348117,0.16666666666666666,-0.0026922296,-0.010914143987979227,-66.39142726973375,-295.88851304552634,19705.0,eia_day,design
CRUDEOIL,ITM1 call,h60,2262,45,0.74610955,-0.0030371991,-3.450011821462962,0.08333333333333333,-0.0027394975,-0.011032347187077653,-69.19456738270456,-320.10665076735035,22330.0,eia_day,design
CRUDEOIL,ITM1 put,h60,2217,45,0.7560386,-0.003683308,-3.104790008749394,0.16666666666666666,-0.004098923,-0.01233606308581741,-153.5790098858783,-405.96661737799957,22000.0,eia_day,design
CRUDEOIL,ITM2-3 call,h60,4058,45,0.7511668,-0.0068695713,-4.89941061443052,0.0,-0.0060595563,-0.013880812351665236,-220.49935774711508,-485.55578911332015,26315.0,eia_day,design
CRUDEOIL,ITM2-3 put,h60,3778,45,0.77516794,-0.0065078815,-4.897587792497602,0.08333333333333333,-0.0064008357,-0.014193932859411763,-254.2358388340366,-520.2655640985772,26445.0,eia_day,design
CRUDEOIL,OTM1 call,h60,2315,45,0.7468352,-0.000454184,-0.3498689370233422,0.3333333333333333,-0.00045647466,-0.009638191422280756,75.35892165247874,-149.10849224291087,17710.0,eia_day,design
CRUDEOIL,OTM1 put,h60,2309,45,0.7533417,-0.0020510107,-1.9553056816231162,0.25,-0.0022333318,-0.011379059314096225,-29.060603158718685,-252.34194322769608,17060.0,eia_day,design
CRUDEOIL,OTM2-3 call,h60,4485,45,0.74567485,0.0030611164,2.043746558749185,0.75,0.0026994436,-0.007876310687960101,199.63084772677723,-6.813241352579544,14680.0,eia_day,design
CRUDEOIL,OTM2-3 put,h60,4445,45,0.7656886,0.0011622332,0.8657634002240584,0.5833333333333334,0.0014916232,-0.009140948685051546,100.22118972846977,-98.63937147634897,14000.0,eia_day,design
CRUDEOIL,all,h60,30550,45,0.7550372,-0.0021220264,-2.4633534848258685,0.08333333333333333,-0.0019825485,-0.010945769130766543,-32.55971590157617,-265.85405648015904,21830.0,eia_day,design
CRUDEOIL,ATM call,h60,2188,42,0.7325018,0.0001028027,0.10162280846353068,0.3333333333333333,-0.0033322931,-0.01154060675796356,-45.291676076718176,-280.1677915480434,21100.0,ngs_day,design
CRUDEOIL,ATM put,h60,2171,42,0.7350547,-0.001822346,-2.1904790258628895,0.16666666666666666,0.0017574847,-0.006438078275886144,3.714232266855262,-230.41003015555833,21080.0,ngs_day,design
CRUDEOIL,ITM1 call,h60,2118,42,0.73786306,-0.0007358074,-0.8818460487668045,0.3333333333333333,-0.0046729124,-0.012955849796003767,-154.509335266632,-408.7087348044043,23250.0,ngs_day,design
CRUDEOIL,ITM1 put,h60,2066,42,0.7341206,-0.002875414,-3.0041236966297666,0.16666666666666666,0.00048262283,-0.007753627584955011,-61.8948265289868,-320.1116765872566,23645.0,ngs_day,design
CRUDEOIL,ITM2-3 call,h60,3798,42,0.74101055,-0.0044369595,-5.643345129765705,0.08333333333333333,-0.007884143,-0.015710394780723565,-329.03014188568613,-603.8754409489351,27035.0,ngs_day,design
CRUDEOIL,ITM2-3 put,h60,3522,42,0.74503785,-0.0050005126,-5.3982588715063455,0.0,-0.0014288459,-0.009218298385571254,-144.43133049292837,-416.4764107242002,27285.0,ngs_day,design
CRUDEOIL,OTM1 call,h60,2161,42,0.73144054,0.0017652923,1.2091711502110616,0.6666666666666666,-0.0017145058,-0.01080704369963343,43.96551371393023,-186.54728440475878,18580.0,ngs_day,design
CRUDEOIL,OTM1 put,h60,2139,42,0.74182177,-0.000908715,-1.0934751847828332,0.3333333333333333,0.0034867488,-0.005634816355676805,74.12608210424108,-149.52200527338013,18340.0,ngs_day,design
CRUDEOIL,OTM2-3 call,h60,4152,42,0.7281598,0.005640333,3.225885244573016,0.75,0.0013269726,-0.00898491067375926,180.68513339654558,-32.990170063965024,15600.0,ngs_day,design
CRUDEOIL,OTM2-3 put,h60,4138,42,0.73994476,0.0019841997,1.9932610402901485,0.6666666666666666,0.007043106,-0.0034280915321303848,172.41141525312804,-31.270341953558297,14930.0,ngs_day,design
CRUDEOIL,all,h60,28453,42,0.7368954,-0.0004285477,-0.6230681996107679,0.3333333333333333,-0.0003143777,-0.009198327479355452,-20.640896307924773,-259.7230549608961,22690.0,ngs_day,design
CRUDEOIL,all,h60,85487,125,0.7677952,-0.0016144223,-3.237668993996114,0.16666666666666666,-0.0019142864,-0.011253660803910763,-49.95289543101253,-277.0686617048696,21000.0,none,design
CRUDEOIL,ATM call,h240,691,44,0.88861126,-0.015162149,-2.6760484729657286,0.16666666666666666,-0.024137696,-0.03111230157013641,335.7030609064613,138.31188525826207,20790.0,eia_in,design
CRUDEOIL,ATM put,h240,689,44,0.8871129,-0.015360219,-2.582491084134647,0.16666666666666666,-0.0114657385,-0.018460314575249482,-1189.5891363977175,-1382.8313217405798,19670.0,eia_in,design
CRUDEOIL,ITM1 call,h240,679,44,0.8894862,-0.021464633,-4.261841544595472,0.0,-0.029547954,-0.03643670532141316,-86.27517570978763,-301.14287232141214,23060.0,eia_in,design
CRUDEOIL,ITM1 put,h240,678,44,0.8860951,-0.015361755,-3.0445958564734292,0.08333333333333333,-0.012386459,-0.019306859941914174,-1184.0754787478827,-1398.309588789713,22345.0,eia_in,design
CRUDEOIL,ITM2-3 call,h240,1276,44,0.8868877,-0.025294343,-5.161179440773298,0.0,-0.03196721,-0.03848003373075797,-500.99259050662243,-728.8093739516255,26695.0,eia_in,design
CRUDEOIL,ITM2-3 put,h240,1206,44,0.8771023,-0.019735228,-4.0195976112917124,0.08333333333333333,-0.017287277,-0.02383962839599291,-1359.212352189654,-1582.9667142165877,27100.0,eia_in,design
CRUDEOIL,OTM1 call,h240,682,44,0.88713026,-0.012258502,-1.9816098058811218,0.25,-0.025291834,-0.033081115597245296,409.36186068918,216.787640811902,18315.0,eia_in,design
CRUDEOIL,OTM1 put,h240,689,44,0.8871556,-0.016155154,-2.4289825220113004,0.16666666666666666,-0.010322651,-0.018134328581493293,-1025.0236837888144,-1215.2733996428744,17140.0,eia_in,design
CRUDEOIL,OTM2-3 call,h240,1341,44,0.88298965,-0.0036463682,-0.49111193730504016,0.5,-0.01956582,-0.028701427221940815,704.0977748270625,524.3890372978752,15350.0,eia_in,design
CRUDEOIL,OTM2-3 put,h240,1353,44,0.89518553,-0.017108524,-2.1660137432552333,0.25,-0.007758963,-0.017015275990165158,-754.955508985611,-927.8829771922716,14370.0,eia_in,design
CRUDEOIL,all,h240,9284,44,0.88656384,-0.016119674,-3.353788301670341,0.08333333333333333,-0.018933188,-0.02654735044339394,-455.8200105312106,-656.0146454571155,22370.0,eia_in,design
CRUDEOIL,ATM call,h240,645,41,0.85201716,-0.012018918,-2.285314749911949,0.16666666666666666,-0.017692842,-0.024612330601233343,137.37631568612977,-65.31874788073023,23480.0,ngs_in,design
CRUDEOIL,ATM put,h240,644,41,0.85155314,-0.007777864,-1.8942148503237524,0.08333333333333333,0.00067870365,-0.006243867465220157,-847.1188580767708,-1046.5197933996585,23310.0,ngs_in,design
CRUDEOIL,ITM1 call,h240,635,41,0.85842985,-0.013404579,-2.6609879276816106,0.08333333333333333,-0.02106766,-0.027959585179558887,-98.50537277582123,-318.3871801887227,24610.0,ngs_in,design
CRUDEOIL,ITM1 put,h240,628,41,0.8365153,-0.014018271,-3.9075630702098145,0.08333333333333333,-0.007642986,-0.014501718557879113,-1123.490018905348,-1341.974525506706,25820.0,ngs_in,design
CRUDEOIL,ITM2-3 call,h240,1180,41,0.8569441,-0.0153638255,-4.037255081626785,0.08333333333333333,-0.024501214,-0.031009849684724478,-332.0496497719975,-567.6595879389047,28140.0,ngs_in,design
CRUDEOIL,ITM2-3 put,h240,1133,41,0.818519,-0.017060144,-4.901826595694709,0.08333333333333333,-0.012579392,-0.019088672223034,-1271.814764145719,-1503.2312966363743,28679.998,ngs_in,design
CRUDEOIL,OTM1 call,h240,640,41,0.84686947,-0.005979335,-0.940605246255218,0.25,-0.0129928095,-0.020667988583719075,398.77687722444534,196.86814431213708,21705.0,ngs_in,design
CRUDEOIL,OTM1 put,h240,643,41,0.85644174,-0.0075375843,-1.700142379938053,0.25,0.005370613,-0.0023528784443577365,-697.3587463283984,-891.5293446209586,20350.0,ngs_in,design
CRUDEOIL,OTM2-3 call,h240,1246,41,0.8368092,-0.0010276774,-0.13869276540392222,0.4166666666666667,-0.009622041,-0.018500407797493564,687.1004298257598,500.06557172484247,17835.0,ngs_in,design
CRUDEOIL,OTM2-3 put,h240,1259,41,0.86083406,-0.0068528303,-1.0484511061034627,0.25,0.011529933,0.0024811397436247,-528.8323545569556,-705.4909919321506,16000.0,ngs_in,design
CRUDEOIL,all,h240,8653,41,0.846814,-0.009952228,-2.4985340595127132,0.16666666666666666,-0.008627229,-0.016138295931722335,-353.7133306791834,-560.0848013789845,23620.0,ngs_in,design
CRUDEOIL,ATM call,h240,154,10,0.7586751,-0.028260529,-1.9963728166256234,0.3,-0.015834872,-0.024219780576810804,-413.94069968879995,-601.6272164193849,20775.0,cpi_in,design
CRUDEOIL,ATM put,h240,154,10,0.76255035,-0.024041895,-1.6026427517979456,0.3,-0.056388173,-0.06470232659122742,-1603.2204863312957,-1786.8021441549304,21640.0,cpi_in,design
CRUDEOIL,ITM1 call,h240,159,10,0.76086897,-0.027544906,-2.2245833139671314,0.2,-0.023201883,-0.031428715241479804,-659.5042942454979,-868.2416403843342,22910.0,cpi_in,design
CRUDEOIL,ITM1 put,h240,155,10,0.7631329,-0.02315867,-2.0120232138665712,0.3,-0.04353902,-0.051722170576849295,-1527.9278490620275,-1731.9814685721108,20020.0,cpi_in,design
CRUDEOIL,ITM2-3 call,h240,293,10,0.76575303,-0.04123178,-2.7903307263802994,0.0,-0.040079437,-0.047736334168254804,-1327.4881069977537,-1558.9696795032664,26929.998,cpi_in,design
CRUDEOIL,ITM2-3 put,h240,283,10,0.76844496,-0.02377555,-2.4133071945211326,0.2,-0.039188594,-0.0468114070246704,-1643.6705976829933,-1866.975784019409,24290.0,cpi_in,design
CRUDEOIL,OTM1 call,h240,157,10,0.7564403,-0.028333323,-1.8646857262506,0.4,-0.028497009,-0.038088245348174295,-462.11100535787597,-642.418372623364,18390.0,cpi_in,design
CRUDEOIL,OTM1 put,h240,158,10,0.7683989,-0.021190915,-1.1468506360715107,0.3,-0.041057352,-0.05074485306454714,-1267.8256288359437,-1442.0713646187282,16690.0,cpi_in,design
CRUDEOIL,OTM2-3 call,h240,305,10,0.7517132,-0.02993053,-1.767657133164935,0.3,-0.027144885,-0.038548329919237595,-235.55909453845416,-404.982017244988,15489.999,cpi_in,design
CRUDEOIL,OTM2-3 put,h240,313,10,0.7737981,0.0019011688,0.055724604912694285,0.4,-0.02065729,-0.033031953899591626,-980.9683172085796,-1137.1851537270272,12560.0,cpi_in,design
CRUDEOIL,all,h240,2131,10,0.76331306,-0.024009122,-1.6164646606260558,0.2,-0.032895193,-0.042250710589285145,-1012.7649464332011,-1204.8913005340632,19280.0,cpi_in,design
CRUDEOIL,ATM call,h240,327,6,0.7166637,-0.008031121,-2.9399826775707805,0.16666666666666666,0.032128155,0.024422403757452683,2311.9183064965296,2022.300625115027,30390.0,fomc_day,design
CRUDEOIL,ATM put,h240,315,6,0.7173133,0.002413585,0.4708271081659437,0.5,-0.032598495,-0.04013793935512807,-1925.3572663806733,-2200.9567709078,30340.0,fomc_day,design
CRUDEOIL,ITM1 call,h240,302,6,0.73235977,-0.011302158,-4.632264658641236,0.0,0.027689602,0.019962278228172873,1977.3230205308523,1674.2477630546048,31595.0,fomc_day,design
CRUDEOIL,ITM1 put,h240,285,6,0.7167304,0.0016057326,0.3469989576024287,0.5,-0.035439797,-0.043097677027485834,-2101.848109730503,-2393.062077864877,32150.0,fomc_day,design
CRUDEOIL,ITM2-3 call,h240,546,6,0.730318,-0.014442754,-6.037958559405735,0.0,0.015506192,0.008188834971302844,1217.269574678861,903.0128904039927,34720.0,fomc_day,design
CRUDEOIL,ITM2-3 put,h240,408,6,0.72275865,-0.0011932132,-0.22581624305542478,0.5,-0.029895501,-0.03736449524654246,-1731.2121017306458,-2017.12849169718,32810.0,fomc_day,design
CRUDEOIL,OTM1 call,h240,307,6,0.7340842,-0.0050262297,-2.028684868176384,0.16666666666666666,0.033812024,0.025186972452606104,2389.9216244974045,2115.539771463442,27190.0,fomc_day,design
CRUDEOIL,OTM1 put,h240,315,6,0.7216841,0.0033778623,0.5043666535467265,0.5,-0.03370236,-0.042031172809684235,-1851.486081320142,-2123.016390465388,27190.0,fomc_day,design
CRUDEOIL,OTM2-3 call,h240,576,6,0.72377044,0.0010598366,0.23971705789291298,0.5,0.0381505,0.02813575825189561,2525.8618876338005,2269.6862307449514,24710.0,fomc_day,design
CRUDEOIL,OTM2-3 put,h240,588,6,0.72746325,0.0022374822,0.377246463368346,0.3333333333333333,-0.02915245,-0.03889319952918859,-1559.3998380258781,-1802.7135722913667,22705.0,fomc_day,design
CRUDEOIL,all,h240,3969,6,0.7247158,-0.0029596898,-0.909364576955668,0.3333333333333333,-0.00015988619,-0.008530004642109606,200.14774606521618,-78.1779030939188,31000.0,fomc_day,design
CRUDEOIL,ATM call,h240,384,7,0.8540756,-0.004118923,-0.7903456891107573,0.2857142857142857,-0.033411276,-0.04116833756873983,-1536.4150375127792,-1807.0913487568616,30350.0,fomc_next,design
CRUDEOIL,ATM put,h240,383,7,0.8637801,-0.0065811547,-1.1579059323216878,0.2857142857142857,0.019010628,0.011217712727335231,414.20608699788625,135.32153589982582,30640.0,fomc_next,design
CRUDEOIL,ITM1 call,h240,354,7,0.8584495,-0.007749746,-1.6985302724464597,0.2857142857142857,-0.03526759,-0.04304194655388728,-1698.4094027072024,-1973.542568928938,31680.0,fomc_next,design
CRUDEOIL,ITM1 put,h240,362,7,0.86650467,-0.008015498,-1.2334742439220534,0.2857142857142857,0.015336637,0.00752330837362868,196.34429341521712,-100.68852313336465,33395.0,fomc_next,design
CRUDEOIL,ITM2-3 call,h240,650,7,0.8460213,-0.009959996,-2.6801532737027114,0.14285714285714285,-0.036236506,-0.04359260536524198,-2036.2587468073918,-2329.4000820348156,33725.0,fomc_next,design
CRUDEOIL,ITM2-3 put,h240,603,7,0.8712725,-0.012068884,-2.0334633483296947,0.2857142857142857,0.0079413,0.0006152135264470667,-21.795503733367667,-338.2841543403192,36300.0,fomc_next,design
CRUDEOIL,OTM1 call,h240,374,7,0.8575597,-0.0017680521,-0.24806977047696335,0.2857142857142857,-0.03151194,-0.0401899774394174,-1203.6353549855278,-1471.9269029510206,28270.0,fomc_next,design
CRUDEOIL,OTM1 put,h240,361,7,0.86349607,-0.00797003,-1.2483824667793137,0.14285714285714285,0.022128629,0.0133868272526081,377.5751267113514,121.68833869732886,27200.0,fomc_next,design
CRUDEOIL,OTM2-3 call,h240,722,7,0.8432852,0.008235637,0.794771053972671,0.5714285714285714,-0.026677126,-0.03685001168098786,-852.7828653763536,-1111.6243561227648,25995.0,fomc_next,design
CRUDEOIL,OTM2-3 put,h240,694,7,0.8468555,-0.0094028395,-1.28053247623494,0.14285714285714285,0.025649862,0.015276502264970508,512.4808517587975,274.76710627997977,22000.0,fomc_next,design
CRUDEOIL,all,h240,4887,7,0.85556245,-0.005651049,-1.078562611357997,0.2857142857142857,-0.0074695637,-0.016000022839685532,-587.7053675681798,-862.2363878932357,27929.998,fomc_next,design
CRUDEOIL,ATM call,h240,666,12,0.7829309,-0.010705869,-4.065422913552733,0.18181818181818182,-0.02861798,-0.036734293727551326,-354.36039028225,-559.8079694704813,16510.0,opec_mon,design
CRUDEOIL,ATM put,h240,665,12,0.77826315,-0.008087892,-1.7384858533799026,0.36363636363636365,0.005649426,-0.002510556326729748,-121.21273528364368,-328.09026370105255,16670.0,opec_mon,design
CRUDEOIL,ITM1 call,h240,660,12,0.7899409,-0.01041285,-4.494605689787961,0.09090909090909091,-0.027238207,-0.03537779568967205,-436.27969684022844,-664.3361262374345,19000.0,opec_mon,design
CRUDEOIL,ITM1 put,h240,633,12,0.7754067,-0.0097426195,-2.109720845779614,0.18181818181818182,0.0043455027,-0.0038004144975047234,-183.30685463373507,-410.582164808053,19110.0,opec_mon,design
CRUDEOIL,ITM2-3 call,h240,1239,12,0.81063855,-0.011377376,-5.049157409078889,0.09090909090909091,-0.028513227,-0.036196705255295114,-694.316245780249,-938.8944942580981,23480.0,opec_mon,design
CRUDEOIL,ITM2-3 put,h240,1150,12,0.78230065,-0.012725955,-3.210019191328738,0.09090909090909091,-0.0019158324,-0.00953552650297874,-443.5423603887143,-690.5899746937308,23995.0,opec_mon,design
CRUDEOIL,OTM1 call,h240,663,12,0.77443486,-0.007752028,-2.100752214169787,0.2727272727272727,-0.027585274,-0.036579447531440254,-178.95471967003823,-381.80573307871276,14100.0,opec_mon,design
CRUDEOIL,OTM1 put,h240,663,12,0.7801261,-0.009527188,-2.105458370264826,0.36363636363636365,0.0052866125,-0.003792798120104776,-128.8863031033477,-329.6953808775534,14089.999,opec_mon,design
CRUDEOIL,OTM2-3 call,h240,1297,12,0.7704886,-6.7526686e-05,-0.01388643154112379,0.5454545454545454,-0.020943908,-0.031174711996486155,173.93857210346067,-14.8364311730914,11520.0,opec_mon,design
CRUDEOIL,OTM2-3 put,h240,1294,12,0.78971267,-0.009040073,-1.822240548515663,0.2727272727272727,0.008054417,-0.002404263968401976,-90.73656368108216,-270.59284992680864,10995.0,opec_mon,design
CRUDEOIL,all,h240,8930,12,0.7843852,-0.008680973,-3.607364084841742,0.2727272727272727,-0.011151866,-0.01993445221760289,-244.8861426922669,-457.7778805758246,19530.0,opec_mon,design
CRUDEOIL,ATM call,h240,2347,45,0.77081543,-0.007746888,-2.3078354783173034,0.08333333333333333,-0.0071121324,-0.015052341164898416,40.66340792265454,-179.60062869132184,20300.0,eia_day,design
CRUDEOIL,ATM put,h240,2334,45,0.773875,-0.009226001,-2.699163076912717,0.25,-0.011382357,-0.019290012136229953,-327.94403151354425,-547.5614944149328,19705.0,eia_day,design
CRUDEOIL,ITM1 call,h240,2262,45,0.7722426,-0.010861242,-3.4958347166169275,0.08333333333333333,-0.0087655,-0.01671903531600316,-99.11902323958095,-339.26056042691135,22330.0,eia_day,design
CRUDEOIL,ITM1 put,h240,2217,45,0.7761524,-0.009569248,-3.0856258343989587,0.08333333333333333,-0.013157711,-0.021047021472991524,-459.9734203526175,-700.7754410013026,22000.0,eia_day,design
CRUDEOIL,ITM2-3 call,h240,4058,45,0.7734092,-0.015469985,-4.035730051674429,0.0,-0.013499132,-0.020991988028776172,-356.33752793734624,-610.2636682445129,26315.0,eia_day,design
CRUDEOIL,ITM2-3 put,h240,3778,45,0.78003573,-0.012977204,-4.288715685009624,0.08333333333333333,-0.014683857,-0.02214465798914362,-561.2318377194422,-815.520318491289,26445.0,eia_day,design
CRUDEOIL,OTM1 call,h240,2315,45,0.7721611,-0.006106316,-1.5835873623028465,0.16666666666666666,-0.006315084,-0.015156475064002809,145.61110358516288,-69.65836756831906,17710.0,eia_day,design
CRUDEOIL,OTM1 put,h240,2309,45,0.7768313,-0.008841807,-2.1624275633080208,0.25,-0.011289527,-0.02009299914886209,-231.44262577352612,-445.0869549880068,17060.0,eia_day,design
CRUDEOIL,OTM2-3 call,h240,4485,45,0.7687812,-0.002498575,-0.5477008726873996,0.4166666666666667,-0.003885621,-0.014107924746356738,307.35922631611396,108.87988311639731,14680.0,eia_day,design
CRUDEOIL,OTM2-3 put,h240,4445,45,0.7848952,-0.006783215,-1.3798235897971844,0.3333333333333333,-0.007667799,-0.017947546250997058,-61.227427354947785,-251.943816859914,14000.0,eia_day,design
CRUDEOIL,all,h240,30550,45,0.77529997,-0.008943142,-2.8103087869616243,0.08333333333333333,-0.009646783,-0.01827205575172301,-149.632252981932,-373.11202497669757,21830.0,eia_day,design
CRUDEOIL,ATM call,h240,2188,42,0.75523674,0.00013426736,0.03284016506118088,0.4166666666666667,-0.010154953,-0.01804570430815429,-107.32489765453164,-332.5599107361579,21100.0,ngs_day,design
CRUDEOIL,ATM put,h240,2171,42,0.758239,-0.0056854147,-1.8728000058534942,0.25,0.0059717726,-0.0019396739484110889,-17.52608926106246,-242.35889212015084,21080.0,ngs_day,design
CRUDEOIL,ITM1 call,h240,2118,42,0.75762594,-0.0016532068,-0.4548159588330168,0.3333333333333333,-0.013061471,-0.02099304765670791,-290.26954946256785,-533.4942241193239,23250.0,ngs_day,design
CRUDEOIL,ITM1 put,h240,2066,42,0.74986076,-0.009025049,-2.968416214190866,0.08333333333333333,0.0029125966,-0.004999755364849329,-174.76723274903054,-421.67987701303167,23645.0,ngs_day,design
CRUDEOIL,ITM2-3 call,h240,3798,42,0.7608267,-0.0063915662,-2.4109349146434047,0.16666666666666666,-0.018799717,-0.026271590616540337,-592.6521038117693,-855.0213511623863,27035.0,ngs_day,design
CRUDEOIL,ITM2-3 put,h240,3522,42,0.7498751,-0.010759779,-4.641578633591897,0.0,0.0012955623,-0.006181177903727996,-177.75343029015718,-438.2001829325724,27285.0,ngs_day,design
CRUDEOIL,OTM1 call,h240,2161,42,0.7507955,0.0041677942,0.8039667929921351,0.5833333333333334,-0.007182355,-0.015933954638625375,112.55974908605431,-108.81174846723768,18580.0,ngs_day,design
CRUDEOIL,OTM1 put,h240,2139,42,0.76139945,-0.004854876,-1.5924677260492626,0.3333333333333333,0.010334401,0.0015175785947439322,69.07236064466821,-145.5850623064344,18340.0,ngs_day,design
CRUDEOIL,OTM2-3 call,h240,4152,42,0.7458721,0.008119484,1.3751344331114066,0.5833333333333334,-0.0051470217,-0.015101828150226886,218.79570582928227,13.571424441857397,15600.0,ngs_day,design
CRUDEOIL,OTM2-3 put,h240,4138,42,0.76155376,-0.0012703594,-0.39153778832319663,0.5,0.017105477,0.00693878314944569,237.88701062504367,41.77433409190098,14930.0,ngs_day,design
CRUDEOIL,all,h240,28453,42,0.75496656,-0.0024352525,-0.9094289289069162,0.3333333333333333,-0.0014670925,-0.010024064021183225,-64.73386561946408,-293.9227377090909,22690.0,ngs_day,design
CRUDEOIL,all,h240,85487,125,0.7795592,-0.007742233,-4.396399521839191,0.08333333333333333,-0.007945775,-0.016943063216820087,-194.62790415038717,-412.04356197278526,21000.0,none,design
CRUDEOIL,ATM call,eod,1813,44,0.806408,-0.022941943,-2.3493747402550467,0.08333333333333333,-0.025224281,-0.032938304317788325,207.22100404633125,-8.756212732770443,21050.0,eia_in,design
CRUDEOIL,ATM put,eod,1802,44,0.8064656,-0.024077365,-2.4372847891179457,0.16666666666666666,-0.037246358,-0.04490702146577542,-1222.0875006537062,-1434.855985325325,21555.0,eia_in,design
CRUDEOIL,ITM1 call,eod,1734,44,0.80988115,-0.026108665,-2.9924269690607606,0.16666666666666666,-0.0271535,-0.03489135254518906,-82.6704610452795,-317.8153010970109,23015.0,eia_in,design
CRUDEOIL,ITM1 put,eod,1699,44,0.8076999,-0.021917311,-2.494683724090414,0.16666666666666666,-0.035619024,-0.043297857467664874,-1400.3737397443695,-1634.5038660412558,22200.0,eia_in,design
CRUDEOIL,ITM2-3 call,eod,3058,44,0.8023808,-0.031315397,-4.031545453489302,0.0,-0.026433501,-0.033774923326369825,-291.62263951323405,-540.3371631050067,26545.0,eia_in,design
CRUDEOIL,ITM2-3 put,eod,2847,44,0.8021049,-0.022841774,-3.075385016922366,0.08333333333333333,-0.034806143,-0.0421069890375391,-1533.6308923151187,-1781.3050522674323,26920.002,eia_in,design
CRUDEOIL,OTM1 call,eod,1789,44,0.80804,-0.026137624,-2.290016832546755,0.08333333333333333,-0.032291833,-0.040862255852058195,189.51989531583664,-21.39065483922728,18290.0,eia_in,design
CRUDEOIL,OTM1 put,eod,1778,44,0.81153333,-0.028710442,-2.43894170918986,0.25,-0.04475186,-0.053269560275542895,-1169.6600048292607,-1376.3768700260628,17790.0,eia_in,design
CRUDEOIL,OTM2-3 call,eod,3448,44,0.79826045,-0.019731237,-1.4889603820027382,0.16666666666666666,-0.030076366,-0.04001739957689965,451.30651873944805,256.80891363635766,15350.0,eia_in,design
CRUDEOIL,OTM2-3 put,eod,3399,44,0.8121577,-0.030916678,-2.197396996365472,0.25,-0.048449896,-0.05841455859605125,-871.8641528033902,-1056.0348317627067,14360.001,eia_in,design
CRUDEOIL,all,eod,23367,44,0.8058756,-0.025643453,-2.788909121995148,0.08333333333333333,-0.03449739,-0.04289012321567537,-545.8591396329991,-763.5886953260813,22100.0,eia_in,design
CRUDEOIL,ATM call,eod,1689,41,0.79649144,-0.000629158,-0.05116311911432427,0.5,-0.026604699,-0.03429519247174079,-242.54433071211008,-461.1578139578477,20990.0,ngs_in,design
CRUDEOIL,ATM put,eod,1675,41,0.8007662,-0.013178909,-1.754096143195518,0.16666666666666666,0.01666685,0.008891310711806199,-235.4859764896222,-453.0562424202298,20940.0,ngs_in,design
CRUDEOIL,ITM1 call,eod,1627,41,0.794785,-0.003914392,-0.3777147967396434,0.3333333333333333,-0.029245097,-0.0369976335855334,-243.92187403401644,-479.4044259229447,23050.0,ngs_in,design
CRUDEOIL,ITM1 put,eod,1585,41,0.7832862,-0.017366525,-2.3774405839663597,0.08333333333333333,0.0093492335,0.0015507549662965034,-517.9748183770887,-756.4851276781802,23250.0,ngs_in,design
CRUDEOIL,ITM2-3 call,eod,2885,41,0.7941238,-0.01056274,-1.4119461266752358,0.16666666666666666,-0.038619995,-0.04594499921100694,-730.0660515162106,-984.9282494497818,26750.0,ngs_in,design
CRUDEOIL,ITM2-3 put,eod,2662,41,0.7766808,-0.022111427,-3.9919900508409376,0.08333333333333333,0.006561275,-0.0008444308818482441,-580.8454351618628,-833.3841702426658,26905.0,ngs_in,design
CRUDEOIL,OTM1 call,eod,1669,41,0.7915779,0.004229953,0.2897582556857129,0.5833333333333334,-0.02486755,-0.033413564278204265,151.08413787713803,-63.45468567191854,18430.0,ngs_in,design
CRUDEOIL,OTM1 put,eod,1652,41,0.79826576,-0.010896181,-1.4104292887504422,0.25,0.025815515,0.01710991182769961,-163.0550345266125,-369.8654745544027,18185.0,ngs_in,design
CRUDEOIL,OTM2-3 call,eod,3200,41,0.78119206,0.0074850526,0.44432839482127306,0.5833333333333334,-0.022730088,-0.03248982938088787,351.75204814970493,152.7105307262954,15360.001,ngs_in,design
CRUDEOIL,OTM2-3 put,eod,3182,41,0.79839313,-0.011891092,-1.2909346470158545,0.3333333333333333,0.034244135,0.024178156128174495,-59.00271491836558,-247.67616873893175,14775.0,ngs_in,design
CRUDEOIL,all,eod,21826,41,0.7908641,-0.007843494,-1.0372211550303156,0.25,-0.0048731947,-0.01329159082084513,-217.80198131179566,-439.52748318415087,22400.0,ngs_in,design
CRUDEOIL,ATM call,eod,347,10,0.70989937,-0.051227238,-2.8940291354195384,0.2,0.026186803,0.017370988567751752,1381.839356436166,1188.1227633109393,20700.0,cpi_in,design
CRUDEOIL,ATM put,eod,344,10,0.71387905,-0.04019717,-2.3041401513119633,0.2,-0.13729233,-0.14572630183216992,-3907.7748038047966,-4086.0877207788903,19330.0,cpi_in,design
CRUDEOIL,ITM1 call,eod,341,10,0.71137834,-0.04575374,-2.479405688229746,0.2,0.0198484,0.011156705736679698,1285.1086233368367,1068.410495719429,22790.0,cpi_in,design
CRUDEOIL,ITM1 put,eod,336,10,0.70605636,-0.03560322,-1.9632343735776838,0.2,-0.106693834,-0.11504195112408436,-3801.7008565721057,-4003.1499465770585,20615.0,cpi_in,design
CRUDEOIL,ITM2-3 call,eod,627,10,0.71539044,-0.046702582,-2.8758752991359575,0.2,0.018659728,0.010561838197759113,1141.8505521102004,900.0164618505164,26200.0,cpi_in,design
CRUDEOIL,ITM2-3 put,eod,580,10,0.70808846,-0.03814149,-2.8494660353475743,0.2,-0.09815264,-0.1059354525721939,-3944.324568386736,-4163.059835276005,23280.0,cpi_in,design
CRUDEOIL,OTM1 call,eod,352,10,0.70717955,-0.0789349,-3.710723648708645,0.1,-0.020003052,-0.02999571632712439,736.4911084825343,552.1706866759428,17770.0,cpi_in,design
CRUDEOIL,OTM1 put,eod,344,10,0.7130129,-0.034376636,-1.34563454410756,0.3,-0.11882094,-0.12873405074296898,-3296.635413169861,-3468.299780353578,15790.0,cpi_in,design
CRUDEOIL,OTM2-3 call,eod,671,10,0.70153666,-0.08149777,-2.9365626134305316,0.3,-0.018739715,-0.03069425796377646,1170.7631463620774,998.1894691364458,14910.001,cpi_in,design
CRUDEOIL,OTM2-3 put,eod,675,10,0.71923465,-0.013987042,-0.27967259848582593,0.3,-0.10879053,-0.12158904052419744,-2670.4088513762863,-2824.5497391085964,13410.001,cpi_in,design
CRUDEOIL,all,eod,4617,10,0.71068454,-0.046417564,-2.8062459040043137,0.2,-0.05336255,-0.06308934778229912,-1119.219253190751,-1312.5075472834878,19080.0,cpi_in,design
CRUDEOIL,ATM call,eod,327,6,0.75616884,-0.020142922,-3.673643340451927,0.16666666666666666,0.041559737,0.034221946348047275,3431.4213965646354,3155.5752635926883,30390.0,fomc_day,design
CRUDEOIL,ATM put,eod,315,6,0.75801677,-0.004976747,-0.4517487701948466,0.5,-0.05885773,-0.065991336404163,-2869.548092796689,-3129.6121494090803,30340.0,fomc_day,design
CRUDEOIL,ITM1 call,eod,302,6,0.7647327,-0.023225974,-7.477051488222705,0.0,0.029471846,0.022105677692821055,2562.6421568409496,2271.7277514095026,31595.0,fomc_day,design
CRUDEOIL,ITM1 put,eod,285,6,0.75606805,-0.004679226,-0.46001275265327723,0.3333333333333333,-0.059237417,-0.06647953251782907,-3205.128374601665,-3479.7208193986758,32150.0,fomc_day,design
CRUDEOIL,ITM2-3 call,eod,546,6,0.7530311,-0.021135535,-7.129166260460284,0.0,0.026860695,0.019858891467761958,2205.190689310486,1903.2962504256473,34720.0,fomc_day,design
CRUDEOIL,ITM2-3 put,eod,408,6,0.75866646,-0.005588855,-0.6392683462229987,0.5,-0.048316807,-0.055379465424058666,-2785.338570089901,-3053.179438856585,32810.0,fomc_day,design
CRUDEOIL,OTM1 call,eod,307,6,0.77237487,-0.018564606,-2.4912698362798467,0.16666666666666666,0.03804366,0.029814212946375027,3212.0788536941577,2949.77182832558,27190.0,fomc_day,design
CRUDEOIL,OTM1 put,eod,315,6,0.7620095,-0.008776177,-0.6455015924115394,0.3333333333333333,-0.06525473,-0.07315461101234376,-2836.8590545654297,-3094.47671234515,27190.0,fomc_day,design
CRUDEOIL,OTM2-3 call,eod,576,6,0.7580179,-0.011024882,-0.905715530638512,0.3333333333333333,0.040599328,0.03098412951325346,3292.9566499259736,3048.2727403294757,24710.0,fomc_day,design
CRUDEOIL,OTM2-3 put,eod,588,6,0.76600146,-0.014060594,-0.8889527642842779,0.3333333333333333,-0.06497836,-0.07426490936665099,-2420.711123537855,-2651.4549796470965,22705.0,fomc_day,design
CRUDEOIL,all,eod,3969,6,0.7602444,-0.013455348,-1.7500122637443327,0.3333333333333333,-0.0105007645,-0.018475928689789627,179.41596559085784,-85.29641458517804,31000.0,fomc_day,design
CRUDEOIL,ATM call,eod,384,7,0.88573164,-0.0107844295,-0.8049451988404142,0.5714285714285714,-0.062489122,-0.0698141189432075,-3230.257616440455,-3481.793557634575,30350.0,fomc_next,design
CRUDEOIL,ATM put,eod,383,7,0.89585614,-0.016306797,-1.3064200388185438,0.2857142857142857,0.035199266,0.02775402445821159,449.0445637516191,185.94057890137884,30640.0,fomc_next,design
CRUDEOIL,ITM1 call,eod,354,7,0.87727094,-0.013396096,-1.1058831753335598,0.2857142857142857,-0.058136698,-0.0654881894846034,-2929.7572162865245,-3188.265263074856,31680.0,fomc_next,design
CRUDEOIL,ITM1 put,eod,362,7,0.88761765,-0.01504414,-1.2840698722125645,0.2857142857142857,0.031218622,0.023754895304145825,454.4452161420116,172.29617005543804,33395.0,fomc_next,design
CRUDEOIL,ITM2-3 call,eod,650,7,0.8715669,-0.020920284,-2.506774824658512,0.2857142857142857,-0.06335501,-0.07030348999656398,-3573.597947340745,-3848.532475476853,33725.0,fomc_next,design
CRUDEOIL,ITM2-3 put,eod,603,7,0.891089,-0.021475282,-2.170843148437989,0.2857142857142857,0.016608844,0.009595859733594522,39.98084250176526,-262.03656060608427,36300.0,fomc_next,design
CRUDEOIL,OTM1 call,eod,374,7,0.8853564,-0.008681274,-0.520258396730406,0.5714285714285714,-0.060630713,-0.06885409066760248,-2782.852757295823,-3032.6614246366184,28270.0,fomc_next,design
CRUDEOIL,OTM1 put,eod,361,7,0.88104624,-0.019161463,-1.3748441173633916,0.14285714285714285,0.037174176,0.028778722373131487,268.34688371568507,24.760706904798607,27200.0,fomc_next,design
CRUDEOIL,OTM2-3 call,eod,722,7,0.87557733,-0.002315652,-0.11200742015872044,0.5714285714285714,-0.06333547,-0.07301515613876602,-2576.9538659468253,-2816.9869226149644,25995.0,fomc_next,design
CRUDEOIL,OTM2-3 put,eod,694,7,0.87268496,-0.025861578,-1.5514577357717438,0.2857142857142857,0.043264575,0.03327754144458697,554.7778277988049,329.98655794257473,22000.0,fomc_next,design
CRUDEOIL,all,eod,4887,7,0.8813194,-0.015736979,-1.4161597977690674,0.2857142857142857,-0.015534678,-0.02366645845409927,-1362.645497399165,-1620.9848523887097,27929.998,fomc_next,design
CRUDEOIL,ATM call,eod,666,12,0.7962209,-0.027278922,-5.020927515551534,0.18181818181818182,-0.0722531,-0.07988111768878085,-1034.226518923098,-1227.1185344000048,16510.0,opec_mon,design
CRUDEOIL,ATM put,eod,665,12,0.7900001,-0.026687043,-3.1893171086481282,0.09090909090909091,0.00802434,0.00023589581523388392,-467.0597225562074,-662.6468499862984,16670.0,opec_mon,design
CRUDEOIL,ITM1 call,eod,660,12,0.8060529,-0.026188169,-6.795908231923393,0.0,-0.07066435,-0.07827388590572038,-1274.9127821488814,-1488.1792291525474,19000.0,opec_mon,design
CRUDEOIL,ITM1 put,eod,633,12,0.7903428,-0.025958376,-3.5845035680207884,0.09090909090909091,0.0061210864,-0.0016370281812032436,-478.37778486158425,-693.1681338315558,19110.0,opec_mon,design
CRUDEOIL,ITM2-3 call,eod,1239,12,0.822798,-0.02238502,-6.165667077776394,0.0,-0.06761108,-0.07480005438313496,-1622.2657826372074,-1851.258066574301,23480.0,opec_mon,design
CRUDEOIL,ITM2-3 put,eod,1150,12,0.79246944,-0.023587799,-3.6438796436842225,0.09090909090909091,-3.9797244e-05,-0.007328079791522026,-701.2920067828635,-936.365629290909,23995.0,opec_mon,design
CRUDEOIL,OTM1 call,eod,663,12,0.788929,-0.02465723,-3.098384447382505,0.09090909090909091,-0.073337175,-0.08178980893495709,-793.510630335743,-983.2785576725184,14100.0,opec_mon,design
CRUDEOIL,OTM1 put,eod,663,12,0.79559064,-0.033061195,-3.5156436539209333,0.09090909090909091,0.0042362395,-0.004420406965373224,-555.46925344798,-744.5159732323318,14089.999,opec_mon,design
CRUDEOIL,OTM2-3 call,eod,1297,12,0.7835412,-0.016180862,-1.4454875129330629,0.18181818181818182,-0.06714537,-0.07682080050854653,-339.910769554497,-517.0787807332637,11520.0,opec_mon,design
CRUDEOIL,OTM2-3 put,eod,1294,12,0.8032945,-0.035176486,-3.4341535096213582,0.2727272727272727,0.0062265713,-0.0038043350020820032,-489.2411230520635,-659.2222120103262,10995.0,opec_mon,design
CRUDEOIL,all,eod,8930,12,0.7975031,-0.025673434,-5.342465495220926,0.09090909090909091,-0.032946065,-0.0412723714709101,-775.8604936076439,-976.3310786360329,19530.0,opec_mon,design
CRUDEOIL,ATM call,eod,2347,45,0.7991352,-0.020610688,-2.48996966699815,0.08333333333333333,-0.024110744,-0.0316530330464806,-3.8834673829113213,-212.94360337481945,20300.0,eia_day,design
CRUDEOIL,ATM put,eod,2334,45,0.7990022,-0.021982104,-2.596753596957287,0.08333333333333333,-0.030940058,-0.0384435988577648,-1040.9411136983497,-1247.5691487956854,19705.0,eia_day,design
CRUDEOIL,ITM1 call,eod,2262,45,0.80170304,-0.023708098,-3.3155682676407197,0.08333333333333333,-0.02622615,-0.0337591920825936,-259.5986367115186,-487.39448822069085,22330.0,eia_day,design
CRUDEOIL,ITM1 put,eod,2217,45,0.7997574,-0.019463843,-2.617014662892505,0.16666666666666666,-0.028957214,-0.03644675842810384,-1173.7128801909341,-1400.8130258735016,22000.0,eia_day,design
CRUDEOIL,ITM2-3 call,eod,4058,45,0.7941868,-0.028947564,-4.339463669398647,0.0,-0.026897496,-0.034014454328622205,-489.215335216118,-730.8403652170957,26315.0,eia_day,design
CRUDEOIL,ITM2-3 put,eod,3778,45,0.79414684,-0.020533599,-3.277047718430462,0.08333333333333333,-0.028411156,-0.035506586657571226,-1296.675256675611,-1536.838478778267,26445.0,eia_day,design
CRUDEOIL,OTM1 call,eod,2315,45,0.8005974,-0.023082448,-2.429817504219403,0.08333333333333333,-0.029403117,-0.03779834472192624,16.356311081295136,-187.71812368102812,17710.0,eia_day,design
CRUDEOIL,OTM1 put,eod,2309,45,0.8036054,-0.025820598,-2.554439218631083,0.16666666666666666,-0.03687754,-0.04523403546815953,-984.9523045377538,-1185.8968955668647,17060.0,eia_day,design
CRUDEOIL,OTM2-3 call,eod,4485,45,0.7909909,-0.017614245,-1.6060373022454222,0.16666666666666666,-0.027339704,-0.03710883206597952,271.03839361813823,82.29708307480315,14680.0,eia_day,design
CRUDEOIL,OTM2-3 put,eod,4445,45,0.8037959,-0.027092528,-2.269028955133431,0.25,-0.039146114,-0.04896212874118135,-724.9391079914449,-904.9862295870598,14000.0,eia_day,design
CRUDEOIL,all,eod,30550,45,0.7980507,-0.023043716,-2.954306178423704,0.08333333333333333,-0.030070461,-0.03827743549183659,-548.4522661093604,-759.9994951591264,21830.0,eia_day,design
CRUDEOIL,ATM call,eod,2188,42,0.7985633,0.0015587457,0.13415930605837761,0.3333333333333333,-0.022807509,-0.03030416527803931,-355.15213535734244,-568.4405858002413,21100.0,ngs_day,design
CRUDEOIL,ATM put,eod,2171,42,0.802686,-0.012425561,-1.8663478079617013,0.16666666666666666,0.016506802,0.008936872679604121,-80.71596575244568,-293.9010709514475,21080.0,ngs_day,design
CRUDEOIL,ITM1 call,eod,2118,42,0.7973194,-0.0017680688,-0.17961337421728535,0.3333333333333333,-0.025587717,-0.033105313910021555,-393.8023321351654,-624.7119880127486,23250.0,ngs_day,design
CRUDEOIL,ITM1 put,eod,2066,42,0.78655267,-0.015939798,-2.4049135472230394,0.08333333333333333,0.010278443,0.002719983573060006,-326.0606830371661,-560.4176818280487,23645.0,ngs_day,design
CRUDEOIL,ITM2-3 call,eod,3798,42,0.79687184,-0.008371551,-1.1495015977825012,0.25,-0.03450019,-0.041584565962830486,-841.3854981674026,-1090.7285687064764,27035.0,ngs_day,design
CRUDEOIL,ITM2-3 put,eod,3522,42,0.7803339,-0.019437106,-3.9374884103852654,0.08333333333333333,0.008391598,0.001228680004108591,-313.9146117037633,-562.3008274088082,27285.0,ngs_day,design
CRUDEOIL,OTM1 call,eod,2161,42,0.79368895,0.006621181,0.4773880131308441,0.5833333333333334,-0.020312902,-0.02863667041201734,2.273793641972575,-207.73113852503062,18580.0,ngs_day,design
CRUDEOIL,OTM1 put,eod,2139,42,0.8006173,-0.010467139,-1.6137683839886356,0.16666666666666666,0.024141982,0.015679849283333058,-26.832623546398818,-230.845475758533,18340.0,ngs_day,design
CRUDEOIL,OTM2-3 call,eod,4152,42,0.7838787,0.0104592545,0.7018876639825536,0.5833333333333334,-0.017595317,-0.02711911997122853,203.11789375968522,7.852116919190377,15600.0,ngs_day,design
CRUDEOIL,OTM2-3 put,eod,4138,42,0.80061495,-0.009396977,-1.2819043874677467,0.25,0.033223055,0.02340988611486431,113.18793690913307,-73.20085945149943,14930.0,ngs_day,design
CRUDEOIL,all,eod,28453,42,0.793438,-0.005765055,-0.9233949299833647,0.3333333333333333,-0.0026829448,-0.010863003089773494,-193.3706626638027,-411.161192003557,22690.0,ngs_day,design
CRUDEOIL,all,eod,85487,125,0.8022595,-0.024223357,-5.622874869644228,0.08333333333333333,-0.021549596,-0.030140649563013825,-447.24545676354836,-653.7771608097762,21000.0,none,design
CRUDEOIL,ATM call,h60,56,14,0.8633101,0.0050064283,0.7529502745387628,0.75,0.01941718,0.013321665530316431,1463.639109475272,1261.7789856144466,34170.0,eia_in,holdout
CRUDEOIL,ATM put,h60,56,14,0.85932916,0.0036027033,0.37008492838124446,0.5,0.0020634213,-0.003964004872658086,-798.4360422406878,-996.8756319502567,33305.0,eia_in,holdout
CRUDEOIL,ITM1 call,h60,56,14,0.8666222,-0.0017693354,-0.41662439740388235,0.5,0.013636085,0.007415976989498476,1296.292223249163,1073.787845683511,36445.0,eia_in,holdout
CRUDEOIL,ITM1 put,h60,54,14,0.86181086,0.0031189655,0.334530165577574,0.75,0.0020510356,-0.004120791074633827,-736.6140012387876,-955.3906251312443,35710.0,eia_in,holdout
CRUDEOIL,ITM2-3 call,h60,111,14,0.87030447,-0.017909577,-3.5078099207060895,0.25,-0.002004762,-0.008004804651892275,629.3185878444363,390.2059860468582,39370.0,eia_in,holdout
CRUDEOIL,ITM2-3 put,h60,103,14,0.85834163,-0.012544729,-0.9289738600617371,0.0,-0.015901694,-0.021839225958724885,-1177.7705072199258,-1413.3825867269145,39270.0,eia_in,holdout
CRUDEOIL,OTM1 call,h60,56,14,0.85979646,0.008037549,1.0053128231586965,0.75,0.02150513,0.014964162638548424,1508.4909575326103,1307.6108969705012,31880.0,eia_in,holdout
CRUDEOIL,OTM1 put,h60,56,14,0.8614569,0.006512507,0.8126492278075548,0.75,0.0066953227,0.00019557266707928567,-784.8424094063895,-980.0701819562513,30625.0,eia_in,holdout
CRUDEOIL,OTM2-3 call,h60,107,14,0.8586998,0.02637922,2.373919120016719,0.75,0.037657216,0.030590335294705118,1715.567922146521,1526.6947262805616,28290.0,eia_in,holdout
CRUDEOIL,OTM2-3 put,h60,110,14,0.8673412,0.012267099,1.205147929908225,1.0,0.015416929,0.00834582071506909,-598.5798645019531,-778.4517825278465,26800.0,eia_in,holdout
CRUDEOIL,all,h60,765,14,0.863009,0.00295182,0.46990295983250435,0.75,0.00983176,0.0034235016109909117,231.18546728994332,22.456197515644487,33760.0,eia_in,holdout
CRUDEOIL,ATM call,h60,48,12,0.85574394,0.0027035035,0.9561604446782873,0.75,0.051029887,0.04503717961713697,1784.3754450480144,1570.8442430567513,34780.0,ngs_in,holdout
CRUDEOIL,ATM put,h60,48,12,0.85655445,0.009284281,1.6701713005609837,1.0,-0.03535254,-0.041153259654926014,-1310.2087656656902,-1514.8712194648513,33675.0,ngs_in,holdout
CRUDEOIL,ITM1 call,h60,48,12,0.85793364,-0.0005779651,-0.16738645669641178,0.5,0.046172056,0.04001198739913401,1786.9375864664714,1551.2935605595396,37450.0,ngs_in,holdout
CRUDEOIL,ITM1 put,h60,47,12,0.8563902,0.0077181878,1.7114674652549569,1.0,-0.0358223,-0.04178795977097558,-1392.340542407746,-1617.065034539085,36500.0,ngs_in,holdout
CRUDEOIL,ITM2-3 call,h60,92,12,0.86367935,-0.0092658,-3.149706231034703,0.0,0.036962375,0.030958844780796385,1486.1317178477411,1235.0210369547538,40625.0,ngs_in,holdout
CRUDEOIL,ITM2-3 put,h60,88,12,0.8506556,0.005336083,1.1788177172959629,0.75,-0.040046647,-0.04585731152811113,-1711.3940845836294,-1952.8002111272165,40610.0,ngs_in,holdout
CRUDEOIL,OTM1 call,h60,48,12,0.8527581,0.007582053,1.5820676136321183,1.0,0.057602793,0.051193326149131156,1801.0415077209473,1587.9978980710139,32575.0,ngs_in,holdout
CRUDEOIL,OTM1 put,h60,48,12,0.85889363,0.011675488,1.896572050217026,1.0,-0.034454525,-0.04066830220439383,-1187.0582262674968,-1389.1390812347279,31240.0,ngs_in,holdout
CRUDEOIL,OTM2-3 call,h60,95,12,0.84779125,0.012562032,2.4548219781772946,1.0,0.06643448,0.05962733488903411,1827.388128983347,1625.1637474545444,29000.0,ngs_in,holdout
CRUDEOIL,OTM2-3 put,h60,96,12,0.86258775,0.017782269,3.0918910876819727,1.0,-0.030772192,-0.03741510486671062,-909.5634778340658,-1098.7368938958737,28155.0,ngs_in,holdout
CRUDEOIL,all,h60,658,12,0.85624444,0.006614591,1.7169738604681057,1.0,0.008555957,0.0023308322888595844,220.31825798985443,2.0961909405684245,35300.0,ngs_in,holdout
CRUDEOIL,ATM call,h60,12,3,0.7549248,-0.0061312853,-1.697933733770879,0.3333333333333333,0.009754811,0.003423189696859177,51.66651407877604,-109.97411841642747,22360.0,cpi_in,holdout
CRUDEOIL,ATM put,h60,12,3,0.7584769,-0.002315414,-0.556950763496413,0.6666666666666666,-0.01968276,-0.025896498523838126,-389.1668955485026,-551.5158842390365,23225.0,cpi_in,holdout
CRUDEOIL,ITM1 call,h60,12,3,0.7569721,-0.0067804023,-2.1716995081331607,0.3333333333333333,0.00849094,0.0020485249118341944,53.33340962727865,-127.15549401315548,24900.0,cpi_in,holdout
CRUDEOIL,ITM1 put,h60,12,3,0.75326306,-0.00326657,-0.5702378358636189,0.3333333333333333,-0.019433206,-0.025742092817728126,-457.49982198079425,-640.6604919834571,26040.0,cpi_in,holdout
CRUDEOIL,ITM2-3 call,h60,24,3,0.7646836,-0.015127927,-2.8442858627324776,0.0,-0.00039700916,-0.0066091004899687346,-174.8968760172526,-373.1725298651506,29265.0,cpi_in,holdout
CRUDEOIL,ITM2-3 put,h60,23,3,0.7506325,-0.012267828,-1.2377460753984009,0.3333333333333333,-0.03253458,-0.03858003562526901,-1043.5104370117188,-1247.0552555222737,31200.0,cpi_in,holdout
CRUDEOIL,OTM1 call,h60,12,3,0.7486358,-0.0061507183,-1.2650359446681938,0.3333333333333333,0.009948145,0.0031654737947359977,27.500025431315105,-130.9575949136074,20150.0,cpi_in,holdout
CRUDEOIL,OTM1 put,h60,12,3,0.7609617,-0.005558264,-1.3784993367838123,0.3333333333333333,-0.024413496,-0.031092403512615205,-430.83330790201825,-587.8438040060092,20630.0,cpi_in,holdout
CRUDEOIL,OTM2-3 call,h60,23,3,0.7451011,0.0068825018,2.1942193765571303,1.0,0.031481467,0.024213159633925438,437.7707439920177,288.3375669242302,17540.0,cpi_in,holdout
CRUDEOIL,OTM2-3 put,h60,24,3,0.7660253,0.009366648,0.663754959113859,0.3333333333333333,-0.011940211,-0.019200976083610502,-134.6698760986328,-278.01722617055265,17525.0,cpi_in,holdout
CRUDEOIL,all,h60,166,3,0.7560979,-0.0037624394,-0.840227248828667,0.3333333333333333,-0.004483986,-0.011078347367324272,-211.45551750458867,-382.2671664667,26354.998,cpi_in,holdout
CRUDEOIL,ATM call,h60,111,2,0.68406016,-0.0041712816,-0.9334169324273041,0.5,-0.02099785,-0.028674240558766502,-81.72489200626407,-327.59742273307836,19720.0,fomc_day,holdout
CRUDEOIL,ATM put,h60,112,2,0.68521714,-0.006044523,-0.8125657850936706,0.5,0.009306706,0.0015246800095829699,19.757372992379324,-227.05400327472188,33385.0,fomc_day,holdout
CRUDEOIL,ITM1 call,h60,111,2,0.68729997,-0.0039247866,-0.9318334230946203,0.5,-0.019628026,-0.027543566995922985,-115.23766045097832,-390.2888113118691,21990.0,fomc_day,holdout
CRUDEOIL,ITM1 put,h60,110,2,0.68470967,-0.00667995,-0.8675823888025866,0.5,0.008113481,9.292206141924515e-05,27.488791725852273,-250.1081064640054,22425.0,fomc_day,holdout
CRUDEOIL,ITM2-3 call,h60,207,2,0.6873363,-0.010350748,-37.28031389356016,0.0,-0.02739298,-0.03499598844331237,-632.9283377974506,-919.3724146017778,27200.0,fomc_day,holdout
CRUDEOIL,ITM2-3 put,h60,188,2,0.6866309,-0.01681096,-1.5512166424106,0.5,0.0003993486,-0.007442688358010719,-153.49897019406583,-442.2548969878875,27100.0,fomc_day,holdout
CRUDEOIL,OTM1 call,h60,111,2,0.68139106,-0.0033378438,-0.5829477509694638,0.5,-0.021085134,-0.029390167305122537,24.2757848791174,-221.53015050120578,17530.0,fomc_day,holdout
CRUDEOIL,OTM1 put,h60,112,2,0.68823874,-0.0035162005,-0.5787406080674018,0.5,0.012890778,0.0044339167310146,53.276266370500835,-190.03862849791008,30610.0,fomc_day,holdout
CRUDEOIL,OTM2-3 call,h60,218,2,0.6793049,0.0045548407,4.44666806431065,1.0,-0.015222319,-0.02421548334276985,181.21243048151698,-50.31523079762661,14630.0,fomc_day,holdout
CRUDEOIL,OTM2-3 put,h60,214,2,0.6934446,-0.00047350654,-0.06472400226508182,0.5,0.01797518,0.008779397783853104,117.42687047084915,-100.80776100913435,14205.0,fomc_day,holdout
CRUDEOIL,all,h60,1494,2,0.6859322,-0.0050108433,-0.9202270810192172,0.5,-0.0057151066,-0.013968192911504038,-69.07965776272407,-324.29523211534575,26875.0,fomc_day,holdout
CRUDEOIL,ATM call,h60,56,1,0.71624696,-0.0016743855,-1.8017394825188696e+16,0.0,-0.0003432887,-0.007148026939643266,-53.21399143763951,-407.54042199122733,51740.0,fomc_next,holdout
CRUDEOIL,ATM put,h60,54,1,0.7139424,-0.0010694125,-8322401792163841.0,0.0,-0.0042877705,-0.011034858189240795,-201.85162579571758,-550.7420851417236,50995.0,fomc_next,holdout
CRUDEOIL,ITM1 call,h60,55,1,0.7233104,-0.0018818956,-2.983307039263949e+16,0.0,-0.0012228738,-0.008460825327913582,-102.220458984375,-493.81919924172576,53580.0,fomc_next,holdout
CRUDEOIL,ITM1 put,h60,52,1,0.71749544,-0.0018090017,-4518879039586304.0,0.0,0.000501698,-0.006587780165227639,53.26913686899039,-334.9624377035712,54040.0,fomc_next,holdout
CRUDEOIL,ITM2-3 call,h60,91,1,0.7423718,-0.005452782,-1.4302079455592448e+17,0.0,-0.010391868,-0.017473125427770676,-626.1040656121222,-1032.8984623064464,56959.996,fomc_next,holdout
CRUDEOIL,ITM2-3 put,h60,82,1,0.71499777,-0.0038684723,-1.075657821061891e+16,0.0,-0.002896128,-0.009654972113769799,-151.9267012433308,-548.112723311921,58500.0,fomc_next,holdout
CRUDEOIL,OTM1 call,h60,56,1,0.7118204,-0.0016352683,-3770672597396919.0,0.0,-0.00030343127,-0.007540062746184897,-48.928724016462056,-411.39940276163145,49690.0,fomc_next,holdout
CRUDEOIL,OTM1 put,h60,56,1,0.7213303,-0.00040842214,-2636920817031577.5,0.0,-0.0018490414,-0.009104962420954906,-63.57133047921317,-418.63264215920697,48205.0,fomc_next,holdout
CRUDEOIL,OTM2-3 call,h60,106,1,0.7069637,0.0047733043,5028827519118937.0,1.0,0.004960162,-0.002462423222390478,201.38377063679246,-148.6001787856664,46855.0,fomc_next,holdout
CRUDEOIL,OTM2-3 put,h60,99,1,0.74510574,0.0007320641,4177861465971097.5,1.0,0.0039026178,-0.0035108941909063134,202.88249314433398,-127.44440386701302,44050.0,fomc_next,holdout
CRUDEOIL,all,h60,707,1,0.72249484,-0.000987986,-1.3422043642567064e+16,0.0,-0.00096673,-0.008099803020587425,-72.18319300714948,-439.7876262789086,51220.0,fomc_next,holdout
CRUDEOIL,ATM call,h60,168,3,0.7319152,-0.0032736592,-4.897003201271674,0.0,2.6769936e-05,-0.007293490975994722,-0.9523119245256696,-246.3932411839785,33505.0,opec_mon,holdout
CRUDEOIL,ATM put,h60,168,3,0.7340577,-0.0031955072,-4.032330340322658,0.0,-0.006857826,-0.014173343556044807,-219.16661035446893,-462.0609732630882,32880.0,opec_mon,holdout
CRUDEOIL,ITM1 call,h60,166,3,0.7368275,-0.003249728,-2.934823679619191,0.0,-0.00031613908,-0.007960091867599465,-15.18054640436747,-289.66542602540903,35975.0,opec_mon,holdout
CRUDEOIL,ITM1 put,h60,164,3,0.7356784,-0.002847761,-2.590014533414315,0.0,-0.0061182207,-0.013726991997251779,-212.13427287776295,-485.56512628396547,35390.0,opec_mon,holdout
CRUDEOIL,ITM2-3 call,h60,310,3,0.7462825,-0.008505726,-3.790932001830588,0.0,-0.0053721787,-0.012821825758074952,-217.56698116179436,-511.3778474275206,39450.0,opec_mon,holdout
CRUDEOIL,ITM2-3 put,h60,294,3,0.73951334,-0.007491368,-4.264410135609077,0.0,-0.012519143,-0.019914839891150053,-488.1158322704082,-785.7694902096196,39485.0,opec_mon,holdout
CRUDEOIL,OTM1 call,h60,165,3,0.7342582,-0.003036654,-3.277953308953897,0.0,0.00022539696,-0.00757144442742447,4.545445297703599,-238.98677158641297,31229.998,opec_mon,holdout
CRUDEOIL,OTM1 put,h60,167,3,0.7381769,-0.0027234044,-2.652724054605715,0.0,-0.0065411143,-0.014370791764756934,-191.796354191032,-430.92592705725406,30479.998,opec_mon,holdout
CRUDEOIL,OTM2-3 call,h60,321,3,0.73199767,0.002344403,1.870245465396202,0.6666666666666666,0.0055959434,-0.0025467668434503194,138.399622076397,-89.03174021251893,27350.0,opec_mon,holdout
CRUDEOIL,OTM2-3 put,h60,331,3,0.73881614,0.0026974145,18.261903589605588,1.0,-0.001288365,-0.009548777531287227,-32.174433682260194,-253.24106446462065,26820.002,opec_mon,holdout
CRUDEOIL,all,h60,2254,3,0.73730564,-0.0027697445,-3.2114569565666096,0.0,-0.0032097672,-0.010929958796272345,-125.44154426960577,-381.5795210108175,33265.0,opec_mon,holdout
CRUDEOIL,ATM call,h60,781,14,0.74954987,-0.0037735463,-2.1423972705481846,0.0,0.003347085,-0.0041618603556092875,258.52834821205283,6.804325306434761,34160.0,eia_day,holdout
CRUDEOIL,ATM put,h60,776,14,0.7458949,-0.0014349151,-0.5366635192010472,0.25,-0.0070124534,-0.014464132932839758,-324.2881116178847,-575.2963702468475,33660.0,eia_day,holdout
CRUDEOIL,ITM1 call,h60,768,14,0.754822,-0.0048890556,-3.2630347037013396,0.0,0.0018929463,-0.005886021900474753,209.8687400420507,-70.34189284432279,36390.0,eia_day,holdout
CRUDEOIL,ITM1 put,h60,727,14,0.7506145,-0.0015274094,-0.6221547683208674,0.25,-0.006981631,-0.014692013525792294,-342.4328390800969,-619.3905509611969,35890.0,eia_day,holdout
CRUDEOIL,ITM2-3 call,h60,1409,14,0.76176894,-0.011567099,-9.665471737539113,0.0,-0.0051876744,-0.012716465355456624,-95.06578140854413,-389.5410158088992,38870.0,eia_day,holdout
CRUDEOIL,ITM2-3 put,h60,1248,14,0.7551481,-0.007900061,-2.2749384676975675,0.0,-0.012904623,-0.020323953431901638,-568.7646022209755,-861.1445699429477,39130.0,eia_day,holdout
CRUDEOIL,OTM1 call,h60,767,14,0.7496196,-0.0022278274,-0.8763565658630157,0.0,0.0051683653,-0.00289861662731768,310.896445501892,60.95751939091693,31770.002,eia_day,holdout
CRUDEOIL,OTM1 put,h60,776,14,0.7488419,-0.0013025738,-0.4530809145035841,0.25,-0.006661038,-0.01469498460486535,-302.79735388215056,-551.4028651002388,31040.0,eia_day,holdout
CRUDEOIL,OTM2-3 call,h60,1475,14,0.74731815,0.006207997,1.7791029879358737,0.75,0.013565829,0.004978956158174367,478.27262205996755,245.26271286903415,28200.0,eia_day,holdout
CRUDEOIL,OTM2-3 put,h60,1502,14,0.7554348,0.0037226002,0.9940264395684666,0.75,-0.001959042,-0.010566213009987734,-166.16977661173448,-393.44490646605874,26790.0,eia_day,holdout
CRUDEOIL,all,h60,10229,14,0.75258446,-0.0022538446,-1.0067283858575005,0.0,-0.001368811,-0.00929816902233887,-51.02359817598861,-310.81562010354315,33160.0,eia_day,holdout
CRUDEOIL,ATM call,h60,666,12,0.76466155,-0.00049441465,-0.31482188990612936,0.25,0.016722007,0.009335270976464098,731.3801178345093,463.44261524223106,34570.0,ngs_day,holdout
CRUDEOIL,ATM put,h60,660,12,0.76528084,0.00060139975,0.36542110583236015,0.5,-0.013894005,-0.021172439116145463,-590.7161735765861,-852.067133217931,34330.0,ngs_day,holdout
CRUDEOIL,ITM1 call,h60,649,12,0.77152157,-0.0022941441,-1.302047205242084,0.0,0.014587105,0.006896855560648549,684.4424184555265,387.83069415146224,36770.0,ngs_day,holdout
CRUDEOIL,ITM1 put,h60,626,12,0.76521343,-0.0014052268,-0.6442903766013318,0.25,-0.014687034,-0.022281966063354267,-627.9741512700773,-917.3481261971633,36495.0,ngs_day,holdout
CRUDEOIL,ITM2-3 call,h60,1208,12,0.7846023,-0.010902257,-7.183998801201998,0.0,0.00504475,-0.0024249627858744793,310.2322066856536,-5.120554994837522,40325.0,ngs_day,holdout
CRUDEOIL,ITM2-3 put,h60,1036,12,0.7766133,-0.005939648,-2.2339854820528764,0.0,-0.018168027,-0.025477028731601018,-803.3331410765188,-1102.6379097155746,40015.0,ngs_day,holdout
CRUDEOIL,OTM1 call,h60,660,12,0.76297426,0.0025873722,1.134441088572936,0.75,0.019942602,0.012035395102290186,785.5610263708866,517.5645928211602,32125.0,ngs_day,holdout
CRUDEOIL,OTM1 put,h60,661,12,0.76833045,0.001583701,1.15200803784777,0.75,-0.013336828,-0.02115232239332749,-523.0751984058097,-783.1004410766358,31750.0,ngs_day,holdout
CRUDEOIL,OTM2-3 call,h60,1256,12,0.7631497,0.010185531,3.8111487931209296,1.0,0.027380742,0.019072625372548044,898.9249095795261,649.5155036498741,28645.002,ngs_day,holdout
CRUDEOIL,OTM2-3 put,h60,1271,12,0.77973557,0.006624267,3.030752609161984,1.0,-0.007941735,-0.016220999091412575,-313.08245354989305,-552.0844066425626,27779.998,ngs_day,holdout
CRUDEOIL,all,h60,8693,12,0.7715504,0.00026948497,0.1824363840361545,0.5,0.0020884036,-0.005665768361457241,68.40729616350126,-205.5369154624271,34800.0,ngs_day,holdout
CRUDEOIL,all,h60,22804,33,0.7901137,-0.00026049744,-0.2764521074701533,0.5,-0.00063416566,-0.00831059261624419,-54.749341455180904,-334.11400844026673,36930.0,none,holdout
CRUDEOIL,ATM call,h240,224,14,0.83038014,-0.02381744,-2.6164981855186125,0.25,-0.00516348,-0.011498583826178065,1023.5997353281293,808.9596840472485,34170.0,eia_in,holdout
CRUDEOIL,ATM put,h240,224,14,0.8273107,-0.0045855655,-0.42329598304256855,0.0,-0.021137776,-0.027418079547375216,-1743.4560230800084,-1953.079939135033,33675.0,eia_in,holdout
CRUDEOIL,ITM1 call,h240,224,14,0.83265674,-0.029583672,-4.524537375897487,0.25,-0.009910501,-0.016408781855238145,773.5280411584037,536.1729474829917,36445.0,eia_in,holdout
CRUDEOIL,ITM1 put,h240,218,14,0.82555753,-0.008113357,-0.7536664498201996,0.0,-0.02459648,-0.031052016611737163,-1880.173002470524,-2113.296945565974,36280.0,eia_in,holdout
CRUDEOIL,ITM2-3 call,h240,431,14,0.8351512,-0.036480453,-7.633733511138293,0.25,-0.017999694,-0.024316661536961583,313.21171807025814,59.99665150351189,39660.0,eia_in,holdout
CRUDEOIL,ITM2-3 put,h240,404,14,0.8242877,-0.025985144,-1.6161476778905608,0.0,-0.03614087,-0.042381931243144266,-2191.623328935982,-2441.7542459550987,39890.0,eia_in,holdout
CRUDEOIL,OTM1 call,h240,223,14,0.8268112,-0.015777912,-1.4487400217443869,0.25,0.0019571022,-0.004858394117118264,1322.0986148167085,1107.617692410054,31940.0,eia_in,holdout
CRUDEOIL,OTM1 put,h240,224,14,0.8290192,-0.0064427345,-0.49106887377878744,0.0,-0.02133389,-0.02809113845275533,-1660.0426469530378,-1866.7932565247763,31010.0,eia_in,holdout
CRUDEOIL,OTM2-3 call,h240,438,14,0.82477534,0.009423822,0.7263679306736156,0.75,0.022953099,0.015613439162549892,1754.516100774617,1550.7171450603514,28390.0,eia_in,holdout
CRUDEOIL,OTM2-3 put,h240,443,14,0.83331656,-0.00915624,-0.6099511892145889,0.0,-0.024758391,-0.03203413276743747,-1615.4494584817649,-1806.3774065981227,27240.0,eia_in,holdout
CRUDEOIL,all,h240,3053,14,0.82906795,-0.0150242485,-1.6697569610841754,0.0,-0.013458603,-0.020141923374248683,-384.0368280245209,-605.8510040109219,33930.0,eia_in,holdout
CRUDEOIL,ATM call,h240,192,12,0.87733424,0.0017256379,0.2342284235254377,0.5,0.05465148,0.048298568230723905,2201.5058239301047,1972.6734931861477,34815.0,ngs_in,holdout
CRUDEOIL,ATM put,h240,192,12,0.8773969,0.009496823,0.7782831749942338,0.5,-0.03908514,-0.04520456739857303,-1766.6876633961995,-1985.650812586053,34775.0,ngs_in,holdout
CRUDEOIL,ITM1 call,h240,191,12,0.88000786,-0.0098522315,-2.7674496645755045,0.0,0.04174478,0.03520247152829562,1887.5002796113179,1635.235968836243,37370.0,ngs_in,holdout
CRUDEOIL,ITM1 put,h240,182,12,0.8787399,0.003084822,0.19606526486681153,0.5,-0.044388767,-0.05073399320046493,-1947.5728003533332,-2188.2209788711825,36955.0,ngs_in,holdout
CRUDEOIL,ITM2-3 call,h240,366,12,0.8866548,-0.024543934,-5.656593532792835,0.0,0.025925998,0.01955652823985645,1410.6119749975985,1142.849606174432,40875.0,ngs_in,holdout
CRUDEOIL,ITM2-3 put,h240,324,12,0.8749814,-0.011795444,-0.7535845483458109,0.5,-0.057515632,-0.06366780859530169,-2538.891194190508,-2794.552388905401,40575.0,ngs_in,holdout
CRUDEOIL,OTM1 call,h240,192,12,0.87431747,0.012374493,1.0884003922474843,0.75,0.06694081,0.060127120124678746,2405.895411968231,2176.5982732445877,32555.0,ngs_in,holdout
CRUDEOIL,OTM1 put,h240,192,12,0.8793284,0.010405573,0.9321283416331366,0.75,-0.039280564,-0.04583275632029238,-1679.6385844548543,-1896.1891958591802,32300.0,ngs_in,holdout
CRUDEOIL,OTM2-3 call,h240,375,12,0.87074846,0.034481242,1.8752063677529225,1.0,0.092489526,0.08521266902052843,2772.870166015625,2555.1973166803855,29400.0,ngs_in,holdout
CRUDEOIL,OTM2-3 put,h240,377,12,0.88225037,0.018112563,1.3633086857875993,0.75,-0.03245113,-0.03944863359601669,-1421.4582448296585,-1622.5181815985786,28379.998,ngs_in,holdout
CRUDEOIL,all,h240,2583,12,0.87830377,0.0047085723,0.513183667307897,0.5,0.008322628,0.0017191586053211714,165.15698464305373,-67.83648061426402,35190.0,ngs_in,holdout
CRUDEOIL,ATM call,h240,48,3,0.75718737,-0.056907963,-8.017593500857961,0.0,-0.15787035,-0.16475564334313486,-4115.242481231689,-4303.730517504018,24800.0,cpi_in,holdout
CRUDEOIL,ATM put,h240,48,3,0.75843126,-0.07468624,-3.8528358962219573,0.0,-0.00076864165,-0.008020031330715941,-112.30494181315105,-311.3006772706413,24440.0,cpi_in,holdout
CRUDEOIL,ITM1 call,h240,48,3,0.7611298,-0.05744345,-5.111289458667455,0.0,-0.15516849,-0.1622833519117959,-4396.041552225749,-4608.0271859805825,27265.0,cpi_in,holdout
CRUDEOIL,ITM1 put,h240,47,3,0.75494117,-0.067287885,-4.641466576460265,0.0,0.0049982173,-0.0024843491747265564,3.0661075673204787,-223.80852005160466,27140.0,cpi_in,holdout
CRUDEOIL,ITM2-3 call,h240,95,3,0.7677945,-0.0513872,-5.495633770445064,0.0,-0.14547488,-0.152424544126655,-4703.369606419614,-4937.766206111432,31190.0,cpi_in,holdout
CRUDEOIL,ITM2-3 put,h240,91,3,0.7479152,-0.06440824,-4.7142471321561725,0.0,1.2975473e-05,-0.0072503331212949275,-123.4655023931147,-377.29103012205627,32320.002,cpi_in,holdout
CRUDEOIL,OTM1 call,h240,48,3,0.7525592,-0.057818282,-7.916881649407337,0.0,-0.16178739,-0.16916906770377169,-3851.002295811971,-4036.8020675661755,22595.0,cpi_in,holdout
CRUDEOIL,OTM1 put,h240,48,3,0.7617885,-0.073392384,-5.121349271840381,0.0,0.0025091383,-0.005307942808616288,-68.75009536743164,-262.4540039327488,21895.0,cpi_in,holdout
CRUDEOIL,OTM2-3 call,h240,94,3,0.7460958,-0.043195654,-5.980913123065655,0.0,-0.1516871,-0.15954953466879687,-3161.291268531312,-3335.9485240346025,19420.0,cpi_in,holdout
CRUDEOIL,OTM2-3 put,h240,96,3,0.7673194,-0.08212186,-3.9734439211604857,0.0,-0.0028963748,-0.011251230328637396,-147.62088457743326,-323.2244026457542,18890.0,cpi_in,holdout
CRUDEOIL,all,h240,663,3,0.75741214,-0.062174167,-5.193848828007933,0.0,-0.076664805,-0.08415140357225336,-2068.363101090421,-2273.9367592542435,27629.998,cpi_in,holdout
CRUDEOIL,ATM call,h240,111,2,0.71012247,-0.023443872,-2.2796301242670576,0.0,-0.08482742,-0.092044614932055,-445.19193494642104,-680.3264017071116,19720.0,fomc_day,holdout
CRUDEOIL,ATM put,h240,112,2,0.7099015,-0.0061465027,-0.324961797566973,0.5,0.03306265,0.025523359940715837,-92.71433012826103,-329.0520743662541,33385.0,fomc_day,holdout
CRUDEOIL,ITM1 call,h240,111,2,0.7136678,-0.023076573,-3.5468846930477835,0.0,-0.08031524,-0.08773940788637202,-677.3414886749542,-939.2985566983932,21990.0,fomc_day,holdout
CRUDEOIL,ITM1 put,h240,110,2,0.7092808,-0.007962497,-0.51224936537771,0.5,0.028312435,0.02057634719402924,-186.11863569779828,-450.8280633576753,22425.0,fomc_day,holdout
CRUDEOIL,ITM2-3 call,h240,207,2,0.7149656,-0.023181144,-1341.9749498910392,0.0,-0.08660581,-0.09374215010314256,-1560.6434107978562,-1833.211364260702,27200.0,fomc_day,holdout
CRUDEOIL,ITM2-3 put,h240,188,2,0.71011424,-0.040086538,-1.368114310473253,0.5,0.011854479,0.004319564331169983,-411.5850083371426,-686.5696347346379,27100.0,fomc_day,holdout
CRUDEOIL,OTM1 call,h240,111,2,0.70635873,-0.01738257,-1.051831249657415,0.5,-0.081306174,-0.08911006400361829,99.52670260592623,-135.7261942409027,17530.0,fomc_day,holdout
CRUDEOIL,OTM1 put,h240,112,2,0.7132141,-0.008892539,-0.35368865906722596,0.5,0.034646984,0.026461318945592564,-70.42766298566546,-303.1960781798956,30610.0,fomc_day,holdout
CRUDEOIL,OTM2-3 call,h240,218,2,0.703435,0.014986303,18.014232706623012,1.0,-0.056712795,-0.06522834971601009,830.5951109719932,607.643504661245,14630.0,fomc_day,holdout
CRUDEOIL,OTM2-3 put,h240,214,2,0.71913713,-0.016882416,-0.6335232250079648,0.5,0.031779647,0.02288903765687151,-297.2033206547532,-505.1811725926946,14205.0,fomc_day,holdout
CRUDEOIL,all,h240,1494,2,0.71118087,-0.014949179,-1.0149577405952428,0.5,-0.025381045,-0.03325009007178549,-291.33978796452084,-535.0998585334851,26875.0,fomc_day,holdout
CRUDEOIL,ATM call,h240,56,1,0.7309446,-0.0085018175,-1.372269883634483e+16,0.0,-0.03194191,-0.038355788351009557,-1770.0201307024274,-2103.3470842149013,51740.0,fomc_next,holdout
CRUDEOIL,ATM put,h240,54,1,0.7316771,-0.008981753,-1.7474491818967042e+16,0.0,0.005809188,-0.0006744337437465983,373.98755108868636,38.994250009470655,50995.0,fomc_next,holdout
CRUDEOIL,ITM1 call,h240,55,1,0.73469293,-0.009266317,-2.0985124794250976e+16,0.0,-0.033581536,-0.04038266278544251,-1927.9789595170455,-2295.2227534042686,53580.0,fomc_next,holdout
CRUDEOIL,ITM1 put,h240,52,1,0.7265089,-0.010441007,-1.2037661805550986e+16,0.0,0.008916051,0.0021353564215198977,569.0101623535156,197.96083639447372,54040.0,fomc_next,holdout
CRUDEOIL,ITM2-3 call,h240,91,1,0.74014145,-0.011379484,-9628132262974628.0,0.0,-0.044457667,-0.05107206183876619,-2659.4738970746052,-3038.7348754656723,56959.996,fomc_next,holdout
CRUDEOIL,ITM2-3 put,h240,82,1,0.7162395,-0.013569227,-8.017680429744128e+16,0.0,-0.00047718824,-0.006935740419122714,22.22557998285061,-356.0073661379305,58500.0,fomc_next,holdout
CRUDEOIL,OTM1 call,h240,56,1,0.7264752,-0.007036013,-5.67837982237655e+16,0.0,-0.030795617,-0.037612458085133284,-1645.3318459647041,-1986.1239634026479,49690.0,fomc_next,holdout
CRUDEOIL,OTM1 put,h240,56,1,0.7360575,-0.007351343,,0.0,0.01115047,0.0041899659430120455,635.6152670724051,295.2968477593874,48205.0,fomc_next,holdout
CRUDEOIL,OTM2-3 call,h240,106,1,0.7200473,-0.0012308527,-1.002813875304093e+17,0.0,-0.02521218,-0.032222867395589196,-1288.425575112397,-1618.3286626748625,46855.0,fomc_next,holdout
CRUDEOIL,OTM2-3 put,h240,99,1,0.74272037,-0.009832763,-4.676266117073032e+16,0.0,0.017139183,0.010062379172335077,849.98313826744,535.0453165364281,44050.0,fomc_next,holdout
CRUDEOIL,all,h240,707,1,0.7304238,-0.008587711,-1.4583284175636618e+16,0.0,-0.012756744,-0.01952156689763085,-713.6275101247569,-1061.6721120698492,51220.0,fomc_next,holdout
CRUDEOIL,ATM call,h240,168,3,0.75369316,-0.014984233,-5.2647637631527395,0.0,-0.0033987435,-0.010394114548465666,-108.0354236421131,-342.57192479129037,33505.0,opec_mon,holdout
CRUDEOIL,ATM put,h240,168,3,0.7560642,-0.014600474,-3.832270796115077,0.0,-0.031014636,-0.03796563189982691,-1041.90491267613,-1272.4576135834716,32880.0,opec_mon,holdout
CRUDEOIL,ITM1 call,h240,166,3,0.756193,-0.013843168,-4.643141654627266,0.0,-0.0017437931,-0.009032982244283323,-65.13418174651731,-326.85279487793264,35975.0,opec_mon,holdout
CRUDEOIL,ITM1 put,h240,164,3,0.7519572,-0.014332165,-3.6768948833143713,0.0,-0.031253252,-0.03846105281988704,-1127.9350932051495,-1386.7708919336021,35390.0,opec_mon,holdout
CRUDEOIL,ITM2-3 call,h240,310,3,0.7584406,-0.021086458,-6.925896998903284,0.0,-0.01068284,-0.017778346708749154,-424.9834515971522,-704.8279587657163,39450.0,opec_mon,holdout
CRUDEOIL,ITM2-3 put,h240,294,3,0.75622296,-0.017342437,-5.982861336841455,0.0,-0.03819859,-0.04518848859179906,-1523.2600620814733,-1804.501728592204,39485.0,opec_mon,holdout
CRUDEOIL,OTM1 call,h240,165,3,0.7508693,-0.015755128,-4.1641543819337175,0.0,-0.0032382812,-0.010675756991604946,-98.28500458688447,-330.5575219885073,31229.998,opec_mon,holdout
CRUDEOIL,OTM1 put,h240,167,3,0.758318,-0.014035718,-2.884799356171888,0.0,-0.030774321,-0.038207241626578486,-950.6868465218001,-1177.442026902495,30479.998,opec_mon,holdout
CRUDEOIL,OTM2-3 call,h240,321,3,0.7497219,-0.010498071,-3.501958842514126,0.0,0.0049067046,-0.002885438201053845,128.4640873704001,-89.22166350365589,27350.0,opec_mon,holdout
CRUDEOIL,OTM2-3 put,h240,331,3,0.7607292,-0.004281158,-0.7804971543854703,0.3333333333333333,-0.022726811,-0.030588087608524186,-634.7507903222951,-844.8679568497962,26820.002,opec_mon,holdout
CRUDEOIL,all,h240,2254,3,0.7554829,-0.01374652,-3.8900019375375194,0.0,-0.016574832,-0.023922457923797706,-582.2600722630254,-825.8648559982538,33265.0,opec_mon,holdout
CRUDEOIL,ATM call,h240,781,14,0.77507234,-0.019257255,-3.272230296689731,0.0,0.0048488434,-0.0023705247965866857,735.082524747763,492.45826114502705,34160.0,eia_day,holdout
CRUDEOIL,ATM put,h240,776,14,0.77106774,-0.004413506,-0.4835285571541737,0.25,-0.030002791,-0.037082069310814536,-1297.1705190914192,-1534.8744003589588,33660.0,eia_day,holdout
CRUDEOIL,ITM1 call,h240,768,14,0.7787595,-0.023966037,-6.251156337066663,0.0,-0.00029225275,-0.007741920262332856,574.2852648099264,305.0761029771406,36390.0,eia_day,holdout
CRUDEOIL,ITM1 put,h240,727,14,0.7728325,-0.005805708,-0.6773224237964199,0.0,-0.029343385,-0.03664255841743451,-1381.9829224556315,-1643.261823795832,35890.0,eia_day,holdout
CRUDEOIL,ITM2-3 call,h240,1409,14,0.786088,-0.030720368,-9.082500533843373,0.0,-0.008413363,-0.015617977625022506,159.8941930225337,-122.58715350613146,38870.0,eia_day,holdout
CRUDEOIL,ITM2-3 put,h240,1248,14,0.7741415,-0.01481673,-1.52033918638274,0.0,-0.03343967,-0.04048113791504989,-1600.6375801868928,-1877.4877850089235,39130.0,eia_day,holdout
CRUDEOIL,OTM1 call,h240,767,14,0.7736679,-0.011196482,-1.2462443423528364,0.0,0.013578879,0.00580998078514413,1045.7480792427311,804.3400175998075,31770.002,eia_day,holdout
CRUDEOIL,OTM1 put,h240,776,14,0.77351254,-0.005442318,-0.5035275256066614,0.25,-0.031116234,-0.03873589944698017,-1232.054037900315,-1466.896164490264,31040.0,eia_day,holdout
CRUDEOIL,OTM2-3 call,h240,1475,14,0.7725731,0.006379565,0.5536037203891374,0.5,0.030186504,0.021882613208999348,1380.321330959514,1154.2990349576348,28200.0,eia_day,holdout
CRUDEOIL,OTM2-3 put,h240,1502,14,0.7792867,-0.00410671,-0.30086218432533784,0.25,-0.03082893,-0.038990110761205635,-1085.8993352491275,-1300.306032288605,26790.0,eia_day,holdout
CRUDEOIL,all,h240,10229,14,0.7762842,-0.010991993,-1.4025258709311252,0.0,-0.010768463,-0.018342681157749504,-246.113222148111,-494.1330335906788,33160.0,eia_day,holdout
CRUDEOIL,ATM call,h240,666,12,0.7934235,-0.007499253,-2.2666916596945637,0.0,0.05946253,0.05225746780330588,2533.763659823764,2271.9452919585033,34570.0,ngs_day,holdout
CRUDEOIL,ATM put,h240,660,12,0.79524934,0.003857187,0.5594084096689111,0.5,-0.052092165,-0.05895248791878785,-2135.9733153834486,-2381.5098654272706,34330.0,ngs_day,holdout
CRUDEOIL,ITM1 call,h240,649,12,0.7989026,-0.013600027,-6.100723804604497,0.0,0.048886757,0.041432206380392626,2241.962338816403,1953.9363968231448,36770.0,ngs_day,holdout
CRUDEOIL,ITM1 put,h240,626,12,0.7954929,-0.001314154,-0.16025709325500673,0.25,-0.054696325,-0.061831911172711,-2274.1396638912897,-2545.3791487815006,36495.0,ngs_day,holdout
CRUDEOIL,ITM2-3 call,h240,1208,12,0.8069373,-0.023355385,-7.0983566259824435,0.0,0.03575737,0.028537213481055132,1817.8242733936436,1512.7321290429372,40325.0,ngs_day,holdout
CRUDEOIL,ITM2-3 put,h240,1036,12,0.8047265,-0.011710981,-1.2543578290188502,0.25,-0.058795094,-0.06566402723646529,-2564.00450260943,-2844.8059951407654,40015.0,ngs_day,holdout
CRUDEOIL,OTM1 call,h240,660,12,0.7910506,0.0014809082,0.25077295529722915,0.75,0.06757738,0.05985501555417431,2621.3005632342715,2359.153713556789,32125.0,ngs_day,holdout
CRUDEOIL,OTM1 put,h240,661,12,0.7970029,0.005300337,0.8197873430635385,0.75,-0.051325314,-0.058683519438278174,-1959.930007865317,-2203.7482074199647,31750.0,ngs_day,holdout
CRUDEOIL,OTM2-3 call,h240,1256,12,0.7926672,0.018380942,2.134459318948805,0.75,0.08674954,0.07859782835118985,2830.527474470199,2585.6553680700767,28645.002,ngs_day,holdout
CRUDEOIL,OTM2-3 put,h240,1271,12,0.803946,0.010752609,1.8286610123979827,1.0,-0.046106078,-0.05389730981752063,-1631.6942180450465,-1855.3306990813414,27779.998,ngs_day,holdout
CRUDEOIL,all,h240,8693,12,0.7988119,-0.0012895165,-0.2694759543811001,0.25,0.0052943346,-0.0021336162091826847,202.99012866404723,-59.128087174977985,34800.0,ngs_day,holdout
CRUDEOIL,all,h240,22804,33,0.8146432,-0.0034855653,-1.1257781853899236,0.5,-0.0027444041,-0.010084646744306296,-185.1553871012261,-451.6996169112831,36930.0,none,holdout
CRUDEOIL,ATM call,eod,605,14,0.79346406,-0.044960637,-3.4160394579941933,0.0,0.008685813,0.0016533823685617774,1656.430231519967,1417.1825970683071,33980.0,eia_in,holdout
CRUDEOIL,ATM put,eod,600,14,0.7903316,-0.021281524,-0.998372328920591,0.0,-0.06406622,-0.07090865603703951,-3028.6405855814614,-3257.299796053453,33465.0,eia_in,holdout
CRUDEOIL,ITM1 call,eod,592,14,0.7977976,-0.053088337,-4.5510250614831085,0.0,-0.0016713561,-0.00892884271522988,1348.3679320361164,1083.2827302436372,36200.0,eia_in,holdout
CRUDEOIL,ITM1 put,eod,558,14,0.78936833,-0.021972172,-1.1061926635834964,0.0,-0.05856564,-0.06566366534974837,-3071.8616964141956,-3324.5641059767,35555.0,eia_in,holdout
CRUDEOIL,ITM2-3 call,eod,1067,14,0.8063723,-0.056023203,-6.6100124841329855,0.0,-0.020182533,-0.027226621886424694,547.108441596849,268.6017661443582,38450.0,eia_in,holdout
CRUDEOIL,ITM2-3 put,eod,941,14,0.7893336,-0.029533345,-1.5871369587338091,0.0,-0.04684466,-0.05376799321005102,-2869.2237635094607,-3139.553720985849,38770.0,eia_in,holdout
CRUDEOIL,OTM1 call,eod,592,14,0.79205227,-0.03512878,-2.283114820072763,0.25,0.019462328,0.011886868697450901,2038.6134663143673,1800.105582870735,31600.0,eia_in,holdout
CRUDEOIL,OTM1 put,eod,600,14,0.7926419,-0.020494549,-0.9400105810543415,0.25,-0.06453486,-0.0718986369630231,-2880.9486452738442,-3107.064315339091,30810.0,eia_in,holdout
CRUDEOIL,OTM2-3 call,eod,1132,14,0.7907708,-0.0127545735,-0.6715525573892687,0.5,0.03475504,0.02666061722415524,2359.427001198273,2135.9635255833746,28004.998,eia_in,holdout
CRUDEOIL,OTM2-3 put,eod,1154,14,0.7982234,-0.030231232,-1.0274193585713867,0.0,-0.07047275,-0.07835244140114653,-2646.275866754753,-2853.0123736540304,26500.0,eia_in,holdout
CRUDEOIL,all,eod,7841,14,0.79461634,-0.032348484,-1.990728006240068,0.0,-0.025717579,-0.03308999352039216,-606.0100658559295,-848.3039689565766,32900.0,eia_in,holdout
CRUDEOIL,ATM call,eod,512,12,0.8271823,-0.020507,-3.099125926860526,0.0,0.13454397,0.12733991591108085,5602.193213999271,5340.288553400753,34535.0,ngs_in,holdout
CRUDEOIL,ATM put,eod,506,12,0.8292013,0.0030233893,0.22547605241666588,0.25,-0.11517401,-0.12177070175930817,-4687.64251437583,-4922.80731297249,34350.0,ngs_in,holdout
CRUDEOIL,ITM1 call,eod,496,12,0.83178633,-0.025204774,-4.0949514067596215,0.0,0.12094108,0.11346947796063982,5361.554131969328,5073.090250457124,36620.0,ngs_in,holdout
CRUDEOIL,ITM1 put,eod,476,12,0.83002543,-0.004811638,-0.2899647834756499,0.25,-0.11746955,-0.12434103396563832,-4929.825688209854,-5189.8444827100975,36445.0,ngs_in,holdout
CRUDEOIL,ITM2-3 call,eod,911,12,0.8396854,-0.03392241,-5.1138074075082525,0.0,0.105476975,0.09819673705628783,5130.809942218266,4823.481748948234,39810.0,ngs_in,holdout
CRUDEOIL,ITM2-3 put,eod,762,12,0.8325452,-0.015735662,-0.891117522863541,0.25,-0.10928187,-0.11599065550651472,-4785.689027040336,-5058.419045790379,39495.0,ngs_in,holdout
CRUDEOIL,OTM1 call,eod,506,12,0.8234893,-0.0070871543,-0.7385071551472385,0.5,0.1507668,0.14302778693700335,5809.996898183709,5547.199973071309,32020.0,ngs_in,holdout
CRUDEOIL,OTM1 put,eod,507,12,0.83004534,0.0023569092,0.19227190043540646,0.5,-0.11795624,-0.12502454615541764,-4444.696014825644,-4678.185403979154,31760.0,ngs_in,holdout
CRUDEOIL,OTM2-3 call,eod,951,12,0.8236169,0.014043198,0.8264905407510976,0.75,0.16907707,0.16088674203662526,5602.1070422183575,5356.444847756238,28310.0,ngs_in,holdout
CRUDEOIL,OTM2-3 put,eod,968,12,0.8379085,0.0068759355,0.5525493704581491,0.5,-0.11395338,-0.12146956855309038,-3876.194097581974,-4091.0015285863865,27505.0,ngs_in,holdout
CRUDEOIL,all,eod,6595,12,0.8311413,-0.0074352864,-0.845118087772343,0.25,0.014323889,0.00699837806310494,621.4447180550599,363.5759434320871,34400.0,ngs_in,holdout
CRUDEOIL,ATM call,eod,105,3,0.7200374,-0.09110505,-8.581804524979917,0.0,-0.28192663,-0.28863720943165083,-7876.262621198382,-8068.630716459607,25210.0,cpi_in,holdout
CRUDEOIL,ATM put,eod,105,3,0.721192,-0.116265975,-8.811816597415755,0.0,0.019192614,0.011758017030086108,539.0207054501489,325.3459806476877,25290.0,cpi_in,holdout
CRUDEOIL,ITM1 call,eod,105,3,0.7244457,-0.088376015,-10.955325001502974,0.0,-0.27516758,-0.282131522684413,-8366.849525088355,-8583.059942517239,27570.002,cpi_in,holdout
CRUDEOIL,ITM1 put,eod,102,3,0.7179537,-0.108347595,-6.932221101618762,0.0,0.019808274,0.012116773383519824,597.5995980057062,354.9965003247487,27905.0,cpi_in,holdout
CRUDEOIL,ITM2-3 call,eod,204,3,0.7339946,-0.085410565,-23.80397965718157,0.0,-0.26605812,-0.2728739182520686,-9119.34201857623,-9356.217856159687,31775.0,cpi_in,holdout
CRUDEOIL,ITM2-3 put,eod,181,3,0.71402407,-0.0918667,-5.146449548101758,0.0,0.026763953,0.019272743083491747,933.5503172479282,663.5540654452328,32710.0,cpi_in,holdout
CRUDEOIL,OTM1 call,eod,105,3,0.71556425,-0.089328736,-6.201047663407885,0.0,-0.2845965,-0.2917963382937192,-7278.149835495722,-7468.834435368366,23000.0,cpi_in,holdout
CRUDEOIL,OTM1 put,eod,105,3,0.7250192,-0.12209989,-10.41800014447238,0.0,0.016836144,0.008840764104955781,427.3081461588542,218.97856605717888,22820.0,cpi_in,holdout
CRUDEOIL,OTM2-3 call,eod,204,3,0.7093916,-0.064339116,-2.597735624205973,0.0,-0.26669925,-0.2743689744835955,-5906.4463858510935,-6087.491095957609,20200.0,cpi_in,holdout
CRUDEOIL,OTM2-3 put,eod,208,3,0.7330856,-0.14215101,-8.915959405140082,0.0,2.5574978e-05,-0.008465861413215104,16.222410935621994,-171.91826940300837,19365.0,cpi_in,holdout
CRUDEOIL,all,eod,1424,3,0.7218185,-0.09905135,-7.884622142869218,0.0,-0.13090377,-0.13839932042320297,-3651.84465258309,-3866.196457086573,28170.0,cpi_in,holdout
CRUDEOIL,ATM call,eod,111,2,0.7407476,-0.04112821,-2.2233562471840345,0.0,-0.16623695,-0.17288144013759624,-723.335987812764,-945.0010756133897,19720.0,fomc_day,holdout
CRUDEOIL,ATM put,eod,112,2,0.7398292,-0.054427862,-0.7737234063446028,0.5,0.043789916,0.03663696733585271,-610.7912949153355,-832.503722264025,33385.0,fomc_day,holdout
CRUDEOIL,ITM1 call,eod,111,2,0.74503785,-0.072775014,-2.6769844656530983,0.0,-0.19019629,-0.19692393074503678,-1974.639418318465,-2218.2372614196393,21990.0,fomc_day,holdout
CRUDEOIL,ITM1 put,eod,110,2,0.7384533,-0.04434026,-0.8446512509634878,0.5,0.0544299,0.04707239723844518,-407.22123579545456,-655.8662515760154,22425.0,fomc_day,holdout
CRUDEOIL,ITM2-3 call,eod,207,2,0.7510633,-0.06618502,-3.067175547060003,0.0,-0.2018297,-0.208289697625139,-3569.9290805392793,-3823.069848166921,27200.0,fomc_day,holdout
CRUDEOIL,ITM2-3 put,eod,188,2,0.7409472,-0.053164866,-1.32020793326658,0.5,0.081194706,0.07391735990221715,660.967765970433,399.3407088460836,27100.0,fomc_day,holdout
CRUDEOIL,OTM1 call,eod,111,2,0.737375,-0.025666688,-1.1903945235571125,0.5,-0.15737464,-0.16459006294915351,177.50334868559966,-45.568012083586886,17530.0,fomc_day,holdout
CRUDEOIL,OTM1 put,eod,112,2,0.74381256,-0.030624589,-0.48536736497838395,0.5,0.070146054,0.06232230880333911,-132.48920440673828,-351.70496597003694,30610.0,fomc_day,holdout
CRUDEOIL,OTM2-3 call,eod,218,2,0.7328612,0.00974401,3.139471112521271,1.0,-0.14074041,-0.14862694760941372,1009.399480557223,797.3419770956116,14630.0,fomc_day,holdout
CRUDEOIL,OTM2-3 put,eod,214,2,0.7498465,-0.07829261,-1.0070826035359643,0.5,0.05470502,0.04619793666808788,-662.1540782607605,-858.7926061721506,14205.0,fomc_day,holdout
CRUDEOIL,all,eod,1494,2,0.74226886,-0.045663513,-1.1768730365582616,0.5,-0.056073118,-0.06344732959181941,-631.980867398631,-861.5894494839403,26875.0,fomc_day,holdout
CRUDEOIL,ATM call,eod,56,1,0.71576715,-0.023074755,,0.0,-0.062555596,-0.06851135910217625,-3368.412835257394,-3677.659650885876,51740.0,fomc_next,holdout
CRUDEOIL,ATM put,eod,54,1,0.71603537,-0.018872656,-1.6319017208192116e+16,0.0,0.0020497728,-0.00404714710853635,157.63945402922454,-156.81389090838624,50995.0,fomc_next,holdout
CRUDEOIL,ITM1 call,eod,55,1,0.72067606,-0.022616306,-1.792644609998848e+16,0.0,-0.06257175,-0.06887031382345556,-3498.544921875,-3838.382414120291,53580.0,fomc_next,holdout
CRUDEOIL,ITM1 put,eod,52,1,0.7100578,-0.017977772,-3.3681310505500668e+16,0.0,0.0050667217,-0.0013269808750671858,340.5116741473858,-8.66908944672219,54040.0,fomc_next,holdout
CRUDEOIL,ITM2-3 call,eod,91,1,0.7251096,-0.021010814,-9.184864782970606e+16,0.0,-0.0643208,-0.07051707927338893,-3814.1221601884445,-4168.927685428503,56959.996,fomc_next,holdout
CRUDEOIL,ITM2-3 put,eod,82,1,0.702079,-0.01675872,-1.9804524852438628e+16,0.0,-0.003145098,-0.009341155744585937,-143.48732552877286,-505.9741535925367,58500.0,fomc_next,holdout
CRUDEOIL,OTM1 call,eod,56,1,0.71154284,-0.02076588,-2.094875178696704e+16,0.0,-0.06071961,-0.06704025228603906,-3143.1027548653738,-3458.797432436858,49690.0,fomc_next,holdout
CRUDEOIL,OTM1 put,eod,56,1,0.7207608,-0.019648839,-1.9821874133336068e+16,0.0,0.005171352,-0.0013427831087175868,316.78597586495533,-1.0644067670200457,48205.0,fomc_next,holdout
CRUDEOIL,OTM2-3 call,eod,106,1,0.70433986,-0.010634747,-7063418385203199.0,0.0,-0.049113378,-0.05564517072485086,-2404.913358868293,-2711.965304298654,46855.0,fomc_next,holdout
CRUDEOIL,OTM2-3 put,eod,99,1,0.72491586,-0.019167693,-9.11577395963276e+16,0.0,0.00817278,0.00147038792087903,427.2610134548611,129.5303650068261,44050.0,fomc_next,holdout
CRUDEOIL,all,eod,707,1,0.7150168,-0.018478584,-1.8103582257532612e+16,0.0,-0.028556025,-0.03490431538767236,-1534.0576301369674,-1860.308479590506,51220.0,fomc_next,holdout
CRUDEOIL,ATM call,eod,168,3,0.73445666,-0.041901186,-5.982505500769436,0.0,-0.005225664,-0.011836941296538207,-188.03494771321616,-409.32883925198917,33505.0,opec_mon,holdout
CRUDEOIL,ATM put,eod,168,3,0.73694545,-0.041074168,-4.35316785576966,0.0,-0.09230518,-0.09871884000438115,-3080.476461138044,-3293.0467655744483,32880.0,opec_mon,holdout
CRUDEOIL,ITM1 call,eod,166,3,0.73777497,-0.038427457,-5.842482569372974,0.0,-0.0024699417,-0.009352244454555925,-116.45050048828125,-363.17947286573406,35975.0,opec_mon,holdout
CRUDEOIL,ITM1 put,eod,164,3,0.73330706,-0.038480897,-4.4246118916736545,0.0,-0.087838136,-0.09449168682070241,-3171.099109184451,-3409.8075801478626,35390.0,opec_mon,holdout
CRUDEOIL,ITM2-3 call,eod,310,3,0.73999095,-0.03716464,-10.09771774405054,0.0,-0.0032469318,-0.009984663438772183,-166.68304443359375,-432.10583456448927,39450.0,opec_mon,holdout
CRUDEOIL,ITM2-3 put,eod,294,3,0.7380086,-0.039033324,-4.321374528373768,0.0,-0.08422761,-0.09072314172159777,-3403.447064250505,-3664.3096330194735,39485.0,opec_mon,holdout
CRUDEOIL,OTM1 call,eod,165,3,0.7322924,-0.044752,-5.628431934660655,0.0,-0.00770394,-0.014736193792257858,-242.08137281013256,-461.34435685755665,31229.998,opec_mon,holdout
CRUDEOIL,OTM1 put,eod,167,3,0.73946226,-0.04180435,-3.761359628997706,0.0,-0.09510624,-0.10195617613591343,-2920.736621239942,-3129.5654846102825,30479.998,opec_mon,holdout
CRUDEOIL,OTM2-3 call,eod,321,3,0.7315781,-0.045644928,-9.758950873419717,0.0,-0.00817773,-0.015531174074236057,-235.4893907208309,-440.5361940152981,27350.0,opec_mon,holdout
CRUDEOIL,OTM2-3 put,eod,331,3,0.7422979,-0.030289777,-1.5557248028973796,0.0,-0.08729438,-0.09454223812281162,-2366.865594869654,-2560.4549604756417,26820.002,opec_mon,holdout
CRUDEOIL,all,eod,2254,3,0.73695266,-0.039338894,-4.406042707571054,0.0,-0.04686934,-0.053738895694620925,-1565.0031867446155,-1792.5630625915178,33265.0,opec_mon,holdout
CRUDEOIL,ATM call,eod,781,14,0.789071,-0.039995305,-3.606677588836583,0.0,-0.007477185,-0.014261425093022953,933.0561766093275,703.9367444716086,34160.0,eia_day,holdout
CRUDEOIL,ATM put,eod,776,14,0.78568375,-0.021228192,-1.225431698316204,0.0,-0.04698249,-0.05365604583186951,-2258.485140259733,-2481.1302327870567,33660.0,eia_day,holdout
CRUDEOIL,ITM1 call,eod,768,14,0.79317236,-0.045990348,-4.569271192682146,0.0,-0.015216413,-0.022197722317536778,658.146795630455,404.60094701911686,36390.0,eia_day,holdout
CRUDEOIL,ITM1 put,eod,727,14,0.7843791,-0.021258548,-1.3415528193913606,0.0,-0.04210203,-0.04899946833569924,-2273.6111206726328,-2519.235824657086,35890.0,eia_day,holdout
CRUDEOIL,ITM2-3 call,eod,1409,14,0.80123335,-0.047546353,-6.432498947558439,0.0,-0.029639984,-0.03640073852835131,-48.22334901418476,-315.01629927502864,38870.0,eia_day,holdout
CRUDEOIL,ITM2-3 put,eod,1248,14,0.78414506,-0.027345713,-1.907665508888439,0.0,-0.032748263,-0.03945636187561683,-2088.1957665467876,-2350.5444727801046,39130.0,eia_day,holdout
CRUDEOIL,OTM1 call,eod,767,14,0.7875095,-0.032573976,-2.5701032032362994,0.25,9.9970435e-05,-0.007201774027505888,1240.4036988180028,1012.3175179892495,31770.002,eia_day,holdout
CRUDEOIL,OTM1 put,eod,776,14,0.7879901,-0.02133262,-1.1925402252857897,0.0,-0.04786207,-0.05504736820964718,-2154.0546604038514,-2373.9948770676597,31040.0,eia_day,holdout
CRUDEOIL,OTM2-3 call,eod,1475,14,0.78576493,-0.013308444,-0.8903856186253912,0.5,0.013027012,0.005211438408181285,1555.2224790928728,1341.2386626549624,28200.0,eia_day,holdout
CRUDEOIL,OTM2-3 put,eod,1502,14,0.7933688,-0.029393788,-1.2137887510863847,0.0,-0.05203933,-0.059754815069450656,-1950.586730662421,-2152.064395874182,26790.0,eia_day,holdout
CRUDEOIL,all,eod,10229,14,0.78976196,-0.02980966,-2.2391767616400635,0.0,-0.02573444,-0.032875284776845315,-606.2494914731458,-840.1131128778214,33160.0,eia_day,holdout
CRUDEOIL,ATM call,eod,666,12,0.8306137,-0.015064906,-2.760517122664726,0.0,0.10689526,0.09999646686874121,4595.389656548027,4344.26970456751,34570.0,ngs_day,holdout
CRUDEOIL,ATM put,eod,660,12,0.8326207,0.0031709142,0.2768613875997051,0.25,-0.08984325,-0.0962657333777517,-3737.539668227687,-3966.695028681885,34330.0,ngs_day,holdout
CRUDEOIL,ITM1 call,eod,649,12,0.8352836,-0.019626826,-3.9315464463764798,0.0,0.09492979,0.08779337805555687,4351.689887377441,4075.324290911804,36770.0,ngs_day,holdout
CRUDEOIL,ITM1 put,eod,626,12,0.8330218,-0.0048499,-0.3435782997658725,0.25,-0.092742726,-0.09940635591409573,-3950.2450693148776,-4202.864026310649,36495.0,ngs_day,holdout
CRUDEOIL,ITM2-3 call,eod,1208,12,0.8435283,-0.02966673,-4.893622485291514,0.0,0.07857213,0.0716367998403098,3970.6390936643083,3676.693474239033,40325.0,ngs_day,holdout
CRUDEOIL,ITM2-3 put,eod,1036,12,0.83664066,-0.015205739,-0.9833769948191047,0.25,-0.08583071,-0.09231254407197831,-3819.60307309066,-4084.55808365182,40015.0,ngs_day,holdout
CRUDEOIL,OTM1 call,eod,660,12,0.82701015,-0.002684351,-0.3112559537097412,0.5,0.12110419,0.1137019311864612,4791.58240925182,4539.866961051748,32125.0,ngs_day,holdout
CRUDEOIL,OTM1 put,eod,661,12,0.8335871,0.0028512806,0.2665557996380029,0.5,-0.091725014,-0.09860640431172243,-3538.9868512636954,-3766.2832917260407,31750.0,ngs_day,holdout
CRUDEOIL,OTM2-3 call,eod,1256,12,0.8272629,0.016276933,1.080784732392423,0.75,0.13635136,0.12852612655262002,4640.587404579114,4405.036093564746,28645.002,ngs_day,holdout
CRUDEOIL,OTM2-3 put,eod,1271,12,0.84156156,0.008073998,0.7377357508509264,0.5,-0.08605375,-0.0933784076606718,-3025.433838526908,-3235.0881223333436,27779.998,ngs_day,holdout
CRUDEOIL,all,eod,8693,12,0.8347661,-0.0051174406,-0.6755711001970031,0.25,0.011805386,0.004753542523411409,528.1255433080277,279.1588978897458,34800.0,ngs_day,holdout
CRUDEOIL,all,eod,22804,33,0.83205205,-0.0051789763,-0.7932813598665895,0.5,-9.814766e-06,-0.006986092531834347,-237.40725808343518,-489.9411562643354,36930.0,none,holdout
NATURALGAS,ATM call,h60,183,46,0.86706436,-0.002904215,-1.059120282471781,0.3333333333333333,-0.013113358,-0.021138969027784085,26.639405169773624,-118.07407466336988,18375.0,eia_in,design
NATURALGAS,ATM put,h60,181,46,0.88431644,-0.0048872516,-1.8202258337698392,0.25,0.004898459,-0.003360061975416097,-199.2403390657836,-340.7533804478033,18000.0,eia_in,design
NATURALGAS,ITM1 call,h60,183,46,0.8719666,-0.0031077594,-1.462412497542932,0.25,-0.010945075,-0.018691568246981906,6.8305717791364495,-161.1837768463457,21187.5,eia_in,design
NATURALGAS,ITM1 put,h60,178,46,0.87735176,-0.0037370392,-1.8871128037910458,0.3333333333333333,0.004590799,-0.003254343326425879,-160.81458731983486,-327.37658560771376,21406.25,eia_in,design
NATURALGAS,ITM2-3 call,h60,341,46,0.88012457,-0.0062877783,-4.015089907426174,0.08333333333333333,-0.012271547,-0.019450099255236462,-143.98256005429803,-338.8985907302021,26500.0,eia_in,design
NATURALGAS,ITM2-3 put,h60,317,45,0.85828906,-0.005750541,-4.594817007325914,0.08333333333333333,0.00097452727,-0.006239720988085693,-175.5957084499323,-370.80659278345234,26500.0,eia_in,design
NATURALGAS,OTM1 call,h60,183,46,0.86002284,-0.0020649561,-0.5355887095496316,0.4166666666666667,-0.014506353,-0.0237644363651998,56.69394233187691,-80.04628306824576,15875.0,eia_in,design
NATURALGAS,OTM1 put,h60,181,46,0.88964367,-0.00711308,-1.5089160554608683,0.16666666666666666,0.004688371,-0.005233198197453647,-218.92274529235797,-349.61027250508414,14812.5,eia_in,design
NATURALGAS,OTM2-3 call,h60,363,46,0.8447559,0.0020512617,0.44295567727668445,0.5,-0.012034592,-0.023842217024652168,127.05933702878716,5.368382020264268,12187.5,eia_in,design
NATURALGAS,OTM2-3 put,h60,357,46,0.89366543,-0.0063998234,-1.009876467250019,0.25,0.009679545,-0.0031980251823928033,-204.13044787922493,-316.32056956013474,11125.0,eia_in,design
NATURALGAS,all,h60,2467,46,0.8714223,-0.0039815623,-1.3503648314851822,0.25,-0.0037671705,-0.013043951580392676,-88.90411053585242,-240.40102961547555,18812.5,eia_in,design
NATURALGAS,ATM call,h60,168,42,1.2284598,-0.003615817,-1.1157565688846929,0.4166666666666667,-0.015106334,-0.02327984335768489,-281.2500484287739,-423.47967665890235,17593.75,ngs_in,design
NATURALGAS,ATM put,h60,164,41,1.2598919,-0.0037140425,-1.002233955377253,0.3333333333333333,0.008069508,-0.00010689069624734473,136.0518339930511,-5.696665984792627,17968.75,ngs_in,design
NATURALGAS,ITM1 call,h60,166,42,1.2521625,-0.003128405,-1.276638951838296,0.3333333333333333,-0.014126414,-0.021973634324242937,-321.9126954854253,-485.3190044644196,20500.0,ngs_in,design
NATURALGAS,ITM1 put,h60,164,41,1.2451489,-0.0025637757,-0.8745706899641077,0.3333333333333333,0.0076998994,-9.887748021479468e-05,155.99019643737049,-11.957892853511444,21531.25,ngs_in,design
NATURALGAS,ITM2-3 call,h60,313,42,1.2591673,-0.008646071,-3.070582427206305,0.16666666666666666,-0.020686649,-0.027892241641713625,-546.4115729347204,-736.7843718196418,25937.5,ngs_in,design
NATURALGAS,ITM2-3 put,h60,290,41,1.2449675,-0.014463412,-4.09785853053048,0.16666666666666666,-0.0038536706,-0.011038172436244078,-140.19499976059487,-335.37754283181835,26593.75,ngs_in,design
NATURALGAS,OTM1 call,h60,166,42,1.2295257,-0.005528494,-1.086456103749034,0.4166666666666667,-0.018462282,-0.02806016834698867,-268.2880639850375,-401.05093968823996,14593.75,ngs_in,design
NATURALGAS,OTM1 put,h60,164,41,1.2693574,-0.006087824,-1.2347227901190232,0.5,0.007820113,-0.001866603911696881,110.13723455551194,-20.530782573647873,14906.25,ngs_in,design
NATURALGAS,OTM2-3 call,h60,333,42,1.2005583,0.02383152,1.8338381541673467,0.5833333333333334,0.0103089735,-0.0028672113466921513,10.202228911109156,-109.46002301783923,11750.0,ngs_in,design
NATURALGAS,OTM2-3 put,h60,324,41,1.2818617,-0.0020665964,-0.229634499266232,0.5833333333333334,0.016313193,0.0025281222360103955,124.26085471187109,13.565719075007795,10875.0,ngs_in,design
NATURALGAS,all,h60,2252,42,1.246021,-0.0016459847,-0.4310720718807737,0.4166666666666667,-0.001311292,-0.010934060996590523,-109.80970153442814,-259.53476149423193,18437.5,ngs_in,design
NATURALGAS,ATM call,h60,36,9,0.9132398,-0.00057345687,-0.09953126382427079,0.5555555555555556,-0.058462016,-0.06628460416651244,-892.3610713746813,-1021.278920617546,14687.5,cpi_in,design
NATURALGAS,ATM put,h60,36,9,0.91305953,0.00082897575,0.20172907914121954,0.4444444444444444,0.055622485,0.04752640923973981,859.3749668863085,725.5802347576122,15406.25,cpi_in,design
NATURALGAS,ITM1 call,h60,36,9,0.9246185,-0.000965469,-0.2299185221199733,0.5555555555555556,-0.05482523,-0.062491948879035,-1008.6805952919854,-1159.1163505273846,17906.25,cpi_in,design
NATURALGAS,ITM1 put,h60,36,9,0.90116453,-0.00042836933,-0.13923489138458303,0.4444444444444444,0.050229795,0.0423430215964293,937.4999337726169,777.937270968804,19000.0,cpi_in,design
NATURALGAS,ITM2-3 call,h60,68,9,0.94178987,-0.003626648,-1.771435690278269,0.4444444444444444,-0.049118575,-0.05625869172301309,-1189.7415623945349,-1369.0404387083304,24781.25,cpi_in,design
NATURALGAS,ITM2-3 put,h60,68,9,0.8784348,-0.007916743,-1.482632493140809,0.2222222222222222,0.03658254,0.029294230374554826,849.9767149195951,656.8431052611882,26531.25,cpi_in,design
NATURALGAS,OTM1 call,h60,36,9,0.89962524,-0.0010719618,-0.18565321873166105,0.4444444444444444,-0.0631339,-0.07187828802832318,-800.3470963901943,-921.0651032372173,11875.0,cpi_in,design
NATURALGAS,OTM1 put,h60,36,9,0.9242264,0.0020224159,0.41586111231044565,0.5555555555555556,0.061209247,0.0520119921198511,751.7360813087887,630.0537606433775,12312.5,cpi_in,design
NATURALGAS,OTM2-3 call,h60,72,9,0.88079125,0.013232254,1.4969451127945037,0.5555555555555556,-0.05531269,-0.06561226905656647,-501.87977651755017,-608.0825995026905,8906.25,cpi_in,design
NATURALGAS,OTM2-3 put,h60,72,9,0.93793577,0.0038660264,0.5601360983293278,0.4444444444444444,0.0702421,0.0590315589834519,604.9974511067072,503.854711800672,8500.0,cpi_in,design
NATURALGAS,all,h60,496,9,0.9101799,0.0008858115,0.2128190373950022,0.4444444444444444,-0.00023080288,-0.00891781763952021,-42.70067979251185,-183.01982757539471,16843.75,cpi_in,design
NATURALGAS,ATM call,h60,387,7,0.7347063,-0.00072102505,-0.4881739794530133,0.2857142857142857,-0.00065780163,-0.010293040416596936,-6.136898846589317,-198.9974248595802,16812.5,fomc_day,design
NATURALGAS,ATM put,h60,381,7,0.7371162,-0.0002952532,-0.1944450121477999,0.2857142857142857,0.0004850504,-0.009104728927153284,-53.80576520454227,-246.00654899666443,16687.5,fomc_day,design
NATURALGAS,ITM1 call,h60,359,7,0.7560645,-0.001040913,-0.7463377767039908,0.2857142857142857,-2.4019344e-05,-0.009567583730371915,25.940016119593032,-194.2137605826114,19250.0,fomc_day,design
NATURALGAS,ITM1 put,h60,352,7,0.7468863,-0.0005391121,-0.42200084286400036,0.14285714285714285,-0.0007472902,-0.010219518366431871,-86.30503646352075,-306.931007722895,19687.5,fomc_day,design
NATURALGAS,ITM2-3 call,h60,600,7,0.7881426,-0.0055734226,-4.160876637315957,0.0,-0.003271464,-0.012109457129458932,-64.98664617538452,-315.3183350088473,24531.25,fomc_day,design
NATURALGAS,ITM2-3 put,h60,577,7,0.74503404,-0.0026342438,-1.6904755272872327,0.14285714285714285,-0.003930145,-0.012684308703743544,-215.50968160249124,-472.6409983934894,26062.5,fomc_day,design
NATURALGAS,OTM1 call,h60,381,7,0.73551327,-0.0005240429,-0.26622473955386394,0.14285714285714285,-0.00073854835,-0.011554396576761815,-1.4763476028842877,-182.98192423180242,14000.0,fomc_day,design
NATURALGAS,OTM1 put,h60,372,7,0.7487921,-0.00077410234,-0.34696455046739605,0.42857142857142855,0.00024153388,-0.010621172394976163,-44.018824895222984,-220.30815679579237,13437.5,fomc_day,design
NATURALGAS,OTM2-3 call,h60,730,7,0.7266618,0.0029235403,1.1170954136514792,0.5714285714285714,0.0022585588,-0.010309843833563119,73.75791689304457,-87.58222891513022,10312.5,fomc_day,design
NATURALGAS,OTM2-3 put,h60,724,7,0.759109,0.0022049907,0.589584665149766,0.5714285714285714,0.003304068,-0.00984571739102453,-3.487891337489555,-152.79470600954556,9281.25,fomc_day,design
NATURALGAS,all,h60,4863,7,0.7486744,-0.00052971917,-0.3226022527685907,0.2857142857142857,-0.0001486013,-0.010708749414491374,-35.55467874332634,-233.73163729254836,19000.0,fomc_day,design
NATURALGAS,ATM call,h60,387,7,0.8047183,0.0020108274,1.1860336397259985,0.7142857142857143,-0.00673781,-0.016500705063484975,-104.00521739816789,-296.2656007458054,17062.5,fomc_next,design
NATURALGAS,ATM put,h60,384,7,0.8061245,0.0028255216,1.7798440381615555,0.7142857142857143,0.009968638,0.0001779764969248726,166.82947209725776,-23.308499000079166,16687.5,fomc_next,design
NATURALGAS,ITM1 call,h60,370,7,0.82085323,0.0011211206,0.7369650194391902,0.5714285714285714,-0.0067143696,-0.016351192765529262,-125.16889862112097,-349.1459180172934,19906.25,fomc_next,design
NATURALGAS,ITM1 put,h60,359,7,0.80904305,0.0019021938,1.4563093575637607,0.7142857142857143,0.009092381,-0.0005141529656987704,203.3002197244373,-17.5901608923124,20125.0,fomc_next,design
NATURALGAS,ITM2-3 call,h60,622,7,0.8549617,-0.0025270015,-1.8489541274539403,0.14285714285714285,-0.010794302,-0.019664363703976586,-281.2530229712606,-533.3319377211549,25375.0,fomc_next,design
NATURALGAS,ITM2-3 put,h60,583,7,0.81244653,-0.0022418122,-2.2370458231901087,0.2857142857142857,0.0065046116,-0.002347268861980721,169.63468612160528,-81.60711910353766,26187.5,fomc_next,design
NATURALGAS,OTM1 call,h60,383,7,0.7970225,0.0028221996,1.453072296828448,0.7142857142857143,-0.0069878283,-0.01805735906878917,-92.03650621459005,-275.2020996969531,14375.0,fomc_next,design
NATURALGAS,OTM1 put,h60,377,7,0.819817,0.002781844,1.2946207953231899,0.5714285714285714,0.010721444,-0.0004718639143640531,164.45620701863214,-12.811093846837219,13312.5,fomc_next,design
NATURALGAS,OTM2-3 call,h60,727,7,0.7898428,0.010053764,1.756173171464981,0.7142857142857143,-0.0016208843,-0.01489017656628841,3.148062562024249,-159.52704344843173,11187.5,fomc_next,design
NATURALGAS,OTM2-3 put,h60,724,7,0.83480173,0.00632809,1.7608625415414456,0.7142857142857143,0.015084337,0.0009673929922208432,154.3985268111387,7.252259348552059,9687.5,fomc_next,design
NATURALGAS,all,h60,4916,7,0.8160763,0.002868674,1.7885182277101106,0.7142857142857143,0.0020721585,-0.008822268337972887,23.44703200243662,-174.81107315178303,18625.0,fomc_next,design
NATURALGAS,ATM call,h60,657,12,0.92128676,0.0020544163,1.0952772065070477,0.5454545454545454,-0.0011148179,-0.010128945982753662,-110.58236910327929,-314.81119442496737,20125.0,opec_mon,design
NATURALGAS,ATM put,h60,655,12,0.9292599,-0.0007579504,-0.7566309314187363,0.45454545454545453,0.0019243448,-0.0070415228591354136,137.74754982868222,-71.12832891373954,20375.0,opec_mon,design
NATURALGAS,ITM1 call,h60,638,12,0.9389921,0.0019155507,0.9938946838896335,0.5454545454545454,-0.001410127,-0.01060840186695256,-124.49679890396453,-360.03774111206457,23000.0,opec_mon,design
NATURALGAS,ITM1 put,h60,610,12,0.94397455,-0.0005125043,-0.48456036514425793,0.45454545454545453,0.0031968676,-0.005873927126470232,185.85616447886483,-56.65114868286733,23875.0,opec_mon,design
NATURALGAS,ITM2-3 call,h60,1077,12,0.96605235,-0.0014593052,-0.8742713344190955,0.2727272727272727,-0.005967621,-0.014641934764651497,-271.50243880467605,-537.6546015190168,28625.0,opec_mon,design
NATURALGAS,ITM2-3 put,h60,940,12,0.9639735,-0.0036463758,-2.8865432579667054,0.09090909090909091,0.0019981484,-0.006416932345714635,165.69423421900322,-113.6353980341093,31312.5,opec_mon,design
NATURALGAS,OTM1 call,h60,644,12,0.92122525,0.0025591655,1.1540129651047166,0.7272727272727273,-0.0007754055,-0.010589636258051238,-107.50695137503725,-303.16244193434494,17562.5,opec_mon,design
NATURALGAS,OTM1 put,h60,647,12,0.9411489,-0.00025613743,-0.23394161562891708,0.45454545454545453,0.002815414,-0.007050015043907012,160.90683719658594,-33.99337127900241,17125.0,opec_mon,design
NATURALGAS,OTM2-3 call,h60,1234,12,0.93036395,0.0056290864,2.123644190576846,0.6363636363636364,0.000695258,-0.00999627642480903,-81.46029044202314,-255.370884817819,14437.5,opec_mon,design
NATURALGAS,OTM2-3 put,h60,1264,12,0.95236135,0.002112883,1.6847167284299887,0.6363636363636364,0.005964914,-0.005063393080045871,194.69787378477145,28.05110717106734,12812.5,opec_mon,design
NATURALGAS,all,h60,8366,12,0.94316375,0.00093986146,0.9679561165334399,0.6363636363636364,0.00080676324,-0.008789872162700454,11.392319612801716,-203.25770570332116,22500.0,opec_mon,design
NATURALGAS,ATM call,h60,2432,47,0.7475284,-0.0008611063,-1.7062817504124788,0.3333333333333333,0.00225996,-0.0074880093992310565,66.27776598753898,-113.2638767782908,18500.0,eia_day,design
NATURALGAS,ATM put,h60,2426,47,0.75727785,-0.000955671,-1.659296384369975,0.3333333333333333,-0.0032497211,-0.013001431068390771,-76.77245900489433,-254.2498550958661,18187.5,eia_day,design
NATURALGAS,ITM1 call,h60,2313,47,0.76297456,-0.00064969546,-1.694589768810375,0.3333333333333333,0.0021645334,-0.007414020205224757,72.88141447488643,-134.94806567676665,21250.0,eia_day,design
NATURALGAS,ITM1 put,h60,2277,47,0.76163065,-0.0008477615,-2.043436981474493,0.3333333333333333,-0.0032453055,-0.012755315567328571,-91.7081867962696,-299.7630733647007,21375.0,eia_day,design
NATURALGAS,ITM2-3 call,h60,3835,47,0.7958175,-0.00361711,-8.158290831274325,0.0,-0.0005647152,-0.009365476848651865,-7.13132490856862,-242.92572407538773,26125.0,eia_day,design
NATURALGAS,ITM2-3 put,h60,3554,47,0.7681014,-0.0027014578,-6.494201406412261,0.0,-0.005669735,-0.014367864058225812,-185.33069361577762,-426.64779532119474,26562.5,eia_day,design
NATURALGAS,OTM1 call,h60,2388,47,0.7436053,-0.0012069753,-1.7296709628650702,0.3333333333333333,0.0022001027,-0.008910052563219962,63.70393830777412,-105.16398078819967,15718.75,eia_day,design
NATURALGAS,OTM1 put,h60,2381,47,0.76555115,-0.0012252502,-1.5552244473486616,0.3333333333333333,-0.003660495,-0.01500194783508748,-69.55768514060013,-232.5875762443144,15062.5,eia_day,design
NATURALGAS,OTM2-3 call,h60,4574,47,0.7384265,0.0012020097,0.856132608299481,0.75,0.00507994,-0.008464419978829497,95.1123558095594,-52.390132104877694,12187.5,eia_day,design
NATURALGAS,OTM2-3 put,h60,4530,47,0.7793056,0.00075728056,0.6161215769791802,0.6666666666666666,-0.0022495496,-0.016427671304062783,-37.11905604265384,-173.97211172969972,11062.5,eia_day,design
NATURALGAS,all,h60,30710,47,0.76314557,-0.00091792474,-1.5074128511144858,0.3333333333333333,-0.0005699488,-0.011496425815588912,-16.213560940892485,-200.83160021794143,18687.5,eia_day,design
NATURALGAS,ATM call,h60,2231,43,0.7804521,-0.0019156896,-2.357776422031098,0.16666666666666666,-0.0046610003,-0.014507930934392621,-80.80364242095897,-258.3414173116012,17937.5,ngs_day,design
NATURALGAS,ATM put,h60,2194,43,0.79634243,-0.0005341242,-0.7104033258024429,0.3333333333333333,0.001028805,-0.008885061243112693,22.903389162439158,-150.3267645487602,17812.5,ngs_day,design
NATURALGAS,ITM1 call,h60,2118,43,0.79934084,-0.0013818353,-2.4153070713906084,0.08333333333333333,-0.0038866622,-0.013550928650157733,-72.35667762382623,-278.6314409105589,20750.0,ngs_day,design
NATURALGAS,ITM1 put,h60,2061,43,0.80130416,-0.00029910606,-0.4648686539466594,0.3333333333333333,0.0012462032,-0.008367336186224008,27.474169590009293,-177.33254780205118,21187.5,ngs_day,design
NATURALGAS,ITM2-3 call,h60,3543,43,0.8337029,-0.0035233847,-7.210069084036475,0.08333333333333333,-0.006745047,-0.015572139882719334,-184.69269030719298,-419.6818795171431,25750.0,ngs_day,design
NATURALGAS,ITM2-3 put,h60,3225,43,0.8209859,-0.0035364656,-6.1759789570654124,0.0,-0.0009138362,-0.009683216516170231,-37.16936961624973,-272.39595814815,26000.0,ngs_day,design
NATURALGAS,OTM1 call,h60,2199,43,0.77713734,-0.0018986999,-1.7899130045014504,0.3333333333333333,-0.004759762,-0.016109911122731083,-64.96057741042428,-232.0378289745565,15187.5,ngs_day,design
NATURALGAS,OTM1 put,h60,2159,43,0.8062482,-0.0008904437,-0.9175506260300262,0.25,0.0009025043,-0.010651194008088685,22.753585283543124,-136.32562880853487,14750.0,ngs_day,design
NATURALGAS,OTM2-3 call,h60,4173,43,0.7735248,0.0013858404,0.569183493115163,0.5,-0.0018300249,-0.016215451371423023,-9.69845518601932,-155.18322176971319,11625.0,ngs_day,design
NATURALGAS,OTM2-3 put,h60,4113,43,0.82123375,0.0006432573,0.46019946586827987,0.5833333333333334,0.0034554657,-0.011728461105394234,43.5681892443451,-89.10199808505315,10437.5,ngs_day,design
NATURALGAS,all,h60,28016,43,0.8025511,-0.0010903161,-1.302995288528895,0.3333333333333333,-0.0015202892,-0.01279751896893805,-34.11930679252689,-215.79970665153087,18125.0,ngs_day,design
NATURALGAS,all,h60,78295,122,0.9177103,0.00050165167,0.4171200772424337,0.3333333333333333,0.0006520787,-0.01027826746968816,4.287919255004577,-179.7710107632005,18437.5,none,design
NATURALGAS,ATM call,h240,721,46,0.9044453,-0.013582409,-3.002584069703648,0.25,-0.010982956,-0.019216203592851474,236.54241833045313,86.58153802562595,18625.0,eia_in,design
NATURALGAS,ATM put,h240,719,46,0.92177474,-0.012802565,-2.831612785912614,0.25,-0.0139543,-0.02227083246496206,-694.456198699617,-839.5720865870264,18187.5,eia_in,design
NATURALGAS,ITM1 call,h240,720,46,0.91046643,-0.013556248,-4.338507818512625,0.25,-0.00918677,-0.017178809957341976,182.5712194873227,8.429802959013614,21625.0,eia_in,design
NATURALGAS,ITM1 put,h240,712,46,0.91193336,-0.010567061,-3.4301750092957364,0.16666666666666666,-0.013143558,-0.021134449052717198,-701.1868268921135,-872.913059126551,21500.0,eia_in,design
NATURALGAS,ITM2-3 call,h240,1313,46,0.9232965,-0.018301567,-6.624116505065787,0.0,-0.014229413,-0.021634644203202633,-82.72833707944547,-283.05246607233204,26375.0,eia_in,design
NATURALGAS,ITM2-3 put,h240,1260,46,0.8931012,-0.01282622,-6.351321608934475,0.08333333333333333,-0.014674214,-0.022053430433468125,-748.8947193773967,-950.6015044194876,26750.0,eia_in,design
NATURALGAS,OTM1 call,h240,719,46,0.89794886,-0.01497618,-2.443890544687433,0.25,-0.014181706,-0.023638035325039247,247.9800476235375,106.48063784938336,15937.5,eia_in,design
NATURALGAS,OTM1 put,h240,717,46,0.9256563,-0.017613,-2.7811809282478963,0.25,-0.017943295,-0.027747030225337758,-677.0840370339164,-811.1190382488513,15187.5,eia_in,design
NATURALGAS,OTM2-3 call,h240,1425,46,0.88476676,-0.012727511,-1.308416825975162,0.4166666666666667,-0.014236489,-0.026162118758609007,306.03796350851394,180.82973112656882,12187.5,eia_in,design
NATURALGAS,OTM2-3 put,h240,1416,46,0.93113744,-0.016275277,-1.8649117865118705,0.3333333333333333,-0.012185235,-0.024842818367392137,-541.3126995613388,-656.1924226569164,11000.0,eia_in,design
NATURALGAS,all,h240,9722,46,0.9095041,-0.014508547,-3.0758649557418067,0.16666666666666666,-0.013546651,-0.022919822106774828,-245.45943261233592,-401.41702738801575,19062.5,eia_in,design
NATURALGAS,ATM call,h240,659,42,1.0062233,-0.0121125085,-2.0257854504915462,0.16666666666666666,-0.028039541,-0.036376264739776,-562.1614434921687,-708.4423288165964,17937.5,ngs_in,design
NATURALGAS,ATM put,h240,652,42,1.0270927,-0.006915231,-1.3337546842010755,0.25,0.0060953656,-0.0023529267607262667,131.52238461503222,-14.066239597902657,17875.0,ngs_in,design
NATURALGAS,ITM1 call,h240,650,42,1.0153716,-0.011319435,-3.029037297696437,0.16666666666666666,-0.024797525,-0.03285853634175475,-587.2873503428239,-756.7969792522123,20812.5,ngs_in,design
NATURALGAS,ITM1 put,h240,651,42,1.0154595,-0.0097848335,-2.4357034192174982,0.25,0.0020051098,-0.006090367037246015,33.369779403674805,-139.33149241939307,21250.0,ngs_in,design
NATURALGAS,ITM2-3 call,h240,1204,42,1.029101,-0.01762821,-5.1480833748871495,0.08333333333333333,-0.03620676,-0.0436188899363638,-1037.3635090070707,-1234.069097062452,26062.5,ngs_in,design
NATURALGAS,ITM2-3 put,h240,1134,42,1.0069561,-0.01472499,-4.40366766718613,0.16666666666666666,0.0028401213,-0.004639058747575914,53.536302723792076,-149.6037744908657,26468.75,ngs_in,design
NATURALGAS,OTM1 call,h240,655,42,1.00093,-0.015406541,-1.592403609870666,0.25,-0.03276248,-0.04245069481824855,-491.9099570003175,-629.3046724580661,15187.5,ngs_in,design
NATURALGAS,OTM1 put,h240,651,42,1.03383,-0.009827439,-1.4190858538692808,0.25,0.0046328735,-0.0053041133795694645,115.15102021613612,-18.9235313812397,14750.0,ngs_in,design
NATURALGAS,OTM2-3 call,h240,1302,42,0.985014,-0.00817728,-0.45576743928779917,0.25,-0.02722662,-0.0402285391719984,-252.80783618135112,-375.3654372124715,11812.5,ngs_in,design
NATURALGAS,OTM2-3 put,h240,1292,42,1.0430963,-0.006141181,-0.6870014012672948,0.25,0.012701088,-0.0011510343679558158,143.0587309640443,29.292662290253396,10625.0,ngs_in,design
NATURALGAS,all,h240,8850,42,1.0157381,-0.011210294,-1.9411875313520701,0.25,-0.012109813,-0.021890356802194366,-251.3629350684962,-405.5955766196177,18437.5,ngs_in,design
NATURALGAS,ATM call,h240,144,9,0.85946417,-0.00036955127,-0.03561425884565319,0.5555555555555556,-0.080946706,-0.08987170499121044,-1023.8715385397276,-1171.1638323083198,14281.25,cpi_in,design
NATURALGAS,ATM put,h240,144,9,0.8594204,0.001368093,0.13734659497440507,0.5555555555555556,0.083195336,0.07383874554307246,1064.2360730303658,911.533209653715,14812.5,cpi_in,design
NATURALGAS,ITM1 call,h240,142,9,0.87281597,-0.0008954313,-0.11131405625389988,0.4444444444444444,-0.07342355,-0.08230613651266283,-1150.5281841251212,-1325.0811712979255,17437.5,cpi_in,design
NATURALGAS,ITM1 put,h240,136,9,0.85047555,-0.0026444504,-0.4124740692154176,0.4444444444444444,0.06624772,0.05707442977138766,1039.0993076212267,854.0939043121173,18437.5,cpi_in,design
NATURALGAS,ITM2-3 call,h240,245,9,0.8906756,-0.0046592797,-0.8475488990763159,0.4444444444444444,-0.06830608,-0.07658501943224827,-1434.24561072369,-1641.9724118703803,24687.5,cpi_in,design
NATURALGAS,ITM2-3 put,h240,221,9,0.8349393,-0.020129144,-5.583308170185161,0.0,0.052462213,0.043949764012973486,1037.742055918836,817.5392008261334,25187.5,cpi_in,design
NATURALGAS,OTM1 call,h240,142,9,0.84864473,0.0013055365,0.10204541369742226,0.4444444444444444,-0.085070886,-0.095001862566684,-855.4981921760129,-993.4256742578799,11656.25,cpi_in,design
NATURALGAS,OTM1 put,h240,142,9,0.8715399,-0.00050927466,-0.04444001830510186,0.4444444444444444,0.0876586,0.07710145783189977,861.795830055022,723.6348206440447,11593.75,cpi_in,design
NATURALGAS,OTM2-3 call,h240,276,9,0.8311661,0.023877565,1.2530834704735183,0.4444444444444444,-0.0736987,-0.08516323598161098,-477.7759108422459,-597.9580490217674,8812.5,cpi_in,design
NATURALGAS,OTM2-3 put,h240,276,9,0.88486654,0.0037895993,0.2428781452228817,0.4444444444444444,0.10616818,0.09358172922111195,697.9577740033468,584.5129807510673,8562.5,cpi_in,design
NATURALGAS,all,h240,1868,9,0.8600166,0.0009722352,0.09741740398681652,0.5555555555555556,0.0016571408,-0.008299186482169188,-41.022336617016435,-199.68939110367566,16562.5,cpi_in,design
NATURALGAS,ATM call,h240,387,7,0.75614274,-0.0050623287,-0.9837359106680508,0.14285714285714285,8.146522e-05,-0.009186457844591395,40.4951761859332,-144.47597733122106,16812.5,fomc_day,design
NATURALGAS,ATM put,h240,381,7,0.76116025,-0.0024221991,-0.47996196992264506,0.14285714285714285,-0.0035480245,-0.012763433186977886,-297.62552635563327,-481.37211416818263,16687.5,fomc_day,design
NATURALGAS,ITM1 call,h240,359,7,0.7739193,-0.0061853495,-1.2598726812298993,0.2857142857142857,0.0030653165,-0.006122348964678219,143.92811109760677,-67.96245589582657,19250.0,fomc_day,design
NATURALGAS,ITM1 put,h240,352,7,0.76800865,-0.0041594673,-0.9263744822925043,0.14285714285714285,-0.008461722,-0.01753664328450547,-476.9416153430939,-687.6602551298736,19687.5,fomc_day,design
NATURALGAS,ITM2-3 call,h240,600,7,0.7946436,-0.016999586,-5.768508866491468,0.0,-0.010555332,-0.019039196020003316,-231.49462640285492,-472.2664222660745,24531.25,fomc_day,design
NATURALGAS,ITM2-3 put,h240,577,7,0.7688764,-0.007816964,-1.5763313948940134,0.14285714285714285,-0.014842784,-0.02322047265401723,-788.5363341617419,-1033.654351213581,26062.5,fomc_day,design
NATURALGAS,OTM1 call,h240,381,7,0.7563731,-0.0044879485,-0.6874782808354154,0.14285714285714285,0.002609739,-0.00783902097613086,118.22602645618709,-56.776229806502776,14000.0,fomc_day,design
NATURALGAS,OTM1 put,h240,372,7,0.7711635,-0.0041011767,-0.5643303556282663,0.2857142857142857,-0.008052118,-0.018498305070017346,-336.10351944482454,-504.7102893340154,13437.5,fomc_day,design
NATURALGAS,OTM2-3 call,h240,730,7,0.74872226,0.0036355427,0.4443066327987337,0.2857142857142857,0.006539606,-0.005664413342772675,198.75335754597023,43.237857652244415,10312.5,fomc_day,design
NATURALGAS,OTM2-3 put,h240,724,7,0.78106177,0.003188076,0.23582009284177552,0.5714285714285714,-0.0012504988,-0.013999569421754014,-144.3145183321521,-288.00557261203585,9281.25,fomc_day,design
NATURALGAS,all,h240,4863,7,0.76857483,-0.004020199,-0.7189203010141659,0.2857142857142857,-0.0033371085,-0.013520321973567145,-174.2133134165934,-364.3604141231678,19000.0,fomc_day,design
NATURALGAS,ATM call,h240,387,7,0.82939285,0.0069244495,1.130033641171775,0.7142857142857143,-0.019561209,-0.02892731641548788,-433.8801253673642,-617.2758201011065,17062.5,fomc_next,design
NATURALGAS,ATM put,h240,384,7,0.83081156,0.008866736,1.7004432691610554,0.7142857142857143,0.0409094,0.031394183737465615,759.1558534962436,574.719814481556,16687.5,fomc_next,design
NATURALGAS,ITM1 call,h240,370,7,0.8440661,0.004436879,0.8909585244523774,0.7142857142857143,-0.02009226,-0.0293236915545779,-511.18946639267176,-724.8360284252344,19906.25,fomc_next,design
NATURALGAS,ITM1 put,h240,359,7,0.833288,0.0028341883,0.6487323030365135,0.5714285714285714,0.032853935,0.023573480573544345,749.7687276691447,536.7278953746692,20125.0,fomc_next,design
NATURALGAS,ITM2-3 call,h240,622,7,0.87622076,-0.0036466958,-0.8398187718914175,0.2857142857142857,-0.02925568,-0.03773801274776258,-861.1718318470038,-1101.7290237023117,25375.0,fomc_next,design
NATURALGAS,ITM2-3 put,h240,583,7,0.83075404,-0.005329533,-1.3848913937610838,0.2857142857142857,0.028263085,0.019686192053188632,786.9488675639315,543.8743821978107,26187.5,fomc_next,design
NATURALGAS,OTM1 call,h240,383,7,0.82154125,0.010463551,1.2205488462434324,0.7142857142857143,-0.01855925,-0.02919438270550367,-368.7984583894515,-543.3544227247392,14375.0,fomc_next,design
NATURALGAS,OTM1 put,h240,377,7,0.84205353,0.010790503,1.601440358304429,0.7142857142857143,0.04349218,0.03258077450543592,667.3893648686396,495.37419680463995,13312.5,fomc_next,design
NATURALGAS,OTM2-3 call,h240,727,7,0.8126305,0.022720035,1.2586579924308683,0.7142857142857143,-0.015654122,-0.028486730414953396,-214.07281085746325,-369.6922236788722,11187.5,fomc_next,design
NATURALGAS,OTM2-3 put,h240,724,7,0.8602048,0.015543153,1.439089582776731,0.7142857142857143,0.054741487,0.04089309622050447,631.6699334600354,488.29470755179807,9687.5,fomc_next,design
NATURALGAS,all,h240,4916,7,0.83898443,0.007976935,1.2719192901994032,0.7142857142857143,0.009829219,-0.0007168700457042753,109.60689576856483,-81.05850034028056,18625.0,fomc_next,design
NATURALGAS,ATM call,h240,657,12,0.9296234,0.0024630832,0.5299802980796984,0.36363636363636365,-0.013139652,-0.021771224939233304,-581.2815298954283,-776.0097650003069,20125.0,opec_mon,design
NATURALGAS,ATM put,h240,655,12,0.9239326,-0.00062338816,-0.19550736899856183,0.36363636363636365,0.013945765,0.005324398698830631,679.0836203189297,477.63696640311736,20375.0,opec_mon,design
NATURALGAS,ITM1 call,h240,638,12,0.94375104,0.0018418793,0.4233831669723416,0.5454545454545454,-0.012284255,-0.021105723369856284,-612.8535861131913,-838.0020630842193,23000.0,opec_mon,design
NATURALGAS,ITM1 put,h240,610,12,0.93228483,-0.0014548898,-0.48043417610525846,0.45454545454545453,0.013219874,0.004478657050917539,718.4856582860477,483.95970005355383,23875.0,opec_mon,design
NATURALGAS,ITM2-3 call,h240,1077,12,0.9563027,-0.0026035174,-0.7149973145525347,0.2727272727272727,-0.018140243,-0.026469433614044417,-813.128390352042,-1068.2006360082453,28625.0,opec_mon,design
NATURALGAS,ITM2-3 put,h240,940,12,0.94393516,-0.009299516,-3.1122067565334293,0.09090909090909091,0.007909302,-0.00024371064951738224,624.0646306504594,352.4378145078124,31312.5,opec_mon,design
NATURALGAS,OTM1 call,h240,644,12,0.92661756,0.0043534003,0.7215234179198745,0.45454545454545453,-0.010771297,-0.020202456599302587,-495.9301261798195,-683.1076532516522,17562.5,opec_mon,design
NATURALGAS,OTM1 put,h240,647,12,0.93549824,0.000104774,0.0287367624956106,0.6363636363636364,0.015134235,0.005611974833621496,690.8705687780837,501.89288237926644,17125.0,opec_mon,design
NATURALGAS,OTM2-3 call,h240,1234,12,0.9253088,0.009706156,1.354215170409393,0.5454545454545454,-0.0074992804,-0.01782395694500899,-419.71541929090426,-586.6686273228362,14437.5,opec_mon,design
NATURALGAS,OTM2-3 put,h240,1264,12,0.9453439,0.0031462603,0.6485930815821541,0.6363636363636364,0.019739814,0.009067373355426596,722.1700062480154,560.1968543269791,12812.5,opec_mon,design
NATURALGAS,all,h240,8366,12,0.937285,0.0010492082,0.27282796387613495,0.5454545454545454,0.0008580377,-0.00839103390396876,41.06661049680735,-165.74629897340634,22500.0,opec_mon,design
NATURALGAS,ATM call,h240,2432,47,0.7670085,-0.0047060307,-2.692039710549408,0.25,0.0058031566,-0.003605663249010902,219.43532034607702,46.350791346337246,18500.0,eia_day,design
NATURALGAS,ATM put,h240,2426,47,0.7783349,-0.0042887796,-2.3851731405435617,0.25,-0.013727039,-0.023095492068668944,-322.0608302216243,-491.9001024792367,18187.5,eia_day,design
NATURALGAS,ITM1 call,h240,2313,47,0.7817049,-0.004120019,-3.1039066594899034,0.25,0.006567101,-0.002656660110038426,235.3517061129206,35.28178279199261,21250.0,eia_day,design
NATURALGAS,ITM1 put,h240,2277,47,0.7792203,-0.004095977,-3.105079179286257,0.16666666666666666,-0.013193415,-0.022305678975096603,-369.34375762939453,-568.2510019983349,21375.0,eia_day,design
NATURALGAS,ITM2-3 call,h240,3835,47,0.80626845,-0.009374624,-7.683568516431197,0.0,0.00012862716,-0.008345632117909424,45.38553432504388,-181.8444606079337,26125.0,eia_day,design
NATURALGAS,ITM2-3 put,h240,3554,47,0.7767758,-0.0065229954,-5.4077012743419255,0.0,-0.01452374,-0.022876259060707362,-486.83843471122447,-718.2643738756615,26562.5,eia_day,design
NATURALGAS,OTM1 call,h240,2388,47,0.7622625,-0.005382826,-2.091171876034027,0.3333333333333333,0.0054402123,-0.005306000902062752,217.68104765483082,54.74153544832731,15718.75,eia_day,design
NATURALGAS,OTM1 put,h240,2381,47,0.7855177,-0.0056427214,-2.060728549688912,0.3333333333333333,-0.015954377,-0.02687661192360414,-288.75255677966396,-444.873868998136,15062.5,eia_day,design
NATURALGAS,OTM2-3 call,h240,4574,47,0.75597817,-0.0036546655,-0.7509099857163938,0.4166666666666667,0.006686657,-0.006490152612868006,222.50412784559163,79.74602723320218,12187.5,eia_day,design
NATURALGAS,OTM2-3 put,h240,4530,47,0.7971846,-0.003003393,-0.7301255459848895,0.5833333333333334,-0.015011744,-0.028774233219550204,-185.58813426355783,-317.3096381479819,11062.5,eia_day,design
NATURALGAS,all,h240,30710,47,0.7794939,-0.0050944807,-2.421458122874866,0.3333333333333333,-0.004805565,-0.015361068843861408,-68.09274669771803,-245.65895834835038,18687.5,eia_day,design
NATURALGAS,ATM call,h240,2231,43,0.79836726,-0.0067772157,-2.474220707257304,0.16666666666666666,-0.01874824,-0.028194902681010395,-338.81821429606566,-508.55196437965964,17937.5,ngs_day,design
NATURALGAS,ATM put,h240,2194,43,0.8156431,-0.0031632816,-1.133353417818792,0.3333333333333333,0.003705428,-0.005854681945306584,115.45811958930226,-51.31077583909787,17812.5,ngs_day,design
NATURALGAS,ITM1 call,h240,2118,43,0.8154283,-0.0056801247,-2.9644733167583537,0.08333333333333333,-0.016501555,-0.02575196400150524,-343.1840316938611,-540.2946806107481,20750.0,ngs_day,design
NATURALGAS,ITM1 put,h240,2061,43,0.81796414,-0.0034357551,-1.5340082511398447,0.25,0.0029966696,-0.006247866119435535,86.64534486421736,-110.18090330041697,21187.5,ngs_day,design
NATURALGAS,ITM2-3 call,h240,3543,43,0.8453697,-0.009063585,-5.653471916452951,0.08333333333333333,-0.021039147,-0.02949966666187493,-582.2630610601935,-807.3185422101445,25750.0,ngs_day,design
NATURALGAS,ITM2-3 put,h240,3225,43,0.83033746,-0.0075313584,-4.093511889221539,0.08333333333333333,0.0024596506,-0.005981385397382788,52.57474396579949,-173.7390242575364,26000.0,ngs_day,design
NATURALGAS,OTM1 call,h240,2199,43,0.7945439,-0.007950747,-1.868694841151306,0.3333333333333333,-0.02067637,-0.031588722058356236,-276.54417611323146,-436.3758343801074,15187.5,ngs_day,design
NATURALGAS,OTM1 put,h240,2159,43,0.8241398,-0.0046062763,-1.247812371980863,0.3333333333333333,0.0012625597,-0.00990378583082825,88.14870983348393,-65.10792017983125,14750.0,ngs_day,design
NATURALGAS,OTM2-3 call,h240,4173,43,0.7901391,-0.006484192,-0.7775634834553812,0.3333333333333333,-0.02067742,-0.034618279902326306,-166.93928680926555,-306.7772647373283,11625.0,ngs_day,design
NATURALGAS,OTM2-3 put,h240,4113,43,0.8389465,-0.004503029,-0.8927679145544754,0.3333333333333333,0.0039678398,-0.010829620649013834,118.70422821927616,-9.733232995215525,10437.5,ngs_day,design
NATURALGAS,all,h240,28016,43,0.81814194,-0.006088694,-2.0166616873209224,0.3333333333333333,-0.008630416,-0.01951831039274518,-127.44486197373956,-301.95577422783856,18125.0,ngs_day,design
NATURALGAS,all,h240,78295,122,0.94747466,0.0017087478,0.31556948430373244,0.3333333333333333,0.0015043463,-0.00906779417941868,15.073875554293267,-162.18891387103616,18437.5,none,design
NATURALGAS,ATM call,eod,1881,46,0.813974,-0.017917218,-3.3478395756947505,0.25,0.0047212853,-0.004463761354649279,534.5241114663545,365.8325252366546,18437.5,eia_in,design
NATURALGAS,ATM put,eod,1874,46,0.8242594,-0.016203359,-2.9983151702707467,0.16666666666666666,-0.029873708,-0.03899443000942863,-886.1373426947293,-1049.4197233581322,18250.0,eia_in,design
NATURALGAS,ITM1 call,eod,1767,46,0.8261641,-0.019828303,-5.356736786933103,0.16666666666666666,-0.0012459595,-0.010260406870240822,340.2085211834263,145.64600041622163,21250.0,eia_in,design
NATURALGAS,ITM1 put,eod,1739,46,0.81913996,-0.01358829,-3.8127821621522897,0.08333333333333333,-0.028383646,-0.037286037144031045,-994.3123525967195,-1186.5571781137728,21437.5,eia_in,design
NATURALGAS,ITM2-3 call,eod,2860,46,0.8381317,-0.022701157,-7.6481058613556225,0.0,-0.0033393113,-0.011684473994218968,157.63403298137905,-64.73689804231411,26187.5,eia_in,design
NATURALGAS,ITM2-3 put,eod,2684,46,0.80280167,-0.015048219,-5.556781190134917,0.08333333333333333,-0.02979619,-0.03798286241933414,-1128.3884349594173,-1354.1708345446095,26625.0,eia_in,design
NATURALGAS,OTM1 call,eod,1844,46,0.80702436,-0.020949457,-2.7460932395603423,0.3333333333333333,-0.00086806185,-0.011324678021812007,491.6375058495042,332.52932064621046,15625.0,eia_in,design
NATURALGAS,OTM1 put,eod,1834,46,0.83050174,-0.022887647,-2.8730708386282484,0.25,-0.038448572,-0.0490483236849637,-828.3046667942434,-978.6751753958744,15250.0,eia_in,design
NATURALGAS,OTM2-3 call,eod,3502,46,0.79492706,-0.02001769,-1.6190021504742864,0.3333333333333333,0.0037163626,-0.009102690345081238,523.1818055435122,383.38742296737104,12250.0,eia_in,design
NATURALGAS,OTM2-3 put,eod,3460,46,0.83909255,-0.025698582,-2.2300251078000852,0.25,-0.03963518,-0.053082339914933586,-625.9086532141432,-752.8879878566441,11062.5,eia_in,design
NATURALGAS,all,eod,23445,46,0.8189488,-0.01994773,-3.38692361995346,0.25,-0.016396893,-0.026708718380912714,-226.35512608668523,-398.7360190694308,18500.0,eia_in,design
NATURALGAS,ATM call,eod,1719,42,0.85586184,-0.016571391,-2.129739500228611,0.25,-0.059717547,-0.06880504432196034,-1035.565365238062,-1200.065949556088,18000.0,ngs_in,design
NATURALGAS,ATM put,eod,1690,42,0.8735108,-0.013933587,-1.8763629758031932,0.3333333333333333,0.025487741,0.016110916953925275,496.1528545300636,331.59739306266675,17875.0,ngs_in,design
NATURALGAS,ITM1 call,eod,1618,42,0.86835676,-0.016109627,-2.984623868341052,0.16666666666666666,-0.057573725,-0.06649059511766775,-1194.2324506484977,-1385.3782282137197,20875.0,ngs_in,design
NATURALGAS,ITM1 put,eod,1562,42,0.86795825,-0.012588799,-2.1601067826892795,0.16666666666666666,0.026835518,0.01770476784474748,592.5166818686545,397.5657222701328,21250.0,ngs_in,design
NATURALGAS,ITM2-3 call,eod,2612,42,0.88943636,-0.017748497,-4.017435685147582,0.08333333333333333,-0.06933964,-0.07753840861192263,-1827.6957553707257,-2046.4090252961685,25750.0,ngs_in,design
NATURALGAS,ITM2-3 put,eod,2367,42,0.863186,-0.015902959,-3.1171822261057573,0.08333333333333333,0.026531886,0.01811209033260052,708.0549845274461,482.15676886627995,26000.0,ngs_in,design
NATURALGAS,OTM1 call,eod,1686,42,0.8504861,-0.023895856,-1.9143680731633654,0.25,-0.07056774,-0.08098900380230595,-970.4987834675032,-1125.2425951261162,15250.0,ngs_in,design
NATURALGAS,OTM1 put,eod,1652,42,0.8823218,-0.016293773,-1.7728829345530095,0.16666666666666666,0.024473827,0.01357536669206294,457.307003961637,305.9871438951147,14812.5,ngs_in,design
NATURALGAS,OTM2-3 call,eod,3178,42,0.84003884,-0.032843843,-1.4401635971171483,0.25,-0.078205094,-0.09158725760502809,-705.4104474874282,-841.3163187284412,11687.5,ngs_in,design
NATURALGAS,OTM2-3 put,eod,3126,42,0.8918881,-0.022613937,-1.7916327913663939,0.16666666666666666,0.02455325,0.010116033859581505,394.47658794788464,267.1977669372182,10625.0,ngs_in,design
NATURALGAS,all,eod,21210,42,0.8681583,-0.019992413,-2.549318120487228,0.16666666666666666,-0.02260539,-0.033201173974559677,-327.0071248459344,-497.7427951618629,18062.5,ngs_in,design
NATURALGAS,ATM call,eod,324,9,0.7861379,0.006342533,0.3876312753381813,0.3333333333333333,-0.1280238,-0.1371184905742134,-1338.5096670668802,-1490.7250856198657,14500.0,cpi_in,design
NATURALGAS,ATM put,eod,316,9,0.783742,0.0046103597,0.3258442893671154,0.5555555555555556,0.16276935,0.15288662230840228,1895.1414167126522,1734.9169090637333,14875.0,cpi_in,design
NATURALGAS,ITM1 call,eod,301,9,0.802141,-0.0018566375,-0.129464358366631,0.4444444444444444,-0.12055539,-0.12962885098303165,-1677.57176085564,-1857.8351468360295,17625.0,cpi_in,design
NATURALGAS,ITM1 put,eod,283,9,0.7755525,-0.009047073,-1.1738298636632387,0.4444444444444444,0.11926728,0.1095837402188829,1675.9118132372205,1482.3932854551692,18500.0,cpi_in,design
NATURALGAS,ITM2-3 call,eod,490,9,0.8228632,-0.0028287168,-0.23325180187045547,0.4444444444444444,-0.106248796,-0.1147683877032791,-1996.356725692749,-2210.644086159767,24718.75,cpi_in,design
NATURALGAS,ITM2-3 put,eod,430,9,0.7527735,-0.02559377,-4.158955281324531,0.1111111111111111,0.07970395,0.07076582321630073,1358.0732511919598,1128.3832163199859,25343.75,cpi_in,design
NATURALGAS,OTM1 call,eod,310,9,0.77787757,0.010240557,0.4689460865971839,0.4444444444444444,-0.12224156,-0.13235404765122863,-896.0050094512201,-1039.8984612574272,11843.75,cpi_in,design
NATURALGAS,OTM1 put,eod,309,9,0.79977506,0.0020777632,0.11901890448532254,0.5555555555555556,0.16416623,0.15305527724081583,1416.1358392740144,1271.6130928451,11750.0,cpi_in,design
NATURALGAS,OTM2-3 call,eod,593,9,0.76081175,0.02640087,0.9556839059830233,0.5555555555555556,-0.1267204,-0.13828491191795822,-548.0535607313828,-672.9204107354293,9125.0,cpi_in,design
NATURALGAS,OTM2-3 put,eod,584,9,0.81188595,0.007600302,0.3184390484684726,0.5555555555555556,0.19709021,0.18392743808008066,1060.096836355451,941.9410105827582,8625.0,cpi_in,design
NATURALGAS,all,eod,3940,9,0.78696847,0.0030233993,0.19311289320353517,0.4444444444444444,0.010766396,0.00044352462304896766,49.29020645352185,-114.42929283697104,16375.0,cpi_in,design
NATURALGAS,ATM call,eod,387,7,0.81509984,-0.023866564,-3.624858013119379,0.14285714285714285,-0.027725395,-0.03645693402711642,-56.20395952416945,-231.274857703739,16812.5,fomc_day,design
NATURALGAS,ATM put,eod,381,7,0.81736857,-0.018660143,-2.8773394038940405,0.14285714285714285,-0.017254546,-0.02597874704952837,-1064.375638961792,-1236.2913597793893,16687.5,fomc_day,design
NATURALGAS,ITM1 call,eod,359,7,0.8254546,-0.026571443,-4.516949593744775,0.0,-0.032161698,-0.04077121295225017,-275.43481678019657,-474.8616647709777,19250.0,fomc_day,design
NATURALGAS,ITM1 put,eod,352,7,0.8178591,-0.015387798,-2.9655452968366975,0.14285714285714285,-0.01792468,-0.02651757891951205,-1129.3096061457288,-1327.1824378040674,19687.5,fomc_day,design
NATURALGAS,ITM2-3 call,eod,600,7,0.83652633,-0.03450063,-7.573123902029899,0.0,-0.038373694,-0.04635001283293966,-688.6949102083842,-915.5349298985997,24531.25,fomc_day,design
NATURALGAS,ITM2-3 put,eod,577,7,0.8111223,-0.018553749,-2.8518024995472167,0.14285714285714285,-0.030138033,-0.038067965234143415,-1570.99988266335,-1801.7122444013119,26062.5,fomc_day,design
NATURALGAS,OTM1 call,eod,381,7,0.80946845,-0.024892546,-2.860408087307928,0.14285714285714285,-0.032503102,-0.042337186767391836,-27.625031984384293,-192.8940228256698,14000.0,fomc_day,design
NATURALGAS,OTM1 put,eod,372,7,0.8261398,-0.025886903,-2.0255641431800617,0.14285714285714285,-0.0248025,-0.0347248171506124,-1072.8699561729227,-1230.775969863123,13437.5,fomc_day,design
NATURALGAS,OTM2-3 call,eod,730,7,0.80018944,-0.009607676,-1.013042709579214,0.2857142857142857,-0.018233221,-0.029850651776012732,229.01612969293987,80.76947370170359,10312.5,fomc_day,design
NATURALGAS,OTM2-3 put,eod,724,7,0.8342669,-0.016108098,-0.5220906928543995,0.2857142857142857,-0.018043768,-0.030254939448963472,-757.25799169165,-892.4168670740746,9281.25,fomc_day,design
NATURALGAS,all,eod,4863,7,0.81917363,-0.020665694,-2.408751612913141,0.14285714285714285,-0.025407622,-0.035059976364322,-623.9082422333443,-803.1199334095973,19000.0,fomc_day,design
NATURALGAS,ATM call,eod,387,7,0.8929247,0.015284011,0.9966564600768246,0.5714285714285714,-0.04008476,-0.04892874894619061,-874.1402756952192,-1046.4138294741508,17062.5,fomc_next,design
NATURALGAS,ATM put,eod,384,7,0.8931614,0.008976239,0.7364508819343685,0.42857142857142855,0.11051474,0.10127520820718276,1804.2573425918818,1626.929211597793,16687.5,fomc_next,design
NATURALGAS,ITM1 call,eod,370,7,0.9048925,0.0061248974,0.6087236342092605,0.5714285714285714,-0.0431554,-0.051810923850957945,-1134.8789914234264,-1334.28736948631,19906.25,fomc_next,design
NATURALGAS,ITM1 put,eod,359,7,0.8915136,0.0049616043,0.5546667373310855,0.42857142857142855,0.10925375,0.10019942241390269,2275.333055878748,2068.267287533447,20125.0,fomc_next,design
NATURALGAS,ITM2-3 call,eod,622,7,0.9273328,-0.004310966,-0.4847202827108836,0.2857142857142857,-0.0699907,-0.07791347535654566,-2040.0388831111013,-2264.1722370264,25375.0,fomc_next,design
NATURALGAS,ITM2-3 put,eod,583,7,0.8772681,-0.008273552,-1.3290618706025128,0.14285714285714285,0.08153327,0.07322409335328577,2240.9682494698422,2005.5723853552113,26187.5,fomc_next,design
NATURALGAS,OTM1 call,eod,383,7,0.88360536,0.019848404,0.9565691408757394,0.5714285714285714,-0.048090294,-0.05814899543140336,-897.6628466001067,-1061.5935621347055,14375.0,fomc_next,design
NATURALGAS,OTM1 put,eod,377,7,0.9034169,0.010933841,0.8416902703596167,0.42857142857142855,0.10881467,0.09822111795287386,1482.26103352615,1317.087906594184,13312.5,fomc_next,design
NATURALGAS,OTM2-3 call,eod,727,7,0.86872727,0.026777364,0.7694423408909224,0.7142857142857143,-0.03959187,-0.05186310867067477,-592.9445790477927,-739.8367798694078,11187.5,fomc_next,design
NATURALGAS,OTM2-3 put,eod,724,7,0.91946006,0.01717191,1.472544907313788,0.5714285714285714,0.13182667,0.11824912746090736,1429.1968180165106,1290.0170267181802,9687.5,fomc_next,design
NATURALGAS,all,eod,4916,7,0.89616066,0.010074841,0.9305239680916594,0.5714285714285714,0.02917879,0.019049929654279,327.0418030733471,145.5648207609063,18625.0,fomc_next,design
NATURALGAS,ATM call,eod,657,12,1.0058634,-0.0028807793,-0.28385010203081884,0.45454545454545453,-0.050111163,-0.05816334678841064,-1736.4698584947048,-1917.1617402218224,20125.0,opec_mon,design
NATURALGAS,ATM put,eod,655,12,0.9916218,-0.008299773,-1.1596298677013064,0.36363636363636365,0.030086212,0.021855759728825416,1670.369747030826,1476.8887250249777,20375.0,opec_mon,design
NATURALGAS,ITM1 call,eod,638,12,1.0145283,-0.0015890255,-0.17076265363998222,0.45454545454545453,-0.04634951,-0.05453427093987889,-1758.9271292791097,-1966.9714021337638,23000.0,opec_mon,design
NATURALGAS,ITM1 put,eod,610,12,0.99120367,-0.010189664,-1.4526977837566126,0.2727272727272727,0.025308589,0.017012876023616706,1593.3245674508516,1369.676835585277,23875.0,opec_mon,design
NATURALGAS,ITM2-3 call,eod,1077,12,1.0236953,-0.005290636,-0.7053744083155391,0.36363636363636365,-0.045934927,-0.05369859005756248,-1872.403332781991,-2109.335057195045,28625.0,opec_mon,design
NATURALGAS,ITM2-3 put,eod,940,12,0.98910964,-0.0135703925,-2.436342261745281,0.18181818181818182,0.031841565,0.024046017881277915,2082.6669779229674,1821.978478505429,31312.5,opec_mon,design
NATURALGAS,OTM1 call,eod,644,12,1.0013425,-0.0028538997,-0.24147276856191172,0.36363636363636365,-0.05265812,-0.061438833773663576,-1702.7819397286598,-1875.7358372368806,17562.5,opec_mon,design
NATURALGAS,OTM1 put,eod,647,12,0.99630433,-0.0075105065,-0.9319950385541806,0.45454545454545453,0.030064534,0.02099533307850225,1626.2317698742543,1445.0801715445373,17125.0,opec_mon,design
NATURALGAS,OTM2-3 call,eod,1234,12,0.9952973,-0.000141883,-0.01015182319704428,0.36363636363636365,-0.053021487,-0.06266221068743555,-1534.7946810760993,-1689.2258285666885,14437.5,opec_mon,design
NATURALGAS,OTM2-3 put,eod,1264,12,1.0082796,-0.009375225,-0.9039328996396296,0.45454545454545453,0.032473486,0.022259561828357477,1632.8007128985623,1476.3588704810484,12812.5,opec_mon,design
NATURALGAS,all,eod,8366,12,1.0020396,-0.0061839907,-0.7535370626980201,0.45454545454545453,-0.010247702,-0.018971389155167974,-15.587331417671038,-210.6294750713774,22500.0,opec_mon,design
NATURALGAS,ATM call,eod,2432,47,0.81612295,-0.013995829,-3.234594185206997,0.3333333333333333,0.001880779,-0.007075687346327759,371.19751998321397,206.35901597404313,18500.0,eia_day,design
NATURALGAS,ATM put,eod,2426,47,0.82624763,-0.012871936,-2.9028364075300894,0.3333333333333333,-0.022351274,-0.03126586295727081,-677.29651927948,-837.7670776157039,18187.5,eia_day,design
NATURALGAS,ITM1 call,eod,2313,47,0.8277627,-0.015526141,-5.300196792376562,0.16666666666666666,-0.0028420773,-0.011585308975512085,207.73128055155252,17.752196347782192,21250.0,eia_day,design
NATURALGAS,ITM1 put,eod,2277,47,0.82072616,-0.010916793,-3.7210628935663754,0.16666666666666666,-0.021326365,-0.029978513835991427,-755.1874327041834,-943.1917687090515,21375.0,eia_day,design
NATURALGAS,ITM2-3 call,eod,3835,47,0.8397122,-0.018677952,-7.596817273254534,0.0,-0.005541682,-0.01360948914376764,11.32225057758595,-205.20081246742296,26125.0,eia_day,design
NATURALGAS,ITM2-3 put,eod,3554,47,0.8041253,-0.012173739,-5.152117431799453,0.0,-0.022831455,-0.030783193396538837,-861.8117700350305,-1081.4774140596955,26562.5,eia_day,design
NATURALGAS,OTM1 call,eod,2388,47,0.808896,-0.016165797,-2.6376909846303103,0.4166666666666667,-0.0025151523,-0.012766009581890206,342.5998008580663,187.22370174476467,15718.75,eia_day,design
NATURALGAS,OTM1 put,eod,2381,47,0.83227056,-0.01830387,-2.7358242677574562,0.4166666666666667,-0.028548054,-0.0389798152807297,-630.0066843009306,-777.7417009346409,15062.5,eia_day,design
NATURALGAS,OTM2-3 call,eod,4574,47,0.796717,-0.014363288,-1.4012331547437913,0.3333333333333333,0.0025420545,-0.010151066721088387,385.12890156689144,248.24992202954954,12187.5,eia_day,design
NATURALGAS,OTM2-3 put,eod,4530,47,0.84066564,-0.020764818,-2.1680521254286367,0.5,-0.031079782,-0.04434203418504948,-467.6415763598009,-592.991025637924,11062.5,eia_day,design
NATURALGAS,all,eod,30710,47,0.8206923,-0.015723797,-3.254431406259799,0.3333333333333333,-0.013361202,-0.023455205995723597,-196.6024374887129,-365.4551438932321,18687.5,eia_day,design
NATURALGAS,ATM call,eod,2231,43,0.85293967,-0.014352499,-2.215017237592663,0.16666666666666666,-0.05184367,-0.0607597893795107,-842.6767820763727,-1002.4786078553692,17937.5,ngs_day,design
NATURALGAS,ATM put,eod,2194,43,0.87071854,-0.010969483,-1.7151515165661564,0.3333333333333333,0.022973217,0.013796948979129824,372.06511255166913,212.89859936166368,17812.5,ngs_day,design
NATURALGAS,ITM1 call,eod,2118,43,0.8663333,-0.014097349,-3.1295278825258426,0.16666666666666666,-0.049345665,-0.05803278948899615,-961.9031566510907,-1146.7400880372556,20750.0,ngs_day,design
NATURALGAS,ITM1 put,eod,2061,43,0.86488444,-0.009513122,-1.886555189234614,0.16666666666666666,0.02337269,0.014510940103152698,447.96753065612694,259.9025558070769,21187.5,ngs_day,design
NATURALGAS,ITM2-3 call,eod,3543,43,0.88638157,-0.015547091,-4.369198588065414,0.08333333333333333,-0.05698066,-0.06493569147435388,-1453.9022448033961,-1665.4817136045729,25750.0,ngs_day,design
NATURALGAS,ITM2-3 put,eod,3225,43,0.85961294,-0.012848054,-2.961135626676206,0.08333333333333333,0.021885263,0.013751886588619873,528.0017213303913,310.16477945835516,26000.0,ngs_day,design
NATURALGAS,OTM1 call,eod,2199,43,0.8475512,-0.019362072,-1.8902591134677829,0.25,-0.060117345,-0.07044136532941492,-766.7455420731523,-917.1675332506957,15187.5,ngs_day,design
NATURALGAS,OTM1 put,eod,2159,43,0.8789118,-0.013395847,-1.74041065724817,0.25,0.02223905,0.0114801695520973,325.9868588559105,179.53382040215885,14750.0,ngs_day,design
NATURALGAS,OTM2-3 call,eod,4173,43,0.8372278,-0.025653923,-1.3715238323740546,0.25,-0.06552047,-0.07886061729253989,-543.4883308944844,-675.8714172075978,11625.0,ngs_day,design
NATURALGAS,OTM2-3 put,eod,4113,43,0.88848025,-0.019463573,-1.7971493413934574,0.16666666666666666,0.022444088,0.008053437542052126,281.1470314943672,157.80364980077366,10437.5,ngs_day,design
NATURALGAS,all,eod,28016,43,0.86514074,-0.016443348,-2.5672002937214846,0.16666666666666666,-0.01849635,-0.028915075275686184,-275.5571042997566,-441.30817330685716,18125.0,ngs_day,design
NATURALGAS,all,eod,78295,122,1.0397063,0.00656024,0.39531734193414564,0.3333333333333333,-0.0010860157,-0.011198350749015965,-50.997539092575174,-219.42036213525213,18437.5,none,design
NATURALGAS,ATM call,h60,52,13,0.8960938,-0.0008375543,-0.18986686766995198,0.5,0.022288624,0.013016779722185361,586.5385899176964,471.9189512913638,13656.25,eia_in,holdout
NATURALGAS,ATM put,h60,52,13,0.9127951,0.0004695427,0.0908621536469886,0.5,-0.023564564,-0.0325532805394469,-463.9422664275536,-575.6052642073136,13125.0,eia_in,holdout
NATURALGAS,ITM1 call,h60,52,13,0.8984739,-0.0018455232,-0.4918479083520395,0.5,0.021860627,0.013291151597831025,609.3748716207651,472.9339543810522,16906.25,eia_in,holdout
NATURALGAS,ITM1 put,h60,51,13,0.9052164,0.0016592748,0.3932951397258059,0.5,-0.020404927,-0.028706894529681955,-480.3922246484195,-615.7837514013291,16500.0,eia_in,holdout
NATURALGAS,ITM2-3 call,h60,96,13,0.90281445,-0.0040577,-1.8808442609416558,0.25,0.015431325,0.0077661637040805824,486.4990959564845,320.94010273604385,21281.25,eia_in,holdout
NATURALGAS,ITM2-3 put,h60,88,13,0.8838941,0.00045925996,0.12938366712946425,0.5,-0.01826089,-0.025728798698013186,-506.3384771347046,-672.5344626613262,22812.5,eia_in,holdout
NATURALGAS,OTM1 call,h60,52,13,0.88605,0.0027107098,0.5388218080816944,0.5,0.025163284,0.01395109275768502,551.6826905883275,446.601300548167,11062.5,eia_in,holdout
NATURALGAS,OTM1 put,h60,52,13,0.91646135,-0.0015363698,-0.22943675593165952,0.5,-0.026591705,-0.037619058245230666,-420.6730998479403,-520.2607335185428,9875.0,eia_in,holdout
NATURALGAS,OTM2-3 call,h60,100,13,0.8705465,0.015675845,1.2379283575150275,0.75,0.03689247,0.021133777721885644,509.156259149313,418.51082421835866,7718.75,eia_in,holdout
NATURALGAS,OTM2-3 put,h60,103,13,0.9135924,-0.003901859,-0.35519057438655427,0.5,-0.029176664,-0.04543933207374441,-316.82952370458435,-399.18292333956276,6687.5,eia_in,holdout
NATURALGAS,all,h60,698,13,0.8968879,0.0012136872,0.2731388241919641,0.5,0.0007363525,-0.010179083075955695,58.457463616798805,-62.56722924558395,13281.25,eia_in,holdout
NATURALGAS,ATM call,h60,50,13,1.4024838,0.0052183443,0.4181142434813103,0.5,-0.06305896,-0.07243565526219448,-608.7499737739563,-719.1969739768091,13062.5,ngs_in,holdout
NATURALGAS,ATM put,h60,52,13,1.6183869,0.015647065,0.9190951130774145,0.75,0.058396794,0.04876213856673886,759.6153422043874,648.9385843588293,13343.75,ngs_in,holdout
NATURALGAS,ITM1 call,h60,50,13,1.406817,0.00925171,1.3081823174458713,0.75,-0.05378004,-0.06224767549257792,-701.2500405311584,-833.210300458181,16312.5,ngs_in,holdout
NATURALGAS,ITM1 put,h60,52,13,1.5917724,0.015533875,1.0549545298858796,0.75,0.050237544,0.041546496860821826,852.1633652540354,717.3756582135655,16281.25,ngs_in,holdout
NATURALGAS,ITM2-3 call,h60,93,13,1.407426,0.0048537916,0.9130320491341724,0.75,-0.06290992,-0.07036697949719647,-1294.5098389861405,-1454.4256966659034,21312.5,ngs_in,holdout
NATURALGAS,ITM2-3 put,h60,92,13,1.5117999,0.0026587776,0.19131345527412544,0.25,0.036131993,0.028436883488266305,868.5095543446748,700.7668225278015,22218.75,ngs_in,holdout
NATURALGAS,OTM1 call,h60,50,13,1.3814436,-0.0029197158,-0.1424236517875391,0.5,-0.07619736,-0.08793185537107515,-511.2499952316284,-612.2948288699765,10343.75,ngs_in,holdout
NATURALGAS,OTM1 put,h60,52,13,1.6178899,0.015069648,0.7965124918870257,0.75,0.06602032,0.05381605492450441,650.1929404643865,551.5383811898816,10375.0,ngs_in,holdout
NATURALGAS,OTM2-3 call,h60,102,13,1.3976169,0.014312945,0.39835894828983864,0.75,-0.05875906,-0.07665164389490846,-40.688817115391004,-130.37830656025443,7375.0,ngs_in,holdout
NATURALGAS,OTM2-3 put,h60,103,13,1.5984732,0.021926425,0.9560871551117541,0.5,0.08252372,0.06153070553515902,507.238004537462,425.6365354499931,5937.5,ngs_in,holdout
NATURALGAS,all,h60,696,13,1.4891505,0.01062773,0.6979014443542867,0.75,-0.0008473225,-0.012995712970492887,49.09302343496646,-70.05148701835907,13000.0,ngs_in,holdout
NATURALGAS,ATM call,h60,12,3,1.0516248,-0.0011632491,-0.2967667125424095,0.3333333333333333,-0.0014281571,-0.010806231084116678,10.417004426320394,-90.99301786764221,10500.0,cpi_in,holdout
NATURALGAS,ATM put,h60,12,3,1.0500839,-0.00036134172,-0.13785567717448766,0.3333333333333333,-0.0035641242,-0.012546347517722219,-4.967053731282552e-05,-107.0314647465783,12593.75,cpi_in,holdout
NATURALGAS,ITM1 call,h60,12,3,1.0685835,0.00262837,0.8699968059373965,0.3333333333333333,0.0022687216,-0.006511519514819857,62.500337759653725,-59.04870750226775,13375.0,cpi_in,holdout
NATURALGAS,ITM1 put,h60,12,3,1.0308441,-0.0030700164,-3.4716845885960486,0.0,-0.005833452,-0.014188788996936019,-41.66652758916219,-173.081909659875,16500.0,cpi_in,holdout
NATURALGAS,ITM2-3 call,h60,24,3,1.0854208,-0.0015344465,-0.8722335866462545,0.3333333333333333,-0.0020371526,-0.009836948614104946,-8.275210857391357,-161.00149105683985,20250.0,cpi_in,holdout
NATURALGAS,ITM2-3 put,h60,21,3,0.99117917,-0.00596222,-2.3025259007348695,0.3333333333333333,-0.007433772,-0.0149389793722385,-108.81213914780389,-273.2453329234974,21250.0,cpi_in,holdout
NATURALGAS,OTM1 call,h60,12,3,1.0370172,0.0001449972,0.03151192774017042,0.6666666666666666,0.0002589027,-0.010757949019531516,20.833263794581097,-70.70320855886673,8125.0,cpi_in,holdout
NATURALGAS,OTM1 put,h60,12,3,1.0613912,-0.004587704,-1.5358060712292103,0.3333333333333333,-0.008619353,-0.01935775482382052,-31.250019868214924,-125.12642729886575,9312.5,cpi_in,holdout
NATURALGAS,OTM2-3 call,h60,24,3,1.0089437,0.007744292,1.271854371202101,0.6666666666666666,0.008942813,-0.005213139999815888,54.69180643558502,-23.057054249889422,5562.5,cpi_in,holdout
NATURALGAS,OTM2-3 put,h60,24,3,1.0703777,-0.002569326,-0.5140029663506873,0.3333333333333333,-0.007132458,-0.022108770502454755,-4.256305595239003,-79.83511284468675,4843.75,cpi_in,holdout
NATURALGAS,all,h60,165,3,1.0433514,-0.00069540285,-0.3231768023578688,0.6666666666666666,-0.0022094662,-0.012700328952081114,-6.201211250189579,-118.68737342203985,10562.5,cpi_in,holdout
NATURALGAS,ATM call,h60,109,2,0.67042875,-0.0005124051,-0.5771958482557183,0.5,-0.0031985603,-0.014021647988886624,9.174319582247954,-124.18833979996695,15187.5,fomc_day,holdout
NATURALGAS,ATM put,h60,111,2,0.6635109,0.00037672327,0.31570363088348213,0.5,0.0025191335,-0.008239239877757074,-14.639641787554767,-150.71845017960666,11187.5,fomc_day,holdout
NATURALGAS,ITM1 call,h60,104,2,0.6784266,-0.0005753909,-0.8724560723861197,0.5,-0.0004903416,-0.01088135226447327,43.26921242934007,-117.27234243288856,13906.25,fomc_day,holdout
NATURALGAS,ITM1 put,h60,100,2,0.6659645,0.00085991854,0.6290040845094618,0.5,0.0017902553,-0.008424083136284044,-15.58578610420227,-181.6558778523188,14406.25,fomc_day,holdout
NATURALGAS,ITM2-3 call,h60,162,2,0.7082325,-0.0015749817,-11.603473415234898,0.0,-0.005103016,-0.014368350071597206,-69.47788927290175,-259.25081607596434,21500.0,fomc_day,holdout
NATURALGAS,ITM2-3 put,h60,147,2,0.6929593,-0.00059806847,-4.861035542390911,0.0,0.0035837768,-0.005488231524205221,45.446635914497634,-153.50389485338016,22500.0,fomc_day,holdout
NATURALGAS,OTM1 call,h60,106,2,0.6684406,0.0009911397,0.45243021994603183,0.5,-0.0032077865,-0.015914433113096923,15.330154378459138,-102.83428326447006,7312.5,fomc_day,holdout
NATURALGAS,OTM1 put,h60,103,2,0.68097013,-0.00042037663,-0.43877848536595143,0.5,0.0022453105,-0.01044043829928136,-32.766982189659934,-149.76367334685315,7437.5,fomc_day,holdout
NATURALGAS,OTM2-3 call,h60,198,2,0.6695387,0.0039992793,0.9713780483689375,0.5,-0.0019802633,-0.018179539646407852,35.23299188324899,-63.58136728439908,5000.0,fomc_day,holdout
NATURALGAS,OTM2-3 put,h60,195,2,0.6862506,-0.00037529247,-1.6701905859825228,0.0,0.0032102682,-0.013873971503361756,-29.91760464814993,-123.45156716046894,5000.0,fomc_day,holdout
NATURALGAS,all,h60,1335,2,0.6800511,0.00033669625,0.28860153236575536,0.5,-8.6674794e-05,-0.012448460898853009,-2.1469257074348937,-140.95891524606762,12500.0,fomc_day,holdout
NATURALGAS,ATM call,h60,110,2,0.795792,-0.000836453,-0.6615603132941132,0.5,0.0015539364,-0.009605558737792308,29.54543178731745,-99.55729035718461,12562.5,fomc_next,holdout
NATURALGAS,ATM put,h60,107,2,0.79973257,-0.0008795399,-0.8045441626941724,0.5,-0.0029602195,-0.013816900052170612,-34.46258674158114,-166.62689780885174,10125.0,fomc_next,holdout
NATURALGAS,ITM1 call,h60,106,2,0.8128123,-0.0008558166,-1.876726497334958,0.0,0.000760201,-0.009804535147703203,24.76417231109907,-131.12874250186127,13375.0,fomc_next,holdout
NATURALGAS,ITM1 put,h60,98,2,0.8145434,-0.0008261978,-2.6370095491941647,0.0,-0.002966828,-0.013090378214082085,-37.62763981916466,-201.15242701499918,16125.0,fomc_next,holdout
NATURALGAS,ITM2-3 call,h60,153,2,0.85543555,-0.004425927,-5.784044823308831,0.0,-0.0007594119,-0.010062359113763807,-3.8135363385568257,-190.36366211679066,21312.5,fomc_next,holdout
NATURALGAS,ITM2-3 put,h60,131,2,0.85320824,-0.0027990136,-2.23317856022685,0.0,-0.0078666955,-0.0165579564640315,-165.53018839304684,-356.7667492676843,22562.5,fomc_next,holdout
NATURALGAS,OTM1 call,h60,104,2,0.79934055,-0.00044522734,-0.3801353175734274,0.5,0.0036423034,-0.00927790621168061,39.062479940744545,-78.82236112912504,12625.0,fomc_next,holdout
NATURALGAS,OTM1 put,h60,104,2,0.81320363,-0.0008652875,-2.188025238634685,0.0,-0.0035367745,-0.016463600582310688,-26.442311131037197,-143.0049321016942,9312.5,fomc_next,holdout
NATURALGAS,OTM2-3 call,h60,190,2,0.7956634,-0.0017638442,-9.359667282294144,0.0,0.0053985775,-0.011053269599175356,34.41588502181204,-64.51132241493814,8906.25,fomc_next,holdout
NATURALGAS,OTM2-3 put,h60,185,2,0.8422409,-0.0018329691,-0.39988303033082334,0.5,-0.009270748,-0.026947144411068522,-32.39699070518081,-124.95713111098384,7187.5,fomc_next,holdout
NATURALGAS,all,h60,1288,2,0.8203416,-0.0017175195,-5.7323406496770355,0.0,-0.0016933922,-0.014230008109500054,-17.01076011757673,-152.71685405731037,12093.75,fomc_next,holdout
NATURALGAS,ATM call,h60,164,3,0.66793865,-0.0009922023,-1.5105160925484453,0.3333333333333333,0.0051574367,-0.004730813587474486,68.59756097560975,-83.2370434748975,14750.0,opec_mon,holdout
NATURALGAS,ATM put,h60,164,3,0.66597587,-0.0008352919,-1.3806441552423458,0.3333333333333333,-0.0063907956,-0.016122319445205646,-100.99087546511394,-256.42036324272897,15468.75,opec_mon,holdout
NATURALGAS,ITM1 call,h60,157,3,0.6852525,-0.0008808519,-2.9834947950821995,0.0,0.005002221,-0.004835566862454278,78.02544885380253,-102.42267475931905,17937.5,opec_mon,holdout
NATURALGAS,ITM1 put,h60,144,3,0.6783247,-0.000997183,-2.5723132764913728,0.0,-0.004019256,-0.01346853808584949,-81.59926368130579,-267.91546767561096,19250.0,opec_mon,holdout
NATURALGAS,ITM2-3 call,h60,230,3,0.73655045,-0.00043796087,-0.8931543655462204,0.3333333333333333,0.004301364,-0.004669645218911711,89.96526054714037,-120.58653014062993,23625.0,opec_mon,holdout
NATURALGAS,ITM2-3 put,h60,201,3,0.7030858,-0.0014268338,-1.4141184951610666,0.3333333333333333,-0.00542732,-0.013848382102302267,-141.39212779144742,-354.2627924601743,24750.0,opec_mon,holdout
NATURALGAS,OTM1 call,h60,159,3,0.6663601,-0.001686652,-3.2345687587514136,0.0,0.0050327037,-0.005890730351814431,55.0314427921607,-85.68654371125253,12125.0,opec_mon,holdout
NATURALGAS,OTM1 put,h60,160,3,0.67903507,-0.00049815956,-0.6323592495814153,0.3333333333333333,-0.006745802,-0.01768698406720485,-83.9843675494194,-222.88784402011044,12250.0,opec_mon,holdout
NATURALGAS,OTM2-3 call,h60,303,3,0.6603196,-0.0018902724,-1.8122504233942929,0.3333333333333333,0.00581652,-0.006548245455233413,51.111299606046266,-68.61742205547955,9500.0,opec_mon,holdout
NATURALGAS,OTM2-3 put,h60,300,3,0.69720995,-0.0004444492,-0.35567311211633135,0.3333333333333333,-0.007226607,-0.020141343119433865,-58.91854961713155,-169.83360409731745,8875.0,opec_mon,holdout
NATURALGAS,all,h60,1982,3,0.68540484,-0.0010207326,-1.4303140900413727,0.3333333333333333,-0.00039453956,-0.010983438641522096,-9.796644977315523,-166.66654934729772,15000.0,opec_mon,holdout
NATURALGAS,ATM call,h60,719,13,0.7355284,-0.001802711,-2.7127299392757904,0.0,0.006939429,-0.0038923254156866395,64.41239106970139,-75.08995221962972,13562.5,eia_day,holdout
NATURALGAS,ATM put,h60,721,13,0.7513149,-0.0004368676,-0.37311821108921056,0.25,-0.009852386,-0.02076095888881502,-93.53326940999447,-228.82213518146582,13500.0,eia_day,holdout
NATURALGAS,ITM1 call,h60,683,13,0.74985904,-0.0014357275,-3.328682259618718,0.0,0.0067155566,-0.003625360713304886,84.37039649678533,-82.7455899282061,16625.0,eia_day,holdout
NATURALGAS,ITM1 put,h60,659,13,0.7643191,0.00032012086,0.2790863358376584,0.25,-0.007974548,-0.018205797866688994,-102.94793136926631,-266.77549236991496,16562.5,eia_day,holdout
NATURALGAS,ITM2-3 call,h60,1072,13,0.7819849,-0.002695842,-5.471557566069414,0.0,0.0028361343,-0.0063708708355230724,34.79556472443823,-164.017146575246,21875.0,eia_day,holdout
NATURALGAS,ITM2-3 put,h60,1024,13,0.76720965,-0.00026096392,-0.21486353451963439,0.25,-0.0054696267,-0.014575038136313436,-103.12462458387017,-302.0571732253624,22312.5,eia_day,holdout
NATURALGAS,OTM1 call,h60,709,13,0.7315301,-0.0015238855,-1.4425171806899388,0.0,0.008202002,-0.004634953300485796,50.86388906571693,-75.11597327826408,10687.5,eia_day,holdout
NATURALGAS,OTM1 put,h60,696,13,0.7627861,-0.0007222913,-0.5338081527294983,0.25,-0.011690564,-0.024905685053339482,-73.3656665288854,-191.39852851531927,9968.75,eia_day,holdout
NATURALGAS,OTM2-3 call,h60,1323,13,0.7308674,0.00031023845,0.15040242181221775,0.75,0.011157474,-0.005895288610571923,41.70874957324696,-63.7648235200157,7875.0,eia_day,holdout
NATURALGAS,OTM2-3 put,h60,1287,13,0.7761969,0.0025236441,1.5644368802284205,0.75,-0.010402616,-0.029525164385121077,-37.27386154888578,-132.13722891993427,6687.5,eia_day,holdout
NATURALGAS,all,h60,8893,13,0.7560471,-0.00038937546,-0.49125384480941675,0.25,-0.0007074582,-0.013540344109290621,-12.080540301848568,-154.87638873876213,13125.0,eia_day,holdout
NATURALGAS,ATM call,h60,697,13,0.85224235,0.00014087693,0.20079223975828805,0.5,-0.01320444,-0.024381871209207474,-93.70516050323694,-230.10606717850487,13312.5,ngs_day,holdout
NATURALGAS,ATM put,h60,708,13,0.9352224,0.0041849557,1.0836428671399423,0.5,0.014213169,0.00286469352737734,140.00704396242475,8.172623418154428,13031.25,ngs_day,holdout
NATURALGAS,ITM1 call,h60,659,13,0.88201773,0.0002923488,0.4395331789598642,0.5,-0.01169185,-0.02211977304806868,-119.21474532039105,-281.04143186245363,16312.5,ngs_day,holdout
NATURALGAS,ITM1 put,h60,661,13,0.94615555,0.004409396,1.0887034627539163,0.5,0.012159062,0.001708614708503038,171.9755249917958,10.774939493105563,16250.0,ngs_day,holdout
NATURALGAS,ITM2-3 call,h60,1039,13,0.9219515,-0.0015770848,-1.7546322806213777,0.25,-0.013633739,-0.0228336974689968,-239.20439377326707,-434.33308138519214,21312.5,ngs_day,holdout
NATURALGAS,ITM2-3 put,h60,1057,13,0.95195013,0.0014090346,0.3470262339171167,0.25,0.009065316,-0.00013577013092827116,183.64524886420907,-14.0054472613476,21750.0,ngs_day,holdout
NATURALGAS,OTM1 call,h60,703,13,0.8368279,0.0014593572,1.3306925123488684,0.75,-0.013160896,-0.026797847467082785,-56.810118205008095,-183.33645648412832,10625.0,ngs_day,holdout
NATURALGAS,OTM1 put,h60,696,13,0.9455842,0.004750964,1.239398898601272,0.5,0.017170014,0.0027794603076413916,111.93524510867294,-3.7411083498428974,10062.5,ngs_day,holdout
NATURALGAS,OTM2-3 call,h60,1321,13,0.8373096,0.0025008228,0.7233467258503902,0.75,-0.013935525,-0.03319097217110219,6.004738199110738,-101.79640182930828,7562.5,ngs_day,holdout
NATURALGAS,OTM2-3 put,h60,1255,13,0.966166,0.0021451693,0.45786726701410047,0.5,0.01582866,-0.005466835371661558,71.81202970534207,-21.68383179387794,6500.0,ngs_day,holdout
NATURALGAS,all,h60,8796,13,0.9067595,0.0018585204,0.8133099856077994,0.5,8.6696324e-05,-0.01363025841918737,17.113600723723245,-124.13974595133058,12750.0,ngs_day,holdout
NATURALGAS,all,h60,21646,32,0.8038135,-0.0024081785,-3.6851169698932793,0.0,-0.0022416657,-0.01586556276038048,-27.229397860659002,-168.39249048019605,12687.5,none,holdout
NATURALGAS,ATM call,h240,208,13,0.89356697,-0.009039281,-2.3147724940244485,0.0,0.011038966,0.0015241601542786826,170.37263283362756,49.72602883442119,13812.5,eia_in,holdout
NATURALGAS,ATM put,h240,208,13,0.914625,-0.0005666211,-0.07676492522637955,0.25,-0.032830052,-0.04225848414569792,-390.32452524854585,-507.0806324784262,12937.5,eia_in,holdout
NATURALGAS,ITM1 call,h240,206,13,0.8963702,-0.010281472,-3.4822229779119165,0.0,0.008209223,-0.0006856451830683798,166.56550967577593,22.354271328822055,16906.25,eia_in,holdout
NATURALGAS,ITM1 put,h240,205,13,0.9066301,-0.00012457022,-0.017930249001240326,0.25,-0.026499487,-0.035252914117679286,-423.47564057606024,-565.6006255390843,16562.5,eia_in,holdout
NATURALGAS,ITM2-3 call,h240,375,13,0.8956822,-0.009896436,-3.344054379041103,0.0,0.005219294,-0.0027928110325141377,124.47019259134929,-50.95597779524507,22000.0,eia_in,holdout
NATURALGAS,ITM2-3 put,h240,361,13,0.88885915,-0.0020648642,-0.32892613976081153,0.25,-0.023393568,-0.03126426175201597,-538.5703261208996,-714.175477466051,22687.5,eia_in,holdout
NATURALGAS,OTM1 call,h240,208,13,0.88576674,-0.00548063,-0.8943623046402627,0.25,0.013803407,0.002340117372470683,155.94955103901717,45.69304792898481,11218.75,eia_in,holdout
NATURALGAS,OTM1 put,h240,208,13,0.9171771,-0.0060003996,-0.6843986419135322,0.25,-0.043242082,-0.054747471154624666,-363.5817178739951,-467.57460212400713,9812.5,eia_in,holdout
NATURALGAS,OTM2-3 call,h240,410,13,0.8710583,0.0095503535,0.6370373542975504,0.5,0.025856959,0.009640692490289943,159.8903982014191,65.60039476717921,7937.5,eia_in,holdout
NATURALGAS,OTM2-3 put,h240,410,13,0.91405314,-0.0060348315,-0.5506914402653934,0.25,-0.050143786,-0.0674425289105957,-259.19164172032987,-344.6012403713417,6687.5,eia_in,holdout
NATURALGAS,all,h240,2799,13,0.896467,-0.0034100807,-0.6101160211119565,0.25,-0.011019125,-0.02242730076482154,-117.86301214701791,-244.92334937779944,13375.0,eia_in,holdout
NATURALGAS,ATM call,h240,201,13,1.1551249,0.012771292,1.0449202878562731,0.5,-0.09302355,-0.10273133390143539,-534.8003459213978,-651.2469579699906,12937.5,ngs_in,holdout
NATURALGAS,ATM put,h240,208,13,1.2899454,0.045676198,1.3411442907937658,0.75,0.11416865,0.1038961326826555,1220.9801748394966,1103.0581728825682,13250.0,ngs_in,holdout
NATURALGAS,ITM1 call,h240,201,13,1.1588967,0.013450288,1.26137540783763,0.5,-0.07939859,-0.08827138218687827,-655.7248614320707,-795.7964780960042,16125.0,ngs_in,holdout
NATURALGAS,ITM1 put,h240,205,13,1.2725024,0.036595814,1.100621454085483,0.5,0.09168088,0.08238100116331706,1332.822785144899,1188.6523534484074,16625.0,ngs_in,holdout
NATURALGAS,ITM2-3 call,h240,354,13,1.130842,0.003947362,0.4717448164993133,0.25,-0.09199239,-0.09979869869508022,-1720.1285678788095,-1887.0155741573353,21500.0,ngs_in,holdout
NATURALGAS,ITM2-3 put,h240,359,13,1.1654829,0.008992013,0.40800387648840575,0.25,0.079768956,0.0715082727594613,1720.786898249039,1541.6041006803498,21812.5,ngs_in,holdout
NATURALGAS,OTM1 call,h240,203,13,1.1446139,0.014134433,0.9053965419985083,0.75,-0.09907769,-0.11114648960819619,-183.86496148379567,-292.0943254662287,10312.5,ngs_in,holdout
NATURALGAS,OTM1 put,h240,208,13,1.2943892,0.03573062,1.4702634486564043,0.5,0.11996209,0.10680346334419069,871.6488973452495,767.4151271602199,10156.25,ngs_in,holdout
NATURALGAS,OTM2-3 call,h240,404,13,1.1400774,0.020300988,0.7687672805095178,0.75,-0.096242696,-0.11427447304405029,337.0453032784828,241.33873623071685,7750.0,ngs_in,holdout
NATURALGAS,OTM2-3 put,h240,398,13,1.2816911,0.03426978,1.075791184072405,0.5,0.14717314,0.1270746203871921,696.2705187349762,609.9278765809155,6531.25,ngs_in,holdout
NATURALGAS,all,h240,2741,13,1.1963549,0.02153997,1.1479370681936523,0.5,0.010393557,-0.0020025974918849105,311.5630487169675,185.43079290619372,12937.5,ngs_in,holdout
NATURALGAS,ATM call,h240,48,3,0.9043817,-0.019900486,-2.665386600359597,0.0,0.007759258,-0.0027559806550252787,101.56267633040746,-17.382778389903354,11250.0,cpi_in,holdout
NATURALGAS,ATM put,h240,48,3,0.9015304,-0.016227113,-2.407093046585816,0.0,-0.052219465,-0.062496669699321473,-583.3333730697632,-701.9413066482751,12093.75,cpi_in,holdout
NATURALGAS,ITM1 call,h240,47,3,0.9200245,-0.01537377,-3.082807340358163,0.0,0.013252089,0.0031546940048862633,208.77665661750956,62.942551820184576,14375.0,cpi_in,holdout
NATURALGAS,ITM1 put,h240,45,3,0.8926161,-0.010284147,-2.838586480399295,0.0,-0.04697594,-0.056735289572447715,-690.2776294284397,-837.5071244358661,15687.5,cpi_in,holdout
NATURALGAS,ITM2-3 call,h240,75,3,0.9316103,-0.017120546,-5.4608161782536495,0.0,0.0143629825,0.0052885168124550425,304.18299039204913,123.22144000691226,19500.0,cpi_in,holdout
NATURALGAS,ITM2-3 put,h240,77,3,0.8774223,-0.009619798,-4.858338129483207,0.0,-0.039505616,-0.04835806271979464,-821.376760284622,-1010.161958935236,21187.5,cpi_in,holdout
NATURALGAS,OTM1 call,h240,47,3,0.8898138,-0.021544904,-2.3136447272417437,0.0,0.009410615,-0.0027632621795385145,87.76594983770492,-18.66476809649649,8750.0,cpi_in,holdout
NATURALGAS,OTM1 put,h240,46,3,0.9190129,-0.024095112,-4.093146127967347,0.0,-0.07233286,-0.08450491548369138,-585.5978960576265,-687.8106020761559,8875.0,cpi_in,holdout
NATURALGAS,OTM2-3 call,h240,89,3,0.8763586,-0.024585987,-1.8493784697632927,0.0,0.012206031,-0.002887798884740372,65.81109896134794,-22.135941004217162,5937.5,cpi_in,holdout
NATURALGAS,OTM2-3 put,h240,93,3,0.92329895,-0.027585514,-2.2791376113303676,0.3333333333333333,-0.08352494,-0.10006481778294793,-398.94623782045096,-479.66680023397697,4875.0,cpi_in,holdout
NATURALGAS,all,h240,615,3,0.9024676,-0.019217618,-3.1323701789474416,0.0,-0.024644492,-0.03649433867849326,-225.79607488663217,-352.6724919521403,11062.5,cpi_in,holdout
NATURALGAS,ATM call,h240,109,2,0.697073,-0.00054580846,-0.11673334105855891,0.5,-0.00437056,-0.014797086669169589,68.80730117132904,-59.770613572822434,15187.5,fomc_day,holdout
NATURALGAS,ATM put,h240,111,2,0.69006497,-0.001224729,-0.2931462873227537,0.5,0.005328633,-0.005069135194199423,-108.10816073202872,-238.99335945445793,11187.5,fomc_day,holdout
NATURALGAS,ITM1 call,h240,104,2,0.70616615,-0.0010278716,-0.40570543041015583,0.5,-0.0032819125,-0.013229286983311736,63.70191390697773,-90.12885708864307,13906.25,fomc_day,holdout
NATURALGAS,ITM1 put,h240,100,2,0.6881182,0.0010023165,0.18293957484280213,0.5,0.008305489,-0.0015535478360954365,-38.12505602836609,-198.0424923552426,14406.25,fomc_day,holdout
NATURALGAS,ITM2-3 call,h240,162,2,0.7265056,-0.004068832,-6.6001809763324335,0.0,-0.012036288,-0.020890312405551257,-152.62837763185854,-334.09048555179504,21500.0,fomc_day,holdout
NATURALGAS,ITM2-3 put,h240,147,2,0.7067351,-0.0018453744,-1.375011436215665,0.0,0.010464585,0.0016945403501662953,84.08059879225128,-107.90327394496897,22500.0,fomc_day,holdout
NATURALGAS,OTM1 call,h240,106,2,0.6922549,0.004062205,0.5214688994758729,0.5,-0.0035520466,-0.015870660302240765,97.87729326284156,-16.83108363225779,7312.5,fomc_day,holdout
NATURALGAS,OTM1 put,h240,103,2,0.704243,-0.0015739562,-0.3635785229126764,0.5,0.009975022,-0.0023385678276388617,-106.18930592120273,-218.92497124983453,7437.5,fomc_day,holdout
NATURALGAS,OTM2-3 call,h240,198,2,0.68956757,0.010754992,0.7931722963271297,0.5,-0.0054279626,-0.02121283850368618,124.58329023134829,28.347586318198584,5000.0,fomc_day,holdout
NATURALGAS,OTM2-3 put,h240,195,2,0.70474213,-0.0053897966,-6.852119235525259,0.0,0.011912478,-0.004825630521220963,-112.86390515474173,-203.6509508935689,5000.0,fomc_day,holdout
NATURALGAS,all,h240,1335,2,0.70117533,0.00016062072,0.036676585155453176,0.5,0.0015669208,-0.010416623756739116,-8.956510252720408,-142.7998728973197,12500.0,fomc_day,holdout
NATURALGAS,ATM call,h240,110,2,0.8261753,-0.006606175,-2.5255017902679993,0.0,0.0009183515,-0.009862709670869876,30.68177266554399,-93.8326587694353,12562.5,fomc_next,holdout
NATURALGAS,ATM put,h240,107,2,0.83216614,-0.00547304,-5.908537044114126,0.0,-0.020362007,-0.030804296290477828,-262.26624150142493,-389.1362850703063,10125.0,fomc_next,holdout
NATURALGAS,ITM1 call,h240,106,2,0.84043497,-0.004534348,-1.4449097932826256,0.0,0.0074728583,-0.0027552723039731626,137.97174084861322,-13.029856173931348,13375.0,fomc_next,holdout
NATURALGAS,ITM1 put,h240,98,2,0.84467816,-0.004949164,-3.605811394697074,0.0,-0.024229774,-0.03388187049211109,-413.90324125484545,-569.7579565065172,16125.0,fomc_next,holdout
NATURALGAS,ITM2-3 call,h240,153,2,0.8688072,-0.010646479,-1.650634805506294,0.0,0.0044767098,-0.004527417096006999,82.71320193421607,-98.08298223423175,21312.5,fomc_next,holdout
NATURALGAS,ITM2-3 put,h240,131,2,0.8788858,-0.0071117617,-18.63621489293091,0.0,-0.03920626,-0.047563380976320804,-896.1134921503431,-1079.7936336677021,22562.5,fomc_next,holdout
NATURALGAS,OTM1 call,h240,104,2,0.82967114,-0.007048631,-3.753981928318131,0.0,0.006911696,-0.005620597979555316,65.5048111310372,-48.44327983730606,12625.0,fomc_next,holdout
NATURALGAS,OTM1 put,h240,104,2,0.8459156,-0.008116629,-67.96841232968357,0.0,-0.028976474,-0.041429503062828395,-269.2307044680302,-381.4075684430704,9312.5,fomc_next,holdout
NATURALGAS,OTM2-3 call,h240,190,2,0.8150106,-0.016039452,-3.0908647221469976,0.0,0.0015610845,-0.014508605415593031,65.28444509757192,-30.794843223831432,8906.25,fomc_next,holdout
NATURALGAS,OTM2-3 put,h240,185,2,0.86841816,-0.00029357703,-0.024285134597660074,0.5,-0.04446291,-0.06173252491372046,-202.1913814383584,-292.4141665418992,7187.5,fomc_next,holdout
NATURALGAS,all,h240,1288,2,0.8458094,-0.0073893634,-8.359428990410978,0.0,-0.014235221,-0.026387655519659017,-156.48261447269354,-287.491002325684,12093.75,fomc_next,holdout
NATURALGAS,ATM call,h240,164,3,0.693131,-0.003460347,-1.4514265351062574,0.3333333333333333,0.019080315,0.009519119881867199,269.4360003238771,122.55224305483186,14750.0,opec_mon,holdout
NATURALGAS,ATM put,h240,164,3,0.6903671,-0.0022716825,-0.8636263304461526,0.3333333333333333,-0.0257919,-0.035090441405886505,-410.06102067668263,-558.4258232532412,15468.75,opec_mon,holdout
NATURALGAS,ITM1 call,h240,157,3,0.70806825,-0.0041482137,-2.9015600947774645,0.0,0.015759466,0.006301292203315621,261.5445662455954,87.88657144142834,17937.5,opec_mon,holdout
NATURALGAS,ITM1 put,h240,144,3,0.6954522,-0.0037154448,-2.1581742113583466,0.3333333333333333,-0.017910765,-0.02694129700742006,-363.71746824847327,-541.5142670646104,19250.0,opec_mon,holdout
NATURALGAS,ITM2-3 call,h240,230,3,0.7397587,-0.0035818408,-2.557178275234265,0.0,0.010528187,0.0019099904292451456,223.41783668683922,21.093300895114673,23625.0,opec_mon,holdout
NATURALGAS,ITM2-3 put,h240,201,3,0.69100857,-0.0027387703,-1.095423128478925,0.3333333333333333,-0.010769392,-0.018879499247936072,-276.6132295428224,-481.46361484875484,24750.0,opec_mon,holdout
NATURALGAS,OTM1 call,h240,159,3,0.685868,-0.006233662,-3.385639816407976,0.0,0.011770968,0.0012070675529126135,147.40571660815544,11.25597902025074,12125.0,opec_mon,holdout
NATURALGAS,OTM1 put,h240,160,3,0.703654,-0.0030609746,-1.1361249198014411,0.3333333333333333,-0.028032899,-0.03848970276499604,-353.1249910593033,-485.731436550792,12250.0,opec_mon,holdout
NATURALGAS,OTM2-3 call,h240,303,3,0.68329996,-0.008466868,-2.0122464898462207,0.3333333333333333,0.013178362,0.0012127740499266939,132.5168271269342,16.60968173224183,9500.0,opec_mon,holdout
NATURALGAS,OTM2-3 put,h240,300,3,0.7187663,-0.0044712545,-1.0747685543823957,0.3333333333333333,-0.029600712,-0.04202860511014413,-251.84589823087057,-358.40054834719774,8875.0,opec_mon,holdout
NATURALGAS,all,h240,1982,3,0.7018672,-0.0044845655,-1.7381524266849353,0.3333333333333333,-0.0042631836,-0.014453563002319666,-54.012179134110994,-204.8439038322195,15000.0,opec_mon,holdout
NATURALGAS,ATM call,h240,719,13,0.7612294,-0.007489439,-3.4241587909935425,0.0,0.021905163,0.01140003392402832,198.0180638390224,63.090443351461055,13562.5,eia_day,holdout
NATURALGAS,ATM put,h240,721,13,0.7786876,-0.0015677492,-0.3079915631544991,0.25,-0.03528899,-0.04574017992729,-318.39459266477417,-447.9391888326716,13500.0,eia_day,holdout
NATURALGAS,ITM1 call,h240,683,13,0.7725358,-0.005568104,-3.3690687367153958,0.0,0.02042893,0.010439373811425212,251.6471440760667,90.41824029896034,16625.0,eia_day,holdout
NATURALGAS,ITM1 put,h240,659,13,0.7862011,0.0005616078,0.11436486933174342,0.25,-0.027795734,-0.03756905070268044,-332.2268681026916,-488.90969206384955,16562.5,eia_day,holdout
NATURALGAS,ITM2-3 call,h240,1072,13,0.7934902,-0.0076628053,-4.740056292833766,0.0,0.009696179,0.0008217516603434171,141.44392378294646,-50.11911909354991,21875.0,eia_day,holdout
NATURALGAS,ITM2-3 put,h240,1024,13,0.77915835,-0.0010895734,-0.2702647044348585,0.25,-0.023188507,-0.031899076525471755,-428.90145210549235,-619.3978493372529,22312.5,eia_day,holdout
NATURALGAS,OTM1 call,h240,709,13,0.75663435,-0.007893157,-2.481462098917874,0.0,0.024303565,0.011810731453914957,152.32724598668023,30.24030968078418,10687.5,eia_day,holdout
NATURALGAS,OTM1 put,h240,696,13,0.78707665,-0.0034995733,-0.6035526953123102,0.25,-0.041852333,-0.054564490799689634,-250.26938610378352,-363.62944993632146,9968.75,eia_day,holdout
NATURALGAS,OTM2-3 call,h240,1323,13,0.7524893,-0.005650755,-1.1133564212651073,0.25,0.02589531,0.009193880220633565,86.07362127403194,-16.386153284971225,7875.0,eia_day,holdout
NATURALGAS,OTM2-3 put,h240,1287,13,0.7963625,0.00015074649,0.027253978393368367,0.25,-0.041715946,-0.06034533477416569,-152.04521545904407,-243.8756945850086,6687.5,eia_day,holdout
NATURALGAS,all,h240,8893,13,0.77635676,-0.0038898357,-1.6087911881541277,0.25,-0.006604702,-0.019037188050879228,-64.07415803681474,-201.6441769968629,13125.0,eia_day,holdout
NATURALGAS,ATM call,h240,697,13,0.88548833,-0.0001146087,-0.040538181525398356,0.25,-0.053697944,-0.06437863896585284,-346.82187386701577,-477.65979748001405,13312.5,ngs_day,holdout
NATURALGAS,ATM put,h240,708,13,0.97795326,0.014061216,1.0010781650200269,0.5,0.050926894,0.03984131604814699,500.5073282173124,372.26124647734287,13031.25,ngs_day,holdout
NATURALGAS,ITM1 call,h240,659,13,0.9148062,0.00071060326,0.2800663802393454,0.25,-0.04691157,-0.05683776982736132,-424.98322964076385,-579.7771668764701,16312.5,ngs_day,holdout
NATURALGAS,ITM1 put,h240,661,13,0.98654854,0.014430162,0.9765619685881191,0.5,0.044866078,0.03470296232789493,607.7413200069664,451.23989791069624,16250.0,ngs_day,holdout
NATURALGAS,ITM2-3 call,h240,1039,13,0.9287803,-0.0025169342,-0.9421221154532587,0.25,-0.04934778,-0.05808965570275586,-852.4828323156818,-1038.4896815277186,21312.5,ngs_day,holdout
NATURALGAS,ITM2-3 put,h240,1057,13,0.96127236,0.005437469,0.4514804835312661,0.25,0.038171075,0.029214002395614596,781.3425693403693,588.947860238108,21750.0,ngs_day,holdout
NATURALGAS,OTM1 call,h240,703,13,0.8741648,0.0037387407,0.8728829751229009,0.75,-0.05562545,-0.06871973807088334,-196.05207207955812,-317.71322001683905,10625.0,ngs_day,holdout
NATURALGAS,OTM1 put,h240,696,13,0.9886848,0.009180209,0.8847355162129762,0.5,0.05430739,0.04018816576227317,357.48047347383937,244.65191277847035,10062.5,ngs_day,holdout
NATURALGAS,OTM2-3 call,h240,1321,13,0.87680274,0.0028612048,0.3138717791636857,0.75,-0.061760277,-0.08045426484550468,41.257054414557835,-63.27960398215396,7562.5,ngs_day,holdout
NATURALGAS,OTM2-3 put,h240,1255,13,1.0017549,0.0018778942,0.15160757789600934,0.5,0.05561309,0.03456085151991452,230.0867379542841,138.36945780358147,6500.0,ngs_day,holdout
NATURALGAS,all,h240,8796,13,0.93737525,0.0043393085,0.5932750053585694,0.5,-0.0030300866,-0.016360035385892504,71.47204040254502,-65.10433575725412,12750.0,ngs_day,holdout
NATURALGAS,all,h240,21646,32,0.82316387,-0.009290061,-3.547345526932616,0.0,-0.007780165,-0.021004545159252264,-93.26771212837937,-229.22009956200358,12687.5,none,holdout
NATURALGAS,ATM call,eod,556,13,0.8022908,-0.021627849,-3.5307324497339576,0.0,0.038387414,0.028028887511453174,271.6952138881889,139.0171369120693,13500.0,eia_in,holdout
NATURALGAS,ATM put,eod,558,13,0.82153976,-0.0025696498,-0.17061407937163953,0.25,-0.078680314,-0.08880837740250538,-712.2536153135334,-838.9414841405442,13500.0,eia_in,holdout
NATURALGAS,ITM1 call,eod,521,13,0.8091329,-0.018878818,-4.020109124782453,0.0,0.034805633,0.02493532981170317,362.5238456561332,204.0038614109507,16562.5,eia_in,holdout
NATURALGAS,ITM1 put,eod,496,13,0.81969535,0.0015748979,0.11267494004995991,0.25,-0.063170806,-0.07273118520341391,-759.7027100141971,-913.3370056963331,16500.0,eia_in,holdout
NATURALGAS,ITM2-3 call,eod,788,13,0.81625915,-0.015074815,-4.3569081871807676,0.0,0.021192653,0.012330644007782814,279.0307817120237,88.95989021970692,21968.75,eia_in,holdout
NATURALGAS,ITM2-3 put,eod,748,13,0.8057651,-0.00045690307,-0.041915053313875385,0.25,-0.051649354,-0.06023942257458635,-964.3879485002814,-1151.9837725530583,22218.75,eia_in,holdout
NATURALGAS,OTM1 call,eod,546,13,0.7962689,-0.024956794,-3.162968558761346,0.0,0.03886965,0.02652139442057826,175.36631051873985,55.33072962433049,10562.5,eia_in,holdout
NATURALGAS,OTM1 put,eod,533,13,0.82671237,-0.0095412405,-0.6505605478607182,0.25,-0.096226744,-0.10854720188756374,-586.6557759482686,-697.7943855218233,9875.0,eia_in,holdout
NATURALGAS,OTM2-3 call,eod,1002,13,0.78652525,-0.023289632,-1.825493981025431,0.0,0.03359839,0.017001648702247407,53.01714508595343,-48.30814750752172,7906.25,eia_in,holdout
NATURALGAS,OTM2-3 put,eod,969,13,0.83045286,-0.008759468,-0.6125997232759631,0.25,-0.09897379,-0.11703688783463465,-361.16608761643107,-451.7913146598334,6687.5,eia_in,holdout
NATURALGAS,all,eod,6717,13,0.81043935,-0.012694716,-2.1228563858726104,0.25,-0.022331273,-0.03456081350832642,-215.8080707241093,-350.9085615974855,13062.5,eia_in,holdout
NATURALGAS,ATM call,eod,529,13,0.9655483,0.009119323,0.6914789433171504,0.5,-0.135557,-0.145863594115447,-728.9044556185067,-856.2653397137939,13375.0,ngs_in,holdout
NATURALGAS,ATM put,eod,539,13,1.0656298,0.048141584,1.145986099759962,0.5,0.14664672,0.13549521776085172,1505.1368238311088,1376.2201831757504,12937.5,ngs_in,holdout
NATURALGAS,ITM1 call,eod,491,13,0.9645193,0.0045142067,0.44702703611109107,0.25,-0.14009856,-0.14967479171398276,-1556.5024252578828,-1705.082761040033,16375.0,ngs_in,holdout
NATURALGAS,ITM1 put,eod,492,13,1.0776701,0.052607622,1.0371366622500227,0.5,0.12990591,0.11960976600338817,1811.8883342277713,1654.2296516075764,15843.75,ngs_in,holdout
NATURALGAS,ITM2-3 call,eod,745,13,0.96633995,-0.00046945707,-0.06278081651017595,0.25,-0.12974185,-0.138258308180314,-2306.0837512048297,-2485.279223673589,21187.5,ngs_in,holdout
NATURALGAS,ITM2-3 put,eod,750,13,1.0726154,0.039462384,0.7388740489854013,0.25,0.10212904,0.09299923283748454,2086.0358254114785,1891.907074375561,21375.0,ngs_in,holdout
NATURALGAS,OTM1 call,eod,535,13,0.970861,0.009355598,0.6320195778523099,0.5,-0.13671106,-0.14927066345786597,-36.388797598464464,-156.62533472421902,10687.5,ngs_in,holdout
NATURALGAS,OTM1 put,eod,527,13,1.0774381,0.041514967,1.171761887121292,0.5,0.15872498,0.1445866038495937,1156.4770244782972,1043.1641345246771,10062.5,ngs_in,holdout
NATURALGAS,OTM2-3 call,eod,996,13,0.9691775,-0.00025753994,-0.009144563605494153,0.25,-0.14759487,-0.165677987289354,583.4844757065955,478.5447765699514,7718.75,ngs_in,holdout
NATURALGAS,OTM2-3 put,eod,935,13,1.0887814,0.011874157,0.3405329974992993,0.5,0.1675449,0.14634552181728927,743.443138658363,651.5000319308245,6312.5,ngs_in,holdout
NATURALGAS,all,eod,6539,13,1.0203037,0.019245813,0.7732917537450058,0.5,0.0003907349,-0.012826139914412756,346.4817850904502,211.75057703384178,12687.5,ngs_in,holdout
NATURALGAS,ATM call,eod,105,3,0.77938706,-0.030068118,-1.7520074522645759,0.0,-0.013685987,-0.024302202723438412,-180.3571723756336,-302.4997391824203,11500.0,cpi_in,holdout
NATURALGAS,ATM put,eod,103,3,0.77973163,-0.023918638,-1.3537420197343106,0.3333333333333333,-0.06643758,-0.07689290075335095,-766.3837798590799,-887.4684372081858,11375.0,cpi_in,holdout
NATURALGAS,ITM1 call,eod,99,3,0.7917621,-0.022623563,-2.0140126763514785,0.3333333333333333,-0.0034029363,-0.013658504434925814,-71.96985109887942,-222.1389787606936,14562.5,cpi_in,holdout
NATURALGAS,ITM1 put,eod,90,3,0.75961417,-0.023755275,-1.5475717633715076,0.3333333333333333,-0.054320395,-0.06431738643516012,-813.888669013977,-964.5323249949591,14937.5,cpi_in,holdout
NATURALGAS,ITM2-3 call,eod,147,3,0.8060562,-0.021068316,-3.0534038862845674,0.0,-0.0031298536,-0.012431142390650416,-69.4486478559014,-255.64069327214423,19312.5,cpi_in,holdout
NATURALGAS,ITM2-3 put,eod,139,3,0.7509733,-0.014081547,-1.2537622572814866,0.3333333333333333,-0.039005615,-0.04810815176224487,-813.8489380157251,-1005.0638029352484,21000.0,cpi_in,holdout
NATURALGAS,OTM1 call,eod,103,3,0.76806223,-0.041535325,-1.5147645151499594,0.3333333333333333,-0.026443874,-0.0386655387513834,-266.9904301467451,-375.9267025553516,8937.5,cpi_in,holdout
NATURALGAS,OTM1 put,eod,100,3,0.7903586,-0.04008639,-1.9651470087117633,0.3333333333333333,-0.09301018,-0.10534005241092767,-780.625057220459,-885.0813455818704,8406.25,cpi_in,holdout
NATURALGAS,OTM2-3 call,eod,188,3,0.75188494,-0.038542442,-1.5666710582745234,0.3333333333333333,-0.024924446,-0.04001916451102478,-176.5291836667568,-266.45994250585,6000.0,cpi_in,holdout
NATURALGAS,OTM2-3 put,eod,182,3,0.79659224,-0.05687108,-1.8563171687381443,0.0,-0.1185348,-0.13514681914954746,-600.9993300988124,-682.5892007608219,5125.0,cpi_in,holdout
NATURALGAS,all,eod,1256,3,0.7766486,-0.032592475,-1.7674377677785238,0.3333333333333333,-0.045916848,-0.057932920027015486,-437.67186795260494,-565.9305166906167,10937.5,cpi_in,holdout
NATURALGAS,ATM call,eod,109,2,0.7226608,-0.0063313097,-6.621880261919914,0.0,-0.05255256,-0.06242164451665048,-117.54606841901027,-240.08291267308718,15187.5,fomc_day,holdout
NATURALGAS,ATM put,eod,111,2,0.71890736,-0.0061640674,-1.1415208637580392,0.5,0.032048173,0.022037459705967884,-140.76598592706628,-265.63135779032285,11187.5,fomc_day,holdout
NATURALGAS,ITM1 call,eod,104,2,0.7301026,-0.00537192,-7.839393558753246,0.0,-0.049589936,-0.05896428590317053,-307.69234666457544,-453.5387179288843,13906.25,fomc_day,holdout
NATURALGAS,ITM1 put,eod,100,2,0.71288174,0.002332468,0.22792004506303054,0.5,0.043742977,0.03426513347670712,189.9997591972351,37.563274478717815,14406.25,fomc_day,holdout
NATURALGAS,ITM2-3 call,eod,162,2,0.74151725,-0.009692667,-30.118472335236497,0.0,-0.058434203,-0.06680552382600757,-905.0921746242193,-1077.5061337611144,21500.0,fomc_day,holdout
NATURALGAS,ITM2-3 put,eod,147,2,0.7098722,0.0027058492,0.394494878672697,0.5,0.045975287,0.03746081085289511,592.4340900109738,406.54463267195507,22500.0,fomc_day,holdout
NATURALGAS,OTM1 call,eod,106,2,0.71715367,0.006093904,0.672090233642812,0.5,-0.06550513,-0.07716754692420832,-74.88221492407457,-184.3929044699582,7312.5,fomc_day,holdout
NATURALGAS,OTM1 put,eod,103,2,0.7259431,-0.015703546,-5.606802459109884,0.0,0.038048293,0.026085123956170724,-155.94671073469144,-264.6118047740182,7437.5,fomc_day,holdout
NATURALGAS,OTM2-3 call,eod,198,2,0.70715374,0.024452021,0.9542121287469574,0.5,-0.06220354,-0.07738233128773116,109.35187189265935,16.22544381393792,5000.0,fomc_day,holdout
NATURALGAS,OTM2-3 put,eod,195,2,0.7247808,-0.027570123,-1.6380539563049794,0.0,0.039276935,0.022890910643678226,-209.6153811002389,-297.46300896181606,5000.0,fomc_day,holdout
NATURALGAS,all,eod,1335,2,0.72058445,-0.0032796974,-0.8413829278745322,0.5,-0.009995339,-0.021520820600436814,-108.01352041490962,-236.294429001709,12500.0,fomc_day,holdout
NATURALGAS,ATM call,eod,110,2,0.8895609,-0.024981648,-20.86331930455409,0.0,0.007397317,-0.002967772366041488,260.2272467179732,140.29741136097218,12562.5,fomc_next,holdout
NATURALGAS,ATM put,eod,107,2,0.8874889,-0.02169893,-4.9458963529417375,0.0,-0.093038686,-0.10284198883381028,-1191.5884452445484,-1310.3149135928797,10125.0,fomc_next,holdout
NATURALGAS,ITM1 call,eod,106,2,0.8964817,-0.016213704,-12.238786485054588,0.0,0.01854044,0.008778098561321643,403.3022444203215,259.0113053893703,13375.0,fomc_next,holdout
NATURALGAS,ITM1 put,eod,98,2,0.88687676,-0.017822918,-22.9944796533896,0.0,-0.07825622,-0.0873665620112319,-1330.9952312586258,-1477.5354155068867,16125.0,fomc_next,holdout
NATURALGAS,ITM2-3 call,eod,153,2,0.90245533,-0.016189918,-2.561932362150495,0.0,0.017733244,0.009072598264434507,401.9714103025549,228.0085500065516,21312.5,fomc_next,holdout
NATURALGAS,ITM2-3 put,eod,131,2,0.8800357,-0.015091919,-115.71059068782023,0.0,-0.06598387,-0.07401036284431711,-1519.710298712927,-1696.1462956364173,22562.5,fomc_next,holdout
NATURALGAS,OTM1 call,eod,104,2,0.8853622,-0.027819654,-7.296998807108719,0.0,0.006031391,-0.00606909084990623,254.80763843426337,144.68565129867963,12625.0,fomc_next,holdout
NATURALGAS,OTM1 put,eod,104,2,0.8977226,-0.026829727,-3.461117673709481,0.0,-0.11074431,-0.12250829321900908,-1044.4709629966662,-1149.6302144039587,9312.5,fomc_next,holdout
NATURALGAS,OTM2-3 call,eod,190,2,0.86533064,-0.05583447,-3.2923381799796596,0.0,-0.021627832,-0.03717770935371437,127.27323566612445,34.04642711837545,8906.25,fomc_next,holdout
NATURALGAS,OTM2-3 put,eod,185,2,0.9072395,-0.017211542,-0.613112259270365,0.5,-0.11806582,-0.13467086079376547,-663.9461831466572,-749.5719281723798,7187.5,fomc_next,holdout
NATURALGAS,all,eod,1288,2,0.8892302,-0.025206044,-3.6587625484024593,0.0,-0.044734135,-0.056381338789168865,-392.01552754048237,-517.1896968578021,12093.75,fomc_next,holdout
NATURALGAS,ATM call,eod,164,3,0.70981747,-0.013148168,-1.932823040337735,0.3333333333333333,0.01518023,0.006088330150193848,221.7988851593762,82.06665799809672,14750.0,opec_mon,holdout
NATURALGAS,ATM put,eod,164,3,0.7101712,-0.0073572802,-0.8730269206930543,0.3333333333333333,-0.040164232,-0.0489921152797481,-625.0001308394642,-765.8467680080507,15468.75,opec_mon,holdout
NATURALGAS,ITM1 call,eod,157,3,0.72061384,-0.015241758,-3.577319551195306,0.0,0.008155027,-0.000818402996581382,128.58264765162377,-36.23363714919776,17937.5,opec_mon,holdout
NATURALGAS,ITM1 put,eod,144,3,0.70829123,-0.0054529808,-1.1234126708424104,0.3333333333333333,-0.025390187,-0.03400943538137613,-505.6428329812156,-675.2882477999635,19250.0,opec_mon,holdout
NATURALGAS,ITM2-3 call,eod,230,3,0.7412295,-0.01058759,-3.1811133090739383,0.0,0.0056534666,-0.002606193810010515,111.79332629494046,-82.26870569190363,23625.0,opec_mon,holdout
NATURALGAS,ITM2-3 put,eod,201,3,0.696536,-0.0037401926,-0.849643005871015,0.3333333333333333,-0.013782117,-0.02164808149097074,-331.640836611316,-530.4906008717935,24750.0,opec_mon,holdout
NATURALGAS,OTM1 call,eod,159,3,0.70425165,-0.014402923,-2.488708867020397,0.0,0.009687323,-0.00038235508030346605,126.9655482574079,-2.792290023876805,12125.0,opec_mon,holdout
NATURALGAS,OTM1 put,eod,160,3,0.7207993,-0.011773537,-1.376740170843716,0.3333333333333333,-0.044841636,-0.054812876236201194,-555.4687604308128,-681.904626214857,12250.0,opec_mon,holdout
NATURALGAS,OTM2-3 call,eod,303,3,0.69558316,-0.021247726,-1.8492765970405358,0.3333333333333333,0.003936342,-0.007566483026361017,70.91952235785254,-40.398049755240926,9500.0,opec_mon,holdout
NATURALGAS,OTM2-3 put,eod,300,3,0.7281507,-0.016405988,-1.5618052406306502,0.3333333333333333,-0.05160232,-0.06355830829740436,-429.9138347307841,-532.393207790321,8875.0,opec_mon,holdout
NATURALGAS,all,eod,1982,3,0.7136468,-0.0127455555,-1.7959100123885903,0.3333333333333333,-0.01405928,-0.02381622057738901,-169.4603704900963,-313.8889129983488,15000.0,opec_mon,holdout
NATURALGAS,ATM call,eod,719,13,0.7970408,-0.019133698,-3.2604497570520468,0.0,0.025509942,0.015463009047840119,143.16763682226147,14.884843842118778,13562.5,eia_day,holdout
NATURALGAS,ATM put,eod,721,13,0.8160192,-0.0019495854,-0.14544296861533368,0.25,-0.060007337,-0.0699598150325647,-504.8544000157371,-628.3174785688461,13500.0,eia_day,holdout
NATURALGAS,ITM1 call,eod,683,13,0.8030949,-0.016887559,-3.623157333266866,0.0,0.0220601,0.012551028509402847,189.05551855944609,36.08417868906848,16625.0,eia_day,holdout
NATURALGAS,ITM1 put,eod,659,13,0.812995,0.002341107,0.19202613584968084,0.25,-0.045289688,-0.054591503441579266,-504.2678954387833,-653.6391186226795,16562.5,eia_day,holdout
NATURALGAS,ITM2-3 call,eod,1072,13,0.8078359,-0.014516624,-4.392571769141434,0.0,0.009779631,0.0012790344395209054,63.85435030531527,-119.40337714248193,21875.0,eia_day,holdout
NATURALGAS,ITM2-3 put,eod,1024,13,0.79734826,0.00022260332,0.023645211992128636,0.25,-0.035520215,-0.04384089680269945,-630.9376552235335,-813.2681594329089,22312.5,eia_day,holdout
NATURALGAS,OTM1 call,eod,709,13,0.7908297,-0.021959176,-2.9146054283675316,0.0,0.025419168,0.013428831423597154,76.25177061271937,-40.006007579085136,10687.5,eia_day,holdout
NATURALGAS,OTM1 put,eod,696,13,0.82064265,-0.008592477,-0.6518568059974814,0.25,-0.07421367,-0.08639236892212473,-411.5481717490602,-520.1918593279306,9968.75,eia_day,holdout
NATURALGAS,OTM2-3 call,eod,1323,13,0.7802216,-0.021978645,-1.8625847972984615,0.0,0.019376688,0.0031688753346125914,-9.822041044069437,-108.16388486085627,7875.0,eia_day,holdout
NATURALGAS,OTM2-3 put,eod,1287,13,0.82352287,-0.009048778,-0.7113365734957376,0.25,-0.075843245,-0.09394683281372278,-247.87666006903825,-336.70589821056,6687.5,eia_day,holdout
NATURALGAS,all,eod,8893,13,0.80383265,-0.01155527,-2.2849798258080223,0.0,-0.019250745,-0.03121260810637532,-180.62130381860803,-312.1627689354684,13125.0,eia_day,holdout
NATURALGAS,ATM call,eod,697,13,0.96144783,0.0055562463,0.5492624387129038,0.5,-0.10832882,-0.118435423673963,-517.2423678456968,-641.7460857901865,13312.5,ngs_day,holdout
NATURALGAS,ATM put,eod,708,13,1.0616539,0.041911174,1.1245177988172685,0.5,0.11680615,0.10599478419014956,1167.4280283646394,1042.9696943369472,13031.25,ngs_day,holdout
NATURALGAS,ITM1 call,eod,659,13,0.95983857,0.000870696,0.11635197709055144,0.25,-0.109980084,-0.1192855938549707,-1151.2082299621768,-1296.9466828235713,16312.5,ngs_day,holdout
NATURALGAS,ITM1 put,eod,661,13,1.071693,0.044864006,1.0343168394201412,0.5,0.10142284,0.09154870478665128,1390.1314847227666,1238.4755295644886,16250.0,ngs_day,holdout
NATURALGAS,ITM2-3 call,eod,1039,13,0.960515,-0.0033861264,-0.6162956711951608,0.25,-0.0982215,-0.10646302747536775,-1671.1916363617913,-1847.2343869901501,21312.5,ngs_day,holdout
NATURALGAS,ITM2-3 put,eod,1057,13,1.0619102,0.032415845,0.7431361071695557,0.25,0.07585061,0.06716416869156958,1532.8992089801163,1346.3429909284841,21750.0,ngs_day,holdout
NATURALGAS,OTM1 call,eod,703,13,0.9661131,0.0083508985,0.7241268780737227,0.25,-0.107751556,-0.12022753841904958,33.82925829117532,-83.05932636713281,10625.0,ngs_day,holdout
NATURALGAS,OTM1 put,eod,696,13,1.0727066,0.035223342,1.1089137465240677,0.5,0.12439186,0.11056527590413563,875.8292312937222,766.1951761782452,10062.5,ngs_day,holdout
NATURALGAS,OTM2-3 call,eod,1321,13,0.9631266,-0.0029474474,-0.1299812299543329,0.25,-0.11965284,-0.13772284859196204,518.1832629045151,416.13505025673766,7562.5,ngs_day,holdout
NATURALGAS,OTM2-3 put,eod,1255,13,1.0833968,0.005848007,0.19791825284668277,0.5,0.12143246,0.10066747556706628,513.4768110525561,423.964310857359,6500.0,ngs_day,holdout
NATURALGAS,all,eod,8796,13,1.0145067,0.01459207,0.6967210228175436,0.5,-0.0017004529,-0.014595723448513035,281.08808060361747,149.56215824055636,12750.0,ngs_day,holdout
NATURALGAS,all,eod,21646,32,0.8491908,-0.015193202,-2.0424463519851255,0.25,-0.008624386,-0.021409836627195,-156.28888074134468,-286.37767138964915,12687.5,none,holdout
GOLDM,ATM call,h60,75,33,1.0571642,0.0008700757,0.17762599778398433,0.5833333333333334,0.0123345405,0.005714833278184094,-176.80936686197916,-359.02405091623814,29500.0,eia_in,design
GOLDM,ATM put,h60,74,32,1.1456193,-0.0046955687,-0.7568664421073156,0.25,-0.010652545,-0.017321059279458113,-4.5087783401076855,-170.91613322658768,25952.5,eia_in,design
GOLDM,ITM1 call,h60,57,23,1.0605651,0.0027316697,0.5599102330143055,0.7,0.013808912,0.0067510558056030874,-9.21472382127193,-180.01440902773302,24165.0,eia_in,design
GOLDM,ITM1 put,h60,61,23,1.1928235,-0.0005506843,-0.10845930091441926,0.3,-0.026525032,-0.03374388802536552,-522.8507620389345,-679.4266937152511,22160.0,eia_in,design
GOLDM,ITM2-3 call,h60,100,31,1.0734903,-0.009087589,-1.4347704980187244,0.3333333333333333,0.0029625304,-0.003640130314649199,-340.63324584960935,-537.3688477886457,28855.0,eia_in,design
GOLDM,ITM2-3 put,h60,103,31,1.2407707,-0.015283532,-2.9688632428595283,0.2727272727272727,-0.019691713,-0.026328420606882796,-446.0706870069782,-630.0693373164157,26645.0,eia_in,design
GOLDM,OTM1 call,h60,69,26,1.1152442,0.0042073093,0.7184430516947898,0.45454545454545453,0.02497581,0.01732429839278995,291.5750785495924,133.64526279766,20795.0,eia_in,design
GOLDM,OTM1 put,h60,62,24,1.1090147,0.005321146,0.8734628284496013,0.6363636363636364,-0.0076069282,-0.015201403190688696,99.80754237021169,-41.39385238879594,18160.0,eia_in,design
GOLDM,OTM2-3 call,h60,115,33,1.0610263,0.01614114,2.7164858566514454,0.5454545454545454,0.03817615,0.03001445094194943,247.34327233355978,84.55682345833114,23960.0,eia_in,design
GOLDM,OTM2-3 put,h60,111,33,1.1742576,0.01794067,1.915488212874463,0.5,-0.0009113695,-0.009175326522444481,280.62082926432294,139.90711382272272,17265.0,eia_in,design
GOLDM,all,h60,827,41,1.1216795,0.002206524,0.5230394741399745,0.3333333333333333,0.0037662473,-0.003526557470139308,-48.51506262044664,-215.24261815500404,24570.0,eia_in,design
GOLDM,ATM call,h60,66,29,1.5047647,0.00876008,0.447644063645575,0.3333333333333333,0.080580674,0.07306738657556304,469.7041829427083,295.39571113687254,25670.0,ngs_in,design
GOLDM,ATM put,h60,72,28,1.6445786,0.0053503937,0.2771713728909242,0.16666666666666666,-0.04416946,-0.05155507153822211,-516.7699856228298,-670.6165854259732,19640.0,ngs_in,design
GOLDM,ITM1 call,h60,63,28,1.11784,-0.010867855,-2.465452143346117,0.25,0.056690723,0.049445278719144815,463.0428059895833,282.1690702183391,26245.0,ngs_in,design
GOLDM,ITM1 put,h60,73,30,1.2237678,-0.006400419,-0.4734619789415447,0.25,-0.04220984,-0.04956833326148982,-604.4188533417166,-761.2041702955821,21275.0,ngs_in,design
GOLDM,ITM2-3 call,h60,99,30,1.1802348,-0.008250936,-2.785195058699255,0.09090909090909091,0.053524267,0.04664234010087809,727.9919063683712,537.3409773549704,27090.0,ngs_in,design
GOLDM,ITM2-3 put,h60,106,30,1.7437713,-0.004290519,-0.36587747308070584,0.2727272727272727,-0.060938567,-0.06769209742949023,-1321.9277090396522,-1492.6188100239665,24630.0,ngs_in,design
GOLDM,OTM1 call,h60,74,31,1.1122357,0.014052894,0.5497233797225222,0.3333333333333333,0.08201488,0.0738754498852506,186.2262787690034,28.21600064146233,24672.5,ngs_in,design
GOLDM,OTM1 put,h60,68,28,1.3671905,0.0097498605,0.3249228911888433,0.25,-0.044716153,-0.05281965621475635,-516.549467198989,-660.0428585875766,17212.5,ngs_in,design
GOLDM,OTM2-3 call,h60,132,32,1.3619014,0.03048313,0.7825512039423919,0.2727272727272727,0.13506389,0.12583469932503816,410.9633289683949,260.68343543771226,20882.5,ngs_in,design
GOLDM,OTM2-3 put,h60,118,32,1.509865,0.03355034,0.900236205936925,0.45454545454545453,-0.04850515,-0.05722164659137966,-510.0610429149563,-641.6804131754418,14972.5,ngs_in,design
GOLDM,all,h60,871,40,1.4023752,0.009443707,0.44916619875260155,0.16666666666666666,0.01905966,0.01123116948213646,-133.74930380679984,-293.5744809888267,22660.0,ngs_in,design
GOLDM,ATM call,h60,18,9,1.2901765,-0.03252391,-2.2111354439340993,0.2222222222222222,0.016077565,0.009623790171806599,498.4230550130208,308.27066495115963,32157.5,cpi_in,design
GOLDM,ATM put,h60,18,8,1.4344056,0.019392623,1.1488831857740638,0.5,-0.036017224,-0.04233630613198273,-1001.4939371744791,-1186.5775935838797,32487.5,cpi_in,design
GOLDM,ITM1 call,h60,14,7,1.0018283,-0.010143814,-1.6075945053760503,0.14285714285714285,0.012404821,0.005612860230707013,178.21759905133928,-10.088612650270631,31517.5,cpi_in,design
GOLDM,ITM1 put,h60,14,5,1.3348614,0.009312038,0.6600483841455687,0.6,-0.03789882,-0.0441203094679591,-1171.0855538504463,-1371.9284993658657,33265.0,cpi_in,design
GOLDM,ITM2-3 call,h60,18,6,1.2120088,-0.038723078,-1.6051806376388331,0.16666666666666666,0.008723561,0.0023422872915665163,59.090237087673614,-154.84309508794806,36830.0,cpi_in,design
GOLDM,ITM2-3 put,h60,17,7,1.5709851,0.004468303,0.4498933546904804,0.5714285714285714,-0.06405182,-0.07030357866409112,-1730.3116383272059,-1934.2783466013857,37000.0,cpi_in,design
GOLDM,OTM1 call,h60,18,7,1.1857568,-0.024603426,-1.820370827330931,0.2857142857142857,0.015012626,0.008398046080126283,276.7807345920139,83.16850492908958,31042.5,cpi_in,design
GOLDM,OTM1 put,h60,18,7,1.2731137,-0.0022509089,-0.3212496624639798,0.7142857142857143,-0.03631423,-0.04314083343003082,-893.3417426215278,-1060.32236817377,26930.0,cpi_in,design
GOLDM,OTM2-3 call,h60,20,7,1.4051434,-0.018821709,-1.8171015811403555,0.14285714285714285,0.015380854,0.008409529841536468,357.58544921875,179.08607359843413,27157.5,cpi_in,design
GOLDM,OTM2-3 put,h60,26,6,1.4076676,0.029217638,1.5567817799463388,0.8333333333333334,-0.028668944,-0.03559767832385967,-594.1406719501202,-760.0275816177426,26052.5,cpi_in,design
GOLDM,all,h60,181,10,1.3336607,-0.005354784,-1.5384732917431785,0.4,-0.013640283,-0.02024115168250804,-390.61407436982046,-577.8753429608748,30230.0,cpi_in,design
GOLDM,ATM call,h60,91,6,0.6796219,-0.0066933474,-0.991321219089507,0.16666666666666666,0.008655894,0.0005959794219359296,172.05165318080358,-3.33264403374483,20850.0,fomc_day,design
GOLDM,ATM put,h60,94,6,0.79663414,-0.0064310418,-1.2633438873497589,0.16666666666666666,-0.012598565,-0.020512165280392358,-277.7854237657912,-448.6535294034368,20747.5,fomc_day,design
GOLDM,ITM1 call,h60,112,6,0.57479393,0.0016271201,1.2794430954157905,0.6666666666666666,0.014610904,0.005960342628934523,233.07968139648438,28.869187318947585,22655.0,fomc_day,design
GOLDM,ITM1 put,h60,105,5,0.7308675,2.8405375e-05,0.024266488978093984,0.4,4.1578496e-05,-0.008455940621195167,39.31631324404762,-171.49345102075117,23330.0,fomc_day,design
GOLDM,ITM2-3 call,h60,114,6,0.5966424,-0.007702931,-1.177064139983483,0.6666666666666666,0.014264874,0.005590687537323936,352.3936167934485,164.96626578903798,24452.5,fomc_day,design
GOLDM,ITM2-3 put,h60,150,6,0.7574547,-0.003455989,-1.124279459978537,0.3333333333333333,-0.0075321873,-0.016126675344374834,-246.82992350260417,-467.21244631172243,27767.5,fomc_day,design
GOLDM,OTM1 call,h60,106,6,0.6415494,-0.0036065525,-0.6305542610026289,0.5,0.0152458055,0.006497778384924933,209.8977949034493,2.3843853395570895,18560.0,fomc_day,design
GOLDM,OTM1 put,h60,127,5,0.6497283,-0.0010274821,-0.36531734269385496,0.4,-0.0055112834,-0.01451235695136623,-17.954687884473426,-191.15744493094576,18090.0,fomc_day,design
GOLDM,OTM2-3 call,h60,190,6,0.62365407,-0.0061552385,-0.8793791430061295,0.5,0.0096840095,-7.990051293508447e-06,41.4093660053454,-142.09731628662323,15627.5,fomc_day,design
GOLDM,OTM2-3 put,h60,175,6,0.6674577,0.005908291,1.7218028529699343,0.5,-0.012368447,-0.0220236525729905,-213.664990234375,-365.3703883939858,14810.0,fomc_day,design
GOLDM,all,h60,1264,6,0.66304404,-0.0024313722,-0.7061340748422289,0.3333333333333333,0.0018450804,-0.007029944506477378,10.578891416139241,-176.8104724041943,21495.0,fomc_day,design
GOLDM,ATM call,h60,129,5,0.7105715,-1.5107698e-05,-0.004605878058017386,0.6,-0.03132388,-0.039809646189414315,-486.4350453458091,-670.3935597285857,19800.0,fomc_next,design
GOLDM,ATM put,h60,131,5,0.82983184,-0.003990641,-1.080367602052098,0.4,0.018403273,0.009615771905206929,290.3647060248688,125.48953106321325,19340.0,fomc_next,design
GOLDM,ITM1 call,h60,87,5,0.7202873,0.0024450878,0.959605278274222,0.6,-0.032753285,-0.04128436933829438,-546.6923154633621,-774.273479786605,22700.0,fomc_next,design
GOLDM,ITM1 put,h60,123,5,0.8834453,-0.00082783535,-0.27235318783156814,0.4,0.013924034,0.005328555052336248,228.34739623030995,41.74658134131178,21985.0,fomc_next,design
GOLDM,ITM2-3 call,h60,136,5,0.7510292,-0.007262118,-1.7500912132909645,0.2,-0.014724616,-0.023233028911357673,-467.426856545841,-692.3317008625351,26580.0,fomc_next,design
GOLDM,ITM2-3 put,h60,197,5,0.9099934,-0.006039328,-2.653654472355552,0.2,-0.0016884815,-0.010134983918378642,-47.067149205861355,-258.486458504842,26620.0,fomc_next,design
GOLDM,OTM1 call,h60,122,5,0.6952259,0.003172791,1.737681327205962,0.8,-0.017326735,-0.026329156035558594,-189.19813812756146,-378.81080409852626,17897.5,fomc_next,design
GOLDM,OTM1 put,h60,105,5,0.8716162,-7.665984e-05,-0.014164246520415485,0.6,0.02785939,0.018524254756638284,286.2408737909226,114.39884531163031,17130.0,fomc_next,design
GOLDM,OTM2-3 call,h60,232,5,0.75810206,0.011550149,3.5362628787059425,0.8,-0.0047395094,-0.014189492982801914,55.738075519430225,-138.65795490683485,15667.5,fomc_next,design
GOLDM,OTM2-3 put,h60,205,5,0.8827431,0.009090282,2.6980343388334243,0.8,0.026828175,0.016858041743835702,317.9017006478659,162.15910945293157,14550.0,fomc_next,design
GOLDM,all,h60,1467,5,0.7992017,0.0015889261,0.7403410999834688,0.4,7.469344e-05,-0.008910404884203601,-21.783180574860474,-211.64050099369618,20850.0,fomc_next,design
GOLDM,ATM call,h60,205,11,1.7318916,-0.0038863057,-3.8717673085301034,0.1,-0.0025343685,-0.009913787977369184,-61.74804092035061,-322.7135605923444,30800.0,opec_mon,design
GOLDM,ATM put,h60,223,11,2.4138942,0.0011673396,0.2824338435107879,0.5,-0.0017896041,-0.009295742089069053,-48.141498651205154,-292.43962178870385,29730.0,opec_mon,design
GOLDM,ITM1 call,h60,154,10,1.0362666,-0.0028358842,-3.15157621602442,0.3,0.002566011,-0.005222351417592465,60.74185458096591,-234.6754107186328,34110.0,opec_mon,design
GOLDM,ITM1 put,h60,152,8,0.8201236,-0.0026665214,-2.1730550536202022,0.125,-0.006953144,-0.014810634724825718,-211.63103605571547,-472.97608541930765,32550.0,opec_mon,design
GOLDM,ITM2-3 call,h60,264,11,1.1191558,-0.003684766,-2.612151125197925,0.1,0.0014639061,-0.006166418067998782,240.9903046579072,-52.15194387738801,37617.5,opec_mon,design
GOLDM,ITM2-3 put,h60,279,11,1.1793723,-0.0052536493,-3.850984881000536,0.3,-0.0075746696,-0.015172917904600253,-409.96380768369175,-673.8467185790361,34480.0,opec_mon,design
GOLDM,OTM1 call,h60,163,9,0.7175296,-0.0029800637,-4.607507675667062,0.125,0.0012623722,-0.006595741004417032,-38.52697828796012,-288.7122938255034,28695.0,opec_mon,design
GOLDM,OTM1 put,h60,174,9,1.1627741,-0.0035457176,-1.5470649827662333,0.4444444444444444,-0.007228914,-0.015195323546411992,-186.67513441765445,-423.5110199467271,27585.0,opec_mon,design
GOLDM,OTM2-3 call,h60,348,11,0.8518772,-0.00052880816,-0.4520131077041787,0.5,0.0014869277,-0.006575094652673729,16.73621868265086,-223.59844958076357,25590.0,opec_mon,design
GOLDM,OTM2-3 put,h60,345,11,1.2173358,-0.0009541608,-0.5911492571926469,0.5,-0.0021435206,-0.010370692558822654,-161.79566844995472,-380.56907877445843,24090.0,opec_mon,design
GOLDM,all,h60,2307,11,1.3493645,-0.0023549525,-3.253165974209111,0.2,-0.0019858384,-0.009799318611079723,-80.50399165159705,-334.2148484947892,29690.0,opec_mon,design
GOLDM,ATM call,h60,796,43,0.84326094,-0.0014824618,-0.45493821791623434,0.3333333333333333,0.006820377,-0.0012275059744072498,12.715632759745995,-196.02905533736094,26585.0,eia_day,design
GOLDM,ATM put,h60,803,43,0.9281976,-0.00038298694,-0.13499624354185086,0.3333333333333333,-0.006626602,-0.014698440128701034,-131.31574656865368,-324.53155217668444,23950.0,eia_day,design
GOLDM,ITM1 call,h60,653,42,0.82211924,-0.0007194313,-0.2951237542085818,0.4166666666666667,0.0055811824,-0.0027432676326004804,-1.0510216518711715,-217.38188650152455,24585.0,eia_day,design
GOLDM,ITM1 put,h60,700,38,0.92814404,-0.00076326437,-0.34954336186500384,0.4166666666666667,-0.006565733,-0.015223052084762828,-120.07928641183035,-315.0331559013798,22550.0,eia_day,design
GOLDM,ITM2-3 call,h60,996,42,0.81218386,-0.0070812157,-3.4923854926852034,0.16666666666666666,0.0038123704,-0.00419063035480214,-24.89850576622898,-255.48209188458432,27827.5,eia_day,design
GOLDM,ITM2-3 put,h60,1118,41,0.96295464,-0.005766081,-2.7314301416597346,0.16666666666666666,-0.011938975,-0.02000039931820525,-302.8191543606398,-521.5884999598286,26632.5,eia_day,design
GOLDM,OTM1 call,h60,764,40,0.8220382,0.0024874313,0.6273091413334738,0.3333333333333333,0.014441912,0.005401767470330449,122.8244625710692,-68.11648090779748,21260.0,eia_day,design
GOLDM,OTM1 put,h60,693,40,0.91378486,0.0054252297,1.1222276762441445,0.4166666666666667,0.00057612336,-0.008284373153894575,20.750517521757757,-158.16046654727157,19905.0,eia_day,design
GOLDM,OTM2-3 call,h60,1372,41,0.8129373,0.0066533783,1.275014289441276,0.5,0.02097071,0.011460551946413588,126.0229682366285,-67.450595412206,23452.5,eia_day,design
GOLDM,OTM2-3 put,h60,1260,41,0.8897557,0.013724034,1.9433371571498155,0.6666666666666666,0.0027385193,-0.0068651466160116435,24.746773734925284,-143.43538297098385,17780.0,eia_day,design
GOLDM,all,h60,9155,43,0.86831033,0.0017574854,0.5387014171355669,0.25,0.003633089,-0.005057572297929579,-25.244674974292565,-224.09881443089188,24010.0,eia_day,design
GOLDM,ATM call,h60,898,40,0.9749302,-0.00069820456,-0.28125649251249984,0.4166666666666667,0.0065669296,-0.0018373907819730431,17.568326070738795,-190.06194158095556,26475.0,ngs_day,design
GOLDM,ATM put,h60,899,40,1.0808314,-0.0031658623,-1.1487799520252564,0.3333333333333333,-0.012290883,-0.020722380122694607,-190.65339492611147,-381.1682252568571,23970.0,ngs_day,design
GOLDM,ITM1 call,h60,712,39,0.81257707,-0.0015795823,-0.9711503223983041,0.4166666666666667,0.0124016935,0.003782800077462611,213.40302370907216,-4.58581969314479,26397.5,ngs_day,design
GOLDM,ITM1 put,h60,688,39,0.9045184,-0.0022632347,-0.9093822805075968,0.3333333333333333,-0.018469134,-0.02704635784536863,-357.37137106961984,-546.8116658517158,21347.5,ngs_day,design
GOLDM,ITM2-3 call,h60,999,39,0.8116827,-0.009104271,-3.858734173242281,0.08333333333333333,0.0061408053,-0.0020643952998862826,14.019614096518394,-211.07487711635457,27120.0,ngs_day,design
GOLDM,ITM2-3 put,h60,1204,38,1.0686458,-0.0056213224,-2.9010662402482845,0.25,-0.02131996,-0.0296026994425943,-451.8260948206499,-662.6533404079664,25500.0,ngs_day,design
GOLDM,OTM1 call,h60,795,39,0.81509435,0.0030627365,0.8348594620742522,0.5,0.01816851,0.008972746932172818,200.1422587460692,9.178202091603952,23465.0,ngs_day,design
GOLDM,OTM1 put,h60,770,40,0.89653045,0.003658915,0.9094930395966258,0.5,-0.013273653,-0.0225713219087188,-237.93119673295453,-412.49679104492037,17750.0,ngs_day,design
GOLDM,OTM2-3 call,h60,1518,38,0.8772109,0.0060913605,1.4177251721151145,0.6666666666666666,0.02630783,0.016341053452707987,166.16215450804538,-18.58161654668491,21075.0,ngs_day,design
GOLDM,OTM2-3 put,h60,1301,39,0.95589554,0.012721934,2.1049728223566047,0.75,-0.0062335124,-0.01619893500504521,-23.282819626241533,-187.24502796274004,16100.0,ngs_day,design
GOLDM,all,h60,9784,40,0.926515,0.0009231458,0.3315249996932513,0.3333333333333333,0.00076502614,-0.008218887733793295,-59.45353054941821,-253.84856353257337,22857.5,ngs_day,design
GOLDM,all,h60,26491,119,0.88278735,-0.003357164,-4.28516731395483,0.16666666666666666,-0.0022263369,-0.011386104195774339,-45.11668642835958,-234.8190972853432,22010.0,none,design
GOLDM,ATM call,h240,272,39,0.97003126,-0.0021354083,-0.16969690300629275,0.16666666666666666,0.07865705,0.07136919182440801,498.7328540577608,307.60888378048634,29305.0,eia_in,design
GOLDM,ATM put,h240,277,40,1.0847408,0.006627389,0.3913823215140521,0.3333333333333333,-0.04010435,-0.04721835361266903,-688.2817113442542,-859.0223367927771,25650.0,eia_in,design
GOLDM,ITM1 call,h240,233,39,0.9721168,-0.007944201,-0.7244912037322969,0.16666666666666666,0.0633371,0.05586478463063582,383.1141027360515,196.2127519540972,24225.0,eia_in,design
GOLDM,ITM1 put,h240,238,37,1.1052929,-0.0016751409,-0.11769240137914594,0.3333333333333333,-0.04530436,-0.05276388307851094,-739.379346831506,-905.6532052892102,22037.5,eia_in,design
GOLDM,ITM2-3 call,h240,350,40,0.95138955,-0.019991122,-2.6037430627199263,0.08333333333333333,0.05354871,0.046432813085430756,351.1559831891741,149.1846513127854,27862.5,eia_in,design
GOLDM,ITM2-3 put,h240,393,39,1.1373454,-0.009810362,-0.9867597840778001,0.16666666666666666,-0.052638467,-0.059591806539763356,-1212.1546792377346,-1401.7556412975657,26215.0,eia_in,design
GOLDM,OTM1 call,h240,259,37,0.9856574,0.0136317285,0.6550487091371637,0.16666666666666666,0.11659113,0.10837420234838252,344.4750387420065,174.01321560464262,24215.0,eia_in,design
GOLDM,OTM1 put,h240,243,38,1.073136,0.01996612,0.8703947142270774,0.4166666666666667,-0.032555763,-0.04045309293619397,-348.892431062926,-501.79388415196485,19440.0,eia_in,design
GOLDM,OTM2-3 call,h240,466,39,0.9706216,0.043393794,1.2480661548288359,0.5,0.1975832,0.18829117798071685,565.3432566106575,392.74613041091794,23905.0,eia_in,design
GOLDM,OTM2-3 put,h240,444,40,1.0627342,0.03658445,1.3169242280678914,0.4166666666666667,-0.021678153,-0.030410514531209954,-111.23405441507563,-259.47808686517527,18820.0,eia_in,design
GOLDM,all,h240,3175,42,1.0263842,0.010393795,0.5864020386035085,0.25,0.03686638,0.029009061037306685,-87.14248172129233,-261.9961784035521,24270.0,eia_in,design
GOLDM,ATM call,h240,283,40,1.0681367,-0.011503207,-0.8931773781766622,0.3333333333333333,0.082157485,0.07444130304103652,490.4227795280753,303.9859613735288,26700.0,ngs_in,design
GOLDM,ATM put,h240,286,38,1.207892,-0.012054863,-0.6246068006086015,0.16666666666666666,-0.06798637,-0.07541221791881195,-1191.6707485705822,-1360.6160496827545,25215.0,ngs_in,design
GOLDM,ITM1 call,h240,240,39,1.007031,-0.019449722,-2.5846015496318073,0.25,0.08223217,0.07459002340931663,521.3887736002604,329.55577233476265,26592.5,ngs_in,design
GOLDM,ITM1 put,h240,227,34,1.0489495,-0.020328213,-1.105111896523198,0.16666666666666666,-0.08776252,-0.09522394762642597,-1296.8647530845608,-1457.6282290771915,21370.0,ngs_in,design
GOLDM,ITM2-3 call,h240,361,36,0.9596485,-0.030342959,-3.511162162354947,0.08333333333333333,0.07614492,0.0689102414383816,711.4453175721736,513.0081748203212,27505.0,ngs_in,design
GOLDM,ITM2-3 put,h240,421,37,1.2785484,-0.017055083,-1.4075782673846038,0.25,-0.084614515,-0.09158418303555997,-1696.1394712760725,-1877.6844340709142,26010.0,ngs_in,design
GOLDM,OTM1 call,h240,273,37,0.9015068,-0.004245732,-0.17692224485438032,0.25,0.11943316,0.11088952503873999,-81.46901336781708,-246.8301536818611,23985.0,ngs_in,design
GOLDM,OTM1 put,h240,261,37,1.0933383,-0.005895051,-0.228820385288939,0.3333333333333333,-0.068521716,-0.07669934044615043,-716.7114684590891,-863.7298719467987,17450.0,ngs_in,design
GOLDM,OTM2-3 call,h240,496,37,1.0972214,0.02042323,0.45201317371110017,0.25,0.2169912,0.20744592368538867,117.96228593395603,-42.59976176818371,21250.0,ngs_in,design
GOLDM,OTM2-3 put,h240,431,36,1.1248065,0.023865396,0.752542200680696,0.5,-0.081428476,-0.09013769749205941,-720.5225667267554,-861.4563030846771,16210.0,ngs_in,design
GOLDM,all,h240,3279,40,1.0894388,-0.005001929,-0.24148329037129257,0.08333333333333333,0.025232922,0.017201147621885127,-393.3713952082256,-562.8059952467933,23305.0,ngs_in,design
GOLDM,ATM call,h240,60,10,0.93409884,-0.038654167,-4.713281547682501,0.0,0.003994642,-0.0031917635853465575,-38.526448567708336,-270.9144400599282,33510.0,cpi_in,design
GOLDM,ATM put,h240,64,10,1.022433,-0.002810115,-0.1735433465361652,0.3,-0.051595297,-0.0587474187749884,-1608.9380264282227,-1832.429483615216,32052.5,cpi_in,design
GOLDM,ITM1 call,h240,50,9,1.0320189,-0.03995051,-2.4396603280802998,0.0,-0.005248457,-0.013476426791155151,-321.908154296875,-518.2377495303476,31152.5,cpi_in,design
GOLDM,ITM1 put,h240,45,6,1.0558717,0.011721312,0.507466729902688,0.3333333333333333,-0.049877815,-0.057276351007485,-1211.9414605034722,-1442.8493379065803,32140.0,cpi_in,design
GOLDM,ITM2-3 call,h240,64,8,0.91395384,-0.045204043,-3.543064450542051,0.0,0.018196475,0.010631904535239675,190.85161209106445,-63.536647444464336,36597.5,cpi_in,design
GOLDM,ITM2-3 put,h240,68,9,1.0386143,-0.005774669,-0.4420902568047997,0.3333333333333333,-0.07176403,-0.07937867311810841,-2013.182705149931,-2244.6581622539375,36017.5,cpi_in,design
GOLDM,OTM1 call,h240,53,7,1.0076642,-0.039468054,-2.4906639670594286,0.0,0.007001284,-0.0005964805125868785,-359.5231196565448,-575.8392373455196,28790.0,cpi_in,design
GOLDM,OTM1 put,h240,64,9,1.0690793,0.0018016901,0.10290297976927457,0.3333333333333333,-0.03781624,-0.04599483876355798,-807.9572200775146,-988.7674441576619,26487.5,cpi_in,design
GOLDM,OTM2-3 call,h240,82,9,0.98947585,-0.027397627,-3.184684100038568,0.0,0.0030372825,-0.005377238555341854,5.987630704554116,-190.29781234538575,25152.5,cpi_in,design
GOLDM,OTM2-3 put,h240,98,8,1.0474159,0.008287686,0.42962177092781706,0.375,-0.047343615,-0.055332747012260666,-1044.5001905791614,-1244.0648220904727,25057.5,cpi_in,design
GOLDM,all,h240,648,10,1.0093247,-0.016459586,-2.4662280244238324,0.2,-0.024266222,-0.032035079552723854,-730.2968135880835,-945.0569918049187,29282.5,cpi_in,design
GOLDM,ATM call,h240,91,6,0.69184333,-0.0042393277,-0.4315547191306114,0.16666666666666666,0.049254555,0.04128555225559548,993.7743335765797,820.4005887817948,20850.0,fomc_day,design
GOLDM,ATM put,h240,94,6,0.79259706,-0.00022267617,-0.02051994559017994,0.16666666666666666,-0.03713756,-0.04486898512524601,-735.2582696143617,-902.3432916918041,20747.5,fomc_day,design
GOLDM,ITM1 call,h240,112,6,0.6541511,0.0046165916,0.7434133136180153,0.3333333333333333,0.026329448,0.017977643801192034,327.1094076974051,130.70019312662913,22655.0,fomc_day,design
GOLDM,ITM1 put,h240,105,5,0.7850781,0.0016235665,0.4081463751030329,0.6,-0.008164656,-0.016294812648001547,-50.34242466517857,-251.79311250053357,23330.0,fomc_day,design
GOLDM,ITM2-3 call,h240,114,6,0.56534225,-0.01696583,-1.8148991685615632,0.16666666666666666,0.0795959,0.0711089994137734,1891.1264466402824,1706.7841151259945,24452.5,fomc_day,design
GOLDM,ITM2-3 put,h240,150,6,0.7475715,-0.0044765268,-0.7870449591011677,0.16666666666666666,-0.01334061,-0.021515571774562203,-298.4365478515625,-508.276374190453,27767.5,fomc_day,design
GOLDM,OTM1 call,h240,106,6,0.6630443,-0.0005460267,-0.09242456912253577,0.3333333333333333,0.05223736,0.043736107078448515,683.9243071933962,484.73163958360806,18560.0,fomc_day,design
GOLDM,OTM1 put,h240,127,5,0.7478942,0.0014796649,0.25390733899148016,0.2,-0.0031133087,-0.011790529323525143,246.1437411571112,78.93400261933172,18090.0,fomc_day,design
GOLDM,OTM2-3 call,h240,190,6,0.64456064,-0.0051539526,-0.6187315503224571,0.5,0.055932377,0.04651177215965935,570.5304501182154,393.4380287168253,15627.5,fomc_day,design
GOLDM,OTM2-3 put,h240,175,6,0.667062,0.008524482,0.769220208861542,0.3333333333333333,-0.051992156,-0.061121227570688705,-740.1951032366071,-883.8560747316997,14810.0,fomc_day,design
GOLDM,all,h240,1264,6,0.6822432,-0.0013308461,-0.19695149789863717,0.16666666666666666,0.013311691,0.004747297159697667,242.1798203866693,61.59244183560333,21495.0,fomc_day,design
GOLDM,ATM call,h240,129,5,0.72111154,0.006571685,0.8298988288831558,0.4,-0.07409427,-0.08213907655079254,-950.9024923161943,-1126.5232804144998,19800.0,fomc_next,design
GOLDM,ATM put,h240,131,5,0.856148,-0.010933413,-0.69694474311366,0.6,0.062372588,0.053765010113601054,879.5064259303435,719.0314606059897,19340.0,fomc_next,design
GOLDM,ITM1 call,h240,87,5,0.739208,0.008496004,1.885417359427443,0.6,-0.06836627,-0.07646995996387013,-1459.5906715831538,-1674.311473603169,22700.0,fomc_next,design
GOLDM,ITM1 put,h240,123,5,0.8930777,-0.0061636386,-0.6922703470272666,0.6,0.051879477,0.04347194839429581,995.7389174050431,813.7892117607838,21985.0,fomc_next,design
GOLDM,ITM2-3 call,h240,136,5,0.72949135,-0.004571828,-0.5453332633453625,0.4,-0.038002238,-0.04613970405433094,-1320.907211303711,-1534.6830165033996,26580.0,fomc_next,design
GOLDM,ITM2-3 put,h240,197,5,0.9177694,-0.014229865,-1.7242460430223991,0.6,0.029108323,0.02084947263525418,727.9887676723113,521.1308344194119,26620.0,fomc_next,design
GOLDM,OTM1 call,h240,122,5,0.7165301,0.011269121,1.294234621056682,0.6,-0.059854947,-0.06837233108966878,-793.7444618100026,-973.1551374616566,17897.5,fomc_next,design
GOLDM,OTM1 put,h240,105,5,0.90005976,0.0008271308,0.058006372913060135,0.6,0.10388263,0.09467603521468952,1514.7240397135417,1346.418365070598,17130.0,fomc_next,design
GOLDM,OTM2-3 call,h240,232,5,0.7513254,0.016063765,1.952798065235886,0.4,-0.043187175,-0.05219639517494644,-203.8550120386584,-390.679381728056,15667.5,fomc_next,design
GOLDM,OTM2-3 put,h240,205,5,0.8741808,0.0045544254,0.45221518403684413,0.6,0.078711115,0.06892533779658565,937.6093496927401,785.5616861455024,14550.0,fomc_next,design
GOLDM,all,h240,1467,5,0.80451417,0.0014271134,0.2571219745565741,0.4,0.006362451,-0.0023221030568898776,108.34054459335857,-74.77845411984578,20850.0,fomc_next,design
GOLDM,ATM call,h240,205,11,1.3678656,-0.009290835,-3.629193784596762,0.1,-0.0016065376,-0.008788864975034326,-172.20382764862805,-425.1856848008587,30800.0,opec_mon,design
GOLDM,ATM put,h240,223,11,1.8926817,-0.0059464118,-0.9600006720629438,0.3,-0.01620248,-0.02343087304205286,-646.6252320978139,-881.2707719943534,29730.0,opec_mon,design
GOLDM,ITM1 call,h240,154,10,0.8797505,-0.012766386,-8.370381440896953,0.2,0.010202711,0.0027547730242654007,-128.2656582919034,-407.38067076547895,34110.0,opec_mon,design
GOLDM,ITM1 put,h240,152,8,0.80731106,-0.011360623,-3.728674852208415,0.25,-0.022986773,-0.030504479057327057,-677.6988300524259,-926.578453771495,32550.0,opec_mon,design
GOLDM,ITM2-3 call,h240,264,11,1.0060525,-0.009224799,-3.6982228079284525,0.2,-0.0025228148,-0.009784188399036876,56.46960634173769,-222.00477135335086,37617.5,opec_mon,design
GOLDM,ITM2-3 put,h240,279,11,1.1629361,-0.012561389,-4.4504588971163095,0.3,-0.009795293,-0.017101178419223057,-541.8934768075156,-795.6786457299621,34480.0,opec_mon,design
GOLDM,OTM1 call,h240,163,9,0.72200835,-0.0140470015,-7.385074441194287,0.0,0.0018008387,-0.005720271176557891,-229.02534718893787,-467.79894491095484,28695.0,opec_mon,design
GOLDM,OTM1 put,h240,174,9,1.0057888,-0.015101529,-3.2026665551206586,0.2222222222222222,-0.035098076,-0.042690300584879284,-850.934497350934,-1075.4128881787774,27585.0,opec_mon,design
GOLDM,OTM2-3 call,h240,348,11,0.8375183,-0.005492641,-2.1509750945031145,0.3,-0.0065104933,-0.014229798136849964,-378.42504742501796,-608.0562498919135,25590.0,opec_mon,design
GOLDM,OTM2-3 put,h240,345,11,1.0510342,-0.008881624,-1.7695830118175049,0.2,-0.013898211,-0.021760974911135322,-438.3843551856884,-646.6359362477855,24090.0,opec_mon,design
GOLDM,all,h240,2307,11,1.1387043,-0.00986407,-4.854208695636097,0.3,-0.009596116,-0.01708431941701736,-393.0953195056824,-635.4281062581173,29690.0,opec_mon,design
GOLDM,ATM call,h240,796,43,0.8077008,-0.0022266647,-0.2579381118978113,0.16666666666666666,0.019031573,0.011234542979202403,18.230135356960584,-182.89434326925468,26585.0,eia_day,design
GOLDM,ATM put,h240,803,43,0.9069272,0.0017633124,0.2376348965181869,0.3333333333333333,-0.004597604,-0.012424672193642763,-144.10798287777646,-331.017624943283,23950.0,eia_day,design
GOLDM,ITM1 call,h240,653,42,0.83191746,-0.0021831102,-0.2608653742424914,0.25,0.014091622,0.00604121985998218,-52.85668552743348,-260.68217961766135,24585.0,eia_day,design
GOLDM,ITM1 put,h240,700,38,0.9193787,0.00028712273,0.04399389269523214,0.3333333333333333,-0.0072145434,-0.015555791315396842,-56.60221383231027,-244.01491957449986,22550.0,eia_day,design
GOLDM,ITM2-3 call,h240,996,42,0.7869329,-0.0108061815,-1.8158989708484874,0.08333333333333333,0.016476456,0.008703788583516335,8.481900012158007,-214.4010384574909,27827.5,eia_day,design
GOLDM,ITM2-3 put,h240,1118,41,0.9504752,-0.007485883,-1.558836310018481,0.16666666666666666,-0.013597625,-0.021380165960518845,-377.70316408870474,-588.3334552148164,26632.5,eia_day,design
GOLDM,OTM1 call,h240,764,40,0.8178424,0.0045344206,0.4258913738031462,0.16666666666666666,0.04398457,0.0351943905855249,165.78862614656617,-17.477270048813274,21260.0,eia_day,design
GOLDM,OTM1 put,h240,693,40,0.91846085,0.010401215,0.9326001383710188,0.4166666666666667,0.012576845,0.0039733058862858675,235.82364191052545,62.71954890941273,19905.0,eia_day,design
GOLDM,OTM2-3 call,h240,1372,41,0.79932654,0.017303217,1.0530734214765487,0.3333333333333333,0.06902192,0.059670988554873294,212.89919933841804,25.964875013912128,23452.5,eia_day,design
GOLDM,OTM2-3 put,h240,1260,41,0.8843902,0.02497277,1.5817792021681252,0.4166666666666667,0.015917629,0.006576944201234001,137.3577074550447,-25.222075801032677,17780.0,eia_day,design
GOLDM,all,h240,9155,43,0.85595113,0.00493335,0.5464956867525708,0.25,0.018994162,0.010549978847672403,18.14178637114462,-173.65059401544244,24010.0,eia_day,design
GOLDM,ATM call,h240,898,40,0.89038587,-0.005101855,-0.9586815642267936,0.5,0.027825749,0.019669992103398024,258.1459986765294,57.89211121811868,26475.0,ngs_day,design
GOLDM,ATM put,h240,899,40,1.0065658,-0.0056172987,-0.8009615588464304,0.3333333333333333,-0.036332946,-0.04441748310641354,-653.0435369913782,-835.4540658591206,23970.0,ngs_day,design
GOLDM,ITM1 call,h240,712,39,0.85194796,-0.0053598327,-1.1812964296562902,0.4166666666666667,0.034714323,0.026364285320118797,331.57297027245,122.84477420379758,26397.5,ngs_day,design
GOLDM,ITM1 put,h240,688,39,0.9148978,-0.0075647305,-1.1588986540959,0.3333333333333333,-0.0468102,-0.05503027489630483,-786.5803953658702,-968.1644076373825,21347.5,ngs_day,design
GOLDM,ITM2-3 call,h240,999,39,0.81868404,-0.018202815,-3.12301326858661,0.16666666666666666,0.03245479,0.02443910022697986,283.26199857083645,65.47880911085649,27120.0,ngs_day,design
GOLDM,ITM2-3 put,h240,1204,38,1.0617815,-0.007836434,-1.6734843475648566,0.3333333333333333,-0.05023114,-0.05816622920382517,-1002.608733319761,-1204.7130315130403,25500.0,ngs_day,design
GOLDM,OTM1 call,h240,795,39,0.80493265,-0.0010424434,-0.11724282957518885,0.4166666666666667,0.04990542,0.04094356759688107,225.84895986880898,42.913985692403195,23465.0,ngs_day,design
GOLDM,OTM1 put,h240,770,40,0.92490894,0.0036446138,0.3797245935466219,0.5,-0.028166171,-0.037084967654168084,-304.8442563143644,-471.83496266933577,17750.0,ngs_day,design
GOLDM,OTM2-3 call,h240,1518,38,0.8948525,0.0076049934,0.5239457477148323,0.3333333333333333,0.08381837,0.07398503756371799,262.6817048365577,84.11899755285633,21075.0,ngs_day,design
GOLDM,OTM2-3 put,h240,1301,39,0.9340849,0.017848784,1.6760788039052472,0.5833333333333334,-0.033405624,-0.04298886472424944,-237.5470397400911,-395.032966445013,16100.0,ngs_day,design
GOLDM,all,h240,9784,40,0.91359144,-0.0009738931,-0.13657260157992293,0.4166666666666667,0.0059834262,-0.002718634102403276,-158.42176957200613,-345.2800936104357,22857.5,ngs_day,design
GOLDM,all,h240,26491,119,0.8730725,-0.012464791,-4.366105240508259,0.16666666666666666,-0.00898571,-0.01782676823369654,-176.10272298375008,-358.6298978226507,22010.0,none,design
GOLDM,ATM call,eod,599,42,0.8177041,0.0012154666,0.05223316094735216,0.16666666666666666,0.00089540624,-0.006750617559110252,-492.293729702499,-688.9861245361398,26590.0,eia_in,design
GOLDM,ATM put,eod,596,42,0.9237365,0.0051674317,0.3036086083572003,0.4166666666666667,0.04727533,0.03942415129787675,532.566104607294,346.27452067143395,24422.5,eia_in,design
GOLDM,ITM1 call,eod,488,41,0.84885633,0.0011141124,0.049330043533121204,0.16666666666666666,-0.0011482063,-0.00904744336355736,-457.9435579894019,-661.6958325053167,24560.0,eia_in,design
GOLDM,ITM1 put,eod,528,38,0.9515763,-0.004033504,-0.29389311098650095,0.5,0.036714215,0.028365134586012163,664.0676801854914,477.6787231022648,22517.5,eia_in,design
GOLDM,ITM2-3 call,eod,724,41,0.777955,-0.0136393,-0.8954024026240341,0.25,0.01977216,0.01205100165581573,-237.5183645006043,-456.71804533651164,28012.5,eia_in,design
GOLDM,ITM2-3 put,eod,812,40,0.9845895,-0.0072678546,-0.7380720090927966,0.25,0.017430548,0.009636638265790393,90.29265023217413,-119.91262999540673,26710.0,eia_in,design
GOLDM,OTM1 call,eod,580,39,0.83109325,0.004560998,0.18749692379048802,0.25,0.046775974,0.03809194123797413,92.92102997878501,-87.35438941328471,21302.5,eia_in,design
GOLDM,OTM1 put,eod,516,39,0.935997,0.021554338,0.8359457508540548,0.4166666666666667,0.078993484,0.07028644264289428,970.4498030788214,797.3109972284874,19877.5,eia_in,design
GOLDM,OTM2-3 call,eod,1003,40,0.81580025,0.019687645,0.7277130749883367,0.25,0.09353196,0.08414306994857948,513.9192774764086,328.19594221168296,22925.0,eia_in,design
GOLDM,OTM2-3 put,eod,916,40,0.9002786,0.036018476,1.0714540828719954,0.5,0.09622599,0.08667889031735938,685.4953189395922,521.9937895031021,17877.5,eia_in,design
GOLDM,all,eod,6762,42,0.8714504,0.007830899,0.38877796406071435,0.3333333333333333,0.048188727,0.03973960092238143,258.65899325897976,68.47450085949093,24015.0,eia_in,design
GOLDM,ATM call,eod,667,40,0.9020248,-0.018549947,-1.637555078742194,0.25,0.024303427,0.016306457656360192,-104.13808385114083,-301.95895455862734,26630.0,ngs_in,design
GOLDM,ATM put,eod,661,40,1.0107163,-0.012952172,-1.0921411297170167,0.4166666666666667,-0.06536476,-0.07320033819440304,-1277.6031944286444,-1457.7998530930815,25025.0,ngs_in,design
GOLDM,ITM1 call,eod,530,39,0.8838475,-0.019709364,-1.6586156032665649,0.3333333333333333,0.034481015,0.02628972941667638,261.5740632830926,52.217017343506946,26872.5,ngs_in,design
GOLDM,ITM1 put,eod,482,35,0.99988943,-0.018751616,-1.4657495231075044,0.3333333333333333,-0.07475436,-0.0828459349619578,-1214.0262603759766,-1395.41934949286,21505.0,ngs_in,design
GOLDM,ITM2-3 call,eod,749,38,0.82704663,-0.034249634,-2.8035464248816253,0.16666666666666666,0.037429187,0.029499339294127336,458.28203555261183,243.13144772220025,27390.0,ngs_in,design
GOLDM,ITM2-3 put,eod,893,37,1.0604655,-0.021099897,-2.2884246186970136,0.3333333333333333,-0.08352138,-0.09126315915148195,-1914.7152756096134,-2112.471423693745,25635.0,ngs_in,design
GOLDM,OTM1 call,eod,581,38,0.8984879,-0.011275409,-0.6676374318488115,0.4166666666666667,0.05478351,0.0459318949113869,-223.33219071879034,-407.00036044176744,23475.0,ngs_in,design
GOLDM,OTM1 put,eod,578,38,0.9698436,-0.0029822707,-0.19699488627244718,0.5,-0.060503885,-0.06913380554504446,-954.6503049857064,-1119.774610937621,17975.0,ngs_in,design
GOLDM,OTM2-3 call,eod,1121,37,0.89669657,-0.0019475076,-0.08242994074146574,0.5,0.11165736,0.1019645919874202,332.8082730023591,154.80328081048387,21465.0,ngs_in,design
GOLDM,OTM2-3 put,eod,968,38,0.94423664,0.017190436,1.002912578807946,0.5833333333333334,-0.05760623,-0.06687909538229088,-602.6342196602467,-758.0799952182291,16387.5,ngs_in,design
GOLDM,all,eod,7230,40,0.93570924,-0.010889516,-0.8588690819768562,0.25,-0.0034632734,-0.011980603280108536,-500.53740575138795,-685.7876697074028,23265.0,ngs_in,design
GOLDM,ATM call,eod,107,10,0.8576175,-0.03346026,-2.6320273630174236,0.1,-0.06306358,-0.07035141725289856,-1915.0041640807535,-2133.8006532220893,30410.0,cpi_in,design
GOLDM,ATM put,eod,121,10,0.92107624,-0.005047322,-0.41357394947413995,0.4,0.01747106,0.009879672938853378,716.7061394305268,495.77406189766276,30450.0,cpi_in,design
GOLDM,ITM1 call,eod,94,9,0.86389446,-0.036874324,-2.4423313498220818,0.1111111111111111,-0.052968457,-0.061151608506157425,-1916.5346575797873,-2123.2996489563984,31272.5,cpi_in,design
GOLDM,ITM1 put,eod,88,6,0.9305281,-0.0025009038,-0.22337212555464125,0.5,0.0301045,0.022275868550999778,1442.7256497469816,1196.9636003026767,32262.5,cpi_in,design
GOLDM,ITM2-3 call,eod,132,9,0.8188981,-0.028568199,-2.3710315347398616,0.1111111111111111,-0.047350526,-0.05502598258978861,-1778.5540124141808,-2030.824007809235,36092.5,cpi_in,design
GOLDM,ITM2-3 put,eod,145,9,0.9313757,-0.022109428,-3.724640341073603,0.3333333333333333,-1.0914639e-05,-0.008092960450533147,685.9030593345905,442.4853492923749,35695.0,cpi_in,design
GOLDM,OTM1 call,eod,94,7,0.9062762,-0.026032047,-1.4639745357250507,0.14285714285714285,-0.081222385,-0.08886149758554003,-2630.274060837766,-2841.6778717522216,27912.5,cpi_in,design
GOLDM,OTM1 put,eod,119,9,0.9350849,0.004127738,0.2710273100309413,0.4444444444444444,0.026752705,0.018310101359545927,1240.7862559086134,1043.0960506502906,26700.0,cpi_in,design
GOLDM,OTM2-3 call,eod,171,9,0.88345855,-0.016010048,-1.0303178567392692,0.2222222222222222,-0.068092816,-0.07668465762689074,-1621.814543071546,-1809.353171242257,23675.0,cpi_in,design
GOLDM,OTM2-3 put,eod,188,9,0.91998494,0.005814277,0.3066510265400407,0.4444444444444444,0.03959663,0.031090052416800466,1093.078347064079,886.5316005870109,24877.5,cpi_in,design
GOLDM,all,eod,1259,10,0.89743555,-0.014658105,-1.4808983344784912,0.2,-0.017368175,-0.025416418003037122,-379.7580176634482,-597.4698278421201,28590.0,cpi_in,design
GOLDM,ATM call,eod,91,6,0.69996816,0.010378713,0.5619790171624596,0.3333333333333333,0.16567108,0.15780167581932875,3296.146414620536,3125.34502021487,20850.0,fomc_day,design
GOLDM,ATM put,eod,94,6,0.79786366,0.009444866,0.3956541767111376,0.16666666666666666,-0.07920013,-0.08638941941859808,-1502.8005884048787,-1658.5733829232693,20747.5,fomc_day,design
GOLDM,ITM1 call,eod,112,6,0.68779844,0.004758943,0.5696708260296398,0.5,0.13295051,0.1246699507161294,2630.963625226702,2437.64147003342,22655.0,fomc_day,design
GOLDM,ITM1 put,eod,105,5,0.8512142,0.013457525,0.5639139771232375,0.6,-0.07833835,-0.0858226027163665,-1695.413364955357,-1881.6306500814867,23330.0,fomc_day,design
GOLDM,ITM2-3 call,eod,114,6,0.56981015,-0.0096719,-0.9142943297699012,0.3333333333333333,0.26024088,0.2515744735965409,6220.895021672834,6032.470212552774,24452.5,fomc_day,design
GOLDM,ITM2-3 put,eod,150,6,0.76237917,0.00093408744,0.05674183529404637,0.3333333333333333,-0.08483,-0.09242409325025285,-2112.1249369303387,-2306.338048934324,27767.5,fomc_day,design
GOLDM,OTM1 call,eod,106,6,0.69382536,0.016076328,0.9043604249620447,0.5,0.22631706,0.2178170049668841,3847.1915997199294,3649.3659386303466,18560.0,fomc_day,design
GOLDM,OTM1 put,eod,127,5,0.7796754,0.020266451,0.7427664160120174,0.2,-0.07227266,-0.08036685419485966,-989.6833861343504,-1145.6958112443197,18090.0,fomc_day,design
GOLDM,OTM2-3 call,eod,190,6,0.6424557,0.008801577,0.472088528487315,0.3333333333333333,0.23570932,0.22623913691937167,3437.3746948242188,3261.517558551603,15627.5,fomc_day,design
GOLDM,OTM2-3 put,eod,175,6,0.67245835,0.010583894,0.7067981655162815,0.3333333333333333,-0.16941576,-0.177928274049606,-2553.8516183035713,-2687.785410824646,14810.0,fomc_day,design
GOLDM,all,eod,1264,6,0.6973944,0.008400514,0.5315987215564865,0.16666666666666666,0.048407543,0.04013994016725359,914.5479125010817,740.7842822928009,21495.0,fomc_day,design
GOLDM,ATM call,eod,129,5,0.7419336,0.010296631,0.7790575689287985,0.6,-0.10287138,-0.1105862467540508,-1235.51972145258,-1403.7098271883865,19800.0,fomc_next,design
GOLDM,ATM put,eod,131,5,0.8822184,-0.03586056,-1.7921394417623855,0.4,0.103404276,0.0950447018337329,1600.4407996257753,1445.5324384967853,19340.0,fomc_next,design
GOLDM,ITM1 call,eod,87,5,0.7488695,0.0156399,1.6153999611084553,0.6,-0.13317652,-0.14065519769721904,-2483.958740234375,-2684.7498030380893,22700.0,fomc_next,design
GOLDM,ITM1 put,eod,123,5,0.9277806,-0.026522093,-1.5162576237004475,0.4,0.11730302,0.10908802016168638,2348.87355401264,2171.560190229459,21985.0,fomc_next,design
GOLDM,ITM2-3 call,eod,136,5,0.7427326,-0.0059110825,-0.4843497044499643,0.6,-0.08368303,-0.09124309456933151,-1940.013854082893,-2141.776893365532,26580.0,fomc_next,design
GOLDM,ITM2-3 put,eod,197,5,0.9256051,-0.034611426,-3.3476501457500256,0.4,0.091904484,0.08395897129188552,2291.626782102633,2092.9116204482293,26620.0,fomc_next,design
GOLDM,OTM1 call,eod,122,5,0.74203736,0.017196363,1.256758713475557,0.6,-0.1300302,-0.13809026676448657,-1854.8225778048156,-2025.2903684969363,17897.5,fomc_next,design
GOLDM,OTM1 put,eod,105,5,0.9093874,-0.028272698,-1.1603277796777962,0.6,0.1813555,0.17247988857881477,2705.111014229911,2543.0353307872115,17130.0,fomc_next,design
GOLDM,OTM2-3 call,eod,232,5,0.7620421,0.026073245,2.0241781346683614,0.6,-0.10613552,-0.11450287645704496,-886.5142125096814,-1060.5358870614914,15667.5,fomc_next,design
GOLDM,OTM2-3 put,eod,205,5,0.88385326,-0.010053265,-0.5349044147122424,0.6,0.153115,0.1436542063447803,1716.4352491425304,1570.4759503103835,14550.0,fomc_next,design
GOLDM,all,eod,1467,5,0.82051307,-0.0066639236,-0.7524247219698835,0.4,0.013487075,0.005211132645127413,350.8095161006332,176.32809324585475,20850.0,fomc_next,design
GOLDM,ATM call,eod,205,11,1.1526291,-0.02228479,-8.08820160972063,0.1,-0.0063943965,-0.013160064855064968,-576.3920362519054,-812.9390927886056,30800.0,opec_mon,design
GOLDM,ATM put,eod,223,11,1.5736655,-0.025158865,-2.4693827934005848,0.3,-0.04468423,-0.05147775047676346,-1479.005698986652,-1698.360556802102,29730.0,opec_mon,design
GOLDM,ITM1 call,eod,154,10,0.79585296,-0.02928226,-8.21955743809401,0.2,0.001580183,-0.005486273089672838,-1021.9601717862216,-1286.5836953829091,34110.0,opec_mon,design
GOLDM,ITM1 put,eod,152,8,0.80647117,-0.02942206,-4.816898567018747,0.25,-0.043780833,-0.05084331913164417,-1280.2298696417558,-1515.057145048108,32550.0,opec_mon,design
GOLDM,ITM2-3 call,eod,264,11,0.8822354,-0.024443965,-7.600878158626495,0.2,-0.006683255,-0.013624571559270392,-440.13845270330256,-704.3058158050313,37617.5,opec_mon,design
GOLDM,ITM2-3 put,eod,279,11,1.0589498,-0.025380416,-6.870388860618824,0.3,-0.02291672,-0.029832694551658153,-1004.601805765569,-1243.9989982048385,34480.0,opec_mon,design
GOLDM,OTM1 call,eod,163,9,0.7101782,-0.028675402,-7.934129903677249,0.125,-0.014311065,-0.021464208380265134,-1146.1277499520706,-1372.028859213637,28695.0,opec_mon,design
GOLDM,OTM1 put,eod,174,9,0.9163364,-0.033277515,-4.171196560055159,0.2222222222222222,-0.06760491,-0.07476010764774622,-1605.8643209523168,-1819.232415903694,27585.0,opec_mon,design
GOLDM,OTM2-3 call,eod,348,11,0.7984767,-0.019514285,-3.0926665072074124,0.3,-0.010223664,-0.01758777060248258,-846.675015153556,-1064.2173815746612,25590.0,opec_mon,design
GOLDM,OTM2-3 put,eod,345,11,0.9499633,-0.027444623,-2.7888197661332184,0.1,-0.039765555,-0.047240108952840296,-1052.796388487885,-1251.0093912702127,24090.0,opec_mon,design
GOLDM,all,eod,2307,11,0.9919115,-0.025755752,-6.963656835931966,0.3,-0.024801832,-0.031901143191188135,-1005.8659621405302,-1234.9176343267284,29690.0,opec_mon,design
GOLDM,ATM call,eod,796,43,0.80580133,-0.0024974837,-0.13429316341493425,0.08333333333333333,-0.0042021694,-0.011609967378816624,-509.377479744916,-699.7996231886007,26585.0,eia_day,design
GOLDM,ATM put,eod,803,43,0.9115253,0.0014852332,0.11178934398681276,0.3333333333333333,0.03488989,0.02731616864730245,403.3199630490276,224.20875076514668,23950.0,eia_day,design
GOLDM,ITM1 call,eod,653,42,0.8332129,-0.0011252364,-0.06278596834618347,0.16666666666666666,-0.0050810715,-0.012751284941712727,-472.80321480486697,-670.3063513316189,24585.0,eia_day,design
GOLDM,ITM1 put,eod,700,38,0.9358183,-0.0050591566,-0.4522943983988928,0.5,0.028031508,0.019961372315635054,531.4951880318778,350.8980195757719,22550.0,eia_day,design
GOLDM,ITM2-3 call,eod,996,42,0.76678324,-0.012387683,-1.041341879763896,0.16666666666666666,0.009447339,0.0020266319208055625,-335.4425673886954,-547.1414626887581,27827.5,eia_day,design
GOLDM,ITM2-3 put,eod,1118,41,0.9645065,-0.008558646,-1.134639080356926,0.25,0.014797211,0.007273535830112814,130.31106979561193,-72.20553942187298,26632.5,eia_day,design
GOLDM,OTM1 call,eod,764,40,0.81906223,0.0012748853,0.06578377492410999,0.25,0.031603992,0.023202809133822312,-21.918116065220058,-197.11325741650856,21260.0,eia_day,design
GOLDM,OTM1 put,eod,693,40,0.92073625,0.0146423215,0.7233186891210327,0.4166666666666667,0.06142104,0.05302614591610351,797.0438991618191,629.8181393425855,19905.0,eia_day,design
GOLDM,OTM2-3 call,eod,1372,41,0.8033894,0.012441115,0.5875971499725059,0.25,0.062229063,0.05326718591491148,232.70659877677005,54.47276227430848,23452.5,eia_day,design
GOLDM,OTM2-3 put,eod,1260,41,0.8854773,0.026118312,1.0259726293438158,0.5,0.07324852,0.06408479249747072,544.1477328027997,386.91312954459823,17780.0,eia_day,design
GOLDM,all,eod,9155,43,0.85752237,0.0037270563,0.23821502783056497,0.25,0.034004394,0.025864941814922136,145.69089525036316,-37.86394121869295,24010.0,eia_day,design
GOLDM,ATM call,eod,898,40,0.90228134,-0.014339754,-1.4776936920611214,0.4166666666666667,0.020519812,0.012722021069044272,-27.02411813035043,-216.5427863715425,26475.0,ngs_day,design
GOLDM,ATM put,eod,899,40,1.0078794,-0.011169862,-1.1478597275935043,0.4166666666666667,-0.052873258,-0.06057089867609517,-1020.316828641796,-1192.7081416836713,23970.0,ngs_day,design
GOLDM,ITM1 call,eod,712,39,0.8810063,-0.014259301,-1.3992013376163932,0.4166666666666667,0.031723388,0.023732137729139534,337.5244629249144,138.00964138237393,26397.5,ngs_day,design
GOLDM,ITM1 put,eod,688,39,0.99350184,-0.014458864,-1.4172273213046036,0.3333333333333333,-0.060702827,-0.06857791825110189,-1040.8244246105814,-1214.125340684983,21347.5,ngs_day,design
GOLDM,ITM2-3 call,eod,999,39,0.8254202,-0.02848126,-2.7711668461291588,0.16666666666666666,0.032422695,0.02477322256298014,428.5867893039524,220.33844362822734,27120.0,ngs_day,design
GOLDM,ITM2-3 put,eod,1204,38,1.0539905,-0.017399391,-2.3637364872524453,0.3333333333333333,-0.07096431,-0.07847990344365094,-1621.737169158023,-1812.5896161036899,25500.0,ngs_day,design
GOLDM,OTM1 call,eod,795,39,0.8991814,-0.008314553,-0.6100280082472355,0.5,0.04705782,0.038413800467802614,3.6218054429540096,-171.53655843299677,23465.0,ngs_day,design
GOLDM,OTM1 put,eod,770,40,0.9636655,0.00078422,0.06203381964531856,0.5833333333333334,-0.04909792,-0.05762210836055218,-774.9279662293274,-933.557825552468,17750.0,ngs_day,design
GOLDM,OTM2-3 call,eod,1518,38,0.89412403,-0.0020512014,-0.10854647074039953,0.4166666666666667,0.08806134,0.0786228397218799,300.7858334668226,130.82712440454878,21075.0,ngs_day,design
GOLDM,OTM2-3 put,eod,1301,39,0.94194573,0.01850579,1.339633225292433,0.6666666666666666,-0.045542654,-0.0547064688366797,-453.659845193838,-603.4967278941577,16100.0,ngs_day,design
GOLDM,all,eod,9784,40,0.93284655,-0.007917488,-0.7714118666166897,0.25,-0.002790455,-0.011110817703759792,-375.0152682721956,-552.714632219987,22857.5,ngs_day,design
GOLDM,all,eod,26491,119,0.83984065,-0.024418943,-4.011657515287974,0.16666666666666666,-0.018551407,-0.02700798422024275,-362.2760957283952,-536.2156991324524,22010.0,none,design
GOLDM,ATM call,h60,52,13,0.8880109,0.0031201877,0.4833040022964054,0.5,0.010230001,0.0036121143194529338,409.5192307692308,241.96249704509998,26825.0,eia_in,holdout
GOLDM,ATM put,h60,52,13,0.95172757,0.007287154,0.592587635005662,0.5,0.002565745,-0.004175266034241987,48.36538461538461,-105.17652703816117,23977.5,eia_in,holdout
GOLDM,ITM1 call,h60,49,13,0.8804639,0.0020320143,0.35905228714716136,0.5,0.0138245,0.007125212525917523,580.6002869897959,393.64009421237614,29320.0,eia_in,holdout
GOLDM,ITM1 put,h60,52,13,0.95302963,0.007917037,0.6839071655713996,0.5,0.002983961,-0.003785145741599573,57.11538461538461,-115.77873408677304,26275.0,eia_in,holdout
GOLDM,ITM2-3 call,h60,77,13,0.9039365,-0.010348937,-2.2913636388017653,0.0,0.0051703127,-0.0012921983823847986,368.0357142857143,169.3250278242596,31970.0,eia_in,holdout
GOLDM,ITM2-3 put,h60,88,13,0.97568643,0.0020627733,0.17627912666439843,0.5,-0.0009450391,-0.0074105443142784225,-44.32783647017045,-235.97360371208362,30452.5,eia_in,holdout
GOLDM,OTM1 call,h60,52,13,0.888176,0.0021463116,0.2827434680629407,0.5,0.009433331,0.0022400150064598692,380.0,216.814681978905,24482.5,eia_in,holdout
GOLDM,OTM1 put,h60,52,13,0.9487403,0.006927054,0.4935122962149558,0.5,0.0022150232,-0.005123078441917241,54.99194805438702,-93.78908508535642,21765.0,eia_in,holdout
GOLDM,OTM2-3 call,h60,96,13,0.8983359,0.0072990437,0.9437707234459439,0.5,0.016482571,0.008432418313423772,477.92598088582355,328.7315686290926,21210.0,eia_in,holdout
GOLDM,OTM2-3 put,h60,102,13,0.9448789,0.006612102,0.494566116278712,0.5,0.00015193984,-0.008005315329966562,2.5159918093213847,-133.2073781398334,19052.5,eia_in,holdout
GOLDM,all,h60,672,13,0.92404556,0.0033988839,0.4048020486738627,0.5,0.0059768385,-0.001168976984038797,220.86967422848656,55.09151779264006,24942.5,eia_in,holdout
GOLDM,ATM call,h60,51,13,0.81853294,-0.011690771,-1.4054594320214124,0.0,-0.0048932736,-0.011630312154479848,230.58823529411765,68.57731830898962,24905.0,ngs_in,holdout
GOLDM,ATM put,h60,51,13,0.8609227,-0.019318843,-2.614565799995796,0.0,-0.024337888,-0.031198282030177594,-647.6470588235294,-796.7500871829637,23890.0,ngs_in,holdout
GOLDM,ITM1 call,h60,51,13,0.81359106,-0.010953684,-1.734423757905781,0.0,-0.0024220827,-0.00914817788354115,226.76470588235293,44.27526559743581,27335.0,ngs_in,holdout
GOLDM,ITM1 put,h60,50,13,0.87116355,-0.014508741,-2.541798748492053,0.0,-0.02285151,-0.02969933654214813,-705.0,-872.0452864905806,26202.5,ngs_in,holdout
GOLDM,ITM2-3 call,h60,80,13,0.8076974,-0.017998215,-3.2634492776860817,0.0,-0.008446424,-0.014909632473762374,4.271820068359375,-191.0501530592509,29930.0,ngs_in,holdout
GOLDM,ITM2-3 put,h60,97,13,0.8752847,-0.01131087,-2.3660442894735843,0.0,-0.021327287,-0.027820764831189216,-752.4773603616302,-938.54083168853,30010.0,ngs_in,holdout
GOLDM,OTM1 call,h60,52,13,0.8265058,-0.013577912,-1.4877920924249162,0.0,-0.006734087,-0.014143210118841046,243.07692307692307,85.10250383019626,22370.0,ngs_in,holdout
GOLDM,OTM1 put,h60,51,13,0.854553,-0.021876985,-2.31079098088186,0.25,-0.028029151,-0.03555247697497509,-651.9607843137255,-796.6279876714253,21620.0,ngs_in,holdout
GOLDM,OTM2-3 call,h60,101,13,0.82869846,-0.0146205025,-1.4394548076549716,0.0,-0.0069227302,-0.015431172973897822,285.1310729980469,140.85901296577177,19605.0,ngs_in,holdout
GOLDM,OTM2-3 put,h60,98,13,0.84423226,-0.017663242,-1.4017344155003406,0.25,-0.025047816,-0.03365154867178642,-532.6097387197067,-664.6313175631325,18580.0,ngs_in,holdout
GOLDM,all,h60,682,13,0.8396147,-0.015296223,-2.1740490931501406,0.0,-0.015300429,-0.02262784528037257,-236.96638470870658,-398.69987667723825,24437.5,ngs_in,holdout
GOLDM,ATM call,h60,12,3,2.3234406,-0.0018145753,-0.3939286789860266,0.3333333333333333,0.13329414,0.1268415080136722,3781.25,3592.9685411780392,28522.5,cpi_in,holdout
GOLDM,ATM put,h60,12,3,2.3214686,0.000933482,0.08563475059759236,0.3333333333333333,-0.14185365,-0.14765095592650473,-4051.25,-4218.583111354666,27742.5,cpi_in,holdout
GOLDM,ITM1 call,h60,11,3,2.3057396,-0.053543642,-1.6130377847012478,0.0,0.058970466,0.05253930568606664,1879.2420543323863,1672.9453623991226,31355.0,cpi_in,holdout
GOLDM,ITM1 put,h60,12,3,2.3194368,-0.0034955777,-0.48207198952781616,0.3333333333333333,-0.14147803,-0.14741448838205828,-4405.416666666667,-4592.535616296722,30350.0,cpi_in,holdout
GOLDM,ITM2-3 call,h60,15,3,2.304718,-0.11244885,-2.333703086696974,0.0,0.0031519413,-0.0029591805110639737,115.90885416666667,-100.93704637708555,35800.0,cpi_in,holdout
GOLDM,ITM2-3 put,h60,14,3,2.2932334,-0.030957052,-1.6461200826868876,0.3333333333333333,-0.14785023,-0.15359447855828737,-5127.857142857143,-5332.2863713714005,35915.0,cpi_in,holdout
GOLDM,OTM1 call,h60,11,3,2.3097532,0.0011042046,0.1498059049552715,0.3333333333333333,0.12109661,0.11426057659843415,3173.181818181818,2988.1353787309363,26600.0,cpi_in,holdout
GOLDM,OTM1 put,h60,12,3,2.313624,0.063577354,1.1130691334177565,0.6666666666666666,-0.083916016,-0.0902673121542935,-2364.987996419271,-2532.6192902883226,25202.5,cpi_in,holdout
GOLDM,OTM2-3 call,h60,21,3,2.2993045,0.020826986,2.306003250051283,1.0,0.14340933,0.13612160186232247,3306.904761904762,3135.001949428976,23610.0,cpi_in,holdout
GOLDM,OTM2-3 put,h60,23,3,2.2916434,0.085664876,1.8041396939511234,1.0,-0.06175237,-0.06855689029453683,-1425.038478685462,-1581.1719239711892,22220.0,cpi_in,holdout
GOLDM,all,h60,143,3,2.3061447,0.0029447675,0.3108151261747674,0.3333333333333333,-0.008797467,-0.015245185464393433,-435.59752137510924,-618.4288376006584,28370.0,cpi_in,holdout
GOLDM,ATM call,h60,56,1,0.48288754,0.002452071,,1.0,0.012385129,0.004551203348051292,330.7142857142857,118.74064586074446,27037.5,fomc_day,holdout
GOLDM,ATM put,h60,55,1,0.4836339,0.003369605,1.0683447290049333e+17,1.0,-0.006957562,-0.014676199487025834,-188.54545454545453,-398.5049581588972,27340.0,fomc_day,holdout
GOLDM,ITM1 call,h60,49,1,0.48954928,0.002016935,1.1394301277346202e+16,1.0,0.009055627,0.001149652110883201,263.6734693877551,30.05584063739625,29610.0,fomc_day,holdout
GOLDM,ITM1 put,h60,48,1,0.49185315,0.0024924234,1.1494274854726314e+16,1.0,-0.004631158,-0.01242703246743622,-138.60722859700522,-370.6027857348645,29822.5,fomc_day,holdout
GOLDM,ITM2-3 call,h60,75,1,0.4973096,0.0020531886,1.1835827204268576e+16,1.0,0.0064316024,-0.0011840063580919858,202.10572916666666,-51.78833592668502,33145.0,fomc_day,holdout
GOLDM,ITM2-3 put,h60,57,1,0.51266474,0.00063434336,,1.0,-0.003824736,-0.01132892003935061,-126.54853686951755,-379.6067128617207,33555.0,fomc_day,holdout
GOLDM,OTM1 call,h60,49,1,0.4903826,0.0023082735,1.1854694692898258e+16,1.0,0.010242544,0.002059453779281213,247.0819714604592,45.21959606206019,24670.0,fomc_day,holdout
GOLDM,OTM1 put,h60,53,1,0.48367298,0.0035785506,1.0933337719832576e+17,1.0,-0.005282124,-0.01352180763472454,-130.18867924528303,-334.24302190317513,24860.0,fomc_day,holdout
GOLDM,OTM2-3 call,h60,93,1,0.48569945,0.002197538,5416638116009867.0,1.0,0.009835365,0.0010314997237629551,202.9355678763441,15.020663451736837,21295.0,fomc_day,holdout
GOLDM,OTM2-3 put,h60,93,1,0.48339286,0.0043020393,1.647399981015742e+16,1.0,-0.005192828,-0.013835425249033344,-113.98064726142474,-299.5376398514234,21550.0,fomc_day,holdout
GOLDM,all,h60,628,1,0.48978886,0.0026090548,1.0048117963759792e+16,1.0,0.0023095217,-0.005785899286154237,57.07219798094148,-157.74745325031267,26567.5,fomc_day,holdout
GOLDM,ATM call,h60,93,2,0.6590449,-0.004293402,-3.4057609346264064,0.0,0.017282845,0.009542423236685372,406.8817204301075,193.83171641761876,23190.0,fomc_next,holdout
GOLDM,ATM put,h60,96,2,0.7205465,-0.0025768692,-3.4947773797720885,0.0,-0.02346916,-0.0313431422544202,-550.3645833333334,-740.4383489285484,23897.5,fomc_next,holdout
GOLDM,ITM1 call,h60,90,2,0.6615323,-0.0031694723,-2.2834039717369516,0.0,0.021855667,0.01377657814473167,630.4602322048611,382.83594143935494,25865.0,fomc_next,holdout
GOLDM,ITM1 put,h60,94,2,0.74039584,-0.002845461,-1.6110817589536797,0.0,-0.025737537,-0.033837721176848516,-678.0327200382313,-893.5147147977029,26512.5,fomc_next,holdout
GOLDM,ITM2-3 call,h60,124,2,0.657101,-0.009236633,-2.8457277175941003,0.0,0.010687353,0.002791386892850774,314.03781029485884,54.45246684792171,29960.0,fomc_next,holdout
GOLDM,ITM2-3 put,h60,149,2,0.755811,-0.0030904284,-1.6085448711539658,0.0,-0.027275447,-0.035213216777041964,-822.6250360476091,-1063.6996012551147,30350.0,fomc_next,holdout
GOLDM,OTM1 call,h60,100,2,0.6683108,-0.003178222,-2.1497760453093067,0.0,0.021034196,0.012749352331196315,488.232080078125,274.7196242247773,21125.0,fomc_next,holdout
GOLDM,OTM1 put,h60,92,2,0.7288664,-0.0040153963,-12.993700208064364,0.0,-0.03006012,-0.038543897589375486,-642.4311098845109,-826.556169535081,21115.0,fomc_next,holdout
GOLDM,OTM2-3 call,h60,198,2,0.6648683,-0.0040746154,-3.1392554512157878,0.0,0.01900592,0.0102106350667035,367.9906116832386,168.81119200494336,19000.0,fomc_next,holdout
GOLDM,OTM2-3 put,h60,166,2,0.70899343,-0.0009968372,-0.6045972238102858,0.5,-0.026325718,-0.035421147167004695,-477.5994284756212,-645.6516551430841,18192.5,fomc_next,holdout
GOLDM,all,h60,1202,2,0.69346327,-0.003714389,-2.2350521945958564,0.0,-0.004247814,-0.012555986197749305,-101.76282428862052,-313.356721248866,25505.0,fomc_next,holdout
GOLDM,ATM call,h60,141,3,0.6028274,-0.0005147027,-0.28552989092716424,0.3333333333333333,-0.0021164075,-0.009447573275761704,-74.21985815602837,-331.97293146835534,35015.0,opec_mon,holdout
GOLDM,ATM put,h60,152,3,0.76466537,-0.0040594228,-2.6733418972065897,0.0,-0.0016809568,-0.009412668423803559,-65.46052631578948,-276.6274761894038,24372.5,opec_mon,holdout
GOLDM,ITM1 call,h60,103,3,0.64705706,0.001776814,0.9217661756556662,0.3333333333333333,-0.001015894,-0.008671640899378986,-42.58040048543689,-333.2008995996048,37795.0,opec_mon,holdout
GOLDM,ITM1 put,h60,146,3,0.7709426,-0.00460347,-2.530009138649277,0.0,-0.0029848206,-0.010993399503735062,-101.20826198630137,-339.0686362408085,26242.5,opec_mon,holdout
GOLDM,ITM2-3 call,h60,142,3,0.5880535,0.00047114844,0.20716921419825216,0.3333333333333333,-0.004550433,-0.011933064226162145,-190.09966783120598,-499.2726937868033,41335.0,opec_mon,holdout
GOLDM,ITM2-3 put,h60,257,3,0.82271385,-0.005297917,-3.339106936265263,0.0,-0.0017195293,-0.009551964233683777,-55.84780444430934,-306.8862351511055,29735.0,opec_mon,holdout
GOLDM,OTM1 call,h60,146,3,0.6162458,-0.0015346528,-1.1275119096086075,0.0,-0.0032110875,-0.011065353170103702,-104.2254555062072,-361.19958871635936,32600.0,opec_mon,holdout
GOLDM,OTM1 put,h60,125,3,0.75649935,-0.006219425,-1.9451279986432966,0.0,-0.0033247853,-0.011421390648634797,-101.50501953125,-311.9606420836462,22555.0,opec_mon,holdout
GOLDM,OTM2-3 call,h60,306,3,0.6067332,-0.0009836319,-0.7265084989526934,0.6666666666666666,-0.0042265286,-0.012372051886685763,-122.06949869791667,-357.7640733580747,28902.5,opec_mon,holdout
GOLDM,OTM2-3 put,h60,237,3,0.74116194,-0.005843614,-2.0065337959292915,0.0,-0.0015112903,-0.01006844595254787,-36.56799058873945,-227.33435174787584,19745.0,opec_mon,holdout
GOLDM,all,h60,1755,3,0.68138427,-0.0029406138,-2.2021028948668726,0.0,-0.0026885075,-0.010612925163901898,-88.23313412571225,-329.0769380308642,30235.0,opec_mon,holdout
GOLDM,ATM call,h60,697,13,0.76940215,0.0019792647,1.6909026746720146,0.75,0.0018790237,-0.006262714578957073,130.33267225049318,-72.49185099301707,27185.0,eia_day,holdout
GOLDM,ATM put,h60,690,13,0.8215785,0.001940359,1.2109567698296753,0.75,0.0030168188,-0.005197659248612934,-4.941949374433877,-194.10656908628368,24915.0,eia_day,holdout
GOLDM,ITM1 call,h60,633,13,0.7609226,0.0010811053,1.0317606568814415,0.5,0.0013308224,-0.006964462999969085,121.62007939005727,-102.17244039422503,29350.0,eia_day,holdout
GOLDM,ITM1 put,h60,673,13,0.8317569,0.002008877,1.284594630922278,0.5,0.000659074,-0.007717478292265438,-55.72153893480684,-268.8035771603356,27025.0,eia_day,holdout
GOLDM,ITM2-3 call,h60,953,13,0.75837594,-0.0034429955,-1.777636060880546,0.0,-0.0045788633,-0.012518491553365242,-61.90618236817944,-302.84302420335183,32200.0,eia_day,holdout
GOLDM,ITM2-3 put,h60,1019,13,0.85723835,-0.0030482996,-1.2356226470333858,0.0,-0.002736859,-0.010693141831689679,-161.6599981216266,-395.8627407777391,30675.0,eia_day,holdout
GOLDM,OTM1 call,h60,694,13,0.77504635,0.0025830038,1.5385682103519078,0.75,0.0023252352,-0.006522763570148691,130.7187021568804,-65.62849362796958,24765.0,eia_day,holdout
GOLDM,OTM1 put,h60,670,13,0.81660897,0.0027159837,1.6300364944010801,0.75,0.0042704795,-0.004680734349915928,8.708274727437034,-172.355945611218,22685.0,eia_day,holdout
GOLDM,OTM2-3 call,h60,1322,13,0.7719987,0.0059679314,2.3022939658768613,1.0,0.006417104,-0.0033209163978564532,192.43315057566957,13.26459751509172,21202.5,eia_day,holdout
GOLDM,OTM2-3 put,h60,1255,13,0.8145509,0.006063514,3.209769543124389,1.0,0.006787241,-0.0030770413167042652,12.267682444051918,-149.67011340625191,19355.0,eia_day,holdout
GOLDM,all,h60,8606,13,0.7968299,0.0020310187,1.572554167659515,0.5,0.0022078864,-0.006541381263322901,31.319382064929265,-168.87737653679423,24665.0,eia_day,holdout
GOLDM,ATM call,h60,686,13,0.7907795,0.0011166186,0.36369890514751163,0.5,-0.002234256,-0.010521277868960267,35.418602412365615,-161.35088757618087,24785.0,ngs_day,holdout
GOLDM,ATM put,h60,686,13,0.8352762,0.00051889,0.21737450428197497,0.75,0.0015561689,-0.006836543702155402,-30.844057489067055,-215.91216558858855,23865.0,ngs_day,holdout
GOLDM,ITM1 call,h60,630,13,0.79061264,0.0017755253,0.663250229738479,0.75,-0.0028386358,-0.011220909551972205,5.2553604368179565,-215.28471099714827,26782.5,ngs_day,holdout
GOLDM,ITM1 put,h60,641,13,0.8484698,0.00084598566,0.3588894673056971,0.75,0.00062222115,-0.007843699250747523,-51.86495252778861,-260.97360238187287,26250.0,ngs_day,holdout
GOLDM,ITM2-3 call,h60,960,13,0.8051581,-0.0040121237,-2.2773488846191063,0.0,-0.009263143,-0.01730557179505606,-175.1206169128418,-413.46221168064125,30005.0,ngs_day,holdout
GOLDM,ITM2-3 put,h60,1042,13,0.882712,-0.0022788048,-1.5318909313799522,0.25,-0.005294063,-0.013353213722684054,-213.61998691668666,-441.1409311488986,29707.5,ngs_day,holdout
GOLDM,OTM1 call,h60,689,13,0.79182845,0.0006840829,0.22901470467341667,0.5,-0.003305172,-0.012402882279771448,17.094551163937773,-175.24770176141297,22405.0,ngs_day,holdout
GOLDM,OTM1 put,h60,677,13,0.8289306,0.0004816014,0.15520889172345653,0.5,0.0010492045,-0.008158223406276225,-51.28118382599012,-230.7491718629191,21600.0,ngs_day,holdout
GOLDM,OTM2-3 call,h60,1324,13,0.7999111,0.004323259,1.2907507960894748,0.5,-0.0009597702,-0.011221637365389298,60.30959668116267,-115.0005680395904,19277.5,ngs_day,holdout
GOLDM,OTM2-3 put,h60,1229,13,0.8291622,0.0070131114,1.1919392520536858,0.75,0.0073516015,-0.003021787000878962,6.1186096588705885,-154.1562314709498,18205.0,ngs_day,holdout
GOLDM,all,h60,8564,13,0.8204967,0.001365851,0.48722524879851975,0.75,-0.0011754162,-0.010178862060977909,-41.2276712637647,-237.8549849864092,23950.0,ngs_day,holdout
GOLDM,all,h60,20432,32,0.75781935,-0.0026413691,-3.662554226868388,0.0,-0.002410451,-0.011239793860049226,-55.73741531969517,-253.25231848702632,23847.5,none,holdout
GOLDM,ATM call,h240,207,13,0.88550514,0.0095111355,0.9700407176232226,0.5,0.049378127,0.04227955016968992,1253.5591899484828,1076.9047712140045,27410.0,eia_in,holdout
GOLDM,ATM put,h240,207,13,0.9483726,0.012459589,0.7695399150121698,0.5,0.0020680497,-0.004996551349362034,-358.7728660694067,-519.9394744470619,24845.0,eia_in,holdout
GOLDM,ITM1 call,h240,190,13,0.88036233,0.0033201976,0.3843265144844206,0.5,0.047276556,0.0401016854016655,1337.3891023334704,1141.1487979456638,29760.0,eia_in,holdout
GOLDM,ITM1 put,h240,203,13,0.9482393,0.008647563,0.552439883443201,0.5,-0.0026293974,-0.00974889160886512,-444.2825031750308,-625.296085621497,27110.0,eia_in,holdout
GOLDM,ITM2-3 call,h240,294,13,0.8664266,-0.010925476,-1.2733636998515543,0.0,0.026368713,0.019499743653957086,999.2057872953869,791.443507729366,32152.5,eia_in,holdout
GOLDM,ITM2-3 put,h240,329,13,0.9531459,-0.0046892413,-0.2975531095185542,0.5,0.0013781145,-0.005417201559184911,-318.8834128336341,-518.9893516425398,30500.0,eia_in,holdout
GOLDM,OTM1 call,h240,207,13,0.88715655,0.012951153,1.1590986239808025,0.5,0.056026477,0.04828541669955949,1254.325167890908,1081.8787765782643,24870.0,eia_in,holdout
GOLDM,OTM1 put,h240,203,13,0.93937874,0.013377132,0.7994590586457868,0.5,0.0030243783,-0.004681606008226696,-335.5614963775785,-490.9693356478049,22595.0,eia_in,holdout
GOLDM,OTM2-3 call,h240,394,13,0.8920021,0.035947993,2.260481366069352,0.75,0.08429397,0.07561715968296924,1374.7463880819719,1216.5347646063653,21772.5,eia_in,holdout
GOLDM,OTM2-3 put,h240,388,13,0.9338365,0.023209171,1.267581416160678,0.5,0.014687219,0.006097364163341027,-251.38092591590487,-392.4773747609095,19360.0,eia_in,holdout
GOLDM,all,h240,2622,13,0.91233784,0.011725591,1.0317724012911427,0.5,0.029910695,0.022315863750732738,447.6086241884326,273.9998034722268,24967.5,eia_in,holdout
GOLDM,ATM call,h240,201,13,0.8513195,-0.013756687,-1.4719568718090696,0.25,0.004485543,-0.002646233019464716,430.6192183613184,259.0886357725286,24905.0,ngs_in,holdout
GOLDM,ATM put,h240,199,13,0.8970399,-0.012056166,-1.1282545476121708,0.25,-0.046258286,-0.05340378293152938,-968.0975127100345,-1125.2339387410827,23980.0,ngs_in,holdout
GOLDM,ITM1 call,h240,191,13,0.8400951,-0.017024016,-2.2224010820014466,0.25,0.0013205019,-0.005846997864023015,281.98718964741494,90.17105472566534,27130.0,ngs_in,holdout
GOLDM,ITM1 put,h240,200,13,0.90822375,-0.008701145,-1.1175217503074784,0.25,-0.03975954,-0.04694000981650092,-965.928173828125,-1144.0200674365155,26462.5,ngs_in,holdout
GOLDM,ITM2-3 call,h240,305,13,0.8403058,-0.026262766,-2.266101067430982,0.0,-0.005849047,-0.012690825031193766,85.83151895491804,-119.21473402426001,29880.0,ngs_in,holdout
GOLDM,ITM2-3 put,h240,342,13,0.90268606,-0.01214442,-2.0668186339082726,0.0,-0.04972285,-0.056501058915332684,-1391.3250304104988,-1584.8994508622714,29977.5,ngs_in,holdout
GOLDM,OTM1 call,h240,206,13,0.8529048,-0.0156558,-1.3758641404366494,0.25,0.0034490696,-0.004385248981958077,458.312241637591,289.84792575355675,22507.5,ngs_in,holdout
GOLDM,OTM1 put,h240,203,13,0.8948341,-0.011956387,-0.8822513750647436,0.25,-0.04675519,-0.05459076963416883,-830.7824767164409,-983.569049721683,21740.0,ngs_in,holdout
GOLDM,OTM2-3 call,h240,401,13,0.85652703,-0.011431588,-0.7650463966440059,0.25,0.005299927,-0.0036133785030821137,498.66903138576896,344.7599019447996,19770.0,ngs_in,holdout
GOLDM,OTM2-3 put,h240,373,13,0.8800014,-0.010416606,-0.5783888621086364,0.5,-0.04880832,-0.05769726482258804,-687.7082374715933,-825.7424021154063,18565.0,ngs_in,holdout
GOLDM,all,h240,2621,13,0.8710575,-0.013903596,-1.3319219576057706,0.25,-0.0227599,-0.030451514713374327,-315.0946138069767,-485.1320968422912,24255.0,ngs_in,holdout
GOLDM,ATM call,h240,47,3,1.3600277,-0.023973325,-5.516090205939601,0.0,0.1295102,0.12196487004270254,3683.5106382978724,3461.912400858956,28740.0,cpi_in,holdout
GOLDM,ATM put,h240,47,3,1.3619156,-0.031085141,-4.048135751860719,0.0,-0.20396838,-0.21069579933366192,-5958.085106382979,-6154.961574789955,28215.0,cpi_in,holdout
GOLDM,ITM1 call,h240,40,3,1.3539679,-0.08623566,-1.8146520267396935,0.0,0.056439184,0.04881421399218198,1843.2676391601562,1600.3683538549735,31402.5,cpi_in,holdout
GOLDM,ITM1 put,h240,40,3,1.3735982,-0.027371462,-22.666407850555608,0.0,-0.19473204,-0.2016472032679733,-6288.125,-6509.935392529793,31050.0,cpi_in,holdout
GOLDM,ITM2-3 call,h240,51,3,1.3539006,-0.112149864,-2.6149059061235107,0.0,0.01703798,0.009750479826889797,603.0927351409314,342.78384546829716,35825.0,cpi_in,holdout
GOLDM,ITM2-3 put,h240,51,3,1.3757101,-0.022837196,-10.143459998056546,0.0,-0.1955874,-0.20237678831013542,-6965.545821844363,-7209.944226296024,35990.0,cpi_in,holdout
GOLDM,OTM1 call,h240,45,3,1.3578364,-0.031314675,-6.562072911234234,0.0,0.12910031,0.12101569581052768,3361.0,3141.836209515924,26700.0,cpi_in,holdout
GOLDM,OTM1 put,h240,44,3,1.3570532,0.031584013,0.5757959096693754,0.3333333333333333,-0.1364454,-0.14380036915364583,-3821.490644975142,-4019.8614386762288,25890.0,cpi_in,holdout
GOLDM,OTM2-3 call,h240,83,3,1.3607833,-0.041382384,-4.477299083463699,0.0,0.1264843,0.1179909339629816,2861.532114787274,2659.8615183571364,23110.0,cpi_in,holdout
GOLDM,OTM2-3 put,h240,81,3,1.3574765,0.07514692,1.9348095999896908,0.6666666666666666,-0.11025618,-0.11806502745733286,-2632.296127507716,-2817.436932592649,22965.0,cpi_in,holdout
GOLDM,all,h240,529,3,1.3609972,-0.021519233,-4.030906749008784,0.0,-0.0316898,-0.03924223935114449,-1137.6064480815808,-1353.7170728428425,28585.0,cpi_in,holdout
GOLDM,ATM call,h240,56,1,0.48821008,0.008039288,9981642924168112.0,1.0,0.041602943,0.03400965281676075,1120.0,914.6060607453429,27037.5,fomc_day,holdout
GOLDM,ATM put,h240,55,1,0.4889811,0.011844632,1.0729659950567072e+16,1.0,-0.02310598,-0.030481816601754686,-625.1818181818181,-825.9057376436336,27340.0,fomc_day,holdout
GOLDM,ITM1 call,h240,49,1,0.4943383,0.006936339,1.959278218838016e+16,1.0,0.032715786,0.025013308165456896,962.0408163265306,734.4904233671384,29610.0,fomc_day,holdout
GOLDM,ITM1 put,h240,48,1,0.4959783,0.009564959,,1.0,-0.017574906,-0.025093350245826485,-519.8958333333334,-743.7183109009796,29822.5,fomc_day,holdout
GOLDM,ITM2-3 call,h240,75,1,0.4979544,0.006809431,4.9067123719973544e+16,1.0,0.029316628,0.02189303438484463,957.6778971354166,710.0985451241158,33145.0,fomc_day,holdout
GOLDM,ITM2-3 put,h240,57,1,0.49862716,0.006649589,,1.0,-0.017898584,-0.02513521124138016,-590.2075623629386,-834.5507322694704,33555.0,fomc_day,holdout
GOLDM,OTM1 call,h240,49,1,0.49431866,0.007346721,1.4822836604015178e+16,1.0,0.03506131,0.027001692957772855,858.5714285714286,659.820534098061,24670.0,fomc_day,holdout
GOLDM,OTM1 put,h240,53,1,0.48980752,0.011513645,1.1347408092380656e+16,1.0,-0.022532862,-0.030356749320675006,-555.0,-748.839314146984,24860.0,fomc_day,holdout
GOLDM,OTM2-3 call,h240,93,1,0.49019063,0.0069966023,3.948356147190169e+16,1.0,0.03916993,0.030599709838449268,830.6058887768817,647.8111456726984,21295.0,fomc_day,holdout
GOLDM,OTM2-3 put,h240,93,1,0.48707098,0.013937619,5.337196640382859e+16,1.0,-0.02068549,-0.028975916421672722,-445.47947381132394,-623.5375615015839,21550.0,fomc_day,holdout
GOLDM,all,h240,628,1,0.4921884,0.009088348,7344061562991763.0,1.0,0.0083435625,0.0005153988849519167,218.43275130934018,10.625542431464114,26567.5,fomc_day,holdout
GOLDM,ATM call,h240,93,2,0.66248643,-0.015663896,-3.8641924468333846,0.0,0.07392369,0.06632911925270325,1834.9908644153227,1626.3921393633107,23190.0,fomc_next,holdout
GOLDM,ATM put,h240,96,2,0.7332621,-0.009118011,-1.9539858654380606,0.0,-0.10229677,-0.10963431417360266,-2410.4650243123374,-2587.7451008398425,23897.5,fomc_next,holdout
GOLDM,ITM1 call,h240,90,2,0.6625919,-0.01686405,-2.0412991821595807,0.0,0.07309733,0.06523496424067637,2107.311957465278,1866.6675461766536,25865.0,fomc_next,holdout
GOLDM,ITM1 put,h240,94,2,0.74710155,-0.0077487775,-1.7189873961105053,0.0,-0.100745544,-0.10828945598759626,-2636.732489403258,-2837.589436793164,26512.5,fomc_next,holdout
GOLDM,ITM2-3 call,h240,124,2,0.6568306,-0.02857589,-3.962869287394788,0.0,0.056021947,0.04827774830540625,1730.3649114793348,1475.5396407659869,29960.0,fomc_next,holdout
GOLDM,ITM2-3 put,h240,149,2,0.7529095,-0.0071825334,-1.477816436964991,0.5,-0.09557601,-0.10296035512611075,-2857.6319014786072,-3081.9824074852695,30350.0,fomc_next,holdout
GOLDM,OTM1 call,h240,100,2,0.66614085,-0.014344147,-2.8160462309375487,0.0,0.07593626,0.06781546624556148,1808.95,1600.1167731618957,21125.0,fomc_next,holdout
GOLDM,OTM1 put,h240,92,2,0.7347497,-0.0068675177,-2.3787274182386833,0.0,-0.109716974,-0.11762662420698859,-2333.6756167204485,-2505.486212239848,21115.0,fomc_next,holdout
GOLDM,OTM2-3 call,h240,198,2,0.67159444,-0.018026931,-3.798855886073746,0.0,0.07528585,0.06663416345541275,1556.794310290404,1361.0314070307427,19000.0,fomc_next,holdout
GOLDM,OTM2-3 put,h240,166,2,0.709659,-0.0057253563,-1.1748865012292766,0.5,-0.11019936,-0.11866192341773989,-1978.8395966679218,-2135.4230295099587,18192.5,fomc_next,holdout
GOLDM,all,h240,1202,2,0.6965866,-0.013126288,-2.454061234741363,0.0,-0.015821835,-0.02376324292921602,-319.644284875143,-522.1629870210159,25505.0,fomc_next,holdout
GOLDM,ATM call,h240,141,3,0.59240305,-0.006080184,-1.260860444358529,0.3333333333333333,-0.007043813,-0.014102269582987149,-240.11524822695034,-488.38193003843975,35015.0,opec_mon,holdout
GOLDM,ATM put,h240,152,3,0.75520545,-0.012634721,-3.4994643359347863,0.0,-0.005582619,-0.01300607798865789,-237.23684210526315,-439.4946674766354,24372.5,opec_mon,holdout
GOLDM,ITM1 call,h240,103,3,0.6319477,-0.0047448245,-3.6727540914421333,0.0,-0.0052389265,-0.012516582304149667,-206.23132205703882,-482.450688669137,37795.0,opec_mon,holdout
GOLDM,ITM1 put,h240,146,3,0.7764373,-0.0126986895,-2.987992895697109,0.0,-0.0077977376,-0.015439005072516542,-306.9408678028681,-533.450771405459,26242.5,opec_mon,holdout
GOLDM,ITM2-3 call,h240,142,3,0.5908102,-0.0073279245,-1.3311583150733661,0.3333333333333333,-0.007139159,-0.014226331104748089,-290.40389799735914,-587.2325066028361,41335.0,opec_mon,holdout
GOLDM,ITM2-3 put,h240,257,3,0.81923014,-0.014940854,-4.154295196059808,0.0,-0.008967683,-0.01646277204072429,-365.01997773285507,-604.8170506067001,29735.0,opec_mon,holdout
GOLDM,OTM1 call,h240,146,3,0.6237367,-0.008895506,-2.1932887506207006,0.0,-0.014575896,-0.022060201059465802,-470.3767123287671,-715.3081136616644,32600.0,opec_mon,holdout
GOLDM,OTM1 put,h240,125,3,0.7435663,-0.015274623,-2.4930874674247914,0.0,-0.014163042,-0.021896740333538414,-434.72,-635.2896127397556,22555.0,opec_mon,holdout
GOLDM,OTM2-3 call,h240,306,3,0.61426514,-0.0054963375,-1.2294939032498122,0.3333333333333333,-0.011756632,-0.0195772507784704,-335.06995506535947,-561.4080442656416,28902.5,opec_mon,holdout
GOLDM,OTM2-3 put,h240,237,3,0.7249642,-0.015323347,-2.9156884594114674,0.0,-0.011084164,-0.019310651850125007,-300.2867673720992,-483.11601608910314,19745.0,opec_mon,holdout
GOLDM,all,h240,1755,3,0.67805266,-0.010554107,-2.923971724991974,0.0,-0.009664506,-0.01725633227224973,-323.49475827991455,-553.9611490820442,30235.0,opec_mon,holdout
GOLDM,ATM call,h240,697,13,0.7877509,0.003992709,0.7518051996959467,0.75,0.008724256,0.0008839659627982853,361.6236078379999,166.35429874421337,27185.0,eia_day,holdout
GOLDM,ATM put,h240,690,13,0.84100586,0.0045031006,0.8049679211265481,0.75,0.013891974,0.0059533167333483345,74.62191197492075,-107.47064781802473,24915.0,eia_day,holdout
GOLDM,ITM1 call,h240,633,13,0.7772198,0.002223411,0.46708709923134895,0.5,0.0105217965,0.0025275351064696716,449.84550873815164,233.93965290700186,29350.0,eia_day,holdout
GOLDM,ITM1 put,h240,673,13,0.844319,0.0003897035,0.06421525509567805,0.5,0.0027384963,-0.00531939286237874,-164.96708998885586,-369.4232643348292,27025.0,eia_day,holdout
GOLDM,ITM2-3 call,h240,953,13,0.77121097,-0.0067077237,-1.237373485431385,0.0,-0.0036506453,-0.011289689812988949,97.65340638936254,-134.56783508313507,32200.0,eia_day,holdout
GOLDM,ITM2-3 put,h240,1019,13,0.8653093,-0.008523833,-1.2086585181018796,0.0,0.0048409584,-0.0028267359956534407,-111.21376943541462,-336.43294294915273,30675.0,eia_day,holdout
GOLDM,OTM1 call,h240,694,13,0.7935922,0.007302057,1.1320416606565178,0.75,0.012020455,0.003478966132166519,422.8092376093356,233.28254733870565,24765.0,eia_day,holdout
GOLDM,OTM1 put,h240,670,13,0.8317313,0.004606014,0.8318653854239967,0.75,0.014349331,0.0056952516866051765,18.78677778101679,-155.46677166608077,22685.0,eia_day,holdout
GOLDM,OTM2-3 call,h240,1322,13,0.7878899,0.014555787,1.9654347927199374,0.75,0.023990678,0.0145552244483381,542.5701982783838,369.21332449514114,21202.5,eia_day,holdout
GOLDM,OTM2-3 put,h240,1255,13,0.8245058,0.013000115,1.9200407851296744,0.75,0.025038842,0.015427386215726393,44.535421546236925,-112.25098146760801,19355.0,eia_day,holdout
GOLDM,all,h240,8606,13,0.81101537,0.004205561,0.9428196022227593,0.75,0.012400546,0.0039435243230228284,178.5026147812709,-14.507528352175985,24665.0,eia_day,holdout
GOLDM,ATM call,h240,686,13,0.7712114,-0.004363217,-0.6775062027716293,0.25,-0.016300846,-0.024235444701333035,-36.64514124567238,-225.5094455261159,24785.0,ngs_day,holdout
GOLDM,ATM put,h240,686,13,0.8158983,-0.0025805985,-0.44979321587639537,0.75,-0.0052668015,-0.013341825494214631,-300.0346138734512,-477.4174642948449,23865.0,ngs_day,holdout
GOLDM,ITM1 call,h240,630,13,0.76859295,-0.0048436923,-0.8741019284444294,0.25,-0.015378988,-0.023386272586778983,-93.19715324280754,-304.3446279038704,26782.5,ngs_day,holdout
GOLDM,ITM1 put,h240,641,13,0.8281627,-0.0033926596,-0.7305386364421653,0.5,-0.0069805076,-0.015100281115989182,-342.5366020500195,-542.5657027242407,26250.0,ngs_day,holdout
GOLDM,ITM2-3 call,h240,960,13,0.7709109,-0.011016895,-2.065598336759106,0.0,-0.02046961,-0.02817697348168929,-349.5732231140137,-578.6223150767447,30005.0,ngs_day,holdout
GOLDM,ITM2-3 put,h240,1042,13,0.84522736,-0.007689404,-1.9732603698455675,0.25,-0.016574003,-0.02430026704651108,-601.7311093262656,-819.603203565216,29707.5,ngs_day,holdout
GOLDM,OTM1 call,h240,689,13,0.77370214,-0.0053974576,-0.7138802251484905,0.25,-0.016355498,-0.02507898055589984,64.98644293133164,-119.95136370904218,22405.0,ngs_day,holdout
GOLDM,OTM1 put,h240,677,13,0.8102348,-0.0025404615,-0.3641172752980057,0.75,-0.004530773,-0.013400469751423944,-259.64808589422546,-431.72884259172866,21600.0,ngs_day,holdout
GOLDM,OTM2-3 call,h240,1324,13,0.7786007,-0.0010214889,-0.1133373866148943,0.5,-0.016999966,-0.02687327526233085,112.94216271253511,-56.00379300027506,19277.5,ngs_day,holdout
GOLDM,OTM2-3 put,h240,1229,13,0.8041931,0.00085092115,0.0884129757846986,0.75,-0.002574064,-0.01259654249005009,-252.95560124446163,-406.92224857260817,18205.0,ngs_day,holdout
GOLDM,all,h240,8564,13,0.795967,-0.0040079,-0.6608364102091706,0.75,-0.012364241,-0.02101521658995544,-206.00066511500722,-394.72406973490376,23950.0,ngs_day,holdout
GOLDM,all,h240,20432,32,0.75864077,-0.012099871,-4.605392883703553,0.0,-0.012744987,-0.021224649070598102,-244.75805148540667,-434.1164343911977,23847.5,none,holdout
GOLDM,ATM call,eod,540,13,0.82101834,0.010244382,0.6700321971095106,0.75,0.050227605,0.04243963369872941,1388.9914369936344,1194.6583322151546,27362.5,eia_in,holdout
GOLDM,ATM put,eod,529,13,0.87056154,0.004742929,0.2694004346267223,0.75,0.052349098,0.044470641635643085,383.5383579996899,203.68167229572362,24910.0,eia_in,holdout
GOLDM,ITM1 call,eod,477,13,0.812783,0.010157136,0.5772241691673826,0.75,0.060593724,0.05258491609458345,1840.9250370561451,1625.495181480029,29335.0,eia_in,holdout
GOLDM,ITM1 put,eod,512,13,0.87958926,0.0050319154,0.28120802043300036,0.75,0.02243381,0.014473125902963596,-125.14405965805054,-325.92896906442115,26985.0,eia_in,holdout
GOLDM,ITM2-3 call,eod,704,13,0.81010604,-0.0025885254,-0.17329271572617072,0.5,0.022741653,0.015127457696094642,1128.798604445024,898.3155984034519,32285.0,eia_in,holdout
GOLDM,ITM2-3 put,eod,761,13,0.9020088,-0.0041475166,-0.24133826268043387,0.5,0.042536773,0.03488144184384186,458.66522529592027,235.20940929389502,30395.0,eia_in,holdout
GOLDM,OTM1 call,eod,532,13,0.8277228,0.013757405,0.9053992722523286,0.75,0.066238806,0.057707866192639706,1701.761229665656,1512.694237730622,24870.0,eia_in,holdout
GOLDM,OTM1 put,eod,508,13,0.8606197,0.00015479373,0.006671189884779205,0.75,0.047581866,0.03898625612971894,148.21721715251292,-23.53570054676411,22687.5,eia_in,holdout
GOLDM,OTM2-3 call,eod,1009,13,0.8245318,0.029329011,1.8358871061319957,0.75,0.09426511,0.08479943670826841,1777.7176046229686,1604.4188364888914,21350.0,eia_in,holdout
GOLDM,OTM2-3 put,eod,941,13,0.8565761,0.010405656,0.5565533978739082,0.75,0.081122056,0.07151927341831991,230.47650068649958,76.03989310910521,19230.0,eia_in,holdout
GOLDM,all,eod,6513,13,0.8452251,0.008792562,0.6892389621572327,0.75,0.05749201,0.0490554268964963,906.17839339397,714.8728019687071,24640.0,eia_in,holdout
GOLDM,ATM call,eod,519,13,0.7928463,-0.017468976,-1.0649725043307245,0.25,-0.030910918,-0.0386714604279283,40.836468588180395,-145.24087327767162,24845.0,ngs_in,holdout
GOLDM,ATM put,eod,517,13,0.8367178,-0.012313718,-0.8685805933826106,0.5,-0.034663975,-0.04251345866229634,-1005.6630424927466,-1178.5420237702322,23900.0,ngs_in,holdout
GOLDM,ITM1 call,eod,471,13,0.7899261,-0.01857549,-1.3202112902096388,0.25,-0.026036127,-0.03390623688585589,-18.517268154524945,-227.18831350955307,26875.0,ngs_in,holdout
GOLDM,ITM1 put,eod,482,13,0.84196585,-0.013662162,-1.2061998262243063,0.25,-0.04510065,-0.05298514022005639,-1386.7402870526453,-1581.5099588410978,26375.0,ngs_in,holdout
GOLDM,ITM2-3 call,eod,724,13,0.7902117,-0.023332674,-2.185159393502073,0.25,-0.0307042,-0.03824412834556237,-405.05984142998966,-629.7608344154825,30070.0,ngs_in,holdout
GOLDM,ITM2-3 put,eod,782,13,0.85786325,-0.0141510805,-1.6150587949200093,0.25,-0.056461345,-0.06395500107101924,-1819.8959967181506,-2031.2759822063022,29680.0,ngs_in,holdout
GOLDM,OTM1 call,eod,523,13,0.7939387,-0.018873893,-0.9573430100410463,0.25,-0.03147516,-0.0399811452522473,294.24313138593453,111.47419295356481,22500.0,ngs_in,holdout
GOLDM,OTM1 put,eod,515,13,0.8307205,-0.0085566975,-0.4359840479534762,0.5,-0.030925624,-0.03953021539520295,-771.0884500151699,-939.2110576829588,21720.0,ngs_in,holdout
GOLDM,OTM2-3 call,eod,1002,13,0.79656667,-0.018420702,-0.9231482152009787,0.25,-0.037321966,-0.0468957025427728,397.6873919397533,230.34803147072415,19552.5,ngs_in,holdout
GOLDM,OTM2-3 put,eod,922,13,0.82136136,-0.011646876,-0.3892493720810661,0.75,-0.038091935,-0.047793485205435006,-737.6157188829269,-887.9940476731178,18335.0,ngs_in,holdout
GOLDM,all,eod,6457,13,0.814042,-0.01582771,-1.0059956481463617,0.5,-0.03705339,-0.0454674722335846,-529.2096069676229,-714.2169542759527,24000.0,ngs_in,holdout
GOLDM,ATM call,eod,100,3,1.0275016,-0.06019925,-2.34100917875644,0.0,0.033665203,0.026142099388698683,781.121337890625,562.1551529829817,28247.5,cpi_in,holdout
GOLDM,ATM put,eod,100,3,1.0315701,-0.060561147,-2.9489820220552225,0.0,-0.20015232,-0.20708938168375787,-5953.280029296875,-6156.171375888748,28375.0,cpi_in,holdout
GOLDM,ITM1 call,eod,92,3,1.0242335,-0.05416927,-2.187491609276365,0.0,0.03081837,0.02299183324979293,785.1778246008831,538.4362430611742,30690.0,cpi_in,holdout
GOLDM,ITM1 put,eod,86,3,1.0340238,-0.058539968,-3.4071855091315393,0.0,-0.18663955,-0.19384170890692173,-6066.976744186047,-6297.185053402697,31165.0,cpi_in,holdout
GOLDM,ITM2-3 call,eod,129,3,1.0242009,-0.09548159,-2.5364757639728186,0.0,-0.018034589,-0.0255477106854493,-652.9928991036821,-920.4677108927026,35285.0,cpi_in,holdout
GOLDM,ITM2-3 put,eod,107,3,1.0414505,-0.055396482,-3.634560868672622,0.0,-0.19472066,-0.20174608178669703,-7027.990654205608,-7280.824048709287,36100.0,cpi_in,holdout
GOLDM,OTM1 call,eod,97,3,1.0285704,-0.07206395,-2.573492067251008,0.0,0.025252411,0.01720561521851248,463.659793814433,248.09634654958356,26185.0,cpi_in,holdout
GOLDM,OTM1 put,eod,95,3,1.0290304,-0.06288966,-3.49318413973869,0.0,-0.20162627,-0.209050921425738,-5539.2828176398025,-5739.212301351379,25950.0,cpi_in,holdout
GOLDM,OTM2-3 call,eod,176,3,1.0304589,-0.08704717,-2.878911136089847,0.0,0.01452808,0.006073221262026807,106.93181818181819,-91.28167873089097,23155.0,cpi_in,holdout
GOLDM,OTM2-3 put,eod,178,3,1.0249128,0.036365647,0.6415181055617012,0.3333333333333333,-0.11186331,-0.11996056039853789,-2890.947594803371,-3081.2061819686605,22765.0,cpi_in,holdout
GOLDM,all,eod,1160,3,1.0292434,-0.05357805,-2.5111940216023845,0.0,-0.075073905,-0.0827649462363726,-2396.5483903556033,-2616.286214912727,28592.5,cpi_in,holdout
GOLDM,ATM call,eod,56,1,0.5040607,0.023257554,1.5641577111164246e+16,1.0,0.09257974,0.08528090632207776,2495.4464285714284,2297.9865078716425,27037.5,fomc_day,holdout
GOLDM,ATM put,eod,55,1,0.50399286,0.033997267,1.7964914625391276e+16,1.0,-0.038270026,-0.045218761544528314,-1038.090909090909,-1227.2574556393938,27340.0,fomc_day,holdout
GOLDM,ITM1 call,eod,49,1,0.5048014,0.020492919,1.929516215501674e+16,1.0,0.08211618,0.07469987734258177,2416.122448979592,2197.0063039068486,29610.0,fomc_day,holdout
GOLDM,ITM1 put,eod,48,1,0.50469536,0.030094229,2.602221262864384e+16,1.0,-0.033350307,-0.04043061531920117,-991.4583333333334,-1202.3177644185018,29822.5,fomc_day,holdout
GOLDM,ITM2-3 call,eod,75,1,0.50582176,0.015622879,8.443103650670182e+16,1.0,0.07138101,0.06423049865912421,2348.890657552083,2110.277486423704,33145.0,fomc_day,holdout
GOLDM,ITM2-3 put,eod,57,1,0.505746,0.021927448,4.503111455683379e+16,1.0,-0.034749433,-0.04158679965847074,-1159.9042711759869,-1391.0029115866548,33555.0,fomc_day,holdout
GOLDM,OTM1 call,eod,49,1,0.5032697,0.021194965,3.741782334504961e+16,1.0,0.08672575,0.07902073173585958,2127.7551020408164,1937.7091296954268,24670.0,fomc_day,holdout
GOLDM,OTM1 put,eod,53,1,0.5030369,0.035816032,1.3678330121289728e+16,1.0,-0.035963785,-0.04339833068912552,-887.1698113207547,-1071.4434821543323,24860.0,fomc_day,holdout
GOLDM,OTM2-3 call,eod,93,1,0.50320023,0.016110284,1.5422964872474038e+16,1.0,0.08554459,0.07729461745037483,1817.001008064516,1640.963380951533,21295.0,fomc_day,holdout
GOLDM,OTM2-3 put,eod,93,1,0.5001596,0.035005864,1.3404958465128622e+16,1.0,-0.0380022,-0.04584928689829592,-813.7137201780914,-982.300992757593,21550.0,fomc_day,holdout
GOLDM,all,eod,628,1,0.5036499,0.025052762,1.5855828975157246e+16,1.0,0.024904896,0.01743866753555802,659.3120599248607,461.03603663099364,26567.5,fomc_day,holdout
GOLDM,ATM call,eod,93,2,0.65146965,-0.04109338,-2.919200209514938,0.0,0.12691598,0.11956804279852044,3296.5408686155915,3094.5127328297194,23190.0,fomc_next,holdout
GOLDM,ATM put,eod,96,2,0.7191439,-0.019320475,-1.4785338918266155,0.5,-0.18722413,-0.1940196537378364,-4457.240269978841,-4621.2097676948515,23897.5,fomc_next,holdout
GOLDM,ITM1 call,eod,90,2,0.64817,-0.036664665,-2.173813702381444,0.0,0.12586327,0.11825603595023221,3746.920600043403,3513.9580042994735,25865.0,fomc_next,holdout
GOLDM,ITM1 put,eod,94,2,0.72596395,-0.025680508,-1.4504853273025053,0.5,-0.19167525,-0.19862395346786452,-5043.936170212766,-5228.807813022114,26512.5,fomc_next,holdout
GOLDM,ITM2-3 call,eod,124,2,0.64495194,-0.039967738,-3.250589163322247,0.0,0.119261585,0.11182910234784782,3832.757824313256,3588.850877810303,29960.0,fomc_next,holdout
GOLDM,ITM2-3 put,eod,149,2,0.73449254,-0.02106633,-1.2870937383254388,0.5,-0.18745701,-0.19420620564994043,-5641.753912804111,-5846.606551455722,30350.0,fomc_next,holdout
GOLDM,OTM1 call,eod,100,2,0.6533915,-0.04483792,-2.831853791217707,0.0,0.12710676,0.11925793207072707,3123.65,2921.6190176348423,21125.0,fomc_next,holdout
GOLDM,OTM1 put,eod,92,2,0.71411026,-0.007558082,-1.82991670210286,0.0,-0.18991004,-0.19725606559383677,-4085.118992017663,-4244.532484209665,21115.0,fomc_next,holdout
GOLDM,OTM2-3 call,eod,198,2,0.65589046,-0.05294956,-3.404296497574727,0.0,0.12472673,0.11641116832924425,2694.3297784978695,2506.4783786113767,19000.0,fomc_next,holdout
GOLDM,OTM2-3 put,eod,166,2,0.70013446,-0.0060690306,-2.5572811144363197,0.0,-0.1943762,-0.20223153468085023,-3557.1602805264024,-3702.2879013253605,18192.5,fomc_next,holdout
GOLDM,all,eod,1202,2,0.68227637,-0.03007964,-2.4559168413475563,0.0,-0.03189215,-0.039389660045862994,-619.0187451050008,-810.1973330614435,25505.0,fomc_next,holdout
GOLDM,ATM call,eod,141,3,0.58280003,-0.017365476,-1.438683100695501,0.3333333333333333,-0.037402783,-0.04394514044143193,-1324.1489361702127,-1554.088429585409,35015.0,opec_mon,holdout
GOLDM,ATM put,eod,152,3,0.7316123,-0.03673077,-3.9902563595095275,0.0,-0.003538698,-0.01059412623766928,-285.5921052631579,-477.3981214259339,24372.5,opec_mon,holdout
GOLDM,ITM1 call,eod,103,3,0.5877109,-0.01184914,-1.758170710701198,0.3333333333333333,-0.024751708,-0.03159045924569671,-975.4854368932039,-1234.9246748604196,37795.0,opec_mon,holdout
GOLDM,ITM1 put,eod,146,3,0.735476,-0.03510455,-3.6609684758285574,0.0,-0.007919446,-0.015190664711415664,-418.86986301369865,-633.6938605531225,26242.5,opec_mon,holdout
GOLDM,ITM2-3 call,eod,142,3,0.5784275,-0.0132846525,-1.3020350490898198,0.3333333333333333,-0.024355838,-0.030966035027302868,-1054.532831756162,-1331.0360358358837,41335.0,opec_mon,holdout
GOLDM,ITM2-3 put,eod,257,3,0.79551846,-0.035871238,-4.741265218139806,0.0,-0.00010185135,-0.0072417743784971705,-159.77026082198444,-387.7626045123116,29735.0,opec_mon,holdout
GOLDM,OTM1 call,eod,146,3,0.59557676,-0.021629002,-1.8090887598450265,0.0,-0.044735596,-0.05172135725014508,-1473.0821917808219,-1701.5297865177693,32600.0,opec_mon,holdout
GOLDM,OTM1 put,eod,125,3,0.69951165,-0.036833137,-3.2793719822105234,0.0,-0.021463605,-0.028843203441950797,-727.36,-918.0049131563546,22555.0,opec_mon,holdout
GOLDM,OTM2-3 call,eod,306,3,0.6005362,-0.010159149,-2.412043192012329,0.0,-0.040592983,-0.047883653627387425,-1184.4657070184844,-1395.2981491770286,28902.5,opec_mon,holdout
GOLDM,OTM2-3 put,eod,237,3,0.71402735,-0.04025394,-3.7903313756682815,0.0,-0.0135257775,-0.02136207909857221,-453.3316954278745,-627.2300012639323,19745.0,opec_mon,holdout
GOLDM,all,eod,1755,3,0.6555852,-0.026150156,-4.429363415728843,0.0,-0.02156322,-0.02872277417367468,-774.0317591479701,-990.8024738187377,30235.0,opec_mon,holdout
GOLDM,ATM call,eod,697,13,0.8127084,0.007553475,0.548258005480829,0.75,0.032848764,0.025325604276052082,990.9035479902708,803.8912271071786,27185.0,eia_day,holdout
GOLDM,ATM put,eod,690,13,0.86218345,0.0012146445,0.09566112264598153,0.75,0.04642323,0.03878832184575664,311.1517908953238,137.4638390252796,24915.0,eia_day,holdout
GOLDM,ITM1 call,eod,633,13,0.8036654,0.0070256344,0.4715088666397267,0.75,0.039206676,0.031535827116776424,1286.0464395580323,1078.881801757923,29350.0,eia_day,holdout
GOLDM,ITM1 put,eod,673,13,0.8704772,-2.5771878e-05,-0.0019473547668000732,0.75,0.02126184,0.013571357752082623,-93.20754891518853,-287.1773423862875,27025.0,eia_day,holdout
GOLDM,ITM2-3 call,eod,953,13,0.7994475,-0.0030248829,-0.24803341347394423,0.5,0.007939974,0.0006492520959680882,648.9711855140838,426.97627170123076,32200.0,eia_day,holdout
GOLDM,ITM2-3 put,eod,1019,13,0.8926276,-0.00822868,-0.6447716287901004,0.25,0.036554802,0.029179417951320768,365.97149101159994,150.5955961299313,30675.0,eia_day,holdout
GOLDM,OTM1 call,eod,694,13,0.81868017,0.010342589,0.7481415198950642,0.75,0.044426855,0.036210732063741244,1214.5907280561903,1032.5093690106798,24765.0,eia_day,holdout
GOLDM,OTM1 put,eod,670,13,0.8524166,-0.0018989022,-0.1150166300959059,0.75,0.04381156,0.03548752354618535,121.4650487188083,-44.67124339650392,22685.0,eia_day,holdout
GOLDM,OTM2-3 call,eod,1322,13,0.81578845,0.021376127,1.532093065312877,0.75,0.06395323,0.05483047969062554,1280.0026157511886,1113.1648791379225,21202.5,eia_day,holdout
GOLDM,OTM2-3 put,eod,1255,13,0.8477745,0.008649057,0.6629609223022075,0.75,0.07396435,0.06465589219239287,206.36537905993214,56.60766072443815,19355.0,eia_day,holdout
GOLDM,all,eod,8606,13,0.8362284,0.005145749,0.5383558025735121,0.75,0.04374021,0.035603077202712705,641.825153413773,457.1772851664967,24665.0,eia_day,holdout
GOLDM,ATM call,eod,686,13,0.7833612,-0.015507097,-1.097509239878817,0.25,-0.02624659,-0.033787325942789326,-17.88028105354865,-197.37394769959653,24785.0,ngs_day,holdout
GOLDM,ATM put,eod,686,13,0.8268926,-0.011687062,-0.9560622675155908,0.5,-0.031245278,-0.038857797683716985,-851.8699605958454,-1018.905600017569,23865.0,ngs_day,holdout
GOLDM,ITM1 call,eod,630,13,0.7798884,-0.01572721,-1.2822428071805347,0.25,-0.02253048,-0.030137365582291336,-79.16132269965277,-279.86919669734687,26782.5,ngs_day,holdout
GOLDM,ITM1 put,eod,641,13,0.83240473,-0.012392479,-1.2631928358179016,0.25,-0.03798869,-0.04562474959852037,-1126.690824273596,-1314.5624090596277,26250.0,ngs_day,holdout
GOLDM,ITM2-3 call,eod,960,13,0.7813461,-0.020032102,-2.1440780935728667,0.25,-0.026565768,-0.03385858307527554,-392.4962158203125,-608.9431688430006,30005.0,ngs_day,holdout
GOLDM,ITM2-3 put,eod,1042,13,0.84804493,-0.012265538,-1.5859038107723147,0.25,-0.046976008,-0.05423139579078375,-1475.5039055471,-1679.9489033258035,29707.5,ngs_day,holdout
GOLDM,OTM1 call,eod,689,13,0.7846967,-0.016945163,-1.017642643896575,0.25,-0.027449599,-0.035743422175027746,169.96974994897496,-5.920967927502238,22405.0,ngs_day,holdout
GOLDM,OTM1 put,eod,677,13,0.8212717,-0.0097727645,-0.5851750157150399,0.5,-0.029199025,-0.037570539910686276,-669.8087913704763,-832.0825757006315,21600.0,ngs_day,holdout
GOLDM,OTM2-3 call,eod,1324,13,0.7872506,-0.016648658,-0.9795335867527272,0.25,-0.032253042,-0.04167244214018566,248.9027826591561,87.99942922027584,19277.5,ngs_day,holdout
GOLDM,OTM2-3 put,eod,1229,13,0.81156546,-0.012190831,-0.4938415094140669,0.75,-0.03469416,-0.04418330543191962,-632.1848090399175,-777.6641537013717,18205.0,ngs_day,holdout
GOLDM,all,eod,8564,13,0.80454725,-0.014459968,-1.0866835434548814,0.5,-0.032281548,-0.040473842007368435,-474.86686061554457,-653.3219895467083,23950.0,ngs_day,holdout
GOLDM,all,eod,20432,32,0.7717957,-0.029729197,-4.809069994129499,0.0,-0.03188427,-0.03991737327484809,-578.866882615474,-757.9475575130574,23847.5,none,holdout
SILVERM,ATM call,h60,54,28,1.2509,-0.0014114307,-0.18035072069295935,0.5,0.018974666,0.011415528037359087,277.02376754195603,14.312835570775691,36601.25,eia_in,design
SILVERM,ATM put,h60,45,25,1.3319324,0.010031773,0.7296357498532036,0.36363636363636365,-0.025455687,-0.03313365122075991,-416.6937527126736,-641.3285342180656,31982.5,eia_in,design
SILVERM,ITM1 call,h60,40,20,1.0397497,-0.012425057,-2.2033423726885992,0.1111111111111111,0.0017791152,-0.007058485266025117,523.1602172851562,288.79377192712855,24547.5,eia_in,design
SILVERM,ITM1 put,h60,32,19,1.1414429,0.0007382212,0.0617905418357931,0.36363636363636365,-0.025294526,-0.034147007688485914,-467.9734420776367,-677.9234385961352,23963.75,eia_in,design
SILVERM,ITM2-3 call,h60,75,27,1.1492511,-0.022183135,-3.365896233490212,0.1,-0.0063852333,-0.01464512462281836,-113.97265625,-365.1477396707564,26405.0,eia_in,design
SILVERM,ITM2-3 put,h60,58,25,1.2871647,-0.015397454,-1.3419045661418445,0.3,-0.03425596,-0.04212750978271596,-1023.2861959523168,-1267.752679671772,29315.0,eia_in,design
SILVERM,OTM1 call,h60,48,24,1.0896863,-0.004803399,-0.5744764851206888,0.5454545454545454,0.012625836,0.003331722117097555,511.19237263997394,302.7485745084952,24116.25,eia_in,design
SILVERM,OTM1 put,h60,47,23,1.1131941,0.0016395297,0.2689410240280533,0.5555555555555556,-0.027613044,-0.03673919456134236,-1327.6917023354388,-1544.09169466533,27057.5,eia_in,design
SILVERM,OTM2-3 call,h60,82,29,1.1607736,0.01263379,1.686963567901786,0.45454545454545453,0.037004698,0.027646959650579155,1328.3264383455603,1103.6132127420037,25836.25,eia_in,design
SILVERM,OTM2-3 put,h60,68,25,1.1342407,0.022829164,1.9153754571681845,0.7777777777777778,-0.013870411,-0.02352853055594756,-237.14698342715994,-438.3067587961764,22610.0,eia_in,design
SILVERM,all,h60,549,36,1.1762148,-0.00040092104,-0.08055160619657013,0.4166666666666667,-0.003507191,-0.012187810985277983,-19.684387095856103,-248.62182185684907,26785.0,eia_in,design
SILVERM,ATM call,h60,54,25,1.0654811,-0.0075522596,-0.9077623971481477,0.2727272727272727,-0.013826676,-0.021910862947477218,8.469667787905093,-208.31375248646654,27358.75,ngs_in,design
SILVERM,ATM put,h60,49,25,1.0646105,-0.0073783523,-0.929020997883905,0.5,-0.005336209,-0.013852504624554755,-615.0421765385842,-803.7587623968653,24000.0,ngs_in,design
SILVERM,ITM1 call,h60,38,24,1.0459518,-0.0010819895,-0.05915943559427187,0.4,-0.032754578,-0.04084658128178109,-859.8942806846217,-1090.810829294527,31260.0,ngs_in,design
SILVERM,ITM1 put,h60,42,25,3.3795564,-0.023627222,-1.412375455927432,0.2,-0.0025656265,-0.011002718542931536,-2941.8318394252233,-3190.6422626481626,28185.0,ngs_in,design
SILVERM,ITM2-3 call,h60,80,24,2.738397,-0.011538765,-1.543832337690035,0.3333333333333333,-0.027855048,-0.03606463356038613,-309.12611389160156,-561.182419188501,27940.0,ngs_in,design
SILVERM,ITM2-3 put,h60,58,24,3.0775476,-0.019346256,-3.6763883163716704,0.2,0.0053258836,-0.0029028513508193915,202.27564318426724,-54.456514906872975,27043.75,ngs_in,design
SILVERM,OTM1 call,h60,48,24,3.273597,0.021383727,1.7832287299345355,0.7,-0.020516029,-0.029117291258801692,1118.504524230957,857.6536127159471,28265.0,ngs_in,design
SILVERM,OTM1 put,h60,30,20,1.0120207,0.00015257111,0.014306151982815367,0.6666666666666666,0.024025852,0.015406472860845752,50.044026692708336,-156.28106592433227,28527.5,ngs_in,design
SILVERM,OTM2-3 call,h60,74,26,1.052968,-9.37202e-05,-0.010429243478610668,0.5,-0.029002206,-0.038118840039846454,-229.5070998733108,-440.9749897358632,28303.75,ngs_in,design
SILVERM,OTM2-3 put,h60,72,23,1.0846972,0.0038506119,0.5063644231234825,0.4444444444444444,0.024447402,0.01476196361756816,-61.628757052951386,-249.134490113553,23446.25,ngs_in,design
SILVERM,all,h60,545,33,2.2114062,-0.0046728426,-1.2232981955847542,0.36363636363636365,-0.009045856,-0.01765715272208626,-303.01281514299023,-528.8713229941345,26735.0,ngs_in,design
SILVERM,ATM call,h60,14,7,1.5698249,-0.035742644,-1.8325139057718538,0.2857142857142857,0.029770782,0.020546205421809766,646.8700299944196,453.33251942382685,12276.25,cpi_in,design
SILVERM,ATM put,h60,11,6,1.5644197,-0.0038296953,-0.345271259630781,0.5,-0.0810292,-0.0899640518334461,-1888.1063010475852,-2075.975482001672,12162.5,cpi_in,design
SILVERM,ITM1 call,h60,3,3,1.8300582,-0.014393668,,0.0,0.02581205,0.017429802469668198,685.0,472.90315768220177,26935.0,cpi_in,design
SILVERM,ITM1 put,h60,9,4,1.9163773,-0.01826854,,0.5,-0.14310494,-0.15069488407928944,-3967.0779079861113,-4198.567379613952,40250.0,cpi_in,design
SILVERM,ITM2-3 call,h60,9,5,1.5424532,-0.08015379,,0.0,0.04650169,0.03808270394560323,437.74115668402777,182.3399172933245,26837.5,cpi_in,design
SILVERM,ITM2-3 put,h60,13,4,1.8776773,-0.004492803,-0.546357381686147,0.5,-0.10311898,-0.11115574093986848,-3293.2808743990386,-3509.586195312155,27750.0,cpi_in,design
SILVERM,OTM1 call,h60,7,2,2.0940938,-0.0241615,,0.0,0.10866932,0.0998488014468084,2692.5,2478.5648280155615,35795.0,cpi_in,design
SILVERM,OTM1 put,h60,9,4,1.926174,0.03761107,,0.5,-0.088055715,-0.09631826389739924,-1730.95458984375,-1920.2339928154502,25860.0,cpi_in,design
SILVERM,OTM2-3 call,h60,13,5,1.7477785,-0.027327769,-3.1394459103476824,0.0,0.076795414,0.06742282628406632,1750.9361853966345,1563.8144538412203,24400.0,cpi_in,design
SILVERM,OTM2-3 put,h60,12,5,1.6122451,0.06357033,1.7820348790927945,1.0,-0.054095957,-0.06357962800179073,-1080.517069498698,-1273.3521531515596,24302.5,cpi_in,design
SILVERM,all,h60,100,7,1.73828,-0.009529601,-0.7774243108062633,0.14285714285714285,-0.022896977,-0.03162584099552592,-711.6979675292969,-917.2382333409483,25383.75,cpi_in,design
SILVERM,ATM call,h60,103,6,0.82852376,0.0033857643,1.3197844823325513,0.6666666666666666,0.020186128,0.009770632510839657,254.17873938106797,44.10926188436414,17770.0,fomc_day,design
SILVERM,ATM put,h60,100,6,0.86618346,-0.0002549382,-0.04532184127237814,0.3333333333333333,-0.01745126,-0.027830383352733135,-300.07177734375,-501.0682917152356,17742.5,fomc_day,design
SILVERM,ITM1 call,h60,86,5,0.7110674,0.004148204,2.064510641240442,0.8,0.018441934,0.007754140985435267,320.6592080759448,110.85544150108767,19803.75,fomc_day,design
SILVERM,ITM1 put,h60,86,5,0.6883218,0.006770286,1.7722159125820918,0.6,-0.0049888436,-0.015365477643969184,-125.64563839934593,-341.10390732703246,20236.25,fomc_day,design
SILVERM,ITM2-3 call,h60,155,4,0.7074044,-0.007405988,-2.008881275759386,0.25,0.007898609,-0.002447549811179408,128.23167370211692,-114.13316003111231,25000.0,fomc_day,design
SILVERM,ITM2-3 put,h60,140,4,0.71538424,-0.0042516934,-1.7580616721802438,0.25,-0.013574915,-0.02418779880176786,-329.3287876674107,-570.7749322112469,24501.25,fomc_day,design
SILVERM,OTM1 call,h60,98,5,0.67315793,0.0029483237,2.587275703115594,0.8,0.014208524,0.0032239516639347003,179.5652739855708,-8.796099156139903,15362.5,fomc_day,design
SILVERM,OTM1 put,h60,85,5,0.71047056,0.0059270845,2.393548639676333,0.6,-0.01424335,-0.025447729596618462,-171.12865492876838,-348.61351548737474,14832.5,fomc_day,design
SILVERM,OTM2-3 call,h60,178,4,0.6830358,0.009183622,21.135132243134887,1.0,0.02926768,0.017029984374889683,332.6711521791608,156.99743873601216,12255.0,fomc_day,design
SILVERM,OTM2-3 put,h60,173,4,0.69876623,0.017219564,4.729224160599547,0.75,-0.0025057916,-0.014624154495419641,-36.45830275695448,-209.05867286944107,11900.0,fomc_day,design
SILVERM,all,h60,1204,6,0.72646695,0.0040909247,2.6719223768959157,0.6666666666666666,0.0047946023,-0.006264660675992738,35.443453867966156,-167.5081780880349,17591.25,fomc_day,design
SILVERM,ATM call,h60,116,5,0.7638013,0.00380776,0.42525893408387266,0.2,-0.028233163,-0.03887618038503613,-290.03802069302264,-512.0978747314688,14726.25,fomc_next,design
SILVERM,ATM put,h60,111,6,0.8880369,0.00866167,1.2353640766171585,0.3333333333333333,0.043601595,0.03281282194211115,444.583399317286,219.13682027946692,15002.5,fomc_next,design
SILVERM,ITM1 call,h60,105,4,0.7719615,0.00088013447,0.10136976234220152,0.25,-0.043808706,-0.05523039720117786,-643.9938616071429,-835.2550526896567,17000.0,fomc_next,design
SILVERM,ITM1 put,h60,99,6,2.578931,-0.004032207,-0.44429450982339963,0.3333333333333333,0.03997666,0.028505552010707046,-460.78357426807133,-671.5781524769965,17465.0,fomc_next,design
SILVERM,ITM2-3 call,h60,158,5,1.9267055,-0.005065787,-0.8038826237042438,0.4,-0.038695406,-0.049028256900708084,-674.1083729418018,-926.8350733689315,22066.25,fomc_next,design
SILVERM,ITM2-3 put,h60,167,6,1.9542279,-0.012280658,-4.011714608807406,0.5,0.033293627,0.02245643417160313,848.1217655021987,589.9002527756486,21970.0,fomc_next,design
SILVERM,OTM1 call,h60,111,6,2.471808,0.010799074,0.9284791643814517,0.5,-0.036284193,-0.048254106566853756,367.27965758727476,174.10040400477595,12237.5,fomc_next,design
SILVERM,OTM1 put,h60,105,4,0.7763133,0.010354582,1.1385424673883724,0.5,0.05891439,0.04635383674091248,576.7618815104166,410.739351320194,12095.0,fomc_next,design
SILVERM,OTM2-3 call,h60,199,6,0.7525605,0.020430144,1.7235210199631907,0.5,-0.037173893,-0.05023636438804776,-91.27415029247801,-306.21597137522474,9427.5,fomc_next,design
SILVERM,OTM2-3 put,h60,186,5,0.73052835,0.022749279,5.93110465491127,1.0,0.07075527,0.05722992293193558,471.984627016129,294.82408026339476,9317.5,fomc_next,design
SILVERM,all,h60,1357,6,1.491674,0.006505526,0.9768681405077125,0.3333333333333333,0.0061090705,-0.005661105120717851,79.99134398244634,-133.26507447734105,15005.0,fomc_next,design
SILVERM,ATM call,h60,168,10,0.87121105,-0.006168394,-2.912430737455187,0.1111111111111111,-0.000684267,-0.009457330723834407,-40.94825381324405,-365.8009887378066,38787.5,opec_mon,design
SILVERM,ATM put,h60,151,10,0.8916691,-0.0014362627,-0.445589403373026,0.4444444444444444,-0.006036662,-0.014885546796748705,-292.2627066302773,-627.0806239125607,38997.5,opec_mon,design
SILVERM,ITM1 call,h60,124,9,0.8836316,-0.007884248,-3.065961767353347,0.125,0.0008778553,-0.00833360717832254,37.837435814642134,-260.25504170430384,38582.5,opec_mon,design
SILVERM,ITM1 put,h60,113,7,0.79650617,-0.0041324645,-3.0756140809148813,0.14285714285714285,-0.0059976485,-0.016082718030495227,-213.3031794455199,-573.0013641139416,40335.0,opec_mon,design
SILVERM,ITM2-3 call,h60,214,10,0.7860565,-0.010127832,-4.001742344339797,0.0,-0.007333236,-0.016886528106976537,-253.18212206118574,-589.2185292714692,33891.25,opec_mon,design
SILVERM,ITM2-3 put,h60,173,9,0.8675323,-0.009345071,-3.3512187611983144,0.25,-0.015601219,-0.024828034643575254,-618.6667663927024,-958.4886188312759,43040.0,opec_mon,design
SILVERM,OTM1 call,h60,149,9,0.82729477,-8.325449e-05,-0.04809132077244833,0.375,0.001352717,-0.008588111450780957,22.104688810822147,-296.56464439708355,35252.5,opec_mon,design
SILVERM,OTM1 put,h60,135,8,0.8684342,-0.0016771454,-0.5773125420745289,0.14285714285714285,-0.014536003,-0.024046494223231733,-524.5391438802084,-820.4426184815004,35175.0,opec_mon,design
SILVERM,OTM2-3 call,h60,262,9,0.83213234,0.0018190263,0.7362717657735108,0.5,0.010132404,0.00012398480341098384,307.32390192628816,-0.9460603143590894,31823.75,opec_mon,design
SILVERM,OTM2-3 put,h60,243,9,0.825032,0.0064527066,1.8295255189092654,0.75,-5.8531517e-05,-0.010253577091876485,-1.4357352551118827,-295.47099516634313,31317.5,opec_mon,design
SILVERM,all,h60,1732,10,0.8431273,-0.0026998043,-2.0603251113410552,0.2222222222222222,-0.0028776184,-0.01246031818986007,-126.43298177741141,-445.7684879300311,34367.5,opec_mon,design
SILVERM,ATM call,h60,599,38,0.91666913,-0.004103381,-2.3518767722231857,0.25,0.003944841,-0.005865154091365749,235.95763344995567,-73.2258784314541,32190.0,eia_day,design
SILVERM,ATM put,h60,537,38,0.92758256,-0.0026985775,-0.8034231198900179,0.5833333333333334,-0.009023233,-0.01888821081980779,-205.80066673804484,-489.2574988788999,27602.5,eia_day,design
SILVERM,ITM1 call,h60,425,33,0.81647664,-0.0062071127,-3.457432093971495,0.18181818181818182,0.00094148185,-0.009595356770515446,131.10188419117648,-167.99009736633676,24675.0,eia_day,design
SILVERM,ITM1 put,h60,392,33,0.94084316,-0.0021294567,-1.0130538571489947,0.18181818181818182,-0.0129896235,-0.023507887690675622,-383.8692380944077,-663.6934762981964,24751.25,eia_day,design
SILVERM,ITM2-3 call,h60,706,33,0.90343374,-0.011101156,-6.040624701515734,0.0,-0.0029470555,-0.013250171091872208,3.9961177836734243,-301.93712741657424,26163.75,eia_day,design
SILVERM,ITM2-3 put,h60,522,32,1.0294163,-0.009021831,-4.001811065935294,0.09090909090909091,-0.015360135,-0.0252713977413689,-486.06922836596027,-806.8454438775926,27738.75,eia_day,design
SILVERM,OTM1 call,h60,484,34,0.89067143,-0.0011728682,-0.6699535870858342,0.36363636363636365,0.0062126075,-0.004715020287007509,185.35826880084582,-73.00854766301792,22863.75,eia_day,design
SILVERM,OTM1 put,h60,406,34,0.8981685,0.0017898574,0.8870293649150631,0.45454545454545453,-0.009152289,-0.019789672662052792,-302.4430974950931,-574.8451115927551,23852.5,eia_day,design
SILVERM,OTM2-3 call,h60,761,32,0.95190334,0.0053659887,4.411414455494401,0.8181818181818182,0.015061625,0.00377743335337494,382.6566588393022,102.64274539486665,24000.0,eia_day,design
SILVERM,OTM2-3 put,h60,738,32,0.8765598,0.010295517,3.919681397523272,0.7272727272727273,-0.004009007,-0.015722922420974315,-165.18227988142309,-419.2702650723564,22778.75,eia_day,design
SILVERM,all,h60,5570,38,0.91857105,-0.0014517092,-1.080496102326343,0.25,-0.0017017245,-0.012305416949641098,-32.06875311750484,-318.22831680101723,25715.0,eia_day,design
SILVERM,ATM call,h60,577,33,0.870179,-0.0015572148,-0.49359496947907355,0.45454545454545453,-0.0059677935,-0.015829667613946927,-34.87131842707431,-320.14637743478403,30505.0,ngs_day,design
SILVERM,ATM put,h60,500,34,0.93630445,-0.0051489626,-1.1918925621065206,0.18181818181818182,0.0026865783,-0.00735008227987048,-81.86385864257812,-343.1002748855626,26356.25,ngs_day,design
SILVERM,ITM1 call,h60,445,28,0.8240634,-0.003212092,-1.0383259659479762,0.45454545454545453,-0.005772466,-0.01626745738060916,6.444920229108146,-273.760179799624,24910.0,ngs_day,design
SILVERM,ITM1 put,h60,409,31,1.4182906,-0.0036389616,-1.22631121037668,0.2727272727272727,0.00045687996,-0.009946182338132943,-398.2006403169888,-684.7582012678344,26875.0,ngs_day,design
SILVERM,ITM2-3 call,h60,748,30,1.170318,-0.008441798,-3.272353069725591,0.09090909090909091,-0.011995826,-0.022224661721584882,-206.0199708989597,-498.49086608085423,25735.0,ngs_day,design
SILVERM,ITM2-3 put,h60,607,31,1.3380133,-0.00831653,-4.533908235327498,0.09090909090909091,0.0002253743,-0.010126499260160099,-115.74706729593544,-389.22945402421396,23790.0,ngs_day,design
SILVERM,OTM1 call,h60,503,31,1.3425298,0.00504678,1.295322276085891,0.6363636363636364,-0.004776916,-0.0154989440789015,134.33280201602884,-145.65890880016394,26347.5,ngs_day,design
SILVERM,OTM1 put,h60,405,28,0.85484815,0.0014171886,0.35319174445454127,0.2,0.004839855,-0.006111156579099386,-177.9256576726466,-411.7779888440257,20475.0,ngs_day,design
SILVERM,OTM2-3 call,h60,817,32,0.84336436,0.0052377335,1.0712990223402226,0.7272727272727273,-0.0029111393,-0.01446124349833349,244.213402513483,-16.929275218128737,22717.5,ngs_day,design
SILVERM,OTM2-3 put,h60,782,30,0.86872494,0.00897595,2.4345804742782367,0.5454545454545454,0.014384727,0.00265830633214605,-21.711594759655732,-260.58919461659923,23176.25,ngs_day,design
SILVERM,all,h60,5793,34,1.0579026,-0.000576972,-0.2341281699351877,0.2727272727272727,-0.00084417016,-0.011547320240831297,-46.151695100009576,-315.0260508587796,24840.0,ngs_day,design
SILVERM,all,h60,16283,102,0.91772866,-0.0025218753,-2.5108424529663904,0.16666666666666666,-0.0018503987,-0.013053876531965191,-81.35278021506652,-338.5090379626481,23750.0,none,design
SILVERM,ATM call,h240,218,36,1.0822337,-0.02631071,-3.5129642911087577,0.16666666666666666,0.016472582,0.007850501973251928,501.42850263403096,231.49732028422537,33483.75,eia_in,design
SILVERM,ATM put,h240,200,35,1.0369543,-0.015251863,-1.1695020626311923,0.25,-0.070551,-0.0790095080336923,-1791.9183975219726,-2027.746907969073,27386.25,eia_in,design
SILVERM,ITM1 call,h240,153,29,0.9775121,-0.030293358,-3.3268045567536526,0.1,0.018915353,0.009818595304758895,851.9454497293709,589.5430905625725,27967.5,eia_in,design
SILVERM,ITM1 put,h240,147,30,1.0585096,-0.0110910935,-1.5287618964395107,0.36363636363636365,-0.058732793,-0.0673734305490307,-1747.111592195472,-1986.2069242236043,26165.0,eia_in,design
SILVERM,ITM2-3 call,h240,257,32,0.9571163,-0.03980339,-7.01818823436399,0.09090909090909091,0.013511302,0.004781489572192704,1143.4089749703612,875.0293991322912,26185.0,eia_in,design
SILVERM,ITM2-3 put,h240,203,29,1.057258,-0.014888003,-1.9259653761913365,0.2727272727272727,-0.057615716,-0.06581695802544707,-1230.7455880301338,-1505.9126530710214,29062.5,eia_in,design
SILVERM,OTM1 call,h240,174,29,1.0106,-0.018523844,-2.549283224348381,0.2727272727272727,0.018710358,0.009384505502020302,451.3512245265917,230.84622486650878,23597.5,eia_in,design
SILVERM,OTM1 put,h240,155,30,1.0052224,-0.007896049,-0.9308723089654559,0.4,-0.06812722,-0.07721734102368359,-1830.5859414377521,-2055.942858109988,26730.0,eia_in,design
SILVERM,OTM2-3 call,h240,271,30,1.0136619,-0.011665107,-1.4321485568012766,0.18181818181818182,0.032761987,0.023025714899724128,539.213940947698,296.4312288905042,25645.0,eia_in,design
SILVERM,OTM2-3 put,h240,261,31,1.0140485,0.003525638,0.36025940888515107,0.6363636363636364,-0.072994396,-0.08274614228260477,-1832.599131850904,-2048.2540518612873,23370.0,eia_in,design
SILVERM,all,h240,2039,37,1.0221995,-0.017160963,-2.967071154542074,0.16666666666666666,-0.020578513,-0.02958151022266562,-426.1512345505322,-672.1129711426254,26700.0,eia_in,design
SILVERM,ATM call,h240,205,32,1.2415757,-0.022564737,-2.162328906848317,0.18181818181818182,-0.008092734,-0.01651998736555549,1196.4715620831746,935.0663457428437,32292.5,ngs_in,design
SILVERM,ATM put,h240,191,32,1.3004459,-0.014011887,-1.421580304116656,0.3,-0.017916143,-0.026626953324015858,-2111.011493143611,-2342.08829322559,27165.0,ngs_in,design
SILVERM,ITM1 call,h240,141,27,0.92230725,-0.027488608,-2.773658516477569,0.2727272727272727,-0.05110529,-0.05962612642717481,-724.2796120068706,-966.114210978925,31180.0,ngs_in,design
SILVERM,ITM1 put,h240,138,30,1.3938057,-0.022133376,-2.591253471719404,0.0,0.0060264235,-0.002774970976161833,-1929.1790461885757,-2184.898452181316,28185.0,ngs_in,design
SILVERM,ITM2-3 call,h240,257,29,1.6734934,-0.022030512,-2.249792886254814,0.2727272727272727,-0.063839674,-0.07228302078742921,-602.2476849388984,-862.0516117191343,26522.5,ngs_in,design
SILVERM,ITM2-3 put,h240,205,29,1.5029168,-0.030698739,-4.010896919149208,0.2,0.012230009,0.0035101744757236055,-625.7247016720655,-869.6793175873505,25820.0,ngs_in,design
SILVERM,OTM1 call,h240,167,30,1.3470738,-0.005914747,-0.5495656383703632,0.45454545454545453,-0.047135912,-0.0561520288952665,397.48075016958273,143.10088127057057,26852.5,ngs_in,design
SILVERM,OTM1 put,h240,126,24,0.90221566,-0.0109876655,-1.4096453622200635,0.3333333333333333,0.019784493,0.010417411798644373,-560.2315315367683,-757.3610429692144,23226.25,ngs_in,design
SILVERM,OTM2-3 call,h240,267,30,1.510433,-0.005058219,-0.4257585695792184,0.45454545454545453,-0.057246752,-0.06674384794454431,-153.92539435111627,-386.52669484875594,25150.0,ngs_in,design
SILVERM,OTM2-3 put,h240,268,29,1.3678141,-0.010256328,-0.9412803812869629,0.2727272727272727,0.03540731,0.0254736704397079,-739.3083521145493,-957.8193042457132,24853.75,ngs_in,design
SILVERM,all,h240,1965,33,1.3830631,-0.016620293,-2.715331325081735,0.18181818181818182,-0.018590031,-0.027571595192287936,-535.7610604866163,-775.9021490582614,26885.0,ngs_in,design
SILVERM,ATM call,h240,50,9,1.1495295,-0.03330107,-2.021642787400412,0.3333333333333333,0.07756498,0.0670499104135713,2644.02783203125,2380.2847641649346,19303.75,cpi_in,design
SILVERM,ATM put,h240,41,7,1.1911,-0.013651894,-0.9759368284583461,0.42857142857142855,-0.1293778,-0.13992211754851253,-2745.5003543016387,-2938.3473944351226,12162.5,cpi_in,design
SILVERM,ITM1 call,h240,21,7,1.1025627,-0.04398438,-2.4311542562056974,0.14285714285714285,0.05337244,0.04314520085671186,1766.6842215401787,1435.4476862522563,27665.0,cpi_in,design
SILVERM,ITM1 put,h240,32,6,1.1941373,-0.027321,-1.0802595299971396,0.3333333333333333,-0.19036129,-0.19934202541513832,-4731.797199249268,-4983.537547011382,27993.75,cpi_in,design
SILVERM,ITM2-3 call,h240,31,6,0.9890748,-0.022973511,-1.026148153049768,0.16666666666666666,0.080561414,0.07080020119039702,1563.323226436492,1260.9447029336282,28297.5,cpi_in,design
SILVERM,ITM2-3 put,h240,34,7,1.1851307,-0.029678779,-1.5603965576204417,0.2857142857142857,-0.18429871,-0.19336518209937498,-4845.302985696231,-5100.356553627269,28493.75,cpi_in,design
SILVERM,OTM1 call,h240,34,5,1.2158711,-0.031364582,-0.850470436293491,0.4,0.12089583,0.11055051801108803,2940.893949620864,2678.788422052451,26518.75,cpi_in,design
SILVERM,OTM1 put,h240,30,6,1.2064694,0.0025494506,0.18404230567950425,0.3333333333333333,-0.17942294,-0.18888415807023157,-3426.0245971679688,-3676.9786656468495,26488.75,cpi_in,design
SILVERM,OTM2-3 call,h240,52,8,1.1068972,-0.037078075,-2.4574168928865445,0.125,0.093020566,0.08197875440248416,2407.152099609375,2141.693110311101,25102.5,cpi_in,design
SILVERM,OTM2-3 put,h240,45,7,1.1130873,0.021900412,0.46453698249291775,0.7142857142857143,-0.123747416,-0.1343165818733688,-2005.7852172851562,-2233.3872760919153,25037.5,cpi_in,design
SILVERM,all,h240,370,9,1.1420012,-0.020747123,-1.488427215848636,0.1111111111111111,-0.032890607,-0.043043175496439844,-483.3440955909523,-739.1204902611512,26460.0,cpi_in,design
SILVERM,ATM call,h240,103,6,0.77334076,0.007791628,0.9744263679215525,0.5,0.06120493,0.05102139526639246,693.7654010069023,490.6793975572943,17770.0,fomc_day,design
SILVERM,ATM put,h240,100,6,0.79121435,0.008524654,0.9635403300480332,0.5,-0.050305236,-0.060275175889371396,-811.7662048339844,-1004.4329729652599,17742.5,fomc_day,design
SILVERM,ITM1 call,h240,86,5,0.697869,0.018012784,3.116319185704251,1.0,0.08142419,0.07094602096179745,1513.2707178869912,1308.7012903085406,19803.75,fomc_day,design
SILVERM,ITM1 put,h240,86,5,0.7332899,0.013629215,1.3684781106573556,0.6,-0.042022865,-0.05189333156061449,-879.8082644440407,-1085.9792208120728,20236.25,fomc_day,design
SILVERM,ITM2-3 call,h240,155,4,0.72220963,-0.013819232,-1.688994052009655,0.25,0.031111926,0.021227278777054437,447.33421276461695,216.30307546948887,25000.0,fomc_day,design
SILVERM,ITM2-3 put,h240,140,4,0.69863385,-0.0007791975,-0.15982571103147428,0.5,-0.053212166,-0.06312018246367705,-1236.6493399483818,-1461.2850804314273,24501.25,fomc_day,design
SILVERM,OTM1 call,h240,98,5,0.7127336,0.014558104,3.1993299285483787,0.6,0.054287095,0.04357888531075492,552.0829990931919,368.93889220877384,15362.5,fomc_day,design
SILVERM,OTM1 put,h240,85,5,0.6930973,0.020124352,2.5113493723414857,0.8,-0.060422733,-0.07110961760505341,-878.6722196691177,-1047.3237279321984,14832.5,fomc_day,design
SILVERM,OTM2-3 call,h240,178,4,0.68314195,0.01700493,2.8334811402874562,0.75,0.08493298,0.07305415787304079,886.5704997201984,718.041919660743,12255.0,fomc_day,design
SILVERM,OTM2-3 put,h240,173,4,0.7194364,0.035613872,2.9041795057157507,0.75,-0.046322107,-0.057803398582722515,-501.5678097057894,-665.3713019572185,11900.0,fomc_day,design
SILVERM,all,h240,1204,6,0.7204532,0.012002066,2.211345014795841,0.3333333333333333,0.007743598,-0.002865709727453182,-7.1260836274916945,-200.96879975981815,17591.25,fomc_day,design
SILVERM,ATM call,h240,116,5,1.3727449,0.016431762,0.6041853776267884,0.4,-0.075691774,-0.08589979702446139,-225.88357859644395,-444.9936708777806,14726.25,fomc_next,design
SILVERM,ATM put,h240,111,6,1.4409034,0.021123061,1.3471237799684364,0.5,0.13336062,0.12254240457155881,1299.4138535508164,1075.1587886227555,15002.5,fomc_next,design
SILVERM,ITM1 call,h240,105,4,0.79134136,0.011502561,0.4805778952000063,0.25,-0.122551434,-0.13315849537767355,-1810.352748325893,-1988.1753056446757,17000.0,fomc_next,design
SILVERM,ITM1 put,h240,99,6,1.5752039,-0.01094045,-1.1500674585121435,0.3333333333333333,0.12990053,0.11856410590104487,1168.7754744712752,961.0033034723663,17465.0,fomc_next,design
SILVERM,ITM2-3 call,h240,158,5,2.1102197,0.0023675615,0.148909664822488,0.4,-0.09420403,-0.10387437466987164,-2141.29177431517,-2378.435603011063,22066.25,fomc_next,design
SILVERM,ITM2-3 put,h240,167,6,1.6059322,-0.020969009,-3.760437447864871,0.3333333333333333,0.14442547,0.1336927777730438,3263.5466396308943,3007.9507805547455,21970.0,fomc_next,design
SILVERM,OTM1 call,h240,111,6,1.532926,0.03257545,0.8587291203247107,0.5,-0.09824092,-0.10949352320941605,-316.26622655370215,-496.9222399915686,12237.5,fomc_next,design
SILVERM,OTM1 put,h240,105,4,0.7949161,0.0265054,1.1200063709434533,0.75,0.18904129,0.17649682654462542,2019.6355038597471,1855.3756059918887,12095.0,fomc_next,design
SILVERM,OTM2-3 call,h240,199,6,1.6484742,0.039778125,1.3334394789790942,0.3333333333333333,-0.13838471,-0.1504919340861661,-844.7787774627532,-1042.0961656558836,9427.5,fomc_next,design
SILVERM,OTM2-3 put,h240,186,5,1.5340537,0.045630123,2.584271515787558,0.8,0.22572657,0.21212691667160924,1552.603981264176,1378.8543657670423,9317.5,fomc_next,design
SILVERM,all,h240,1357,6,1.5537685,0.017722663,0.9615148097289161,0.3333333333333333,0.028475331,0.017092612336864092,403.8112785997159,198.51516565991497,15005.0,fomc_next,design
SILVERM,ATM call,h240,168,10,0.846718,-0.02053395,-3.620529347416316,0.2222222222222222,-0.0036882244,-0.011972742552609035,-238.71841430664062,-544.7871611471774,38787.5,opec_mon,design
SILVERM,ATM put,h240,151,10,0.842878,-0.005657211,-1.282662831453496,0.3333333333333333,-0.027200717,-0.0355265668168246,-1136.5794887921668,-1452.838437376852,38997.5,opec_mon,design
SILVERM,ITM1 call,h240,124,9,0.81782275,-0.019071326,-5.299837287291139,0.0,-0.005819436,-0.014718525951207566,-197.554931640625,-486.58806108894896,38582.5,opec_mon,design
SILVERM,ITM1 put,h240,113,7,0.76451755,-0.0033104322,-1.086893257547578,0.42857142857142855,-0.024986472,-0.034571576463967725,-874.5413613108407,-1216.10335964471,40335.0,opec_mon,design
SILVERM,ITM2-3 call,h240,214,10,0.78486425,-0.021352148,-3.9743968801963914,0.1111111111111111,-0.005723845,-0.014888187296393008,-116.17528612368575,-437.31448916950353,33891.25,opec_mon,design
SILVERM,ITM2-3 put,h240,173,9,0.83314675,-0.012515223,-1.4875625914296964,0.375,-0.04719517,-0.05594605229544834,-1936.0054995145413,-2257.4061122843927,43040.0,opec_mon,design
SILVERM,OTM1 call,h240,149,9,0.78634363,-0.010999347,-4.641903450584874,0.125,0.015890956,0.006347343490291665,387.61042038066273,82.47812742975042,35252.5,opec_mon,design
SILVERM,OTM1 put,h240,135,8,0.84129035,-0.005915685,-1.0229918993927325,0.2857142857142857,-0.039697543,-0.04877123990398003,-1354.1188738787616,-1635.9376606819765,35175.0,opec_mon,design
SILVERM,OTM2-3 call,h240,262,9,0.81178975,-0.0050477306,-1.6306712457005337,0.375,0.028545491,0.01889345805383559,863.9145479857467,567.6827778223911,31823.75,opec_mon,design
SILVERM,OTM2-3 put,h240,243,9,0.81081975,0.0045605134,0.5111584045863552,0.5,-0.024517413,-0.03420487550745571,-754.5906927163709,-1033.3953152437557,31317.5,opec_mon,design
SILVERM,all,h240,1732,10,0.8149313,-0.009485669,-3.446473800190294,0.1111111111111111,-0.011046136,-0.020191927696471282,-448.56274047569644,-752.7254742833637,34367.5,opec_mon,design
SILVERM,ATM call,h240,599,38,0.93729436,-0.013212962,-2.741085753379922,0.16666666666666666,0.009061353,-0.0004185626558706491,477.80134045022953,180.2991887719824,32190.0,eia_day,design
SILVERM,ATM put,h240,537,38,0.90118444,-0.004648003,-0.7792242108972739,0.5,-0.028612042,-0.03808363528679896,-706.5876954716233,-978.1711437866779,27602.5,eia_day,design
SILVERM,ITM1 call,h240,425,33,0.82024044,-0.011941889,-1.966680062973817,0.18181818181818182,0.00940634,-0.00079867529294274,561.313276941636,272.2708686620096,24675.0,eia_day,design
SILVERM,ITM1 put,h240,392,33,0.9188792,-0.0049377372,-0.8816865734859395,0.36363636363636365,-0.029336013,-0.03939197040534902,-977.0975182980907,-1242.6356333995327,24751.25,eia_day,design
SILVERM,ITM2-3 call,h240,706,33,0.83731556,-0.020745644,-5.69169248424507,0.0,0.0038971212,-0.006004424500346649,704.6518826146977,409.183453986177,26163.75,eia_day,design
SILVERM,ITM2-3 put,h240,522,32,0.9346499,-0.009498661,-2.287625734614352,0.18181818181818182,-0.0328521,-0.042284766035228565,-984.0477615297982,-1288.2310995763876,27738.75,eia_day,design
SILVERM,OTM1 call,h240,484,34,0.86771256,-0.009810294,-2.0066750749899773,0.18181818181818182,0.0032610293,-0.007228913277973942,228.73750576303024,-18.2116232805305,22863.75,eia_day,design
SILVERM,OTM1 put,h240,406,34,0.88433874,0.00017589066,0.02888645858445112,0.45454545454545453,-0.02848552,-0.03873337199816809,-756.6850370961457,-1017.2664996763357,23852.5,eia_day,design
SILVERM,OTM2-3 call,h240,761,32,0.8868294,-0.0011679118,-0.26336032544909344,0.2727272727272727,0.018571293,0.007698904342821578,420.7374424877994,153.22528259527496,24000.0,eia_day,design
SILVERM,OTM2-3 put,h240,738,32,0.8591339,0.007422535,0.9207223449534973,0.5454545454545454,-0.0289059,-0.040079899949682855,-858.6524979919599,-1099.3652597139974,22778.75,eia_day,design
SILVERM,all,h240,5570,38,0.88556904,-0.006663175,-1.5155974936318988,0.16666666666666666,-0.008801247,-0.018983686743569737,-137.14486507367832,-410.91590679806455,25715.0,eia_day,design
SILVERM,ATM call,h240,577,33,0.9863653,-0.00685611,-0.7522246111886463,0.36363636363636365,-0.008562235,-0.018073311043248125,427.7263806638932,152.73630886879468,30505.0,ngs_day,design
SILVERM,ATM put,h240,500,34,1.038491,-0.0009868994,-0.10498818520009735,0.2727272727272727,0.009256733,-0.0004963836174926221,-583.5862854003906,-834.1956751373019,26356.25,ngs_day,design
SILVERM,ITM1 call,h240,445,28,0.8236043,-0.011168758,-1.2210032773682562,0.2727272727272727,-0.020553332,-0.030577529358797574,-111.0010286824087,-378.3971710166371,24910.0,ngs_day,design
SILVERM,ITM1 put,h240,409,31,1.0923287,-0.0064545306,-0.9571383084731945,0.2727272727272727,0.0062229615,-0.0038583860101545422,-711.2311328244384,-986.0617268332568,26875.0,ngs_day,design
SILVERM,ITM2-3 call,h240,748,30,1.2073313,-0.010318911,-1.5747762056228194,0.2727272727272727,-0.025579793,-0.035332618429443303,-302.0892562458222,-581.7582306837817,25735.0,ngs_day,design
SILVERM,ITM2-3 put,h240,607,31,1.1502126,-0.014878143,-3.636842117547389,0.2727272727272727,0.02086613,0.01089072897274275,1.894827878848332,-260.6814243903239,23790.0,ngs_day,design
SILVERM,OTM1 call,h240,503,31,1.0387653,0.0054820874,0.47528049318153526,0.45454545454545453,-0.008533034,-0.018821442548706803,464.19554207955395,196.76361848084483,26347.5,ngs_day,design
SILVERM,OTM1 put,h240,405,28,0.83854187,0.014020666,1.3215220575026179,0.5,0.02995911,0.01935021850269142,-125.85387430073303,-349.64476961625303,20475.0,ngs_day,design
SILVERM,OTM2-3 call,h240,817,32,1.105451,0.0068152607,0.5873695955693938,0.45454545454545453,-0.020820396,-0.0318390611963705,409.70914301411176,160.09932525801065,22717.5,ngs_day,design
SILVERM,OTM2-3 put,h240,782,30,1.0708494,0.011853036,1.010451609790624,0.45454545454545453,0.04308063,0.031710993106799014,-107.99568429932265,-336.3792522887818,23176.25,ngs_day,design
SILVERM,all,h240,5793,34,1.060954,-0.00095563696,-0.13932718660528648,0.2727272727272727,0.0019228543,-0.008376413312379547,-30.605443121134545,-288.09342552005995,24840.0,ngs_day,design
SILVERM,all,h240,16283,102,0.8947907,-0.007863447,-2.866265493482605,0.08333333333333333,-0.0035895465,-0.014383709805617574,-243.36773429083559,-489.6926645115204,23750.0,none,design
SILVERM,ATM call,eod,438,37,0.904122,-0.023323148,-1.9135343648906185,0.16666666666666666,0.034082476,0.024634648846049264,1236.8129852155573,949.2174054489144,32182.5,eia_in,design
SILVERM,ATM put,eod,404,36,0.90380234,-0.0023609058,-0.18504132365669657,0.6666666666666666,-0.061340664,-0.07055461470997407,-1468.990747857802,-1727.9142818679272,27363.75,eia_in,design
SILVERM,ITM1 call,eod,316,29,0.8227595,-0.026925575,-2.8772044146864224,0.2,0.010319272,0.0003009439030199458,830.8403778076172,538.9090560302267,25657.5,eia_in,design
SILVERM,ITM1 put,eod,298,31,0.9211923,-0.00379892,-0.3170548772234034,0.45454545454545453,-0.05973154,-0.06947560422622291,-1816.4601391273857,-2074.726857056737,25193.75,eia_in,design
SILVERM,ITM2-3 call,eod,537,32,0.82110614,-0.03947132,-4.304216307300573,0.09090909090909091,0.021697268,0.011889359130445018,1720.0496612491997,1430.334176328987,26185.0,eia_in,design
SILVERM,ITM2-3 put,eod,405,30,0.9224162,-0.0009936085,-0.09711816060361066,0.2727272727272727,-0.06396294,-0.07302766337053485,-1651.7892930772568,-1949.5958135245078,27747.5,eia_in,design
SILVERM,OTM1 call,eod,362,31,0.8799803,-0.016086375,-1.2622407200436327,0.18181818181818182,0.028058968,0.017683881676464,874.760023928479,630.1248635282227,23116.25,eia_in,design
SILVERM,OTM1 put,eod,303,30,0.87823194,0.0067330585,0.43196735905137684,0.6,-0.064676754,-0.07443801677654178,-1408.1961855243142,-1670.1302888480047,25255.0,eia_in,design
SILVERM,OTM2-3 call,eod,567,30,0.88107705,-0.001708,-0.12899128442896993,0.09090909090909091,0.05657867,0.04591128031316921,762.5054653107173,494.26949469092176,24350.0,eia_in,design
SILVERM,OTM2-3 put,eod,561,31,0.8665432,-0.0010374107,-0.07858945759431771,0.6363636363636364,-0.093615524,-0.10431562325541335,-2149.214705468924,-2382.413688528232,22695.0,eia_in,design
SILVERM,all,eod,4191,37,0.87900585,-0.01139155,-1.2518908193125546,0.16666666666666666,-0.016350297,-0.026284147070262432,-228.87255995633691,-497.73750715162214,26040.0,eia_in,design
SILVERM,ATM call,eod,432,32,1.1061919,-0.019578466,-1.0413895555958637,0.18181818181818182,-0.0141845485,-0.023474456331603315,1324.579852775291,1053.0844586757128,30231.25,ngs_in,design
SILVERM,ATM put,eod,376,33,1.0982316,-0.006594793,-0.3739662619779253,0.45454545454545453,0.04306175,0.033388455678671956,-917.805547511324,-1157.1941761777728,25641.25,ngs_in,design
SILVERM,ITM1 call,eod,329,27,0.85216534,-0.017031334,-0.7440594332607796,0.36363636363636365,-0.06566918,-0.07533491127170035,-360.488065122471,-618.1679070628196,24800.0,ngs_in,design
SILVERM,ITM1 put,eod,295,30,1.0568192,-0.010592421,-0.695977969081584,0.18181818181818182,0.0804668,0.07041452642686098,-249.84601347325213,-526.5028402469278,27362.5,ngs_in,design
SILVERM,ITM2-3 call,eod,556,29,1.1016415,-0.008333644,-0.5098714340172036,0.36363636363636365,-0.05742114,-0.06693515090084569,-539.173394621705,-814.4818172845689,25875.0,ngs_in,design
SILVERM,ITM2-3 put,eod,451,31,1.0801792,-0.026067045,-2.9243543336670133,0.2727272727272727,0.08935502,0.07927168141902402,713.2274348561357,453.8891108320582,23775.0,ngs_in,design
SILVERM,OTM1 call,eod,372,30,0.99433345,-0.0032495346,-0.17034052587588,0.45454545454545453,-0.044161316,-0.05411276232290236,744.5830941969349,478.80264668569083,26378.75,ngs_in,design
SILVERM,OTM1 put,eod,287,26,0.89303416,-0.0012453799,-0.050203668022248946,0.3,0.10871287,0.09796037115776593,408.3477038871951,189.75917022070493,20325.0,ngs_in,design
SILVERM,OTM2-3 call,eod,615,31,1.1390069,-0.0016376643,-0.08793950265941122,0.6363636363636364,-0.08799457,-0.09859637853679944,165.1073169863321,-77.26347530164568,21902.5,ngs_in,design
SILVERM,OTM2-3 put,eod,580,29,1.0206599,0.015514941,0.5855070672145736,0.2727272727272727,0.13484825,0.12336310227056047,0.5489586139547413,-226.95348021643133,23555.0,ngs_in,design
SILVERM,all,eod,4293,33,1.0529995,-0.006901958,-0.5657023540326949,0.2727272727272727,0.013845079,0.003688395891340494,128.75465335308354,-124.29317359236674,24757.5,ngs_in,design
SILVERM,ATM call,eod,99,9,0.9519464,-0.060790263,-2.8319506356029494,0.1111111111111111,0.048345685,0.03791566651875264,832.1143934461805,567.7567452569284,27175.0,cpi_in,design
SILVERM,ATM put,eod,82,7,0.9723638,-0.029523011,-1.3131707415865652,0.2857142857142857,-0.19618216,-0.20647982493744604,-2883.7823560761244,-3076.179213609803,12312.5,cpi_in,design
SILVERM,ITM1 call,eod,50,8,0.9350936,-0.037005927,-1.3210384500920858,0.25,0.025807723,0.014835403004281609,1493.5281982421875,1195.4151185066664,27136.25,cpi_in,design
SILVERM,ITM1 put,eod,51,7,1.0380092,-0.019752495,-1.3785025026211921,0.2857142857142857,-0.16333428,-0.1730298426501199,-3272.412145278033,-3518.119955917438,27850.0,cpi_in,design
SILVERM,ITM2-3 call,eod,68,8,0.81927633,-0.03548668,-1.2048323958001665,0.125,0.056326818,0.04602160382617509,2208.3818682502297,1881.5621324350438,27711.25,cpi_in,design
SILVERM,ITM2-3 put,eod,77,8,0.97613484,-0.038583156,-1.568385723121758,0.5,-0.16053428,-0.1704793391092292,-3511.7497035435267,-3772.19401355809,27750.0,cpi_in,design
SILVERM,OTM1 call,eod,64,6,0.9937134,-0.058030277,-1.6534167955665888,0.16666666666666666,0.018887397,0.008128928169852466,395.91175079345703,137.63147502938793,26518.75,cpi_in,design
SILVERM,OTM1 put,eod,59,8,0.98072016,-0.033606682,-1.3211925329067358,0.375,-0.17441559,-0.18486133029516008,-3609.4530732752914,-3847.652088869502,26037.5,cpi_in,design
SILVERM,OTM2-3 call,eod,106,8,0.94642556,-0.0664626,-2.0602086227751273,0.125,0.0037633479,-0.008023370117468516,556.4775459721403,309.7041306322923,18173.75,cpi_in,design
SILVERM,OTM2-3 put,eod,89,7,0.95285106,-0.0034613695,-0.08823059584210466,0.5714285714285714,-0.1554131,-0.16626224752817312,-2881.542221240783,-3113.274825992031,25037.5,cpi_in,design
SILVERM,all,eod,745,9,0.95245993,-0.039906878,-2.021611851639979,0.1111111111111111,-0.06628975,-0.07690237702374471,-1008.9023019675441,-1262.6318578632233,25155.0,cpi_in,design
SILVERM,ATM call,eod,103,6,0.7589541,0.042593084,1.4280094108158534,0.3333333333333333,0.2151839,0.20508971260270623,3258.868183024879,3059.56111342323,17770.0,fomc_day,design
SILVERM,ATM put,eod,100,6,0.7692473,0.046210714,1.5954118003014237,0.5,-0.1493065,-0.15834013243072165,-2425.048956298828,-2600.8592293075844,17742.5,fomc_day,design
SILVERM,ITM1 call,eod,86,5,0.71128005,0.024421005,1.7367204433935965,0.8,0.17575045,0.16539200318639688,3286.6466717387357,3085.005429762091,19803.75,fomc_day,design
SILVERM,ITM1 put,eod,86,5,0.73535854,0.043958597,1.8427740797959038,0.6,-0.148691,-0.15772698516278344,-2942.8390786814134,-3132.8235766286202,20236.25,fomc_day,design
SILVERM,ITM2-3 call,eod,155,4,0.7341167,-0.037647627,-2.2075219912366038,0.25,0.11134503,0.10158368540847308,2349.4263482862902,2121.606141281541,25000.0,fomc_day,design
SILVERM,ITM2-3 put,eod,140,4,0.72002304,0.026970573,1.6151423110297618,0.75,-0.1421055,-0.15123908926790544,-3308.180877685547,-3515.611193997019,24501.25,fomc_day,design
SILVERM,OTM1 call,eod,98,5,0.71918255,0.052370638,2.002995386802524,0.6,0.23275937,0.22192789001728633,3269.673150510204,3085.455708132504,15362.5,fomc_day,design
SILVERM,OTM1 put,eod,85,5,0.7130346,0.07304933,1.9388314134381788,0.6,-0.13973247,-0.14964946730542916,-2079.045546587776,-2235.5891393257734,14832.5,fomc_day,design
SILVERM,OTM2-3 call,eod,178,4,0.7087639,0.06622787,2.846209767415007,1.0,0.2673054,0.25529903028334744,3049.0025209576897,2880.6194881047236,12255.0,fomc_day,design
SILVERM,OTM2-3 put,eod,173,4,0.73106265,0.056066986,2.251183147451601,0.5,-0.17734571,-0.18785240860738742,-2089.964730146992,-2241.3806911271704,11900.0,fomc_day,design
SILVERM,all,eod,1204,6,0.72952896,0.03792273,1.9546122304753641,0.3333333333333333,0.028867804,0.018683477282337466,289.54268192532055,103.7715014387904,17591.25,fomc_day,design
SILVERM,ATM call,eod,116,5,1.6928797,0.027059872,0.6009435287687391,0.4,-0.14115195,-0.1505736140179186,-705.0887035501414,-905.2663854431034,14726.25,fomc_next,design
SILVERM,ATM put,eod,111,6,1.5249594,-0.00086385536,-0.08938047193794793,0.3333333333333333,0.30207786,0.2914134847853013,3266.413497237472,3051.204788849583,15002.5,fomc_next,design
SILVERM,ITM1 call,eod,105,4,0.82519066,0.018128201,0.3969976907533441,0.25,-0.19634113,-0.2062102603076977,-2587.758797781808,-2754.2874032013688,17000.0,fomc_next,design
SILVERM,ITM1 put,eod,99,6,1.2894579,-0.016104544,-1.2784466025482808,0.3333333333333333,0.32615924,0.31486496164969113,4317.134720002762,4111.303743448576,17465.0,fomc_next,design
SILVERM,ITM2-3 call,eod,158,5,1.7363468,0.012951501,0.474288720779262,0.4,-0.102135524,-0.11139689868040982,-1827.3877165589151,-2056.8822407754856,22066.25,fomc_next,design
SILVERM,ITM2-3 put,eod,167,6,1.3343571,-0.024008628,-2.597911591728412,0.3333333333333333,0.3281878,0.31747666200274605,7095.573781635947,6841.044173081957,21970.0,fomc_next,design
SILVERM,OTM1 call,eod,111,6,1.2548218,0.026581483,0.5202140632528583,0.5,-0.18831229,-0.19872730086592685,-919.7988575428456,-1090.3750764793438,12237.5,fomc_next,design
SILVERM,OTM1 put,eod,105,4,0.8261954,0.013027744,0.49272184959154036,0.75,0.3935086,0.38096072362147904,4197.133882068452,4034.544275857971,12095.0,fomc_next,design
SILVERM,OTM2-3 call,eod,199,6,1.6624196,0.021450484,0.5024944910886328,0.3333333333333333,-0.2404636,-0.251733291088465,-884.703237830694,-1074.6268117359557,9427.5,fomc_next,design
SILVERM,OTM2-3 put,eod,186,5,1.277498,0.066804186,2.4599365888439713,0.8,0.49875322,0.48499160167913397,3470.9779587612356,3299.3107595997203,9317.5,fomc_next,design
SILVERM,all,eod,1357,6,1.4223101,0.016508289,0.5976930281418394,0.3333333333333333,0.0978869,0.08686327383117662,1577.6301951678956,1379.0532706000747,15005.0,fomc_next,design
SILVERM,ATM call,eod,168,10,0.83589846,-0.035013516,-5.712710362896195,0.1111111111111111,-0.0060883635,-0.014113738272675227,-233.40663364955358,-530.459560809005,38787.5,opec_mon,design
SILVERM,ATM put,eod,151,10,0.83320993,-0.016931117,-2.255878610382548,0.3333333333333333,-0.057342075,-0.06520261581541399,-2284.486948985927,-2582.3976209421285,38997.5,opec_mon,design
SILVERM,ITM1 call,eod,124,9,0.78924185,-0.031572588,-4.336830532408562,0.0,-0.028217431,-0.036701433299155053,-756.6268231791835,-1033.1124002375943,38582.5,opec_mon,design
SILVERM,ITM1 put,eod,113,7,0.77724373,-0.022856979,-3.127083309725517,0.2857142857142857,-0.067572914,-0.07630646579543743,-2465.6018174433075,-2775.447866816547,40335.0,opec_mon,design
SILVERM,ITM2-3 call,eod,214,10,0.7751178,-0.03650914,-4.5653842116154815,0.1111111111111111,-0.027268492,-0.035883426934210975,-703.1934392340829,-1006.8115254010864,33891.25,opec_mon,design
SILVERM,ITM2-3 put,eod,173,9,0.8372007,-0.031724904,-3.258999544111417,0.25,-0.0790147,-0.08721196165035437,-3313.300350828667,-3613.9534084273164,43040.0,opec_mon,design
SILVERM,OTM1 call,eod,149,9,0.77949387,-0.02607751,-4.75138957723199,0.0,0.0042835753,-0.0046343319760418855,-27.530329147441275,-313.2336494873023,35252.5,opec_mon,design
SILVERM,OTM1 put,eod,135,8,0.82284075,-0.014230075,-1.199841890956077,0.42857142857142855,-0.05859396,-0.06714759468839844,-2053.2274712456597,-2318.1623481884844,35175.0,opec_mon,design
SILVERM,OTM2-3 call,eod,262,9,0.8089779,-0.019687744,-2.31778141542399,0.25,0.015300423,0.006257631059445078,529.8897686441436,251.35633287968696,31823.75,opec_mon,design
SILVERM,OTM2-3 put,eod,243,9,0.8090758,-0.004585154,-0.2811859006193062,0.5,-0.049584366,-0.05862775260164231,-1540.5759257249872,-1800.817352251418,31317.5,opec_mon,design
SILVERM,all,eod,1732,10,0.8077357,-0.02327775,-4.962875806377602,0.0,-0.032120913,-0.040715657854121,-1153.063216000176,-1439.2779375365667,34367.5,opec_mon,design
SILVERM,ATM call,eod,599,38,0.920282,-0.018737182,-1.6130784440640549,0.08333333333333333,0.0335259,0.02445725225978937,1410.539996062774,1127.314334137718,32190.0,eia_day,design
SILVERM,ATM put,eod,537,38,0.906642,-0.00011351477,-0.009478579115711025,0.6666666666666666,-0.04933281,-0.058235145369036734,-1216.3488409017496,-1469.9994781039204,27602.5,eia_day,design
SILVERM,ITM1 call,eod,425,33,0.8322181,-0.02040921,-2.0785538937333787,0.18181818181818182,0.013368532,0.0036308830506263444,952.7002965590533,678.166882450071,24675.0,eia_day,design
SILVERM,ITM1 put,eod,392,33,0.9122585,-0.001469718,-0.12082949087629367,0.45454545454545453,-0.047540188,-0.05707181268807755,-1493.7073734828405,-1744.3603539469661,24751.25,eia_day,design
SILVERM,ITM2-3 call,eod,706,33,0.82819057,-0.032483004,-5.232229257466002,0.09090909090909091,0.020221617,0.010714220705246,1579.5103865237143,1296.0031085553792,26163.75,eia_day,design
SILVERM,ITM2-3 put,eod,522,32,0.9312357,-0.0022126455,-0.23270571754477087,0.2727272727272727,-0.056506153,-0.06541648400820128,-1680.355031682157,-1966.5875900233896,27738.75,eia_day,design
SILVERM,OTM1 call,eod,484,34,0.8708567,-0.012548594,-0.9562891463504836,0.18181818181818182,0.02200873,0.011891135032016652,684.5178254182674,447.9164030587266,22863.75,eia_day,design
SILVERM,OTM1 put,eod,406,34,0.8896515,0.0071096336,0.4308641437964159,0.5454545454545454,-0.05164417,-0.06133193441925718,-1284.0053674857604,-1527.563191886248,23852.5,eia_day,design
SILVERM,OTM2-3 call,eod,761,32,0.886552,0.0021277263,0.14918413403802272,0.09090909090909091,0.05236216,0.041869291498029176,880.9320061341535,626.5808238826468,24000.0,eia_day,design
SILVERM,OTM2-3 put,eod,738,32,0.8628691,0.0045436663,0.2865777853787908,0.5454545454545454,-0.07096303,-0.08153133082540175,-1671.1327525399888,-1897.5958664333968,22778.75,eia_day,design
SILVERM,all,eod,5570,38,0.88351846,-0.007690693,-0.7482193948004175,0.16666666666666666,-0.010309161,-0.02001573005547848,-90.45220724342113,-349.7799199156014,25715.0,eia_day,design
SILVERM,ATM call,eod,577,33,1.092465,-0.018252984,-1.0962197432575103,0.18181818181818182,-0.0076946826,-0.016680095447230495,1122.3900864731709,861.4103929138187,30505.0,ngs_day,design
SILVERM,ATM put,eod,500,34,1.0890191,-0.0010964832,-0.05858939400149236,0.18181818181818182,0.027631627,0.01834445612204174,-811.0630505371093,-1046.5078106539584,26356.25,ngs_day,design
SILVERM,ITM1 call,eod,445,28,0.85306674,-0.016844979,-0.8404288915170187,0.36363636363636365,-0.043934245,-0.05334233504875401,-21.864995034892907,-275.1331503462078,24910.0,ngs_day,design
SILVERM,ITM1 put,eod,409,31,1.0479065,-0.0057464764,-0.3653673495866317,0.2727272727272727,0.046279557,0.03663198675836668,-515.2027889335651,-773.6272696933828,26875.0,ngs_day,design
SILVERM,ITM2-3 call,eod,748,30,1.0883224,-0.010128453,-0.725645969130763,0.36363636363636365,-0.043556336,-0.052772351740294765,-439.5566444600967,-704.4545292014469,25735.0,ngs_day,design
SILVERM,ITM2-3 put,eod,607,31,1.0754732,-0.019910958,-2.9190380785585295,0.2727272727272727,0.06407666,0.05442347134080189,441.91670601607547,190.6118706537543,23790.0,ngs_day,design
SILVERM,OTM1 call,eod,503,31,0.9916148,-0.00062914065,-0.03733608676899897,0.5454545454545454,-0.021110045,-0.030819624280471712,873.7607900570212,619.7100034682751,26347.5,ngs_day,design
SILVERM,OTM1 put,eod,405,28,0.8938116,0.008015159,0.33581126237917347,0.4,0.07163879,0.06137095038315786,50.29901499807099,-163.39210706631175,20475.0,ngs_day,design
SILVERM,OTM2-3 call,eod,817,32,1.1253365,0.00062785944,0.03703412223109004,0.6363636363636364,-0.060474616,-0.07082165084467754,320.89571692514596,84.79526296336965,22717.5,ngs_day,design
SILVERM,OTM2-3 put,eod,782,30,1.0151963,0.016746385,0.6686702052694159,0.2727272727272727,0.09646029,0.08542214585822008,-63.34853462550951,-280.92438496505486,23176.25,ngs_day,design
SILVERM,all,eod,5793,34,1.0444049,-0.0041516055,-0.3664327311352035,0.2727272727272727,0.0102688605,0.00045677156752973753,109.37351748339566,-134.8460740547436,24840.0,ngs_day,design
SILVERM,all,eod,16283,102,0.91222185,-0.016186533,-2.643883642215768,0.08333333333333333,-0.0040057213,-0.014303417127100234,-454.1804975103938,-686.8554262077712,23750.0,none,design
SILVERM,ATM call,h60,49,13,0.8253488,0.00026793798,0.06229855407716399,0.5,-0.002118703,-0.009647334519343274,-365.3325294961735,-581.6035249657906,31590.0,eia_in,holdout
SILVERM,ATM put,h60,50,14,0.8326681,-0.0049542882,-0.9034248388627704,0.25,-0.001225555,-0.00877359121001877,280.4,63.22924163062754,31082.5,eia_in,holdout
SILVERM,ITM1 call,h60,40,12,0.8392613,0.0016188789,0.3333987885670328,0.5,0.006071496,-0.0017726302494349522,-142.75,-380.57476134936996,33053.75,eia_in,holdout
SILVERM,ITM1 put,h60,47,14,0.84123796,-0.008950261,-1.5029925463776816,0.0,-0.0021022088,-0.009849361282031687,204.54454787234042,-40.515180892071236,33650.0,eia_in,holdout
SILVERM,ITM2-3 call,h60,68,13,0.82887876,-0.0047925916,-1.461885343263012,0.5,0.0015956216,-0.006002730520026225,-198.76226088579963,-455.4463993472405,37086.25,eia_in,holdout
SILVERM,ITM2-3 put,h60,64,13,0.83036083,-0.012020314,-1.8677223577917461,0.0,-0.009350424,-0.01689608201174307,-24.34774398803711,-282.80320144184145,35803.75,eia_in,holdout
SILVERM,OTM1 call,h60,48,13,0.8230833,0.0015806071,0.28570767866022,0.5,0.0002394182,-0.007953559702893324,-290.46051025390625,-503.4715256517489,29163.75,eia_in,holdout
SILVERM,OTM1 put,h60,46,12,0.8409555,-0.0018043891,-0.2875344231224743,0.5,0.0031988712,-0.005082040278097768,482.55434782608694,270.3215109108031,29121.25,eia_in,holdout
SILVERM,OTM2-3 call,h60,90,13,0.82637095,0.002894877,0.5315939957573739,0.5,0.0031877074,-0.0058196737810797,-250.71015421549478,-447.04602793880395,25937.5,eia_in,holdout
SILVERM,OTM2-3 put,h60,87,14,0.84132004,0.002162683,0.3285304589237009,0.5,0.0038904855,-0.005305004832600115,375.7773879478718,181.1746190341565,24880.0,eia_in,holdout
SILVERM,all,h60,589,14,0.8325987,-0.002112274,-0.4419598622721115,0.5,0.00046357032,-0.007700526053581908,5.657597332939835,-216.87244318080218,30132.5,eia_in,holdout
SILVERM,ATM call,h60,45,12,0.8293823,-0.0037046773,-0.6201019059015247,0.25,0.027333673,0.019973159953820308,426.27777777777777,194.25484633623773,33807.5,ngs_in,holdout
SILVERM,ATM put,h60,47,12,0.866487,-0.0041844654,-0.5836299322588753,0.25,-0.03730627,-0.044517559947401274,-868.2040600066489,-1088.00055907791,32857.5,ngs_in,holdout
SILVERM,ITM1 call,h60,40,11,0.8264972,-0.009076523,-3.926232416961528,0.0,0.028886313,0.02123614657424887,519.9910888671875,261.6325795723079,36226.25,ngs_in,holdout
SILVERM,ITM1 put,h60,41,12,0.8411666,-0.0043970617,-0.639385011466966,0.25,-0.038835753,-0.046333936813029185,-995.643935785061,-1240.5076579397414,35617.5,ngs_in,holdout
SILVERM,ITM2-3 call,h60,63,12,0.83618945,-0.014811327,-2.14735200006295,0.25,0.024606818,0.017104591800527296,540.3659396701389,266.2287097751602,38977.5,ngs_in,holdout
SILVERM,ITM2-3 put,h60,59,12,0.88435745,-0.0055723074,-0.7426107012902381,0.25,-0.041807774,-0.049157809723602564,-1147.1633342161017,-1405.0207440461197,37985.0,ngs_in,holdout
SILVERM,OTM1 call,h60,43,11,0.84156674,-0.0033787189,-0.42320426814283235,0.25,0.031689227,0.023727882034769724,374.5495321584302,151.3690535546907,31207.5,ngs_in,holdout
SILVERM,OTM1 put,h60,44,12,0.83968014,-0.0020754323,-0.1901598062137243,0.25,-0.03470304,-0.042477079187968066,-733.4331304376775,-950.9928538315494,30985.0,ngs_in,holdout
SILVERM,OTM2-3 call,h60,68,11,0.85777795,-0.0006638636,-0.05940474894109059,0.25,0.045832835,0.03718774956901592,460.90475643382354,263.1061844805169,26778.75,ngs_in,holdout
SILVERM,OTM2-3 put,h60,77,11,0.83890826,0.0062275706,0.43758305122441654,0.25,-0.032130793,-0.040500966673387186,-486.2513316761364,-683.1984472925695,27322.5,ngs_in,holdout
SILVERM,all,h60,527,12,0.847248,-0.003739704,-0.5658969033645879,0.25,-0.0026534304,-0.010445920637879974,-185.10377250541094,-415.49100631810876,31497.5,ngs_in,holdout
SILVERM,ATM call,h60,11,3,2.0372155,-0.0053963405,-0.8342167483513867,0.6666666666666666,0.09310367,0.08575535054775042,3196.818181818182,2949.2423366360276,34165.0,cpi_in,holdout
SILVERM,ATM put,h60,9,3,2.090309,-0.0067557786,,0.3333333333333333,-0.12264559,-0.12930236715654367,-4251.944444444444,-4480.850279128526,34797.5,cpi_in,holdout
SILVERM,ITM1 call,h60,11,3,2.0178237,-0.06789246,-1.6886716711254046,0.0,0.033403218,0.025909978587417174,1251.6497247869318,980.6860559387864,36600.0,cpi_in,holdout
SILVERM,ITM1 put,h60,9,3,2.272973,-0.0072376644,,0.3333333333333333,-0.17127793,-0.17805604217216267,-6379.722222222223,-6633.345198073894,37412.5,cpi_in,holdout
SILVERM,ITM2-3 call,h60,10,3,1.8657814,-0.0907231,-1.7441141950108177,0.0,-0.02480768,-0.03193686655511689,-968.5068359375,-1244.0898606076398,39095.0,cpi_in,holdout
SILVERM,ITM2-3 put,h60,4,3,2.126003,0.0110199675,,0.6666666666666666,-0.14574538,-0.15256586168172043,-6086.25,-6372.541741236105,42382.5,cpi_in,holdout
SILVERM,OTM1 call,h60,10,3,2.1150608,0.0017013854,0.20714908835394216,0.6666666666666666,0.120351866,0.11242043657995264,3816.5,3567.6161853694603,31665.0,cpi_in,holdout
SILVERM,OTM1 put,h60,10,3,2.033645,0.012032324,0.7465747677535425,0.6666666666666666,-0.09086843,-0.09808906871474894,-2931.964111328125,-3161.920001582111,31972.5,cpi_in,holdout
SILVERM,OTM2-3 call,h60,15,3,2.0518477,0.018899089,0.8612915175235502,0.6666666666666666,0.11668297,0.10847955683769386,3361.1666666666665,3128.8854684503644,28150.0,cpi_in,holdout
SILVERM,OTM2-3 put,h60,17,3,2.0117486,0.06865033,1.475437342229207,0.6666666666666666,-0.029553011,-0.03726982201759926,-841.8026194852941,-1061.4489943838391,28325.0,cpi_in,holdout
SILVERM,all,h60,106,3,2.0540693,-0.0019565069,-0.16966402483867213,0.3333333333333333,-0.0051143058,-0.012553010555012331,-338.0161040683962,-582.8679395039242,32716.25,cpi_in,holdout
SILVERM,ATM call,h60,74,2,0.592455,0.002060299,1.5686898282320894,1.0,5.5687655e-05,-0.009067482701829515,50.2293602195946,-252.84687139022438,28562.5,fomc_day,holdout
SILVERM,ATM put,h60,72,2,0.6089777,0.004122811,1.626744148610799,1.0,0.0064458847,-0.002572140328634517,205.24420844184027,-88.13939661071436,28557.5,fomc_day,holdout
SILVERM,ITM1 call,h60,61,2,0.5377443,0.0007014352,0.8275873418151897,0.5,-9.58814e-05,-0.010120815061065037,-4.344262295081967,-353.6346219583236,30997.5,fomc_day,holdout
SILVERM,ITM1 put,h60,43,2,0.5955292,0.0028736934,1.990381550756777,1.0,0.0063937446,-0.002657333738068948,170.02543604651163,-137.83916419364266,30870.0,fomc_day,holdout
SILVERM,ITM2-3 call,h60,84,2,0.5910703,0.0014847072,0.5637075362578862,0.5,-0.0040633436,-0.0136566157218552,-125.93433198474702,-474.14892566674575,34075.0,fomc_day,holdout
SILVERM,ITM2-3 put,h60,83,2,0.6197441,-0.00051614613,-0.4618394152763955,0.5,-0.00043495663,-0.009305817974578637,-91.72798616340361,-425.20011345466867,35642.5,fomc_day,holdout
SILVERM,OTM1 call,h60,65,2,0.6076793,0.0021077564,1.834901807509387,0.5,0.002317204,-0.007133844306493431,130.68381911057693,-152.5686184935639,26192.5,fomc_day,holdout
SILVERM,OTM1 put,h60,62,2,0.54477704,0.0015776948,0.7922989766076278,0.5,0.00517812,-0.004877288504705085,106.81770570816532,-188.06822008652244,26012.5,fomc_day,holdout
SILVERM,OTM2-3 call,h60,108,2,0.60006034,0.0011412107,1.4246965443917956,0.5,-0.00016299608,-0.010209308180695972,54.12705032913773,-194.9630825836745,22618.75,fomc_day,holdout
SILVERM,OTM2-3 put,h60,115,2,0.5824572,0.006238735,10.598185797173016,1.0,0.009739531,-0.00047005556679405086,196.08743418817934,-53.352627277269235,22965.0,fomc_day,holdout
SILVERM,all,h60,767,2,0.5902953,0.0023116851,6.751597274213113,1.0,0.002521498,-0.007079680503904998,66.31247071585723,-230.0448176202678,29882.5,fomc_day,holdout
SILVERM,ATM call,h60,99,2,0.66613686,-0.0045661675,-4.262471512394018,0.0,0.023490265,0.014179679217981106,630.060517282197,340.62208385517846,25117.5,fomc_next,holdout
SILVERM,ATM put,h60,89,2,0.66289943,-0.002033691,-4.0379940493151905,0.0,-0.03161613,-0.041025609786976544,-849.9363725640801,-1130.9953046765693,24360.0,fomc_next,holdout
SILVERM,ITM1 call,h60,92,2,0.67288685,-0.0061138156,-4.294242954076944,0.0,0.020806523,0.011264636958235773,606.6144329568614,284.2948610319382,28078.75,fomc_next,holdout
SILVERM,ITM1 put,h60,65,2,0.6965434,-0.002606068,-8.178708460920594,0.0,-0.03601379,-0.04619275413898769,-1057.0,-1380.4422592367075,26755.0,fomc_next,holdout
SILVERM,ITM2-3 call,h60,109,2,0.6895203,-0.011564476,-2.2301720954252504,0.0,0.016650412,0.007729361847591737,554.9896968176605,234.5079527692962,31955.0,fomc_next,holdout
SILVERM,ITM2-3 put,h60,70,2,0.69927585,-0.0020813653,-1.217926841661256,0.0,-0.037755817,-0.046851895187164774,-1178.9342215401787,-1484.1944973163586,30635.0,fomc_next,holdout
SILVERM,OTM1 call,h60,92,2,0.68494505,-0.0035554327,-3.9837940592263634,0.0,0.02780472,0.01761430024375936,705.367431640625,408.4156749440958,22831.25,fomc_next,holdout
SILVERM,OTM1 put,h60,80,2,0.6896155,-0.0029405646,-6.783254582929495,0.0,-0.03284549,-0.04244963152891068,-834.5523529052734,-1108.6986326149495,22747.5,fomc_next,holdout
SILVERM,OTM2-3 call,h60,117,2,0.6725699,-0.00367726,-3.91215941240038,0.0,0.030266348,0.01981277441731946,573.1470248230502,345.9739319012823,19100.0,fomc_next,holdout
SILVERM,OTM2-3 put,h60,130,2,0.6723262,0.0032191991,3.63718545780764,1.0,-0.028719088,-0.03897268834400484,-545.4042217548077,-771.5516406463883,19150.0,fomc_next,holdout
SILVERM,all,h60,943,2,0.679349,-0.0035474307,-5.72291634951059,0.0,-0.00212612,-0.011850069402791699,-57.16974349441609,-339.1169408019205,27547.5,fomc_next,holdout
SILVERM,ATM call,h60,151,3,0.59722835,-0.0029436904,-3.3639236916744673,0.0,-0.0045339013,-0.013492519014057592,-147.96635709850995,-467.63400798046354,37287.5,opec_mon,holdout
SILVERM,ATM put,h60,133,3,0.60219043,-0.0045995563,-4.975796739477833,0.0,-0.002578194,-0.01145619557177264,-93.1015037593985,-407.5340865405556,37000.0,opec_mon,holdout
SILVERM,ITM1 call,h60,138,3,0.5919892,-0.002810178,-2.1954217305090107,0.0,-0.0057898983,-0.015239894448635029,-200.980224609375,-562.5112275154287,39745.0,opec_mon,holdout
SILVERM,ITM1 put,h60,124,3,0.6180084,-0.002911493,-2.9354341724514414,0.0,-0.002673187,-0.01200521303213733,-108.52816674017137,-465.8833932308672,39731.25,opec_mon,holdout
SILVERM,ITM2-3 call,h60,125,3,0.66458994,-0.0037385884,-6.90903251462485,0.0,-0.008148634,-0.016863057413047517,-314.028984375,-672.5960269515697,41900.0,opec_mon,holdout
SILVERM,ITM2-3 put,h60,83,3,0.6725671,-0.0056496374,-2.921637550722925,0.0,-0.009894487,-0.01827491625694052,-429.3536156344127,-770.2528120431194,42000.0,opec_mon,holdout
SILVERM,OTM1 call,h60,138,3,0.6171748,-0.0037265955,-3.1135563151474535,0.0,-0.002305889,-0.01187135970804983,-55.241893823596016,-376.14329374028716,35032.5,opec_mon,holdout
SILVERM,OTM1 put,h60,137,3,0.60258186,-0.0032421406,-1.9490251218176469,0.0,-0.0014386551,-0.010972377586609787,-53.24817518248175,-371.2308885848811,34512.5,opec_mon,holdout
SILVERM,OTM2-3 call,h60,186,3,0.62240416,-0.0031494694,-3.3511276371064875,0.0,-0.0054074265,-0.014948403912931868,-147.36125987063173,-435.14637329124776,31138.75,opec_mon,holdout
SILVERM,OTM2-3 put,h60,189,3,0.6362146,-0.0021804716,-1.173485488782431,0.3333333333333333,0.0015772458,-0.008021770994171337,41.06991722470238,-240.3873922850291,30367.5,opec_mon,holdout
SILVERM,all,h60,1404,3,0.62052375,-0.0033459153,-3.528078801684836,0.0,-0.0037185273,-0.01297398694644035,-132.03242027521813,-453.9552667290289,34998.75,opec_mon,holdout
SILVERM,ATM call,h60,643,14,0.7189292,0.00062237045,0.869464684961697,0.75,-0.00397228,-0.013534372821743568,-74.95556868438958,-352.311787217111,32070.0,eia_day,holdout
SILVERM,ATM put,h60,651,14,0.75064075,0.00023415012,0.18443886293156195,0.5,0.0057148654,-0.0038158889641474658,136.8714391471054,-135.77146565485228,31677.5,eia_day,holdout
SILVERM,ITM1 call,h60,540,14,0.7202656,-0.0006988483,-0.6848021784609467,0.5,-0.0063802525,-0.01628643427534198,-170.12123842592592,-473.1034087720272,33741.25,eia_day,holdout
SILVERM,ITM1 put,h60,509,14,0.76126313,-0.00053463894,-0.44492961126909625,0.5,0.0048639965,-0.004921319688008033,110.23981420370825,-183.32911842351567,33147.5,eia_day,holdout
SILVERM,ITM2-3 call,h60,803,13,0.72821724,-0.0052609723,-2.498877233288413,0.25,-0.00879952,-0.018511565813973715,-252.1622589605386,-572.9141369013672,35960.0,eia_day,holdout
SILVERM,ITM2-3 put,h60,726,14,0.7820737,-0.006387722,-3.013794249311872,0.0,-0.00039896558,-0.009929475791412578,-25.858789869576448,-341.4003178849093,36035.0,eia_day,holdout
SILVERM,OTM1 call,h60,582,14,0.728286,0.0009232514,0.9043836608845633,0.75,-0.003606199,-0.013823275833428525,-33.259117939218214,-295.764819016144,29137.5,eia_day,holdout
SILVERM,OTM1 put,h60,613,14,0.74599576,0.0014199266,1.0250034149567235,0.75,0.008105461,-0.002331489362422209,173.42846719514682,-94.35163660692852,29252.5,eia_day,holdout
SILVERM,OTM2-3 call,h60,1011,14,0.74050105,0.0055115507,3.823785076520715,1.0,-0.0023901172,-0.01360009436007337,-46.76227754466493,-280.9911453889116,25077.5,eia_day,holdout
SILVERM,OTM2-3 put,h60,1069,14,0.7482174,0.0059319898,2.7776271270138553,1.0,0.012990161,0.0016204566030877446,238.24112780636108,2.6292843613204577,25045.0,eia_day,holdout
SILVERM,all,h60,7147,14,0.7427625,0.0006103654,0.8724495543213757,1.0,0.0010047418,-0.009241882642599957,10.948879849882381,-263.44826765999693,29847.5,eia_day,holdout
SILVERM,ATM call,h60,569,12,0.708475,-5.6973033e-05,-0.03359893115198025,0.25,-0.001725196,-0.01112163046769724,-51.774507599681456,-340.8537140080464,33325.0,ngs_day,holdout
SILVERM,ATM put,h60,579,12,0.73434544,0.00042189955,0.2972175808837264,0.5,0.00047037308,-0.008913646693169002,-10.93490890476576,-293.004110552915,32727.5,ngs_day,holdout
SILVERM,ITM1 call,h60,486,12,0.7212093,-0.0010140062,-0.8768171583152058,0.25,-0.0019645686,-0.011661391085735263,-64.91435486593365,-385.220436653885,35703.75,ngs_day,holdout
SILVERM,ITM1 put,h60,474,12,0.7537141,-0.0015940983,-1.488492068108758,0.25,4.7542373e-05,-0.009730787155639672,-12.956043356078586,-324.2633409983027,34607.5,ngs_day,holdout
SILVERM,ITM2-3 call,h60,668,12,0.7401881,-0.005688404,-2.060540614045412,0.25,-0.00727305,-0.016649628757608042,-244.85560617047156,-581.1535571540401,38230.0,ngs_day,holdout
SILVERM,ITM2-3 put,h60,635,12,0.7893422,-0.0059886123,-3.7893304173111244,0.0,-0.0051464806,-0.014475194494157819,-152.2095380167323,-474.5591453423201,37055.0,ngs_day,holdout
SILVERM,OTM1 call,h60,531,12,0.7228729,0.0010060819,0.42662255289157375,0.25,0.00044364893,-0.00963818979982956,-6.13562287583863,-290.44518166540445,31192.5,ngs_day,holdout
SILVERM,OTM1 put,h60,531,12,0.75747097,0.0017441274,0.6783518235262868,0.5,0.0029348,-0.007093333333879154,16.11890544999117,-257.90033252897064,30297.5,ngs_day,holdout
SILVERM,OTM2-3 call,h60,875,12,0.7341713,0.0069135916,1.6857308526687136,1.0,0.0035022518,-0.007129031273810973,18.200726841517856,-226.9836536300702,25907.5,ngs_day,holdout
SILVERM,OTM2-3 put,h60,911,12,0.7434155,0.0070941006,1.8077922092448668,1.0,0.010936914,0.00023315922223378775,182.7167803264999,-60.75586422485279,26057.5,ngs_day,holdout
SILVERM,all,h60,6259,12,0.74087125,0.00085210224,0.4841519681378859,0.5,0.00080747844,-0.009105715283896221,-23.328871025332894,-309.82576927166275,30670.0,ngs_day,holdout
SILVERM,all,h60,16944,32,0.7066979,-0.002812998,-3.529842634674765,0.0,-0.0031049363,-0.013339362640621449,-86.36456656163317,-356.0540924771976,28478.75,none,holdout
SILVERM,ATM call,h240,195,14,0.8171707,-0.0059074713,-0.9339906763707606,0.25,0.0034094835,-0.0046042588082832805,-586.8284004407051,-819.7566618066231,32070.0,eia_in,holdout
SILVERM,ATM put,h240,201,14,0.84176904,-0.0010793422,-0.0989480474418043,0.5,0.0075381408,-0.00048010135782050546,528.7202506753342,297.65381243951816,31682.5,eia_in,holdout
SILVERM,ITM1 call,h240,169,13,0.8144172,-0.0137427095,-1.6928393874020062,0.25,0.005881411,-0.0024322124541570353,-456.79933085244085,-712.8307445762574,33950.0,eia_in,holdout
SILVERM,ITM1 put,h240,179,14,0.8358295,-0.0033341334,-0.30354967519308573,0.5,0.002503808,-0.005812060331403276,355.1312937816428,94.4824413162086,33940.0,eia_in,holdout
SILVERM,ITM2-3 call,h240,268,13,0.8108785,-0.021920068,-2.4992224439631117,0.25,-0.0025607366,-0.010557795618178272,-711.2324364505597,-977.919728247242,36597.5,eia_in,holdout
SILVERM,ITM2-3 put,h240,250,14,0.82644063,-0.013011552,-0.9662501922265985,0.25,-0.020916814,-0.028890627411052982,-381.872080078125,-651.5970386813927,36043.75,eia_in,holdout
SILVERM,OTM1 call,h240,193,14,0.81109625,-0.0019585877,-0.2597340553574646,0.5,0.012625052,0.0038931190363044486,-329.1566585876781,-560.2967977343558,29760.0,eia_in,holdout
SILVERM,OTM1 put,h240,189,14,0.8341071,0.004222844,0.2982952787692996,0.5,0.006241072,-0.002510491084530734,499.16464830832507,272.9072377741923,29467.5,eia_in,holdout
SILVERM,OTM2-3 call,h240,336,14,0.8098288,0.01651345,1.3790033776119626,0.75,0.038627665,0.028943314829153004,-57.41411981128511,-265.11541170654647,25915.0,eia_in,holdout
SILVERM,OTM2-3 put,h240,340,14,0.82931626,0.011383278,0.7004272428425168,0.75,0.009414917,-0.00018376396645125058,645.6324566111845,441.5929788383535,25957.5,eia_in,holdout
SILVERM,all,h240,2320,14,0.8222449,-0.0015417042,-0.1872716808121083,0.5,0.0075443294,-0.0011028088060402916,-33.11590155239763,-268.9900422336686,30561.25,eia_in,holdout
SILVERM,ATM call,h240,173,12,0.82717013,-0.011028226,-2.046749748341259,0.0,0.033737414,0.025793804797717652,339.55392826499275,95.67372377642708,33920.0,ngs_in,holdout
SILVERM,ATM put,h240,178,12,0.860382,0.004508391,0.2777264532264541,0.25,-0.036119856,-0.043843479398874764,-893.7955877754125,-1127.3251895237609,33015.0,ngs_in,holdout
SILVERM,ITM1 call,h240,159,11,0.82870954,-0.01661891,-2.988444869887263,0.0,0.035097376,0.026838632054011748,448.1241861979167,176.4711435892414,36285.0,ngs_in,holdout
SILVERM,ITM1 put,h240,158,12,0.85365576,-0.00063363055,-0.04449528937626182,0.25,-0.036570374,-0.04465031705221301,-875.6810943989814,-1138.0636494269504,35200.0,ngs_in,holdout
SILVERM,ITM2-3 call,h240,241,12,0.8342859,-0.023620123,-3.283813192893686,0.0,0.0359211,0.02785223521205672,647.9536456982624,357.49355598129824,38500.0,ngs_in,holdout
SILVERM,ITM2-3 put,h240,222,12,0.8798471,-0.0050091976,-0.30400267439718265,0.25,-0.037818857,-0.0456374496422831,-963.2621641416807,-1235.0067388965267,37413.75,ngs_in,holdout
SILVERM,OTM1 call,h240,170,11,0.83188397,0.0024929952,0.186767684095469,0.5,0.051260307,0.04266940834675653,538.1376917221967,297.43321252223444,31570.0,ngs_in,holdout
SILVERM,OTM1 put,h240,171,12,0.8475698,0.007524228,0.41132487343930785,0.5,-0.036245797,-0.04458061899403828,-789.8687173051444,-1020.8694859016656,30852.5,ngs_in,holdout
SILVERM,OTM2-3 call,h240,289,11,0.8463512,0.016609827,0.846528028657665,0.5,0.074231625,0.06492807215521919,600.8646590816934,385.6448663475512,27442.5,ngs_in,holdout
SILVERM,OTM2-3 put,h240,300,12,0.84802437,0.021852203,0.8282210903399772,0.75,-0.021108137,-0.030086653077582355,-267.0764943440755,-475.7042399491598,26888.75,ngs_in,holdout
SILVERM,all,h240,2061,12,0.84645647,0.0011712527,0.08804638408097609,0.5,0.008300592,-8.71486339572133e-05,-85.00884476707492,-329.5235152425634,31440.0,ngs_in,holdout
SILVERM,ATM call,h240,41,3,1.2088317,-0.037195846,-6.480167347853619,0.0,0.054086994,0.04535738663765543,1907.6487471417684,1610.2015800142158,33932.5,cpi_in,holdout
SILVERM,ATM put,h240,37,3,1.2461371,-0.029083535,-3.808426158675521,0.0,-0.15688275,-0.1650123062893983,-5480.756572001689,-5757.940848746195,34187.5,cpi_in,holdout
SILVERM,ITM1 call,h240,37,3,1.1821506,-0.051521458,-3.230226626825759,0.0,0.027797963,0.01872361607517206,1058.2606630067567,729.5396043219077,36095.0,cpi_in,holdout
SILVERM,ITM1 put,h240,31,3,1.3286811,-0.036021348,-3.9170517845741526,0.0,-0.20161189,-0.20991329792503177,-7565.322580645161,-7874.4668365639145,37412.5,cpi_in,holdout
SILVERM,ITM2-3 call,h240,40,3,1.1279613,-0.08569238,-1.9558890255016572,0.0,-0.034054052,-0.04289790372605933,-1275.0191040039062,-1628.453401210248,39880.0,cpi_in,holdout
SILVERM,ITM2-3 put,h240,12,3,1.3459158,-0.025133386,-4.199067079949281,0.0,-0.2027116,-0.21076995390089215,-8173.19580078125,-8501.720657202344,40490.0,cpi_in,holdout
SILVERM,OTM1 call,h240,44,3,1.2346023,-0.029996717,-8.734324693280819,0.0,0.08602123,0.07647705412865403,2784.940518465909,2481.0111011762,31665.0,cpi_in,holdout
SILVERM,OTM1 put,h240,36,3,1.193338,-0.0005419304,-0.021525420683133265,0.3333333333333333,-0.097918,-0.10675592011012888,-3234.693128797743,-3514.14198825573,31767.5,cpi_in,holdout
SILVERM,OTM2-3 call,h240,54,3,1.2515738,-0.043137047,-5.886609382481713,0.0,0.05313062,0.043393504172167044,1548.7977882667824,1269.529947325108,28838.75,cpi_in,holdout
SILVERM,OTM2-3 put,h240,64,3,1.2182349,0.049815543,1.276492112988963,0.6666666666666666,-0.06549643,-0.07489169164161345,-1916.4170455932617,-2180.70172618185,28150.0,cpi_in,holdout
SILVERM,all,h240,396,3,1.2253327,-0.024833187,-11.381681907321353,0.0,-0.03451029,-0.04351903610954966,-1267.5506160235163,-1564.7847312549775,32982.5,cpi_in,holdout
SILVERM,ATM call,h240,74,2,0.599646,0.0079302825,27.44222114992583,1.0,-0.006646676,-0.015279255900005052,-140.36014041385135,-426.43368016026113,28562.5,fomc_day,holdout
SILVERM,ATM put,h240,72,2,0.60836464,0.010942971,9.05640811865127,1.0,0.017711457,0.009096579254811629,455.38194444444446,176.51279947846857,28557.5,fomc_day,holdout
SILVERM,ITM1 call,h240,61,2,0.55497545,0.010488598,2.607318628910845,1.0,-0.015441536,-0.02502893878358706,-595.7669217469262,-929.113338407963,30997.5,fomc_day,holdout
SILVERM,ITM1 put,h240,43,2,0.61633193,0.007449953,14.309803665592753,1.0,0.018295778,0.009471162943355767,541.7528729106104,240.9736281579786,30870.0,fomc_day,holdout
SILVERM,ITM2-3 call,h240,84,2,0.5678271,0.0011750018,0.2151653853170414,0.5,-0.0081857545,-0.01733712074273927,-189.44684709821428,-522.2448504703841,34075.0,fomc_day,holdout
SILVERM,ITM2-3 put,h240,83,2,0.6182778,0.0025983762,0.6679319165322097,0.5,-0.004563754,-0.01317120433420662,-486.7299569371235,-809.2584858645174,35642.5,fomc_day,holdout
SILVERM,OTM1 call,h240,65,2,0.59875286,0.0065167537,2.932715706262115,1.0,-0.005664278,-0.014774754284114596,-83.5137469951923,-357.52059679645646,26192.5,fomc_day,holdout
SILVERM,OTM1 put,h240,62,2,0.5594761,0.014947432,6.890810559507024,1.0,0.038770225,0.028933375143902967,1230.856461063508,941.971871356106,26012.5,fomc_day,holdout
SILVERM,OTM2-3 call,h240,108,2,0.60099953,0.004943341,0.850549452854235,0.5,-0.0017337529,-0.011455320010413243,166.98140462239584,-74.92951228853377,22618.75,fomc_day,holdout
SILVERM,OTM2-3 put,h240,115,2,0.5742634,0.02171795,2.114413014908517,1.0,0.019737016,0.009851788129601188,403.45945142663044,162.1122667420632,22965.0,fomc_day,holdout
SILVERM,all,h240,767,2,0.58983874,0.009166921,142.79771884748178,1.0,0.0047977157,-0.0044530029822472715,115.20059319487451,-170.12294600689043,29882.5,fomc_day,holdout
SILVERM,ATM call,h240,99,2,0.6735114,-0.024628064,-3.298321720628652,0.0,0.09794542,0.08882360073747908,2636.6678997001263,2354.057587789703,25117.5,fomc_next,holdout
SILVERM,ATM put,h240,89,2,0.6709931,-0.0080351075,-5.499528608497951,0.0,-0.12788096,-0.1364475858594288,-3478.083619535639,-3734.1488576721767,24360.0,fomc_next,holdout
SILVERM,ITM1 call,h240,92,2,0.6731435,-0.03156455,-2.650333925418998,0.0,0.08269025,0.0733702445505129,2449.2275602921195,2135.30957057086,28078.75,fomc_next,holdout
SILVERM,ITM1 put,h240,65,2,0.67267025,-0.012833749,-43.983251827385196,0.0,-0.13860011,-0.14798525610251803,-4145.549954927885,-4444.567110162492,26755.0,fomc_next,holdout
SILVERM,ITM2-3 call,h240,109,2,0.6659161,-0.03767291,-3.4323315429353904,0.0,0.06536697,0.05666373857653249,2113.7710991255735,1802.0005905634673,31955.0,fomc_next,holdout
SILVERM,ITM2-3 put,h240,70,2,0.6742529,-0.013251149,-6.665930797568408,0.0,-0.1365984,-0.14495788700092704,-4294.5615234375,-4576.608493363201,30635.0,fomc_next,holdout
SILVERM,OTM1 call,h240,92,2,0.67067194,-0.022607,-3.7300004196372347,0.0,0.09741801,0.08738263506402064,2549.6126655910325,2258.404440074712,22831.25,fomc_next,holdout
SILVERM,OTM1 put,h240,80,2,0.67412305,-0.013378592,-8.724129108461911,0.0,-0.12090299,-0.1298345707865816,-3161.417449951172,-3417.0567714428325,22747.5,fomc_next,holdout
SILVERM,OTM2-3 call,h240,117,2,0.6623356,-0.02961216,-5.555118450458585,0.0,0.113830395,0.10344586531510959,2169.3568250868057,1944.5330916070798,19100.0,fomc_next,holdout
SILVERM,OTM2-3 put,h240,130,2,0.6564041,-0.010548694,-7.043609159494959,0.0,-0.12837929,-0.13791520768970017,-2563.3096125676084,-2774.853698843785,19150.0,fomc_next,holdout
SILVERM,all,h240,943,2,0.66852397,-0.021115001,-5.25323921561731,0.0,-0.01018466,-0.019473336581705095,-276.38803848153333,-545.5910936732863,27547.5,fomc_next,holdout
SILVERM,ATM call,h240,151,3,0.59660405,-0.014165347,-6.3418999866463475,0.0,-0.016653212,-0.025150996526941444,-548.4105960264901,-851.5713483560293,37287.5,opec_mon,holdout
SILVERM,ATM put,h240,133,3,0.6010799,-0.015226217,-6.788880216329405,0.0,-0.010114096,-0.01851805808960637,-397.4966224154135,-695.0102326463254,37000.0,opec_mon,holdout
SILVERM,ITM1 call,h240,138,3,0.5933276,-0.010601709,-3.355438111016706,0.0,-0.020564985,-0.0295206899251728,-742.0550094825634,-1084.505209545399,39745.0,opec_mon,holdout
SILVERM,ITM1 put,h240,124,3,0.6049815,-0.011309962,-8.343639725888337,0.0,-0.013403888,-0.022314800549401697,-563.4516168409779,-904.2032220024804,39731.25,opec_mon,holdout
SILVERM,ITM2-3 call,h240,125,3,0.5972184,-0.014838198,-5.410990229612973,0.0,-0.01679517,-0.025227162698794773,-609.3823828125,-956.786866928468,41900.0,opec_mon,holdout
SILVERM,ITM2-3 put,h240,83,3,0.6017992,-0.013314613,-1.8888178644972258,0.0,-0.037573054,-0.04567999025630906,-1659.856398249247,-1989.2680487920325,42000.0,opec_mon,holdout
SILVERM,OTM1 call,h240,138,3,0.58987874,-0.014374699,-5.290155589236134,0.0,-0.0038516477,-0.01307397470294653,-76.98229803555253,-386.01342632959756,35032.5,opec_mon,holdout
SILVERM,OTM1 put,h240,137,3,0.5970904,-0.0126805715,-3.8866353135614555,0.0,-0.007421565,-0.016477933460374503,-298.0014327668796,-599.7558713103624,34512.5,opec_mon,holdout
SILVERM,OTM2-3 call,h240,186,3,0.59436053,-0.0102157295,-5.30886150835364,0.0,-0.0024748894,-0.011750945710505315,-24.255252961189516,-303.8779983158364,31138.75,opec_mon,holdout
SILVERM,OTM2-3 put,h240,189,3,0.6067375,-0.010707368,-2.2758897157637787,0.0,-0.010872203,-0.0200700530960653,-380.7648060309193,-650.0847900572621,30367.5,opec_mon,holdout
SILVERM,all,h240,1404,3,0.5982409,-0.012559956,-5.943338106962696,0.0,-0.012565012,-0.021429507505909343,-462.83141046507745,-770.8959398971964,34998.75,opec_mon,holdout
SILVERM,ATM call,h240,643,14,0.73868996,-0.0014732769,-0.31865140305005535,0.5,-0.017290296,-0.026384396258465746,-591.247482655764,-854.4041420493377,32070.0,eia_day,holdout
SILVERM,ATM put,h240,651,14,0.75885224,-0.00014464904,-0.029829972020849235,0.5,0.025489358,0.01631601824622356,681.1841364097302,419.6911163673299,31677.5,eia_day,holdout
SILVERM,ITM1 call,h240,540,14,0.7303597,-0.0058814976,-0.927560116003176,0.75,-0.020097619,-0.029523420943731,-720.750013563368,-1008.6948921351017,33741.25,eia_day,holdout
SILVERM,ITM1 put,h240,509,14,0.77793306,-0.0030575525,-0.6358747820988229,0.0,0.023670778,0.01422270948546367,700.7349951843381,417.5752712966406,33147.5,eia_day,holdout
SILVERM,ITM2-3 call,h240,803,13,0.74102134,-0.0104868235,-1.819599350118079,0.25,-0.023869209,-0.03309304793366905,-928.5779675095346,-1232.576311637121,35960.0,eia_day,holdout
SILVERM,ITM2-3 put,h240,726,14,0.77575684,-0.013266094,-2.0389479651779756,0.25,0.010491989,0.0012999166050998115,400.40487494350464,95.83360919705432,36035.0,eia_day,holdout
SILVERM,OTM1 call,h240,582,14,0.73903346,-0.0007071258,-0.272442533423658,0.5,-0.012926967,-0.022707168017901166,-413.18119219488295,-664.0031755715172,29137.5,eia_day,holdout
SILVERM,OTM1 put,h240,613,14,0.7492497,0.0021028607,0.38190404347886636,0.75,0.03050276,0.020372341044838455,757.0122608975136,497.82369673395044,29252.5,eia_day,holdout
SILVERM,OTM2-3 call,h240,1011,14,0.7514302,0.010519471,2.1454617180592486,1.0,-0.0030043211,-0.013781318701519638,-252.15761526166273,-476.3288365675103,25077.5,eia_day,holdout
SILVERM,OTM2-3 put,h240,1069,14,0.7563014,0.009025643,1.5830925657460235,0.75,0.040343855,0.02928096349605056,892.9517647838682,664.4625618305429,25045.0,eia_day,holdout
SILVERM,all,h240,7147,14,0.7518746,-0.00037285377,-0.13388866176853975,0.5,0.006490378,-0.0033630327534266537,69.82018015610517,-193.23322379609874,29847.5,eia_day,holdout
SILVERM,ATM call,h240,569,12,0.71600753,-0.0066974224,-1.4481608844817218,0.0,-0.006722219,-0.015656143714043332,-254.81008734141585,-529.6241385253347,33325.0,ngs_day,holdout
SILVERM,ATM put,h240,579,12,0.74566036,-0.0018602719,-0.3395935526930017,0.25,0.0017953059,-0.007175898695557666,-12.104790511320704,-281.2068878131843,32727.5,ngs_day,holdout
SILVERM,ITM1 call,h240,486,12,0.7208308,-0.009184248,-1.7159161043554987,0.25,-0.004773974,-0.0139950426483812,-236.47431299029063,-540.4710811309535,35703.75,ngs_day,holdout
SILVERM,ITM1 put,h240,474,12,0.7519734,-0.006269878,-1.1325490724420049,0.5,-0.0019502519,-0.01132059785987516,-96.77100459231606,-394.76315123784366,34607.5,ngs_day,holdout
SILVERM,ITM2-3 call,h240,668,12,0.7337042,-0.0129014505,-2.3091372346889814,0.25,-0.011892878,-0.02087929167752014,-567.1129018817833,-888.9804237755641,38230.0,ngs_day,holdout
SILVERM,ITM2-3 put,h240,635,12,0.7724911,-0.009587491,-1.429253448056154,0.25,-0.0063856784,-0.015346275556420269,-172.38880836306595,-482.3592737204049,37055.0,ngs_day,holdout
SILVERM,OTM1 call,h240,531,12,0.7213186,-0.0017448395,-0.260137691058155,0.75,-0.0025826183,-0.012196736069248208,-196.36221618077624,-467.22338367256975,31192.5,ngs_day,holdout
SILVERM,OTM1 put,h240,531,12,0.74892104,-0.0007153581,-0.10374740660967867,0.25,0.0019128533,-0.007716482604738669,-97.91689425538489,-360.54970652978307,30297.5,ngs_day,holdout
SILVERM,OTM2-3 call,h240,875,12,0.73286676,0.0059610605,0.610036676853455,0.75,0.002563058,-0.007614149684359449,-177.44741873604912,-411.93636234377385,25907.5,ngs_day,holdout
SILVERM,OTM2-3 put,h240,911,12,0.7398617,0.008067021,0.8389244659957611,0.75,0.018804848,0.008439799738835761,361.08042376755884,125.45550928777426,26057.5,ngs_day,holdout
SILVERM,all,h240,6259,12,0.7383389,-0.002519733,-0.4530205229945806,0.5,0.00015799118,-0.009341850068260923,-125.20759393582615,-399.39295779881024,30670.0,ngs_day,holdout
SILVERM,all,h240,16944,32,0.7013064,-0.014196028,-4.725354732969591,0.0,-0.01519567,-0.02497281939874015,-378.68629663591685,-635.9517434729593,28478.75,none,holdout
SILVERM,ATM call,eod,493,14,0.7657172,-0.01612128,-1.0445792273209276,0.5,-0.023619808,-0.032513571338531756,-1360.2463864216215,-1616.3141542880303,32242.5,eia_in,holdout
SILVERM,ATM put,eod,489,14,0.78391415,-0.0054502925,-0.37502443259838564,0.5,0.06999564,0.06083292502681963,2056.077379097968,1794.1754872432448,31747.5,eia_in,holdout
SILVERM,ITM1 call,eod,405,14,0.7516659,-0.020277578,-1.3120621782859148,0.5,-0.020093823,-0.029371713872941057,-1238.7010569631318,-1520.8138861722232,34142.5,eia_in,holdout
SILVERM,ITM1 put,eod,375,14,0.79199696,-0.0029271813,-0.2228259211615558,0.75,0.0527237,0.04326902730214383,1684.603232421875,1400.202022052121,33527.5,eia_in,holdout
SILVERM,ITM2-3 call,eod,621,13,0.75629133,-0.015141547,-1.6350395454432263,0.25,-0.016029518,-0.025075345348693254,-1195.0203882976048,-1491.455342633586,36025.0,eia_in,holdout
SILVERM,ITM2-3 put,eod,536,14,0.7890707,-0.01650611,-1.033226221625005,0.25,0.03593383,0.026784884865690778,1296.9072712001516,994.6405594627236,36005.0,eia_in,holdout
SILVERM,OTM1 call,eod,430,14,0.7598307,-0.01547033,-1.5829336263375273,0.5,-0.0049330955,-0.014645755046976601,-901.7470813130224,-1148.0221788302426,29378.75,eia_in,holdout
SILVERM,OTM1 put,eod,463,14,0.77605474,-0.0021277706,-0.1484065261590472,0.75,0.07213327,0.062137481890580284,1840.8452775926364,1583.4352667421417,29590.0,eia_in,holdout
SILVERM,OTM2-3 call,eod,751,14,0.7633307,0.007141194,0.6310409276932518,0.5,0.03162126,0.020847202671884026,-289.08504369255706,-510.4906597824001,24975.0,eia_in,holdout
SILVERM,OTM2-3 put,eod,793,14,0.7714799,0.0034951647,0.26014036090038817,0.75,0.083995596,0.07300944196839798,1783.5659974760847,1556.485724994066,25127.5,eia_in,holdout
SILVERM,all,eod,5356,14,0.7700769,-0.0070343474,-0.9876582871854338,0.5,0.030835593,0.021071336024480296,388.29954759855605,128.26443758264097,29930.0,eia_in,holdout
SILVERM,ATM call,eod,437,12,0.74027383,-0.00987976,-0.7137681504545083,0.0,0.026274588,0.017415334777528622,207.2788725619458,-64.69602700143129,33850.0,ngs_in,holdout
SILVERM,ATM put,eod,440,12,0.76550305,0.00076868426,0.042904687740659336,0.5,-0.012136915,-0.020882300416707557,-333.1426793878729,-596.8006707865807,32950.0,ngs_in,holdout
SILVERM,ITM1 call,eod,364,12,0.7428657,-0.019121444,-1.7268801301393324,0.25,0.03204387,0.022802717470083583,430.58963985233515,127.37819722147017,35873.75,ngs_in,holdout
SILVERM,ITM1 put,eod,358,12,0.76597434,-0.0068332776,-0.3944752852840807,0.25,-0.028438333,-0.037528993103145745,-797.9728604961374,-1088.1080635113237,34847.5,ngs_in,holdout
SILVERM,ITM2-3 call,eod,501,12,0.7559152,-0.019686727,-2.0916824379752974,0.0,0.022531845,0.013576168359321628,-14.020624522439496,-334.51384036433365,38500.0,ngs_in,holdout
SILVERM,ITM2-3 put,eod,461,12,0.79161024,-0.009244985,-0.4985089537077441,0.25,-0.015159475,-0.02399021667689038,-222.02899659791893,-526.0417641286542,36527.5,ngs_in,holdout
SILVERM,OTM1 call,eod,408,12,0.73696727,-0.004135341,-0.22234538279148205,0.25,0.046546165,0.036966748642569096,540.6820783428117,271.9769313405285,31461.25,ngs_in,holdout
SILVERM,OTM1 put,eod,395,12,0.7723678,0.0093003595,0.3981048248888355,0.5,-0.0017719269,-0.011220199594863638,-79.63130284562895,-337.72572978115176,30400.0,ngs_in,holdout
SILVERM,OTM2-3 call,eod,647,12,0.74918824,0.005997075,0.23872653854745496,0.5,0.057393566,0.04712761157365274,289.736354538978,56.36223646320929,25655.0,ngs_in,holdout
SILVERM,OTM2-3 put,eod,675,12,0.76355624,0.027742079,0.8155167240686009,0.75,0.024160117,0.013964376646789707,652.6202876338252,421.44328521730273,25990.0,ngs_in,holdout
SILVERM,all,eod,4686,12,0.758216,-0.0006227709,-0.03570325248625841,0.25,0.017852616,0.008450115820213409,111.56653260553794,-159.1192189379523,30872.5,ngs_in,holdout
SILVERM,ATM call,eod,91,3,0.9242919,-0.07932737,-5.5474546410531325,0.0,-0.025923748,-0.034717186126452075,-826.922594007555,-1125.6530831311275,33932.5,cpi_in,holdout
SILVERM,ATM put,eod,82,3,0.9350525,-0.07522237,-6.011120560672207,0.0,-0.17260595,-0.1809711607032499,-5988.449290205793,-6272.188882197158,34221.25,cpi_in,holdout
SILVERM,ITM1 call,eod,73,3,0.9286008,-0.091187,-5.125048471873835,0.0,-0.050871175,-0.060016156991869414,-1800.016387521404,-2132.9963953858482,36375.0,cpi_in,holdout
SILVERM,ITM1 put,eod,64,3,0.98730314,-0.067564666,-5.023996189750797,0.0,-0.20775434,-0.216385921219469,-7772.3046875,-8091.484848065898,37362.5,cpi_in,holdout
SILVERM,ITM2-3 call,eod,94,3,0.8827495,-0.09162154,-3.251727240296544,0.0,-0.05545873,-0.06457818414214413,-2112.692247755984,-2478.4913247600593,39995.0,cpi_in,holdout
SILVERM,ITM2-3 put,eod,48,3,0.93515015,-0.054990213,-7.791308855181501,0.0,-0.20379739,-0.21240473771192284,-8294.832560221354,-8641.604184269438,40100.0,cpi_in,holdout
SILVERM,OTM1 call,eod,90,3,0.9431483,-0.08238918,-5.025536796747563,0.0,-0.015083954,-0.02456395154242234,-436.55555555555554,-737.9336717161771,31617.5,cpi_in,holdout
SILVERM,OTM1 put,eod,80,3,0.92348886,-0.05182001,-2.8262163505508973,0.3333333333333333,-0.14374642,-0.15278139074810948,-4699.823791503906,-4985.342902638833,31922.5,cpi_in,holdout
SILVERM,OTM2-3 call,eod,126,3,0.9328597,-0.09114972,-3.5997745530152194,0.0,-0.014492365,-0.024338530209229242,-415.83441840277777,-696.9512126868036,28465.0,cpi_in,holdout
SILVERM,OTM2-3 put,eod,139,3,0.9330516,0.017750839,0.48694742039447,0.6666666666666666,-0.09008373,-0.09976394476812062,-2618.553826860387,-2889.223283808115,28000.0,cpi_in,holdout
SILVERM,all,eod,887,3,0.93090796,-0.063357264,-8.806271777462975,0.0,-0.08536974,-0.09454528103828454,-2957.752593340438,-3261.2764637320074,33000.0,cpi_in,holdout
SILVERM,ATM call,eod,74,2,0.6320998,0.015367437,4.531587481635392,1.0,0.0005116688,-0.007688376958236769,277.0945945945946,4.651585433126214,28562.5,fomc_day,holdout
SILVERM,ATM put,eod,72,2,0.6262371,0.0249038,4.5853353441302644,1.0,0.026528157,0.01831338839910016,470.03472222222223,204.26041467360778,28557.5,fomc_day,holdout
SILVERM,ITM1 call,eod,61,2,0.61573577,0.014993473,4.243792900182829,1.0,-0.022628162,-0.031381900834720006,-692.998767289959,-996.4208468866656,30997.5,fomc_day,holdout
SILVERM,ITM1 put,eod,43,2,0.62772894,0.01833233,4.192359419045544,1.0,0.021272646,0.012747757069661438,351.81163699127904,62.40739460324249,30870.0,fomc_day,holdout
SILVERM,ITM2-3 call,eod,84,2,0.5832605,0.007990588,1.0276770043889447,0.5,-0.021067142,-0.029532624139787817,-571.7892020089286,-880.6927495721496,34075.0,fomc_day,holdout
SILVERM,ITM2-3 put,eod,83,2,0.60987914,0.002812099,0.7797829545425767,0.5,0.0032628244,-0.004924282511087885,-267.47596832643075,-574.6907709408256,35642.5,fomc_day,holdout
SILVERM,OTM1 call,eod,65,2,0.6229292,0.01024432,1.419342750453626,0.5,-0.0024955254,-0.011160011473443835,218.1153846153846,-43.16506119832348,26192.5,fomc_day,holdout
SILVERM,OTM1 put,eod,62,2,0.61017495,0.031008292,5885.685607035984,1.0,0.05594287,0.046810173827608575,1546.1387191280241,1280.074869026699,26012.5,fomc_day,holdout
SILVERM,OTM2-3 call,eod,108,2,0.59910107,0.014100238,1.5256832161223526,0.5,-0.0072534177,-0.016438190619552033,137.12782118055554,-92.7586956103445,22618.75,fomc_day,holdout
SILVERM,OTM2-3 put,eod,115,2,0.5816039,0.040183436,4.514779027611231,1.0,0.051787365,0.04237069199071541,1102.496433423913,871.9216024035246,22965.0,fomc_day,holdout
SILVERM,all,eod,767,2,0.6074969,0.018605066,6.638038681943764,1.0,0.01103246,0.0023052944202076623,271.97740855708116,2.7213123683276343,29882.5,fomc_day,holdout
SILVERM,ATM call,eod,99,2,0.66996336,-0.050186884,-5.929734388429562,0.0,0.19263026,0.1837089098210498,5164.152684067235,4889.017386946969,25117.5,fomc_next,holdout
SILVERM,ATM put,eod,89,2,0.6728078,-0.008064497,-0.578462958955458,0.5,-0.2310725,-0.2388643861620894,-6463.912668978231,-6696.857996087521,24360.0,fomc_next,holdout
SILVERM,ITM1 call,eod,92,2,0.66692287,-0.057610285,-3.579198287390023,0.0,0.16227816,0.15314506347931328,4782.083634086277,4475.047779021811,28078.75,fomc_next,holdout
SILVERM,ITM1 put,eod,65,2,0.6753097,-0.021308744,-2.5696266807022248,0.0,-0.26980776,-0.2779819181835265,-8215.323580228365,-8473.814971546124,26755.0,fomc_next,holdout
SILVERM,ITM2-3 call,eod,109,2,0.6602529,-0.05123796,-5.056857203561664,0.0,0.12982401,0.1211754462714474,4131.487555547592,3821.6899907082397,31955.0,fomc_next,holdout
SILVERM,ITM2-3 put,eod,70,2,0.67271924,-0.041045032,-17.03717730193706,0.0,-0.24602176,-0.2536508440553026,-7805.940900530134,-8063.624455650018,30635.0,fomc_next,holdout
SILVERM,OTM1 call,eod,92,2,0.6701038,-0.047005855,-6.741696472069206,0.0,0.2098047,0.20009123462027653,5402.265094259511,5122.508897134613,22831.25,fomc_next,holdout
SILVERM,OTM1 put,eod,80,2,0.66850847,-0.006938404,-0.5694997833537855,0.5,-0.20558882,-0.21379455882655546,-5434.761993408203,-5669.715820610957,22747.5,fomc_next,holdout
SILVERM,OTM2-3 call,eod,117,2,0.66803426,-0.07443444,-5.283729178513676,0.0,0.20882961,0.19862200031101515,4054.8572299011753,3834.2685166583287,19100.0,fomc_next,holdout
SILVERM,OTM2-3 put,eod,130,2,0.6646223,-0.005205287,-2.4118353683799416,0.0,-0.23355351,-0.24227299511222433,-4655.531512920673,-4850.22106212501,19150.0,fomc_next,holdout
SILVERM,all,eod,943,2,0.6686002,-0.037215985,-12.022035728344692,0.0,-0.010867063,-0.019671844143708622,-342.24659730622017,-597.2603281787415,27547.5,fomc_next,holdout
SILVERM,ATM call,eod,151,3,0.5890214,-0.034579918,-9.920598646288077,0.0,-0.05156852,-0.059473259281197566,-1714.4039735099338,-1996.6540807286349,37287.5,opec_mon,holdout
SILVERM,ATM put,eod,133,3,0.5930569,-0.032744534,-19.5842104738094,0.0,-0.020105222,-0.028074797524779777,-872.687969924812,-1154.3842006838686,37000.0,opec_mon,holdout
SILVERM,ITM1 call,eod,138,3,0.5931323,-0.028756294,-10.219618652730121,0.0,-0.05280149,-0.061105189544490464,-1920.3804347826087,-2237.990358261056,39745.0,opec_mon,holdout
SILVERM,ITM1 put,eod,124,3,0.59126675,-0.027220579,-50.029370032929805,0.0,-0.030736469,-0.039059437292644196,-1335.2620967741937,-1653.1568001088,39731.25,opec_mon,holdout
SILVERM,ITM2-3 call,eod,125,3,0.59474146,-0.026013594,-6.9268986100934224,0.0,-0.051464062,-0.05930784970958311,-1993.9465625,-2317.0973788391566,41900.0,opec_mon,holdout
SILVERM,ITM2-3 put,eod,83,3,0.5889,-0.025400596,-5.320736903347187,0.0,-0.03655085,-0.044258546760544144,-1689.6161697571536,-2002.6959414189062,42000.0,opec_mon,holdout
SILVERM,OTM1 call,eod,138,3,0.5808486,-0.03527931,-8.915065750859023,0.0,-0.031110646,-0.03959480309658295,-904.8550724637681,-1189.3848860444648,35032.5,opec_mon,holdout
SILVERM,OTM1 put,eod,137,3,0.5925226,-0.03370413,-26.845484278505257,0.0,-0.02451443,-0.03303516504902895,-965.9306569343066,-1249.3422169814085,34512.5,opec_mon,holdout
SILVERM,OTM2-3 call,eod,186,3,0.5876358,-0.03258986,-7.390021801565522,0.0,-0.044892512,-0.05344136663821573,-1228.4955555905578,-1486.4675248022857,31138.75,opec_mon,holdout
SILVERM,OTM2-3 put,eod,189,3,0.5920666,-0.02361926,-2.422501842155726,0.0,-0.017774068,-0.026505711327951282,-671.8353820477844,-927.120450347427,30367.5,opec_mon,holdout
SILVERM,all,eod,1404,3,0.59019685,-0.030122526,-9.387672819036382,0.0,-0.035887856,-0.04417151800088568,-1287.527437998019,-1575.3038716215362,34998.75,opec_mon,holdout
SILVERM,ATM call,eod,643,14,0.7567203,-0.013547893,-1.1407324467200093,0.5,-0.023389446,-0.031961697013591764,-1130.608815716733,-1376.9955697563869,32070.0,eia_day,holdout
SILVERM,ATM put,eod,651,14,0.7749867,-0.0045492835,-0.3950031806138915,0.5,0.057072487,0.04829165779326661,1561.4811160414267,1310.9410796537663,31677.5,eia_day,holdout
SILVERM,ITM1 call,eod,540,14,0.7418541,-0.016159896,-1.3827890564588858,0.5,-0.021975659,-0.03086990824746719,-1090.239542360659,-1360.2887000680116,33741.25,eia_day,holdout
SILVERM,ITM1 put,eod,509,14,0.7811961,-0.0029244993,-0.29517683887833895,0.75,0.0444792,0.035428745789071694,1309.986423574871,1038.0689417876176,33147.5,eia_day,holdout
SILVERM,ITM2-3 call,eod,803,13,0.7468758,-0.013752683,-1.8657042279932283,0.5,-0.01887841,-0.02758879470948699,-1071.2053797283625,-1357.142821046565,35960.0,eia_day,holdout
SILVERM,ITM2-3 put,eod,726,14,0.7810618,-0.014455346,-1.2384479423869112,0.25,0.030202672,0.021447243189529435,969.7951572722968,679.6819191047073,36035.0,eia_day,holdout
SILVERM,OTM1 call,eod,582,14,0.7496349,-0.012750196,-1.694110592646425,0.25,-0.009969737,-0.019282136360218905,-756.7031700422674,-993.7700275043437,29137.5,eia_day,holdout
SILVERM,OTM1 put,eod,613,14,0.7665231,-0.0016093729,-0.140830882402225,0.5,0.061541267,0.05193103536118681,1476.1277086466405,1230.8039878813038,29252.5,eia_day,holdout
SILVERM,OTM2-3 call,eod,1011,14,0.75331056,0.0037445729,0.4314584035632426,0.5,0.016169608,0.005810876567396615,-270.09006345543264,-483.58170487794047,25077.5,eia_day,holdout
SILVERM,OTM2-3 put,eod,1069,14,0.7617789,0.004635036,0.45405586051073754,0.75,0.07111814,0.06054714312299181,1410.1637634905394,1192.2543500737497,25045.0,eia_day,holdout
SILVERM,all,eod,7147,14,0.7605909,-0.006029429,-1.0743387597195355,0.5,0.022939803,0.013555070536370355,267.29521316265715,17.801393306981044,29847.5,eia_day,holdout
SILVERM,ATM call,eod,569,12,0.729726,-0.01069802,-0.9266864080588685,0.25,0.018873224,0.010365175107790175,133.38025889203922,-126.26821573438436,33325.0,ngs_day,holdout
SILVERM,ATM put,eod,579,12,0.75481135,-0.0022975258,-0.1665562709721729,0.5,-0.014164637,-0.022563511198429337,-418.72673390442844,-670.7646847606723,32727.5,ngs_day,holdout
SILVERM,ITM1 call,eod,486,12,0.7307791,-0.017678544,-1.834948847880557,0.25,0.023526855,0.014697304381675899,323.97392618312756,34.23739151134723,35703.75,ngs_day,holdout
SILVERM,ITM1 put,eod,474,12,0.75309896,-0.007224876,-0.5412169426446529,0.5,-0.025494214,-0.03422140336763398,-749.5554515983484,-1027.5369156605166,34607.5,ngs_day,holdout
SILVERM,ITM2-3 call,eod,668,12,0.7432492,-0.017774357,-2.15810498847712,0.25,0.01659226,0.00800882668326127,-0.2027819970410741,-305.60219110008245,38230.0,ngs_day,holdout
SILVERM,ITM2-3 put,eod,635,12,0.7771956,-0.009381316,-0.6644050925264742,0.5,-0.01500209,-0.023446987677961714,-325.11868502399113,-617.6170448291224,37055.0,ngs_day,holdout
SILVERM,OTM1 call,eod,531,12,0.72608376,-0.0065097637,-0.4228528788293918,0.5,0.034633473,0.025442281348007603,393.9892428698064,137.46595467696963,31192.5,ngs_day,holdout
SILVERM,OTM1 put,eod,531,12,0.76119936,0.003806238,0.21705064521525855,0.5,-0.007575213,-0.016608644522628835,-255.89099373970103,-502.4397701665015,30297.5,ngs_day,holdout
SILVERM,OTM2-3 call,eod,875,12,0.7364212,0.0011381591,0.054694365843127785,0.75,0.040405042,0.03059705260027855,162.03358537946428,-61.27195536399233,25907.5,ngs_day,holdout
SILVERM,OTM2-3 put,eod,911,12,0.7508676,0.017551098,0.6885030585355394,0.75,0.012020593,0.0022937877901111317,333.6254222882435,112.21324057053697,26057.5,ngs_day,holdout
SILVERM,all,eod,6259,12,0.7461271,-0.0034693792,-0.2507863699338162,0.5,0.010244085,0.0012412906679824143,-8.29699212626006,-267.15919075058116,30670.0,ngs_day,holdout
SILVERM,all,eod,16944,32,0.701963,-0.0341856,-4.406851679937249,0.25,-0.035324853,-0.044499552691849846,-858.1064523583431,-1099.06341756212,28478.75,none,holdout
