id,category,und,question,n_cond,n_cond_days,n_comp,base_all,cond_mean,comp_mean,effect,se,ci_lo,ci_hi,p,eff_h1,eff_h2,side_used,trade_n,trade_days,prim_gross,prim_net,prim_p,prim_base,best_exit,best_gross,best_net,best_p,best_base,best_edge,best_edge_p,q,best_q_opt,best_q_edge,stable,sig,candidate_strict,candidate_loose
Q0001,OPEN,NIFTY,"If NIFTY rises more than 0.2% in the first 15 minutes, how often does it keep going the same way from 09:29 to 15:09 (vs other days)?",208,208,1068,0.5117554858934169,0.5240384615384616,0.5093632958801498,0.014675165658311728,0.037871748131969876,-0.059553460680349224,0.08890379199697268,0.6983887574616325,0.052974658869395785,-0.036991208075545456,CE,208.0,208.0,196.74995134118944,86.2219597788371,0.40356664190773284,-252.84366779102413,time,196.74995134118944,86.2219597788371,0.40356664190773284,-252.84366779102413,339.0656275698612,0.1685228405882341,0.844169269168605,1.0,0.600334859285847,False,False,False,False
Q0002,OPEN,NIFTY,"If NIFTY falls more than 0.2% in the first 15 minutes, how often does it keep going the same way from 09:29 to 15:09 (vs other days)?",291,291,985,0.4882445141065831,0.4742268041237113,0.49238578680203043,-0.018158982678319113,0.03333831341520592,-0.08350207697212271,0.047184111615484484,0.5859680488545482,-0.04638713080168777,0.013072284672076218,CE,291.0,291.0,-158.95960882549332,-264.948987516385,0.7866914674244869,-252.8436677910242,liq,54.34534957728435,-54.30795222298528,0.6137894229710686,-105.76488527875576,51.45693305577041,0.39203206013436764,0.7744864580147205,1.0,0.8450568766484648,False,False,False,False
Q0003,OPEN,NIFTY,"If NIFTY rises more than 0.4% in the first 15 minutes, how often does it keep going the same way from 09:29 to 15:09 (vs other days)?",63,63,1213,0.5117554858934169,0.4444444444444444,0.5152514427040396,-0.07080699825959513,0.06425268417179066,-0.1967422592363048,0.055128262717114546,0.27045801583968265,-0.009933774834437137,-0.14121510673234816,PE,63.0,63.0,578.3452560031225,466.3634278017659,0.2727147617615582,-284.2726893218188,time,578.3452560031225,466.3634278017659,0.2727147617615582,-284.2726893218188,750.6361171235845,0.1652338971621844,0.49208863248686974,1.0,0.5959071053538784,True,False,False,False
Q0004,OPEN,NIFTY,"If NIFTY falls more than 0.4% in the first 15 minutes, how often does it keep going the same way from 09:29 to 15:09 (vs other days)?",88,88,1188,0.4882445141065831,0.4659090909090909,0.4898989898989899,-0.023989898989899006,0.05514015777362145,-0.13206460822619703,0.08408481024639902,0.663510689658178,0.0010245601709552021,-0.07553366174055831,CE,88.0,88.0,-280.20173183176666,-393.57081022561636,0.7243108256848719,-252.84366779102413,liq,369.7982627695257,251.84591538401799,0.2641919848460641,-105.76488527875576,357.6108006627738,0.18532720762393534,0.82300845159524,1.0,0.625016320323043,False,False,False,False
Q0005,OPEN,NIFTY,"If NIFTY rises more than 0.2% in the first 30 minutes, how often does it keep going the same way from 09:44 to 15:09 (vs other days)?",242,242,1034,0.5109717868338558,0.5330578512396694,0.5058027079303675,0.0272551433093019,0.035655087964480546,-0.04262882910107997,0.09713911571968377,0.44462232447717864,0.06134147249311395,-0.011480896966754028,CE,242.0,242.0,6.580585661644409,-101.76121230345434,0.6293091168672541,-215.0498756979048,T25S15H60,90.0733671897699,-20.714915582196475,0.6093857328577172,-119.0571634227915,98.34224784059502,0.0936775650981786,0.6714303215612831,1.0,0.45791066175090345,False,False,False,False
Q0006,OPEN,NIFTY,"If NIFTY falls more than 0.2% in the first 30 minutes, how often does it keep going the same way from 09:44 to 15:09 (vs other days)?",332,332,944,0.4890282131661442,0.5210843373493976,0.4777542372881356,0.043330100061262034,0.03188692786152551,-0.01916827854732797,0.10582847866985204,0.1741886773443696,0.0887884709330728,-0.00708382526564344,PE,332.0,332.0,-139.7304174891976,-241.97010453210785,0.7978917476805414,-253.63566404652016,T30S15H60,60.05647963788136,-45.25345341083416,0.7355993203557145,-114.63483222701682,69.38137881618265,0.16710995529940126,0.37513087441441867,1.0,0.5990568820459776,False,False,False,False
Q0007,OPEN,NIFTY,"If NIFTY rises more than 0.4% in the first 30 minutes, how often does it keep going the same way from 09:44 to 15:09 (vs other days)?",99,99,1177,0.5109717868338558,0.5050505050505051,0.5114698385726423,-0.006419333522137194,0.05233960650957883,-0.1090049622809117,0.0961662952366373,0.9023860627935787,0.009184587813620082,-0.029320501866258897,PE,99.0,99.0,233.34333880080118,124.39782553515307,0.4037135153646673,-253.63566404652013,time,233.34333880080118,124.39782553515307,0.4037135153646673,-253.63566404652013,378.0334895816732,0.22943053159051757,0.9565143968806216,1.0,0.6907945073823243,False,False,False,False
Q0008,OPEN,NIFTY,"If NIFTY falls more than 0.4% in the first 30 minutes, how often does it keep going the same way from 09:44 to 15:09 (vs other days)?",137,137,1139,0.4890282131661442,0.4744525547445255,0.49078138718173836,-0.016328832437212837,0.045178194330881695,-0.10487809332574095,0.07222042845131528,0.7177767399863577,0.05565638233514825,-0.13659863945578232,CE,137.0,137.0,322.6277434937384,210.78936043919566,0.3490671179009603,-215.04987569790478,time,322.6277434937384,210.78936043919566,0.3490671179009603,-215.04987569790478,425.8392361371004,0.2166610065312683,0.8549695240834732,1.0,0.6759993405406028,False,False,False,False
Q0009,OPEN,NIFTY,"If NIFTY rises more than 0.4% in the first 15 minutes, how often does it close (15:29) above the open?",63,63,1213,0.48746081504702193,0.7936507936507936,0.47155812036273703,0.3220926732880566,0.05298249648113345,0.21824698018503502,0.4259383663910781,1.2076258410373453e-09,0.30901830931047913,0.3349753694581281,PE,63.0,63.0,578.3452560031225,466.3634278017659,0.2727147617615582,-284.2726893218188,time,578.3452560031225,466.3634278017659,0.2727147617615582,-284.2726893218188,750.6361171235845,0.1652338971621844,8.901927628218146e-09,1.0,0.5959071053538784,True,True,False,False
Q0010,OPEN,NIFTY,"If NIFTY falls more than 0.4% in the first 15 minutes, how often does it close (15:29) above the open?",88,88,1188,0.48746081504702193,0.2840909090909091,0.5025252525252525,-0.21843434343434337,0.05023528175020342,-0.31689549566474207,-0.11997319120394467,1.3724332516759557e-05,-0.2165042006967009,-0.24302134646962234,CE,88.0,88.0,-280.20173183176666,-393.57081022561636,0.7243108256848719,-252.84366779102413,liq,369.7982627695257,251.84591538401799,0.2641919848460641,-105.76488527875576,357.6108006627738,0.18532720762393534,8.158704583695774e-05,1.0,0.625016320323043,True,True,False,False
Q0051,GAP,NIFTY,"When NIFTY gaps up more than 0.5%, how often is the gap filled (previous close touched) the same day?",225,225,1051,0.658307210031348,0.3377777777777778,0.7269267364414843,-0.3891489586637065,0.03440858246598312,-0.45658978029703345,-0.3217081370303796,1.1756008990309342e-29,-0.36346232387175825,-0.46942419718392325,col:gapfill_dir,225.0,225.0,-825.5722000999583,-926.2951507513882,0.9889801027851174,-302.1645927437913,liq,-214.93333994547527,-320.4137489382713,0.9325352177729265,-37.263082105706545,-283.15066683256475,0.9067635105239118,2.3331156303844697e-28,1.0,1.0,True,True,False,False
Q0052,GAP,NIFTY,"When NIFTY gaps up more than 0.5%, how often is the first 15 minutes up?",225,225,1051,0.45297805642633227,0.4444444444444444,0.4548049476688868,-0.010360503224442374,0.03652895633991841,-0.08195725765068246,0.06123625120179771,0.7766982382683025,-0.04117316724525222,0.02412107373905914,PE,225.0,225.0,-541.666658952501,-643.5296285603524,0.9999999999898466,-122.72404657290643,liq,-214.93333994547527,-320.4137489382713,0.9325352177729265,-37.263082105706545,-283.15066683256475,0.9067635105239118,0.8828438972364757,1.0,1.0,False,False,False,False
Q0053,GAP,NIFTY,"When NIFTY gaps up more than 0.5%, how often is 09:30-15:09 up (the rest of the day after the first 15 min)?",225,225,1051,0.5117554858934169,0.5688888888888889,0.4995242626070409,0.06936462628184797,0.03645448074055148,-0.002086155969632922,0.14081540853332886,0.05707008367018214,0.07685828057994698,0.06849916571528936,CE,225.0,225.0,418.8455582227972,313.83469455567,0.1809836340588477,-252.84366779102413,time,418.8455582227972,313.83469455567,0.1809836340588477,-252.84366779102413,566.6783623466943,0.049873660246223285,0.16543911895401117,1.0,0.3289328099878883,True,False,False,False
Q0054,GAP,NIFTY,"When NIFTY gaps up 0.2-0.5%, how often is the gap filled (previous close touched) the same day?",336,336,940,0.658307210031348,0.6607142857142857,0.6574468085106383,0.0032674772036473954,0.030124278884698825,-0.055776109410362304,0.062311063817657095,0.9136255973216586,0.16882959369314732,-0.1493064312736444,col:gapfill_dir,336.0,336.0,27.770062421581574,-71.87268139162138,0.6065035350760916,-302.1645927437913,T30S20H60,50.916669028145925,-50.45910755603233,0.7324395631984899,-133.1822508290285,82.72314327299625,0.1546302677884492,0.9617075587211031,1.0,0.5779579908104009,False,False,False,False
Q0055,GAP,NIFTY,"When NIFTY gaps up 0.2-0.5%, how often is the first 15 minutes up?",336,336,940,0.45297805642633227,0.39880952380952384,0.4723404255319149,-0.07353090172239107,0.0312967100814988,-0.13487245348212873,-0.012189349962653431,0.018799803590475162,-0.01671046425443029,-0.12060289437338617,PE,336.0,336.0,-34.55064364842006,-133.94312931163142,0.9530124325474336,-122.72404657290642,T30S20H60,50.916669028145925,-50.45910755603233,0.7324395631984899,-133.1822508290285,82.72314327299625,0.1546302677884492,0.06948924536307438,1.0,0.5779579908104009,True,False,False,False
Q0056,GAP,NIFTY,"When NIFTY gaps up 0.2-0.5%, how often is 09:30-15:09 up (the rest of the day after the first 15 min)?",336,336,940,0.5117554858934169,0.47619047619047616,0.524468085106383,-0.04827760891590682,0.031756437454581905,-0.11052022632688735,0.013965008495073712,0.12844906603975115,-0.11124587291961457,0.007037770972197266,PE,336.0,336.0,47.46354082954072,-50.436427943906246,0.579070104197365,-284.2726893218187,T30S20H60,127.6205362308593,28.087338424856988,0.3572458044743051,-52.99495436370574,81.08229278856277,0.14546669575792182,0.30127144580232545,1.0,0.5616172033266666,False,False,False,False
Q0057,GAP,NIFTY,"When NIFTY gaps down 0.2-0.5%, how often is the gap filled (previous close touched) the same day?",129,129,1147,0.658307210031348,0.627906976744186,0.6617262423714037,-0.0338192656272176,0.04480950196197553,-0.12164588947268963,0.054007358218254434,0.4504084547529871,-0.008120519713261665,-0.05964921452283234,col:gapfill_dir,129.0,129.0,-814.1628279675577,-919.3262312576426,0.9794539597308671,-266.10469182845526,T30S10H60,-0.3023171240045119,-111.91458660378038,0.8738410118875625,-66.857606735044,-45.056979868736306,0.6775551260958259,0.6748279984103988,1.0,0.9205193746720035,True,False,False,False
Q0058,GAP,NIFTY,"When NIFTY gaps down 0.2-0.5%, how often is the first 15 minutes up?",129,129,1147,0.45297805642633227,0.49612403100775193,0.44812554489973844,0.047998486108013494,0.046423817742730654,-0.04299219666773858,0.13898916888376556,0.30117384155755195,0.015120967741935498,0.0801421961993884,PE,129.0,129.0,520.906995581102,416.60434719607076,0.049066573872149466,-122.72404657290643,liq,906.3216827451721,798.3659258362203,0.029211005482528602,-37.26308210570655,835.6290079419268,0.023804069124245476,0.5294696104119252,1.0,0.2139963711177627,True,False,False,False
Q0059,GAP,NIFTY,"When NIFTY gaps down 0.2-0.5%, how often is 09:30-15:09 up (the rest of the day after the first 15 min)?",129,129,1147,0.5117554858934169,0.4806201550387597,0.5152571926765476,-0.03463703763778786,0.04641679089203695,-0.1256139477861803,0.05633987251060456,0.45553583045316853,0.043178763440860135,-0.10748359777295657,PE,129.0,129.0,157.99032961271067,54.30060422299377,0.4533392258401032,-284.2726893218187,liq,328.5775070781856,222.4820112909215,0.20733691092721418,-191.94767087316012,414.42968216408156,0.06432548540263806,0.6791558663086545,1.0,0.37739484238488663,False,False,False,False
Q0060,GAP,NIFTY,"When NIFTY gaps down more than 0.5%, how often is the gap filled (previous close touched) the same day?",120,120,1156,0.658307210031348,0.35833333333333334,0.6894463667820069,-0.33111303344867354,0.04585795865328651,-0.4209946324091151,-0.24123143448823198,5.183297395932878e-13,-0.2964116511668714,-0.38754385964912286,col:gapfill_dir,120.0,120.0,-346.016667286555,-459.4110832548394,0.8102377157679022,-266.1046918284552,liq,-224.92708333333334,-341.6018652020291,0.8717773655545515,-54.889139309385854,-286.71272589264316,0.8295747836796517,4.487552779029136e-12,1.0,0.9957083517878932,True,True,False,False
Q0061,GAP,NIFTY,"When NIFTY gaps down more than 0.5%, how often is the first 15 minutes up?",120,120,1156,0.45297805642633227,0.6833333333333333,0.4290657439446367,0.25426758938869665,0.04490803461059943,0.16624784155192177,0.34228733722547156,1.4965189259873807e-08,0.18810317599578874,0.376140350877193,CE,120.0,120.0,-435.662480990092,-548.6966291329167,0.9994183441426686,-185.76101861150167,liq,-224.92708333333334,-341.6018652020291,0.8717773655545515,-54.889139309385854,-286.71272589264316,0.8295747836796517,1.0268667098530432e-07,1.0,0.9957083517878932,True,True,False,False
Q0062,GAP,NIFTY,"When NIFTY gaps down more than 0.5%, how often is 09:30-15:09 up (the rest of the day after the first 15 min)?",120,120,1156,0.5117554858934169,0.5083333333333333,0.5121107266435986,-0.0037773933102652757,0.04796554784485394,-0.097789867086179,0.09023508046564845,0.9372297099623854,-0.024785050008773513,0.04096491228070176,CE,120.0,120.0,-10.752105018123984,-121.08280184853888,0.5989928865715641,-252.8436677910241,liq,131.86871115366617,18.86687286635576,0.47494934377538667,-105.76488527875571,124.63175814511148,0.3390445628096584,0.9734336689257431,1.0,0.8115814576723511,False,False,False,False
Q0063,GAP,NIFTY,"On NIFTY gap-up (>0.5%) days, how often is the day's HIGH set in the first 30 minutes?",225,225,1051,0.3322884012539185,0.30666666666666664,0.33777354900095147,-0.031106882334284824,0.03404003641119363,-0.09782535370022434,0.03561158903165469,0.3608050089166087,-0.04982642434143353,0.01914463862299115,,,,,,,,,,,,,,,0.5891626094967408,,,False,False,False,False
Q0064,GAP,NIFTY,"On NIFTY gap-up (>0.5%) days, how often is the day's LOW set in the first 30 minutes?",225,225,1051,0.3072100313479624,0.31555555555555553,0.3054234062797336,0.010132149275821956,0.03409793547993318,-0.05669980426484708,0.07696410281649099,0.76635316271794,0.04140289973453132,-0.034835045812476206,,,,,,,,,,,,,,,0.8771921738297627,,,False,False,False,False
Q0065,GAP,NIFTY,"On NIFTY gap-down (<-0.5%) days, how often is the day's HIGH set in the first 30 minutes?",120,120,1156,0.3322884012539185,0.31666666666666665,0.33391003460207613,-0.01724336793540948,0.044690107514960574,-0.10483597866473221,0.07034924279391325,0.699612901041272,-0.03825232496929287,0.03175438596491226,,,,,,,,,,,,,,,0.844169269168605,,,False,False,False,False
Q0066,GAP,NIFTY,"On NIFTY gap-down (<-0.5%) days, how often is the day's LOW set in the first 30 minutes?",120,120,1156,0.3072100313479624,0.4083333333333333,0.2967128027681661,0.11162053056516724,0.04685664248959741,0.01978151128555633,0.20345954984477815,0.017210907649717166,0.05369363046148451,0.24763157894736848,,,,,,,,,,,,,,,0.06510871222327022,,,True,False,False,False
Q0131,TIMING,NIFTY,"If at 10:15 NIFTY's day high so far was made in the first 15 minutes, how often does it stay the day's high to the close?",635,635,641,0.4004702194357367,0.5417322834645669,0.26053042121684866,0.28120186224771826,0.026306905183870757,0.2296403280873316,0.33276339640810493,1.142550941773922e-26,0.2901323741855597,0.272189465408805,PE,635.0,635.0,-23.415361280809705,-121.96306997717349,0.7375453418526308,-242.69512475848595,liq,135.10275379691538,34.545466487553426,0.3884123554184006,-55.51453778010825,90.06000426766175,0.22996005727505897,2.1998368878930736e-25,1.0,0.6912926838205891,True,True,False,False
Q0132,TIMING,NIFTY,"If at 10:15 NIFTY's day low so far was made in the first 15 minutes, how often does it stay the day's low to the close?",575,575,701,0.40282131661442006,0.528695652173913,0.2995720399429387,0.22912361223097433,0.027078640415860906,0.17604947701588697,0.2821977474460617,2.641527307153593e-17,0.218486400094711,0.24305388742093048,CE,575.0,575.0,-47.34260643263874,-148.96206613031845,0.8069844828360688,-198.8629565242241,liq,30.22783272784689,-72.7790043552677,0.7865772785242545,-76.9851059787868,4.206101623519081,0.4816861191609954,3.0977911147528496e-16,1.0,0.8450568766484648,True,True,False,False
Q0133,TIMING,NIFTY,"If at 11:15 NIFTY's day high so far was made in the first 15 minutes, how often does it stay the day's high to the close?",517,517,759,0.4945141065830721,0.6653771760154739,0.37812911725955206,0.2872480587559218,0.02722225913232833,0.23389243085655825,0.34060368665528534,4.9750862136052474e-26,0.2852522179974652,0.2905388779527559,PE,517.0,517.0,46.612658003053305,-51.520120988817595,0.609371851443159,-242.86998444356368,time,46.612658003053305,-51.520120988817595,0.609371851443159,-242.86998444356368,191.34986345474604,0.1511920836267301,9.438031199339366e-25,1.0,0.5728794509363976,True,True,False,False
Q0134,TIMING,NIFTY,"If at 11:15 NIFTY's day low so far was made in the first 15 minutes, how often does it stay the day's low to the close?",470,470,806,0.49608150470219436,0.6468085106382979,0.40818858560794047,0.23861992503035745,0.028042641810811456,0.183656347081167,0.2935835029795479,1.7516566690821268e-17,0.21509511993382963,0.2682129244629245,CE,470.0,470.0,61.521803310933585,-39.19545214553063,0.5889040803868222,-154.0105702385585,liq,198.72020295325746,96.63766761204185,0.17705215115592346,-18.433441903963853,115.07110951600576,0.13492332625375675,2.0730615624916912e-16,1.0,0.5406290330126515,True,True,False,False
Q0135,TIMING,NIFTY,"If at 12:30 NIFTY's day high so far was made in the first 15 minutes, how often does it stay the day's high to the close?",461,461,815,0.5556426332288401,0.7462039045553145,0.44785276073619634,0.29835114381911815,0.026735417091606813,0.2459497263195688,0.3507525613186675,6.442678647020788e-29,0.29508403361344543,0.305235290939543,PE,461.0,461.0,-40.311308470665765,-136.57627599937842,0.7941024584984769,-277.735850034565,liq,63.96365701505781,-33.79642044772687,0.6336650934666684,-84.99873090142668,51.20231045369982,0.3024051785028995,1.259250826463154e-27,1.0,0.775131915384468,True,True,False,False
Q0136,TIMING,NIFTY,"If at 12:30 NIFTY's day low so far was made in the first 15 minutes, how often does it stay the day's low to the close?",407,407,869,0.5799373040752351,0.7469287469287469,0.5017261219792866,0.24520262494946032,0.027435584374611927,0.19142887957522095,0.2989763703236997,3.984559133623863e-19,0.22422535211267602,0.27129191046716816,CE,407.0,407.0,172.25799270518837,71.43073946912003,0.31629122748174676,-103.63625271840947,time,172.25799270518837,71.43073946912003,0.31629122748174676,-103.63625271840947,175.0669921875295,0.1206495137923762,5.140081282374783e-18,1.0,0.5152110106983615,True,True,False,False
Q0137,TIMING,NIFTY,"If at 14:00 NIFTY's day high so far was made in the first 15 minutes, how often does it stay the day's high to the close?",399,399,877,0.6481191222570533,0.8621553884711779,0.5507411630558723,0.3114142254153056,0.02409222188592703,0.26419347051888864,0.3586349803117226,3.214126012861348e-38,0.3230503313835693,0.2996575342465754,PE,399.0,399.0,91.67604253853771,-3.0020981489368954,0.5094841077537258,-215.50579224832822,T30S20H60,131.93859642908387,35.80126425969108,0.30935401353712494,-121.80140563610419,157.60266989579526,0.01423046502464255,8.637963659564872e-37,1.0,0.15518617702259824,True,True,False,False
Q0138,TIMING,NIFTY,"If at 14:00 NIFTY's day low so far was made in the first 15 minutes, how often does it stay the day's low to the close?",355,355,921,0.695141065830721,0.856338028169014,0.6330076004343105,0.22333042773470357,0.024479572579870296,0.1753504654781578,0.27131038999124935,7.298245924101995e-20,0.22313141182217877,0.22363567288013042,CE,355.0,355.0,33.32394874631099,-65.41424781530804,0.7293046168233714,-192.37866204734038,time,33.32394874631099,-65.41424781530804,0.7293046168233714,-192.37866204734038,126.96441423203234,0.1179401028775478,9.807017960512056e-19,1.0,0.5092670565982615,True,True,False,False
Q0139,TIMING,NIFTY,"On Mondays, how often is NIFTY's day high set in the first 30 minutes (vs other weekdays)?",255,255,1021,0.3322884012539185,0.3058823529411765,0.3388834476003918,-0.0330010946592153,0.03244810370940689,-0.09659937792965281,0.03059718861122221,0.30913329782571275,-0.03267716535433074,-0.03302923976608185,,,,,,,,,,,,,,,0.5359972502623245,,,True,False,False,False
Q0140,TIMING,NIFTY,"On Tuesdays, how often is NIFTY's day high set in the first 30 minutes (vs other weekdays)?",259,259,1017,0.3322884012539185,0.32432432432432434,0.3343166175024582,-0.009992293178133882,0.03264593453872619,-0.07397832487403722,0.05399373851776945,0.7595431397914753,-0.07828086687683705,0.057843731072077575,,,,,,,,,,,,,,,0.8717176604368355,,,False,False,False,False
Q0141,TIMING,NIFTY,"On Wednesdays, how often is NIFTY's day high set in the first 30 minutes (vs other weekdays)?",253,253,1023,0.3322884012539185,0.2964426877470356,0.3411534701857282,-0.04471078243869264,0.03232489032994895,-0.10806756748539259,0.018646002608007306,0.166613088619046,0.03878348214285715,-0.1277716997704054,,,,,,,,,,,,,,,0.3635057356344055,,,False,False,False,False
Q0142,TIMING,NIFTY,"On Thursdays, how often is NIFTY's day high set in the first 30 minutes (vs other weekdays)?",257,257,1019,0.3322884012539185,0.377431906614786,0.3209028459273798,0.05652906068740621,0.0336013887711125,-0.009329661303974293,0.12238778267878671,0.09250235034470922,0.06127450980392157,0.05175065868628259,,,,,,,,,,,,,,,0.23723266788205744,,,True,False,False,False
Q0143,TIMING,NIFTY,"On Fridays, how often is NIFTY's day high set in the first 30 minutes (vs other weekdays)?",250,250,1026,0.3322884012539185,0.356,0.32651072124756336,0.02948927875243662,0.033649253765913344,-0.036463258628753534,0.09544181613362678,0.38082759379561937,0.01241325536062382,0.04656530214424953,,,,,,,,,,,,,,,0.6065032049337642,,,True,False,False,False
Q0196,TOD,NIFTY,Are NIFTY's 15-minute moves bigger when they start at 09:20-10:00 than at other times?,10208,1276,76560,9.160778336819085,12.410683764092227,8.727457613182667,3.68322615090956,0.16734674586451018,3.3552265290151198,4.011225772804,2.3330888132493257e-107,3.685798850752093,3.6806534510670277,CE+PE,10208.0,1276.0,-37.528782315949286,-240.6204362057591,1.0,-240.9284460406695,liq,3.2159312204881148,-203.28585168592622,0.9986521191778975,-204.50101468481463,1.2151629988884594,0.49284513651736717,2.315141976224331e-105,1.0,0.8450568766484648,True,True,False,False
Q0197,TOD,NIFTY,Is NIFTY more often up over the next 15 minutes when starting at 09:20-10:00?,10208,1276,76560,0.5141181080582703,0.5056818181818182,0.5152429467084639,-0.009561128526645701,0.007614846629352245,-0.0244862279201761,0.005363970866884699,0.20926450415477593,-0.006008359456635359,-0.013113897596656265,PE,10208.0,1276.0,-22.57585101086518,-122.27316874457239,0.9999999987592366,-123.05360125688857,T30S10H30,-1.3569255056426068,-103.51423508900241,0.9999999999197137,-104.48162167496547,0.9673865859630799,0.4761718405981456,0.4257905526177617,1.0,0.8450568766484648,True,False,False,False
Q0198,TOD,NIFTY,"On EXPIRY days, are NIFTY's 60-minute moves bigger starting at 09:20-10:00 than at other hours of expiry days?",2144,268,16080,17.43143221215264,21.020677784040792,16.952866135900887,4.067811648139905,0.7845943356169912,2.5300067503306023,5.605616545949208,2.1647326153334467e-07,2.650911366880237,5.484711929399577,CE+PE,2144.0,268.0,-182.57601663025457,-344.0412349138532,0.9999998645686512,-294.8161285743037,liq,331.82135742991716,165.04129521946848,0.17238716460317283,-204.5010146848146,369.5423099042831,0.01719649889268802,1.4103560978687608e-06,1.0,0.17426958504588533,True,True,False,False
Q0199,TOD,NIFTY,Are NIFTY's 15-minute moves bigger when they start at 10:00-11:00 than at other times?,15312,1276,71456,9.160778336819085,9.098041611592224,9.174221920796269,-0.0761803092040445,0.11849998808455874,-0.3084402858497796,0.1560796674416906,0.5203072421325347,-0.8900541415106353,0.7376935231025445,CE+PE,15312.0,1276.0,-14.401920387363733,-215.04810234142946,1.0,-215.10868113925235,liq,50.13728115501324,-153.1034222906755,0.9960819619152249,-154.11471022567466,1.0112879349991635,0.49299344444866355,0.7299527306638063,1.0,0.8450568766484648,False,False,False,False
Q0200,TOD,NIFTY,Is NIFTY more often up over the next 15 minutes when starting at 10:00-11:00?,15312,1276,71456,0.5141181080582703,0.5126044932079414,0.5144424540976265,-0.0018379608896850197,0.006209576410212161,-0.014008730653700854,0.010332808874330815,0.7672391488256411,-0.005327287654873891,0.0016513658755038518,PE,15312.0,1276.0,4.206196764793516,-94.10986802552854,0.9999999999504625,-94.21880541914742,liq,12.20002337122412,-87.33982430844853,0.9618032777297683,-87.82438926844195,0.4845649599934165,0.49607799518516077,0.8774277499867704,1.0,0.8450568766484648,False,False,False,False
Q0201,TOD,NIFTY,"On EXPIRY days, are NIFTY's 60-minute moves bigger starting at 10:00-11:00 than at other hours of expiry days?",3216,268,15008,17.43143221215264,15.941975270337727,17.750601556827263,-1.8086262864895364,0.7132692100724748,-3.2066339382315867,-0.41061863474748583,0.011222752076683478,-3.811212732170013,0.19396015919093657,CE+PE,3216.0,268.0,-88.64030719470622,-246.2471114982909,0.9999953092548504,-249.74487903436585,liq,166.83535671352746,5.41746395813286,0.4849445482273964,-154.11471022567466,159.53217418380754,0.13316027923848886,0.04524171930913027,1.0,0.5366901534991259,False,True,False,False
Q0202,TOD,NIFTY,Are NIFTY's 15-minute moves bigger when they start at 11:00-12:00 than at other times?,15312,1276,71456,9.160778336819085,7.790860060178125,9.454332253242148,-1.663472193064023,0.09757352278570615,-1.854716297724007,-1.472228088404039,3.592487608909344e-65,-2.1307843691342825,-1.196160016993761,CE+PE,15312.0,1276.0,-8.825857353434667,-207.5485061331674,1.0,-207.58711995577588,liq,49.19954267539699,-151.68967127769986,0.9986710592079823,-152.2327115358598,0.5430402581599215,0.4957087098350761,2.4391100081542386e-63,1.0,0.8450568766484648,True,True,False,False
Q0203,TOD,NIFTY,Is NIFTY more often up over the next 15 minutes when starting at 11:00-12:00?,15312,1276,71456,0.5141181080582703,0.5126698014629049,0.5144284594715629,-0.0017586580086580428,0.006202584886185552,-0.013915724385581724,0.010398408368265638,0.7767657545452713,-0.010244066278549013,0.006726750261233039,PE,15312.0,1276.0,-0.8842423779339128,-98.2275414190738,0.9999999999999998,-97.94759026401363,time,-0.8842423779339128,-98.2275414190738,0.9999999999999998,-97.94759026401363,-0.27995115506019586,0.5092689837496491,0.8828438972364757,1.0,0.8450568766484648,False,False,False,False
Q0204,TOD,NIFTY,"On EXPIRY days, are NIFTY's 60-minute moves bigger starting at 11:00-12:00 than at other hours of expiry days?",3216,268,15008,17.43143221215264,15.636277925315781,17.81610813076054,-2.179830205444759,0.6829819247778726,-3.518474778009389,-0.8411856328801288,0.0014146912909571655,-1.908482151880449,-2.451178259009067,CE+PE,3216.0,268.0,-108.77293575091741,-263.0857425159606,0.9999999993899815,-231.93383710452935,liq,109.78854915692439,-47.96940877824514,0.6497805701326925,-152.23271153585978,104.26330275761462,0.2015153085833015,0.006912696080813422,1.0,0.6513790726176405,True,True,False,False
Q0205,TOD,NIFTY,Are NIFTY's 15-minute moves bigger when they start at 12:00-13:00 than at other times?,15312,1276,71456,9.160778336819085,7.980182463347974,9.413763166848609,-1.4335807035006347,0.10822757821607451,-1.6457067568041408,-1.2214546501971286,4.7600567247584616e-40,-1.5781790234380946,-1.288982383563174,CE+PE,15312.0,1276.0,-13.352974281727084,-210.3598872097465,1.0,-210.22762231820468,liq,-4.587823340636187,-203.58232625359747,0.9999983684718519,-203.43555063738805,-0.1467756162093931,0.5013384596497887,1.364549594430759e-38,1.0,0.8450568766484648,True,True,False,False
Q0206,TOD,NIFTY,Is NIFTY more often up over the next 15 minutes when starting at 12:00-13:00?,15312,1276,71456,0.5141181080582703,0.5193312434691745,0.5130010076130765,0.006330235856097932,0.00618930954183123,-0.005800810845891277,0.01846128255808714,0.306416931352262,0.004506269592476464,0.00815420211971929,CE,15312.0,1276.0,-4.945467295380097,-105.42868169355407,1.0,-105.34752530073384,liq,18.916943166074084,-82.62991244390106,0.9921060815759446,-82.5762030211865,-0.053709422714569556,0.5006259237175896,0.5348820587881163,1.0,0.8450568766484648,True,False,False,False
Q0207,TOD,NIFTY,"On EXPIRY days, are NIFTY's 60-minute moves bigger starting at 12:00-13:00 than at other hours of expiry days?",3216,268,15008,17.43143221215264,16.591709058972732,17.611372887834047,-1.0196638288613151,0.7359197064994146,-2.4620664536001677,0.4227387958775375,0.16588008698384774,-0.18745494854729827,-1.851872709175332,CE+PE,3216.0,268.0,-91.36582920577989,-242.62724890212482,0.9999715953387764,-264.0457716567813,liq,13.459807177681235,-140.82672345461472,0.9031788342239817,-203.43555063738805,62.608827182773325,0.281665442118459,0.3635057356344055,1.0,0.7537254179046861,True,False,False,False
Q0208,TOD,NIFTY,Are NIFTY's 15-minute moves bigger when they start at 13:00-14:00 than at other times?,15312,1276,71456,9.160778336819085,8.704951589134918,9.25845549703712,-0.5535039079022024,0.11252394538105613,-0.7740508408490724,-0.3329569749553324,8.699291700796891e-07,0.030552962312485832,-1.1375607781168915,CE+PE,15312.0,1276.0,-24.517849114496755,-219.41623363017717,1.0,-219.39187391564082,time,-24.517849114496755,-219.41623363017717,1.0,-219.39187391564082,-0.02435971453631343,0.5018050098822248,5.44761470583883e-06,1.0,0.8450568766484648,False,True,False,False
Q0209,TOD,NIFTY,Is NIFTY more often up over the next 15 minutes when starting at 13:00-14:00?,15312,1276,71456,0.5141181080582703,0.521551724137931,0.5125251903269145,0.00902653381101659,0.006254474943726515,-0.0032322370786873784,0.02128530470072056,0.14896073681125035,0.0010169428272877035,0.017036124794745477,CE,15312.0,1276.0,-0.7528569098550324,-100.41855709841188,0.999999999999995,-100.41607790140075,liq,12.890266582696789,-87.78959175778083,0.9974879948247867,-87.80687619980039,0.017284442019559167,0.49977964082389925,0.33535663261171544,1.0,0.8450568766484648,True,False,False,False
Q0210,TOD,NIFTY,"On EXPIRY days, are NIFTY's 60-minute moves bigger starting at 13:00-14:00 than at other hours of expiry days?",3216,268,15008,17.43143221215264,18.615741385749324,17.17765167495335,1.4380897107959747,0.7448753686691313,-0.0218660117955225,2.898045433387472,0.053527001308992975,2.5416552208379883,0.3345242007539557,CE+PE,3216.0,268.0,-176.12958458080814,-323.2703204249018,0.9999999386199818,-280.5191784598899,liq,10.423035451132266,-140.03854716968175,0.9229377388942073,-228.28558640523318,88.2470392355514,0.1845787029962342,0.15728891045239393,1.0,0.6239702302821417,True,False,False,False
Q0211,TOD,NIFTY,Are NIFTY's 15-minute moves bigger when they start at 14:00-14:55 than at other times?,15312,1276,71456,9.160778336819085,10.063252341660087,8.967391050067441,1.0958612915926462,0.14640226273583498,0.8089128566304097,1.3828097265548829,7.13971269771704e-14,1.9357511069476026,0.2559714762376908,CE+PE,15312.0,1276.0,-44.0235792150937,-236.09378633741548,1.0,-236.04332716637316,time,-44.0235792150937,-236.09378633741548,1.0,-236.04332716637316,-0.05045917104233715,0.5036942750175165,6.578735271467844e-13,1.0,0.8450568766484648,True,True,False,False
Q0212,TOD,NIFTY,Is NIFTY more often up over the next 15 minutes when starting at 14:00-14:55?,15312,1276,71456,0.5141181080582703,0.5100574712643678,0.5149882445141066,-0.004930773249738785,0.006288275313097379,-0.01725579286340965,0.007394246363932077,0.43296869228494644,0.01433982683982693,-0.02420137333930439,PE,15312.0,1276.0,-18.38610327154468,-112.10160890395811,0.9999999999999415,-112.09052035455149,time,-18.38610327154468,-112.10160890395811,0.9999999999999415,-112.09052035455149,-0.01108854940661219,0.5002928095544112,0.6639216631319255,1.0,0.8450568766484648,False,False,False,False
Q0213,TOD,NIFTY,"On EXPIRY days, are NIFTY's 60-minute moves bigger starting at 14:00-14:55 than at other hours of expiry days?",3216,268,15008,17.43143221215264,17.978627039128867,17.31417617780059,0.6644508613282767,0.908373887944751,-1.1159619590434353,2.4448636816999887,0.4644903655093229,1.4719864925596013,-0.1430847699030462,CE+PE,3216.0,268.0,-234.43152408055332,-376.0588980437703,0.9999998452743736,-325.6404513033798,liq,-11.533664058690047,-156.35218867587375,0.99102571096751,-245.622111454787,89.26992277891324,0.088305429364721,0.6857833027374237,1.0,0.4456397282931687,False,False,False,False
Q0286,DOW,NIFTY,Is NIFTY more often up (close > open) on Mondays?,255,255,1021,0.48746081504702193,0.5333333333333333,0.47600391772771794,0.057329415605615386,0.034946902478169985,-0.011166513251597787,0.12582534446282856,0.10090706206435918,0.07531798909751664,0.03811306042884993,PE,255.0,255.0,-286.4205900828044,-394.54818126441836,0.8861091452511909,-302.16459274379133,T30S15H60,119.75292639638863,7.584445996401594,0.46463584405591074,-135.57710490096892,143.1615508973705,0.04692515761389314,0.2527574952680065,1.0,0.31893726207066164,True,False,False,False
Q0287,DOW,NIFTY,Is NIFTY's day range bigger on Mondays?,255,255,1021,1.0501822948829507,1.1052505003471,1.0364287274065962,0.06882177294050384,0.04485514420872796,-0.019094309708602958,0.15673785558961065,0.12495298668178842,0.15436319599163895,-0.026386588949906198,CE+PE,255.0,255.0,-76.59804650848987,-299.93313685983014,0.93732252150322,-568.2692845722466,T30S10H15,82.77940787521064,-147.15025571460117,0.9844637201822029,-218.96427280019316,71.81401708559198,0.1463387240105479,0.29568914274240043,1.0,0.5629073598664502,False,False,False,False
Q0288,DOW,NIFTY,Is NIFTY more often up (close > open) on Tuesdays?,259,259,1017,0.48746081504702193,0.4864864864864865,0.48770894788593905,-0.0012224613994525346,0.034801832944791625,-0.06943405397124412,0.06698913117233905,0.9719789893149748,0.09034282146175054,-0.0921259842519685,PE,259.0,259.0,-332.5540626687663,-433.4000752351055,0.9061547692292928,-302.1645927437913,liq,315.2123255343051,209.8448818696265,0.19896373903182227,-37.263082105706545,247.10796397533315,0.15976184633785634,0.9920134636578409,1.0,0.5873011628974635,False,False,False,False
Q0289,DOW,NIFTY,Is NIFTY's day range bigger on Tuesdays?,259,259,1017,1.0501822948829507,1.044541015127911,1.0516189629818251,-0.007077947853914024,0.045398269577940235,-0.09605855622667689,0.08190266051884884,0.876105635864858,-0.001298419204947665,-0.011440530978932939,CE+PE,259.0,259.0,-449.0395401516016,-654.2334498085673,0.9996105803415026,-568.2692845722466,liq,357.0106108676513,144.77469922639506,0.29990742729235026,-92.15222141509238,236.92692064148738,0.19527275130910224,0.9426497944612879,1.0,0.6406384716244697,True,False,False,False
Q0290,DOW,NIFTY,Is NIFTY more often up (close > open) on Wednesdays?,253,253,1023,0.48746081504702193,0.49407114624505927,0.4858260019550342,0.008245144290025042,0.03511627352643374,-0.06058275182178509,0.07707304040183517,0.8143674321046845,-0.07118055555555558,0.08733839776877211,PE,253.0,253.0,-473.0741286177645,-565.6492440988333,0.9576146303637951,-302.16459274379133,T30S20H30,-95.57311468915977,-191.10692240837648,0.9880116774529033,-131.81483761610116,-59.292084792275325,0.7581625176115688,0.9027703245506913,1.0,0.9616520245029855,False,False,False,False
Q0291,DOW,NIFTY,Is NIFTY's day range bigger on Wednesdays?,253,253,1023,1.0501822948829507,0.9892572183382841,1.0652497869316317,-0.07599256859334769,0.036487660393340074,-0.14750838296429425,-0.004476754222401139,0.03727928164874709,-0.07062955278189964,-0.07991615045837919,CE+PE,253.0,253.0,-539.7826318227844,-727.1281086629041,0.999813777848869,-568.2692845722466,T30S20H30,59.283623299579844,-133.16716979139431,0.9683949092818329,-252.221760434019,119.05459064262465,0.04837312201872997,0.11963095272471873,1.0,0.3245191854197742,True,False,False,False
Q0292,DOW,NIFTY,Is NIFTY more often up (close > open) on Thursdays?,257,257,1019,0.48746081504702193,0.4669260700389105,0.492639842983317,-0.025713772944406466,0.03485317322032597,-0.09402599245624536,0.04259844656743243,0.4606516571725569,-0.011734068627450966,-0.039475487732443915,PE,257.0,257.0,89.19161442464312,4.33928120299098,0.4956874702590492,-302.1645927437913,liq,237.33850538498697,149.9546813931766,0.22825281471714956,-37.263082105706545,187.21776349888307,0.1762771410663655,0.6838212172066725,1.0,0.6109477629985722,True,False,False,False
Q0293,DOW,NIFTY,Is NIFTY's day range bigger on Thursdays?,257,257,1019,1.0501822948829507,1.044362291519744,1.0516501465653296,-0.007287855045585712,0.03634906065225031,-0.07853201392399632,0.0639563038328249,0.8410923895419125,-0.07461186508538531,0.06103726810953003,CE+PE,257.0,257.0,-367.17412899657796,-532.2368345025678,0.9484978574995838,-568.2692845722466,liq,499.9435606633643,327.6519806326813,0.1056279436581022,-92.15222141509237,419.8042020477736,0.05460920898246824,0.9202792048422962,1.0,0.3462029510666485,False,False,False,False
Q0294,DOW,NIFTY,Is NIFTY more often up (close > open) on Fridays?,250,250,1026,0.48746081504702193,0.46,0.49415204678362573,-0.03415204678362571,0.035188091209660634,-0.10312070555456056,0.034816611987309135,0.33176894814751823,-0.0865185185185185,0.018214424951267072,PE,250.0,250.0,-3.952001190185547,-120.16833723259981,0.654515101185114,-302.1645927437913,T15S20H30,27.78099365234375,-90.1848570318149,0.9118187688172779,-146.57205575150644,56.38719871969156,0.19895775905226523,0.5609199778640872,1.0,0.6470085985506889,False,False,False,False
Q0295,DOW,NIFTY,Is NIFTY's day range bigger on Fridays?,250,250,1026,1.0501822948829507,1.0673053842782974,1.0460100021452932,0.021295382133004193,0.03787813998309768,-0.05294577223386726,0.09553653649987565,0.5739745127056076,-0.010631948507320077,0.053222712773328684,CE+PE,250.0,250.0,-344.9289924621582,-583.7896287445087,0.9994418595054482,-568.2692845722468,T15S10H30,-72.13700119018554,-318.4537689775817,0.9999999999980487,-254.24315969351818,-64.21060928406352,0.9191627557430739,0.7696747623599105,1.0,1.0,False,False,False,False
Q0336,DOW,NIFTY,"Since 2006, is NIFTY more often up (close > open) on Mondays?",968,968,3898,0.4823263460748048,0.49793388429752067,0.478450487429451,0.019483396868069658,0.01795390257085765,-0.015706252170811334,0.05467304590695065,0.27783747933715797,0.011538623625100108,0.027182539682539697,PE,255.0,255.0,-286.4205900828044,-394.54818126441836,0.8861091452511909,-302.16459274379133,T30S15H60,119.75292639638863,7.584445996401594,0.46463584405591074,-135.57710490096892,143.1615508973705,0.04692515761389314,0.5005731122135947,1.0,0.31893726207066164,True,False,False,False
Q0337,DOW,NIFTY,"Since 2006, is NIFTY more often up (close > open) on Tuesdays?",974,974,3892,0.4823263460748048,0.46098562628336753,0.48766700924974304,-0.02668138296637551,0.017870971927597915,-0.06170848794446742,0.008345722011716399,0.13543686643912062,-0.04107514809507623,-0.012287617837674736,PE,259.0,259.0,-332.5540626687663,-433.4000752351055,0.9061547692292928,-302.1645927437913,liq,315.2123255343051,209.8448818696265,0.19896373903182227,-37.263082105706545,247.10796397533315,0.15976184633785634,0.3142330174576719,1.0,0.5873011628974635,True,False,False,False
Q0338,DOW,NIFTY,"Since 2006, is NIFTY more often up (close > open) on Wednesdays?",974,974,3892,0.4823263460748048,0.4856262833675565,0.48150051387461457,0.004125769492941911,0.01790736407938885,-0.03097266410266024,0.03922420308854406,0.8177847442982764,0.019282593670540915,-0.01089911079270095,PE,254.0,254.0,-477.59647378712657,-570.1815814230589,0.9594358055103522,-302.16459274379133,T30S20H30,-100.31495282030481,-195.8658979107057,0.9898076975789244,-131.81483761610113,-64.05106029460455,0.7758973332165817,0.9039779949826706,1.0,0.9705472315507718,False,False,False,False
Q0339,DOW,NIFTY,"Since 2006, is NIFTY more often up (close > open) on Thursdays?",971,971,3895,0.4823263460748048,0.4840370751802266,0.48189987163029524,0.0021372035499313546,0.017926820381589024,-0.03299936439798313,0.03727377149784584,0.9051024750482624,0.020715466412187744,-0.015801359143760463,PE,257.0,257.0,89.19161442464312,4.33928120299098,0.4956874702590492,-302.1645927437913,liq,237.33850538498697,149.9546813931766,0.22825281471714956,-37.263082105706545,187.21776349888307,0.1762771410663655,0.9577828704221589,1.0,0.6109477629985722,False,False,False,False
Q0340,DOW,NIFTY,"Since 2006, is NIFTY more often up (close > open) on Fridays?",957,957,3909,0.4823263460748048,0.48798328108672934,0.48094141724226147,0.007041863844467866,0.01802806081164055,-0.028293135346347607,0.04237686303528334,0.6960886899403491,-0.009135464263930082,0.023236955188543185,PE,250.0,250.0,-3.952001190185547,-120.16833723259981,0.654515101185114,-302.1645927437913,T15S20H30,27.78099365234375,-90.1848570318149,0.9118187688172779,-146.57205575150644,56.38719871969156,0.19895775905226523,0.8436477427889669,1.0,0.6470085985506889,False,False,False,False
Q0346,EXPIRY,NIFTY,Is NIFTY's day range bigger on expiry day?,268,268,1008,1.0501822948829507,1.0364869236946106,1.053823524524295,-0.017336600829684468,0.03557836130439006,-0.08707018898628897,0.05239698732692004,0.6260603783594411,-0.07539022717871124,0.0407170255193422,CE+PE,268.0,268.0,-443.055047922587,-607.0323839845781,0.9707861622684892,-568.2692845722466,liq,544.8236751556396,373.17424078476455,0.07328627354727565,-92.15222141509238,465.32646219985685,0.03512920855600782,0.7956826483583044,1.0,0.27138151470084376,False,False,False,False
Q0347,EXPIRY,NIFTY,Does NIFTY's ATM straddle lose more of its value 09:20->15:09 on expiry day?,268,268,1008,-27.81793426420995,-82.31598135250718,-13.328374125654735,-68.98760722685245,0.7398684586350894,-70.43774940577723,-67.53746504792767,0.0,-67.39568725935065,-70.57952719435424,CE+PE,268.0,268.0,-237.2621371604002,-400.5051813180531,0.8921450803578708,-498.444963449149,liq,575.7107951747837,405.6690295523328,0.07356434094253204,-129.28316039840402,534.9521899507369,0.027952815369573867,0.0,1.0,0.23586710596804503,True,True,False,False
Q0348,EXPIRY,NIFTY,Is NIFTY's day range bigger 1 day before expiry?,267,267,1009,1.0501822948829507,0.9975007110543912,1.0641228131012117,-0.06662210204682051,0.03626340813640027,-0.13769838199416504,0.00445417790052402,0.06618457293120242,-0.049004000039747586,-0.08279073732783515,CE+PE,267.0,267.0,-538.441016459733,-726.9390770221244,0.9999740705142572,-568.2692845722468,T30S20H30,18.696655959225772,-174.80870331182632,0.9920814477693503,-252.22176043401896,77.41305712219268,0.14266381408641132,0.1840499155107829,1.0,0.5553631921698728,True,False,False,False
Q0349,EXPIRY,NIFTY,Does NIFTY's ATM straddle lose more of its value 09:20->15:09 1 day before expiry?,267,267,1009,-27.81793426420995,-20.33890603633409,-29.797023002409013,9.458116966074922,1.2142006855368095,7.078283622422775,11.837950309727068,6.7230729752848175e-15,7.742810832721997,11.173804932177504,CE+PE,267.0,267.0,-490.0561895263329,-677.8418387675428,0.9999720338461877,-498.444963449149,T30S10H60,144.57021227490142,-50.32233221079151,0.7507469451233839,-197.12661832063108,146.8042861098395,0.024160332207554695,6.828948140249933e-14,1.0,0.2157186357649671,True,True,False,False
Q0350,EXPIRY,NIFTY,Is NIFTY's day range bigger 2 days before expiry?,268,268,1008,1.0501822948829507,1.0568836928525966,1.0484005739941957,0.008483118858400918,0.04545032128316082,-0.0805995108565943,0.09756574857339613,0.8519382288557371,0.014808957430352487,0.002157280286449681,CE+PE,268.0,268.0,-424.5615398705895,-633.9195007525334,0.9994616424720497,-568.2692845722466,liq,198.35913586972364,-17.50461631206192,0.5262375827134506,-92.15222141509238,74.6476051030306,0.38948312636086274,0.9266444479122267,1.0,0.8450568766484648,True,False,False,False
Q0351,EXPIRY,NIFTY,Does NIFTY's ATM straddle lose more of its value 09:20->15:09 2 days before expiry?,268,268,1008,-27.81793426420995,-14.249707747751208,-31.425359568189062,17.175651820437857,1.1387889119514474,14.94362555301302,19.407678087862692,2.1149191678469007e-51,17.500967504528568,16.85033613634714,CE+PE,268.0,268.0,-404.51587125436583,-613.7336205517173,0.9995084252893975,-498.444963449149,liq,31.069028555457272,-183.57307818163653,0.7759119477568588,-129.28316039840402,-54.289917783232504,0.5887407075593293,8.26741129249243e-50,1.0,0.874792518328572,True,True,False,False
Q0352,EXPIRY,NIFTY,Is NIFTY's day range bigger 3-4 days before expiry?,462,462,814,1.0501822948829507,1.0845846293808579,1.030656645573328,0.053927983807529944,0.034010727247868376,-0.01273304159829207,0.12058900921335196,0.11282624084657604,0.07768311601160405,0.017873188600060375,CE+PE,462.0,462.0,-214.72511434306702,-446.5672067434099,0.9993884527026263,-568.2692845722466,T30S10H15,-26.203994668407358,-265.25992195001976,0.9999999665473123,-218.9642728001932,-46.295649149826616,0.8269893252048774,0.27358242611293815,1.0,0.9947211895838984,True,False,False,False
Q0353,EXPIRY,NIFTY,Does NIFTY's ATM straddle lose more of its value 09:20->15:09 3-4 days before expiry?,462,462,814,-27.81793426420995,-8.639348850105748,-38.703077337079904,30.063728486974156,1.2121661738918155,27.687882786146197,32.439574187802116,8.603602412561927e-136,29.98457341647875,30.083077480279215,CE+PE,462.0,462.0,-180.30467128340817,-411.7382745828761,0.9990508086741021,-498.44496344914904,T30S15H60,-3.045976564481661,-241.0623794548498,0.9999856821331178,-193.5532281215557,-47.50915133329407,0.7952015436675965,1.2331830124672095e-133,1.0,0.9802066523715779,True,True,False,False
Q0354,EXPIRY,NIFTY,Is NIFTY's day range bigger 5+ days before expiry?,11,11,1265,1.0501822948829507,1.0544085827740757,1.0501455445534627,0.004263038220613025,0.14828060807497342,-0.2863669536063349,0.29489303004756096,0.9770641359849599,,0.1500551063668405,,,,,,,,,,,,,,,0.9928871091764864,,,False,False,False,False
Q0355,EXPIRY,NIFTY,Does NIFTY's ATM straddle lose more of its value 09:20->15:09 5+ days before expiry?,11,11,1265,-27.81793426420995,-17.655669255690142,-27.906301786023167,10.250632530333025,7.633329306112404,-4.710692909647285,25.211957970313335,0.17931137351490398,,11.389094177045319,,,,,,,,,,,,,,,0.3829663440964009,,,False,False,False,False
Q0396,PRIORDAY,NIFTY,"After the previous day rose more than 1%, is NIFTY more often up (close > open) today?",776,776,4090,0.4823263460748048,0.5373711340206185,0.4718826405867971,0.06548849343382146,0.019528824250244617,0.027211997903342014,0.1037649889643009,0.0007981736335547175,0.08001109239554666,0.028240217647319876,CE,140.0,140.0,-110.22143839140024,-215.73764443631407,0.6970400517783496,-266.10469182845526,T30S10H30,228.77677154541016,119.23632443233328,0.10989994462646364,-58.663378917711164,177.8997033500445,0.03356781819489757,0.004022046825334319,1.0,0.26417677171372295,True,True,False,False
Q0397,PRIORDAY,NIFTY,"After the previous day rose more than 1%, is NIFTY's day range bigger today?",776,776,4090,1.4804615359631965,1.756661235519818,1.4280578765852165,0.32860335893460135,0.05479195029294386,0.22121113636043138,0.4359955815087713,2.0063434069548024e-09,0.2052866961179931,0.17323697125695992,CE+PE,140.0,140.0,-1075.0768270157278,-1281.914210850548,0.9999900969218198,-568.2692845722468,liq,280.49816186087475,63.67276342366209,0.4289031890419284,-92.15222141509241,155.82498483875435,0.3305220239153341,1.4540353904335365e-08,1.0,0.8035487677602232,True,True,False,False
Q0398,PRIORDAY,NIFTY,"After the previous day fell more than 1%, is NIFTY more often up (close > open) today?",690,690,4176,0.4823263460748048,0.4956521739130435,0.48012452107279696,0.015527652840246542,0.020546277107128814,-0.024743050289725933,0.05579835597021902,0.44980482285408635,-0.013922887575575416,0.049462720069933463,PE,131.0,131.0,-599.2900488409036,-709.2589790145436,0.8982645605175836,-302.16459274379133,T30S20H30,252.8549837884102,137.23830447219825,0.16181318425676472,-131.81483761610116,269.0531420882994,0.0264914544003574,0.6747072342811294,1.0,0.2278091162723146,False,False,False,False
Q0399,PRIORDAY,NIFTY,"After the previous day fell more than 1%, is NIFTY's day range bigger today?",690,690,4176,1.4804615359631965,2.372229799812752,1.3331147682294338,1.0391150315833182,0.07378333276993286,0.8944996993542498,1.1837303638123866,4.8089211541501e-45,1.0655276483539475,0.6915298720202692,CE+PE,131.0,131.0,-363.9007241233387,-591.1832038091526,0.954511430687722,-568.2692845722466,liq,199.19280336103367,-36.08669311065889,0.5330536339750259,-92.15222141509241,56.06552830443358,0.448729794629161,1.5130508021594218e-43,1.0,0.8450568766484648,True,True,False,False
Q0400,PRIORDAY,NIFTY,"After the previous day was the narrowest of 7 (NR7), is NIFTY more often up (close > open) today?",764,764,4102,0.4823263460748048,0.46335078534031415,0.4858605558264261,-0.02250977048611197,0.01965816930989597,-0.06103978233350807,0.016020241361284132,0.2521845747353279,-0.025464707035886436,-0.01910704948964509,PE,208.0,208.0,-202.53125684335828,-300.7700155987573,0.7992299997374783,-302.1645927437913,liq,-4.0781474113464355,-104.94556049350543,0.7025569290796714,-37.263082105706545,-67.68247838779885,0.6341832152965132,0.4743434046648451,1.0,0.8968425411161511,True,False,False,False
Q0401,PRIORDAY,NIFTY,"After the previous day was the narrowest of 7 (NR7), is NIFTY's day range bigger today?",764,764,4102,1.4804615359631965,1.3915100074159805,1.4970288123674076,-0.10551880495142707,0.04203204699308523,-0.18790161705787412,-0.023135992844980025,0.012058184427545122,-0.1141834266125632,-0.08516470382782582,CE+PE,208.0,208.0,-437.0156014082022,-635.4382237655434,0.996159848776008,-568.2692845722466,T30S10H15,-50.90625286102295,-255.3002750367825,0.9999532589326373,-218.96427280019319,-36.336002236589295,0.7109142647198303,0.04830763326563108,1.0,0.9376353158034572,True,True,False,False
Q0402,PRIORDAY,NIFTY,"After the previous day was an inside day, is NIFTY more often up (close > open) today?",479,479,4387,0.4823263460748048,0.49478079331941544,0.48096649190790974,0.013814301411505692,0.024060065192222715,-0.03334342636525083,0.060972029188262215,0.5658602549607609,0.028672895504147367,-0.0017119734384727359,PE,135.0,135.0,-343.1277298146376,-444.34384782189284,0.8255593674656985,-302.1645927437914,liq,107.80371913203487,2.88194303170614,0.49578603846671315,-37.263082105706545,40.14502513741272,0.44151020171649125,0.7651569485318465,1.0,0.8450568766484648,False,False,False,False
Q0403,PRIORDAY,NIFTY,"After the previous day was an inside day, is NIFTY's day range bigger today?",479,479,4387,1.4804615359631965,1.4805652602573283,1.4804502106983486,0.00011504955897967406,0.04945035173472183,-0.09680763984107511,0.09703773895903446,0.998143669745458,-0.028087386729811037,0.019810876965695057,CE+PE,135.0,135.0,-503.3647282614752,-709.437161340352,0.9896265195787599,-568.2692845722468,liq,226.34454472859701,13.364778404064088,0.4839154516295209,-92.15222141509243,105.5169998191564,0.3750896209454948,0.9991945063448825,1.0,0.8433948997488967,False,False,False,False
Q0404,PRIORDAY,NIFTY,"After the previous day's range was 1.5x its 20-day average, is NIFTY more often up (close > open) today?",634,634,4232,0.4823263460748048,0.5,0.47967863894139884,0.02032136105860116,0.021292982085287092,-0.02141288382856154,0.06205560594576386,0.33989691513985887,0.031529059615864274,0.008012825369502152,PE,163.0,163.0,-903.380363848906,-1009.2406960802674,0.9894174101184059,-302.1645927437913,T15S20H30,133.24998691769466,21.775708117539676,0.39850720865331496,-146.57205575150647,168.34776386904616,0.023377644031948558,0.5667940081721072,1.0,0.21191670152795866,True,False,False,False
Q0405,PRIORDAY,NIFTY,"After the previous day's range was 1.5x its 20-day average, is NIFTY's day range bigger today?",634,634,4232,1.4804615359631965,1.9143506660491563,1.4154601870798083,0.498890478969348,0.07338732549535901,0.3550513209984444,0.6427296369402516,1.0604695262150419e-11,0.6146428375478472,0.362303392741693,CE+PE,163.0,163.0,-1307.1180558042383,-1524.956264289578,0.999999999224513,-568.2692845722468,T20S20H15,105.81440135745183,-120.9884604489106,0.9344754662766777,-280.84218077445723,159.85372032554676,0.023019815638343634,8.603809363631472e-11,1.0,0.20960429168996325,True,True,False,False
Q0406,PRIORDAY,NIFTY,"After 3+ up days in a row, is NIFTY more often up (close > open) today?",845,845,4021,0.4823263460748048,0.4804733727810651,0.4827157423526486,-0.002242369571583469,0.018909773558040004,-0.03930552574534188,0.03482078660217494,0.9056060739840646,-0.010887938996671453,0.00810621536175915,PE,263.0,263.0,-948.1102859609878,-1042.2416528700624,0.9999265575315852,-302.16459274379133,T15S10H60,-117.82795713881576,-217.63227838932303,0.9999983495900294,-152.1036120765418,-65.52866631278125,0.9193112631885244,0.9577828704221589,1.0,1.0,False,False,False,False
Q0407,PRIORDAY,NIFTY,"After 3+ up days in a row, is NIFTY's day range bigger today?",845,845,4021,1.4804615359631965,1.2067926102653037,1.5379721657107022,-0.33117955544539845,0.0404147731005552,-0.4103925107224866,-0.2519666001683103,2.5160088200482917e-16,-0.38668505148658516,-0.22191973726410452,CE+PE,263.0,263.0,-367.5836629539502,-562.7975135474446,0.9962254954171599,-568.2692845722466,T25S10H30,89.38117625595498,-112.0858540619414,0.9703682525642615,-229.5000802988585,117.4142262369172,0.02408294654241531,2.727438132657392e-15,1.0,0.21537842118727038,True,True,False,False
Q0408,PRIORDAY,NIFTY,"After 3+ down days in a row, is NIFTY more often up (close > open) today?",566,566,4300,0.4823263460748048,0.4363957597173145,0.4883720930232558,-0.051976333305941314,0.02219815182127262,-0.09548471087563565,-0.00846795573624698,0.019207907545760627,-0.05364217098170465,-0.05119832295257104,PE,155.0,155.0,1095.920979343595,984.3677694578932,0.040024300829524136,-302.1645927437913,time,1095.920979343595,984.3677694578932,0.040024300829524136,-302.1645927437913,1286.5323622016845,0.011077101312367391,0.07079485924008917,1.0,0.13200373438203114,True,False,False,False
Q0409,PRIORDAY,NIFTY,"After 3+ down days in a row, is NIFTY's day range bigger today?",566,566,4300,1.4804615359631965,1.8329249387658704,1.4340675159663798,0.39885742279949055,0.06782871293929686,0.26591314543846867,0.5318017001605124,4.093688482049414e-09,0.46418358110379,0.30861020285449725,CE+PE,155.0,155.0,99.28228516588288,-121.67068075956317,0.6384247542882231,-568.2692845722466,liq,147.9274273533975,-78.07553620287851,0.5845192352150429,-92.15222141509241,14.07668521221391,0.4846495133352935,2.93381007880208e-08,1.0,0.8450568766484648,True,True,False,False
Q0466,FIRSTHOUR,NIFTY,"When NIFTY's first-hour range is narrow (<0.6x its 20-day average), is the move 10:15->15:09 bigger?",171,171,1105,0.433082808521474,0.3644665779426084,0.44370124782372383,-0.07923466988111544,0.02769130819742809,-0.1335096339480745,-0.024959705814156387,0.004218340920751692,-0.03697824478149414,-0.12742272717782188,CE+PE,171.0,171.0,-268.0205113320933,-459.3182184495335,0.9940359850585873,-441.55808128271013,T30S10H15,25.600869362814386,-169.09647863046328,0.9999770237131127,-213.54641103589424,44.4499324054309,0.14202483934945126,0.018419866545598632,1.0,0.554406016764586,True,True,False,False
Q0467,FIRSTHOUR,NIFTY,"When NIFTY's first-hour range is narrow (<0.6x its 20-day average), how often is it a trend day (close-open >= 70% of range)?",171,171,1105,0.2468652037617555,0.23976608187134502,0.24796380090497738,-0.008197719033632367,0.03515226262860123,-0.07709615378569078,0.06070071571842604,0.8156014364699897,-0.017727272727272703,0.0013242157820471112,,,,,,,,,,,,,,,0.9031123202114049,,,False,False,False,False
Q0468,FIRSTHOUR,NIFTY,"When NIFTY's first-hour range is wide (>1.5x average), is the move 10:15->15:09 bigger?",142,142,1134,0.433082808521474,0.5805513388674024,0.4146167315293031,0.16593460733809928,0.04837229464314575,0.07112490983753361,0.26074430483866495,0.0006027707102865971,0.08013683746048361,0.2594586076407597,CE+PE,142.0,142.0,138.81164778312538,-83.5463141285269,0.6229133310558638,-441.5580812827101,liq,476.46836294254786,249.47337966355306,0.24076729955058815,-132.499643758895,381.973023422448,0.14059358602706806,0.003110296865078841,1.0,0.5519280714037534,True,True,False,False
Q0469,FIRSTHOUR,NIFTY,"When NIFTY's first-hour range is wide (>1.5x average), how often is it a trend day (close-open >= 70% of range)?",142,142,1134,0.2468652037617555,0.29577464788732394,0.24074074074074073,0.05503390714658321,0.04036468435336351,-0.024080874186009266,0.1341486884791757,0.1727510459993907,0.02290699673371155,0.09655172413793103,,,,,,,,,,,,,,,0.37328115467205025,,,True,False,False,False
Q0470,FIRSTHOUR,NIFTY,"When NIFTY breaks above its first-hour high (first close after 10:15), how often does it close (15:09) beyond that level?",696,696,0,0.5804597701149425,0.5804597701149425,0.5,0.08045977011494254,0.018718906127461236,0.04377071410511852,0.11714882612476657,1.7210083374357754e-05,0.09195402298850575,0.06896551724137934,CE,696.0,696.0,79.93318143640592,-21.542062216228157,0.5564769050805963,-155.84740989697812,time,79.93318143640592,-21.542062216228157,0.5564769050805963,-155.84740989697812,134.30534768074995,0.18788152090551064,0.00010091367069509774,1.0,0.6279886096727759,True,True,False,False
Q0471,FIRSTHOUR,NIFTY,"When NIFTY breaks above its first-hour high (first close after 10:15), how far does it run in the next 30 minutes (in the break direction, %)?",696,696,0,0.008039322050138452,0.008039322050138452,0.0,0.008039322050138452,0.005693515159754874,-0.0031199676629811,0.019198611763258003,0.15794589405245524,0.010598802018439633,0.005479842081837271,CE,696.0,696.0,1.340166542721891,-99.81937626224277,0.9786627702056512,-128.4876572523489,liq,46.919547853798704,-55.424953421723266,0.7478145599930408,-77.9076347045655,22.482681282842236,0.3933336705278648,0.350086260013174,1.0,0.8450568766484648,True,False,False,False
Q0472,FIRSTHOUR,NIFTY,"When NIFTY breaks above its first-hour high (first close after 10:15) BEFORE 11:15, does it follow through to 15:09 more than a later break?",431,431,265,0.03525750047859104,0.03777598560271296,0.031161398257849353,0.006614587344863608,0.037992798732089085,-0.067851298170031,0.08108047285975822,0.8617860233415201,0.06267328315017384,-0.05347127440864566,CE,431.0,431.0,108.11715452333269,6.1516107417908925,0.4883111414635943,-165.39276373788775,time,108.11715452333269,6.1516107417908925,0.4883111414635943,-165.39276373788775,171.54437447967865,0.20679484408581233,0.934205016899631,1.0,0.6600598563897182,False,False,False,False
Q0473,FIRSTHOUR,NIFTY,"When NIFTY breaks below its first-hour low (first close after 10:15), how often does it close (15:09) beyond that level?",711,711,0,0.5161744022503516,0.5161744022503516,0.5,0.016174402250351605,0.01875484495945784,-0.020585093870185762,0.05293389837088897,0.3884608716911953,0.0252808988764045,0.007042253521126751,PE,711.0,711.0,-79.33017927131573,-176.8325655609281,0.8614281335876686,-257.6195821262155,liq,69.73100010352799,-29.750189144694907,0.6179415470791229,-104.39306691337694,74.64287776868203,0.2256335545324732,0.6126094431315916,1.0,0.6862070462071992,True,False,False,False
Q0474,FIRSTHOUR,NIFTY,"When NIFTY breaks below its first-hour low (first close after 10:15), how far does it run in the next 30 minutes (in the break direction, %)?",711,711,0,0.0009122277110940796,0.0009122277110940796,0.0,0.0009122277110940796,0.007263367373069846,-0.013323972340122817,0.015148427762310976,0.9000541464905205,-0.0037217742941352758,0.0055592832430987294,PE,711.0,711.0,3.437395848637727,-94.39720308262706,0.9393576337156854,-101.99581601492449,liq,69.73100010352799,-29.750189144694907,0.6179415470791229,-104.39306691337694,74.64287776868203,0.2256335545324732,0.9552759768063818,1.0,0.6862070462071992,False,False,False,False
Q0475,FIRSTHOUR,NIFTY,"When NIFTY breaks below its first-hour low (first close after 10:15) BEFORE 11:15, does it follow through to 15:09 more than a later break?",410,410,301,0.018804183992152477,0.03881092478589314,-0.008447522736863045,0.04725844752275618,0.0412771102016878,-0.033644688472551906,0.12816158351806428,0.2522477330233207,0.042334656217887484,0.05528025937624603,PE,410.0,410.0,67.36217680500775,-32.93306332521169,0.555183518224796,-264.269765933962,liq,115.707909956211,13.833640589902515,0.4617473872141019,-88.80090863890027,102.6345492288028,0.23804784289136618,0.4743434046648451,1.0,0.7006024879019306,True,False,False,False
Q0516,TREND,NIFTY,"If at 11:15 NIFTY is up more than 0.5% and near its high (top 20% of the range), how often does it rise further to 15:09?",98,98,1178,0.5148902821316614,0.5408163265306123,0.5127334465195246,0.02808288001108772,0.052423858749844336,-0.07466788313860717,0.1308336431607826,0.5921735659999512,-0.02577319587628868,0.09523809523809523,CE,98.0,98.0,235.39285151573011,122.81432405100604,0.3906968174763237,-154.0105702385585,liq,277.4438593338947,163.73805685659121,0.2576439547255548,-18.433441903963857,182.17149876055518,0.23457192034900126,0.7779062119551293,1.0,0.6969707815506785,False,False,False,False
Q0517,TREND,NIFTY,"If at 11:15 NIFTY is down more than 0.5% and near its low (bottom 20%), how often does it fall further to 15:09?",117,117,1159,0.48510971786833856,0.5811965811965812,0.47540983606557374,0.1057867451310075,0.047931040279707314,0.011841906182781164,0.19973158407923383,0.02730977546996968,0.12043580683156657,0.09042533258384855,PE,117.0,117.0,446.3888451870945,340.21495237214265,0.2452545055065888,-242.86998444356374,liq,519.333307478163,411.42431670664035,0.12156949488124044,-126.31857550608925,537.7428922127297,0.0635632134815353,0.09270950093752864,1.0,0.37599299715947093,True,False,False,False
Q0518,TREND,NIFTY,"If at 11:15 NIFTY is up more than 1.0% and near its high (top 20% of the range), how often does it rise further to 15:09?",9,9,1267,0.5148902821316614,0.4444444444444444,0.5153906866614049,-0.07094624221696044,0.16629384812453385,-0.3968821845410468,0.2549897001071259,0.6696475387286788,,,,,,,,,,,,,,,,,0.8279410712078124,,,False,False,False,False
Q0519,TREND,NIFTY,"If at 11:15 NIFTY is down more than 1.0% and near its low (bottom 20%), how often does it fall further to 15:09?",28,28,1248,0.48510971786833856,0.5,0.484775641025641,0.015224358974358976,0.09558172413665457,-0.17211582033348397,0.20256453828220192,0.8734474369297625,-0.032974910394265255,0.10796178343949042,,,,,,,,,,,,,,,0.9425683087986552,,,False,False,False,False
Q0520,TREND,NIFTY,"If at 12:30 NIFTY is up more than 0.5% and near its high (top 20% of the range), how often does it rise further to 15:09?",124,124,1152,0.5352664576802508,0.6129032258064516,0.5269097222222222,0.08599350358422941,0.046166927499131434,-0.004493674314068191,0.17648068148252702,0.062509463146308,0.08353624274208649,0.07655367231638421,CE,124.0,124.0,529.7499738316683,420.393979412103,0.1202257017867889,-103.63625271840947,liq,616.5825913029332,505.8814481279325,0.028455168060671845,-30.209434256198783,536.0908823841312,0.02181131749370623,0.1764956443975104,1.0,0.2035272144183465,True,False,False,False
Q0521,TREND,NIFTY,"If at 12:30 NIFTY is down more than 0.5% and near its low (bottom 20%), how often does it fall further to 15:09?",128,128,1148,0.4647335423197492,0.6015625,0.44947735191637633,0.15208514808362367,0.0457134969626819,0.06248669403676714,0.24168360213048018,0.0008781157398680749,0.17496073812328228,0.13119783996072654,PE,128.0,128.0,390.86325057491194,287.911424202342,0.22704620452709492,-277.735850034565,time,390.86325057491194,287.911424202342,0.22704620452709492,-277.735850034565,565.6472742369072,0.07067778170646577,0.004407662663151037,1.0,0.39890648798197204,True,True,False,False
Q0522,TREND,NIFTY,"If at 12:30 NIFTY is up more than 1.0% and near its high (top 20% of the range), how often does it rise further to 15:09?",17,17,1259,0.5352664576802508,0.7647058823529411,0.5321683876092137,0.23253749474372742,0.10387670206295267,0.028939158700340195,0.43613583078711465,0.025182512539790664,0.321031746031746,0.15633280339162692,,,,,,,,,,,,,,,0.08662784313687988,,,True,False,False,False
Q0523,TREND,NIFTY,"If at 12:30 NIFTY is down more than 1.0% and near its low (bottom 20%), how often does it fall further to 15:09?",42,42,1234,0.4647335423197492,0.5952380952380952,0.46029173419773095,0.13494636104036428,0.0770869252332117,-0.016144012416730635,0.2860367344974592,0.08001933054632038,0.22331691297208534,-0.026461538461538425,PE,42.0,42.0,195.7737238510024,84.91815423625842,0.46256823514282347,-277.735850034565,T20S20H60,261.39285360063826,148.83316174926966,0.22052122595491672,-159.66919910105372,308.50236085032327,0.05513722020033076,0.21640447883596078,1.0,0.34786672883438596,False,False,False,False
Q0556,STREAK,NIFTY,"After 3+ green 5-minute candles in a row at 09:20-11:00, is NIFTY up over the next 15 minutes more often?",2630,1006,22890,0.5098354231974922,0.49163498098859315,0.5119266055045871,-0.020291624515993978,0.011724181863126579,-0.043271020967722076,0.002687771935734117,0.08349641256416694,-0.013677134673220515,-0.02681798628537907,PE,2630.0,1006.0,-21.08669688946394,-120.02277047862341,0.9999998565231327,-107.948387373319,time,-21.08669688946394,-120.02277047862341,0.9999998565231327,-107.948387373319,-12.074383105304417,0.6969040477581412,0.22208324166551618,1.0,0.9306826506928488,True,False,False,False
Q0557,STREAK,NIFTY,"After 3+ red 5-minute candles in a row at 09:20-11:00, is NIFTY up over the next 15 minutes more often?",2467,944,23053,0.5098354231974922,0.512363194162951,0.5095649156292023,0.0027982785337486993,0.0124941606582709,-0.021690276356462264,0.027286833423959662,0.822783052561484,0.010388560206616049,-0.0045878767126288356,CE,2467.0,944.0,-36.25982992360115,-140.16223265889266,0.9999997808666772,-115.69032910698732,liq,-27.011747750667702,-132.3707748302589,0.972437616919606,-69.16756014576222,-63.203214684496686,0.82009218916215,0.9087244330516389,1.0,0.991520725183233,False,False,False,False
Q0558,STREAK,NIFTY,"After 5+ green 5-minute candles in a row at 09:20-11:00, is NIFTY up over the next 15 minutes more often?",507,277,25013,0.5098354231974922,0.4832347140039448,0.5103746052052932,-0.02713989120134841,0.027882363272687005,-0.08178932321581495,0.02750954081311812,0.3303688151404503,-0.045368519258963125,-0.008714422769427577,PE,507.0,277.0,-30.673084748096954,-129.95744188846928,0.9940028251928424,-103.62777400163661,T30S20H15,-12.410259246826172,-112.23875815228996,0.9907748277110869,-118.46877213273562,6.230013980445662,0.4478850902447306,0.5592857894109985,1.0,0.8450568766484648,True,False,False,False
Q0559,STREAK,NIFTY,"After 5+ red 5-minute candles in a row at 09:20-11:00, is NIFTY up over the next 15 minutes more often?",464,252,25056,0.5098354231974922,0.5,0.5100175606641124,-0.010017560664112413,0.027912559738152452,-0.06472617775089122,0.044691056422666395,0.7196767884883892,0.02502507065366033,-0.04267838125665602,CE,464.0,252.0,-25.523716622385486,-130.77906241603182,0.992172700460849,-115.83499197704218,liq,-19.107758834444244,-125.85390010445799,0.7942871013235597,-70.36656323384805,-55.4873368706099,0.641358133425182,0.8564419346402418,1.0,0.9014272676562598,False,False,False,False
Q0560,STREAK,NIFTY,"After 3+ green 5-minute candles in a row at 11:00-13:00, is NIFTY up over the next 15 minutes more often?",3575,1097,27049,0.5160005224660397,0.5001398601398601,0.5180967873119154,-0.017956927172055326,0.01075193940435197,-0.039030728404585185,0.0031168740604745372,0.09489749798883806,-0.006295243920788507,-0.029881782881908514,CE,3575.0,1097.0,12.290001331676136,-89.9305872598374,0.9999972929328131,-107.5178111702334,liq,62.5481876373291,-40.79166670217004,0.7424970796245403,-68.41154750152907,27.619880799359052,0.32970634907846963,0.24230156712508116,1.0,0.8029452831370083,True,False,False,False
Q0561,STREAK,NIFTY,"After 3+ red 5-minute candles in a row at 11:00-13:00, is NIFTY up over the next 15 minutes more often?",2996,1012,27628,0.5160005224660397,0.5420560747663551,0.5131750398146807,0.028881034951674378,0.01120975010997762,0.006909924736118244,0.05085214516723051,0.009982903116428327,0.04140131410499115,0.01652834886978749,CE,2996.0,1012.0,-36.58852281175723,-138.15950044021153,0.9999999993434487,-107.57224812741339,T30S10H15,-24.280614887920017,-127.54989510606742,1.0,-115.25571786224563,-12.294177243821785,0.8001592308194063,0.04088236514346839,1.0,0.9825982712596321,True,True,False,False
Q0562,STREAK,NIFTY,"After 5+ green 5-minute candles in a row at 11:00-13:00, is NIFTY up over the next 15 minutes more often?",772,394,29852,0.5160005224660397,0.5077720207253886,0.5162133190406003,-0.008441298315211676,0.023245185620432762,-0.05400186213125989,0.03711926550083654,0.7164989684122771,-0.02108775077118291,0.008012516260591296,CE,772.0,394.0,71.30635948378806,-33.34338430027783,0.7405579254364628,-108.10696772273548,liq,117.73251144379532,11.893248193478144,0.4577174280407873,-68.93779512900575,80.8310433224839,0.23529629900691273,0.8542362932087223,1.0,0.6978192078329155,False,False,False,False
Q0563,STREAK,NIFTY,"After 5+ red 5-minute candles in a row at 11:00-13:00, is NIFTY up over the next 15 minutes more often?",591,312,30033,0.5160005224660397,0.5143824027072758,0.5160323643991609,-0.0016499616918851379,0.024329231584195234,-0.049335255596907795,0.04603533221313752,0.9459304538223808,0.019497789006044486,-0.022251532107647243,PE,591.0,312.0,139.68951417306556,41.59112032224218,0.27120294029167674,-100.26069671679531,time,139.68951417306556,41.59112032224218,0.27120294029167674,-100.26069671679531,141.85181703903748,0.018665677938892712,0.9783950363013884,1.0,0.1832660124970295,False,False,False,False
Q0564,STREAK,NIFTY,"After 3+ green 5-minute candles in a row at 13:00-14:55, is NIFTY up over the next 15 minutes more often?",3513,1091,27111,0.5158045977011494,0.49758041559920296,0.518166058057615,-0.02058564245841199,0.010070247319964618,-0.040323327205542644,-0.0008479577112813393,0.040933372645316296,-0.01361249737319925,-0.028444797842733904,PE,3513.0,1091.0,-15.337814643720328,-109.74825518673616,0.9999997289039696,-114.13376251399056,time,-15.337814643720328,-109.74825518673616,0.9999997289039696,-114.13376251399056,4.3855073272543965,0.420640769773768,0.12787657006058117,1.0,0.8450568766484648,True,False,False,False
Q0565,STREAK,NIFTY,"After 3+ red 5-minute candles in a row at 13:00-14:55, is NIFTY up over the next 15 minutes more often?",3083,1039,27541,0.5158045977011494,0.5384365877392151,0.5132711230529029,0.0251654646863122,0.010758173682670317,0.00407944426827838,0.04625148510434602,0.019325350483254834,0.020296661938844163,0.03021067944878486,CE,3083.0,1039.0,-30.36741605641739,-129.44175056175752,0.9999999904973641,-110.92647871823971,liq,5.978186774710112,-94.31162401778975,0.9975299045165512,-97.22349836263216,2.9118743448423907,0.46541406615283576,0.07102479237435537,1.0,0.8450568766484648,True,False,False,False
Q0566,STREAK,NIFTY,"After 5+ green 5-minute candles in a row at 13:00-14:55, is NIFTY up over the next 15 minutes more often?",773,376,29851,0.5158045977011494,0.49417852522639066,0.5163646109008073,-0.022186085674416656,0.020669304984410306,-0.06269792344386085,0.018325752095027542,0.28309919852828214,-0.004271815687455605,-0.04028749437739859,PE,773.0,376.0,-30.544952817290135,-124.02302656595472,0.9963203084786375,-112.43541505229975,time,-30.544952817290135,-124.02302656595472,0.9963203084786375,-112.43541505229975,-11.587611513654995,0.5989667839210301,0.5065159030533758,1.0,0.8802661262112921,True,False,False,False
Q0567,STREAK,NIFTY,"After 5+ red 5-minute candles in a row at 13:00-14:55, is NIFTY up over the next 15 minutes more often?",600,315,30024,0.5158045977011494,0.5183333333333333,0.5157540634159339,0.0025792699173994293,0.02356509483373642,-0.04360831595672395,0.04876685579152281,0.9128432120049691,-0.0091400435030069,0.01436511604828783,PE,600.0,315.0,32.95498944123586,-62.37094120175859,0.8288109848710299,-116.90709838790401,T30S20H60,92.00208261013032,-4.9429472996126185,0.5252996678807621,-161.11625304534564,156.173305745733,0.022234546611014858,0.9617075587211031,1.0,0.2058706378104278,False,False,False,False
Q0568,STREAK,NIFTY,"After 3+ green 15-minute candles in a row, is NIFTY up over the next 30 minutes more often?",9916,1229,76852,0.5205029503964596,0.5197660346914078,0.5205980325821059,-0.0008319978906980996,0.007771237945563299,-0.016063624264002166,0.014399628482605967,0.9147404453882121,-0.006408492483243489,0.004795880685920961,CE,9916.0,1229.0,-1.9144067384630212,-102.8144789592111,0.9999889005140659,-120.55972933996304,liq,64.2363368036671,-37.88528490687019,0.7786890058866328,-80.60666174328952,42.72137683641935,0.1934654867547816,0.9617075587211031,1.0,0.6377635593170328,False,False,False,False
Q0569,STREAK,NIFTY,"After 3+ red 15-minute candles in a row, is NIFTY up over the next 30 minutes more often?",8270,1183,78498,0.5205029503964596,0.5212817412333737,0.5204209024433744,0.0008608387899993186,0.008146290656541844,-0.015105890896822696,0.016827568476821333,0.9158422106345209,0.012765245457632801,-0.010785687819180545,PE,8270.0,1183.0,15.876661984382835,-81.58928974896604,0.9972868749540387,-117.41943144761856,time,15.876661984382835,-81.58928974896604,0.9972868749540387,-117.41943144761856,35.83014169865254,0.11141845973228617,0.9620818010737231,1.0,0.49700846580900415,False,False,False,False
Q0626,MOMREV,NIFTY,"After a big rise (>1.5 sd) of NIFTY over the last 5 minutes, is the next 15 minutes up more often (momentum vs reversal)?",4868,1164,81900,0.5141181080582703,0.49116680361544784,0.5154822954822955,-0.02431549186684767,0.007207413869799285,-0.03844202305165427,-0.010188960682041073,0.000741711399497657,-0.030210697167995737,-0.01848941580659036,PE,4868.0,1164.0,26.051402920420873,-74.23263311650351,0.9999526165786892,-107.98590191998164,time,26.051402920420873,-74.23263311650351,0.9999526165786892,-107.98590191998164,33.75326880347816,0.038005793056300176,0.0037669594698896756,1.0,0.2839023816765154,True,True,False,False
Q0627,MOMREV,NIFTY,"After a big fall (<-1.5 sd) of NIFTY over the last 5 minutes, is the next 15 minutes up more often (momentum vs reversal)?",5436,1159,81332,0.5141181080582703,0.5450699043414275,0.5120493778586535,0.03302052648277409,0.006897892855734861,0.019500656485533764,0.04654039648001442,1.6925453027411825e-06,0.04315992684995029,0.022346076096475098,CE,5436.0,1159.0,-4.353657637210871,-109.72417575364693,0.9999999976791762,-115.65375253456854,liq,24.432998259686826,-82.5404689895041,0.9560368760543485,-82.4930097539242,-0.04745923557992354,0.5003914986412199,1.0397064002552978e-05,1.0,0.8450568766484648,True,True,False,False
Q0628,MOMREV,NIFTY,"After a big rise (>1.5 sd) of NIFTY over the last 5 minutes, is the next 60 minutes up more often (momentum vs reversal)?",4868,1164,81900,0.5223354231974922,0.5127362366474938,0.5229059829059829,-0.010169746258489099,0.007955978866098817,-0.025763464836042776,0.005423972319064581,0.20116057048093455,-0.01623338908993932,-0.004166844052494123,PE,4868.0,1164.0,5.469866036762688,-94.73145619931596,0.9707459289377506,-133.8998929102836,time,5.469866036762688,-94.73145619931596,0.9707459289377506,-133.8998929102836,39.16843671096762,0.21696156996232074,0.4145321660070377,1.0,0.6766053133423371,True,False,False,False
Q0629,MOMREV,NIFTY,"After a big fall (<-1.5 sd) of NIFTY over the last 5 minutes, is the next 60 minutes up more often (momentum vs reversal)?",5436,1159,81332,0.5223354231974922,0.5213392200147167,0.5224020065902719,-0.0010627865755552524,0.008269321690019898,-0.017270657087994253,0.015145083936883748,0.8977361940618953,-0.001955295583940919,-0.000248577028292174,PE,5436.0,1159.0,13.823259521969282,-87.00748094105694,0.9364145823867467,-135.79240445169125,time,13.823259521969282,-87.00748094105694,0.9364145823867467,-135.79240445169125,48.784923510634286,0.1967041122367016,0.954723569942164,1.0,0.6430605844948794,True,False,False,False
Q0630,MOMREV,NIFTY,"After a big rise (>1.5 sd) of NIFTY over the last 15 minutes, is the next 15 minutes up more often (momentum vs reversal)?",4648,1042,82120,0.5141181080582703,0.5077452667814114,0.5144788114953727,-0.006733544713961259,0.00879971388554895,-0.0239809839296372,0.010513894501714683,0.44415221281633793,-0.0053447871419674,-0.007741479949428753,CE,4648.0,1042.0,-10.123389038079372,-115.29909190288225,0.9999974700919678,-114.90048257510853,T30S20H30,-2.715095421635961,-109.36132097356406,0.9999991658504883,-131.9857032671721,22.624382293608026,0.1609651074981912,0.6714303215612831,1.0,0.5893408440923581,True,False,False,False
Q0631,MOMREV,NIFTY,"After a big fall (<-1.5 sd) of NIFTY over the last 15 minutes, is the next 15 minutes up more often (momentum vs reversal)?",5653,1026,81115,0.5141181080582703,0.5229081903414117,0.5135055168587808,0.009402673482630908,0.008033784938658037,-0.006343544997138843,0.02514889196240066,0.24184346084847608,0.022490885606567756,-0.004165319088193731,PE,5653.0,1026.0,25.83039487840095,-75.34646407506274,0.9977271713493837,-110.09049093844473,T30S20H60,50.7098861565616,-52.26754775703611,0.971590993226611,-145.13958854994647,92.87204079291037,0.0003656716061432239,0.46563890223064797,1.0,0.009630721851682211,False,False,False,False
Q0632,MOMREV,NIFTY,"After a big rise (>1.5 sd) of NIFTY over the last 15 minutes, is the next 60 minutes up more often (momentum vs reversal)?",4648,1042,82120,0.5223354231974922,0.5344234079173839,0.521651242084754,0.012772165832629856,0.01040631612319278,-0.007624213768827992,0.033168545434087704,0.21969201853119613,0.02026029912559557,0.006441487598710105,CE,4648.0,1042.0,-11.574988325163337,-116.74494820961026,0.9624724127685071,-145.75016602136506,T30S20H30,-2.715095421635961,-109.36132097356406,0.9999991658504883,-131.9857032671721,22.624382293608026,0.1609651074981912,0.43870387601430805,1.0,0.5893408440923581,True,False,False,False
Q0633,MOMREV,NIFTY,"After a big fall (<-1.5 sd) of NIFTY over the last 15 minutes, is the next 60 minutes up more often (momentum vs reversal)?",5653,1026,81115,0.5223354231974922,0.5101715903060322,0.5231831350551686,-0.01301154474913635,0.010121657138865654,-0.03284999274131303,0.006826903243040333,0.1986122862562942,-0.01001740680368457,-0.016186343838042627,PE,5653.0,1026.0,47.898543287136484,-53.36690717688975,0.7947461071694968,-136.5615849936583,T30S20H60,50.7098861565616,-52.26754775703611,0.971590993226611,-145.13958854994647,92.87204079291037,0.0003656716061432239,0.40993575883299127,1.0,0.009630721851682211,True,False,False,False
Q0634,MOMREV,NIFTY,"After a big rise (>1.5 sd) of NIFTY over the last 30 minutes, is the next 15 minutes up more often (momentum vs reversal)?",4931,908,81837,0.5141181080582703,0.5228148448590549,0.5135940955802387,0.00922074927881622,0.008671827861629688,-0.007776033329977967,0.026217531887610408,0.28764620155211235,0.006524506237847949,0.01180604786292827,CE,4931.0,908.0,2.9105616157979854,-103.17527408039138,0.9999696190757973,-114.13981682609176,time,2.9105616157979854,-103.17527408039138,0.9999696190757973,-114.13981682609176,10.964542745700374,0.3350784157832507,0.5111068870554062,1.0,0.8082119313770125,True,False,False,False
Q0635,MOMREV,NIFTY,"After a big fall (<-1.5 sd) of NIFTY over the last 30 minutes, is the next 15 minutes up more often (momentum vs reversal)?",6196,884,80572,0.5141181080582703,0.5167850225952227,0.5139130218934618,0.0028720007017609683,0.00814465759109813,-0.013091528176791368,0.018835529580313305,0.7243704380067599,0.020923005847981457,-0.01539584869279187,PE,6196.0,884.0,23.41982606067301,-77.90624158539201,0.9982437968482618,-109.48364982522887,liq,31.81758015135783,-71.28079728076358,0.7836669338347078,-115.66051746807855,44.37972018731498,0.31276162748449626,0.858858331827868,1.0,0.7855375502847691,False,False,False,False
Q0636,MOMREV,NIFTY,"After a big rise (>1.5 sd) of NIFTY over the last 30 minutes, is the next 60 minutes up more often (momentum vs reversal)?",4931,908,81837,0.5223354231974922,0.549178665585074,0.5207180126348717,0.02846065295020228,0.012305387318809015,0.004342093805336612,0.052579212095067954,0.020730271355632667,0.028601918408545535,0.028824435004255133,CE,4931.0,908.0,-10.819719131621211,-116.8504819689673,0.9517108438290021,-142.31218275539197,T20S20H60,3.3495285573389584,-104.37011696855538,0.9999958294739942,-146.8558632631652,42.48574629460982,0.03466756211582293,0.07532971844722856,1.0,0.26902849736718765,True,False,False,False
Q0637,MOMREV,NIFTY,"After a big fall (<-1.5 sd) of NIFTY over the last 30 minutes, is the next 60 minutes up more often (momentum vs reversal)?",6196,884,80572,0.5223354231974922,0.4932214331826985,0.5245742937993347,-0.031352860616636224,0.011395111701718877,-0.053687279552005224,-0.009018441681267225,0.005933556563300909,-0.036598946238634966,-0.02607965178925875,PE,6196.0,884.0,68.62661168799333,-32.88095184749606,0.6744845012114389,-134.64182939318073,time,68.62661168799333,-32.88095184749606,0.6744845012114389,-134.64182939318073,101.76087754568464,0.08116671912393808,0.02526167645761773,1.0,0.4276400098076075,True,True,False,False
Q0638,MOMREV,NIFTY,"After a big rise (>1.5 sd) of NIFTY over the last 60 minutes, is the next 15 minutes up more often (momentum vs reversal)?",5487,731,81281,0.5141181080582703,0.5164935301622016,0.5139577515040415,0.002535778658160015,0.009234812967904172,-0.015564454758932162,0.020636012075252192,0.7836319684003883,0.00493792156898154,0.000979805636039499,CE,5487.0,731.0,8.131215899764502,-97.50840686650953,0.9999184170330399,-115.16847979049447,time,8.131215899764502,-97.50840686650953,0.9999184170330399,-115.16847979049447,17.660072923984917,0.24697380813737776,0.8889183656964684,1.0,0.7139474970151731,True,False,False,False
Q0639,MOMREV,NIFTY,"After a big fall (<-1.5 sd) of NIFTY over the last 60 minutes, is the next 15 minutes up more often (momentum vs reversal)?",7069,755,79699,0.5141181080582703,0.5068609421417456,0.5147617912395388,-0.007900849097793206,0.00821147860975027,-0.023995347172903737,0.008193648977317326,0.3359635602245602,-0.004732846731416607,-0.011122200455424669,PE,7069.0,755.0,35.98953401149458,-65.2291896404585,0.9951449602846543,-107.03727203621078,liq,48.88930532682362,-54.05602795059632,0.6941812343400959,-112.37768665502475,58.3216587044284,0.29216834817059223,0.5635799644859333,1.0,0.7657391772434856,True,False,False,False
Q0640,MOMREV,NIFTY,"After a big rise (>1.5 sd) of NIFTY over the last 60 minutes, is the next 60 minutes up more often (momentum vs reversal)?",5487,731,81281,0.5223354231974922,0.5500273373428103,0.5204660375733566,0.029561299769453653,0.01518029158839296,-0.00019207174379654718,0.05931467128270385,0.05149311212265469,0.025667271649194356,0.03326719675068757,CE,5487.0,731.0,-36.32040454807645,-141.78153495748862,0.9520705371247471,-136.80827518657748,liq,6.674129899047385,-100.3499950365336,0.8901689166780158,-78.49851280242088,-21.85148223411272,0.6051873952801132,0.1520048389890722,1.0,0.8832637118824994,True,False,False,False
Q0641,MOMREV,NIFTY,"After a big fall (<-1.5 sd) of NIFTY over the last 60 minutes, is the next 60 minutes up more often (momentum vs reversal)?",7069,755,79699,0.5223354231974922,0.5007780449851464,0.5242474811478187,-0.023469436162672275,0.01352106148576389,-0.0499707166747695,0.0030318443494249496,0.0826047295188748,-0.03054193038477676,-0.016353700617031453,PE,7069.0,755.0,25.78529847523653,-75.39242176051633,0.8297967360182649,-134.3433842090831,liq,48.88930532682362,-54.05602795059632,0.6941812343400959,-112.37768665502475,58.3216587044284,0.29216834817059223,0.2219324197609851,1.0,0.7657391772434856,True,False,False,False
Q0706,VIX,NIFTY,"When India VIX closed below 13 yesterday, is NIFTY's day range bigger?",319,319,957,1.0501822948829507,0.7397707865155977,1.1536527976720685,-0.41388201115647083,0.02576111165097015,-0.46437378999237233,-0.36339023232056933,4.405812064728269e-58,-0.4103773689557637,-0.317130335216366,CE+PE,319.0,319.0,-237.69829682246737,-424.1474787454642,0.9991370291000186,-568.2692845722466,T30S10H30,107.48431513675702,-84.43806149910635,0.9227111125734759,-214.20934878611402,129.77128728700768,0.01434127627330026,2.185960601345949e-56,1.0,0.15589530878879676,True,True,False,False
Q0707,VIX,NIFTY,"When India VIX closed below 13 yesterday, is NIFTY more often up (close > open)?",319,319,957,0.48746081504702193,0.4890282131661442,0.48693834900731453,0.0020898641588296685,0.032329484354766395,-0.061275925176512466,0.0654556534941718,0.9484585107178976,-0.05250571291916889,0.03591269841269845,PE,319.0,319.0,-328.6881292563481,-418.64263624197696,0.9697827563943394,-302.16459274379133,T30S10H30,-33.33543765507522,-126.53358820447666,0.9889113291607373,-155.5459698684029,29.01238166392624,0.29998288695149555,0.9790015097329804,1.0,0.773252994622097,False,False,False,False
Q0708,VIX,NIFTY,"When India VIX closed 13-16 yesterday, is NIFTY's day range bigger?",393,393,883,1.0501822948829507,0.9823252658807594,1.0803836679269612,-0.09805840204620175,0.031106959538097622,-0.1590280427408731,-0.037088761351530414,0.0016199093599391678,-0.3250089321752544,0.1679379722342168,CE+PE,393.0,393.0,-278.1272090043465,-484.08521632651036,0.9920243970741751,-568.2692845722468,liq,98.0623494213774,-113.43989016911685,0.7091290053189545,-92.1522214150924,-21.28766875402449,0.5411648518281462,0.0077973249041847995,1.0,0.8544663177241739,False,True,False,False
Q0709,VIX,NIFTY,"When India VIX closed 13-16 yesterday, is NIFTY more often up (close > open)?",393,393,883,0.48746081504702193,0.4351145038167939,0.5107587768969423,-0.07564427308014837,0.030151726707598355,-0.13474165742704114,-0.016546888733255598,0.012114636131730992,-0.07401719439300175,-0.07136186454442095,PE,393.0,393.0,97.20229530294661,-4.721891594195425,0.5065923094414377,-302.1645927437913,liq,205.09730477369467,100.77424732975011,0.2846532201368483,-37.263082105706545,138.03732943545666,0.21784313300186028,0.0483835313001021,1.0,0.6772882987321001,True,True,False,False
Q0710,VIX,NIFTY,"When India VIX closed 16-20 yesterday, is NIFTY's day range bigger?",290,290,986,1.0501822948829507,1.1176263770152783,1.0303458001381485,0.08728057687712987,0.03712129421018472,0.01452284022516781,0.16003831352909192,0.018711631434188313,-0.0948038117308947,0.17897810386417545,CE+PE,290.0,290.0,-578.9707262559698,-786.5301621861308,0.9998066191002257,-568.2692845722466,liq,205.57926776491362,-9.629157490739942,0.5155694842500149,-92.15222141509241,82.52306392435236,0.3689821468934269,0.06936208204052564,1.0,0.8380882818676862,False,False,False,False
Q0711,VIX,NIFTY,"When India VIX closed 16-20 yesterday, is NIFTY more often up (close > open)?",290,290,986,0.48746081504702193,0.506896551724138,0.4817444219066937,0.025152129817444246,0.033406455305615146,-0.04032452258156144,0.09062878221644993,0.45150263937297336,-0.005854183481302178,0.07249295207410389,PE,290.0,290.0,-286.9638214903916,-390.0553898251044,0.8798742338850325,-302.1645927437913,liq,212.67323960929082,105.3932055627734,0.30357864704795257,-37.26308210570655,142.65628766847993,0.2432412037993613,0.6756826041660506,1.0,0.7077610252455477,False,False,False,False
Q0712,VIX,NIFTY,"When India VIX closed 20 or more yesterday, is NIFTY's day range bigger?",274,274,1002,1.0501822948829507,1.4375191552795632,0.9442638320599249,0.4932553232196383,0.04792230018743029,0.3993276148522749,0.5871830315870017,7.592444878962843e-25,0.39241312172517007,0.6190733680205953,CE+PE,274.0,274.0,-404.292838814512,-621.5369142269087,0.9937503786178749,-568.2692845722466,liq,91.39145593573578,-132.02610679573428,0.6880575325363973,-92.1522214150924,-39.87388538064189,0.5588655870806953,1.28871761761343e-23,1.0,0.8617274889069427,True,True,False,False
Q0713,VIX,NIFTY,"When India VIX closed 20 or more yesterday, is NIFTY more often up (close > open)?",274,274,1002,0.48746081504702193,0.5401459854014599,0.47305389221556887,0.06709209318589099,0.0340030751017323,0.0004460659864956862,0.1337381203852863,0.04848207424208222,0.06638047294028021,0.05019441498762811,PE,274.0,274.0,-381.4716884197436,-489.4790428157111,0.9041732018890867,-302.1645927437913,liq,-66.57753791252192,-178.07310253617754,0.7979587714745282,-37.26308210570655,-140.81002043047107,0.7452954629408328,0.1461139696461093,1.0,0.9560522809755633,True,False,False,False
Q0714,VIX,NIFTY,"When India VIX rose more than 5% yesterday, is NIFTY more often up today?",154,154,1122,0.48746081504702193,0.5,0.4857397504456328,0.014260249554367221,0.042982085011969505,-0.06998463706909301,0.09850513617782745,0.7400614770095899,-0.015792244253377774,0.0456910090302316,PE,154.0,154.0,-219.94480487467214,-326.2082765860641,0.7551970284656855,-302.1645927437913,liq,77.51456756096381,-32.40484547631474,0.5485754846877758,-37.263082105706545,4.858236629391912,0.4926997287642149,0.8624083127690702,1.0,0.8450568766484648,False,False,False,False
Q0715,VIX,NIFTY,"When India VIX fell more than 5% yesterday, is NIFTY more often up today?",142,142,1134,0.48746081504702193,0.5140845070422535,0.48412698412698413,0.029957522915269374,0.044507923238794836,-0.0572780066327685,0.11719305246330725,0.5008945397112471,0.03932439401753479,0.010344827586206917,PE,142.0,142.0,-703.6707936442444,-806.9657194356361,0.9479213519923336,-302.16459274379133,liq,159.84505331012565,50.81885535389455,0.4384710497266984,-37.263082105706545,88.0819374596011,0.3942000748298578,0.7155636281589244,1.0,0.8450568766484648,True,False,False,False
Q0716,VIX,NIFTY,"When India VIX is up more than 3% at 10:15, is NIFTY more often up 10:15->15:09?",223,223,759,0.515274949083503,0.5022421524663677,0.5191040843214756,-0.01686193185510787,0.038097659229380694,-0.09153334394469403,0.057809480234478294,0.6580568340466486,-0.013556269470405002,-0.020000000000000018,PE,223.0,223.0,-34.80269686957913,-141.15421501711685,0.6678827005425418,-242.69512475848603,liq,77.70855531564207,-30.62350751129912,0.5557488178901003,-55.51453778010823,24.89103026880913,0.45463662565345864,0.8205402112430183,1.0,0.8450568766484648,True,False,False,False
Q0717,VIX,NIFTY,"When India VIX is down more than 3% at 10:15, is NIFTY more often up 10:15->15:09?",112,112,870,0.515274949083503,0.5267857142857143,0.5137931034482759,0.012992610837438412,0.050154122689403405,-0.08530946963379225,0.11129469130866908,0.7955938109517102,0.0644192256341789,-0.050974235848185445,CE,112.0,112.0,172.6852596138737,66.32060738318556,0.4511822676836298,-198.86295652422407,time,172.6852596138737,66.32060738318556,0.4511822676836298,-198.86295652422407,265.18356390741,0.31188413923837066,0.8963458656137172,1.0,0.784770527057829,False,False,False,False
Q0718,VIX,NIFTY,"When India VIX is up more than 5% intraday, does NIFTY fall more over the next 60 minutes (mean move, bps)?",7784,241,58992,-0.01928954151871534,-0.5600190769119106,0.052059772006858164,-0.6120788489187687,1.2742308954479487,-3.109571403996748,1.8854137061592107,0.6309774039265489,-0.6522167555606995,-0.569650876330788,PE,7784.0,241.0,9.073610136463458,-99.78511174126125,0.8583163122851188,-140.39992326395986,time,9.073610136463458,-99.78511174126125,0.8583163122851188,-140.39992326395986,40.61481152269863,0.3314521163339463,0.7987839559030894,1.0,0.8044442208745848,True,False,False,False
Q0719,VIX,NIFTY,"When India VIX is down more than 3% intraday, does NIFTY fall more over the next 60 minutes (mean move, bps)?",9766,290,57010,-0.01928954151871534,0.9366799749459933,-0.1830502553898668,1.11973023033586,0.9983222138373798,-0.8369813087854043,3.0764417694571247,0.2620274235727069,0.9205807376906332,1.384680730186263,CE,9766.0,290.0,55.79343908055381,-47.006007739040015,0.7238172725594292,-132.70890415730742,liq,166.0854433287418,61.7891560581629,0.2652665439217427,-82.84569736088123,144.63485341904416,0.0710437923664773,0.48426271691804007,1.0,0.39971306804899276,True,False,False,False
Q0720,VIX,NIFTY,"When India VIX jumps (>1.5 sd in 15 min), is NIFTY up over the next 15 minutes more often?",4012,770,60602,0.5132633794533692,0.48928215353938187,0.5148509950166661,-0.02556884147728422,0.009370371780810566,-0.04393477016767293,-0.007202912786895513,0.006358641287950047,-0.029841549619864183,-0.0212271716052303,PE,4012.0,770.0,42.10175995114199,-58.97250676213812,0.9818356022985669,-110.72367677814285,T25S20H30,43.64089005609096,-58.67256656206223,0.992578533332185,-132.94522113045852,74.27265456839628,0.0010316924348978134,0.02698239230741961,1.0,0.02284806279493238,True,True,False,False
Q0721,VIX,NIFTY,"When India VIX drops (<-1.5 sd in 15 min), is NIFTY up over the next 15 minutes more often?",3769,809,60845,0.5132633794533692,0.4964181480498806,0.5143068452625524,-0.017888697212671834,0.010148052092856134,-0.037778879314669854,0.002001484889326187,0.07793903265539409,-0.0128464242494708,-0.02371969423575343,PE,3769.0,809.0,26.156929006355767,-72.7219831003187,0.9969788152364839,-112.3947549510647,liq,44.43678693956075,-55.92564737938928,0.8002059015116161,-121.59868233955878,65.67303496016947,0.1612832115158775,0.21122132799466045,1.0,0.5897782336867657,True,False,False,False
Q0786,PIN,NIFTY,"On expiry days, does NIFTY move toward the max-OI strike from 12:00 to 15:09 more often than on other days?",268,268,1008,0.335423197492163,0.31343283582089554,0.3412698412698413,-0.02783700544894574,0.03204345598862663,-0.09064217918665393,0.03496816828876245,0.38499663945846785,-0.028399668325041427,-0.027274342572849997,col:pinside165,268.0,268.0,-133.0438622947671,-209.28214919716203,0.7633532254169847,-186.7983606364066,T20S10H15,-38.68471120720479,-116.04737609981852,0.998102818334381,-111.50158206335769,-4.545794036460827,0.5451507990916427,0.6116325922431324,1.0,0.8556814468258092,True,False,False,False
Q0787,PIN,NIFTY,"On expiry days, how far does NIFTY move toward the max-OI strike from 12:00 to 15:09 (%, vs other days)?",268,268,1008,-0.01867293937826605,-0.00015497207641601562,-0.023596367192646815,0.0234413951162308,0.03493572767764759,-0.04503263113195848,0.09191542136442007,0.5022292486489777,-0.0031485871183056097,0.0500313773507672,col:pinside165,268.0,268.0,-133.0438622947671,-209.28214919716203,0.7633532254169847,-186.7983606364066,T20S10H15,-38.68471120720479,-116.04737609981852,0.998102818334381,-111.50158206335769,-4.545794036460827,0.5451507990916427,0.7166766933154659,1.0,0.8556814468258092,False,False,False,False
Q0788,PIN,NIFTY,"On expiry days, does NIFTY move toward the max-OI strike from 13:30 to 15:09 more often than on other days?",268,268,1008,0.3503134796238245,0.3582089552238806,0.3482142857142857,0.009994669509594878,0.032921535431223954,-0.05453153993560407,0.07452087895479383,0.7614397950294772,0.04027481639421937,-0.020285477375029615,col:pinside255,268.0,268.0,-228.84610088208495,-301.35496593597645,0.898957488352901,-184.20746758322454,T30S10H15,31.129654556957643,-43.22402142947867,0.7999499319590457,-100.81218330719204,57.588161877713375,0.1311318138641432,0.8730667486509333,1.0,0.5330004985172475,False,False,False,False
Q0789,PIN,NIFTY,"On expiry days, how far does NIFTY move toward the max-OI strike from 13:30 to 15:09 (%, vs other days)?",268,268,1008,-0.01382568506611552,0.00038487252904408016,-0.017603888871177795,0.017988761400221875,0.025872917036830232,-0.03272215599196538,0.06869967879240912,0.4868837289326015,-0.00545367125480894,0.041431194055252696,col:pinside255,268.0,268.0,-228.84610088208495,-301.35496593597645,0.898957488352901,-184.20746758322454,T30S10H15,31.129654556957643,-43.22402142947867,0.7999499319590457,-100.81218330719204,57.588161877713375,0.1311318138641432,0.7049158365017463,1.0,0.5330004985172475,False,False,False,False
Q0790,PIN,NIFTY,"On expiry days, does NIFTY move toward the max-OI strike from 14:30 to 15:09 more often than on other days?",268,268,1008,0.427115987460815,0.4141791044776119,0.4305555555555556,-0.016376451077943666,0.03390407204609959,-0.08282843228829886,0.05007553013241153,0.629079311474929,-0.04400615967780147,0.01125325752191425,col:pinside315,267.0,267.0,-255.49626470114407,-324.99397263477726,0.9864606673093881,-159.05469169983033,T15S20H30,-32.220035224371635,-103.05815201732433,0.9437181304396017,-131.05934558017853,28.00119356285418,0.33304158843071574,0.7979472092454852,1.0,0.8059302424663309,False,False,False,False
Q0791,PIN,NIFTY,"On expiry days, how far does NIFTY move toward the max-OI strike from 14:30 to 15:09 (%, vs other days)?",268,268,1008,-0.0072123582086593,-0.010437974289282044,-0.0063547539332556345,-0.004083220356026409,0.017603750905530492,-0.03858657213086617,0.030420131418813355,0.8165755105752726,0.024985692366071573,-0.033152133078124396,col:pinside315,267.0,267.0,-255.49626470114407,-324.99397263477726,0.9864606673093881,-159.05469169983033,T15S20H30,-32.220035224371635,-103.05815201732433,0.9437181304396017,-131.05934558017853,28.00119356285418,0.33304158843071574,0.9034154448045468,1.0,0.8059302424663309,False,False,False,False
Q0816,OPTPREM,NIFTY,"If the ATM CE premium fell 5%+ in 15 min while spot was flat (<0.05%), is NIFTY up over the next 15 minutes more often?",7707,1176,79061,0.5141181080582703,0.5025301673803036,0.515247720114848,-0.012717552734544335,0.006763390026836654,-0.025973797187144175,0.0005386917180555065,0.06006014547551685,-0.002863042813757377,-0.01721733758636379,PE,7707.0,1176.0,-12.214804771338763,-99.73417364919558,0.9999999999997291,-108.88601921691115,liq,23.372837716044813,-65.34663385425158,0.9493845535781866,-120.05102777055532,54.70439391630373,0.08513614334936118,0.17168212888142337,1.0,0.4378367644363269,True,False,False,False
Q0817,OPTPREM,NIFTY,"If the ATM CE premium fell 5%+ in 15 min while spot was flat (<0.05%), is NIFTY up over the next 30 minutes more often?",7707,1176,79061,0.5205029503964596,0.51005579343454,0.5215213569269298,-0.011465563492389808,0.007132662324016046,-0.02544558164746126,0.0025144546626816432,0.10795060497194797,-0.002027740714289017,-0.01604621418303087,PE,7707.0,1176.0,-14.781236435917855,-102.29033528614127,0.9999969523022069,-121.0533509642372,liq,23.372837716044813,-65.34663385425158,0.9493845535781866,-120.05102777055532,54.70439391630373,0.08513614334936118,0.2632443864155253,1.0,0.4378367644363269,True,False,False,False
Q0818,OPTPREM,NIFTY,"If the ATM PE premium fell 5%+ in 15 min while spot was flat, is NIFTY up over the next 15 minutes more often?",8469,1186,78299,0.5141181080582703,0.5099775652379266,0.5145659586967906,-0.004588393458863971,0.006571408978337077,-0.017468355056404643,0.0082915681386767,0.48502969805977125,-0.003676741995502164,-0.004226972410113494,CE,8469.0,1186.0,-22.233847073391598,-113.39316974805662,1.0,-111.3723477708475,liq,31.350658556156336,-61.07088571323774,0.9383771783485642,-81.42383978500916,20.352954071771407,0.30353281711710867,0.7038113728876321,1.0,0.7766123386467431,True,False,False,False
Q0819,OPTPREM,NIFTY,"If the ATM PE premium fell 5%+ in 15 min while spot was flat, is NIFTY up over the next 30 minutes more often?",8469,1186,78299,0.5205029503964596,0.517652615420947,0.5208112491858133,-0.0031586337648663587,0.00706249078467157,-0.017001115702822638,0.010683848173089918,0.6547012326436294,-0.004783586038236365,-0.0016500124327770704,CE,8469.0,1186.0,-27.933732038114186,-119.07016968901627,0.9999999923900484,-119.10973899763377,liq,31.350658556156336,-61.07088571323774,0.9383771783485642,-81.42383978500916,20.352954071771407,0.30353281711710867,0.8183765408045368,1.0,0.7766123386467431,True,False,False,False
Q0820,OPTPREM,NIFTY,"If the ATM CE premium rose 5%+ in 15 min while spot was flat, is NIFTY up over the next 15 minutes more often?",4461,1095,82307,0.5141181080582703,0.5205110961667787,0.5137716111630846,0.006739485003694146,0.008356482458518142,-0.009639220615001411,0.023118190622389703,0.4199558563588312,0.013687216517678347,0.004109583510441328,CE,4461.0,1095.0,4.181079950014109,-91.16050438477718,0.9999999789546337,-111.22315281339107,liq,58.671205251694154,-37.86306574016688,0.806391199068167,-80.64532311174919,42.782257371582304,0.1640231200255391,0.6495720080370411,1.0,0.5939105738116423,True,False,False,False
Q0821,OPTPREM,NIFTY,"If the ATM CE premium rose 5%+ in 15 min while spot was flat, is NIFTY up over the next 30 minutes more often?",4461,1095,82307,0.5205029503964596,0.5283568706568034,0.5200772716779861,0.008279598978817249,0.008689382640852028,-0.008751590997252728,0.025310788954887226,0.34067069946887507,0.018062851407498304,0.0038755824292915353,CE,4461.0,1095.0,0.5842848311515967,-94.74281568832684,0.9999800510716988,-119.43593693460802,liq,58.671205251694154,-37.86306574016688,0.806391199068167,-80.64532311174919,42.782257371582304,0.1640231200255391,0.5670518739546436,1.0,0.5939105738116423,True,False,False,False
Q0822,OPTPREM,NIFTY,"If the ATM PE premium rose 5%+ in 15 min while spot was flat, is NIFTY up over the next 15 minutes more often?",4481,1120,82287,0.5141181080582703,0.5070296808748047,0.514504113651002,-0.007474432776197304,0.00845454385470388,-0.02404533873141691,0.009096473179022301,0.3766568821354981,0.026721997742485626,-0.023997574221016615,PE,4481.0,1120.0,-20.010601820304068,-111.53096334954165,0.9999999999989568,-108.12774405797748,liq,27.779839372453985,-64.9042042573039,0.9200552079394868,-119.84983547882389,54.945631221519974,0.1170358867407934,0.6043375347696425,1.0,0.5072855603718767,False,False,False,False
Q0823,OPTPREM,NIFTY,"If the ATM PE premium rose 5%+ in 15 min while spot was flat, is NIFTY up over the next 30 minutes more often?",4481,1120,82287,0.5205029503964596,0.509930819013613,0.5210786637014352,-0.01114784468782215,0.008656081414890302,-0.028113764261007142,0.0058180748853628415,0.19779374935560598,0.010181559642340465,-0.021468743791002054,PE,4481.0,1120.0,-6.061924576785942,-97.63830004141985,0.9999679123696096,-118.80218523633667,liq,27.779839372453985,-64.9042042573039,0.9200552079394868,-119.84983547882389,54.945631221519974,0.1170358867407934,0.4095568806881729,1.0,0.5072855603718767,False,False,False,False
Q0824,OPTPREM,NIFTY,"If the ATM straddle jumped (>1.5 sd in 15 min), is NIFTY's next 30-minute move bigger?",1906,536,84862,12.794826645275641,15.530597186413791,12.733381255685375,2.7972159307284166,0.6574893982994339,1.5085367100615261,4.085895151395307,2.0962023151418086e-05,3.6701889113498787,2.1283735869249067,CE+PE,1906.0,536.0,-88.67418580249749,-263.94018071510095,1.0,-240.7684146381507,liq,-24.837103087654395,-203.2535256803865,0.9938905116962422,-200.32384825374976,-2.929677426636738,0.5144045712871104,0.00012071879404164879,1.0,0.8451547558473461,True,True,False,False
Q0825,OPTPREM,NIFTY,"If the ATM straddle dropped (<-1.5 sd), is NIFTY's next 30-minute move bigger?",7284,622,79484,12.794826645275641,13.21237995191173,12.756561607210909,0.4558183447008215,0.38782916202689155,-0.3043268128718859,1.215963502273529,0.23987189874059417,1.0003425564676345,-0.25138288205810255,CE+PE,7284.0,622.0,-102.23355939330503,-256.8318172096091,1.0,-248.42986034600878,liq,-14.306869216177374,-171.83795853348624,0.9990300255743281,-211.75741900629703,39.91946047281081,0.23597480465109666,0.46392016398105923,1.0,0.69831887776347,False,False,False,False
Q0826,OPTPREM,NIFTY,"If NIFTY's ATM straddle fell 3%+ in 15 min with flat spot, is the next-60-min range bigger?",6459,920,80309,35.29090629807372,29.63204929396397,35.74603034879711,-6.113981054833143,0.5831592960678872,-7.256973275126202,-4.970988834540084,1.020646942188561e-25,-5.207292779393605,-3.9907759520540225,CE+PE,6459.0,920.0,-140.96114628658304,-302.2880540568132,1.0,-274.8803006627312,liq,-3.793437130625799,-168.02021325911247,0.998974745190122,-202.13781810812313,34.11760484901071,0.2654384428742531,1.854414866793301e-24,1.0,0.7352766119414019,True,True,False,False
Q0827,OPTPREM,NIFTY,"If the PE got more expensive relative to the CE (>1.5 sd in 15 min), is NIFTY up over the next 15 minutes more often?",4240,615,82528,0.5141181080582703,0.4988207547169811,0.5149040325707639,-0.016083277853782774,0.009334005725523639,-0.03437792907580911,0.0022113733682435598,0.08487329834769389,-0.013272417012898718,-0.018997812424658755,PE,4240.0,615.0,-15.107897591759574,-98.82957865156136,0.9999979768514072,-109.46915648399681,liq,-3.325116222759463,-88.33914767702944,0.9433194736358204,-120.3292693107328,31.990121633703364,0.28310319670915274,0.22383280888273974,1.0,0.7554554122425394,True,False,False,False
Q0828,OPTPREM,NIFTY,"If the PE got more expensive relative to the CE (>1.5 sd in 15 min), is NIFTY up over the next 30 minutes more often?",4240,615,82528,0.5205029503964596,0.5141509433962265,0.5208292943001164,-0.006678350903889907,0.010179549818770279,-0.026630268548679652,0.013273566740899839,0.5117883356265843,-0.0031910042416434248,-0.010270067195096488,PE,4240.0,615.0,-42.13961566246624,-125.75274749441097,0.9998199553723612,-122.33631705934788,liq,-3.325116222759463,-88.33914767702944,0.9433194736358204,-120.3292693107328,31.990121633703364,0.28310319670915274,0.7249039470080714,1.0,0.7554554122425394,True,False,False,False
Q0829,OPTPREM,NIFTY,"If the CE got more expensive relative to the PE (>1.5 sd), is NIFTY up over the next 15 minutes more often?",4115,620,82653,0.5141181080582703,0.5210206561360875,0.5137744546477442,0.007246201488343318,0.010048821244828832,-0.012449488151521193,0.02694189112820783,0.47084820602221905,0.01436049844969034,-6.686807940936568e-05,CE,4115.0,620.0,-7.681525483166172,-92.45803083951893,0.9998996174232055,-112.0866606193031,liq,26.882991559015878,-59.37552456061271,0.8574350150324702,-83.02440816461595,23.64888360400325,0.33525646517376034,0.6920248623679666,1.0,0.8084082708311503,False,False,False,False
Q0830,OPTPREM,NIFTY,"If the CE got more expensive relative to the PE (>1.5 sd), is NIFTY up over the next 30 minutes more often?",4115,620,82653,0.5205029503964596,0.5246658566221142,0.5202956940461931,0.004370162575921044,0.011016421093409537,-0.01722202276716165,0.025962347919003738,0.6915921594240274,0.023906481818482317,-0.015623588832650248,CE,4115.0,620.0,-16.430070337084636,-101.17149142851746,0.9947338683902366,-120.0424492346861,liq,26.882991559015878,-59.37552456061271,0.8574350150324702,-83.02440816461595,23.64888360400325,0.33525646517376034,0.8429577054019824,1.0,0.8084082708311503,False,False,False,False
Q0895,THETA,NIFTY,"How much does NIFTY's ATM straddle change over the next 60 minutes starting at 09:20-10:00 (%, vs other hours)?",10208,1276,76560,-6.494134184832439,-4.649546101969611,-6.740079262547483,2.0905331605778716,0.2301287290029334,1.6394808517321222,2.5415854694236213,1.0447340935390446e-19,2.847630417191247,1.3334359039644967,CE+PE,10208.0,1276.0,-91.0754556598895,-293.9520388165894,1.0,-294.8161285743037,liq,3.2159312204881148,-203.28585168592622,0.9986521191778975,-204.50101468481463,1.2151629988884594,0.49284513651736717,1.3893886398612035e-18,1.0,0.8450568766484648,True,True,False,False
Q0896,THETA,NIFTY,"How much does NIFTY's ATM straddle change over the next 60 minutes starting at 10:00-11:00 (%, vs other hours)?",15312,1276,71456,-6.494134184832439,-3.744160777115523,-7.083414200771778,3.339253423656255,0.2365090836139798,2.8756956197728547,3.8028112275396557,2.9039750131804856e-45,3.6379137669397585,3.040593080372753,CE+PE,15312.0,1276.0,-49.06476809795996,-249.57179538936347,1.0,-249.74487903436582,liq,50.13728115501324,-153.1034222906755,0.9960819619152249,-154.11471022567466,1.0112879349991635,0.49299344444866355,9.60545581282776e-44,1.0,0.8450568766484648,True,True,False,False
Q0897,THETA,NIFTY,"How much does NIFTY's ATM straddle change over the next 60 minutes starting at 11:00-12:00 (%, vs other hours)?",15312,1276,71456,-6.494134184832439,-3.566341562097349,-7.1215183182756725,3.5551767561783234,0.22247865346646878,3.1191185953840446,3.9912349169726022,1.7655443940460652e-57,3.5843566057997545,3.525996906556893,CE+PE,15312.0,1276.0,-33.5258180272056,-232.14922767352536,1.0,-231.93383710452932,liq,49.19954267539699,-151.68967127769986,0.9986710592079823,-152.2327115358598,0.5430402581599215,0.4957087098350761,8.435378771553423e-56,1.0,0.8450568766484648,True,True,False,False
Q0898,THETA,NIFTY,"How much does NIFTY's ATM straddle change over the next 60 minutes starting at 12:00-13:00 (%, vs other hours)?",15312,1276,71456,-6.494134184832439,-4.752732479678177,-6.867291693079781,2.114559213401604,0.2043392861343595,1.7140542125782592,2.5150642142249486,4.260916600024484e-25,1.8983985432685708,2.3307198835346377,CE+PE,15312.0,1276.0,-67.52409603730888,-264.313550130447,1.0,-264.0457716567813,liq,-4.587823340636187,-203.58232625359747,0.9999983684718519,-203.43555063738805,-0.1467756162093931,0.5013384596497887,7.529564950728198e-24,1.0,0.8450568766484648,True,True,False,False
Q0899,THETA,NIFTY,"How much does NIFTY's ATM straddle change over the next 60 minutes starting at 13:00-14:00 (%, vs other hours)?",15312,1276,71456,-6.494134184832439,-8.056301551225792,-6.159384034891007,-1.896917516334785,0.18592966353874385,-2.2613396568707227,-1.5324953757988469,1.9355340918723624e-24,-2.4463711062871374,-1.3474639263824306,CE+PE,15312.0,1276.0,-85.98788377788996,-280.639348996596,1.0,-280.5191784598899,liq,-31.49965985784212,-228.32388610799782,0.9999999995177463,-228.28558640523315,-0.038299702764664156,0.5004092257691168,3.160555669006769e-23,1.0,0.8450568766484648,True,True,False,False
Q0900,THETA,NIFTY,"How much does NIFTY's ATM straddle change over the next 60 minutes starting at 14:00-14:55 (%, vs other hours)?",15312,1276,71456,-6.494134184832439,-13.580859942620576,-4.975550093877839,-8.605309848742737,0.5217185423122637,-9.627878191674773,-7.5827415058107,4.041314420932043e-61,-8.708319536286124,-8.50230016119935,CE+PE,15312.0,1276.0,-134.12300496863332,-325.83134483827325,1.0,-325.64045130337985,T30S10H15,-49.95834935919743,-245.25844994133902,1.0,-245.1936485737335,-0.06480136760555485,0.5034167904742941,2.172206501250973e-59,1.0,0.8450568766484648,True,True,False,False
Q0901,THETA,NIFTY,"How much does NIFTY's ATM straddle change over the next 60 minutes on expiry day (%, vs other days)?",18224,268,68544,-6.494134184832439,-22.608740552644964,-2.2096951902156174,-20.399045362429348,0.3606912607228747,-21.10600023344618,-19.692090491412515,0.0,-19.06724512142785,-21.730845603430847,CE+PE,18224.0,268.0,-144.89250445287084,-296.5853196460501,1.0,-273.25203587208506,liq,90.0330569518565,-65.24856599540651,0.8125216395650829,-197.65141412626215,132.4028481308557,0.03590134034054841,0.0,1.0,0.2750089599942663,True,True,False,False
Q0902,THETA,NIFTY,"How much does NIFTY's ATM straddle change over the next 60 minutes 1 day before expiry (%, vs other days)?",18156,267,68612,-6.494134184832439,-3.4703114155526467,-7.294293431014506,3.823982015461859,0.32919020888199896,3.1787692060531407,4.469194824870577,3.4044999863136275e-31,3.158311048278258,4.489663096410057,CE+PE,18156.0,267.0,-63.94585114056961,-246.69690956613695,1.0,-273.25203587208506,T30S10H15,-19.031905416718505,-204.55829345786614,1.0,-232.57694479355584,28.0186513356897,3.4403953363350457e-06,7.07928576916164e-30,1.0,0.00015943959073779146,True,True,False,False
Q0903,THETA,NIFTY,"How much does NIFTY's ATM straddle change over the next 60 minutes 2 days before expiry (%, vs other days)?",18224,268,68544,-6.494134184832439,-2.3771722245833873,-7.588723277438338,5.211551052854951,0.3196459983401326,4.585044896108291,5.838057209601611,9.223758915661642e-60,4.8875312883664535,5.535570817343448,CE+PE,18224.0,268.0,-87.84077449782676,-292.18031560116526,1.0,-273.25203587208506,T30S10H15,-29.864010208002615,-237.7613955051418,1.0,-232.57694479355587,-5.184450711585955,0.8069856054918048,4.7594596004814066e-58,1.0,0.9858163615611821,True,True,False,False
Q0904,THETA,NIFTY,"How much does NIFTY's ATM straddle change over the next 60 minutes 3-4 days before expiry (%, vs other days)?",31416,462,55352,-6.494134184832439,-1.3457136955050557,-9.416210678775009,8.070496983269953,0.35954506739132697,7.365788651182952,8.775205315356954,1.3872530768000099e-111,7.844452075213077,8.276199280149351,CE+PE,31416.0,462.0,-38.179639183688714,-265.3776135524232,1.0,-273.2520358720851,liq,7.107973755665763,-221.96097557936835,0.9999996410546549,-197.6514141262622,-24.309561453106163,0.7063801353429258,1.7895564690720127e-109,1.0,0.9354548233015921,True,True,False,False
Q0905,THETA,NIFTY,"How much does NIFTY's ATM straddle change over the next 60 minutes 5+ days before expiry (%, vs other days)?",748,11,86020,-6.494134184832439,-3.817974570282003,-6.517405138002443,2.6994305677204404,2.3520771522644015,-1.9106406507177867,7.309501786158668,0.251100925524002,,3.115031603040497,CE+PE,748.0,11.0,4.266711718895856,-219.82075773349908,0.8831985720716797,-273.25203587208506,liq,702.1868487220397,474.0059055185048,0.23039875261840373,-197.65141412626218,671.6573196447672,0.1479948482682376,0.47404684116793344,1.0,0.5667679621188721,False,False,False,False
Q0950,JUMPS,NIFTY,Is a 1-ITM NIFTY CE bought at 09:20-09:55 more likely to jump +20 before -15 (net of drops) than at other times?,10208,1276,76560,-0.11515766181080583,-0.13606974921630094,-0.11236938349007315,-0.023700365726227787,0.010549551348124148,-0.044377486368551114,-0.003023245083904457,0.024667156476976076,-0.010070532915360489,-0.0373301985370951,CE,10208.0,1276.0,-14.952931305084109,-118.3472674611867,0.9999999991614061,-117.87484478378097,liq,20.040604479634275,-85.09947922096534,0.9501719677195024,-85.40309721636723,0.3036179954018846,0.4976564401007299,0.08531000497399233,1.0,0.8450568766484648,True,False,False,False
Q0951,JUMPS,NIFTY,Is a 1-ITM NIFTY PE bought at 09:20-09:55 more likely to jump +20 before -15 (net of drops) than at other times?,10208,1276,76560,-0.08233450119859856,-0.11481191222570533,-0.07800417972831766,-0.03680773249738767,0.010760806622044837,-0.05789891347659555,-0.01571655151817979,0.0006249773396947862,-0.027664576802507834,-0.0459508881922675,PE,10208.0,1276.0,-22.57585101086518,-122.27316874457239,0.9999999987592366,-123.05360125688857,T30S10H30,-1.3569255056426068,-103.51423508900241,0.9999999999197137,-104.48162167496547,0.9673865859630799,0.4761718405981456,0.0031992887627233105,1.0,0.8450568766484648,True,True,False,False
Q0952,JUMPS,NIFTY,Is a 1-ITM NIFTY CE bought at 10:00-12:55 more likely to jump +20 before -15 (net of drops) than at other times?,45936,1276,40832,-0.11515766181080583,-0.10251219087425983,-0.12938381661442006,0.02687162574016022,0.006119787893584219,0.014876841468735153,0.03886641001158529,1.1286131986988767e-05,0.028441745036572624,0.025301506443747804,CE,45936.0,1276.0,-10.498399807679366,-111.89596024118283,1.0,-111.95897690420034,liq,36.19006866343301,-66.41256915984476,0.9791564594336393,-66.89822509183826,0.48565593199352336,0.4940586562959112,6.771679192193261e-05,1.0,0.8450568766484648,True,True,False,False
Q0953,JUMPS,NIFTY,Is a 1-ITM NIFTY PE bought at 10:00-12:55 more likely to jump +20 before -15 (net of drops) than at other times?,45936,1276,40832,-0.08233450119859856,-0.06885667014977359,-0.09749706112852664,0.028640390978753053,0.0060631463339063055,0.016756624164296692,0.04052415779320941,2.316095244730124e-06,0.04360958725182863,0.013671194705677459,PE,45936.0,1276.0,-1.6951841998291282,-99.08953832026494,1.0,-99.01549756687733,time,-1.6951841998291282,-99.08953832026494,1.0,-99.01549756687733,-0.07404075338761731,0.5037560653664199,1.4093221064631416e-05,1.0,0.8450568766484648,True,True,False,False
Q0954,JUMPS,NIFTY,Is a 1-ITM NIFTY CE bought at 13:00-14:55 more likely to jump +20 before -15 (net of drops) than at other times?,30624,1276,56144,-0.11515766181080583,-0.1271551724137931,-0.10861356511826731,-0.018541607295525786,0.006328733810205985,-0.030945925563529517,-0.006137289027522055,0.0033923490940832805,-0.02644984326018808,-0.010633371330863492,CE,30624.0,1276.0,-13.195166426702025,-112.20536726593463,1.0,-112.18444235661123,liq,0.44190626439629677,-99.55873154647824,0.9999810744944685,-99.5575979293606,-0.0011336171176651118,0.5000187161947903,0.015247840875844711,1.0,0.8450568766484648,True,True,False,False
Q0955,JUMPS,NIFTY,Is a 1-ITM NIFTY PE bought at 13:00-14:55 more likely to jump +20 before -15 (net of drops) than at other times?,30624,1276,56144,-0.08233450119859856,-0.09172544409613376,-0.07721216870903391,-0.014513275387099844,0.006356198299099634,-0.02697142405333513,-0.0020551267208645616,0.02241114899056552,-0.03499928754630949,0.005972736772109813,PE,30624.0,1276.0,-21.075547738093203,-115.54964271786172,1.0,-115.5331581843958,time,-21.075547738093203,-115.54964271786172,1.0,-115.5331581843958,-0.01648453346589861,0.500618736044111,0.07961354912582243,1.0,0.8450568766484648,False,False,False,False
Q0956,JUMPS,NIFTY,"What share of NIFTY CE +20-point jumps start in the first 30 minutes (09:20-09:45), vs the rest of the day's rate?",7656,1276,79112,0.12992116909459708,0.21460292580982235,0.12172616038022045,0.0928767654296019,0.006428524989423466,0.0802768564503319,0.10547667440887189,2.595695492726501e-47,0.0742491657397108,0.11150436511949302,CE,7656.0,1276.0,-14.906018982362099,-118.47260437665513,0.9999999005499051,-118.11821259739206,liq,7.006858218550807,-98.33288226418121,0.9664945271609879,-98.47988513015734,0.1470028659761411,0.4989076361090388,8.811703120045227e-46,1.0,0.8450568766484648,True,True,False,False
Q0957,JUMPS,NIFTY,"What share of NIFTY PE +20-point jumps start in the first 30 minutes (09:20-09:45), vs the rest of the day's rate?",7656,1276,79112,0.15212981744421908,0.23667711598746083,0.14394782081100213,0.0927292951764587,0.006896839123039828,0.07921149049530063,0.10624709985761677,3.285718816313885e-41,0.07170425051403917,0.11375433983887823,PE,7656.0,1276.0,-25.219341570057964,-125.07904557999763,0.9999999402365242,-125.6310345531349,T30S10H60,1.5931648458183871,-100.99088428606898,0.9999998807543777,-102.01666286452085,1.0257785784518736,0.4790742788677035,9.857156448941654e-40,1.0,0.8450568766484648,True,True,False,False
Q0958,JUMPS,NIFTY,"On expiry days, is a 1-ITM NIFTY CE more likely to jump +20 before -15 (net of drops)?",18224,268,68544,-0.11515766181080583,-0.12785338015803335,-0.11178221288515407,-0.016071167272879286,0.009312270769504296,-0.034323217981107705,0.0021808834353491333,0.08438242623801691,-0.031442489931295906,-0.0006998446144626941,CE,18224.0,268.0,-37.393011613041686,-113.1790609910089,0.9999999999977783,-112.73453740264894,liq,9.934042982096416,-67.36604532570016,0.8706338187394926,-80.60210634326131,13.236061017561168,0.4121948224851408,0.22306010214557748,1.0,0.8450568766484648,True,False,False,False
Q0959,JUMPS,NIFTY,"On expiry days, is a 1-ITM NIFTY PE more likely to jump +20 before -15 (net of drops)?",18224,268,68544,-0.08233450119859856,-0.08340649692712906,-0.08204948646125117,-0.0013570104658778975,0.008955788563198458,-0.018910356049746873,0.016196335117991078,0.8795629473781978,0.012410374597600235,-0.01512439552935603,PE,18224.0,268.0,-5.232028550263151,-81.54949101755663,0.9999998381884525,-107.67327233659105,liq,80.09901396976007,2.117479330293649,0.4875075328386346,-117.04930778300087,119.16678711329455,0.03898692386179191,0.9426497944612879,1.0,0.2879472041639742,False,False,False,False
Q0960,JUMPS,NIFTY,"When VIX is 18+, is a 1-ITM NIFTY CE more likely to jump +20 before -15 (net)?",28492,419,58276,-0.11515766181080583,-0.1308437456128036,-0.10748850298579175,-0.023355242627011844,0.007573954709433629,-0.03820019385750176,-0.008510291396521931,0.0020449458874203024,-0.024560640772032974,-0.04637640173126106,CE,28492.0,419.0,-19.551787638539146,-123.34692200514093,1.0,-112.73453740264894,liq,18.04347319062734,-87.0316129405876,0.9562371953704618,-80.60210634326131,-6.429506597326286,0.5502225015678096,0.009611396607781292,1.0,0.8579179123279757,True,True,False,False
Q0961,JUMPS,NIFTY,"When VIX is 18+, is a 1-ITM NIFTY PE more likely to jump +20 before -15 (net)?",28492,419,58276,-0.08233450119859856,-0.0974308577846413,-0.07495366874871302,-0.022477189035928283,0.007155047915497429,-0.03650108295030324,-0.008453295121553323,0.0016811641840539823,-0.031172377672455273,-0.03870499704898682,PE,28492.0,419.0,-7.196495894499036,-109.41885501923511,1.0,-107.67327233659105,liq,3.4987798146145175,-99.98273499500874,0.9646967933866958,-117.04930778300088,17.066572787992136,0.37880643826903876,0.008062088466281179,1.0,0.8450568766484648,True,True,False,False
Q0962,JUMPS,NIFTY,"After the 1-ITM NIFTY CE already rose 20+ points off its 15-min low, does it jump +20 again before -15 (net)?",17224,1268,69544,-0.11515766181080583,-0.15449372967951697,-0.10541527665938111,-0.04907845302013586,0.0064195151997553145,-0.061660702811656275,-0.036496203228615444,2.0862701623620744e-14,-0.046586463895702535,-0.05156442956460919,CE,17224.0,1268.0,-20.245136951242998,-127.31467423607585,1.0,-111.46193580644422,liq,30.470070998390717,-78.06244897170919,0.9809643952394238,-79.18949791131143,1.1270489396022612,0.4880529034232531,2.0084242607813998e-13,1.0,0.8450568766484648,True,True,False,False
Q0963,JUMPS,NIFTY,"After the 1-ITM NIFTY PE already rose 20+ points off its 15-min low, does it jump +20 again before -15 (net)?",14822,1273,71946,-0.08233450119859856,-0.11395223316691405,-0.07582075445472994,-0.038131478712184114,0.006731128872332411,-0.05132449130195564,-0.02493846612241259,1.4707121059216797e-08,-0.03443179336981983,-0.041807873113497124,PE,14822.0,1273.0,-26.833002394493285,-127.84834861658108,1.0,-108.24617238274695,T30S10H15,-22.164333170683758,-125.03927788093684,1.0,-116.09847503614186,-8.940802844794964,0.8621539221154095,1.0145554099673619e-07,1.0,1.0,True,True,False,False
Q1020,ROUND,NIFTY,"When NIFTY crosses ABOVE a round 100 level (last 5 min), is it up over the next 15 minutes more often?",4390,1155,82378,0.5141181080582703,0.49316628701594534,0.5152346500279201,-0.02206836301197479,0.007758873074219926,-0.03727575423744584,-0.006860971786503736,0.004451271414142703,-0.013559162974126404,-0.030328050423720998,PE,4390.0,1155.0,-5.5953303610816905,-104.82946782613276,0.9999999994671384,-107.30229017519954,T15S20H15,-0.3175940404991897,-100.19711737506044,1.0,-122.17323520442048,21.976117829360028,0.03338841105726313,0.019333805132134972,1.0,0.2634215578840775,True,True,False,False
Q1021,ROUND,NIFTY,"When NIFTY crosses ABOVE a round 100 level (last 5 min), is it up over the next 30 minutes more often?",4390,1155,82378,0.5205029503964596,0.5054669703872438,0.5213042317123504,-0.015837261325106655,0.008093688529697189,-0.031700890843313144,2.636819309983357e-05,0.05037779406730038,-0.012872934865351127,-0.018699596877202462,PE,4390.0,1155.0,-29.144869435621015,-128.2844418677001,0.9999995099849466,-120.95623690626931,T15S20H15,-0.3175940404991897,-100.19711737506044,1.0,-122.17323520442048,21.976117829360028,0.03338841105726313,0.15043369061763306,1.0,0.2634215578840775,True,False,False,False
Q1022,ROUND,NIFTY,"When NIFTY crosses BELOW a round 100 level (last 5 min), is it up over the next 15 minutes more often?",4446,1137,82322,0.5141181080582703,0.5391363022941971,0.5127669395787274,0.026369362715469635,0.0075457118736878435,0.011579767443041462,0.04115895798789781,0.00047474490043673384,0.04525118948312212,0.007874525665635401,CE,4446.0,1137.0,15.10087283731204,-88.79877387600158,0.9999985069197256,-113.98921729329751,liq,20.339909659491646,-84.9109443313013,0.9535352918034061,-81.88996158673822,-3.020982744563066,0.5238496749021564,0.00248951594131458,1.0,0.8478287011474673,True,True,False,False
Q1023,ROUND,NIFTY,"When NIFTY crosses BELOW a round 100 level (last 5 min), is it up over the next 30 minutes more often?",4446,1137,82322,0.5205029503964596,0.5409356725146199,0.5193994315006925,0.021536241013927482,0.008122859517600623,0.005615436359430261,0.0374570456684247,0.008017955811722138,0.030995606174115675,0.012277112993696049,CE,4446.0,1137.0,4.956869589742164,-98.90206087963747,0.99975166313759,-122.90256789094207,liq,20.339909659491646,-84.9109443313013,0.9535352918034061,-81.88996158673822,-3.020982744563066,0.5238496749021564,0.03347301940816038,1.0,0.8478287011474673,True,True,False,False
Q1024,ROUND,NIFTY,"When NIFTY rises to within 0.1% below a round 100 level (last 5 min), is it up over the next 15 minutes more often?",8226,1176,78542,0.5141181080582703,0.512521274009239,0.5142853505131013,-0.001764076503862344,0.007075862434923143,-0.015632766876311703,0.012104613868587017,0.8031217355379935,0.0026559570677205935,-0.004743092748578093,CE,8226.0,1176.0,27.708756392479753,-71.3604724634993,0.9999998573943318,-113.13652110504799,liq,52.889742137102964,-47.31016800103223,0.8884750649469215,-81.40882750655577,34.098659505523536,0.1900165957467278,0.9008930772556621,1.0,0.6312161994153618,False,False,False,False
Q1025,ROUND,NIFTY,"When NIFTY rises to within 0.1% below a round 100 level (last 5 min), is it up over the next 30 minutes more often?",8226,1176,78542,0.5205029503964596,0.524313153415998,0.5201038934582771,0.004209259957720923,0.008207339332719147,-0.011877125134408605,0.02029564504985045,0.6080455130512534,0.0018551540459061933,0.006383085372731245,CE,8226.0,1176.0,28.728485162707972,-70.34480383136774,0.9991109072502509,-121.32511408500663,liq,52.889742137102964,-47.31016800103223,0.8884750649469215,-81.40882750655577,34.098659505523536,0.1900165957467278,0.7883203134031326,1.0,0.6312161994153618,True,False,False,False
Q1026,ROUND,NIFTY,"When NIFTY falls to within 0.1% above a round 100 level (last 5 min), is it up over the next 15 minutes more often?",7918,1188,78850,0.5141181080582703,0.5247537256883051,0.5130500951173114,0.011703630570993773,0.0070614816140572995,-0.0021368733925585335,0.025544134534546077,0.09744060726511339,0.014711215340282191,0.010050475582091378,PE,7918.0,1188.0,1.2835005730066855,-93.21851900491386,0.9999999999014055,-108.44344673194486,T30S20H15,2.8686855778184674,-92.14807017314278,0.9999999999999203,-114.89315425938285,22.74508408624007,0.03436437938360166,0.24695163727307715,1.0,0.26791852257528626,True,False,False,False
Q1027,ROUND,NIFTY,"When NIFTY falls to within 0.1% above a round 100 level (last 5 min), is it up over the next 30 minutes more often?",7918,1188,78850,0.5205029503964596,0.5164182874463248,0.5209131261889663,-0.00449483874264156,0.007907808254600095,-0.019994142921657746,0.011004465436374625,0.569759910970432,-0.003627797420739265,-0.004797542580351699,PE,7918.0,1188.0,9.224613788762337,-85.30930563004499,0.9997900058502375,-121.11788106698268,time,9.224613788762337,-85.30930563004499,0.9997900058502375,-121.11788106698268,35.80857543693771,0.06920807138467125,0.7696222952114854,1.0,0.3937313381002651,True,False,False,False
Q1060,LEVELS,NIFTY,"When NIFTY crosses above the previous day's high (last 5 min), is it up over the next 15 minutes more often?",1065,438,85703,0.5141181080582703,0.4863849765258216,0.5144627375937831,-0.02807776106796156,0.014852452409774682,-0.057188567791119936,0.0010330456551968167,0.0586983198309584,-0.05501891168503381,-0.0010899553560462794,PE,1065.0,438.0,46.48567729376851,-49.057680857853704,0.9519063969994339,-108.24120131371366,liq,65.6133918762207,-30.993362040735686,0.6456355585303151,-116.72913095000716,85.73576890927151,0.15058353441190897,0.16939783575377257,1.0,0.5715347101217639,True,False,False,False
Q1061,LEVELS,NIFTY,"When NIFTY crosses below the previous day's low (last 5 min), is it up over the next 15 minutes more often?",912,405,85856,0.5141181080582703,0.5197368421052632,0.5140584234066343,0.00567841869862884,0.017327718559420887,-0.028283909677836096,0.039640747075093775,0.7431330342021221,0.0007561413046873744,0.01053371918629653,CE,912.0,405.0,58.517824725100866,-45.46288626571683,0.8669026270685128,-114.902219435366,time,58.517824725100866,-45.46288626571683,0.8669026270685128,-114.902219435366,69.43933316964916,0.044517233466001185,0.8624083127690702,1.0,0.3091081243594993,True,False,False,False
Q1062,LEVELS,NIFTY,"When NIFTY crosses back above the day's open (last 5 min), is it up over the next 15 minutes more often?",2218,866,84550,0.5141181080582703,0.48151487826871053,0.5149733885274985,-0.03345851025878799,0.010422208931520899,-0.053886039764568947,-0.013030980753007026,0.0013259239233545878,-0.048663115739093266,-0.01659206619419551,PE,2218.0,866.0,35.184390841570924,-61.59162448853726,0.9978982187163579,-106.15860770762976,time,35.184390841570924,-61.59162448853726,0.9978982187163579,-106.15860770762976,44.56698321909249,0.019105066285122606,0.006528404050104649,1.0,0.18598103433316293,True,True,False,False
Q1063,LEVELS,NIFTY,"When NIFTY crosses back below the day's open (last 5 min), is it up over the next 15 minutes more often?",2138,843,84630,0.5141181080582703,0.5280636108512629,0.5137658040883847,0.014297806762878174,0.01102213764309926,-0.007305583017596373,0.03590119654335272,0.19456581956870692,0.03020480614080967,-0.0039545193970317305,CE,2138.0,843.0,-16.841322588407625,-118.03209672322369,0.9999998234869464,-115.91435762481683,liq,39.66277365153699,-62.978192886414085,0.857197754126684,-82.48270741988652,19.504514533472417,0.3702489670701584,0.40482243103811605,1.0,0.8387059724024696,False,False,False,False
Q1064,LEVELS,NIFTY,"When NIFTY makes a new day high after 12:00 (last 5 min), is it up over the next 15 minutes more often?",3440,536,83328,0.5141181080582703,0.5218023255813954,0.5138008832565284,0.008001442324866992,0.01111289405052244,-0.013779830014156991,0.029782714663890975,0.4715162080054634,-0.005905617996158186,0.022483852716218333,CE,3440.0,536.0,29.282122096176757,-70.51432855274325,0.9986525537717095,-110.63466988542824,liq,90.73829595155495,-10.17213893849217,0.5635264448513357,-96.43158041651577,86.25944147802359,0.08782056486519328,0.6920248623679666,1.0,0.4445456743407485,False,False,False,False
Q1065,LEVELS,NIFTY,"When NIFTY makes a new day low after 12:00 (last 5 min), is it up over the next 15 minutes more often?",2881,549,83887,0.5141181080582703,0.5178757375911142,0.5139890567072372,0.003886680883877003,0.011873461287077572,-0.01938530323879504,0.027158665006549045,0.7434093362784543,0.012765577749888068,-0.00719435122313683,CE,2881.0,549.0,-29.32557510609678,-129.80022877913453,0.9999996244057405,-109.29696047836654,T15S10H15,-25.21372424029344,-127.50013782679058,1.0,-118.95250200197694,-8.54763582481365,0.7169811288250368,0.8624083127690702,1.0,0.9405225567034967,False,False,False,False
Q1066,LEVELS,NIFTY,"When NIFTY first breaks above the previous day's high (opened below it), how often does it close (15:09) beyond it?",272,272,0,0.5845588235294118,0.5845588235294118,0.5,0.0845588235294118,0.029935342707877715,0.025885551821971477,0.14323209523685212,0.004732262867289764,0.125,0.044117647058823484,CE,272.0,272.0,315.2380484496654,211.28457938649814,0.2364694257981153,-197.99816412457528,time,315.2380484496654,211.28457938649814,0.2364694257981153,-197.99816412457528,409.2827435110734,0.08220961014879098,0.020485298989274484,1.0,0.4306173326048639,True,True,False,False
Q1067,LEVELS,NIFTY,"When NIFTY first breaks above the previous day's high (opened below it), how far does it run in the next 30 minutes (%)?",272,272,0,0.0204193898860146,0.0204193898860146,0.0,0.0204193898860146,0.011822297699993448,-0.002752313605972556,0.04359109337800176,0.08413300675972223,0.027428085313123816,0.013410694458905388,CE,272.0,272.0,159.82352307614158,56.49416783169719,0.2960681289674757,-134.1826007525765,liq,213.66358115392572,108.75201898335493,0.27027008664675495,-92.35458634642823,201.10660532978315,0.12868146202371328,0.22285745117051678,1.0,0.5298250560276766,True,False,False,False
Q1068,LEVELS,NIFTY,"When NIFTY first breaks below the previous day's low (opened above it), how often does it close (15:09) beyond it?",359,359,0,0.5376044568245125,0.5376044568245125,0.5,0.03760445682451252,0.026350977891331145,-0.014043459842496525,0.08925237349152157,0.15356226929302993,0.02777777777777779,0.04748603351955305,PE,359.0,359.0,-198.7659954497575,-297.89441017400003,0.8738411190807396,-258.855315140147,T30S15H30,178.3426197657678,76.02523511731899,0.1298937593610098,-113.80970475366712,189.8349398709861,0.0024543368433619507,0.34272547991004954,1.0,0.04577317657285085,True,False,False,False
Q1069,LEVELS,NIFTY,"When NIFTY first breaks below the previous day's low (opened above it), how far does it run in the next 30 minutes (%)?",359,359,0,-0.0006390315244456852,-0.0006390315244456852,0.0,-0.0006390315244456852,0.014465794350172147,-0.028991988450783095,0.02771392540189172,0.9647646309380006,-0.013612045182122124,0.012406457069865819,PE,359.0,359.0,-76.97701977488059,-176.59424154917184,0.9442809877625611,-127.22735102480344,T30S15H30,178.3426197657678,76.02523511731899,0.1298937593610098,-113.80970475366712,189.8349398709861,0.0024543368433619507,0.9904337153876429,1.0,0.04577317657285085,False,False,False,False
Q1128,CROSS,NIFTY,"If BANKNIFTY jumped (>1.5 sd in 5 min) while NIFTY stayed flat, is NIFTY up over the next 5 minutes more often (does BANKNIFTY lead)?",264,204,86504,0.5084593398487922,0.4772727272727273,0.5085545177101637,-0.031281790437436396,0.03063358577442997,-0.09132361855531913,0.02876003768044634,0.3071786711904608,-0.040506640811364014,-0.02710240458584834,PE,264.0,204.0,138.5928113894029,42.04135583430802,0.30348695717692475,-107.80462953373568,liq,218.89490308183613,120.50035132474983,0.2597877126365482,-113.69057634512139,234.19092766987131,0.10534958917582868,0.5354871430212086,1.0,0.48384544740999347,True,False,False,False
Q1129,CROSS,NIFTY,"If BANKNIFTY jumped (>1.5 sd in 5 min) while NIFTY stayed flat, is NIFTY up over the next 15 minutes more often (does BANKNIFTY lead)?",264,204,86504,0.5141181080582703,0.4318181818181818,0.5143692777212614,-0.08255109590307957,0.03149915218042504,-0.14428943417671264,-0.020812757629446503,0.008773908448905441,-0.03108022838850666,-0.0986636615775689,PE,264.0,204.0,138.5928113894029,42.04135583430802,0.30348695717692475,-107.80462953373568,liq,218.89490308183613,120.50035132474983,0.2597877126365482,-113.69057634512139,234.19092766987131,0.10534958917582868,0.036393382312180124,1.0,0.48384544740999347,True,True,False,False
Q1130,CROSS,NIFTY,"If BANKNIFTY dropped (<-1.5 sd in 5 min) while NIFTY stayed flat, is NIFTY up over the next 5 minutes more often (does BANKNIFTY lead)?",165,144,86603,0.5084593398487922,0.43636363636363634,0.5085966998833759,-0.07223306351973952,0.038611559268669736,-0.1479117196863322,0.0034455926468531656,0.0613779846339356,-0.06576575883666502,-0.07364706607495064,PE,165.0,144.0,-152.6121642661817,-252.56872764992713,0.9984900462987192,-103.95270540764918,T30S10H60,28.659088654951617,-74.67544677545602,0.796565718698534,-116.53728745551727,41.861840680061285,0.3207022606886596,0.1740167036874218,1.0,0.7933123684753467,True,False,False,False
Q1131,CROSS,NIFTY,"If BANKNIFTY dropped (<-1.5 sd in 5 min) while NIFTY stayed flat, is NIFTY up over the next 15 minutes more often (does BANKNIFTY lead)?",165,144,86603,0.5141181080582703,0.5515151515151515,0.5140468574991629,0.03746829401598861,0.038838891304846516,-0.038655932941510554,0.11359252097348778,0.334689734426443,0.10645120766258775,0.012680288461538458,CE,165.0,144.0,62.1439371398001,-44.07173292757886,0.701897347973335,-121.0779439389756,T30S10H30,80.71818617618445,-27.98407854415094,0.6442870529021278,-115.07926484795439,87.09518630380344,0.1253092137894464,0.562174163294416,1.0,0.5239176816867053,True,False,False,False
Q1132,CROSS,NIFTY,"If BANKNIFTY rose >0.15% but NIFTY fell >0.15% over 30 min, is NIFTY up over the next 30 minutes more often (does it catch up)?",86,52,86682,0.5205029503964596,0.45348837209302323,0.5205694377148659,-0.06708106562184263,0.06324839633629464,-0.19104792244098012,0.056885791197294866,0.2888730418617732,-0.08057670126874283,-0.057846750314210826,PE,86.0,52.0,8.162787958633068,-103.46954789880697,0.6579105620059422,-131.5093542966527,T30S10H15,44.252897750499635,-70.49033605274998,0.7041179002736221,-113.57550102510746,43.08516497235743,0.37148394329486356,0.5125807757932427,1.0,0.8400309164041657,True,False,False,False
Q1133,CROSS,NIFTY,"If BANKNIFTY fell >0.15% but NIFTY rose >0.15% over 30 min, is NIFTY up over the next 30 minutes more often (does it catch up)?",56,36,86712,0.5205029503964596,0.5714285714285714,0.5204700618138205,0.0509585096147509,0.07479755082415342,-0.09564469000058978,0.1975617092300916,0.4956906635556156,0.06811479749534888,0.010099845504646376,CE,56.0,36.0,213.04912396839686,99.2384715301189,0.38702923570727593,-125.0165866754527,liq,980.8616062573025,862.1710928338208,0.11859211504301359,-80.61515960958276,942.7862524434038,0.0975618959524796,0.7104899510963824,1.0,0.4662285945660879,True,False,False,False
Q1140,CROSS,NIFTY,"If SENSEX jumped (>1.5 sd in 5 min) while NIFTY stayed flat, is NIFTY up over the next 5 minutes more often (does SENSEX lead)?",6,6,86762,0.5084593398487922,0.3333333333333333,0.5084714506350706,-0.17513811730173728,0.1924833977774521,-0.5524055769455434,0.2021293423420688,0.3628821722502373,,,,,,,,,,,,,,,,,0.5897829416873634,,,False,False,False,False
Q1141,CROSS,NIFTY,"If SENSEX jumped (>1.5 sd in 5 min) while NIFTY stayed flat, is NIFTY up over the next 15 minutes more often (does SENSEX lead)?",6,6,86762,0.5141181080582703,0.8333333333333334,0.5140960328254305,0.3192373005079029,0.15230380827665202,0.02072183628566493,0.6177527647301408,0.03607722976339676,,,,,,,,,,,,,,,,,0.11664066765609479,,,False,False,False,False
Q1142,CROSS,NIFTY,"If SENSEX dropped (<-1.5 sd in 5 min) while NIFTY stayed flat, is NIFTY up over the next 5 minutes more often (does SENSEX lead)?",4,4,86764,0.5084593398487922,0.25,0.5084712553593657,-0.25847125535936566,0.21661147591615215,-0.6830297481550238,0.16608723743629256,0.2327721798105981,,,,,,,,,,,,,,,,,0.45634667470466805,,,False,False,False,False
Q1143,CROSS,NIFTY,"If SENSEX dropped (<-1.5 sd in 5 min) while NIFTY stayed flat, is NIFTY up over the next 15 minutes more often (does SENSEX lead)?",4,4,86764,0.5141181080582703,0.5,0.5141187589322761,-0.014118758932276099,0.25017108642207514,-0.5044540883195434,0.47621657045499116,0.9549941492205314,,,,,,,,,,,,,,,,,0.9839795946441577,,,False,False,False,False
Q1144,CROSS,NIFTY,"If SENSEX rose >0.15% but NIFTY fell >0.15% over 30 min, is NIFTY up over the next 30 minutes more often (does it catch up)?",0,0,86768,0.5205029503964596,,,,,,,,,,,,,,,,,,,,,,,,,,,False,False,False,False
Q1145,CROSS,NIFTY,"If SENSEX fell >0.15% but NIFTY rose >0.15% over 30 min, is NIFTY up over the next 30 minutes more often (does it catch up)?",0,0,86768,0.5205029503964596,,,,,,,,,,,,,,,,,,,,,,,,,,,False,False,False,False
Q1186,CONSTIT,NIFTY,"If RELIANCE jumped (>1.5 sd in 5 min), is NIFTY up over the next 15 minutes more often?",952,229,15708,0.5005402160864346,0.47689075630252103,0.501973516679399,-0.02508276037687801,0.017273222148611656,-0.05893827578815686,0.008772755034400836,0.14646874022291215,-0.014830496831588047,-0.03577896159969668,PE,952.0,229.0,21.722430481630212,-84.13290367076075,0.9290523574983156,-107.31203867611818,T30S10H15,30.820377343842964,-77.39719705606069,0.9920501055902939,-112.9116249236852,35.5144278676245,0.13379661621936342,0.3309013570710274,1.0,0.5384265022088704,True,False,False,False
Q1187,CONSTIT,NIFTY,"If RELIANCE dropped (<-1.5 sd in 5 min), is NIFTY up over the next 15 minutes more often?",883,229,15777,0.5005402160864346,0.4983012457531144,0.5006655257653546,-0.0023642800122402052,0.017794614951970385,-0.03724172531810216,0.03251316529362175,0.8943002142099881,-0.01594256281333689,0.011214275920158223,PE,883.0,229.0,-0.4895383919486913,-106.38620077702427,0.9616729613861854,-108.45528914551647,T30S20H60,26.132503041864656,-81.77701657150538,0.933113122227185,-140.15317405558403,58.37615748407865,0.1429754182149379,0.9526401951534967,1.0,0.5561181856437095,False,False,False,False
Q1188,CONSTIT,NIFTY,"If HDFCBANK jumped (>1.5 sd in 5 min), is NIFTY up over the next 15 minutes more often?",876,228,15784,0.5005402160864346,0.5011415525114156,0.5005068423720223,0.000634710139393313,0.01860703384855788,-0.03583507620378013,0.03710449648256676,0.972788396532689,0.031149715150850632,-0.027288513947124615,CE,876.0,228.0,16.05338105328007,-96.33933082622833,0.9380153600151007,-116.87189442715686,T30S20H30,46.271684501813425,-68.09136580566695,0.9208372611897688,-132.6515108135297,64.56014500786277,0.09036190648988737,0.9920134636578409,1.0,0.45000087973092073,False,False,False,False
Q1189,CONSTIT,NIFTY,"If HDFCBANK dropped (<-1.5 sd in 5 min), is NIFTY up over the next 15 minutes more often?",940,231,15720,0.5005402160864346,0.5095744680851064,0.5,0.009574468085106425,0.017992529507763144,-0.025690889750109337,0.044839825920322186,0.5946319823225804,-0.0027855153203342198,0.021799921674990064,CE,940.0,231.0,-35.41116720564822,-148.5368468848649,0.9973902353361558,-118.85849571430268,T30S10H15,-13.25931391817458,-129.2281832665,0.9999796001147498,-116.65232365771155,-12.575859608788441,0.6552710251404802,0.7795480256058219,1.0,0.9094670757831439,False,False,False,False
Q1190,CONSTIT,NIFTY,"If ICICIBANK jumped (>1.5 sd in 5 min), is NIFTY up over the next 15 minutes more often?",901,222,15759,0.5005402160864346,0.5227524972253053,0.49927025826511834,0.02348223896018692,0.018573230025974597,-0.012921291890723288,0.059885769811097125,0.20612035597487233,0.0495137685680106,-0.0030830310473851097,CE,901.0,222.0,82.1193101006528,-29.29434798658068,0.6884269357077009,-116.24583007769182,liq,149.26551855893828,35.876579493549656,0.4123509173580815,-81.91224636029132,117.78882585384096,0.23359834764108467,0.4213870985857136,1.0,0.6958559232726673,False,False,False,False
Q1191,CONSTIT,NIFTY,"If ICICIBANK dropped (<-1.5 sd in 5 min), is NIFTY up over the next 15 minutes more often?",943,235,15717,0.5005402160864346,0.48250265111346763,0.5016224470318763,-0.019119795918408677,0.0189744316780311,-0.056309682007349635,0.01807009017053228,0.31361720543904226,-0.023571727624920324,-0.014759782331815963,PE,943.0,235.0,22.119288740330006,-83.32935266119509,0.9272762159516805,-107.43114373534965,time,22.119288740330006,-83.32935266119509,0.9272762159516805,-107.43114373534965,24.10179107415456,0.3370575415071176,0.5430418725051873,1.0,0.8103470333069865,True,False,False,False
Q1192,CONSTIT,NIFTY,"If INFY jumped (>1.5 sd in 5 min), is NIFTY up over the next 15 minutes more often?",943,227,15717,0.5005402160864346,0.4899257688229056,0.5011770694152828,-0.011251300592377222,0.01952738752802679,-0.04952498014730973,0.027022378962555285,0.5644931605978545,-0.02118560870727071,-0.0006825576620200224,PE,943.0,227.0,-35.75000470668109,-140.8289022215478,0.9930971941663972,-106.56379970332107,liq,47.75396084102821,-59.28555285792591,0.6745063894125713,-113.45507680582612,54.169523947900245,0.3395775823949373,0.764236808794964,1.0,0.8120310895250081,True,False,False,False
Q1193,CONSTIT,NIFTY,"If INFY dropped (<-1.5 sd in 5 min), is NIFTY up over the next 15 minutes more often?",894,233,15766,0.5005402160864346,0.5078299776286354,0.5001268552581505,0.007703122370484872,0.015671155854279993,-0.023012343103903914,0.03841858784487366,0.6230390444969736,-0.00960312655890505,0.026287719331587966,CE,894.0,233.0,15.846480309829882,-95.85398409987538,0.9762635796282271,-118.53019399214185,liq,91.22175806587441,-22.554017522255354,0.564340805545724,-81.79778312568713,59.243765603431775,0.3349961487596975,0.7934060882537965,1.0,0.8082119313770125,False,False,False,False
Q1194,CONSTIT,NIFTY,"If TCS jumped (>1.5 sd in 5 min), is NIFTY up over the next 15 minutes more often?",883,224,15777,0.5005402160864346,0.4971687429218573,0.5007289091715789,-0.0035601662497215525,0.019973618969549994,-0.04270845943003954,0.03558812693059644,0.8585318077025466,0.020126418759676246,-0.029627719337933123,PE,883.0,224.0,-32.77971859561492,-138.98289421527943,0.9867145228958181,-105.66714143861392,T30S10H30,13.040485403680856,-96.08570885293494,0.9917453046651595,-116.8755867868203,20.789877933885357,0.3019627704447398,0.9314600773223592,1.0,0.7749977191912824,False,False,False,False
Q1195,CONSTIT,NIFTY,"If TCS dropped (<-1.5 sd in 5 min), is NIFTY up over the next 15 minutes more often?",921,228,15739,0.5005402160864346,0.5135722041259501,0.49977762246648455,0.01379458165946551,0.017844070972706755,-0.021179797447039732,0.04876896076597075,0.439485408050407,-0.006268001817375968,0.03349119431700465,CE,921.0,228.0,26.776315309066856,-84.27716957074739,0.9505595348911151,-118.71477888328592,liq,100.0724623645944,-12.95919644872,0.5379437389663133,-78.73040362257052,65.77120717385056,0.31435934766125484,0.669169795525764,1.0,0.7874631816998507,False,False,False,False
Q1196,CONSTIT,NIFTY,"If BHARTIARTL jumped (>1.5 sd in 5 min), is NIFTY up over the next 15 minutes more often?",892,230,15768,0.5005402160864346,0.48878923766816146,0.5012049720953831,-0.012415734427221603,0.01744974203310497,-0.04661722881210734,0.021785759957664137,0.4767658254877458,-0.007330589479381366,-0.018144018707756893,PE,892.0,230.0,-2.3245637726890664,-106.81597225983775,0.9822569153520345,-106.61279288511251,liq,104.47729487055621,-2.127441708600787,0.5062650845253577,-114.94792965769452,112.82048794909375,0.2024751770035513,0.6973105610875193,1.0,0.6527892636700953,True,False,False,False
Q1197,CONSTIT,NIFTY,"If BHARTIARTL dropped (<-1.5 sd in 5 min), is NIFTY up over the next 15 minutes more often?",908,228,15752,0.5005402160864346,0.5022026431718062,0.5004443880142204,0.0017582551575857641,0.01746073681845386,-0.032464789006583804,0.03598129932175533,0.9197904772531612,-0.020883929702932846,0.023045250741064838,CE,908.0,228.0,22.06278671777196,-90.6913131155293,0.9502846396015432,-116.71173869722529,liq,134.87857940438562,19.972837660755285,0.44817273780568717,-80.52040139641278,100.49323905716804,0.2559329862686693,0.9639817243030031,1.0,0.7238033934269932,False,False,False,False
Q1198,CONSTIT,NIFTY,"If LT jumped (>1.5 sd in 5 min), is NIFTY up over the next 15 minutes more often?",898,232,15762,0.5005402160864346,0.4521158129175947,0.503299073721609,-0.05118326080401431,0.01744251220011986,-0.08537058471624923,-0.016995936891779383,0.003341961224792648,-0.07111839524850111,-0.032444269043351515,PE,898.0,232.0,59.72326935764676,-45.74450862411068,0.791017886676678,-106.03210996217258,liq,65.1664696929184,-41.978334988653934,0.6311557917559198,-110.02747210691984,68.04913711826592,0.2936017328747798,0.015073881048889915,1.0,0.7672268248143632,True,True,False,False
Q1199,CONSTIT,NIFTY,"If LT dropped (<-1.5 sd in 5 min), is NIFTY up over the next 15 minutes more often?",925,231,15735,0.5005402160864346,0.5102702702702703,0.499968223705116,0.010302046565154266,0.017408789548352194,-0.023819180949616034,0.044423274079924566,0.5540027999832174,-0.0061620350532318735,0.02728951865421364,PE,925.0,231.0,-37.081622052192685,-142.19414745160725,0.992503815395973,-108.82155792846558,T30S20H60,-2.810814094543457,-109.99244033364432,0.9802114527570313,-139.10439998873096,29.11195965508663,0.293187086701572,0.7574260828032519,1.0,0.7666380984817527,False,False,False,False
Q1200,CONSTIT,NIFTY,"If ITC jumped (>1.5 sd in 5 min), is NIFTY up over the next 15 minutes more often?",904,216,15756,0.5005402160864346,0.504424778761062,0.5003173394262503,0.004107439334811613,0.0187126691995678,-0.032569392296341274,0.0407842709659645,0.8262602283298018,-0.00030972075670787635,0.008348556814029962,CE,904.0,216.0,21.268816432066725,-92.62043936361708,0.9445652203738799,-116.51084343560495,liq,31.399894783982134,-84.29094952161174,0.6666147570577665,-82.31939750336775,-1.9715520182439228,0.5040133847980898,0.9110167056305476,1.0,0.8450568766484648,False,False,False,False
Q1201,CONSTIT,NIFTY,"If ITC dropped (<-1.5 sd in 5 min), is NIFTY up over the next 15 minutes more often?",948,227,15712,0.5005402160864346,0.5189873417721519,0.49942718940936864,0.019560152362783245,0.018370174144177107,-0.016445388959803887,0.05556569368537038,0.2869765243044229,0.018180299292146818,0.021038413279269197,CE,948.0,227.0,18.361802327482007,-93.7862120009897,0.9665493094609431,-115.78374138845962,T30S20H15,19.931953969384043,-93.45505963005874,0.9841293082846408,-122.44847551030202,28.993415880243266,0.2523139232037729,0.5106202984175249,1.0,0.7200008255143993,True,False,False,False
Q1202,CONSTIT,NIFTY,"If more than 80% of the top-20 NIFTY stocks are above their open at 10:15, is NIFTY up 10:15->15:09 more often?",10,10,235,0.49795918367346936,0.5,0.4978723404255319,0.002127659574468088,0.1617733890949577,-0.314948183051649,0.3192035022005852,0.989506446060431,0.02100840336134452,-0.017241379310344862,,,,,,,,,,,,,,,0.9968303547158344,,,False,False,False,False
Q1203,CONSTIT,NIFTY,"If fewer than 20% of the top-20 NIFTY stocks are above their open at 10:15, is NIFTY up 10:15->15:09 more often?",24,24,221,0.49795918367346936,0.5416666666666666,0.49321266968325794,0.04845399698340869,0.10734231253976426,-0.16193693559452926,0.25884492956134664,0.651703450968419,0.022522522522522515,0.07424242424242433,,,,,,,,,,,,,,,0.8170043262869393,,,True,False,False,False
Q1208,CONSTIT,NIFTY,"If most top-20 stocks are above their open but the index is below its open, is NIFTY up over the next 30 minutes more often?",12,7,16648,0.5020408163265306,0.25,0.5022224891878905,-0.2522224891878905,0.17185301264733702,-0.589054393976671,0.08460941560089008,0.14219549950683086,-0.30083792195355513,,,,,,,,,,,,,,,,0.3253489389327645,,,False,False,False,False
Q1209,CONSTIT,NIFTY,"If most top-20 stocks are below their open but the index is above its open, is NIFTY up over the next 30 minutes more often?",8,4,16652,0.5020408163265306,0.5,0.5020417967811674,-0.0020417967811674487,0.198311388658572,-0.3907321185519686,0.3866485249896337,0.9917851952084044,,,,,,,,,,,,,,,,,0.9971963381284814,,,False,False,False,False
Q1212,SEASON,NIFTY,"On the first 3 trading days of a month, is NIFTY more often up (close > open)?",705,705,4161,0.4823263460748048,0.4978723404255319,0.47969238163902905,0.01817995878650286,0.020363480215654022,-0.021732462436179024,0.05809238000918474,0.3719789200927005,0.017731797392814386,0.01846515102999252,PE,184.0,184.0,-1008.3478688485111,-1109.0558597949941,0.9959605543402638,-302.1645927437913,liq,40.58963132941204,-66.56094569091151,0.5961822292172692,-37.263082105706545,-29.29786358520494,0.5426731389677055,0.6010872692972766,1.0,0.8548932952405847,True,False,False,False
Q1213,SEASON,NIFTY,"On the last 3 trading days of a month, is NIFTY more often up (close > open)?",708,708,4158,0.4823263460748048,0.538135593220339,0.4728234728234728,0.06531212039686618,0.02027523444876689,0.025572660877283077,0.10505157991644928,0.0012762130704451152,0.07062554520181635,0.059998695591915896,CE,186.0,186.0,84.13305334105928,-22.160576271226308,0.5230998864200804,-266.1046918284552,liq,384.286281524166,274.76367815652856,0.12273199239605403,-54.88913930938584,329.6528174659143,0.08174092576593527,0.006331980234131534,1.0,0.429344718706415,True,True,False,False
Q1214,SEASON,NIFTY,"On a Monday after a >1% up Friday, is NIFTY more often up (close > open)?",181,181,4685,0.4823263460748048,0.580110497237569,0.4785485592315902,0.10156193800597885,0.037407348876893856,0.028243534207266885,0.1748803418046908,0.006627049673429956,0.14133160397751837,0.00997981920216734,CE,35.0,35.0,403.0928061349051,287.8704720853638,0.36513742217007605,-266.10469182845526,time,403.0928061349051,287.8704720853638,0.36513742217007605,-266.10469182845526,553.9751639138192,0.2535203229544201,0.027937562348773346,1.0,0.7210192520712119,True,True,False,False
Q1215,SEASON,NIFTY,"On a Monday after a >1% down Friday, is NIFTY more often up (close > open)?",152,152,4714,0.4823263460748048,0.4342105263157895,0.4838778107764107,-0.049667284460621186,0.04086053072953688,-0.12975392469051347,0.0304193557692711,0.22416323460483073,-0.08568677792041074,-0.001427369433259218,PE,32.0,32.0,72.4141275882721,-48.00501360154249,0.516814571190103,-302.1645927437913,T30S20H30,580.632871389389,456.21502431103914,0.05307752493484308,-131.81483761610116,588.0298619271404,0.018646079752482086,0.44625088370406113,1.0,0.1831139598360622,True,False,False,False
Q1216,SEASON,NIFTY,"On a week (5 days) up more than 3%, is NIFTY more often up (close > open)?",583,583,4283,0.4823263460748048,0.5197255574614065,0.4772355825356059,0.04248997492580059,0.022056707520938024,-0.0007411718152379385,0.08572112166683912,0.05405482328747419,0.052656911821332364,-0.007019465325832641,CE,87.0,87.0,211.21261523544104,108.42882614028228,0.4220701891150278,-266.10469182845526,T20S15H30,222.5316137555002,118.07875368654258,0.15120542469540138,-114.96769053720082,233.04644422374332,0.020906177214640227,0.15811955111301976,1.0,0.19824851919234862,False,False,False,False
Q1217,SEASON,NIFTY,"On a week down more than 3%, is NIFTY more often up (close > open)?",485,485,4381,0.4823263460748048,0.4927835051546392,0.48116868294909837,0.011614822205540831,0.02392609114622816,-0.03528031644106636,0.058509960852148026,0.6273600989108472,-0.007331378299120228,0.029097495267220053,PE,68.0,68.0,-155.952132988502,-272.3568024038946,0.6127628952683684,-302.1645927437914,T20S20H60,303.87501969056973,183.65394321571725,0.1180902933899774,-150.75714674154605,334.4110899572633,0.015503333446127076,0.7965497318848356,1.0,0.1628607773485586,False,False,False,False
Q1242,OIPCR,NIFTY,"If near-ATM put OI grew much faster than call OI (>1.5 sd, 15 min), is NIFTY up over the next 15 minutes more often?",6556,1168,80212,0.5141181080582703,0.5349298352654057,0.5124170946990475,0.022512740566358214,0.007224721210003647,0.008352286994751065,0.03667319413796536,0.0018327845542689253,0.016822374777914706,0.028448355557643357,CE,6556.0,1168.0,-18.723683728540433,-122.99367618025947,0.9999999999256003,-110.44782786153213,liq,33.79087946195294,-72.03922564756243,0.9516810413765125,-78.71454529804579,6.675319650483333,0.4387878263837188,0.008724325000025512,1.0,0.8450568766484648,True,True,False,False
Q1243,OIPCR,NIFTY,"If near-ATM put OI grew much faster than call OI (>1.5 sd, 15 min), is NIFTY up over the next 30 minutes more often?",6556,1168,80212,0.5205029503964596,0.5385906040268457,0.5190245848501471,0.019566019176698535,0.007859809642658306,0.004160792277088257,0.03497124607630881,0.012796765525647028,0.02362988937468191,0.015142531003401904,CE,6556.0,1168.0,-15.388421340458564,-119.67180474179169,0.9999921739216259,-119.20218375455362,liq,33.79087946195294,-72.03922564756243,0.9516810413765125,-78.71454529804579,6.675319650483333,0.4387878263837188,0.050328742463672756,1.0,0.8450568766484648,True,False,False,False
Q1244,OIPCR,NIFTY,"If near-ATM call OI grew much faster than put OI (<-1.5 sd), is NIFTY up over the next 15 minutes more often?",6618,1154,80150,0.5141181080582703,0.5025687518887881,0.5150717404865877,-0.012502988597799525,0.007220986962285238,-0.026656123043878592,0.0016501458482795408,0.08336633478199543,-0.016610482732873133,-0.008259939294422036,PE,6618.0,1154.0,-27.287138073456614,-127.24608221850306,0.999999999999987,-109.77351756814035,T30S10H15,-25.249133068256487,-126.98590030321756,1.0,-115.96759544148635,-11.018304861731231,0.8400553756451231,0.22208324166551618,1.0,0.9990947199005653,True,False,False,False
Q1245,OIPCR,NIFTY,"If near-ATM call OI grew much faster than put OI (<-1.5 sd), is NIFTY up over the next 30 minutes more often?",6618,1154,80150,0.5205029503964596,0.5161680265941372,0.5208608858390518,-0.004692859244914582,0.007661643473417471,-0.019709680452812826,0.010323961962983661,0.5401981392330083,0.0017885192965471086,-0.011713191023535852,PE,6618.0,1154.0,-44.38670930049325,-144.27694297575587,0.9999999939284608,-119.87147734856148,T30S10H15,-25.249133068256487,-126.98590030321756,1.0,-115.96759544148635,-11.018304861731231,0.8400553756451231,0.7429164174952886,1.0,0.9990947199005653,False,False,False,False
Q1246,OIPCR,NIFTY,"If at 10:15 the near-ATM put/call OI ratio is above 1.3, is NIFTY up 10:15->15:09 more often?",68,68,1208,0.5164576802507836,0.5735294117647058,0.5132450331125827,0.060284378652123105,0.06169889714446754,-0.06064545975103326,0.18121421705527946,0.328532595337299,0.06230751006870405,0.058402203856749324,CE,68.0,68.0,893.7499824944226,766.234417843738,0.11643456441979858,-198.86295652422413,time,893.7499824944226,766.234417843738,0.11643456441979858,-198.86295652422413,965.0973743679623,0.0664680922961249,0.5582562569516923,1.0,0.38512106410071917,True,False,False,False
Q1247,OIPCR,NIFTY,"If at 10:15 the near-ATM put/call OI ratio is below 0.7, is NIFTY up 10:15->15:09 more often?",218,218,1058,0.5164576802507836,0.481651376146789,0.5236294896030246,-0.04197811345623559,0.03717653726128395,-0.11484412648835213,0.03088789957588095,0.25883199330375906,-0.003959373386124954,-0.12222632610733863,PE,218.0,218.0,137.9609830058906,37.98706814581381,0.4533819773897276,-242.69512475848603,liq,317.2626246881048,215.45247152482375,0.1735211184928414,-55.514537780108235,270.967009304932,0.11847693001075946,0.4803543568095059,1.0,0.5103480563844843,True,False,False,False
Q1272,VOLUME,NIFTY,"If calls took >65% of near-ATM option volume in the last 5 min, is NIFTY up over the next 15 minutes more often?",2902,638,83866,0.5141181080582703,0.5048242591316333,0.5144397014284692,-0.009615442296835863,0.01182843164889445,-0.032799168328668984,0.013568283734997258,0.41627005210934864,0.01187740343400201,-0.025359997014217872,CE,2902.0,638.0,-8.602083128620887,-115.3026545731617,0.9999744371323996,-113.65545312753171,liq,29.64085584505109,-78.4338296578924,0.7865653678008478,-80.56128936907274,2.127459711180333,0.49141402988036986,0.6454187106022353,1.0,0.8450568766484648,False,False,False,False
Q1273,VOLUME,NIFTY,"If puts took >65% of near-ATM option volume in the last 5 min, is NIFTY up over the next 15 minutes more often?",2068,398,84700,0.5141181080582703,0.5275628626692457,0.5137898465171192,0.01377301615212645,0.013736393741680435,-0.013150315581567203,0.040696347885820106,0.3160219981507159,0.01770285331275767,0.013208012908435096,CE,2068.0,398.0,-7.52621469460788,-132.14975208307,0.9993171860281176,-113.3844202771059,T30S15H30,-0.16815159722038578,-127.61775751342522,0.9998682401730421,-127.69486656450349,0.07710905107827647,0.4991197520628864,0.5454667821221874,1.0,0.8450568766484648,True,False,False,False
Q1274,VOLUME,NIFTY,"If NIFTY's near-ATM option volume surged (>3x the prior 30-min pace), is the next 15-minute move bigger?",3025,1276,83743,9.160778336819085,13.616280514740748,8.999834806157262,4.616445708583486,0.25551617564138895,4.115634004326363,5.117257412840608,5.783845060685294e-73,5.367118889920297,3.93170168296935,CE+PE,3025.0,1276.0,-31.65661941875111,-234.35241738513105,1.0,-235.78941123671964,T30S10H60,4.514545872585833,-203.7257610176141,1.0,-217.40184728647313,13.676086268858965,0.2781522057562842,4.145088960157795e-71,1.0,0.7495990245791606,True,True,False,False
Q1275,VOLUME,NIFTY,"If NIFTY's option volume surged (>3x) with the index rising over the last 5 min, is the next 15 minutes up more often?",1497,991,85271,0.5141181080582703,0.5150300601202404,0.5141020980169108,0.0009279621033296825,0.013839441635380026,-0.026197343502015167,0.028053267708674532,0.9465403141892501,-0.005630699266274353,0.007203448978589266,PE,1497.0,991.0,37.319636959669666,-62.528391934342544,0.950412972515953,-90.92753045729464,time,37.319636959669666,-62.528391934342544,0.950412972515953,-90.92753045729464,28.3991385229521,0.2267923353995081,0.9783950363013884,1.0,0.6875245694202228,False,False,False,False
Q1276,VOLUME,NIFTY,"If NIFTY's option volume surged (>3x) with the index falling over the last 5 min, is the next 15 minutes up more often?",1525,985,85243,0.5141181080582703,0.5088524590163934,0.5142123106882677,-0.0053598516718742495,0.014038201381237882,-0.032874726379100494,0.022155023035352,0.702606210916259,0.009916696836238303,-0.020570437397578967,CE,1525.0,985.0,-31.153115875994573,-134.69476749189442,0.9997342787678128,-143.06224299193002,liq,-2.75131453217053,-108.13551710298873,0.9392799263335676,-110.44994217212015,2.3144250691314436,0.486768906269913,0.8454869515690057,1.0,0.8450568766484648,False,False,False,False
Q0011,OPEN,BANKNIFTY,"If BANKNIFTY rises more than 0.2% in the first 15 minutes, how often does it keep going the same way from 09:29 to 15:09 (vs other days)?",246,246,750,0.5120481927710844,0.5,0.516,-0.016000000000000014,0.03675062169441286,-0.08803121852104921,0.056031218521049184,0.663296215921341,0.01345523546662064,-0.045648761771887036,PE,245.0,245.0,79.30713030695915,-64.42970289300156,0.5568249599155064,-438.78760127920435,time,79.30713030695915,-64.42970289300156,0.5568249599155064,-438.78760127920435,374.3578983862028,0.2031459743952604,0.82300845159524,1.0,0.6537113059056315,False,False,False,False
Q0012,OPEN,BANKNIFTY,"If BANKNIFTY falls more than 0.2% in the first 15 minutes, how often does it keep going the same way from 09:29 to 15:09 (vs other days)?",270,270,726,0.4879518072289157,0.43333333333333335,0.5082644628099173,-0.07493112947658398,0.035425747449344416,-0.14436559447729902,-0.005496664475868926,0.03441629961835853,-0.08275105622359435,-0.06716417910447764,CE,269.0,269.0,-63.01949146124067,-211.35843526967753,0.6962807529475298,-419.57750500412044,T25S10H30,-4.326204207750058,-158.47697931998297,0.9999980255658187,-167.87124415122295,9.394264831239985,0.39222909724313504,0.11268280839513325,1.0,0.8450568766484648,True,False,False,False
Q0013,OPEN,BANKNIFTY,"If BANKNIFTY rises more than 0.4% in the first 15 minutes, how often does it keep going the same way from 09:29 to 15:09 (vs other days)?",112,112,884,0.5120481927710844,0.5267857142857143,0.5101809954751131,0.016604718810601216,0.05010934085365647,-0.08160958926256545,0.11481902688376788,0.7403652255483233,0.1396266925234616,-0.15423105224429734,CE,112.0,112.0,264.2499851901084,97.497848809281,0.44754643398937477,-419.5775050041205,time,264.2499851901084,97.497848809281,0.44754643398937477,-419.5775050041205,517.0753538134015,0.2421735606609788,0.8624083127690702,1.0,0.7062727036246808,False,False,False,False
Q0014,OPEN,BANKNIFTY,"If BANKNIFTY falls more than 0.4% in the first 15 minutes, how often does it keep going the same way from 09:29 to 15:09 (vs other days)?",106,106,890,0.4879518072289157,0.4716981132075472,0.4898876404494382,-0.018189527241891046,0.05132604517113393,-0.11878857577731354,0.08240952129353145,0.7230453124624141,0.006849315068493178,-0.05194305502116198,PE,105.0,105.0,-869.9500361283621,-1007.6730192396647,0.9340619684502167,-438.78760127920435,T30S20H30,17.41668192545573,-128.05059012877152,0.9339183541846543,-187.41992208915605,59.3693319603846,0.2425674038714589,0.8580758537962412,1.0,0.7068164026968917,False,False,False,False
Q0015,OPEN,BANKNIFTY,"If BANKNIFTY rises more than 0.2% in the first 30 minutes, how often does it keep going the same way from 09:44 to 15:09 (vs other days)?",274,274,722,0.49096385542168675,0.5072992700729927,0.48476454293628807,0.022534727136704624,0.03548827521430609,-0.04702229228333532,0.09209174655674457,0.5254344360651688,0.039741679085941395,0.005617977528089901,CE,272.0,272.0,-173.10849866555895,-324.12778584906886,0.7924608674545208,-492.8578707502676,T30S10H15,27.864868500653436,-129.49420396639104,0.999719531833466,-191.38679009985478,61.89258613346375,0.04958722077025603,0.731187079313989,1.0,0.32808798412814355,True,False,False,False
Q0016,OPEN,BANKNIFTY,"If BANKNIFTY falls more than 0.2% in the first 30 minutes, how often does it keep going the same way from 09:44 to 15:09 (vs other days)?",285,285,711,0.5090361445783133,0.45614035087719296,0.530239099859353,-0.07409874898216007,0.03495713855992658,-0.14261474055961615,-0.005582757404703972,0.03403110587147696,-0.09792843691148778,-0.05012217653018658,CE,284.0,284.0,21.15406247459247,-127.2134925393692,0.627209456893591,-492.8578707502676,time,21.15406247459247,-127.2134925393692,0.627209456893591,-492.8578707502676,365.64437821089837,0.17550944741466568,0.1117051566773671,1.0,0.6105200929516168,True,False,False,False
Q0017,OPEN,BANKNIFTY,"If BANKNIFTY rises more than 0.4% in the first 30 minutes, how often does it keep going the same way from 09:44 to 15:09 (vs other days)?",130,130,866,0.49096385542168675,0.5307692307692308,0.48498845265588914,0.045780778113341636,0.04697268298044077,-0.04628568052832227,0.13784723675500554,0.3297460231672598,0.10143638850889192,-0.01383545427641314,CE,129.0,129.0,100.57748522176298,-60.48825815728613,0.5401469750292316,-492.8578707502675,T30S20H60,140.8003577890322,-24.845240271607388,0.6251773521512114,-199.32312749478504,174.47788722317767,0.012514406164015538,0.5589650064201908,1.0,0.14199785806894166,False,False,False,False
Q0018,OPEN,BANKNIFTY,"If BANKNIFTY falls more than 0.4% in the first 30 minutes, how often does it keep going the same way from 09:44 to 15:09 (vs other days)?",133,133,863,0.5090361445783133,0.47368421052631576,0.5144843568945539,-0.04080014636823809,0.04654149945800707,-0.13202148530593194,0.050421192569455764,0.38068213230545667,-0.04009456264775413,-0.04357366771159871,CE,132.0,132.0,-100.14770528583816,-254.06732024088396,0.6456032593366623,-492.8578707502676,T15S20H15,-40.24999271739613,-198.15722839268636,0.9998807033038873,-200.66710920797155,2.5098808152850833,0.48144078507561366,0.6065032049337642,1.0,0.8450568766484648,True,False,False,False
Q0019,OPEN,BANKNIFTY,"If BANKNIFTY rises more than 0.4% in the first 15 minutes, how often does it close (15:29) above the open?",112,112,884,0.4859437751004016,0.7767857142857143,0.4490950226244344,0.3276906916612799,0.04277655078575381,0.24384865212120244,0.41153273120135736,1.8517942731834928e-14,0.3641306229871524,0.2853568800588668,CE,112.0,112.0,264.2499851901084,97.497848809281,0.44754643398937477,-419.5775050041205,time,264.2499851901084,97.497848809281,0.44754643398937477,-419.5775050041205,517.0753538134015,0.2421735606609788,1.796101212335869e-13,1.0,0.7062727036246808,True,True,False,False
Q0020,OPEN,BANKNIFTY,"If BANKNIFTY falls more than 0.4% in the first 15 minutes, how often does it close (15:29) above the open?",106,106,890,0.4859437751004016,0.20754716981132076,0.5191011235955056,-0.3115539537841849,0.04282460363235246,-0.39549017690359567,-0.22761773066477406,3.4612321790357323e-13,-0.29474885844748855,-0.33089649865332826,PE,105.0,105.0,-869.9500361283621,-1007.6730192396647,0.9340619684502167,-438.78760127920435,T30S20H30,17.41668192545573,-128.05059012877152,0.9339183541846543,-187.41992208915605,59.3693319603846,0.2425674038714589,3.0793031110042036e-12,1.0,0.7068164026968917,True,True,False,False
Q0067,GAP,BANKNIFTY,"When BANKNIFTY gaps up more than 0.5%, how often is the gap filled (previous close touched) the same day?",173,173,823,0.6867469879518072,0.3988439306358382,0.74726609963548,-0.3484221689996418,0.04021242884119233,-0.42723852952837876,-0.2696058084709048,4.533425814818591e-18,-0.35572519083969467,-0.3424760601915185,col:gapfill_dir,171.0,171.0,-672.5935716360633,-805.6205968073579,0.9057320908897911,-460.3639226109899,liq,33.19883915415981,-105.8200188010317,0.6090652988084997,-177.93946988588388,72.11945108485217,0.4251622591168533,5.46553205711774e-17,1.0,0.8450568766484648,True,True,False,False
Q0068,GAP,BANKNIFTY,"When BANKNIFTY gaps up more than 0.5%, how often is the first 15 minutes up?",173,173,823,0.45883534136546184,0.4797687861271676,0.45443499392466585,0.02533379220250176,0.04178178488533864,-0.056558506172761966,0.10722609057776548,0.5442917866931183,0.022609960014540187,0.024076607387140903,PE,171.0,171.0,-719.659358911347,-852.4970572662036,0.9999979863005085,-174.27315355361063,liq,33.19883915415981,-105.8200188010317,0.6090652988084997,-177.93946988588388,72.11945108485217,0.4251622591168533,0.7461831843974339,1.0,0.8450568766484648,True,False,False,False
Q0069,GAP,BANKNIFTY,"When BANKNIFTY gaps up more than 0.5%, how often is 09:30-15:09 up (the rest of the day after the first 15 min)?",173,173,823,0.5120481927710844,0.5260115606936416,0.5091130012150669,0.01689855947857477,0.041792285465367215,-0.06501432003354497,0.09881143899069451,0.6859580216473118,0.04667393675027259,-0.020930232558139528,PE,171.0,171.0,-106.85236989057552,-239.0902091989463,0.6696303252273328,-438.7876012792044,liq,74.08335457071226,-61.30584927383696,0.5738383407893697,-250.4811639552325,189.17531468139538,0.28283850565687196,0.8411462432747454,1.0,0.7553103008165724,False,False,False,False
Q0070,GAP,BANKNIFTY,"When BANKNIFTY gaps up 0.2-0.5%, how often is the gap filled (previous close touched) the same day?",228,228,768,0.6867469879518072,0.7192982456140351,0.6770833333333334,0.04221491228070173,0.034226133378996014,-0.02486830914213045,0.10929813370353392,0.21742221375031173,0.10298430222528898,-0.024892620070285032,col:gapfill_dir,228.0,228.0,-50.780662677267145,-182.0653355765174,0.6567260594684767,-460.36392261098985,T30S20H30,19.43421614797492,-115.48607245016709,0.9795152529722776,-132.74020162390596,17.25412917373885,0.38004655801000325,0.4355196517669288,1.0,0.8450568766484648,False,False,False,False
Q0071,GAP,BANKNIFTY,"When BANKNIFTY gaps up 0.2-0.5%, how often is the first 15 minutes up?",228,228,768,0.45883534136546184,0.35964912280701755,0.48828125,-0.12863212719298245,0.036561989019019164,-0.20029362567026,-0.056970628715704894,0.00043449653027967893,-0.1075556322235639,-0.15531042561499414,PE,228.0,228.0,110.01970358062209,-21.910328465020573,0.5650869467469124,-174.2731535536106,time,110.01970358062209,-21.910328465020573,0.5650869467469124,-174.2731535536106,152.36282508858997,0.12722541089380598,0.0022877572410644315,1.0,0.5269820405102812,True,True,False,False
Q0072,GAP,BANKNIFTY,"When BANKNIFTY gaps up 0.2-0.5%, how often is 09:30-15:09 up (the rest of the day after the first 15 min)?",228,228,768,0.5120481927710844,0.5219298245614035,0.5091145833333334,0.012815241228070096,0.037699091942290625,-0.06107497897881953,0.08670546143495972,0.733905470136154,0.01345523546662064,0.013617727450214723,CE,228.0,228.0,52.361875757444324,-88.10582483378836,0.5778039005689272,-419.57750500412044,time,52.361875757444324,-88.10582483378836,0.5778039005689272,-419.57750500412044,331.4716801703321,0.23012392111833682,0.862363161367907,1.0,0.6915518860274121,True,False,False,False
Q0073,GAP,BANKNIFTY,"When BANKNIFTY gaps down 0.2-0.5%, how often is the gap filled (previous close touched) the same day?",137,137,859,0.6867469879518072,0.7591240875912408,0.6752037252619325,0.08392036232930833,0.03989492449590275,0.005726310317338945,0.1621144143412777,0.03541904590333575,0.10179427962337895,0.06690140845070425,col:gapfill_dir,137.0,137.0,-582.4434365750882,-727.9507786122996,0.9050522061926807,-459.4037788529454,T30S15H15,72.40147583676081,-80.24495826374336,0.8893046462008719,-114.10643149888688,33.861473235143535,0.3029240970921754,0.11508959500076352,1.0,0.7757476513692773,True,False,False,False
Q0074,GAP,BANKNIFTY,"When BANKNIFTY gaps down 0.2-0.5%, how often is the first 15 minutes up?",137,137,859,0.45883534136546184,0.6058394160583942,0.43538998835855647,0.17044942769983773,0.045069580350739866,0.0821130502123876,0.2587858051872879,0.0001556250397417348,0.11657488008527267,0.2210485133020344,CE,137.0,137.0,209.50184703743372,60.81460820538843,0.4034403565565179,-239.8329864673171,time,209.50184703743372,60.81460820538843,0.4034403565565179,-239.8329864673171,300.6475946727054,0.11342915724664293,0.0008728534837688605,1.0,0.4999115469071911,True,True,False,False
Q0075,GAP,BANKNIFTY,"When BANKNIFTY gaps down 0.2-0.5%, how often is 09:30-15:09 up (the rest of the day after the first 15 min)?",137,137,859,0.5120481927710844,0.49635036496350365,0.5145518044237486,-0.01820143946024494,0.04601777926859432,-0.10839628682668981,0.07199340790619993,0.692451349412576,0.037306804050452946,-0.06983568075117369,PE,137.0,137.0,-209.11858692003864,-342.08449974230564,0.7241950933421614,-438.7876012792044,T25S10H15,7.6642277292961625,-130.89225697622035,0.9965554931932864,-160.53979282204298,29.647535845822645,0.270252727050565,0.8429577054019824,1.0,0.7403459383623763,False,False,False,False
Q0076,GAP,BANKNIFTY,"When BANKNIFTY gaps down more than 0.5%, how often is the gap filled (previous close touched) the same day?",120,120,876,0.6867469879518072,0.35833333333333334,0.7317351598173516,-0.37340182648401826,0.04628524923803812,-0.46412091499057295,-0.28268273797746357,7.180835266267258e-16,-0.3339710393508593,-0.42884414344802513,col:gapfill_dir,120.0,120.0,-457.39166622857255,-611.3308870979643,0.7753762774172569,-459.40377885294515,T30S10H15,-128.33333778381348,-290.3211175811648,0.9999999996784676,-101.31905038325452,-189.0020671979102,0.9999712590379496,7.592850404495707e-15,1.0,1.0,True,True,False,False
Q0077,GAP,BANKNIFTY,"When BANKNIFTY gaps down more than 0.5%, how often is the first 15 minutes up?",120,120,876,0.45883534136546184,0.6166666666666667,0.4372146118721461,0.1794520547945206,0.047466384269884976,0.08641794162554604,0.2724861679634951,0.00015644235749610446,0.160668931622522,0.20280896322894415,CE,120.0,120.0,-363.62073675791424,-517.9359682291174,0.9283043118646239,-239.83298646731703,T30S10H15,-128.33333778381348,-290.3211175811648,0.9999999996784676,-101.31905038325452,-189.0020671979102,0.9999712590379496,0.0008736391392639599,1.0,1.0,True,True,False,False
Q0078,GAP,BANKNIFTY,"When BANKNIFTY gaps down more than 0.5%, how often is 09:30-15:09 up (the rest of the day after the first 15 min)?",120,120,876,0.5120481927710844,0.525,0.5102739726027398,0.014726027397260255,0.04863916015733768,-0.08060672651112159,0.1100587813056421,0.762072216264303,0.034040307418280125,-0.008726876051088572,PE,120.0,120.0,-205.78548220172524,-346.4466169980188,0.6952011443752413,-438.7876012792043,T30S10H15,114.07082621256511,-32.558595084128996,0.7055359591958144,-160.13909929680807,127.58050421267906,0.017108187124472745,0.8730667486509333,1.0,0.1736848179614754,False,False,False,False
Q0079,GAP,BANKNIFTY,"On BANKNIFTY gap-up (>0.5%) days, how often is the day's HIGH set in the first 30 minutes?",173,173,823,0.3453815261044177,0.32947976878612717,0.3487241798298906,-0.019244411043763454,0.03942755555324555,-0.09652241992812473,0.05803359784059782,0.6254822234711128,-0.043184296619411144,0.02421340629274965,,,,,,,,,,,,,,,0.7956826483583044,,,False,False,False,False
Q0080,GAP,BANKNIFTY,"On BANKNIFTY gap-up (>0.5%) days, how often is the day's LOW set in the first 30 minutes?",173,173,823,0.34236947791164657,0.35260115606936415,0.3402187120291616,0.012382444040202556,0.03992300956751244,-0.06586665471212183,0.09063154279252694,0.7564407460819698,0.012722646310432573,0.02421340629274965,,,,,,,,,,,,,,,0.8689301535580953,,,True,False,False,False
Q0081,GAP,BANKNIFTY,"On BANKNIFTY gap-down (<-0.5%) days, how often is the day's HIGH set in the first 30 minutes?",120,120,876,0.3453815261044177,0.375,0.341324200913242,0.033675799086757996,0.04703181884306354,-0.058506565845646535,0.12585816401916253,0.4739779996740258,0.010159316555068132,0.0744511613108495,,,,,,,,,,,,,,,0.6948086586130605,,,True,False,False,False
Q0082,GAP,BANKNIFTY,"On BANKNIFTY gap-down (<-0.5%) days, how often is the day's LOW set in the first 30 minutes?",120,120,876,0.34236947791164657,0.4166666666666667,0.3321917808219178,0.08447488584474888,0.047759769542234695,-0.009134262458031117,0.17808403414752888,0.07693632615074526,0.0993172147639938,0.0744511613108495,,,,,,,,,,,,,,,0.20938367243557254,,,True,False,False,False
Q0144,TIMING,BANKNIFTY,"If at 10:15 BANKNIFTY's day high so far was made in the first 15 minutes, how often does it stay the day's high to the close?",506,506,490,0.4166666666666667,0.5691699604743083,0.25918367346938775,0.3099862870049206,0.02962007008554731,0.2519309496372479,0.3680416243725933,1.2453136984942057e-25,0.2545489740611692,0.36363930187459603,PE,506.0,506.0,-172.27814873687834,-305.9239219028531,0.8612804454076359,-326.3828268111461,T15S10H15,-10.60029274861332,-148.82446462871982,0.9999999999999973,-155.75190882794215,6.927444199222332,0.3579250299655888,2.231187043135452e-24,1.0,0.8298479428677944,True,True,False,False
Q0145,TIMING,BANKNIFTY,"If at 10:15 BANKNIFTY's day low so far was made in the first 15 minutes, how often does it stay the day's low to the close?",472,472,524,0.42168674698795183,0.5720338983050848,0.2862595419847328,0.285774356320352,0.030157833528878575,0.22666500260374997,0.34488371003695395,2.643246171794047e-21,0.21017441860465114,0.3629439979258491,PE,472.0,472.0,-246.47933655213248,-377.8560131111001,0.9287731507008735,-326.3828268111461,T15S10H15,-26.95815757169562,-163.07787725037122,1.0,-155.75190882794212,-7.325968422429037,0.6473156082019162,3.706290827841653e-20,1.0,0.904973880175808,True,True,False,False
Q0146,TIMING,BANKNIFTY,"If at 11:15 BANKNIFTY's day high so far was made in the first 15 minutes, how often does it stay the day's high to the close?",430,430,566,0.5080321285140562,0.6697674418604651,0.38515901060070673,0.2846084312597584,0.030556541289484658,0.22471761033236845,0.3444992521871483,1.2292447045212029e-20,0.22539682539682543,0.3414323086984958,CE,430.0,430.0,-155.59540643057852,-299.2870069399264,0.8783307094096742,-255.14537619669176,T25S10H60,0.997101717217024,-148.32361996340438,0.9999999853988621,-155.22066436561812,6.897044402213686,0.3982435924734602,1.6869422008854803e-19,1.0,0.8450568766484648,True,True,False,False
Q0147,TIMING,BANKNIFTY,"If at 11:15 BANKNIFTY's day low so far was made in the first 15 minutes, how often does it stay the day's low to the close?",395,395,601,0.5301204819277109,0.6835443037974683,0.4292845257903494,0.2542597780071189,0.030923080059417983,0.19365054109065966,0.31486901492357816,1.995866078483196e-16,0.21364373563995132,0.29387741382497773,PE,395.0,395.0,-87.15444233372241,-218.05843940342325,0.8032836741193772,-378.2931864004996,liq,211.43989843054663,78.239155224512,0.318349142054822,-83.45064933516142,161.68980455967343,0.16450709270420338,2.219540725209761e-15,1.0,0.5949396614826451,True,True,False,False
Q0148,TIMING,BANKNIFTY,"If at 12:30 BANKNIFTY's day high so far was made in the first 15 minutes, how often does it stay the day's high to the close?",378,378,618,0.5823293172690763,0.7619047619047619,0.47249190938511326,0.2894128525196486,0.0297338821888416,0.23113444342951905,0.34769126160977815,2.1713106562271617e-22,0.2395210624466249,0.3353458016425789,CE,378.0,378.0,28.55091055786168,-115.31516987509872,0.6971200155601943,-211.77181848843708,time,28.55091055786168,-115.31516987509872,0.6971200155601943,-211.77181848843708,96.45664861333836,0.332969916083987,3.219529593716136e-21,1.0,0.8059302424663309,True,True,False,False
Q0149,TIMING,BANKNIFTY,"If at 12:30 BANKNIFTY's day low so far was made in the first 15 minutes, how often does it stay the day's low to the close?",346,346,650,0.6054216867469879,0.7803468208092486,0.5123076923076924,0.2680391285015562,0.02967589284345216,0.20987437852838997,0.32620387847472243,1.6822714629009408e-19,0.25012211227092646,0.2820440973012731,CE,346.0,346.0,-28.97109901112628,-171.87307120729363,0.7700541334542004,-211.77181848843708,liq,105.21243762418713,-39.40226176268226,0.6157945876392946,-93.26590052666894,53.86363876398668,0.34364901994461566,2.192050694083044e-18,1.0,0.8158582728202771,True,True,False,False
Q0150,TIMING,BANKNIFTY,"If at 14:00 BANKNIFTY's day high so far was made in the first 15 minutes, how often does it stay the day's high to the close?",331,331,665,0.6957831325301205,0.8700906344410876,0.6090225563909775,0.2610680780501101,0.026462398815858882,0.20920177637102672,0.3129343797291935,5.86684873413396e-23,0.23591815161582608,0.28148265483922075,CE,331.0,331.0,73.85421961635981,-67.70680313107894,0.6432387409089249,-263.3236914104851,time,73.85421961635981,-67.70680313107894,0.6432387409089249,-263.3236914104851,195.61688827940623,0.1444127959997051,8.903805725920952e-22,1.0,0.5598197538947183,True,True,False,False
Q0151,TIMING,BANKNIFTY,"If at 14:00 BANKNIFTY's day low so far was made in the first 15 minutes, how often does it stay the day's low to the close?",311,311,685,0.7188755020080321,0.8681672025723473,0.6510948905109489,0.21707231206139832,0.02646421134597246,0.1652024578232923,0.26894216629950435,2.3546698359268063e-16,0.19570905285190998,0.23466481670804729,PE,311.0,311.0,-123.7829730882522,-249.64198792662086,0.9355882963670021,-242.9298596766154,T20S10H60,-2.2114325642969064,-132.51121003000756,0.9999985214138692,-138.01220097900818,5.50099094900059,0.42307847414705746,2.574172956225068e-15,1.0,0.8450568766484648,True,True,False,False
Q0152,TIMING,BANKNIFTY,"On Mondays, how often is BANKNIFTY's day high set in the first 30 minutes (vs other weekdays)?",197,197,799,0.3453815261044177,0.3096446700507614,0.3541927409261577,-0.044548070875396306,0.03705080547481605,-0.11716764960603576,0.02807150785524315,0.22922758755650652,0.0008542713567839533,-0.09039257526287375,,,,,,,,,,,,,,,0.4538747826323507,,,False,False,False,False
Q0153,TIMING,BANKNIFTY,"On Tuesdays, how often is BANKNIFTY's day high set in the first 30 minutes (vs other weekdays)?",200,200,796,0.3453815261044177,0.345,0.3454773869346734,-0.0004773869346734183,0.037621401831468566,-0.0742153345243518,0.07326056065500497,0.9898757243340959,-0.08535447761194026,0.0778992581023038,,,,,,,,,,,,,,,0.9968303547158344,,,False,False,False,False
Q0154,TIMING,BANKNIFTY,"On Wednesdays, how often is BANKNIFTY's day high set in the first 30 minutes (vs other weekdays)?",198,198,798,0.3453815261044177,0.3434343434343434,0.3458646616541353,-0.0024303182197918938,0.037732815325072416,-0.07638663625693383,0.07152599981735004,0.9486448737722678,0.009177743970870678,-0.013574311643571535,,,,,,,,,,,,,,,0.9790015097329804,,,False,False,False,False
Q0155,TIMING,BANKNIFTY,"On Thursdays, how often is BANKNIFTY's day high set in the first 30 minutes (vs other weekdays)?",202,202,794,0.3453815261044177,0.36633663366336633,0.34005037783375314,0.026286255829613192,0.03785839004059279,-0.04791618864994868,0.10048870030917506,0.48747462102033146,0.02159762575753793,0.030974885901688398,,,,,,,,,,,,,,,0.7049801133589996,,,True,False,False,False
Q0156,TIMING,BANKNIFTY,"On Fridays, how often is BANKNIFTY's day high set in the first 30 minutes (vs other weekdays)?",197,197,799,0.3453815261044177,0.36548223350253806,0.3404255319148936,0.025056701587644448,0.03820561982042456,-0.04982631326038768,0.09993971643567658,0.5119282912591884,0.05090452261306533,-0.0007712677070211282,,,,,,,,,,,,,,,0.7249039470080714,,,False,False,False,False
Q0214,TOD,BANKNIFTY,Are BANKNIFTY's 15-minute moves bigger when they start at 09:20-10:00 than at other times?,7968,996,59760,11.313511992906133,15.540614144390366,10.749898372708236,4.79071577168213,0.23374441229359674,4.332576723586681,5.24885481977758,2.3599964307280895e-93,4.606648543720423,4.974782999643839,CE+PE,7936.0,992.0,-55.4224709373328,-336.7881384780614,1.0,-338.273628411658,T30S10H15,-17.96638815633712,-309.8144409466478,1.0,-310.0998854819674,0.28544453531958425,0.4866044758056753,2.029596930426157e-91,1.0,0.8450568766484648,True,True,False,False
Q0215,TOD,BANKNIFTY,Is BANKNIFTY more often up over the next 15 minutes when starting at 09:20-10:00?,7968,996,59760,0.5039717694306638,0.4972389558232932,0.5048694779116466,-0.007630522088353409,0.008678986907956408,-0.02464133642794797,0.009380292251241151,0.37929554289477163,-0.00973895582329315,-0.005522088353413668,CE,7936.0,992.0,-14.171339718084182,-161.08800200801375,0.999997591895707,-166.6799657934487,time,-14.171339718084182,-161.08800200801375,0.999997591895707,-166.6799657934487,5.591963785434972,0.4369395048094399,0.6062490893078554,1.0,0.8450568766484648,True,False,False,False
Q0216,TOD,BANKNIFTY,"On EXPIRY days, are BANKNIFTY's 60-minute moves bigger starting at 09:20-10:00 than at other hours of expiry days?",1416,177,10620,22.520546883988438,29.63143973161945,21.572427837637633,8.059011893981818,1.567428022758004,4.98685296937613,11.131170818587506,2.7247894690308096e-07,6.658374503578585,9.475565618366907,CE+PE,1408.0,176.0,-45.16191980378194,-231.70439823203122,0.93112907167609,-381.29014179723214,liq,260.43677972121674,67.9046168386812,0.4137704900087583,-452.1334158845781,520.0380327232592,0.04761589024840237,1.7487454801242512e-06,1.0,0.32130625577315874,True,True,False,False
Q0217,TOD,BANKNIFTY,Are BANKNIFTY's 15-minute moves bigger when they start at 10:00-11:00 than at other times?,11952,996,55776,11.313511992906133,11.650592909998682,11.241280367814872,0.40931254218381063,0.18142187420470637,0.05372566874258616,0.764899415625035,0.0240620735518036,-0.7169285019238796,1.5355535862915008,CE+PE,11952.0,996.0,-21.713643915841537,-299.3132013066593,1.0,-295.82374985783025,time,-21.713643915841537,-299.3132013066593,1.0,-295.82374985783025,-3.489451448829122,0.6191839173420882,0.08411944412419145,1.0,0.8901106991891338,False,False,False,False
Q0218,TOD,BANKNIFTY,Is BANKNIFTY more often up over the next 15 minutes when starting at 10:00-11:00?,11952,996,55776,0.5039717694306638,0.49958165997322623,0.5049125071715433,-0.005330847198317112,0.006821849729815071,-0.01870167266875465,0.008039978272120427,0.43454539505080697,-0.009215433161216313,-0.0014462612354178006,PE,11952.0,996.0,11.852326634099365,-120.83135504275488,0.999999752725744,-117.10686321382167,time,11.852326634099365,-120.83135504275488,0.999999752725744,-117.10686321382167,-3.7244918289332154,0.5615874937279681,0.6639216631319255,1.0,0.8624121183694757,True,False,False,False
Q0219,TOD,BANKNIFTY,"On EXPIRY days, are BANKNIFTY's 60-minute moves bigger starting at 10:00-11:00 than at other hours of expiry days?",2124,177,9912,22.520546883988438,22.28361596675018,22.571317794825205,-0.28770182807502565,1.3835287664738813,-2.999418210363833,2.4240145542137816,0.8352696892609055,-5.304652387028138,4.786259532684372,CE+PE,2124.0,177.0,-83.17361036936443,-262.50200026414547,0.9824628925218265,-357.08678667492956,liq,79.12652294065543,-104.89637474381401,0.6666644814747077,-333.19164042650004,228.295265682686,0.1742720834711738,0.9174336076899201,1.0,0.6085926064041556,False,False,False,False
Q0220,TOD,BANKNIFTY,Are BANKNIFTY's 15-minute moves bigger when they start at 11:00-12:00 than at other times?,11952,996,55776,11.313511992906133,9.815221880494033,11.634574159851583,-1.8193522793575507,0.15154780833980677,-2.116385983703572,-1.5223185750115293,3.339084177196102e-33,-2.246251236893155,-1.3924533218219448,CE+PE,11952.0,996.0,-8.75146715037794,-283.36368042853456,1.0,-282.5008199815675,liq,-5.724257974420366,-282.84554037646285,0.999915944486672,-282.2724308024277,-0.5731095740351352,0.503041515000844,7.426583773418917e-32,1.0,0.8450568766484648,True,True,False,False
Q0221,TOD,BANKNIFTY,Is BANKNIFTY more often up over the next 15 minutes when starting at 11:00-12:00?,11952,996,55776,0.5039717694306638,0.5011713520749665,0.5045718588640276,-0.0034005067890610086,0.0071495438965445916,-0.017413612826288408,0.01061259924816639,0.6343410658037317,-0.003729202524383246,-0.003071811053738771,PE,11952.0,996.0,9.806414615996232,-121.2471484291036,0.9999999997923931,-125.34236247292435,time,9.806414615996232,-121.2471484291036,0.9999999997923931,-125.34236247292435,4.095214043820727,0.4164289567433049,0.8006849069342602,1.0,0.8450568766484648,True,False,False,False
Q0222,TOD,BANKNIFTY,"On EXPIRY days, are BANKNIFTY's 60-minute moves bigger starting at 11:00-12:00 than at other hours of expiry days?",2124,177,9912,22.520546883988438,19.896323665162715,23.082880430879662,-3.186556765716947,1.107409212401503,-5.357078822023893,-1.0160347094100013,0.0040085510330040534,-2.993542155331628,-3.381764723947555,CE+PE,2124.0,177.0,-186.88665177862524,-359.57673064368197,0.9999893115805925,-296.04294231943214,liq,83.69763265670805,-93.78167118310648,0.6695518120422468,-282.2724308024278,188.49075961932127,0.18897224620968292,0.017831140801983548,1.0,0.629144648067163,True,True,False,False
Q0223,TOD,BANKNIFTY,Are BANKNIFTY's 15-minute moves bigger when they start at 12:00-13:00 than at other times?,11952,996,55776,11.313511992906133,9.829116267931349,11.631596791115015,-1.8024805231836663,0.1504357115633098,-2.0973345178477536,-1.5076265285195791,4.4296600475673594e-33,-1.6760537584691093,-1.9289072878982214,CE+PE,11952.0,996.0,-25.815291052043357,-298.0433817271228,1.0,-297.0828592044658,time,-25.815291052043357,-298.0433817271228,1.0,-297.0828592044658,-0.9605225226569798,0.5471054100611538,9.523769102269823e-32,1.0,0.8568845384005644,True,True,False,False
Q0224,TOD,BANKNIFTY,Is BANKNIFTY more often up over the next 15 minutes when starting at 12:00-13:00?,11952,996,55776,0.5039717694306638,0.5089524765729585,0.5029044750430293,0.006048001529929237,0.007007424456390861,-0.007686550404596849,0.019782553464455323,0.3880908448895358,0.0029761904761904656,0.009119812583668008,CE,11952.0,996.0,-12.745193935621534,-155.0975653734718,0.9999999999999947,-154.88823741621053,liq,-4.985865498163614,-148.60359974901272,0.9950542881950011,-142.32257286762248,-6.28102688139021,0.5434114505636569,0.6126094431315916,1.0,0.855092700202268,True,False,False,False
Q0225,TOD,BANKNIFTY,"On EXPIRY days, are BANKNIFTY's 60-minute moves bigger starting at 12:00-13:00 than at other hours of expiry days?",2124,177,9912,22.520546883988438,19.61179677824965,23.14385047807532,-3.532053699825667,1.038267820805371,-5.567058628604194,-1.4970487710471398,0.0006692610020998641,-1.0024300202639616,-6.090423103018756,CE+PE,2124.0,177.0,-377.8961728723709,-544.3236887319785,0.9999999998979174,-401.33179216396434,T30S10H15,11.675733074181048,-159.99428368856405,1.0,-301.36591842315465,141.37163473459057,1.597514289292602e-21,0.00341243752058824,1.0,3.7249683972741007e-19,True,True,False,False
Q0226,TOD,BANKNIFTY,Are BANKNIFTY's 15-minute moves bigger when they start at 13:00-14:00 than at other times?,11952,996,55776,11.313511992906133,10.48635691500093,11.490759509600105,-1.0044025945991741,0.15770335100158003,-1.313501162562271,-0.6953040266360773,1.9034365289295915e-10,-0.3386657842602183,-1.67013940493813,CE+PE,11952.0,996.0,-27.76909997025966,-296.928193283967,1.0,-296.0796961011006,time,-27.76909997025966,-296.928193283967,1.0,-296.0796961011006,-0.8484971828663915,0.5372439293867117,1.4275773966971937e-09,1.0,0.8527104908592918,True,True,False,False
Q0227,TOD,BANKNIFTY,Is BANKNIFTY more often up over the next 15 minutes when starting at 13:00-14:00?,11952,996,55776,0.5039717694306638,0.5157295850066934,0.5014522375215146,0.014277347485178837,0.006988682738993979,0.0005795293167506384,0.027975165653607036,0.04105996508303274,0.006024096385542244,0.022530598584815487,CE,11952.0,996.0,9.466864339797851,-131.50495247560747,0.9999999996715613,-132.0119602124174,time,9.466864339797851,-131.50495247560747,0.9999999996715613,-132.0119602124174,0.5070077368099188,0.49050142102345523,0.1279404709108991,1.0,0.8450568766484648,True,False,False,False
Q0228,TOD,BANKNIFTY,"On EXPIRY days, are BANKNIFTY's 60-minute moves bigger starting at 13:00-14:00 than at other hours of expiry days?",2124,177,9912,22.520546883988438,23.93327697163023,22.217819008065195,1.7154579635650364,1.2563533134294813,-0.7469945307567469,4.17791045788682,0.1721190756109437,4.337962255431982,-0.9368475134367564,CE+PE,2124.0,177.0,-216.24447709254625,-376.36445140849105,0.9953560298264745,-374.93968296244833,T25S10H30,-22.73517233279241,-187.0066792694063,1.0,-305.68475397021024,118.67807470080399,2.2629668509422065e-20,0.37253960996328417,1.0,4.799213889217244e-18,False,False,False,False
Q0229,TOD,BANKNIFTY,Are BANKNIFTY's 15-minute moves bigger when they start at 14:00-14:55 than at other times?,11952,996,55776,11.313511992906133,11.968203890116179,11.173220872075408,0.7949830180407709,0.200777618500662,0.40145888577947336,1.1885071503020683,7.510052074204513e-05,1.687436036031773,-0.09746999995023131,CE+PE,11952.0,996.0,-52.78888993269428,-317.9994334469538,1.0,-316.1110391193788,T25S10H15,-14.184634338421036,-288.28187463524904,1.0,-288.86417828666595,0.582303651416829,0.4656286832908546,0.0004249108410405185,1.0,0.8450568766484648,False,True,False,False
Q0230,TOD,BANKNIFTY,Is BANKNIFTY more often up over the next 15 minutes when starting at 14:00-14:55?,11952,996,55776,0.5039717694306638,0.4989123159303882,0.5050559380378657,-0.006143622107477542,0.007178292042623174,-0.020213074511018964,0.00792583029606388,0.3920745227637862,0.010900745840504822,-0.023187990055459906,PE,11952.0,996.0,-10.552273022292688,-136.78070238857265,0.9999999948484041,-141.08386371778812,T25S10H15,-0.7688472995477189,-131.02815034950348,1.0,-132.75523687229537,1.7270865227918568,0.38603400235320695,0.6160488847323803,1.0,0.8450568766484648,False,False,False,False
Q0231,TOD,BANKNIFTY,"On EXPIRY days, are BANKNIFTY's 60-minute moves bigger starting at 14:00-14:55 than at other hours of expiry days?",2124,177,9912,22.520546883988438,22.137125806395392,22.60270854347266,-0.4655827370772663,1.3072534890129226,-3.0277995755425944,2.096634101388062,0.7217257097479481,0.2066805189213312,-1.1454853482576688,CE+PE,2124.0,177.0,-404.91159497498904,-554.9758757219682,0.9999993085757318,-427.9445330587481,T30S10H15,15.297665474778515,-139.39424822422956,1.0,-289.16508257573315,149.77083435150362,8.918153694703647e-24,0.8572984950044688,1.0,2.66563015400887e-21,False,False,False,False
Q0296,DOW,BANKNIFTY,Is BANKNIFTY more often up (close > open) on Mondays?,197,197,799,0.4859437751004016,0.5583756345177665,0.46808510638297873,0.09029052813478777,0.039559133187165016,0.012754627087944337,0.1678264291816312,0.022464598357984002,0.0676884422110553,0.11381340463274803,CE,197.0,197.0,968.8782636768321,808.4585047419649,0.06464722793752707,-459.40377885294527,time,968.8782636768321,808.4585047419649,0.06464722793752707,-459.40377885294527,1267.86228359491,0.008683192343379125,0.07961354912582243,1.0,0.11157647871884085,True,False,False,False
Q0297,DOW,BANKNIFTY,Is BANKNIFTY's day range bigger on Mondays?,197,197,799,1.3058357252234436,1.334519793539483,1.2987634330353839,0.03575636050409914,0.05596037107209716,-0.0739259667972113,0.14543868780540958,0.5228498628940752,0.08407912443480892,-0.01855556809093395,CE+PE,197.0,197.0,-201.46311135461488,-502.69820796734535,0.936126621084937,-919.7677014639352,T30S10H60,144.46826489443706,-168.80374463604525,0.9996420645749243,-221.86153179739281,53.057787161347605,0.14378515376857573,0.7299527306638063,1.0,0.5583412336068785,False,False,False,False
Q0298,DOW,BANKNIFTY,Is BANKNIFTY more often up (close > open) on Tuesdays?,200,200,796,0.4859437751004016,0.475,0.4886934673366834,-0.013693467336683418,0.03952661609027917,-0.09116563487363058,0.06377870020026374,0.7290146071017091,0.05565920398009955,-0.07999804763764151,PE,200.0,200.0,-445.0775098800659,-577.770186353012,0.8806747762676471,-460.3639226109899,liq,219.81746368408204,81.7984347516972,0.40292153090846183,-177.93946988588388,259.7379046375811,0.2175559243122234,0.8604106524805166,1.0,0.6770365903968402,False,False,False,False
Q0299,DOW,BANKNIFTY,Is BANKNIFTY's day range bigger on Tuesdays?,200,200,796,1.3058357252234436,1.3100026361644268,1.304788762675458,0.005213873488968845,0.06699508039342277,-0.12609648408213978,0.13652423106007747,0.9379674809881384,-0.018761787382858053,0.040130202810846116,CE+PE,200.0,200.0,-912.8612754397094,-1189.5849501759162,0.999776300286389,-919.7677014639354,T30S15H15,80.89376602172851,-208.1075423111137,0.9999562158417067,-234.04516448180627,25.93762217069252,0.31245404773265234,0.9734336689257431,1.0,0.7852078472983526,False,False,False,False
Q0300,DOW,BANKNIFTY,Is BANKNIFTY more often up (close > open) on Wednesdays?,198,198,798,0.4859437751004016,0.4595959595959596,0.4924812030075188,-0.032885243411559184,0.039612740602491,-0.11052621499244154,0.044755728169323175,0.4064436084069123,-0.038082649574781136,-0.027020078669306113,PE,197.0,197.0,-453.4720951394381,-574.024015932282,0.8562816819011767,-460.3639226109899,T30S20H60,59.47336380856896,-66.22924963024602,0.857000969897479,-128.92155414532564,62.69230451507967,0.15625666562365872,0.6339930530168282,1.0,0.5810827371589232,True,False,False,False
Q0301,DOW,BANKNIFTY,Is BANKNIFTY's day range bigger on Wednesdays?,198,198,798,1.3058357252234436,1.2414954252014256,1.3217998598153728,-0.0803044346139472,0.060768788946382636,-0.19941126094885717,0.03880239172096275,0.18634303715691206,-0.15168919095146438,-0.013229231940206532,CE+PE,197.0,197.0,-789.2144223548435,-1039.4818795519639,0.9932198300445344,-919.7677014639352,T30S15H15,56.746185031639136,-204.20578909444006,0.9999790645584117,-234.04516448180624,29.839375387366157,0.2747009968850619,0.391523726747769,1.0,0.7449629349835541,True,False,False,False
Q0302,DOW,BANKNIFTY,Is BANKNIFTY more often up (close > open) on Thursdays?,202,202,794,0.4859437751004016,0.48514851485148514,0.48614609571788414,-0.000997580866399006,0.03940444809224984,-0.07823029912720869,0.07623513739441068,0.9798025503733855,-0.06292241314811581,0.06092725141531791,PE,201.0,201.0,76.58213464293017,-49.00587899471744,0.5355618730420948,-460.36392261098985,time,76.58213464293017,-49.00587899471744,0.5355618730420948,-460.36392261098985,411.35804361627254,0.22685535131340884,0.9928871091764864,1.0,0.6875306036436966,False,False,False,False
Q0303,DOW,BANKNIFTY,Is BANKNIFTY's day range bigger on Thursdays?,202,202,794,1.3058357252234436,1.311337939583429,1.304435917539921,0.006902022043508094,0.05102752113418482,-0.09311191937949416,0.10691596346651035,0.8924056972037872,0.0656707436281132,-0.05186669954109702,CE+PE,201.0,201.0,-804.7213076692613,-1062.9097504743174,0.9959487460549293,-919.7677014639353,T30S10H60,-17.639302685486143,-288.2878984639345,0.9999999958938971,-221.8615317973928,-66.42636666654163,0.9079328100275343,0.9514077267709797,1.0,1.0,False,False,False,False
Q0304,DOW,BANKNIFTY,Is BANKNIFTY more often up (close > open) on Fridays?,197,197,799,0.4859437751004016,0.4517766497461929,0.49436795994993743,-0.042591310203744515,0.03964417226115961,-0.12029388783561736,0.035111267428128326,0.2826704344665062,-0.01989949748743719,-0.06542921047895722,PE,195.0,195.0,296.84485782721106,141.90147288733007,0.38767860900248924,-460.36392261098985,liq,450.60259696764825,292.3577126851488,0.19947750640830825,-177.93946988588388,470.29718257103247,0.08741175346953801,0.5064511950858236,1.0,0.44323919532270806,True,False,False,False
Q0305,DOW,BANKNIFTY,Is BANKNIFTY's day range bigger on Fridays?,197,197,799,1.3058357252234436,1.3281593457393839,1.3003316535818412,0.02782769215754266,0.050132682830875505,-0.07043236619097333,0.12608775050605864,0.5788393612039019,0.020773553479855877,0.03017733244459886,CE+PE,195.0,195.0,-435.72314100999097,-758.7175931770967,0.9985114729759262,-919.7677014639353,T30S10H60,190.18460826384717,-147.07188351575942,0.9987671869475937,-221.86153179739284,74.78964828163343,0.061832337349492214,0.7700981289205145,1.0,0.37037861145890855,True,False,False,False
Q0341,DOW,BANKNIFTY,"Since 2006, is BANKNIFTY more often up (close > open) on Mondays?",968,968,3897,0.48078108941418296,0.503099173553719,0.4752373620733898,0.027861811480329235,0.017953143324346648,-0.007326349435390192,0.06304997239604866,0.12068177607983702,0.03311032913312828,0.022404371584699434,PE,198.0,198.0,-1093.3257620262377,-1234.7392526047174,0.9926775162487214,-460.36392261098985,T30S10H60,24.59721844605725,-126.59911733491698,0.9979148637256734,-116.41743179222978,-10.181685542687148,0.5911155131090454,0.2872315334741508,1.0,0.8756626028414198,True,False,False,False
Q0342,DOW,BANKNIFTY,"Since 2006, is BANKNIFTY more often up (close > open) on Tuesdays?",974,974,3891,0.48078108941418296,0.46406570841889117,0.48496530454895914,-0.020899596130067977,0.017877533537227056,-0.055939561863033005,0.014140369602897052,0.24238651697339808,-0.033535968645960645,-0.008255829199074638,PE,201.0,201.0,-446.0236459229123,-578.6951182004739,0.8822218352741868,-460.36392261098985,liq,215.56339244937422,77.59206697834122,0.40737506579070953,-177.93946988588388,255.5315368642251,0.22016941258196526,0.4659889819607802,1.0,0.6798491963357418,True,False,False,False
Q0343,DOW,BANKNIFTY,"Since 2006, is BANKNIFTY more often up (close > open) on Wednesdays?",974,974,3891,0.48078108941418296,0.46611909650924027,0.48445129786687224,-0.018332201357631972,0.01788153738301259,-0.05338001462833665,0.016715611913072706,0.30526752940937574,-0.020845618774055663,-0.015786278081360072,PE,198.0,198.0,-411.37374906678394,-532.0412808419715,0.8384144837551957,-460.36392261098985,T30S20H60,64.47602358731356,-61.17764311696194,0.8382472772383323,-128.92155414532564,67.74391102836374,0.13714294732490667,0.5345445437982967,1.0,0.5444155719816421,True,False,False,False
Q0344,DOW,BANKNIFTY,"Since 2006, is BANKNIFTY more often up (close > open) on Thursdays?",970,970,3895,0.48078108941418296,0.48556701030927835,0.479589216944801,0.005977793364477346,0.01793491614396523,-0.029174642277694507,0.0411302290066492,0.7389042279957759,0.01770033282130057,-0.00538052502154307,PE,201.0,201.0,76.58213464293017,-49.00587899471744,0.5355618730420948,-460.36392261098985,time,76.58213464293017,-49.00587899471744,0.5355618730420948,-460.36392261098985,411.35804361627254,0.22685535131340884,0.8624083127690702,1.0,0.6875306036436966,False,False,False,False
Q0345,DOW,BANKNIFTY,"Since 2006, is BANKNIFTY more often up (close > open) on Fridays?",957,957,3908,0.48078108941418296,0.48693834900731453,0.47927328556806553,0.007665063439248998,0.018027283792725945,-0.027668412794493856,0.04299853967299185,0.6706964491567162,0.0020717182634378273,0.013272231468743012,CE,195.0,195.0,-732.567998837202,-900.6190660644266,0.9607729899540443,-459.4037788529452,T30S10H15,34.991016877003204,-142.85229899005557,0.9992351856268233,-101.31905038325449,-41.533248606801074,0.8215698263825407,0.8279410712078124,1.0,0.9921317134375798,True,False,False,False
Q0356,EXPIRY,BANKNIFTY,Is BANKNIFTY's day range bigger on expiry day?,177,177,819,1.3058357252234436,1.366105475499805,1.2928103945776366,0.07329508092216841,0.0638979735934307,-0.05194494732095578,0.1985351091652926,0.25135506927043916,0.07401629717942382,0.0008688984337339445,CE+PE,176.0,176.0,-1249.2414144697514,-1437.6454241761612,0.9960966912801458,-919.7677014639353,T30S10H15,-41.74146847291426,-240.48049427035428,0.9999977239170825,-220.7703790988094,-19.710115171544803,0.6464473632264632,0.47404684116793344,1.0,0.904575069920722,True,False,False,False
Q0357,EXPIRY,BANKNIFTY,Does BANKNIFTY's ATM straddle lose more of its value 09:20->15:09 on expiry day?,176,176,816,-24.224613925622357,-85.87319259210066,-10.927861664225073,-74.94533092787559,0.5988387656694694,-76.11905490858774,-73.77160694716343,0.0,-71.85799528081762,-78.66675569350994,CE+PE,176.0,176.0,-839.5127811951733,-1026.5773912637403,0.9643967231318155,-862.1529035839884,liq,1202.7570889212868,1002.4910404372787,0.033260537744937,-232.60921172526471,1235.1002521625437,0.011890489565598556,0.0,1.0,0.13794082919861875,True,True,False,True
Q0358,EXPIRY,BANKNIFTY,Is BANKNIFTY's day range bigger 1 day before expiry?,176,176,820,1.3058357252234436,1.3117893385616215,1.3045578765069565,0.007231462054664961,0.07369207242176033,-0.13720499989198529,0.1516679240013152,0.9218284303162463,-0.14077143898143718,0.1379835700443781,CE+PE,175.0,175.0,-226.549995803833,-457.5239330610292,0.8410457615815621,-919.7677014639352,liq,437.6700134277344,198.29325187931252,0.34179180957362376,-401.92816953981935,600.2214214191321,0.10865493242635225,0.9639817243030031,1.0,0.4905277314282842,False,False,False,False
Q0359,EXPIRY,BANKNIFTY,Does BANKNIFTY's ATM straddle lose more of its value 09:20->15:09 1 day before expiry?,175,175,817,-24.224613925622357,-20.141089417593818,-25.09929787777045,4.958208460176632,1.3674857336749267,2.2779364221737755,7.638480498179488,0.0002880856257473306,12.073491287661874,-2.7070904886613896,CE+PE,175.0,175.0,-302.16000785827634,-532.3216955467086,0.892225599799428,-862.1529035839884,liq,86.48999328613282,-150.62427154481952,0.6324200275220571,-232.60921172526483,81.98494018044522,0.42695944663683894,0.0015614725093027586,1.0,0.8450568766484648,False,True,False,False
Q0360,EXPIRY,BANKNIFTY,Is BANKNIFTY's day range bigger 2 days before expiry?,174,174,822,1.3058357252234436,1.3009839133284558,1.306862751099025,-0.00587883777056919,0.05933389661522991,-0.12217327513641982,0.11041559959528144,0.9210742793428608,-0.06850353419949462,0.00797976550853785,CE+PE,174.0,174.0,-1167.752868498879,-1424.8971565428349,0.9999995364307198,-919.767701463935,T30S10H15,72.04168692402456,-198.96254752117005,0.9999238535431701,-220.77037909880943,21.807831577639412,0.3390279910194513,0.9639817243030031,1.0,0.8115814576723511,False,False,False,False
Q0361,EXPIRY,BANKNIFTY,Does BANKNIFTY's ATM straddle lose more of its value 09:20->15:09 2 days before expiry?,174,174,818,-24.224613925622357,-13.366401969701394,-26.534306933361044,13.16790496365965,1.275314234668785,10.668289063708832,15.667520863610468,5.419224536897104e-25,17.63112485962509,9.314557084320917,CE+PE,174.0,174.0,-994.9052043344783,-1251.7343184291233,0.9999912863066216,-862.1529035839885,T15S10H30,-10.992827141421964,-279.2197294729793,1.0,-340.4979272728852,61.27819779990591,0.015405481137715636,9.44702655756387e-24,1.0,0.16241373987103958,True,True,False,False
Q0362,EXPIRY,BANKNIFTY,Is BANKNIFTY's day range bigger 3-4 days before expiry?,303,303,693,1.3058357252234436,1.377961537428815,1.274300196943173,0.1036613404856419,0.04718800843525146,0.011172843952549041,0.19614983701873479,0.028036665877743887,0.09567495739655674,0.03349655714008293,CE+PE,301.0,301.0,-215.61049261758492,-509.2080948141488,0.9849044438418345,-919.7677014639352,T30S15H60,142.95930374500364,-161.2157513271518,0.9999765643416793,-239.1235350229012,77.90778369574942,0.024581549951845943,0.09467879314735501,1.0,0.21769017869465318,True,False,False,False
Q0363,EXPIRY,BANKNIFTY,Does BANKNIFTY's ATM straddle lose more of its value 09:20->15:09 3-4 days before expiry?,301,301,691,-24.224613925622357,-8.43757410223698,-31.10145761135173,22.66388350911475,1.3378992795778666,20.041600921142134,25.286166097087367,2.285025874035966e-64,30.19191939546217,16.383083188956512,CE+PE,301.0,301.0,-278.39536178943723,-571.8368060203678,0.992101507952013,-862.1529035839884,T30S10H30,81.40697922817496,-224.16769531910145,0.9999999856721293,-273.7637675425662,49.59607222346468,0.10976253682870922,1.4738416887531982e-62,1.0,0.4928303599358195,True,True,False,False
Q0364,EXPIRY,BANKNIFTY,Is BANKNIFTY's day range bigger 5+ days before expiry?,166,166,830,1.3058357252234436,1.1086942338081727,1.3452640235064977,-0.23656978969832498,0.044770124427603496,-0.32431923357642783,-0.14882034582022213,1.263246194679476e-07,,-0.10877562123115614,CE+PE,166.0,166.0,-671.7785134372941,-1111.7381131236382,0.9999966474195878,-919.7677014639352,T30S10H15,143.71083822595068,-317.54221270227686,0.9999999956433367,-220.7703790988094,-96.77183360346737,0.9602470627401378,8.399936036786207e-07,1.0,1.0,False,True,False,False
Q0365,EXPIRY,BANKNIFTY,Does BANKNIFTY's ATM straddle lose more of its value 09:20->15:09 5+ days before expiry?,166,166,826,-24.224613925622357,-3.1745826652251092,-28.455007617179188,25.28042495195408,1.134438534793493,23.05692542375883,27.503924480149326,5.220663920991126e-110,,26.3996392874843,CE+PE,166.0,166.0,-704.7018786510789,-1144.2197967929476,0.9999999663595835,-862.1529035839885,T30S20H60,65.66718411732869,-392.08644067563813,0.9999999997118237,-303.28627037591946,-88.80017029971863,0.9197586991457544,5.61221371506546e-108,1.0,1.0,False,True,False,False
Q0410,PRIORDAY,BANKNIFTY,"After the previous day rose more than 1%, is BANKNIFTY more often up (close > open) today?",1081,1081,3784,0.48078108941418296,0.5078630897317299,0.4730443974630021,0.0348186922687278,0.017237948289869996,0.001032313620582613,0.06860507091687298,0.04339520266191377,0.05898742157550618,-0.0033836393348072313,CE,142.0,142.0,-505.3803114377907,-647.3374130490616,0.8501720821529781,-459.4037788529453,T30S15H15,195.95072679116691,47.30998556097223,0.23783726760286455,-114.10643149888689,161.4164170598591,0.0074743193265949595,0.13442284528473275,1.0,0.10114614040787628,False,False,False,False
Q0411,PRIORDAY,BANKNIFTY,"After the previous day rose more than 1%, is BANKNIFTY's day range bigger today?",1081,1081,3784,1.9772741806439262,2.2619458911950923,1.8959501533960907,0.3659957377990015,0.05391752987677349,0.26031737924052545,0.4716740963574776,1.1364686101017653e-11,0.17157778075981822,0.3210259878695343,CE+PE,142.0,142.0,-1442.4930686708278,-1718.7988785558218,0.9999733646979031,-919.767701463935,T30S10H15,117.70601299447073,-174.4693656958915,0.9983623412392316,-220.7703790988094,46.30101340291796,0.2175796577014749,9.162778168945482e-11,1.0,0.6770631383030244,True,True,False,False
Q0412,PRIORDAY,BANKNIFTY,"After the previous day fell more than 1%, is BANKNIFTY more often up (close > open) today?",948,948,3917,0.48078108941418296,0.4694092827004219,0.4835333163135052,-0.014124033613083287,0.018070645002534677,-0.049542497818051257,0.021294430591884683,0.43444911827061916,-0.01805453606285512,-0.014933022228703574,PE,111.0,111.0,-67.31986590333887,-212.42801381468337,0.5910430525429269,-460.3639226109898,liq,337.67112113334036,187.04297683534097,0.3704497520994869,-177.93946988588394,364.982446721225,0.2593886703403729,0.6639216631319255,1.0,0.7281062537677327,True,False,False,False
Q0413,PRIORDAY,BANKNIFTY,"After the previous day fell more than 1%, is BANKNIFTY's day range bigger today?",948,948,3917,1.9772741806439262,2.768788661559563,1.7857102981042212,0.9830783634553417,0.06290603384268376,0.8597825371236816,1.1063741897870019,4.713133747089884e-55,0.8764039356741806,0.8030576537663854,CE+PE,111.0,111.0,7.804027817270777,-294.6520970573454,0.701574828220038,-919.7677014639353,liq,1202.5180844143704,887.4836446695114,0.1086291757149674,-401.9281695398193,1289.4118142093307,0.03651492389308783,2.0266475112486503e-53,1.0,0.27765556607521935,True,True,False,False
Q0414,PRIORDAY,BANKNIFTY,"After the previous day was the narrowest of 7 (NR7), is BANKNIFTY more often up (close > open) today?",782,782,4083,0.48078108941418296,0.47570332480818417,0.48175361253979915,-0.006050287731614978,0.01949780216031019,-0.04426597996582295,0.032165404502593,0.756328162227909,-0.017116339144764514,0.005034925992424777,PE,159.0,159.0,-1146.8883735620939,-1269.4192435172338,0.9939492429961263,-460.36392261098985,T25S15H60,-6.449686206361783,-137.2184552554229,0.9944073205644234,-146.89259230762252,9.674137052199615,0.4290267329530762,0.8689301535580953,1.0,0.8450568766484648,False,False,False,False
Q0415,PRIORDAY,BANKNIFTY,"After the previous day was the narrowest of 7 (NR7), is BANKNIFTY's day range bigger today?",782,782,4083,1.9772741806439262,1.797666075850844,2.0116737735776002,-0.2140076977267562,0.04775696620527461,-0.30761135148909446,-0.12040404396441798,7.423048034684403e-06,-0.2562963753900198,-0.1869849276678246,CE+PE,159.0,159.0,-946.8709844992783,-1207.9472258329845,0.9992819384403387,-919.767701463935,liq,185.5220972217104,-84.92291894931424,0.5846616507482006,-401.9281695398194,317.0052505905052,0.21237397268836242,4.4746411050200376e-05,1.0,0.6702131615080222,True,True,False,False
Q0416,PRIORDAY,BANKNIFTY,"After the previous day was an inside day, is BANKNIFTY more often up (close > open) today?",481,481,4384,0.48078108941418296,0.49272349272349275,0.479470802919708,0.013252689803784745,0.02401433726186257,-0.033815411229465894,0.060320790837035385,0.5810403482403242,0.03507715229951103,-0.00605795835153633,PE,102.0,102.0,19.455855131587562,-118.80264792679196,0.5666503602659875,-460.3639226109898,time,19.455855131587562,-118.80264792679196,0.5666503602659875,-460.3639226109898,341.56127468419805,0.31469654500682487,0.7711337955041341,1.0,0.7877127503220241,False,False,False,False
Q0417,PRIORDAY,BANKNIFTY,"After the previous day was an inside day, is BANKNIFTY's day range bigger today?",481,481,4384,1.9772741806439262,1.8933814980559764,1.9864786469588904,-0.09309714890291398,0.06355659615778761,-0.2176680773721777,0.031473779566349724,0.14297786711208058,-0.22781909820675983,0.0762384465930448,CE+PE,102.0,102.0,-1146.8333247135959,-1431.0874166861702,0.9974045226632509,-919.7677014639352,T25S10H60,19.833313437069165,-279.2599919668945,0.9999948356557308,-250.43451297480252,-28.825478992092112,0.6755253983030864,0.32586828370067833,1.0,0.919543507609394,False,False,False,False
Q0418,PRIORDAY,BANKNIFTY,"After the previous day's range was 1.5x its 20-day average, is BANKNIFTY more often up (close > open) today?",641,641,4224,0.48078108941418296,0.4914196567862715,0.4791666666666667,0.01225299011960479,0.021191411137852268,-0.029282175710585653,0.05378815594979523,0.5631253971933038,0.024426902377546134,-0.0017757636014705258,PE,127.0,127.0,-585.312988140921,-722.673680672328,0.8288871612468296,-460.3639226109898,liq,93.31495390163631,-50.47375796560009,0.5425988745999494,-177.9394698858839,127.46571192028377,0.3935131832680574,0.764236808794964,1.0,0.8450568766484648,False,False,False,False
Q0419,PRIORDAY,BANKNIFTY,"After the previous day's range was 1.5x its 20-day average, is BANKNIFTY's day range bigger today?",641,641,4224,1.9772741806439262,2.5106817968511055,1.8963285646427896,0.6143532322083158,0.08583133239846323,0.4461238207073279,0.7825826437093037,8.205366839952901e-13,0.6453610220831432,0.5294718666225515,CE+PE,127.0,127.0,-685.1043464337278,-972.659830269526,0.9736893524631065,-919.7677014639353,liq,230.20080506332278,-68.66967707331513,0.5470741461958073,-401.9281695398193,333.2584924665044,0.28298913991299524,7.056615482359496e-12,1.0,0.7553103008165724,True,True,False,False
Q0420,PRIORDAY,BANKNIFTY,"After 3+ up days in a row, is BANKNIFTY more often up (close > open) today?",797,797,4068,0.48078108941418296,0.49435382685069007,0.4781219272369715,0.01623189961371857,0.01936623290599913,-0.021725916882039724,0.054189716109476864,0.40194381110231026,0.0236002861553522,0.009473716140382782,CE,168.0,168.0,784.8853802805146,639.5267472819718,0.11676837998540149,-459.4037788529453,liq,790.7604312896729,643.2218177830993,0.05874754962243672,-223.98869965393558,867.2105174370348,0.01740834618077891,0.6284939591781579,1.0,0.17584443309303008,True,False,False,False
Q0421,PRIORDAY,BANKNIFTY,"After 3+ up days in a row, is BANKNIFTY's day range bigger today?",797,797,4068,1.9772741806439262,1.7599757513064789,2.0198471521734116,-0.2598714008669327,0.049983710247947746,-0.3578394729529103,-0.16190332878095515,2.0023222123563075e-07,-0.3220109490884129,-0.17725520576191856,CE+PE,168.0,168.0,-715.9479904050628,-988.9298587239542,0.9956894042648009,-919.7677014639353,liq,413.48955790201825,130.82681202267526,0.388144619311167,-401.9281695398195,532.7549815624949,0.1236049358734424,1.3246131558664804e-06,1.0,0.5211464000813812,True,True,False,False
Q0422,PRIORDAY,BANKNIFTY,"After 3+ down days in a row, is BANKNIFTY more often up (close > open) today?",580,580,4285,0.48078108941418296,0.46551724137931033,0.4828471411901984,-0.01732989981088806,0.022076207759197643,-0.06059926701891544,0.025939467397139315,0.43245153102970313,-0.03925040689613596,0.006421534283069963,PE,116.0,116.0,442.81033006978447,305.5349624474951,0.35045106712677854,-460.36392261098985,liq,683.3447755616287,541.9589458706715,0.1668134641240705,-177.93946988588388,719.8984157565552,0.09952349555584267,0.6639216631319255,1.0,0.4706783899410649,False,False,False,False
Q0423,PRIORDAY,BANKNIFTY,"After 3+ down days in a row, is BANKNIFTY's day range bigger today?",580,580,4285,1.9772741806439262,2.375689182654444,1.9233463624021294,0.45234282025231454,0.07370714323037039,0.3078768195207886,0.5968088209838405,8.407943881275744e-10,0.5453123184629014,0.26030120091619,CE+PE,116.0,116.0,-764.7198410473507,-1045.5080088294378,0.986587743237743,-919.7677014639353,liq,285.3404956028379,-6.366060208286148,0.5039427039083751,-401.92816953981935,395.5621093315334,0.26957648699586423,6.2695072871940515e-09,1.0,0.739550229447321,True,True,False,False
Q0476,FIRSTHOUR,BANKNIFTY,"When BANKNIFTY's first-hour range is narrow (<0.6x its 20-day average), is the move 10:15->15:09 bigger?",124,124,872,0.501620051133106,0.4372494836007395,0.5107736639473417,-0.07352418034660219,0.043162083508375734,-0.15812186402301864,0.011073503329814258,0.08848506071797148,-0.11109735720301117,-0.052903778559645176,CE+PE,124.0,124.0,-335.3366317660097,-581.335997903902,0.9502945426086471,-721.885216346233,T20S20H15,-45.245938454904866,-297.18572773662345,1.0,-350.06319371894034,52.87746598231687,0.06030376666990756,0.22989005965741097,1.0,0.3648369743175337,True,False,False,False
Q0477,FIRSTHOUR,BANKNIFTY,"When BANKNIFTY's first-hour range is narrow (<0.6x its 20-day average), how often is it a trend day (close-open >= 70% of range)?",124,124,872,0.22389558232931728,0.18548387096774194,0.22935779816513763,-0.04387392719739569,0.03771618080605483,-0.11779764157726315,0.03004978718247177,0.24472184947613274,-0.04858561865687755,-0.03689201302071049,,,,,,,,,,,,,,,0.46733192900912385,,,True,False,False,False
Q0478,FIRSTHOUR,BANKNIFTY,"When BANKNIFTY's first-hour range is wide (>1.5x average), is the move 10:15->15:09 bigger?",116,116,880,0.501620051133106,0.6577981422687399,0.48103293911977246,0.17676520314896743,0.07290117019378776,0.03387890956914341,0.31965149672879145,0.015320036914678863,0.06481279834350706,0.30687103337711763,CE+PE,116.0,116.0,56.85980368148664,-219.17418293967572,0.6670100877894487,-721.8852163462332,liq,267.659429352859,-13.952234734468554,0.5105409385558636,-435.18021436571775,421.2279796312492,0.21249372699999983,0.05917020245489741,1.0,0.670348134202482,True,False,False,False
Q0479,FIRSTHOUR,BANKNIFTY,"When BANKNIFTY's first-hour range is wide (>1.5x average), how often is it a trend day (close-open >= 70% of range)?",116,116,880,0.22389558232931728,0.31896551724137934,0.21136363636363636,0.10760188087774297,0.0454327434584954,0.018553703699091997,0.19665005805639396,0.01786630274276835,0.08248974008207935,0.14305555555555557,,,,,,,,,,,,,,,0.06719396658358942,,,True,False,False,False
Q0480,FIRSTHOUR,BANKNIFTY,"When BANKNIFTY breaks above its first-hour high (first close after 10:15), how often does it close (15:09) beyond that level?",528,528,0,0.5018939393939394,0.5018939393939394,0.5,0.0018939393939394478,0.02178018584043694,-0.04079522485331695,0.044583103641195845,0.9307056998662154,0.018939393939393923,-0.015151515151515138,CE,528.0,528.0,-329.78884068035495,-471.29321947449677,0.9699229920606499,-307.29645406697466,liq,124.99572103673762,-19.84181037663354,0.5530919705271706,-179.9978155371779,160.15600516054434,0.14042440680625795,0.9682341555059822,1.0,0.5515339755648426,False,False,False,False
Q0481,FIRSTHOUR,BANKNIFTY,"When BANKNIFTY breaks above its first-hour high (first close after 10:15), how far does it run in the next 30 minutes (in the break direction, %)?",528,528,0,0.003282240394389991,0.003282240394389991,0.0,0.003282240394389991,0.010010027040235825,-0.016337412604472225,0.022901893393252208,0.7429908596180979,-0.004887422828963308,0.01145190361774329,CE,528.0,528.0,-7.129298231818459,-149.92946984655924,0.9385136214012647,-194.125535244389,liq,124.99572103673762,-19.84181037663354,0.5530919705271706,-179.9978155371779,160.15600516054434,0.14042440680625795,0.8624083127690702,1.0,0.5515339755648426,False,False,False,False
Q0482,FIRSTHOUR,BANKNIFTY,"When BANKNIFTY breaks above its first-hour high (first close after 10:15) BEFORE 11:15, does it follow through to 15:09 more than a later break?",287,287,241,-0.010391527956182306,-0.03371813986774937,0.01738746631194942,-0.05110560617969878,0.05424100476329276,-0.1574179755157526,0.05520676315635502,0.3460927878931792,-0.08388503215099895,-0.02684042579428083,CE,287.0,287.0,-649.6463707162113,-792.1144139355887,0.9839104795812545,-362.5830327560566,T30S10H15,43.21341816971942,-107.10599613581643,0.9982442999315692,-166.47880119958333,59.3728050637669,0.05322514544672348,0.5714364008909611,1.0,0.3411998100045941,True,False,False,False
Q0483,FIRSTHOUR,BANKNIFTY,"When BANKNIFTY breaks below its first-hour low (first close after 10:15), how often does it close (15:09) beyond that level?",524,524,0,0.5095419847328244,0.5095419847328244,0.5,0.009541984732824416,0.021859491794309075,-0.03330261918402137,0.052386588649670204,0.6624634944345188,0.03816793893129766,-0.01908396946564883,PE,524.0,524.0,-125.9666223528276,-258.8412749600004,0.8415775397618843,-351.5147242949012,T30S10H60,11.708966611905863,-126.48302899719347,0.9999984710473035,-149.8073151833465,23.324286186153046,0.19436346111064745,0.82300845159524,1.0,0.6389861507493692,False,False,False,False
Q0484,FIRSTHOUR,BANKNIFTY,"When BANKNIFTY breaks below its first-hour low (first close after 10:15), how far does it run in the next 30 minutes (in the break direction, %)?",524,524,0,0.005883729184856852,0.005883729184856852,0.0,0.005883729184856852,0.010743914027659405,-0.01517434230935558,0.026941800679069285,0.5839434579623904,0.007188820656929307,0.004578637712784396,PE,524.0,524.0,-20.018142466326708,-153.3182173896528,0.920951711919678,-119.00443453862393,T30S10H60,11.708966611905863,-126.48302899719347,0.9999984710473035,-149.8073151833465,23.324286186153046,0.19436346111064745,0.7726622863276426,1.0,0.6389861507493692,True,False,False,False
Q0485,FIRSTHOUR,BANKNIFTY,"When BANKNIFTY breaks below its first-hour low (first close after 10:15) BEFORE 11:15, does it follow through to 15:09 more than a later break?",321,321,203,0.02928024712409682,0.03651064875712647,0.017846951930980966,0.018663696826145507,0.055598063813477136,-0.09030850824826968,0.12763590190056068,0.7371048810483265,-0.05748386628004313,0.10370711002813277,PE,321.0,321.0,-61.32630778435978,-195.2288877704847,0.7001429545170781,-348.1853689187493,T30S10H60,-8.34657354146892,-147.3040658766841,0.9999925494903208,-148.95890439098469,1.6548385143005844,0.4805614574502531,0.8624083127690702,1.0,0.8450568766484648,False,False,False,False
Q0524,TREND,BANKNIFTY,"If at 11:15 BANKNIFTY is up more than 0.5% and near its high (top 20% of the range), how often does it rise further to 15:09?",127,127,869,0.5030120481927711,0.5118110236220472,0.5017261219792866,0.010084901642760657,0.04751163540328916,-0.0830379037476861,0.10320770703320742,0.8319028548104852,0.006408410138248888,0.01368363437328951,CE,127.0,127.0,314.9587086089483,166.70640582738838,0.3857365458052463,-255.14537619669176,time,314.9587086089483,166.70640582738838,0.3857365458052463,-255.14537619669176,421.85178202407997,0.23117515734554311,0.9148803774130655,1.0,0.6927667035497448,True,False,False,False
Q0525,TREND,BANKNIFTY,"If at 11:15 BANKNIFTY is down more than 0.5% and near its low (bottom 20%), how often does it fall further to 15:09?",114,114,882,0.49698795180722893,0.5350877192982456,0.49206349206349204,0.043024227234753576,0.0496793332956711,-0.05434726602476177,0.1403957204942689,0.38646891727533067,0.11419139438046289,-0.036167055331778664,PE,114.0,114.0,165.57453589742644,28.131785903320562,0.48253038800659864,-378.2931864004997,time,165.57453589742644,28.131785903320562,0.48253038800659864,-378.2931864004997,406.4249723038202,0.26341848552845976,0.6126094431315916,1.0,0.7328589250059647,False,False,False,False
Q0526,TREND,BANKNIFTY,"If at 11:15 BANKNIFTY is up more than 1.0% and near its high (top 20% of the range), how often does it rise further to 15:09?",41,41,955,0.5030120481927711,0.5609756097560976,0.5005235602094241,0.06045204954667349,0.079214628794906,-0.09480862289134226,0.21571272198468924,0.44537841853522037,0.11380652890086851,0.004184100418410053,CE,41.0,41.0,-283.1584438172782,-434.39401088122287,0.6692963474083012,-255.14537619669176,T30S15H15,-25.609730045969894,-183.4649578010761,0.9403605453641873,-183.8788477370885,0.4138899360123937,0.4985979784863621,0.6714303215612831,1.0,0.8450568766484648,True,False,False,False
Q0527,TREND,BANKNIFTY,"If at 11:15 BANKNIFTY is down more than 1.0% and near its low (bottom 20%), how often does it fall further to 15:09?",38,38,958,0.49698795180722893,0.5,0.4968684759916493,0.0031315240083507057,0.08274522182513168,-0.15904911076890738,0.1653121587856088,0.9698109656806074,0.22355387061269416,-0.17819706498951787,PE,38.0,38.0,-386.47368719703275,-539.5994808163472,0.6965732873128962,-378.29318640049985,T15S10H15,-28.32235436690481,-187.7635250002439,0.9964472473866828,-127.06472202808499,-60.698802972158916,0.8079055749835579,0.9920134636578409,1.0,0.9863179701247994,False,False,False,False
Q0528,TREND,BANKNIFTY,"If at 12:30 BANKNIFTY is up more than 0.5% and near its high (top 20% of the range), how often does it rise further to 15:09?",135,135,861,0.5050200803212851,0.5111111111111111,0.5040650406504065,0.007046070460704601,0.04629719483606223,-0.08369643141797738,0.09778857233938658,0.8790353709309195,0.030404378230465268,-0.017466329966329908,CE,135.0,135.0,169.4778157969316,23.37212244534715,0.4793053469855515,-211.77181848843708,liq,239.93149255823207,91.92230534024122,0.36314743070060357,-93.26590052666893,185.1882058669102,0.24033246825339774,0.9426497944612879,1.0,0.7042204622760261,False,False,False,False
Q0529,TREND,BANKNIFTY,"If at 12:30 BANKNIFTY is down more than 0.5% and near its low (bottom 20%), how often does it fall further to 15:09?",137,137,859,0.49497991967871485,0.5620437956204379,0.4842840512223516,0.07775974439808636,0.04571177073045237,-0.011835326233600285,0.167354815029773,0.08892646493724657,0.10131578947368419,0.04952858336316984,PE,137.0,137.0,-95.26639728976862,-222.76372236450294,0.670249569463147,-474.58519329508863,T15S20H15,39.636857805460906,-90.7741510742456,0.961752156253374,-182.6026597940911,91.82850871984552,0.03656919679238011,0.22989005965741097,1.0,0.27783758369753125,True,False,False,False
Q0530,TREND,BANKNIFTY,"If at 12:30 BANKNIFTY is up more than 1.0% and near its high (top 20% of the range), how often does it rise further to 15:09?",58,58,938,0.5050200803212851,0.603448275862069,0.4989339019189765,0.10451437394309243,0.06630816810207356,-0.025449635536971743,0.2344783834231566,0.11498166641911253,0.08945815450643779,0.12174054758800523,CE,58.0,58.0,824.0388419196523,669.5067998324548,0.16359922101626118,-211.77181848843708,time,824.0388419196523,669.5067998324548,0.16359922101626118,-211.77181848843708,881.278618320892,0.09858011422236307,0.2769858835259384,1.0,0.4685053854452205,True,False,False,False
Q0531,TREND,BANKNIFTY,"If at 12:30 BANKNIFTY is down more than 1.0% and near its low (bottom 20%), how often does it fall further to 15:09?",50,50,946,0.49497991967871485,0.5,0.49471458773784355,0.0052854122621564525,0.07259154067416627,-0.13699400745920945,0.14756483198352235,0.9419570700243316,0.08632218844984801,-0.09511077158135978,CE,50.0,50.0,-360.71008412241935,-503.9219003971913,0.748111413830123,-211.7718184884371,T15S15H15,-98.4200309753418,-246.37043550408464,0.9997036224565712,-138.84132151901923,-107.52911398506541,0.9330859928772555,0.9760037111095485,1.0,1.0,False,False,False,False
Q0570,STREAK,BANKNIFTY,"After 3+ green 5-minute candles in a row at 09:20-11:00, is BANKNIFTY up over the next 15 minutes more often?",1923,744,17997,0.49864457831325304,0.4908996359854394,0.4994721342445963,-0.008572498259156902,0.014138800482670803,-0.03628454720519167,0.01913955068687787,0.5443088190061901,0.007913947130924748,-0.02465585448812463,CE,1919.0,743.0,47.43422666771329,-99.31363380623584,0.9758691507982096,-168.35894458335545,time,47.43422666771329,-99.31363380623584,0.9758691507982096,-168.35894458335545,69.04531077711961,0.08509709334516546,0.7461831843974339,1.0,0.4378367644363269,False,False,False,False
Q0571,STREAK,BANKNIFTY,"After 3+ red 5-minute candles in a row at 09:20-11:00, is BANKNIFTY up over the next 15 minutes more often?",2007,763,17913,0.49864457831325304,0.5042351768809168,0.4980181990732987,0.006216977807618096,0.013805648247907512,-0.02084209275828063,0.03327604837351682,0.6524787648792971,0.021708907657333576,-0.008989252878152443,PE,2007.0,763.0,99.36808688283026,-35.91709601119641,0.7457393719543264,-132.14912027986588,liq,137.31874883145198,0.038123429204633644,0.4998986469959053,-161.55250791601455,161.5906313452192,0.14085751579965736,0.817182142421644,1.0,0.552172372471925,False,False,False,False
Q0572,STREAK,BANKNIFTY,"After 5+ green 5-minute candles in a row at 09:20-11:00, is BANKNIFTY up over the next 15 minutes more often?",385,198,19535,0.49864457831325304,0.5012987012987012,0.49859227028410547,0.002706431014595778,0.030405045897026257,-0.056887458943575685,0.06230032097276724,0.9290719272001596,0.05903203817314251,-0.047007788376192294,CE,385.0,198.0,146.4863877729936,-2.3509008911078455,0.5088008899837314,-176.2359895129915,time,146.4863877729936,-2.3509008911078455,0.5088008899837314,-176.2359895129915,173.88508862188365,0.051471628657268564,0.9673145973270427,1.0,0.3354808215835084,False,False,False,False
Q0573,STREAK,BANKNIFTY,"After 5+ red 5-minute candles in a row at 09:20-11:00, is BANKNIFTY up over the next 15 minutes more often?",393,209,19527,0.49864457831325304,0.4910941475826972,0.4987965381266964,-0.0077023905439991824,0.032734553249157895,-0.07186211491234866,0.056457333824350295,0.8139770766666949,0.0657938757171494,-0.07334590143244785,PE,393.0,209.0,84.32064764978928,-52.93186417746726,0.660458090724941,-124.98268065109573,liq,252.89057899067421,112.89919596646247,0.3792166532281938,-156.67906122618024,269.57825719264264,0.2313973383281871,0.9027703245506913,1.0,0.6930302241792278,False,False,False,False
Q0574,STREAK,BANKNIFTY,"After 3+ green 5-minute candles in a row at 11:00-13:00, is BANKNIFTY up over the next 15 minutes more often?",2489,826,21415,0.5050619143239625,0.47850542386500605,0.5081484940462293,-0.029643070181223252,0.012260669826340637,-0.0536739830408509,-0.005612157321595604,0.015617377218613981,-0.010797753723009784,-0.04866581040976381,PE,2489.0,826.0,-2.8630051051531034,-134.24616134927476,0.9999948743450152,-133.98517760535935,T25S10H15,17.5555468199482,-117.90651335183286,1.0,-149.65625859288627,31.74974524105343,0.0030757628673589374,0.05995957325003582,1.0,0.05347295365611305,True,False,False,False
Q0575,STREAK,BANKNIFTY,"After 3+ red 5-minute candles in a row at 11:00-13:00, is BANKNIFTY up over the next 15 minutes more often?",2497,818,21407,0.5050619143239625,0.5558670404485383,0.49913579670201336,0.05673124374652494,0.01173568909093827,0.03372929312828593,0.07973319436476395,1.337637167077753e-06,0.051371414509072566,0.06216829217761366,CE,2497.0,818.0,6.604012392691054,-139.007181102876,0.9999941453142647,-156.65254694253582,time,6.604012392691054,-139.007181102876,0.9999941453142647,-156.65254694253582,17.64536583965983,0.2892048276590699,8.333111595018186e-06,1.0,0.762492671360664,True,True,False,False
Q0576,STREAK,BANKNIFTY,"After 5+ green 5-minute candles in a row at 11:00-13:00, is BANKNIFTY up over the next 15 minutes more often?",500,269,23404,0.5050619143239625,0.466,0.5058964279610323,-0.039896427961032266,0.026873651555010925,-0.09256878500885368,0.012775929086789144,0.13765174014599488,-0.017833256241327144,-0.06127300850942963,PE,500.0,269.0,33.298950119018556,-104.37728212679274,0.9354414921736278,-134.43209594652814,liq,71.20398376464844,-67.81235899120493,0.6555779666327484,-201.64797819264484,133.8356192014399,0.21430186910841217,0.3176578618753728,1.0,0.6722862072442252,True,False,False,False
Q0577,STREAK,BANKNIFTY,"After 5+ red 5-minute candles in a row at 11:00-13:00, is BANKNIFTY up over the next 15 minutes more often?",490,273,23414,0.5050619143239625,0.5755102040816327,0.5035875971640899,0.07192260691754282,0.02637041427905806,0.020236594930589026,0.12360861890449662,0.006383605081895191,0.052273162065001655,0.093537254896216,CE,490.0,273.0,67.89283316476005,-77.76236909003741,0.8730280173338528,-157.68742101118866,time,67.89283316476005,-77.76236909003741,0.8730280173338528,-157.68742101118866,79.9250519211513,0.12089945207992586,0.026999510018507526,1.0,0.5153994446091297,True,True,False,False
Q0578,STREAK,BANKNIFTY,"After 3+ green 5-minute candles in a row at 13:00-14:55, is BANKNIFTY up over the next 15 minutes more often?",2596,856,21308,0.5073209504685409,0.4707241910631741,0.5117796132907828,-0.04105542222760872,0.012173928984282245,-0.06491632303680192,-0.01719452141841552,0.00074514715421364,-0.011443078960924224,-0.06998785072437191,PE,2596.0,856.0,-35.5622017824411,-164.75515264654018,0.9999992684513889,-150.80346888103116,T20S10H15,15.151385504218574,-118.01907749190732,1.0,-143.84138525787296,25.82230776596563,0.005310493259575761,0.0037695679566101792,1.0,0.07909970829714585,True,True,False,False
Q0579,STREAK,BANKNIFTY,"After 3+ red 5-minute candles in a row at 13:00-14:55, is BANKNIFTY up over the next 15 minutes more often?",2392,831,21512,0.5073209504685409,0.5451505016722408,0.5031145407214578,0.04203596095078299,0.012726232019098118,0.01709254619335068,0.0669793757082153,0.0009562378303729562,0.048291864950963714,0.036325274959429055,CE,2392.0,831.0,-3.012754317360578,-147.43405176203657,0.9998622293517363,-153.3450103691119,T25S10H30,30.64329242227867,-118.85789658681628,1.0,-155.37231420045248,36.5144176136362,0.002492279917546519,0.0047627289620892415,1.0,0.04632561703165766,True,True,False,False
Q0580,STREAK,BANKNIFTY,"After 5+ green 5-minute candles in a row at 13:00-14:55, is BANKNIFTY up over the next 15 minutes more often?",531,273,23373,0.5073209504685409,0.455743879472693,0.5084927052582039,-0.05274882578551088,0.025572272383672958,-0.10287047965750987,-0.002627171913511882,0.0391377958776517,-0.012846865364851023,-0.0963032250602216,CE,531.0,273.0,20.68692949083116,-117.63180385787827,0.9098110249066054,-157.81650336192743,time,20.68692949083116,-117.63180385787827,0.9098110249066054,-157.81650336192743,40.18469950404918,0.324123211294021,0.12455505951347264,1.0,0.7966832704356185,True,False,False,False
Q0581,STREAK,BANKNIFTY,"After 5+ red 5-minute candles in a row at 13:00-14:55, is BANKNIFTY up over the next 15 minutes more often?",452,243,23452,0.5073209504685409,0.5420353982300885,0.5066518847006651,0.03538351352942337,0.02954606214189879,-0.022526768268698254,0.093293795327545,0.23108398791859525,0.04070710290259649,0.030695539725481558,CE,452.0,243.0,-3.4341972486107752,-153.24261410843073,0.9334540232667212,-154.26237809327725,liq,40.58678264111544,-110.62719214063368,0.8326290806729991,-160.4325886414682,49.80539650083448,0.3326373963724528,0.45449207604958003,1.0,0.8056116572054353,True,False,False,False
Q0582,STREAK,BANKNIFTY,"After 3+ green 15-minute candles in a row, is BANKNIFTY up over the next 30 minutes more often?",7056,952,60672,0.5060240963855421,0.4872448979591837,0.5082080696202531,-0.020963171661069424,0.008778310802001076,-0.03816866083299153,-0.0037576824891473147,0.016937372781307008,-0.010791107083731044,-0.03132414372645287,CE,7056.0,952.0,-17.740831114943067,-159.61212223265443,0.9999491909998207,-173.68394377329594,liq,39.118058359812174,-104.2793353627095,0.9161510157080439,-157.59518733427075,53.31585197156125,0.24038338931803951,0.06426238496437071,1.0,0.7043233307018558,True,False,False,False
Q0583,STREAK,BANKNIFTY,"After 3+ red 15-minute candles in a row, is BANKNIFTY up over the next 30 minutes more often?",6723,943,61005,0.5060240963855421,0.5265506470325747,0.5037619867223998,0.022788660310174902,0.0094100978608805,0.004344868502849122,0.04123245211750068,0.015447075476223971,0.013005854321401333,0.03269333533484475,PE,6723.0,943.0,-25.818420524897185,-158.04943023712585,0.9998937493425369,-149.3140232664066,time,-25.818420524897185,-158.04943023712585,0.9998937493425369,-149.3140232664066,-8.735406970719236,0.581036707375461,0.05948276825172812,1.0,0.8712811717061795,True,False,False,False
Q0642,MOMREV,BANKNIFTY,"After a big rise (>1.5 sd) of BANKNIFTY over the last 5 minutes, is the next 15 minutes up more often (momentum vs reversal)?",3900,913,63828,0.5039717694306638,0.4641025641025641,0.5064078460863571,-0.04230528198379302,0.008365228229743917,-0.0587011293140911,-0.02590943465349494,4.252837780559751e-07,-0.056192467550709,-0.028254559328737605,PE,3899.0,913.0,92.94658374957594,-41.14941768449518,0.8805442300863298,-145.73375281041632,time,92.94658374957594,-41.14941768449518,0.8805442300863298,-145.73375281041632,104.58433512592117,0.0013751807622785443,2.715921156892118e-06,1.0,0.028861946479188147,True,True,False,False
Q0643,MOMREV,BANKNIFTY,"After a big fall (<-1.5 sd) of BANKNIFTY over the last 5 minutes, is the next 15 minutes up more often (momentum vs reversal)?",4018,898,63710,0.5039717694306638,0.5228969636635142,0.502778213781196,0.02011874988231821,0.008050907604121527,0.004338970978240018,0.035898528786396405,0.012456475157934946,0.02686867483356692,0.01265691653307155,CE,4015.0,898.0,-49.72221487396829,-196.77037825471035,0.9999999816276327,-164.0714446724177,T20S10H15,18.884310165348268,-133.17622182980378,1.0,-162.3631670449169,29.186945215113145,0.00035058505310540353,0.049290959980785524,1.0,0.009293842812560864,True,True,False,False
Q0644,MOMREV,BANKNIFTY,"After a big rise (>1.5 sd) of BANKNIFTY over the last 5 minutes, is the next 60 minutes up more often (momentum vs reversal)?",3900,913,63828,0.5045918969997638,0.47307692307692306,0.5065175158237764,-0.03344059274685329,0.009319902604686176,-0.051707601852038196,-0.01517358364166839,0.00033311706814044025,-0.05174201456946037,-0.01487308220355299,PE,3899.0,913.0,146.9403100206351,12.627476882510662,0.4361948759200563,-158.45257581426782,time,146.9403100206351,12.627476882510662,0.4361948759200563,-158.45257581426782,171.08005269677847,0.014818222089790818,0.0017792500950188515,1.0,0.15878697676968812,True,True,False,False
Q0645,MOMREV,BANKNIFTY,"After a big fall (<-1.5 sd) of BANKNIFTY over the last 5 minutes, is the next 60 minutes up more often (momentum vs reversal)?",4018,898,63710,0.5045918969997638,0.49825783972125437,0.5049913671323183,-0.006733527411063922,0.009582349116925001,-0.025514931680236923,0.01204787685810908,0.48224203252313413,-0.010011410682318866,-0.0030726992205450943,PE,4015.0,898.0,106.52466492731574,-28.065168939675612,0.6194430905501876,-162.4376285118974,time,106.52466492731574,-28.065168939675612,0.6194430905501876,-162.4376285118974,134.37245957222174,0.07284241996480859,0.7005543040032016,1.0,0.40536174129110525,True,False,False,False
Q0646,MOMREV,BANKNIFTY,"After a big rise (>1.5 sd) of BANKNIFTY over the last 15 minutes, is the next 15 minutes up more often (momentum vs reversal)?",3954,826,63774,0.5039717694306638,0.4969650986342944,0.5044061843384451,-0.007441085704150696,0.009736284691728391,-0.026524203699938343,0.01164203229163695,0.4447103122412647,0.0031797608900693275,-0.017440908960773438,CE,3953.0,826.0,32.26631367535281,-113.82228094835261,0.9938448787379955,-163.04505299179462,liq,68.23140146036917,-79.99237330759387,0.7645442750027942,-190.69813181825702,110.70575851066319,0.1591209570767575,0.6714303215612831,1.0,0.5861425292445627,False,False,False,False
Q0647,MOMREV,BANKNIFTY,"After a big fall (<-1.5 sd) of BANKNIFTY over the last 15 minutes, is the next 15 minutes up more often (momentum vs reversal)?",4125,804,63603,0.5039717694306638,0.5197575757575758,0.5029479741521626,0.016809601605413116,0.00904799766597155,-0.0009244738198911223,0.034543677030717354,0.06319378584819163,0.02212397703464475,0.011328364737695273,CE,4122.0,804.0,-75.97046039120079,-224.88138168418095,0.999999965303507,-161.16656359092698,T25S10H15,0.9730701779694536,-153.54977427730503,1.0,-159.2255963832955,5.675822105990479,0.2769544437041217,0.17799123088246116,1.0,0.7480231473391817,True,False,False,False
Q0648,MOMREV,BANKNIFTY,"After a big rise (>1.5 sd) of BANKNIFTY over the last 15 minutes, is the next 60 minutes up more often (momentum vs reversal)?",3954,826,63774,0.5045918969997638,0.5085988872028325,0.5043434628532003,0.00425542434963222,0.011702935031353652,-0.01868232831182094,0.027193177011085378,0.7161415911813109,0.0076705388117844775,0.0009453415514432129,CE,3953.0,826.0,-21.828744195546797,-167.7001219627653,0.9540784628016279,-218.59900146518657,liq,68.23140146036917,-79.99237330759387,0.7645442750027942,-190.69813181825702,110.70575851066319,0.1591209570767575,0.8542362932087223,1.0,0.5861425292445627,True,False,False,False
Q0649,MOMREV,BANKNIFTY,"After a big fall (<-1.5 sd) of BANKNIFTY over the last 15 minutes, is the next 60 minutes up more often (momentum vs reversal)?",4125,804,63603,0.5045918969997638,0.49406060606060603,0.5052749084162697,-0.011214302355663619,0.011012509958146642,-0.032798821873631034,0.0103702171623038,0.3085240425029119,-0.004160951372249422,-0.01840181359710097,PE,4122.0,804.0,36.36026229306311,-99.49159116013344,0.8455162128439477,-159.7949298539794,time,36.36026229306311,-99.49159116013344,0.8455162128439477,-159.7949298539794,60.303338693845994,0.2688981487848858,0.5359972502623245,1.0,0.7390921578495032,True,False,False,False
Q0650,MOMREV,BANKNIFTY,"After a big rise (>1.5 sd) of BANKNIFTY over the last 30 minutes, is the next 15 minutes up more often (momentum vs reversal)?",4207,710,63521,0.5039717694306638,0.49655336344188256,0.5044630909463013,-0.007909727504418707,0.009742157162254805,-0.027004355542438123,0.01118490053360071,0.41684488503238537,-0.00226135556566065,-0.013061474134610895,CE,4207.0,710.0,81.2595683921395,-64.65948496827843,0.9306575980725834,-162.82342332962426,time,81.2595683921395,-64.65948496827843,0.9306575980725834,-162.82342332962426,98.16393836134581,0.012299056952562266,0.6455340956683999,1.0,0.1402173421063124,True,False,False,False
Q0651,MOMREV,BANKNIFTY,"After a big fall (<-1.5 sd) of BANKNIFTY over the last 30 minutes, is the next 15 minutes up more often (momentum vs reversal)?",4504,678,63224,0.5039717694306638,0.4984458259325044,0.5043654308490446,-0.0059196049165402,0.009261792530317857,-0.0240727182759632,0.0122335084428828,0.5227302562785578,0.0009277780477336961,-0.012745478830547219,PE,4500.0,678.0,27.841338697274526,-108.21639497664886,0.9944495994131097,-140.74167354863175,liq,35.6863840230306,-102.5518545157121,0.8018621006947868,-180.61503683990438,78.06318232419231,0.2592954007573413,0.7299527306638063,1.0,0.7280235990984557,False,False,False,False
Q0652,MOMREV,BANKNIFTY,"After a big rise (>1.5 sd) of BANKNIFTY over the last 30 minutes, is the next 60 minutes up more often (momentum vs reversal)?",4207,710,63521,0.5045918969997638,0.5229379605419539,0.5033768360069898,0.01956112453496406,0.013546054138978973,-0.006989141577434726,0.046111390647362846,0.1487260520892149,0.013681305042116287,0.024964594023993092,CE,4207.0,710.0,11.896827281909854,-133.74368185182757,0.8961478740396678,-220.64026674257073,liq,65.16763369771287,-82.6313378404907,0.7834980879265545,-190.2043952187862,107.57305737829546,0.1534252503771979,0.33535663261171544,1.0,0.5756252804989779,True,False,False,False
Q0653,MOMREV,BANKNIFTY,"After a big fall (<-1.5 sd) of BANKNIFTY over the last 30 minutes, is the next 60 minutes up more often (momentum vs reversal)?",4504,678,63224,0.5045918969997638,0.4786856127886323,0.506437428824497,-0.02775181603586474,0.012941228856953558,-0.05311662459549371,-0.0023870074762357696,0.03199686115947156,-0.025815821142360917,-0.029686358238507293,PE,4500.0,678.0,108.33316765050094,-28.047756692983267,0.5998708975904294,-156.0488504013949,time,108.33316765050094,-28.047756692983267,0.5998708975904294,-156.0488504013949,128.0010937084116,0.12454866154819488,0.10638131674154205,1.0,0.522265784487312,True,False,False,False
Q0654,MOMREV,BANKNIFTY,"After a big rise (>1.5 sd) of BANKNIFTY over the last 60 minutes, is the next 15 minutes up more often (momentum vs reversal)?",4757,575,62971,0.5039717694306638,0.5013664073996216,0.5041685855393753,-0.002802178139753697,0.009678482023692226,-0.021772002906190458,0.016167646626683064,0.772178415681801,0.0014891678023624122,-0.0063924246588559774,CE,4757.0,575.0,47.687033933828374,-97.39152336189312,0.9943057706361972,-164.99795964744536,liq,100.84002875118965,-46.22000251897695,0.6527045224659461,-180.07990964358345,133.85990712460654,0.12715269434251775,0.8815134125924985,1.0,0.526897097161026,False,False,False,False
Q0655,MOMREV,BANKNIFTY,"After a big fall (<-1.5 sd) of BANKNIFTY over the last 60 minutes, is the next 15 minutes up more often (momentum vs reversal)?",4966,554,62762,0.5039717694306638,0.49697946033024565,0.5045250310697555,-0.007545570739509899,0.00948356283905206,-0.026133353904051936,0.011042212425032137,0.42623709214772515,-0.012988394603537678,-0.002115918776265824,PE,4964.0,554.0,64.90477630152614,-70.65551315933257,0.9530760747841369,-137.10206060236058,time,64.90477630152614,-70.65551315933257,0.9530760747841369,-137.10206060236058,66.44654744302801,0.057660943663111974,0.656924550621942,1.0,0.3560221526383412,True,False,False,False
Q0656,MOMREV,BANKNIFTY,"After a big rise (>1.5 sd) of BANKNIFTY over the last 60 minutes, is the next 60 minutes up more often (momentum vs reversal)?",4757,575,62971,0.5045918969997638,0.5286945553920538,0.502771116863318,0.025923438528735798,0.01596956113451677,-0.005376901294917066,0.05722377835238866,0.10452462139759033,0.016313926041311766,0.034298305257247086,CE,4757.0,575.0,-24.378974649593914,-169.16822701541338,0.9164775861802406,-215.6463217744073,liq,100.84002875118965,-46.22000251897695,0.6527045224659461,-180.07990964358345,133.85990712460654,0.12715269434251775,0.25880376507272845,1.0,0.526897097161026,True,False,False,False
Q0657,MOMREV,BANKNIFTY,"After a big fall (<-1.5 sd) of BANKNIFTY over the last 60 minutes, is the next 60 minutes up more often (momentum vs reversal)?",4966,554,62762,0.5045918969997638,0.47724526782118404,0.5067556801886491,-0.0295104123674651,0.01501546016382731,-0.05894071428856663,-8.01104463635724e-05,0.04937545435554066,-0.04157681074626657,-0.017493760975681727,PE,4964.0,554.0,149.95110205303365,14.049259574005058,0.4531163221752814,-158.28211417347623,time,149.95110205303365,14.049259574005058,0.4531163221752814,-158.28211417347623,172.3313737474813,0.07485776121907654,0.14812636306662197,1.0,0.4101994202873648,True,False,False,False
Q0722,VIX,BANKNIFTY,"When India VIX closed below 13 yesterday, is BANKNIFTY's day range bigger?",294,294,702,1.3058357252234436,0.9670191033154117,1.4477332848259525,-0.4807141815105408,0.03784827263502353,-0.5548967958751869,-0.40653156714589467,5.8314504237334e-37,-0.5991021932838408,-0.33874232898269363,CE+PE,293.0,293.0,-251.2474218051588,-502.7925065086206,0.9843143545276823,-919.7677014639352,T30S10H60,0.7346554909143025,-260.702069312074,0.9999999998365802,-221.86153179739287,-38.840537514681166,0.8254762810102445,1.504514209323217e-35,1.0,0.994001162715313,True,True,False,False
Q0723,VIX,BANKNIFTY,"When India VIX closed below 13 yesterday, is BANKNIFTY more often up (close > open)?",294,294,702,0.4859437751004016,0.46938775510204084,0.4928774928774929,-0.023489737775452046,0.03470468313789687,-0.0915109167257299,0.04453144117482581,0.4985034527837371,-0.0705691056910569,0.010569236547025018,PE,293.0,293.0,-329.41809463114464,-447.48054662417036,0.9207566397092759,-460.3639226109899,T30S10H60,31.780720733538423,-91.60086869424738,0.9937833838949676,-116.41743179222979,24.81656309798244,0.24914139192256712,0.712937310522196,1.0,0.7163158669597971,False,False,False,False
Q0724,VIX,BANKNIFTY,"When India VIX closed 13-16 yesterday, is BANKNIFTY's day range bigger?",348,348,648,1.3058357252234436,1.2407672991012704,1.3407798799927588,-0.10001258089148846,0.04401211289028144,-0.18627632215644008,-0.013748839626536835,0.023063108202549667,-0.2507129400191783,0.12648887059716118,CE+PE,345.0,345.0,-687.6434112409319,-983.4663668496185,0.9997864274721435,-919.7677014639353,T30S10H15,90.26448888364045,-219.17860076251563,0.9999999979250053,-220.7703790988094,1.5917783362938518,0.48297450772267236,0.08151071118161389,1.0,0.8450568766484648,False,False,False,False
Q0725,VIX,BANKNIFTY,"When India VIX closed 13-16 yesterday, is BANKNIFTY more often up (close > open)?",348,348,648,0.4859437751004016,0.4511494252873563,0.5046296296296297,-0.05348020434227335,0.03314220276850761,-0.11843892176854826,0.011478513084001551,0.10660147350911997,-0.06677079265911756,-0.06444430101974952,PE,345.0,345.0,189.38556141525075,47.12536535043214,0.4550058031371522,-460.36392261098996,time,189.38556141525075,47.12536535043214,0.4550058031371522,-460.36392261098996,507.4892879614222,0.11177446020148846,0.2612279133933662,1.0,0.4975007759546432,True,False,False,False
Q0726,VIX,BANKNIFTY,"When India VIX closed 16-20 yesterday, is BANKNIFTY's day range bigger?",237,237,759,1.3058357252234436,1.5124042019059387,1.2413341060221903,0.2710700958837484,0.05220625181326523,0.16874584232974857,0.3733943494377483,2.077210437723464e-07,0.23535871440433098,0.13767585649610115,CE+PE,237.0,237.0,-1210.3724046280993,-1499.0816887798487,0.9999963753191714,-919.7677014639353,T30S15H30,119.16243283557489,-184.06515816062083,0.999977718947107,-240.73560087468042,56.67044271405962,0.10439184075715598,1.3660263897376472e-06,1.0,0.48213160012036693,True,True,False,False
Q0727,VIX,BANKNIFTY,"When India VIX closed 16-20 yesterday, is BANKNIFTY more often up (close > open)?",237,237,759,0.4859437751004016,0.5189873417721519,0.4756258234519104,0.04336151832024149,0.03719298373955331,-0.029536729809283,0.11625976644976597,0.243674246993264,0.059295633349173704,0.042465753424657526,CE,237.0,237.0,-61.87022832689909,-212.14180134923305,0.6612398594589923,-459.4037788529452,T30S15H30,66.35231661897168,-89.29795239874372,0.9627174605049992,-119.22859785005909,29.930645451315403,0.275031805122759,0.46733192900912385,1.0,0.7452663611675314,True,False,False,False
Q0728,VIX,BANKNIFTY,"When India VIX closed 20 or more yesterday, is BANKNIFTY's day range bigger?",117,117,879,1.3058357252234436,1.9323243590501638,1.222446453144119,0.7098779059060447,0.1056699399625897,0.5027648235793689,0.9169909882327205,1.8438827959899355e-11,0.6460508220753143,0.6850397306066902,CE+PE,117.0,117.0,-353.8888673140452,-657.6759853483077,0.8744126280010647,-919.7677014639353,T30S20H15,164.1859175201155,-150.1900083975186,0.9885580676795118,-272.2620995635157,122.07209116599711,0.03220122627051661,1.4592692066423416e-10,1.0,0.25773395121302944,True,True,False,False
Q0729,VIX,BANKNIFTY,"When India VIX closed 20 or more yesterday, is BANKNIFTY more often up (close > open)?",117,117,879,0.4859437751004016,0.5641025641025641,0.47554038680318544,0.08856217729937865,0.04886473291305187,-0.007212699210203011,0.18433705380896032,0.06992524904347938,0.06904360648830837,0.20933638443935926,CE,117.0,117.0,-9.662364191479153,-164.70707818924961,0.586818386132857,-459.4037788529452,T30S20H15,152.5641116932926,-7.152159032745031,0.5350081980675521,-137.59261797836146,130.4404589456164,0.054524444159522886,0.19315539885672034,1.0,0.34591177280463126,True,False,False,False
Q0730,VIX,BANKNIFTY,"When India VIX rose more than 5% yesterday, is BANKNIFTY more often up today?",124,124,872,0.4859437751004016,0.5241935483870968,0.4805045871559633,0.04368896123113347,0.0479580988921435,-0.050308912597467795,0.13768683505973472,0.3623048975829185,-0.02774489493933119,0.11512281740159813,CE,123.0,123.0,-144.88005636184195,-295.43358622229067,0.6521206520869876,-459.4037788529452,liq,303.0488846941692,147.1235119668398,0.38803709891266003,-223.98869965393564,371.11221162077544,0.2365379359625182,0.5897829416873634,1.0,0.69884388703995,False,False,False,False
Q0731,VIX,BANKNIFTY,"When India VIX fell more than 5% yesterday, is BANKNIFTY more often up today?",109,109,887,0.4859437751004016,0.42201834862385323,0.49379932356257045,-0.07178097493871721,0.0502207682360928,-0.1702136806814591,0.026651730804024665,0.1529155609996468,-0.037926248264996076,-0.1108333333333334,PE,109.0,109.0,-618.2317176433878,-758.0174206663835,0.8661401861430662,-460.36392261098985,T30S20H60,22.47707401940582,-123.8573793171521,0.9324641872957864,-128.92155414532562,5.064174828173524,0.4756391196180353,0.34187361124704396,1.0,0.8450568766484648,True,False,False,False
Q0732,VIX,BANKNIFTY,"When India VIX is up more than 3% at 10:15, is BANKNIFTY more often up 10:15->15:09?",222,222,759,0.5005096839959225,0.5135135135135135,0.49670619235836627,0.016807321155147215,0.038159590709341426,-0.05798547663516197,0.0916001189454564,0.6596125574100853,-0.017569223229600583,0.04845104185874982,PE,222.0,222.0,121.46735235780208,-16.73705917264401,0.5157810238725625,-326.3828268111461,time,121.46735235780208,-16.73705917264401,0.5157810238725625,-326.3828268111461,309.6457676385021,0.2320774242209302,0.8205402112430183,1.0,0.693943577499423,False,False,False,False
Q0733,VIX,BANKNIFTY,"When India VIX is down more than 3% at 10:15, is BANKNIFTY more often up 10:15->15:09?",112,112,869,0.5005096839959225,0.5,0.5005753739930955,-0.0005753739930954849,0.05022350771594395,-0.09901344911634563,0.09786270113015466,0.9908594201254839,0.059755562060889944,-0.07607466063348411,PE,112.0,112.0,752.6562328450382,615.1363402069811,0.20113883262319882,-326.3828268111461,time,752.6562328450382,615.1363402069811,0.20113883262319882,-326.3828268111461,941.5191670181273,0.09992863942033457,0.9970426302354713,1.0,0.4716428449792306,False,False,False,False
Q0734,VIX,BANKNIFTY,"When India VIX is up more than 5% intraday, does BANKNIFTY fall more over the next 60 minutes (mean move, bps)?",7764,240,58944,-0.13587698476409044,-1.3186704594102612,0.019918491232666986,-1.3385889506429283,1.5360753411955261,-4.349296619386159,1.6721187181003028,0.38351698939240386,-1.5954939175591534,-1.0796242072398086,PE,7764.0,240.0,62.28390945398979,-75.9862170770672,0.746230117556844,-176.88755626222527,time,62.28390945398979,-75.9862170770672,0.746230117556844,-176.88755626222527,100.90133918515806,0.19009904962968494,0.6100331890458704,1.0,0.6313857315465469,True,False,False,False
Q0735,VIX,BANKNIFTY,"When India VIX is down more than 3% intraday, does BANKNIFTY fall more over the next 60 minutes (mean move, bps)?",9766,290,56942,-0.13587698476409044,0.3969626051711177,-0.2272631572783548,0.6242257624494725,1.2663721676593371,-1.8578636861628284,3.1063152110617733,0.6220659939314697,0.24801810050228118,1.1091888615343983,CE,9766.0,290.0,-4.194555597888283,-147.48804094940795,0.9100188110983407,-195.86647683186877,liq,77.47987767699408,-67.38614333249365,0.7316487522815907,-166.24768811069094,98.86154477819723,0.18235375680595067,0.7929497353474267,1.0,0.6203851577058008,True,False,False,False
Q0736,VIX,BANKNIFTY,"When India VIX jumps (>1.5 sd in 15 min), is BANKNIFTY up over the next 15 minutes more often?",4008,769,60540,0.5044463035260581,0.49101796407185627,0.5053353154938883,-0.014317351422032054,0.00983489746325125,-0.033593750450004504,0.004959047605940396,0.1454561344949298,-0.015162380411797016,-0.013513309729509204,PE,4008.0,769.0,67.68587972173196,-63.345949983578734,0.9477596193544591,-143.3592089147618,liq,89.67745993665592,-43.36889225612093,0.653675573471826,-184.99124462338767,141.62235236726673,0.0983008296701897,0.329768740770579,1.0,0.46811359426032345,True,False,False,False
Q0737,VIX,BANKNIFTY,"When India VIX drops (<-1.5 sd in 15 min), is BANKNIFTY up over the next 15 minutes more often?",3768,810,60780,0.5044463035260581,0.47983014861995754,0.5059723593287265,-0.026142210708768987,0.010220165657023996,-0.04617373539653602,-0.006110686021001954,0.0105304918840522,-0.013386814370361932,-0.04025458482333255,PE,3768.0,810.0,49.31767544359158,-81.13104631716844,0.9780068184676198,-143.4356088716318,time,49.31767544359158,-81.13104631716844,0.9780068184676198,-143.4356088716318,62.30456255446339,0.060613078597877526,0.04258412078503868,1.0,0.3655903812057634,True,True,False,False
Q0792,PIN,BANKNIFTY,"On expiry days, does BANKNIFTY move toward the max-OI strike from 12:00 to 15:09 more often than on other days?",177,177,819,0.35240963855421686,0.3220338983050847,0.358974358974359,-0.036940460669274255,0.03893559709771336,-0.11325423098079244,0.039373309642243934,0.34274368881564543,-0.046832884097035066,-0.010851997229277266,col:pinside165,177.0,177.0,-934.5395471079875,-1015.4575781128966,0.9901791550340654,-330.62738969615594,T25S10H30,18.528247984115687,-68.07133691787017,0.9479168280553292,-152.63259700116933,84.56126008329913,0.0218124026976583,0.5690339235163225,1.0,0.2035272144183465,True,False,False,False
Q0793,PIN,BANKNIFTY,"On expiry days, how far does BANKNIFTY move toward the max-OI strike from 12:00 to 15:09 (%, vs other days)?",177,177,819,0.0003100159656570618,-0.026096092105585302,0.006016830530504313,-0.032112922636089614,0.051587513555916314,-0.1332244492056856,0.06899860393350636,0.5336170244971449,-0.09062911341132501,0.040803064310515696,col:pinside165,177.0,177.0,-934.5395471079875,-1015.4575781128966,0.9901791550340654,-330.62738969615594,T25S10H30,18.528247984115687,-68.07133691787017,0.9479168280553292,-152.63259700116933,84.56126008329913,0.0218124026976583,0.7370085241984121,1.0,0.2035272144183465,False,False,False,False
Q0794,PIN,BANKNIFTY,"On expiry days, does BANKNIFTY move toward the max-OI strike from 13:30 to 15:09 more often than on other days?",177,177,819,0.3785140562248996,0.3389830508474576,0.38705738705738707,-0.04807433620992946,0.03946125735663469,-0.12541840062893345,0.02926972820907453,0.22312263593607637,-0.0833172891798229,0.005607414981693426,col:pinside255,177.0,177.0,-533.4039456856116,-610.9267173476028,0.9484494609937704,-263.2190691853213,liq,-19.368643464341677,-100.6574726000627,0.7002784524084138,-150.20949188206103,49.55201928199824,0.39793612898982234,0.4448658429019142,1.0,0.8450568766484648,False,False,False,False
Q0795,PIN,BANKNIFTY,"On expiry days, how far does BANKNIFTY move toward the max-OI strike from 13:30 to 15:09 (%, vs other days)?",177,177,819,-0.011327755020325443,-0.03322787204031217,-0.006594762697324648,-0.026633109342987522,0.03933558031673097,-0.10373084676378022,0.05046462807780518,0.4983588327782402,-0.07576598804824206,0.04519581240313535,col:pinside255,177.0,177.0,-533.4039456856116,-610.9267173476028,0.9484494609937704,-263.2190691853213,liq,-19.368643464341677,-100.6574726000627,0.7002784524084138,-150.20949188206103,49.55201928199824,0.39793612898982234,0.712937310522196,1.0,0.8450568766484648,False,False,False,False
Q0796,PIN,BANKNIFTY,"On expiry days, does BANKNIFTY move toward the max-OI strike from 14:30 to 15:09 more often than on other days?",177,177,819,0.43172690763052207,0.3502824858757062,0.44932844932844934,-0.09904596345274314,0.03986853661879069,-0.1771882952255729,-0.02090363167991338,0.012980129935441276,-0.049432036965729675,-0.16558366593000629,col:pinside315,177.0,177.0,-571.2217391193923,-644.0683518584337,0.9966781484835928,-223.1140031947972,T20S10H15,-17.796601117667507,-94.21910280500948,0.9947869928231515,-139.14566098828448,44.92655818327498,0.11166244962090599,0.050894734397322935,1.0,0.49743987144320023,True,False,False,False
Q0797,PIN,BANKNIFTY,"On expiry days, how far does BANKNIFTY move toward the max-OI strike from 14:30 to 15:09 (%, vs other days)?",177,177,819,0.003391689804184389,-0.02452094676130909,0.009424091113210452,-0.033945037874519544,0.024583182734973417,-0.08212807603506744,0.014238000286028354,0.16733321791724973,-0.038551660537903334,-0.03069380867366021,col:pinside315,177.0,177.0,-571.2217391193923,-644.0683518584337,0.9966781484835928,-223.1140031947972,T20S10H15,-17.796601117667507,-94.21910280500948,0.9947869928231515,-139.14566098828448,44.92655818327498,0.11166244962090599,0.3635057356344055,1.0,0.49743987144320023,True,False,False,False
Q0831,OPTPREM,BANKNIFTY,"If the ATM CE premium fell 5%+ in 15 min while spot was flat (<0.05%), is BANKNIFTY up over the next 15 minutes more often?",4155,819,63573,0.5039717694306638,0.48592057761732854,0.505151558051374,-0.019230980434045475,0.00840888323500701,-0.03571239157465921,-0.0027495692934317376,0.02219676382904289,-0.034932655931236956,-0.0072289217271295225,PE,4155.0,819.0,6.527431537958689,-97.03501384253136,0.9999430010017787,-141.17144986038414,liq,38.14662318453462,-66.95561298065981,0.8347544149282238,-189.16674690955665,122.21113392889681,0.03779051815291538,0.07953840372073702,1.0,0.28329212530857417,True,False,False,False
Q0832,OPTPREM,BANKNIFTY,"If the ATM CE premium fell 5%+ in 15 min while spot was flat (<0.05%), is BANKNIFTY up over the next 30 minutes more often?",4155,819,63573,0.5060240963855421,0.48856799037304455,0.5071649914271782,-0.018597001054133644,0.008852867042833884,-0.035948620458088054,-0.0012453816501792302,0.03566945990534976,-0.03629868074006881,-0.005688691727267714,PE,4155.0,819.0,5.672018558970427,-97.88692235399726,0.9931676987105278,-153.1036951568745,liq,38.14662318453462,-66.95561298065981,0.8347544149282238,-189.16674690955665,122.21113392889681,0.03779051815291538,0.11561206853744017,1.0,0.28329212530857417,True,False,False,False
Q0833,OPTPREM,BANKNIFTY,"If the ATM PE premium fell 5%+ in 15 min while spot was flat, is BANKNIFTY up over the next 15 minutes more often?",4578,835,63150,0.5039717694306638,0.5220620358235037,0.5026603325415677,0.019401703281936022,0.008609744614017744,0.0025266038384612437,0.0362768027254108,0.024230246525937894,0.024956631195530266,0.01591598428292773,CE,4578.0,835.0,-14.163988409421496,-124.45208259434249,0.9999997995271566,-158.16433762726305,T30S10H15,5.516054579241925,-108.0047930542687,1.0,-157.41366053749593,49.40886748322723,5.124522341622913e-08,0.08443611652446328,1.0,3.5274455487869867e-06,True,False,False,False
Q0834,OPTPREM,BANKNIFTY,"If the ATM PE premium fell 5%+ in 15 min while spot was flat, is BANKNIFTY up over the next 30 minutes more often?",4578,835,63150,0.5060240963855421,0.5170380078636959,0.5052256532066508,0.01181235465704511,0.008962836286253516,-0.005754804464011779,0.029379513778102,0.1875284329554963,0.022575282848866673,0.0039026049306792876,CE,4578.0,835.0,-62.28209849617897,-172.3769966000633,0.9999984048852488,-172.5953354759392,T30S10H15,5.516054579241925,-108.0047930542687,1.0,-157.41366053749593,49.40886748322723,5.124522341622913e-08,0.39335232278469956,1.0,3.5274455487869867e-06,True,False,False,False
Q0835,OPTPREM,BANKNIFTY,"If the ATM CE premium rose 5%+ in 15 min while spot was flat, is BANKNIFTY up over the next 15 minutes more often?",2330,761,65398,0.5039717694306638,0.5236051502145923,0.503272271323282,0.020332878891310302,0.010684648259946592,-0.0006090316981850162,0.041274789480805624,0.05704062763456412,0.026572057221732948,0.0166538177832104,CE,2330.0,761.0,31.357288157991075,-92.18882256151467,0.9993101644064454,-157.00911913813337,liq,67.05129323803816,-57.92047370505768,0.7661958969694663,-164.15008752024806,106.2296138151904,0.09156595337895304,0.16543911895401117,1.0,0.45274317694982136,True,False,False,False
Q0836,OPTPREM,BANKNIFTY,"If the ATM CE premium rose 5%+ in 15 min while spot was flat, is BANKNIFTY up over the next 30 minutes more often?",2330,761,65398,0.5060240963855421,0.5218884120171674,0.5054588825346341,0.01642952948253329,0.01127424253135906,-0.005667985878930467,0.03852704484399705,0.14504396767139144,0.031896870853255876,0.005779994010619016,CE,2330.0,761.0,43.13412893176591,-80.45928742287924,0.9621851186329929,-170.6946789912146,liq,67.05129323803816,-57.92047370505768,0.7661958969694663,-164.15008752024806,106.2296138151904,0.09156595337895304,0.329768740770579,1.0,0.45274317694982136,True,False,False,False
Q0837,OPTPREM,BANKNIFTY,"If the ATM PE premium rose 5%+ in 15 min while spot was flat, is BANKNIFTY up over the next 15 minutes more often?",2219,764,65509,0.5039717694306638,0.48625506985128436,0.5045718908852219,-0.018316821033937558,0.011160483639669639,-0.04019136896769005,0.003557726899814935,0.10075153102899953,-0.041274693739488055,-0.002459570804894562,PE,2219.0,764.0,5.351720623413471,-108.83016479322981,0.9999551539597099,-140.2548567331377,liq,6.854884571833566,-108.54485789230877,0.9447665550027516,-191.98341039154457,83.43855249923577,0.10952753350730964,0.2527574952680065,1.0,0.4924762770535237,True,False,False,False
Q0838,OPTPREM,BANKNIFTY,"If the ATM PE premium rose 5%+ in 15 min while spot was flat, is BANKNIFTY up over the next 30 minutes more often?",2219,764,65509,0.5060240963855421,0.48129788192879674,0.506861652597353,-0.025563770668556307,0.011399986979755488,-0.047907745148877065,-0.0032197961882355526,0.02493304041733035,-0.04375707184208644,-0.013582511017746657,PE,2219.0,764.0,6.42270876406119,-107.76338971991802,0.9946457609968214,-153.31595804550008,time,6.42270876406119,-107.76338971991802,0.9946457609968214,-153.31595804550008,45.552568325582044,0.14009090702815596,0.08599898967474907,1.0,0.5509129037886052,True,False,False,False
Q0839,OPTPREM,BANKNIFTY,"If the ATM straddle jumped (>1.5 sd in 15 min), is BANKNIFTY's next 30-minute move bigger?",2042,446,65686,15.797637171196707,17.46341692759171,15.745852586010235,1.7175643415814736,0.6877723797843195,0.3695304772042074,3.06559820595874,0.012514797328844515,3.746986500257748,1.9075224749256598,CE+PE,2042.0,446.0,-107.58900669511922,-373.9945510850758,0.9999999999999999,-322.29553383921905,T30S10H15,-29.626599684518183,-305.6617899242126,1.0,-305.40629067814666,-0.25549924606595603,0.5057590703813237,0.04937030138901965,1.0,0.8450568766484648,True,True,False,False
Q0840,OPTPREM,BANKNIFTY,"If the ATM straddle dropped (<-1.5 sd), is BANKNIFTY's next 30-minute move bigger?",6539,524,61189,15.797637171196707,16.48955488591443,15.723694960398374,0.7658599255160556,0.5386839565906147,-0.2899606294015493,1.8216804804336606,0.15510638139713015,2.971911810021936,-0.7830382427874127,CE+PE,6539.0,524.0,-144.30502013513703,-347.7948314016394,1.0,-330.6386907531872,T30S10H15,-11.458898709990377,-221.23248625469083,1.0,-302.40194896111603,81.16946270642522,9.341357532190788e-19,0.34497798621085846,1.0,1.7553869158381813e-16,False,False,False,False
Q0841,OPTPREM,BANKNIFTY,"If BANKNIFTY's ATM straddle fell 3%+ in 15 min with flat spot, is the next-60-min range bigger?",3527,520,64201,44.16490474539025,38.40059385415952,44.481577764710366,-6.080983910550849,1.0360567078088894,-8.111655057856272,-4.050312763245426,4.374955817436681e-09,-3.4993855415631856,-6.557644694968111,CE+PE,3527.0,520.0,-249.069608752691,-427.0618841292109,1.0,-375.68321700376697,T30S10H15,-13.589169186169478,-196.8432206309449,1.0,-303.48812791353225,106.64490728258734,5.7837281349849045e-21,3.118062433421723e-08,1.0,1.2879205810984385e-18,True,True,False,False
Q0842,OPTPREM,BANKNIFTY,"If the PE got more expensive relative to the CE (>1.5 sd in 15 min), is BANKNIFTY up over the next 15 minutes more often?",3872,511,63856,0.5039717694306638,0.4919938016528926,0.5046980706589828,-0.012704269006090174,0.00916815391780427,-0.030673850684986542,0.005265312672806194,0.16583992355807328,-0.028548485285589675,-0.0003657906591639781,PE,3872.0,511.0,-33.718237221425724,-146.6271100665724,0.9999999249752576,-142.32546365008554,T20S10H15,-12.499028611774287,-128.66224631630763,1.0,-147.21119973047058,18.54895341416294,0.009401226577270275,0.3635057356344055,1.0,0.11827600487071935,True,False,False,False
Q0843,OPTPREM,BANKNIFTY,"If the PE got more expensive relative to the CE (>1.5 sd in 15 min), is BANKNIFTY up over the next 30 minutes more often?",3872,511,63856,0.5060240963855421,0.5007747933884298,0.5063423953896267,-0.005567602001196881,0.010525766061720584,-0.026198103482169225,0.015062899479775464,0.5968402644647136,-0.026147911929857715,0.009817956412520146,PE,3872.0,511.0,-80.3341317586293,-193.05580192705438,0.9999756163686053,-154.88585224513744,T20S10H15,-12.499028611774287,-128.66224631630763,1.0,-147.21119973047058,18.54895341416294,0.009401226577270275,0.781283109147699,1.0,0.11827600487071935,False,False,False,False
Q0844,OPTPREM,BANKNIFTY,"If the CE got more expensive relative to the PE (>1.5 sd), is BANKNIFTY up over the next 15 minutes more often?",3935,511,63793,0.5039717694306638,0.5067344345616265,0.5038013575157149,0.002933077045911614,0.009401230347908358,-0.015493334435988767,0.021359488527811995,0.7550491587135321,0.0032036163627241487,0.003264843558620223,CE,3935.0,511.0,-10.434190705588994,-133.2344374176539,0.9999870384085147,-158.05534341630255,time,-10.434190705588994,-133.2344374176539,0.9999870384085147,-158.05534341630255,24.82090599864864,0.21638748831858096,0.8688790497238683,1.0,0.6754912416060707,True,False,False,False
Q0845,OPTPREM,BANKNIFTY,"If the CE got more expensive relative to the PE (>1.5 sd), is BANKNIFTY up over the next 30 minutes more often?",3935,511,63793,0.5060240963855421,0.49758576874205845,0.5065446052074679,-0.008958836465409459,0.009458050741883656,-0.027496615919501425,0.009578942988682507,0.3435276749630027,-0.010549764263491024,-0.007942753504599054,CE,3935.0,511.0,-88.12973741639827,-210.61797839411406,0.9999966068211168,-171.75832139047247,T25S10H30,-9.52560644864733,-136.25118959994913,1.0,-157.7106323205743,21.459442720625148,0.01594822512547686,0.569087938490529,1.0,0.16595097060472838,True,False,False,False
Q0891,OPTPREM,BANKNIFTY,"If the ATM CE premium fell 20+ points in 15 min while spot was flat (<0.1%), is BANKNIFTY up over the next 30 minutes more often?",6595,991,61133,0.5060240963855421,0.49643669446550415,0.5070583809072023,-0.010621686441698197,0.007124262709269506,-0.02458524135186643,0.003341868468470035,0.13598321173488803,-0.01351522843056674,-0.00912033036297799,PE,6595.0,991.0,4.625889326244525,-129.97840615740492,0.999979404658433,-150.36994982998957,time,4.625889326244525,-129.97840615740492,0.999979404658433,-150.36994982998957,20.391543672584625,0.2599896763186454,0.3149341887576401,1.0,0.728841191168944,True,False,False,False
Q0892,OPTPREM,BANKNIFTY,"If the ATM PE premium fell 20+ points in 15 min while spot was flat, is BANKNIFTY up over the next 30 minutes more often?",6149,983,61579,0.5060240963855421,0.516994633273703,0.5049286282661297,0.012066005007573266,0.007038859366490962,-0.0017301593507490203,0.025862169365895554,0.08649220222764217,0.01076276805040377,0.012895057987679315,CE,6149.0,983.0,-63.24418995298589,-208.1202441499825,0.9999999999806655,-173.20105557184863,T20S10H15,-5.1742992348391015,-154.9836935253588,1.0,-158.6575363339859,3.673842808627067,0.29892611848117223,0.2267783351090618,1.0,0.772841844460553,True,False,False,False
Q0906,THETA,BANKNIFTY,"How much does BANKNIFTY's ATM straddle change over the next 60 minutes starting at 09:20-10:00 (%, vs other hours)?",7936,992,59759,-5.725121224459239,-4.1468755285285654,-5.934712379647677,1.7878368511191116,0.24759276537013175,1.3025550309936533,2.27311867124457,5.165344074823123e-13,3.045248029149545,0.5337568794747432,CE+PE,7936.0,992.0,-99.85717118627602,-381.044469418355,1.0,-381.2901417972321,T30S10H15,-17.96638815633712,-309.8144409466478,1.0,-310.0998854819674,0.28544453531958425,0.4866044758056753,4.487552779029136e-12,1.0,0.8450568766484648,True,True,False,False
Q0907,THETA,BANKNIFTY,"How much does BANKNIFTY's ATM straddle change over the next 60 minutes starting at 10:00-11:00 (%, vs other hours)?",11951,996,55744,-5.725121224459239,-3.398020340183192,-6.224030213193149,2.826009873009957,0.2433066306788915,2.34912887687933,3.3028908691405845,3.4573256081952198e-31,3.841604703672181,1.811447121386752,CE+PE,11951.0,996.0,-88.3365574973107,-365.66795569078755,1.0,-357.0886951867945,T25S10H15,-29.950608398792443,-317.0104695580807,1.0,-314.30580943964236,-2.704660118438248,0.6658654353182598,7.07928576916164e-30,1.0,0.9146844029281644,True,True,False,False
Q0908,THETA,BANKNIFTY,"How much does BANKNIFTY's ATM straddle change over the next 60 minutes starting at 11:00-12:00 (%, vs other hours)?",11952,996,55743,-5.725121224459239,-2.948692892729199,-6.320422363989539,3.37172947126034,0.22901495370710584,2.9228601619944126,3.820598780526267,4.605574631507114e-49,4.322251762581233,2.422234587347127,CE+PE,11952.0,996.0,-17.79855105731701,-292.3744341761865,1.0,-296.0429423194322,liq,-5.724257974420366,-282.84554037646285,0.999915944486672,-282.2724308024277,-0.5731095740351352,0.503041515000844,1.6974832213269077e-47,1.0,0.8450568766484648,True,True,False,False
Q0909,THETA,BANKNIFTY,"How much does BANKNIFTY's ATM straddle change over the next 60 minutes starting at 12:00-13:00 (%, vs other hours)?",11952,996,55743,-5.725121224459239,-4.408950616317581,-6.00732474971818,1.5983741334005988,0.1848312635026812,1.2361048569353437,1.9606434098658538,5.25258017693126e-18,2.175873203694729,1.0218243197014152,CE+PE,11952.0,996.0,-127.74838202649171,-399.5671349845746,1.0,-401.33179216396434,T30S10H15,-21.72507192555521,-303.11094765518476,1.0,-301.36591842315465,-1.7450292320301408,0.5977953187390485,6.273915211334561e-17,1.0,0.8795603526830176,True,True,False,False
Q0910,THETA,BANKNIFTY,"How much does BANKNIFTY's ATM straddle change over the next 60 minutes starting at 13:00-14:00 (%, vs other hours)?",11952,996,55743,-5.725121224459239,-6.927909630229834,-5.467228268827678,-1.4606813614021563,0.1948721791573592,-1.8426308325505802,-1.0787318902537324,6.600233796672821e-14,-2.28727642792124,-0.6334308367724812,CE+PE,11952.0,996.0,-110.69950986070087,-379.52553808099157,1.0,-374.9396829624483,T25S10H15,-25.19051211745225,-303.2406174906082,1.0,-301.17954434703574,-2.0610731435724325,0.6232981098151911,6.12539683288341e-13,1.0,0.8918162849434376,True,True,False,False
Q0911,THETA,BANKNIFTY,"How much does BANKNIFTY's ATM straddle change over the next 60 minutes starting at 14:00-14:55 (%, vs other hours)?",11952,996,55743,-5.725121224459239,-11.989776178815438,-4.38190044311512,-7.607875735700318,0.5846224340893702,-8.753735706515483,-6.462015764885153,1.0278493667260784e-38,-10.212138105933548,-5.003330105573343,CE+PE,11952.0,996.0,-164.11258515591422,-428.8760460682241,1.0,-427.9445330587481,T25S10H15,-14.184634338421036,-288.28187463524904,1.0,-288.86417828666595,0.582303651416829,0.4656286832908546,2.821118474631151e-37,1.0,0.8450568766484648,True,True,False,False
Q0912,THETA,BANKNIFTY,"How much does BANKNIFTY's ATM straddle change over the next 60 minutes on expiry day (%, vs other days)?",12028,177,55667,-5.725121224459239,-24.234854500060624,-1.7257127447686964,-22.509141755291928,0.3543221000972957,-23.20361307148263,-21.814670439101228,0.0,-21.17825614163457,-24.383511989927868,CE+PE,12028.0,177.0,-229.39665348673228,-397.55947679171453,0.9999999999941135,-372.61879493014703,liq,-2.4739751571589306,-175.28047265967547,0.9265559415632949,-358.7526840812659,183.4722114215904,0.06445917493783604,0.0,1.0,0.377612617984045,True,True,False,False
Q0913,THETA,BANKNIFTY,"How much does BANKNIFTY's ATM straddle change over the next 60 minutes 1 day before expiry (%, vs other days)?",11960,176,55735,-5.725121224459239,-3.3692558098397525,-6.2306590437621745,2.861403233922422,0.3689184560340875,2.1383230600956105,3.5844834077492336,8.751589427168447e-15,4.335411986880855,1.3021762227120837,CE+PE,11960.0,176.0,-122.38675082726623,-342.04971242411193,0.9999999999999997,-372.6187621604746,T30S10H15,-16.865406415932952,-243.44785639281616,1.0,-304.7121311167243,61.26427472390818,1.364455333247649e-18,8.819961219568201e-14,1.0,2.500715338334045e-16,True,True,False,False
Q0914,THETA,BANKNIFTY,"How much does BANKNIFTY's ATM straddle change over the next 60 minutes 2 days before expiry (%, vs other days)?",11832,174,55863,-5.725121224459239,-2.077971606217501,-6.497601654852098,4.419630048634597,0.35469553412056865,3.724426801758283,5.114833295510912,1.2283231015358518e-35,5.401577248909851,3.5591440655018993,CE+PE,11832.0,174.0,-57.55802508380624,-308.603423321799,0.9999999999999993,-372.62455853723714,T30S10H15,-19.025191325767366,-278.35389631456565,1.0,-304.71573255680806,26.36183624224241,8.024469994241312e-05,3.047186155733171e-34,1.0,0.0026355294665452145,True,True,False,False
Q0915,THETA,BANKNIFTY,"How much does BANKNIFTY's ATM straddle change over the next 60 minutes 3-4 days before expiry (%, vs other days)?",20587,303,47108,-5.725121224459239,-1.2228852998187174,-7.6926751639296995,6.469789864110982,0.3892552442671431,5.706849585347382,7.2327301428745825,4.915201997599682e-62,8.28771507248683,4.908747782321392,CE+PE,20587.0,303.0,-46.80703693326336,-332.93344598841975,1.0,-372.6196863880653,liq,-33.489466734947456,-322.21175436815463,0.9999895032074889,-358.7457669798287,36.53401261167416,0.3147851442253652,2.756787207349387e-60,1.0,0.787799000584643,True,True,False,False
Q0916,THETA,BANKNIFTY,"How much does BANKNIFTY's ATM straddle change over the next 60 minutes 5+ days before expiry (%, vs other days)?",11288,166,56407,-5.725121224459239,-0.5321449473088384,-6.764324093189605,6.2321791458807665,0.33285187463360905,5.579789471598893,6.88456882016264,3.1803167293586874e-78,5.978299635141096,6.719493178016,CE+PE,11288.0,166.0,-89.00924015518285,-526.9234152529469,1.0,-372.62455853723714,T20S10H15,-26.14953660863583,-481.17531326839253,1.0,-307.35357698676427,-173.8217362816283,1.0,2.5641303630454415e-76,1.0,1.0,True,True,False,False
Q0964,JUMPS,BANKNIFTY,Is a 1-ITM BANKNIFTY CE bought at 09:20-09:55 more likely to jump +20 before -15 (net of drops) than at other times?,7936,992,59760,-0.1770414795556606,-0.18775201612903225,-0.17561914323962516,-0.012132872889407093,0.013036961985109077,-0.037685318380220885,0.0134195726014067,0.35203368027281934,-0.005055918681473509,-0.01912650602409638,CE,7936.0,992.0,-14.171339718084182,-161.08800200801375,0.999997591895707,-166.6799657934487,time,-14.171339718084182,-161.08800200801375,0.999997591895707,-166.6799657934487,5.591963785434972,0.4369395048094399,0.5777176027868997,1.0,0.8450568766484648,True,False,False,False
Q0965,JUMPS,BANKNIFTY,Is a 1-ITM BANKNIFTY PE bought at 09:20-09:55 more likely to jump +20 before -15 (net of drops) than at other times?,7936,992,59760,-0.18303887969747104,-0.1857358870967742,-0.18268072289156626,-0.003055164205207933,0.013028127115673695,-0.028590293351928375,0.02247996494151251,0.8145927579666703,-0.0035876976190863386,-0.002593708165997327,PE,7936.0,992.0,-41.25113121924862,-175.70013647004768,0.99999988451049,-171.59366261820935,T30S10H15,-5.164000915904199,-144.5499772638655,1.0,-142.84616828252817,-1.7038089813373065,0.5888294654211083,0.9027703245506913,1.0,0.8748368385373124,True,False,False,False
Q0966,JUMPS,BANKNIFTY,Is a 1-ITM BANKNIFTY CE bought at 10:00-12:55 more likely to jump +20 before -15 (net of drops) than at other times?,35856,996,31840,-0.1770414795556606,-0.17539602855867917,-0.17889447236180905,0.003498443803129886,0.008568653539451552,-0.013296117134195155,0.020293004740454926,0.6830652135201771,0.0008291886526656522,0.006156570727353844,CE,35856.0,996.0,-21.623015417312203,-165.2319812122691,1.0,-163.5878605229541,liq,-13.922840893029209,-158.89895723881656,0.99922558947149,-149.20614985535852,-9.692807383457994,0.5765547484220082,0.8383959328649176,1.0,0.869369592828266,True,False,False,False
Q0967,JUMPS,BANKNIFTY,Is a 1-ITM BANKNIFTY PE bought at 10:00-12:55 more likely to jump +20 before -15 (net of drops) than at other times?,35856,996,31840,-0.18303887969747104,-0.18345604640785362,-0.18256909547738692,-0.0008869509304667011,0.008495185638104776,-0.017537514781152064,0.01576361292021866,0.9168469205122514,0.010051748464908139,-0.01179718875502006,PE,35856.0,996.0,2.862881377891258,-128.34143994183648,1.0,-128.21461582500044,time,2.862881377891258,-128.34143994183648,1.0,-128.21461582500044,-0.12682411683607772,0.5039334739470595,0.962353561807001,1.0,0.8450568766484648,False,False,False,False
Q0968,JUMPS,BANKNIFTY,Is a 1-ITM BANKNIFTY CE bought at 13:00-14:55 more likely to jump +20 before -15 (net of drops) than at other times?,23904,996,43792,-0.1770414795556606,-0.17595381526104417,-0.17763518450858604,0.001681369247541864,0.008730902956811188,-0.015431200547808065,0.018793939042891793,0.8472904251437353,0.0013789466213421642,0.0019776073992941456,CE,23904.0,996.0,-16.38487628530187,-156.3618417669943,1.0,-153.51956780700402,T30S10H15,-8.68674549831444,-153.60033689873214,1.0,-152.0559959964347,-1.5443409022974548,0.6249762406945891,0.9239261609766852,1.0,0.8924973718971059,True,False,False,False
Q0969,JUMPS,BANKNIFTY,Is a 1-ITM BANKNIFTY PE bought at 13:00-14:55 more likely to jump +20 before -15 (net of drops) than at other times?,23904,996,43792,-0.18303887969747104,-0.18151773761713522,-0.18386919985385458,0.002351462236719365,0.00880627283594483,-0.014908832521732501,0.01961175699517123,0.7894527773979667,-0.00933949080906199,0.014048618717293404,PE,23904.0,996.0,-23.8941186661751,-151.10197159846606,1.0,-152.57579980323564,T25S10H15,-9.889726688265002,-141.20132205907646,1.0,-141.88497640733553,0.6836543482590525,0.43727017957906195,0.8926266498691517,1.0,0.8450568766484648,False,False,False,False
Q0970,JUMPS,BANKNIFTY,"What share of BANKNIFTY CE +20-point jumps start in the first 30 minutes (09:20-09:45), vs the rest of the day's rate?",5952,992,61744,0.36628456629638384,0.3958333333333333,0.3634361233480176,0.0323972099853157,0.00753371484197166,0.017631128895051244,0.047163291075580156,1.70569494229244e-05,0.029102982933555233,0.03564796821695382,CE,5952.0,992.0,-4.723411647863285,-151.9175701779415,0.9999013240122832,-156.8136320252586,time,-4.723411647863285,-151.9175701779415,0.9999013240122832,-156.8136320252586,4.896061847317139,0.4522548573509316,0.00010047244180626701,1.0,0.8450568766484648,True,True,False,False
Q0971,JUMPS,BANKNIFTY,"What share of BANKNIFTY PE +20-point jumps start in the first 30 minutes (09:20-09:45), vs the rest of the day's rate?",5952,992,61744,0.3577759394942094,0.3943212365591398,0.3542530448302669,0.04006819172887288,0.007429247479828012,0.025506866668409976,0.05462951678933579,6.917369177038411e-08,0.030969447721935384,0.04909962430366627,PE,5952.0,992.0,-58.591473967798294,-193.22477412154956,0.9999996451150591,-190.14879875684593,T30S10H30,-0.5239418821950113,-140.2296819807791,1.0,-138.1259807972345,-2.1037011835446195,0.594800255374172,4.6719404389421733e-07,1.0,0.8776581903246438,True,True,False,False
Q0972,JUMPS,BANKNIFTY,"On expiry days, is a 1-ITM BANKNIFTY CE more likely to jump +20 before -15 (net of drops)?",12028,177,55668,-0.1770414795556606,-0.19113734619221814,-0.17399583243515127,-0.01714151375706688,0.011802476707163764,-0.04027436810310786,0.0059913405889741,0.14639991497427626,-0.022411968892894096,-0.012641422304317723,CE,12028.0,177.0,-76.15380879738103,-160.23943414493687,0.9999999658609974,-160.3939443908873,T30S10H30,-10.422161334291184,-96.76234391164526,1.0,-159.54109982979017,62.77875591814491,2.0156599767254504e-19,0.3309013570710274,1.0,4.0255350997060384e-17,True,False,False,False
Q0973,JUMPS,BANKNIFTY,"On expiry days, is a 1-ITM BANKNIFTY PE more likely to jump +20 before -15 (net of drops)?",12028,177,55668,-0.18303887969747104,-0.17334552710342535,-0.18513329022059352,0.01178776311716817,0.011511092483744417,-0.010773978150970885,0.03434950438530723,0.30581868109105204,0.024559802743566644,-0.0006514496816967252,PE,12028.0,177.0,12.047473994360281,-72.69359282006701,0.9941612892175355,-141.8963590428572,liq,109.4886319471587,22.503414085330682,0.4184016753164172,-188.1176446273187,210.62105871264941,0.026932868727084412,0.5345611092241966,1.0,0.2304923600364011,False,False,False,False
Q0974,JUMPS,BANKNIFTY,"When VIX is 18+, is a 1-ITM BANKNIFTY CE more likely to jump +20 before -15 (net)?",14620,215,53076,-0.1770414795556606,-0.1853625170998632,-0.17474941593187127,-0.01061310116799194,0.01127153865766135,-0.032705316937008184,0.011479114601024305,0.346405632168009,-0.009765309735055794,-0.03367101207295145,CE,14620.0,215.0,-33.771535511993676,-177.3314010734596,0.9999999999752567,-160.39812253738282,T25S10H60,-12.384541095363131,-161.20166782890675,1.0,-159.22884455565784,-1.9728232732488962,0.6162918471584048,0.5714364008909611,1.0,0.8887576193155537,True,False,False,False
Q0975,JUMPS,BANKNIFTY,"When VIX is 18+, is a 1-ITM BANKNIFTY PE more likely to jump +20 before -15 (net)?",14620,215,53076,-0.18303887969747104,-0.19630642954856362,-0.1793842791468837,-0.01692215040167991,0.011034969284490046,-0.038550690199280396,0.004706389395920583,0.12515214878864392,-0.016611282849816916,0.004437451836629858,PE,14620.0,215.0,-12.173028253864818,-150.59449651755708,0.9999999990311444,-141.9160980282845,time,-12.173028253864818,-150.59449651755708,0.9999999990311444,-141.9160980282845,-8.67839848927257,0.6353043063885934,0.29568914274240043,1.0,0.8974918875396715,False,False,False,False
Q0976,JUMPS,BANKNIFTY,"After the 1-ITM BANKNIFTY CE already rose 20+ points off its 15-min low, does it jump +20 again before -15 (net)?",31618,996,36078,-0.1770414795556606,-0.18356632298058068,-0.1713232440822662,-0.012243078898314469,0.008007591816737068,-0.027937958859119122,0.003451801062490184,0.12628082156151235,-0.019634832383380457,-0.004582870186365856,CE,31618.0,996.0,-26.954089886165374,-176.58241515694513,1.0,-158.59994670074022,T25S10H15,-11.917578387557537,-166.92857670976258,1.0,-157.5454557012652,-9.383121008497374,0.9901704192239568,0.2978103470097823,1.0,1.0,True,False,False,False
Q0977,JUMPS,BANKNIFTY,"After the 1-ITM BANKNIFTY PE already rose 20+ points off its 15-min low, does it jump +20 again before -15 (net)?",29526,995,38170,-0.18303887969747104,-0.18780058253742465,-0.1793555148022007,-0.008445067735223966,0.0077305239777236134,-0.02359689473156225,0.006706759261114317,0.27464349338114136,-0.011389933512926192,-0.0051800745809258975,PE,29526.0,995.0,-11.079125505253398,-146.08073019334014,1.0,-140.37296280463093,time,-11.079125505253398,-146.08073019334014,1.0,-140.37296280463093,-5.707767388709185,0.6642416877289894,0.4975419873005471,1.0,0.9137750338957404,True,False,False,False
Q1028,ROUND,BANKNIFTY,"When BANKNIFTY crosses ABOVE a round 500 level (last 5 min), is it up over the next 15 minutes more often?",1982,714,65746,0.5039717694306638,0.4818365287588295,0.5046390654944788,-0.022802536735649304,0.01169120651303773,-0.045717301501203254,0.00011222802990464714,0.05112838493110588,-0.01889538424065279,-0.027039032692184495,CE,1979.0,714.0,-5.397684209090161,-153.0198993819651,0.9996147607860482,-163.5115469304927,time,-5.397684209090161,-153.0198993819651,0.9996147607860482,-163.5115469304927,10.491647548527553,0.4087263003362477,0.15162210703707263,1.0,0.8450568766484648,True,False,False,False
Q1029,ROUND,BANKNIFTY,"When BANKNIFTY crosses ABOVE a round 500 level (last 5 min), is it up over the next 30 minutes more often?",1982,714,65746,0.5060240963855421,0.48789101917255295,0.506570741946278,-0.018679722773725094,0.01234420887306366,-0.04287437216492987,0.005514926617479678,0.13021928027694943,-0.0028741931555230638,-0.035391310754510574,CE,1979.0,714.0,-34.58794712357716,-182.09297401973564,0.9977954761299548,-176.86924757602716,T25S10H30,-26.338423101994774,-179.3211862808778,1.0,-160.0194472100628,-19.301739070815024,0.9408381291919367,0.3037664946785981,1.0,1.0,True,False,False,False
Q1030,ROUND,BANKNIFTY,"When BANKNIFTY crosses BELOW a round 500 level (last 5 min), is it up over the next 15 minutes more often?",1986,697,65742,0.5039717694306638,0.5251762336354482,0.5033312037966596,0.021845029838788554,0.011728576846259454,-0.0011429807798799749,0.044833040457457084,0.06252597634857539,0.02534385008766593,0.017979220115449945,CE,1983.0,697.0,-18.759329002792043,-164.59936855324,0.9999459554931135,-162.44667909599372,T30S10H60,11.75138610093448,-139.6802631115548,1.0,-160.62636858067734,20.946105469122546,0.08705300363107167,0.1764956443975104,1.0,0.4421752474581898,True,False,False,False
Q1031,ROUND,BANKNIFTY,"When BANKNIFTY crosses BELOW a round 500 level (last 5 min), is it up over the next 30 minutes more often?",1986,697,65742,0.5060240963855421,0.5196374622356495,0.505612850232728,0.0140246120029216,0.01188960741855918,-0.009279018537454393,0.03732824254329759,0.23817168956247958,0.02519157819096718,0.00209047420075692,CE,1983.0,697.0,-69.36991027912826,-215.00679433034122,0.999801633968883,-174.85648177186175,T30S10H60,11.75138610093448,-139.6802631115548,1.0,-160.62636858067734,20.946105469122546,0.08705300363107167,0.46132354284624427,1.0,0.4421752474581898,True,False,False,False
Q1032,ROUND,BANKNIFTY,"When BANKNIFTY rises to within 0.1% below a round 500 level (last 5 min), is it up over the next 15 minutes more often?",2965,672,64763,0.5039717694306638,0.5038785834738617,0.5039760356993963,-9.745222553458888e-05,0.011275278221912518,-0.022196997540483123,0.022002093089413945,0.9931039698911001,-0.004678330665741193,0.004112344070376639,CE,2963.0,672.0,63.559902796985085,-78.36357810214025,0.9879178615442752,-160.04545936323336,time,63.559902796985085,-78.36357810214025,0.9879178615442752,-160.04545936323336,81.68188126109314,0.009393959362823338,0.9977446426476005,1.0,0.11827600487071935,False,False,False,False
Q1033,ROUND,BANKNIFTY,"When BANKNIFTY rises to within 0.1% below a round 500 level (last 5 min), is it up over the next 30 minutes more often?",2965,672,64763,0.5060240963855421,0.5288364249578414,0.5049796951963312,0.02385672976151021,0.012983802832615245,-0.0015915237904156714,0.04930498331343609,0.06614756706480857,0.03236416435607481,0.01643832075598628,CE,2963.0,672.0,79.07011989138233,-62.91556568489712,0.8803387996815734,-173.89167773542792,time,79.07011989138233,-62.91556568489712,0.8803387996815734,-173.89167773542792,110.9761120505308,0.0190125114740408,0.1840499155107829,1.0,0.18544485567408694,True,False,False,False
Q1034,ROUND,BANKNIFTY,"When BANKNIFTY falls to within 0.1% above a round 500 level (last 5 min), is it up over the next 15 minutes more often?",2850,655,64878,0.5039717694306638,0.49122807017543857,0.5045315823545732,-0.013303512179134613,0.012188947323030169,-0.037193848932273746,0.010586824574004516,0.2750790485455118,-0.019418417153691803,-0.007668140801924406,PE,2850.0,655.0,81.42596515061562,-47.50298442120943,0.918909454159482,-143.21388597225038,time,81.42596515061562,-47.50298442120943,0.918909454159482,-143.21388597225038,95.71090155104089,0.002385423335781378,0.4975419873005471,1.0,0.044825828557957574,True,False,False,False
Q1035,ROUND,BANKNIFTY,"When BANKNIFTY falls to within 0.1% above a round 500 level (last 5 min), is it up over the next 30 minutes more often?",2850,655,64878,0.5060240963855421,0.49719298245614035,0.5064120348962668,-0.009219052440126496,0.013477176292479453,-0.03563431797338622,0.01719621309313323,0.4939440619471238,-0.014129144066235055,-0.004882727419768806,PE,2850.0,655.0,58.45184823682434,-70.38473020912616,0.922018379052564,-152.56702386750007,time,58.45184823682434,-70.38473020912616,0.922018379052564,-152.56702386750007,82.1822936583739,0.048672735780597026,0.7095632961155788,1.0,0.3252779541377084,True,False,False,False
Q1070,LEVELS,BANKNIFTY,"When BANKNIFTY crosses above the previous day's high (last 5 min), is it up over the next 15 minutes more often?",926,368,66802,0.5039717694306638,0.48488120950323976,0.5042364001077813,-0.019355190604541495,0.017497785652123374,-0.05365085048270331,0.014940469273620319,0.268661229085022,-0.013164603671166786,-0.025887496702220236,PE,925.0,368.0,27.03514033137141,-99.89474670587518,0.9886497611336986,-141.70536535327753,time,27.03514033137141,-99.89474670587518,0.9886497611336986,-141.70536535327753,41.81061864740235,0.16994375034737377,0.4918769027310774,1.0,0.6024821426644564,True,False,False,False
Q1071,LEVELS,BANKNIFTY,"When BANKNIFTY crosses below the previous day's low (last 5 min), is it up over the next 15 minutes more often?",806,325,66922,0.5039717694306638,0.5248138957816377,0.5037207495293028,0.021093146252334938,0.019023682047101823,-0.01619327055998463,0.058379563064654506,0.2675235563674412,0.03216239648419983,0.009253402158001522,CE,806.0,325.0,11.950370088108716,-138.15787754264002,0.9766614893226075,-160.74265045951464,time,11.950370088108716,-138.15787754264002,0.9766614893226075,-160.74265045951464,22.584772916874645,0.3725678003282399,0.49090382320625764,1.0,0.8409648023877284,True,False,False,False
Q1072,LEVELS,BANKNIFTY,"When BANKNIFTY crosses back above the day's open (last 5 min), is it up over the next 15 minutes more often?",1739,661,65989,0.5039717694306638,0.4772857964347326,0.5046750215945082,-0.027389225159775543,0.01188324402553493,-0.05068038344982401,-0.004098066869727083,0.021174362022823297,-0.04134440754043539,-0.012302476236604687,PE,1738.0,661.0,-18.30653447413472,-149.22466213039078,0.9999508030456827,-146.64528497068153,T30S10H15,10.368093407195238,-124.92291659902595,1.0,-144.5197216245537,19.596805025527757,0.07827177985786332,0.07626864818913946,1.0,0.4208005779514487,True,False,False,False
Q1073,LEVELS,BANKNIFTY,"When BANKNIFTY crosses back below the day's open (last 5 min), is it up over the next 15 minutes more often?",1704,639,66024,0.5039717694306638,0.54518779342723,0.5029080334423845,0.042279759984845455,0.012792398415295083,0.017206659090867094,0.06735286087882382,0.0009495300601636112,0.016947316854001193,0.07073299288868151,CE,1703.0,639.0,67.05491441736764,-77.40121659467349,0.9698455471374826,-164.05031387192466,time,67.05491441736764,-77.40121659467349,0.9698455471374826,-164.05031387192466,86.6490972772512,0.017625962859992732,0.004747650300818056,1.0,0.177173863603617,True,True,False,False
Q1074,LEVELS,BANKNIFTY,"When BANKNIFTY makes a new day high after 12:00 (last 5 min), is it up over the next 15 minutes more often?",2253,409,65475,0.5039717694306638,0.5099866844207723,0.5037647957235586,0.00622188869721374,0.013543627468127368,-0.0203236211403159,0.03276739853474338,0.6459497982917766,0.025341549299559563,-0.01944721355757789,CE,2253.0,409.0,85.79736840021224,-51.983444480951604,0.8602990818752945,-154.04840539390287,liq,169.22102753342494,29.817895882910587,0.41376815247595417,-160.9250265370008,190.74292241991142,0.08169547772311755,0.8113682958095344,1.0,0.42920724264206245,False,False,False,False
Q1075,LEVELS,BANKNIFTY,"When BANKNIFTY makes a new day low after 12:00 (last 5 min), is it up over the next 15 minutes more often?",1972,385,65756,0.5039717694306638,0.5162271805273834,0.5036042338341749,0.012622946693208514,0.014143224870648912,-0.015097774053263353,0.04034366743968038,0.37212050402191943,0.0021464532949744264,0.02717075154410009,PE,1972.0,385.0,-39.93762948389711,-169.27583445153377,0.9995447017756572,-149.95970219921455,T25S10H60,-15.071122138543739,-148.97091970622307,1.0,-147.4473206012516,-1.5235991049715085,0.5433487062043484,0.6010872692972766,1.0,0.8550777687066712,True,False,False,False
Q1076,LEVELS,BANKNIFTY,"When BANKNIFTY first breaks above the previous day's high (opened below it), how often does it close (15:09) beyond it?",260,260,0,0.5653846153846154,0.5653846153846154,0.5,0.06538461538461537,0.030801698047197918,0.005013287212107455,0.1257559435571233,0.03377396058180429,0.0461538461538461,0.08461538461538465,CE,260.0,260.0,-200.536531447218,-346.8557661166897,0.8170319309755746,-390.3182774840002,liq,305.2875398489145,154.97199984231113,0.2662912656704979,-174.3747545155146,329.34675435782583,0.09260988593615099,0.1111439008942029,1.0,0.4549255235379388,True,False,False,False
Q1077,LEVELS,BANKNIFTY,"When BANKNIFTY first breaks above the previous day's high (opened below it), how far does it run in the next 30 minutes (%)?",260,260,0,0.016100842219132643,0.016100842219132643,0.0,0.016100842219132643,0.017002641234330762,-0.017224334600155652,0.049426019038420935,0.34365853029776905,-0.0016145522777850812,0.03381623671605037,CE,260.0,260.0,137.75872193850003,-9.919085203802156,0.5242657199011924,-189.4334147480379,liq,305.2875398489145,154.97199984231113,0.2662912656704979,-174.3747545155146,329.34675435782583,0.09260988593615099,0.569087938490529,1.0,0.4549255235379388,False,False,False,False
Q1078,LEVELS,BANKNIFTY,"When BANKNIFTY first breaks below the previous day's low (opened above it), how often does it close (15:09) beyond it?",274,274,0,0.5072992700729927,0.5072992700729927,0.5,0.007299270072992692,0.03025815184904974,-0.052006707551144796,0.06660524769713018,0.8093743992230877,-0.010948905109489038,0.025547445255474477,PE,274.0,274.0,-738.1423122506507,-872.9000925269592,0.9779997349682129,-376.8901309866432,liq,449.2646032180229,307.39384718807213,0.14921352227615137,-160.834183467485,468.2280306555572,0.0564793223793089,0.9027703245506913,1.0,0.35160233456596324,False,False,False,False
Q1079,LEVELS,BANKNIFTY,"When BANKNIFTY first breaks below the previous day's low (opened above it), how far does it run in the next 30 minutes (%)?",274,274,0,-0.008941784392308146,-0.008941784392308146,0.0,-0.008941784392308146,0.022311123016948348,-0.052671585505526905,0.034788016720910614,0.6885843323477528,0.0024543626465066506,-0.02033793143112294,PE,274.0,274.0,-115.38501788229838,-252.64403187678428,0.8912800933929681,-172.5976058868609,liq,449.2646032180229,307.39384718807213,0.14921352227615137,-160.834183467485,468.2280306555572,0.0564793223793089,0.8429577054019824,1.0,0.35160233456596324,False,False,False,False
Q1110,CROSS,BANKNIFTY,"If FINNIFTY jumped (>1.5 sd in 5 min) while BANKNIFTY stayed flat, is BANKNIFTY up over the next 5 minutes more often (does FINNIFTY lead)?",37,37,67691,0.5021999763760926,0.4864864864864865,0.5022085653927405,-0.01572207890625399,0.08227166277032996,-0.1769745379361007,0.14553038012359273,0.8484475890180186,-0.1950697968245455,0.08167848699763602,CE,37.0,37.0,-14.425610722722235,-168.83020145972765,0.6570163133526137,-188.64978594988386,T30S10H15,76.99999422640414,-83.0007992687973,0.7839281346846161,-162.22825032520583,79.22745105640857,0.227195503323054,0.9244065792510507,1.0,0.6880541371313058,False,False,False,False
Q1111,CROSS,BANKNIFTY,"If FINNIFTY jumped (>1.5 sd in 5 min) while BANKNIFTY stayed flat, is BANKNIFTY up over the next 15 minutes more often (does FINNIFTY lead)?",37,37,67691,0.5039717694306638,0.5135135135135135,0.5039665538993366,0.009546959614176842,0.08220152295105923,-0.15156802536989925,0.17066194459825293,0.9075408673095005,-0.044059600557192935,0.03933215130023637,PE,37.0,37.0,137.3513484645534,-3.4516419514187677,0.5037263124082416,-168.4279842076811,liq,1113.5675213788006,967.3942324966117,0.13574151316220218,-179.1640812946137,1146.5583137912256,0.09653470393160557,0.9580423231008638,1.0,0.46427865832703186,False,False,False,False
Q1112,CROSS,BANKNIFTY,"If FINNIFTY dropped (<-1.5 sd in 5 min) while BANKNIFTY stayed flat, is BANKNIFTY up over the next 5 minutes more often (does FINNIFTY lead)?",21,21,67707,0.5021999763760926,0.7142857142857143,0.5021341958733957,0.2121515184123186,0.09870205737930389,0.018695485948882984,0.40560755087575423,0.03160164923662294,0.2473712192816635,0.19066815433244788,,,,,,,,,,,,,,,0.10533883078874312,,,True,False,False,False
Q1113,CROSS,BANKNIFTY,"If FINNIFTY dropped (<-1.5 sd in 5 min) while BANKNIFTY stayed flat, is BANKNIFTY up over the next 15 minutes more often (does FINNIFTY lead)?",21,21,67707,0.5039717694306638,0.5714285714285714,0.5039508470320646,0.06747772439650679,0.1080065261916916,-0.14421506693920874,0.2791705157322223,0.5321312182137842,0.11944706994328924,0.036113011091593705,,,,,,,,,,,,,,,0.7365335531070617,,,True,False,False,False
Q1114,CROSS,BANKNIFTY,"If FINNIFTY rose >0.15% but BANKNIFTY fell >0.15% over 30 min, is BANKNIFTY up over the next 30 minutes more often (does it catch up)?",2,2,67726,0.5060240963855421,0.5,0.5060242742816643,-0.006024274281664299,0.35378463449377906,-0.6994421578894713,0.6873936093261427,0.9864142116594071,,,,,,,,,,,,,,,,,0.9968142517488068,,,False,False,False,False
Q1115,CROSS,BANKNIFTY,"If FINNIFTY fell >0.15% but BANKNIFTY rose >0.15% over 30 min, is BANKNIFTY up over the next 30 minutes more often (does it catch up)?",7,7,67721,0.5060240963855421,0.5714285714285714,0.5060173358337886,0.06541123559478279,0.18708488918572796,-0.30127514720924403,0.4320976183988096,0.7266134014039402,,,,,,,,,,,,,,,,,0.8592719818012869,,,False,False,False,False
Q1122,CROSS,BANKNIFTY,"If NIFTY jumped (>1.5 sd in 5 min) while BANKNIFTY stayed flat, is BANKNIFTY up over the next 5 minutes more often (does NIFTY lead)?",202,171,67526,0.5021999763760926,0.42574257425742573,0.5024286941326304,-0.07668611987520463,0.034659898810691356,-0.1446195215441597,-0.008752718206249566,0.026929958249771773,-0.07430009303899182,-0.07825660693495884,PE,201.0,170.0,89.38062943036283,-35.261634869289686,0.622433465195194,-151.31713495330268,liq,119.52236441237416,-7.039880607935672,0.5110787812419959,-182.07050493113982,175.0306243232041,0.24462184450788066,0.09166133546756092,1.0,0.7102932890209267,True,False,False,False
Q1123,CROSS,BANKNIFTY,"If NIFTY jumped (>1.5 sd in 5 min) while BANKNIFTY stayed flat, is BANKNIFTY up over the next 15 minutes more often (does NIFTY lead)?",202,171,67526,0.5039717694306638,0.4405940594059406,0.5041613600687143,-0.06356730066277366,0.03437572041331957,-0.13094371267288002,0.0038091113473326943,0.06443012087554248,-0.08913558318531672,-0.044891698400915336,PE,201.0,170.0,89.38062943036283,-35.261634869289686,0.622433465195194,-151.31713495330268,liq,119.52236441237416,-7.039880607935672,0.5110787812419959,-182.07050493113982,175.0306243232041,0.24462184450788066,0.1809016960085223,1.0,0.7102932890209267,True,False,False,False
Q1124,CROSS,BANKNIFTY,"If NIFTY dropped (<-1.5 sd in 5 min) while BANKNIFTY stayed flat, is BANKNIFTY up over the next 5 minutes more often (does NIFTY lead)?",234,193,67494,0.5021999763760926,0.49145299145299143,0.5022372359024506,-0.01078424444945919,0.03173792840562683,-0.07299058412448778,0.05142209522556939,0.7340143527443146,-0.04447998104714529,0.01283231360658399,CE,234.0,193.0,-33.324755399655075,-174.8316750012275,0.9380673226559505,-169.46148941248708,T15S10H15,-7.089747241419604,-152.66203501041022,0.9999999834290959,-170.46751866507472,17.805483654664485,0.259441286202585,0.862363161367907,1.0,0.7282080495568365,False,False,False,False
Q1125,CROSS,BANKNIFTY,"If NIFTY dropped (<-1.5 sd in 5 min) while BANKNIFTY stayed flat, is BANKNIFTY up over the next 15 minutes more often (does NIFTY lead)?",234,193,67494,0.5039717694306638,0.4829059829059829,0.5040448039825762,-0.021138821076593317,0.03339589526626313,-0.08659477579846905,0.04431713364528242,0.5267489075777418,-0.08916725894337835,0.02673205293812797,PE,234.0,193.0,-11.247825133494842,-142.3742893006988,0.911959926758211,-153.41419493318477,T30S15H15,20.401715335682926,-114.73372914015073,0.9937930938702161,-155.7583616033623,41.02463246321157,0.18478995568269857,0.7322263909216455,1.0,0.6242741004539684,False,False,False,False
Q1126,CROSS,BANKNIFTY,"If NIFTY rose >0.15% but BANKNIFTY fell >0.15% over 30 min, is BANKNIFTY up over the next 30 minutes more often (does it catch up)?",56,36,67672,0.5060240963855421,0.5,0.5060290814517082,-0.006029081451708218,0.08550956754151484,-0.1736278338330773,0.16156967092966087,0.9437895859005548,0.03277048155096929,-0.09460218040003543,PE,55.0,35.0,10.818322615189986,-130.9282358662575,0.605868698857311,-148.28112289341072,time,10.818322615189986,-130.9282358662575,0.605868698857311,-148.28112289341072,17.352887027153272,0.4857623994833617,0.9771176290623722,1.0,0.8450568766484648,False,False,False,False
Q1127,CROSS,BANKNIFTY,"If NIFTY fell >0.15% but BANKNIFTY rose >0.15% over 30 min, is BANKNIFTY up over the next 30 minutes more often (does it catch up)?",86,52,67642,0.5060240963855421,0.47674418604651164,0.506061322846752,-0.02931713680024034,0.05878652436335584,-0.14453872455241779,0.0859044509519371,0.61798718370277,-0.08915691143431476,0.013700833974093607,PE,86.0,52.0,122.3372055763422,-30.321707571714583,0.5308350525326682,-142.76219692279238,liq,393.2820102780364,237.3719789829272,0.33066564958697187,-189.57312247888208,426.9451014618095,0.21486787745601432,0.7900926332770796,1.0,0.6730451392868937,False,False,False,False
Q1158,CONSTIT,BANKNIFTY,"If HDFCBANK jumped (>1.5 sd in 5 min) while BANKNIFTY was flat, is BANKNIFTY up over the next 5 minutes more often?",95,72,16565,0.5021608643457383,0.43157894736842106,0.502565650467854,-0.07098670309943289,0.05357331705046421,-0.17599040451834275,0.034016998319476965,0.1851584104661857,0.03962241462241456,-0.18394234762176198,PE,95.0,72.0,-216.70520581697164,-391.54093708767846,0.9889387770980548,-152.68761008724115,T20S20H60,95.78946806255139,-84.17858204076286,0.8931862349362536,-168.82591733645265,84.64733529568977,0.10339622221020192,0.39028488480617574,1.0,0.48027290991987565,False,False,False,False
Q1159,CONSTIT,BANKNIFTY,"If HDFCBANK jumped (>1.5 sd in 5 min) while BANKNIFTY was flat, is BANKNIFTY up over the next 15 minutes more often?",95,72,16565,0.49879951980792314,0.6105263157894737,0.4981587684877754,0.11236754730169829,0.05029085500257884,0.01379747149664376,0.21093762310675282,0.025459823505082073,0.12103174603174605,0.10344258362715786,CE,95.0,72.0,206.42634361668638,-0.5334067598044654,0.5010623673723615,-165.60287056466066,liq,344.6577176545796,135.81012194935732,0.3634277446024063,-189.81860008720128,325.6287220365586,0.20114782823112082,0.08711716796168667,1.0,0.650867728114194,True,False,False,False
Q1160,CONSTIT,BANKNIFTY,"If HDFCBANK dropped (<-1.5 sd) while BANKNIFTY was flat, is BANKNIFTY up over the next 5 minutes more often?",108,82,16552,0.5021608643457383,0.5370370370370371,0.5019333011116481,0.03510373592538896,0.04489725648536951,-0.05289488678593529,0.1231023586367132,0.4342920508536453,0.12887190691742378,-0.034565569981273636,CE,108.0,82.0,98.43759271833632,-104.09192470803681,0.7525836632206914,-169.03320087239075,liq,308.1620647289135,103.95512604348886,0.38102687845980165,-193.33993121440906,297.29505725789795,0.19369141106587784,0.6639216631319255,1.0,0.6379154430920848,False,False,False,False
Q1161,CONSTIT,BANKNIFTY,"If HDFCBANK dropped (<-1.5 sd) while BANKNIFTY was flat, is BANKNIFTY up over the next 15 minutes more often?",108,82,16552,0.49879951980792314,0.5462962962962963,0.4984896085065249,0.047806687789771374,0.044739469216625645,-0.039882671874814896,0.13549604745435764,0.2852691842019498,0.1483268344188089,-0.025335548120695495,CE,108.0,82.0,98.43759271833632,-104.09192470803681,0.7525836632206914,-169.03320087239075,liq,308.1620647289135,103.95512604348886,0.38102687845980165,-193.33993121440906,297.29505725789795,0.19369141106587784,0.508283491188557,1.0,0.6379154430920848,False,False,False,False
Q1162,CONSTIT,BANKNIFTY,"If ICICIBANK jumped (>1.5 sd in 5 min) while BANKNIFTY was flat, is BANKNIFTY up over the next 5 minutes more often?",101,83,16559,0.5021608643457383,0.5346534653465347,0.501962678905731,0.0326907864408037,0.04968143115931122,-0.06468481863144629,0.1300663915130537,0.51053289633377,0.0909078753844097,-0.03415758970139515,CE,101.0,83.0,137.60908221254255,-58.547445375032915,0.6399859433910535,-164.4861015677245,time,137.60908221254255,-58.547445375032915,0.6399859433910535,-164.4861015677245,105.93865619269161,0.25777433866542926,0.7245186317607957,1.0,0.7264594030755905,False,False,False,False
Q1163,CONSTIT,BANKNIFTY,"If ICICIBANK jumped (>1.5 sd in 5 min) while BANKNIFTY was flat, is BANKNIFTY up over the next 15 minutes more often?",101,83,16559,0.49879951980792314,0.5544554455445545,0.49846005193550336,0.05599539360905115,0.04818071749762791,-0.03843881268629955,0.15042959990440186,0.24515622611774607,0.0698622810536168,0.039249115947000646,CE,101.0,83.0,137.60908221254255,-58.547445375032915,0.6399859433910535,-164.4861015677245,time,137.60908221254255,-58.547445375032915,0.6399859433910535,-164.4861015677245,105.93865619269161,0.25777433866542926,0.46733192900912385,1.0,0.7264594030755905,True,False,False,False
Q1164,CONSTIT,BANKNIFTY,"If ICICIBANK dropped (<-1.5 sd) while BANKNIFTY was flat, is BANKNIFTY up over the next 5 minutes more often?",97,77,16563,0.5021608643457383,0.4845360824742268,0.502264082593733,-0.017728000119506204,0.05198243057793357,-0.11961356405225601,0.0841575638132436,0.7330747437080216,-0.10282485875706215,0.05599410293733442,CE,97.0,77.0,125.8735456171724,-87.72356810320824,0.676409542346087,-165.04524586747962,liq,167.16986194099348,-47.63860083726614,0.569065178316441,-172.3941529116806,124.75555207441447,0.32378172591611165,0.862363161367907,1.0,0.7966379175404645,False,False,False,False
Q1165,CONSTIT,BANKNIFTY,"If ICICIBANK dropped (<-1.5 sd) while BANKNIFTY was flat, is BANKNIFTY up over the next 15 minutes more often?",97,77,16563,0.49879951980792314,0.5154639175257731,0.49870192597959306,0.016761991546180077,0.05032029666903216,-0.08186578992512294,0.1153897730174831,0.7390542883787898,0.05116800897543783,-0.012195349531594069,CE,97.0,77.0,125.8735456171724,-87.72356810320824,0.676409542346087,-165.04524586747962,liq,167.16986194099348,-47.63860083726614,0.569065178316441,-172.3941529116806,124.75555207441447,0.32378172591611165,0.8624083127690702,1.0,0.7966379175404645,False,False,False,False
Q1166,CONSTIT,BANKNIFTY,"If SBIN jumped (>1.5 sd in 5 min) while BANKNIFTY was flat, is BANKNIFTY up over the next 5 minutes more often?",172,112,16488,0.5021608643457383,0.4941860465116279,0.5022440562833576,-0.008058009771729657,0.043620264846261234,-0.09355372887040167,0.07743770932694236,0.8534401267716165,-0.04319434029928598,0.018578448700778183,PE,172.0,112.0,108.1845801375633,-58.2478801258428,0.7242157427317651,-148.06348787812547,time,108.1845801375633,-58.2478801258428,0.7242157427317651,-148.06348787812547,89.81560775228263,0.1773450111689418,0.9274960097181005,1.0,0.6127228628435747,False,False,False,False
Q1167,CONSTIT,BANKNIFTY,"If SBIN jumped (>1.5 sd in 5 min) while BANKNIFTY was flat, is BANKNIFTY up over the next 15 minutes more often?",172,112,16488,0.49879951980792314,0.45348837209302323,0.4992721979621543,-0.045783825869131045,0.039465379176220214,-0.12313596905452266,0.03156831731626057,0.24600768687018054,-0.03197274475923456,-0.05475949833458632,PE,172.0,112.0,108.1845801375633,-58.2478801258428,0.7242157427317651,-148.06348787812547,time,108.1845801375633,-58.2478801258428,0.7242157427317651,-148.06348787812547,89.81560775228263,0.1773450111689418,0.4680677228060957,1.0,0.6127228628435747,True,False,False,False
Q1168,CONSTIT,BANKNIFTY,"If SBIN dropped (<-1.5 sd) while BANKNIFTY was flat, is BANKNIFTY up over the next 5 minutes more often?",129,97,16531,0.5021608643457383,0.4496124031007752,0.5025709273486177,-0.05295852424784253,0.044131349497956995,-0.13945596926383824,0.03353892076815318,0.23013137752592722,-0.03824196987413164,-0.06425845315261736,PE,129.0,97.0,185.74426118717636,13.952222176557825,0.4562797452136841,-146.21457225354752,time,185.74426118717636,13.952222176557825,0.4562797452136841,-146.21457225354752,160.16679443010534,0.10428037845201463,0.4539288639272876,1.0,0.48191666854196574,True,False,False,False
Q1169,CONSTIT,BANKNIFTY,"If SBIN dropped (<-1.5 sd) while BANKNIFTY was flat, is BANKNIFTY up over the next 15 minutes more often?",129,97,16531,0.49879951980792314,0.4883720930232558,0.49888089044824874,-0.010508797424992944,0.04412686707289413,-0.09699745688786543,0.07597986203787954,0.8117650363591945,0.06721576449549482,-0.06883632444246762,PE,129.0,97.0,185.74426118717636,13.952222176557825,0.4562797452136841,-146.21457225354752,time,185.74426118717636,13.952222176557825,0.4562797452136841,-146.21457225354752,160.16679443010534,0.10428037845201463,0.9027703245506913,1.0,0.48191666854196574,False,False,False,False
Q1170,CONSTIT,BANKNIFTY,"If KOTAKBANK jumped (>1.5 sd in 5 min) while BANKNIFTY was flat, is BANKNIFTY up over the next 5 minutes more often?",210,125,16450,0.5021608643457383,0.49047619047619045,0.5023100303951368,-0.01183383991894632,0.03200655372211472,-0.07456668521429118,0.050899005376398535,0.7115823538682848,-0.022149600580973094,-0.002076209086467995,PE,210.0,125.0,8.466654698053995,-159.149949062991,0.921158000352756,-144.41982467449517,T30S20H30,25.9333553314209,-146.57847102136859,0.9963804755111119,-174.1180001852271,27.539529163858514,0.3065731910842653,0.8523312785959756,1.0,0.7790117764867617,True,False,False,False
Q1171,CONSTIT,BANKNIFTY,"If KOTAKBANK jumped (>1.5 sd in 5 min) while BANKNIFTY was flat, is BANKNIFTY up over the next 15 minutes more often?",210,125,16450,0.49879951980792314,0.49047619047619045,0.4989057750759878,-0.008429584599797368,0.03526121759460612,-0.07754157108522536,0.06068240188563062,0.811058224028013,-0.03449527959331877,0.016587056035028747,PE,210.0,125.0,8.466654698053995,-159.149949062991,0.921158000352756,-144.41982467449517,T30S20H30,25.9333553314209,-146.57847102136859,0.9963804755111119,-174.1180001852271,27.539529163858514,0.3065731910842653,0.9027703245506913,1.0,0.7790117764867617,False,False,False,False
Q1172,CONSTIT,BANKNIFTY,"If KOTAKBANK dropped (<-1.5 sd) while BANKNIFTY was flat, is BANKNIFTY up over the next 5 minutes more often?",197,126,16463,0.5021608643457383,0.48223350253807107,0.5023993196865699,-0.020165817148498855,0.03583298212625088,-0.09039846211595057,0.05006682781895286,0.5735898044371748,0.032950886912353816,-0.0614296642396826,PE,197.0,126.0,-16.123166931462166,-186.83135117194465,0.9817269219556636,-149.33484857336913,T20S10H30,34.4758861561112,-142.2118975085943,0.9999717708502169,-151.8338831810631,9.621985672468787,0.3924886143866732,0.7696747623599105,1.0,0.8450568766484648,False,False,False,False
Q1173,CONSTIT,BANKNIFTY,"If KOTAKBANK dropped (<-1.5 sd) while BANKNIFTY was flat, is BANKNIFTY up over the next 15 minutes more often?",197,126,16463,0.49879951980792314,0.4873096446700508,0.49893701026544374,-0.011627365595392958,0.03598531535743466,-0.08215858369596489,0.058903852505178975,0.7466087731289008,-0.016459992021440994,-0.006488467697997324,CE,197.0,126.0,-45.269055051852,-251.01357912648226,0.9951050179776494,-163.98223126904628,T30S10H15,17.78425962186707,-196.24785573241553,0.9999990960344519,-161.67848228033142,-34.56937345208412,0.7988593677617479,0.8637895222746925,1.0,0.9819225789373557,True,False,False,False
Q1174,CONSTIT,BANKNIFTY,"If AXISBANK jumped (>1.5 sd in 5 min) while BANKNIFTY was flat, is BANKNIFTY up over the next 5 minutes more often?",179,119,16481,0.5021608643457383,0.5083798882681564,0.5020933195801226,0.006286568688033789,0.038803263428403185,-0.06976782763163646,0.08234096500770403,0.8712969241518067,-0.021954273553163428,0.02770319746155725,CE,179.0,119.0,122.71514913889283,-74.61328930571253,0.7463889327929948,-160.84196923239796,time,122.71514913889283,-74.61328930571253,0.7463889327929948,-160.84196923239796,86.22867992668544,0.22195592340403505,0.9421400101892964,1.0,0.6813032603709495,False,False,False,False
Q1175,CONSTIT,BANKNIFTY,"If AXISBANK jumped (>1.5 sd in 5 min) while BANKNIFTY was flat, is BANKNIFTY up over the next 15 minutes more often?",179,119,16481,0.49879951980792314,0.5139664804469274,0.4986347915781809,0.015331688868746474,0.038581392211590605,-0.06028783986597111,0.09095121760346406,0.691083148456913,0.028063043508922525,0.00720039052965582,CE,179.0,119.0,122.71514913889283,-74.61328930571253,0.7463889327929948,-160.84196923239796,time,122.71514913889283,-74.61328930571253,0.7463889327929948,-160.84196923239796,86.22867992668544,0.22195592340403505,0.8429577054019824,1.0,0.6813032603709495,True,False,False,False
Q1176,CONSTIT,BANKNIFTY,"If AXISBANK dropped (<-1.5 sd) while BANKNIFTY was flat, is BANKNIFTY up over the next 5 minutes more often?",139,98,16521,0.5021608643457383,0.4316546762589928,0.5027540705768416,-0.07109939431784884,0.04544581533181734,-0.16017319236821081,0.017974403732513133,0.11770320728981992,0.005232964981048749,-0.14217196281884997,CE,139.0,98.0,-136.10966209027407,-335.75389569131084,0.9927141774544889,-167.99972836242733,T15S10H30,-61.08634015639051,-268.60449311482904,0.9999999999999039,-165.95116177711728,-102.65333133771172,0.9975576796596234,0.28222516246072066,1.0,1.0,False,False,False,False
Q1177,CONSTIT,BANKNIFTY,"If AXISBANK dropped (<-1.5 sd) while BANKNIFTY was flat, is BANKNIFTY up over the next 15 minutes more often?",139,98,16521,0.49879951980792314,0.4748201438848921,0.499001271109497,-0.024181127224604915,0.0419781225514721,-0.10645824742549022,0.05809599297628039,0.5645873478927138,0.03291425240916068,-0.07688878080415046,PE,139.0,98.0,-20.924502310993002,-187.59401296049904,0.9307269452548318,-142.13918943907436,T20S10H15,84.26438118914048,-87.9404283630751,0.9727443732682503,-149.3161432420132,61.3757148789381,0.09043728884364528,0.764236808794964,1.0,0.4500340583874087,False,False,False,False
Q1178,CONSTIT,BANKNIFTY,"If the 5 big banks together jumped (>1.5 sd in 5 min) while BANKNIFTY was flat, is BANKNIFTY up over the next 5 minutes more often?",9,9,16651,0.5021608643457383,0.4444444444444444,0.5021920605369047,-0.05774761609246026,0.16565207583823438,-0.3824256847353996,0.2669304525504791,0.7273837241294615,,,,,,,,,,,,,,,,,0.8592719818012869,,,False,False,False,False
Q1179,CONSTIT,BANKNIFTY,"If the 5 big banks together jumped (>1.5 sd in 5 min) while BANKNIFTY was flat, is BANKNIFTY up over the next 15 minutes more often?",9,9,16651,0.49879951980792314,0.6666666666666666,0.49870878625908355,0.16795788040758308,0.15691686894602036,-0.1395991827266168,0.475514943541783,0.28445632023300077,,,,,,,,,,,,,,,,,0.5075361730298354,,,False,False,False,False
Q1180,CONSTIT,BANKNIFTY,"If the 5 big banks together dropped while BANKNIFTY was flat, is BANKNIFTY up over the next 5 minutes more often?",4,4,16656,0.5021608643457383,0.25,0.5022214217098944,-0.25222142170989437,0.21706870479947427,-0.677676083116864,0.17323323969707521,0.24525869452649368,,,,,,,,,,,,,,,,,0.46733192900912385,,,False,False,False,False
Q1181,CONSTIT,BANKNIFTY,"If the 5 big banks together dropped while BANKNIFTY was flat, is BANKNIFTY up over the next 15 minutes more often?",4,4,16656,0.49879951980792314,0.5,0.49879923150816524,0.0012007684918347583,0.25033381964521556,-0.48945351801278775,0.49185505499645726,0.9961728264754572,,,,,,,,,,,,,,,,,0.9984949076560528,,,False,False,False,False
Q1204,CONSTIT,BANKNIFTY,"If more than 80% of the top-20 NIFTY stocks are above their open at 10:15, is BANKNIFTY up 10:15->15:09 more often?",10,10,235,0.49795918367346936,0.4,0.502127659574468,-0.10212765957446801,0.15863962638197568,-0.4130613272831403,0.2088060081342043,0.519723660937525,-0.2457983193277311,-0.008620689655172376,,,,,,,,,,,,,,,0.7299527306638063,,,True,False,False,False
Q1205,CONSTIT,BANKNIFTY,"If fewer than 20% of the top-20 NIFTY stocks are above their open at 10:15, is BANKNIFTY up 10:15->15:09 more often?",24,24,221,0.49795918367346936,0.5833333333333334,0.48868778280542985,0.09464555052790352,0.10632072550316178,-0.11374307145829357,0.3030341725141006,0.37336435858174927,0.10585585585585588,0.08333333333333337,,,,,,,,,,,,,,,0.6010872692972766,,,True,False,False,False
Q1218,SEASON,BANKNIFTY,"On the first 3 trading days of a month, is BANKNIFTY more often up (close > open)?",705,705,4160,0.48078108941418296,0.5092198581560283,0.47596153846153844,0.03325831969448989,0.02036005423891957,-0.006647386613792466,0.07316402600277225,0.10236211477822027,0.050553965808203094,0.01577151024532092,PE,142.0,142.0,-1060.8697210997343,-1204.0641722986697,0.9636603918375378,-460.36392261098985,T30S10H15,-36.059846743731434,-188.85591420049312,0.999942704303828,-119.45132871555494,-69.40458548493818,0.9218464501303854,0.25464543958601404,1.0,1.0,True,False,False,False
Q1219,SEASON,BANKNIFTY,"On the last 3 trading days of a month, is BANKNIFTY more often up (close > open)?",708,708,4157,0.48078108941418296,0.5155367231638418,0.4748616790955016,0.040675044068340216,0.020318434096935893,0.0008509132383458656,0.08049917489833457,0.045297759773078566,0.04063638809401521,0.040717117175902484,CE,147.0,147.0,-103.92853597090358,-251.63672339939066,0.6512728872523622,-459.4037788529454,T25S10H15,-13.80952380952381,-167.02175573899976,0.9999000875295438,-112.91594377826416,-54.10581196073558,0.8858650157474917,0.1391288335887413,1.0,1.0,True,False,False,False
Q1220,SEASON,BANKNIFTY,"On a Monday after a >1% up Friday, is BANKNIFTY more often up (close > open)?",249,249,4616,0.48078108941418296,0.570281124497992,0.4759532062391681,0.09432791825882386,0.03222462712653167,0.031167649090821786,0.15748818742682594,0.0034202920658410623,0.14933623480010494,-0.008067018305926155,CE,31.0,31.0,203.28230457921183,58.740550171890966,0.48428110783832024,-459.4037788529454,T30S15H15,237.09675696588332,88.8786908420492,0.2676210214460557,-114.10643149888693,202.98512234093604,0.07838214599896952,0.015320058211579758,1.0,0.4209873678497475,False,True,False,False
Q1221,SEASON,BANKNIFTY,"On a Monday after a >1% down Friday, is BANKNIFTY more often up (close > open)?",196,196,4669,0.48078108941418296,0.4030612244897959,0.4840436924394945,-0.0809824679496986,0.035795519037846356,-0.15114168526387745,-0.01082325063551974,0.023674967526659412,-0.06613012271991586,-0.11461725760056918,PE,,,,,,,,,,,,,,0.08299105464508327,,,True,False,False,False
Q1222,SEASON,BANKNIFTY,"On a week (5 days) up more than 3%, is BANKNIFTY more often up (close > open)?",960,960,3905,0.48078108941418296,0.509375,0.4737516005121639,0.035623399487836105,0.01800654914635889,0.0003305631609726786,0.07091623581469952,0.04788834097950971,0.03138133386139452,0.03744655588727219,CE,114.0,114.0,577.2850615178284,438.6959141352825,0.26199804285176775,-459.4037788529452,liq,616.1074280320553,473.8464762801771,0.19969965710796722,-223.98869965393564,697.8351759341126,0.10729570226956729,0.14495268479931958,1.0,0.48718263020017655,True,False,False,False
Q1223,SEASON,BANKNIFTY,"On a week down more than 3%, is BANKNIFTY more often up (close > open)?",758,758,4107,0.48078108941418296,0.5,0.4772339907475043,0.022766009252495722,0.01976464229664365,-0.015972689648925828,0.06150470815391727,0.24938051278470819,0.007972699788922177,0.04291665417927887,PE,85.0,85.0,119.06171222294078,-26.47996800043243,0.5095971597785718,-460.3639226109898,liq,729.0705153521369,577.3779513830347,0.21653195552717852,-177.93946988588385,755.3174212689189,0.15254849833739303,0.47170350948633516,1.0,0.5745369912857621,True,False,False,False
Q1248,OIPCR,BANKNIFTY,"If near-ATM put OI grew much faster than call OI (>1.5 sd, 15 min), is BANKNIFTY up over the next 15 minutes more often?",4660,905,63068,0.5039717694306638,0.526824034334764,0.502283249825585,0.02454078450917896,0.00831694419655372,0.00823957388393367,0.04084199513442425,0.0031705750801002508,0.012263695871925884,0.037018802697955044,CE,4660.0,905.0,-17.458323943384727,-159.04895190628284,0.9999993096861413,-155.1815696327208,liq,52.720429645587444,-90.77461142572629,0.8944637976638224,-178.92661067666455,88.15199925093826,0.11251304559299827,0.014351024046769557,1.0,0.49854551771264266,True,True,False,False
Q1249,OIPCR,BANKNIFTY,"If near-ATM put OI grew much faster than call OI (>1.5 sd, 15 min), is BANKNIFTY up over the next 30 minutes more often?",4660,905,63068,0.5060240963855421,0.5210300429184549,0.5049153294856346,0.016114713432820338,0.008948059087399865,-0.0014234823784833976,0.03365290924412408,0.07171593304611949,0.009365747330552954,0.023000533111653287,CE,4660.0,905.0,-20.3172837902548,-161.89639305726038,0.9989823955059214,-171.13036053803532,liq,52.720429645587444,-90.77461142572629,0.8944637976638224,-178.92661067666455,88.15199925093826,0.11251304559299827,0.19625960669286635,1.0,0.49854551771264266,True,False,False,False
Q1250,OIPCR,BANKNIFTY,"If near-ATM call OI grew much faster than put OI (<-1.5 sd), is BANKNIFTY up over the next 15 minutes more often?",4474,867,63254,0.5039717694306638,0.4830129637907912,0.505454200524868,-0.022441236734076775,0.008924303451352476,-0.03993287149872762,-0.004949601969425923,0.011916056134461575,-0.018191890527897103,-0.02643893033746092,PE,4474.0,867.0,27.974966517718286,-102.44495700703467,0.9987256388909755,-141.77570028630893,time,27.974966517718286,-102.44495700703467,0.9987256388909755,-141.77570028630893,39.33074327927426,0.1231934875974216,0.04788695455905119,1.0,0.5200516742785563,True,True,False,False
Q1251,OIPCR,BANKNIFTY,"If near-ATM call OI grew much faster than put OI (<-1.5 sd), is BANKNIFTY up over the next 30 minutes more often?",4474,867,63254,0.5060240963855421,0.48189539561913275,0.5077307363961172,-0.02583534077698446,0.00927500344629301,-0.04401434753171876,-0.007656334022250161,0.005344846285560998,-0.009058269144335274,-0.041932241181671104,PE,4474.0,867.0,39.14696352259091,-91.3178025130802,0.9635492087787851,-151.47468751873595,time,39.14696352259091,-91.3178025130802,0.9635492087787851,-151.47468751873595,60.15688500565578,0.11898769116021699,0.02298283902791229,1.0,0.511114565346395,True,True,False,False
Q1252,OIPCR,BANKNIFTY,"If at 10:15 the near-ATM put/call OI ratio is above 1.3, is BANKNIFTY up 10:15->15:09 more often?",102,102,894,0.5020080321285141,0.6078431372549019,0.4899328859060403,0.11791025134886163,0.05117731646747991,0.017602711072601,0.21821779162512225,0.021225150930155864,0.13057809330628806,0.1099179206566347,CE,102.0,102.0,971.0097169919926,772.6846418412115,0.1363600496901131,-395.50238953508756,time,971.0097169919926,772.6846418412115,0.1363600496901131,-395.50238953508756,1168.187031376299,0.04863526354592583,0.07626864818913946,1.0,0.3252779541377084,True,False,False,False
Q1253,OIPCR,BANKNIFTY,"If at 10:15 the near-ATM put/call OI ratio is below 0.7, is BANKNIFTY up 10:15->15:09 more often?",133,133,863,0.5020080321285141,0.39849624060150374,0.5179606025492468,-0.11946436194774307,0.04575640267006496,-0.2091469111810704,-0.02978181271441574,0.00903102385049836,-0.1413709203792265,-0.08070411696806462,PE,133.0,133.0,1132.1052205719445,997.6512982527904,0.06257344928783627,-326.38282681114606,time,1132.1052205719445,997.6512982527904,0.06257344928783627,-326.38282681114606,1324.0341250639365,0.020914487151211743,0.03722051363304436,1.0,0.198264708336817,True,True,False,False
Q1277,VOLUME,BANKNIFTY,"If calls took >65% of near-ATM option volume in the last 5 min, is BANKNIFTY up over the next 15 minutes more often?",3680,612,64048,0.5039717694306638,0.48668478260869563,0.5049650262303272,-0.01828024362163161,0.009888399538249498,-0.03766150671660062,0.0011010194733374057,0.0645075815224188,-0.010561273361251566,-0.025730330852384353,PE,3680.0,612.0,-0.10463044954382855,-134.60665780848683,0.9998066582490108,-141.67482057743112,liq,41.20916127640268,-94.90646467920045,0.9043759943825793,-189.5980630082479,94.6915983290474,0.09594759198352025,0.1809016960085223,1.0,0.4629601253063984,True,False,False,False
Q1278,VOLUME,BANKNIFTY,"If puts took >65% of near-ATM option volume in the last 5 min, is BANKNIFTY up over the next 15 minutes more often?",4386,560,63342,0.5039717694306638,0.5155038759689923,0.5031732499763191,0.012330625992673205,0.01044967579755616,-0.008150738570536869,0.03281199055588328,0.23799988942882677,0.010621623247210277,0.014140489983689664,CE,4386.0,560.0,-32.108480433487095,-217.65599577544347,0.9999999954547714,-160.30354500642014,liq,0.2653059674570455,-186.840669092266,0.9913710348986109,-173.8296228810298,-13.01104621123626,0.565688331164428,0.46132354284624427,1.0,0.8643172524274985,True,False,False,False
Q1279,VOLUME,BANKNIFTY,"If BANKNIFTY's near-ATM option volume surged (>3x the prior 30-min pace), is the next 15-minute move bigger?",2477,996,65251,11.313511992906133,16.18327055681989,11.12865058139038,5.0546199754295085,0.332382048774439,4.403151159831608,5.706088791027409,3.1651984885394264e-52,5.517414008737754,4.797266941646628,CE+PE,2477.0,996.0,-127.71608194036257,-408.20527125433995,1.0,-387.3238135714247,T30S10H15,8.576908411881497,-282.630179195598,1.0,-294.7587019476272,12.128522752029244,0.19295031226505518,1.2759706406924561e-50,1.0,0.6367886673235483,True,True,False,False
Q1280,VOLUME,BANKNIFTY,"If BANKNIFTY's option volume surged (>3x) with the index rising over the last 5 min, is the next 15 minutes up more often?",1231,766,66497,0.5039717694306638,0.4849715678310317,0.5043235033159391,-0.019351935484907434,0.015441466645175496,-0.0496172101094514,0.010913339139636536,0.21011668449864246,-0.025105393334935555,-0.014085209587486547,PE,1231.0,766.0,42.60560628362636,-90.78337324554505,0.9349023263888352,-183.5459704006008,time,42.60560628362636,-90.78337324554505,0.9349023263888352,-183.5459704006008,92.76259715505573,0.06093433758148538,0.42684039762352416,1.0,0.3670731311414896,True,False,False,False
Q1281,VOLUME,BANKNIFTY,"If BANKNIFTY's option volume surged (>3x) with the index falling over the last 5 min, is the next 15 minutes up more often?",1246,773,66482,0.5039717694306638,0.5016051364365971,0.504016124665323,-0.0024109882287258744,0.01594367162266569,-0.033660584609150626,0.028838608151698877,0.87980285645825,0.011685917394205436,-0.014771495219634001,CE,1246.0,773.0,-19.89322255166729,-167.5353856219302,0.9949582139964296,-202.39493378525322,T30S10H60,15.467700101016613,-137.7730262032469,0.9999999999999971,-163.17035814170373,25.397331938456826,0.07456846446104304,0.9426497944612879,1.0,0.4095426234106564,False,False,False,False
Q0021,OPEN,FINNIFTY,"If FINNIFTY rises more than 0.2% in the first 15 minutes, how often does it keep going the same way from 09:29 to 15:09 (vs other days)?",227,227,702,0.5177610333692142,0.5022026431718062,0.5227920227920227,-0.020589379620216564,0.038187108802942,-0.09543611287398289,0.05425735363354976,0.5897689050962792,0.04082355321732101,-0.08077737635480259,CE,183.0,183.0,-296.67217679443905,-494.2593524290525,0.8769017008915112,-307.0557175749428,T25S20H30,209.54098810915087,6.15651682860571,0.48211850264991496,-145.806808251032,151.96332507963766,0.13420459757604625,0.7764493828346118,1.0,0.5391426986872448,False,False,False,False
Q0022,OPEN,FINNIFTY,"If FINNIFTY falls more than 0.2% in the first 15 minutes, how often does it keep going the same way from 09:29 to 15:09 (vs other days)?",237,237,692,0.4822389666307858,0.4810126582278481,0.48265895953757226,-0.001646301309724152,0.03762568474987487,-0.07539264341947889,0.07210004080003059,0.9650999205121527,0.03635294117647059,-0.041801948051948035,CE,193.0,193.0,-302.4247802998581,-494.495448574985,0.9016633507198526,-307.05571757494283,T30S10H15,-14.440391026630303,-212.09759161181336,0.9961222431321858,-186.70955598677128,-25.38803562504207,0.6250247110674249,0.9904337153876429,1.0,0.8924973718971059,False,False,False,False
Q0023,OPEN,FINNIFTY,"If FINNIFTY rises more than 0.4% in the first 15 minutes, how often does it keep going the same way from 09:29 to 15:09 (vs other days)?",96,96,833,0.5177610333692142,0.5104166666666666,0.5186074429771909,-0.008190776310524228,0.053906110385222465,-0.11384675266556026,0.0974652000445118,0.8792301344936582,0.06433734939759028,-0.08674849178281668,CE,71.0,71.0,122.36617365143668,-88.02043726856593,0.5461332807319382,-307.0557175749428,liq,586.014043243838,370.8022389100976,0.2848160067517277,-107.95337767449597,478.7556165845937,0.23143450853421235,0.9426497944612879,1.0,0.6930302241792278,False,False,False,False
Q0024,OPEN,FINNIFTY,"If FINNIFTY falls more than 0.4% in the first 15 minutes, how often does it keep going the same way from 09:29 to 15:09 (vs other days)?",99,99,830,0.4822389666307858,0.5151515151515151,0.4783132530120482,0.03683826213946695,0.05316591454278045,-0.06736693036438272,0.14104345464331663,0.48837703210829103,0.06519528933322033,0.0008072421149743492,CE,76.0,76.0,-579.0788843835655,-772.185103144694,0.904184439875974,-307.05571757494283,T15S20H15,50.92110081722862,-148.57498723871393,0.8612474432662598,-183.9776720622608,35.40268482354684,0.3979103101773228,0.7054942569089535,1.0,0.8450568766484648,True,False,False,False
Q0025,OPEN,FINNIFTY,"If FINNIFTY rises more than 0.2% in the first 30 minutes, how often does it keep going the same way from 09:44 to 15:09 (vs other days)?",257,257,672,0.5145317545748116,0.5603112840466926,0.49702380952380953,0.06328747452288308,0.03649730984688993,-0.00824725277702118,0.13482220182278734,0.08291254486032663,0.1026086956521739,0.026725570816201638,CE,214.0,214.0,247.17755629010847,50.98679690709543,0.44487237842815697,-324.30440500358867,time,247.17755629010847,50.98679690709543,0.44487237842815697,-324.30440500358867,375.2912019106839,0.15377573401858086,0.2219324197609851,1.0,0.5762837504418981,True,False,False,False
Q0026,OPEN,FINNIFTY,"If FINNIFTY falls more than 0.2% in the first 30 minutes, how often does it keep going the same way from 09:44 to 15:09 (vs other days)?",269,269,660,0.4822389666307858,0.4684014869888476,0.48787878787878786,-0.019477300889940263,0.036133460092486296,-0.0902988826712134,0.051344280891332875,0.5898607714557517,0.027109780082245627,-0.06689684937419077,CE,229.0,229.0,45.065479650117425,-151.2086368906548,0.6463996367105531,-324.3044050035887,T25S10H60,53.62009873036214,-146.74614817558677,0.9110671944609993,-160.96864966371726,14.222501488130463,0.44805200238141174,0.7764493828346118,1.0,0.8450568766484648,False,False,False,False
Q0027,OPEN,FINNIFTY,"If FINNIFTY rises more than 0.4% in the first 30 minutes, how often does it keep going the same way from 09:44 to 15:09 (vs other days)?",126,126,803,0.5145317545748116,0.5793650793650794,0.5043586550435866,0.07500642432149285,0.047411653500546,-0.017920416539577308,0.16793326518256302,0.11364384806498934,0.08384932920536636,0.0657860942946249,CE,104.0,104.0,436.9326825554554,222.66267037292138,0.3415067926279355,-324.30440500358867,time,436.9326825554554,222.66267037292138,0.3415067926279355,-324.30440500358867,546.9670753765101,0.15790259337590198,0.2745328913929518,1.0,0.583791291597972,True,False,False,False
Q0028,OPEN,FINNIFTY,"If FINNIFTY falls more than 0.4% in the first 30 minutes, how often does it keep going the same way from 09:44 to 15:09 (vs other days)?",123,123,806,0.4822389666307858,0.4634146341463415,0.4851116625310174,-0.02169702838467591,0.04831200073063278,-0.11638854981671615,0.07299449304736433,0.6533578951158717,-0.019710669077757703,-0.02648854611394208,CE,101.0,101.0,586.4256346565072,393.17840190916473,0.2810124710690829,-324.3044050035887,time,586.4256346565072,393.17840190916473,0.2810124710690829,-324.3044050035887,717.4828069127537,0.14500458673875138,0.8174895098927978,1.0,0.5609245439934883,True,False,False,False
Q0029,OPEN,FINNIFTY,"If FINNIFTY rises more than 0.4% in the first 15 minutes, how often does it close (15:29) above the open?",96,96,833,0.4908503767491927,0.8333333333333334,0.45138055222088835,0.381952781112445,0.0417842183898807,0.30005571306827883,0.4638498491566112,6.183310138702637e-20,0.35421686746987957,0.4126274183482421,CE,71.0,71.0,122.36617365143668,-88.02043726856593,0.5461332807319382,-307.0557175749428,liq,586.014043243838,370.8022389100976,0.2848160067517277,-107.95337767449597,478.7556165845937,0.23143450853421235,8.396284293606739e-19,1.0,0.6930302241792278,True,True,False,False
Q0030,OPEN,FINNIFTY,"If FINNIFTY falls more than 0.4% in the first 15 minutes, how often does it close (15:29) above the open?",99,99,830,0.4908503767491927,0.2222222222222222,0.5228915662650603,-0.30066934404283807,0.04526181905951032,-0.38938250939947827,-0.21195617868619784,3.075886899449435e-11,-0.2770482080826908,-0.3320648100098022,CE,76.0,76.0,-579.0788843835655,-772.185103144694,0.904184439875974,-307.05571757494283,T15S20H15,50.92110081722862,-148.57498723871393,0.8612474432662598,-183.9776720622608,35.40268482354684,0.3979103101773228,2.4047843032059217e-10,1.0,0.8450568766484648,True,True,False,False
Q0083,GAP,FINNIFTY,"When FINNIFTY gaps up more than 0.5%, how often is the gap filled (previous close touched) the same day?",154,154,775,0.667384284176534,0.33766233766233766,0.7329032258064516,-0.39524088814411396,0.04131192929821161,-0.47621226956860874,-0.3142695067196192,1.0980414366341378e-21,-0.36248397249096637,-0.4373294816241374,col:gapfill_dir,109.0,109.0,-695.9173861118632,-852.28571295103,0.9332311174738381,-451.7102029314768,T25S10H15,-196.789013923855,-360.1034479793616,0.9999915754958976,-150.4818937038078,-209.62155427555376,0.9938748041168141,1.5915432059079078e-20,1.0,1.0,True,True,False,False
Q0084,GAP,FINNIFTY,"When FINNIFTY gaps up more than 0.5%, how often is the first 15 minutes up?",154,154,775,0.45855758880516684,0.42857142857142855,0.4645161290322581,-0.03594470046082954,0.04374085009529754,-0.1216767666476127,0.04978736572595363,0.41121064693732423,-0.045401561953607616,-0.01853635050553687,PE,109.0,109.0,-546.8532030298076,-704.2068643662355,0.9999779996622373,-159.23735349751607,T25S10H15,-196.789013923855,-360.1034479793616,0.9999915754958976,-150.4818937038078,-209.62155427555376,0.9938748041168141,0.6383414374839329,1.0,1.0,True,False,False,False
Q0085,GAP,FINNIFTY,"When FINNIFTY gaps up more than 0.5%, how often is 09:30-15:09 up (the rest of the day after the first 15 min)?",154,154,775,0.5177610333692142,0.512987012987013,0.5187096774193548,-0.005722664432341817,0.044119220836541774,-0.09219633727196369,0.08075100840728006,0.8967965825488914,-0.04170066441310177,0.040924410207029305,CE,117.0,117.0,145.20519835444597,-32.566159139601474,0.5221823962044664,-307.05571757494283,liq,415.38463494716547,234.00366313687945,0.29123739983130403,-107.95337767449601,341.9570408113754,0.21087136172042015,0.9545112140990675,1.0,0.6682344503757387,False,False,False,False
Q0086,GAP,FINNIFTY,"When FINNIFTY gaps up 0.2-0.5%, how often is the gap filled (previous close touched) the same day?",214,214,715,0.667384284176534,0.7149532710280374,0.6531468531468532,0.06180641788118424,0.03564447715222423,-0.008056757337175244,0.13166959309954374,0.08292358629829055,0.10066371681415931,0.02252952567984068,col:gapfill_dir,175.0,175.0,66.9600179186889,-92.59712930606435,0.5941160268996268,-451.71020293147683,T30S10H60,122.07429983956473,-40.85604206483451,0.6900691659984695,-136.54850351637702,95.69246145154258,0.12265163357791353,0.2219324197609851,1.0,0.5188462341400035,True,False,False,False
Q0087,GAP,FINNIFTY,"When FINNIFTY gaps up 0.2-0.5%, how often is the first 15 minutes up?",214,214,715,0.45855758880516684,0.411214953271028,0.4727272727272727,-0.06151231945624469,0.038491476347586914,-0.13695561309751503,0.01393097418502566,0.11002597800555201,-0.03260760257441675,-0.0915637018247279,PE,175.0,175.0,130.1657743181501,-29.808878658163593,0.5695753987181043,-159.23735349751607,time,130.1657743181501,-29.808878658163593,0.5695753987181043,-159.23735349751607,129.42847483935248,0.22329463744699696,0.26729474882704723,1.0,0.6828008826151561,True,False,False,False
Q0088,GAP,FINNIFTY,"When FINNIFTY gaps up 0.2-0.5%, how often is 09:30-15:09 up (the rest of the day after the first 15 min)?",214,214,715,0.5177610333692142,0.5186915887850467,0.5174825174825175,0.00120907130252923,0.03895443501752464,-0.07514162133181906,0.07755976393687752,0.9752391619972873,-0.0006033789219629382,0.002454790933638873,CE,180.0,180.0,-235.766665716966,-405.24889885542973,0.8785633427741605,-307.05571757494283,T30S20H60,191.33334604899088,16.727796101992595,0.4529951761228296,-159.39094896262853,176.1187450646211,0.10686184916986391,0.9928871091764864,1.0,0.4862776453079655,False,False,False,False
Q0089,GAP,FINNIFTY,"When FINNIFTY gaps down 0.2-0.5%, how often is the gap filled (previous close touched) the same day?",117,117,812,0.667384284176534,0.6752136752136753,0.666256157635468,0.008957517578207286,0.046373659336034455,-0.08193485472042024,0.09984988987683481,0.8468339758521333,-0.024722932651321416,0.031216689508146822,col:gapfill_dir,98.0,98.0,-1166.938808143747,-1362.1040382327358,0.9943151268973374,-253.60522941428522,T30S15H30,239.96933917610014,32.19508995120114,0.4102415091954209,-110.6716399386924,142.8667298898935,0.1569718548098687,0.9239261609766852,1.0,0.5826234291034513,False,False,False,False
Q0090,GAP,FINNIFTY,"When FINNIFTY gaps down 0.2-0.5%, how often is the first 15 minutes up?",117,117,812,0.45855758880516684,0.5897435897435898,0.4396551724137931,0.15008841732979666,0.04872235366010964,0.05459260415598177,0.24558423050361156,0.002066646512673817,0.11182154021028706,0.17900106593573928,CE,98.0,98.0,-115.132603548011,-317.24921604638615,0.9038965206743232,-253.01132471299113,T30S15H30,239.96933917610014,32.19508995120114,0.4102415091954209,-110.6716399386924,142.8667298898935,0.1569718548098687,0.009659326091845015,1.0,0.5826234291034513,True,True,False,False
Q0091,GAP,FINNIFTY,"When FINNIFTY gaps down 0.2-0.5%, how often is 09:30-15:09 up (the rest of the day after the first 15 min)?",117,117,812,0.5177610333692142,0.4700854700854701,0.5246305418719212,-0.05454507178645107,0.04938485096582196,-0.1513393796794621,0.042249236106559965,0.26938065887449153,0.029695936345552787,-0.12105984467793512,PE,100.0,100.0,387.5400000616908,211.77585160280012,0.33522527280524456,-557.6375447535295,time,387.5400000616908,211.77585160280012,0.33522527280524456,-557.6375447535295,769.4133963563294,0.061050677825154366,0.4918769027310774,1.0,0.36767450812996283,False,False,False,False
Q0092,GAP,FINNIFTY,"When FINNIFTY gaps down more than 0.5%, how often is the gap filled (previous close touched) the same day?",113,113,816,0.667384284176534,0.35398230088495575,0.7107843137254902,-0.3568020128405345,0.04772926406800797,-0.4503513704138301,-0.26325265526723884,7.688758723491512e-14,-0.28291864691081914,-0.4764150943396226,col:gapfill_dir,69.0,69.0,-1074.8695423292077,-1257.5393595570606,0.9555248544837265,-253.60522941428533,T25S10H60,-109.34782940408458,-302.8143955665514,0.9956658339176278,-95.98734845528261,-206.8270471112688,0.9634995087196346,6.984858276974683e-13,1.0,1.0,True,True,False,False
Q0093,GAP,FINNIFTY,"When FINNIFTY gaps down more than 0.5%, how often is the first 15 minutes up?",113,113,816,0.45855758880516684,0.6106194690265486,0.4375,0.17311946902654862,0.04907421017623007,0.07693401708113769,0.26930492097195957,0.00041917476188165403,0.13307240704500983,0.2542452830188679,CE,69.0,69.0,-575.0000796110734,-760.973306051598,0.9921645661619393,-253.01132471299115,T25S10H60,-109.34782940408458,-302.8143955665514,0.9956658339176278,-95.98734845528261,-206.8270471112688,0.9634995087196346,0.0022161288640464493,1.0,1.0,True,True,False,False
Q0094,GAP,FINNIFTY,"When FINNIFTY gaps down more than 0.5%, how often is 09:30-15:09 up (the rest of the day after the first 15 min)?",113,113,816,0.5177610333692142,0.49557522123893805,0.5208333333333334,-0.025258112094395324,0.0502072723165409,-0.12366436583481549,0.07314814164602484,0.6149103024612179,-0.034910539558289044,-0.014150943396226467,CE,73.0,73.0,-1074.9042139967828,-1261.1151149470436,0.9771525358987438,-307.05571757494283,T15S10H60,-28.520551707646618,-225.19600230423794,0.9465726384322246,-229.7978238495721,4.601821545334279,0.48685688252117604,0.7899943988545772,1.0,0.8450568766484648,True,False,False,False
Q0095,GAP,FINNIFTY,"On FINNIFTY gap-up (>0.5%) days, how often is the day's HIGH set in the first 30 minutes?",154,154,775,0.35522066738428415,0.33766233766233766,0.35870967741935483,-0.02104733975701717,0.04184443405137237,-0.10306243049770701,0.06096775098367267,0.6149711706052099,0.029082643664762764,-0.08529930990210238,,,,,,,,,,,,,,,0.7899943988545772,,,False,False,False,False
Q0096,GAP,FINNIFTY,"On FINNIFTY gap-up (>0.5%) days, how often is the day's LOW set in the first 30 minutes?",154,154,775,0.3519913885898816,0.33766233766233766,0.3548387096774194,-0.01717637201508171,0.041827315854864724,-0.09915791109061657,0.06480516706045315,0.6813294621661079,-0.03896141741461706,0.027603915904349186,,,,,,,,,,,,,,,0.8370619106612183,,,False,False,False,False
Q0097,GAP,FINNIFTY,"On FINNIFTY gap-down (<-0.5%) days, how often is the day's HIGH set in the first 30 minutes?",113,113,816,0.35522066738428415,0.40707964601769914,0.3480392156862745,0.05904043033142464,0.0491594892454875,-0.037312168589730854,0.15539302925258014,0.22975211865032946,0.044275929549902115,0.0938679245283019,,,,,,,,,,,,,,,0.4538747826323507,,,True,False,False,False
Q0098,GAP,FINNIFTY,"On FINNIFTY gap-down (<-0.5%) days, how often is the day's LOW set in the first 30 minutes?",113,113,816,0.3519913885898816,0.4336283185840708,0.34068627450980393,0.09294204407426687,0.04951073132326773,-0.004098989319337873,0.18998307746787163,0.06048930607235897,0.10228543472183393,0.10471698113207545,,,,,,,,,,,,,,,0.1722499173280598,,,True,False,False,False
Q0157,TIMING,FINNIFTY,"If at 10:15 FINNIFTY's day high so far was made in the first 15 minutes, how often does it stay the day's high to the close?",464,464,465,0.4327233584499462,0.5862068965517241,0.27956989247311825,0.30663700407860583,0.030934572101457062,0.24600524275975,0.36726876539746167,3.67568317313743e-23,0.2890997890997891,0.32361629786522494,PE,401.0,401.0,-261.7556082834478,-427.01408759643556,0.9626086581007636,-502.1495919769652,liq,80.96259842489722,-87.78867116582404,0.711200300492328,-187.66348299930036,99.87481183347627,0.26318266954139063,5.6447991587467685e-22,1.0,0.7326641766219415,True,True,False,False
Q0158,TIMING,FINNIFTY,"If at 10:15 FINNIFTY's day low so far was made in the first 15 minutes, how often does it stay the day's low to the close?",453,453,476,0.43595263724434874,0.5938189845474614,0.2857142857142857,0.3081046988331757,0.03101974535003449,0.2473059979471081,0.3689033997192433,3.0051734709006554e-23,0.24850832005336693,0.36584912671869196,CE,399.0,399.0,163.33835647182357,-23.05985343782243,0.5394812269259752,-243.46741664496935,time,163.33835647182357,-23.05985343782243,0.5394812269259752,-243.46741664496935,220.40756320714695,0.17170198445131718,4.670691298146802e-22,1.0,0.6049703651600724,True,True,False,False
Q0159,TIMING,FINNIFTY,"If at 11:15 FINNIFTY's day high so far was made in the first 15 minutes, how often does it stay the day's high to the close?",390,390,539,0.5199138858988159,0.6974358974358974,0.3914656771799629,0.3059702202559345,0.031370384190299305,0.24448426724294786,0.36745617326892116,1.7826171940438711e-22,0.29915094339622644,0.3179024202842874,CE,339.0,339.0,-75.06193136746904,-261.1937303710123,0.8701056749374412,-204.7176068339234,time,-75.06193136746904,-261.1937303710123,0.8701056749374412,-204.7176068339234,-56.47612353708879,0.5962528633645339,2.6739257910658067e-21,1.0,0.878652429104879,True,True,False,False
Q0160,TIMING,FINNIFTY,"If at 11:15 FINNIFTY's day low so far was made in the first 15 minutes, how often does it stay the day's low to the close?",390,390,539,0.5392895586652314,0.6897435897435897,0.43042671614100186,0.25931687360258787,0.03169596347942804,0.19719278518290892,0.32144096202226685,2.8060029626002983e-16,0.20086124401913868,0.3143939393939394,CE,342.0,342.0,111.78072640508937,-69.72901650694916,0.6209523068642537,-204.7176068339234,time,111.78072640508937,-69.72901650694916,0.6209523068642537,-204.7176068339234,134.98859032697425,0.2755125247241024,3.0164531847953207e-15,1.0,0.7460010822660886,True,True,False,False
Q0161,TIMING,FINNIFTY,"If at 12:30 FINNIFTY's day high so far was made in the first 15 minutes, how often does it stay the day's high to the close?",345,345,584,0.5974165769644779,0.7884057971014493,0.4845890410958904,0.3038167560055589,0.0302026446076587,0.24461957257454786,0.36301393943656995,8.36104446419553e-24,0.28204925172222667,0.3258999681427207,CE,300.0,300.0,37.32005106806755,-148.3947901503886,0.7870835693751217,-90.5633969912557,time,37.32005106806755,-148.3947901503886,0.7870835693751217,-90.5633969912557,-57.83139315913288,0.6218507641506119,1.3153350437575893e-22,1.0,0.891194028581917,True,True,False,False
Q0162,TIMING,FINNIFTY,"If at 12:30 FINNIFTY's day low so far was made in the first 15 minutes, how often does it stay the day's low to the close?",336,336,593,0.6038751345532831,0.8005952380952381,0.4924114671163575,0.3081837709788806,0.029959651648091643,0.24946285374862098,0.36690468820914024,8.096270468832783e-25,0.25228832951945074,0.3588729609490855,CE,287.0,287.0,160.41114938591414,-17.35099748699263,0.5358810179910529,-90.5633969912557,liq,201.37631140519517,22.571246600309298,0.43481380417676607,-129.54027824025118,152.1115248405605,0.13433931826094891,1.356388169453804e-23,1.0,0.5391975376775073,True,True,False,False
Q0163,TIMING,FINNIFTY,"If at 14:00 FINNIFTY's day high so far was made in the first 15 minutes, how often does it stay the day's high to the close?",310,310,619,0.6932185145317545,0.8774193548387097,0.6009693053311793,0.2764500495075304,0.027113634678898404,0.2233073255368895,0.32959277347817123,2.066518798555001e-24,0.2625396825396825,0.287828947368421,CE,270.0,270.0,89.09997979799907,-98.76825112133498,0.7187578166621125,-152.65959456062728,time,89.09997979799907,-98.76825112133498,0.7187578166621125,-152.65959456062728,53.89134343929235,0.37599859657566,3.332261562669939e-23,1.0,0.8442386436649152,True,True,False,False
Q0164,TIMING,FINNIFTY,"If at 14:00 FINNIFTY's day low so far was made in the first 15 minutes, how often does it stay the day's low to the close?",303,303,626,0.7201291711517761,0.8877887788778878,0.6389776357827476,0.24881114309514019,0.02642038127209988,0.19702719580182443,0.30059509038845594,4.624217275526789e-21,0.23341572141060163,0.25796747967479683,CE,272.0,272.0,65.06254114758443,-112.02056003849373,0.7937375293424316,-152.65959456062726,time,65.06254114758443,-112.02056003849373,0.7937375293424316,-152.65959456062726,40.63903452213347,0.3831245855113866,6.414236866053287e-20,1.0,0.8450568766484648,True,True,False,False
Q0165,TIMING,FINNIFTY,"On Mondays, how often is FINNIFTY's day high set in the first 30 minutes (vs other weekdays)?",190,190,739,0.35522066738428415,0.30526315789473685,0.3680649526387009,-0.06280179474396408,0.03784811803670975,-0.13698410609591521,0.011380516607987043,0.0970531602875315,-0.020684931506849302,-0.10724896019013663,,,,,,,,,,,,,,,0.24645389128133,,,True,False,False,False
Q0166,TIMING,FINNIFTY,"On Tuesdays, how often is FINNIFTY's day high set in the first 30 minutes (vs other weekdays)?",198,198,731,0.35522066738428415,0.35858585858585856,0.3543091655266758,0.004276693059182768,0.0384210363988069,-0.07102853828247876,0.0795819244008443,0.9113695455470755,-0.07164383561643839,0.08157689305230287,,,,,,,,,,,,,,,0.9612973947307665,,,False,False,False,False
Q0167,TIMING,FINNIFTY,"On Wednesdays, how often is FINNIFTY's day high set in the first 30 minutes (vs other weekdays)?",172,172,757,0.35522066738428415,0.36046511627906974,0.35402906208718626,0.006436054191883478,0.04054829580890799,-0.07303860559357618,0.08591071397734314,0.8738850366846446,0.009011017003120403,0.0030303030303029943,,,,,,,,,,,,,,,0.9425683087986552,,,True,False,False,False
Q0168,TIMING,FINNIFTY,"On Thursdays, how often is FINNIFTY's day high set in the first 30 minutes (vs other weekdays)?",181,181,748,0.35522066738428415,0.3812154696132597,0.34893048128342247,0.03228498832983723,0.04010868393656585,-0.04632803218583184,0.1108980088455063,0.420855681612386,0.09724502827951104,-0.029844738355376654,,,,,,,,,,,,,,,0.6501842266826082,,,False,False,False,False
Q0169,TIMING,FINNIFTY,"On Fridays, how often is FINNIFTY's day high set in the first 30 minutes (vs other weekdays)?",186,186,743,0.35522066738428415,0.3763440860215054,0.34993270524899056,0.026411380772514814,0.03961983264718454,-0.051243491215966885,0.10406625276099651,0.5050147627719591,-0.0031334688346883466,0.058169934640522836,,,,,,,,,,,,,,,0.7190607549402067,,,False,False,False,False
Q0232,TOD,FINNIFTY,Are FINNIFTY's 15-minute moves bigger when they start at 09:20-10:00 than at other times?,7432,929,55740,10.578775929429431,14.886655743078473,10.004391954276226,4.882263788802247,0.2336575038951596,4.424295081167734,5.34023249643676,5.950868437065649e-97,4.464435884499634,5.3009921842779235,CE+PE,6232.0,849.0,-32.17584786580371,-386.24149013590073,1.0,-399.27787322317033,T30S10H30,-6.738927183775602,-367.91148564431063,1.0,-377.77694474744976,9.865459103139123,0.3381596410765051,5.483300202724776e-95,1.0,0.8107793919706098,True,True,False,False
Q0233,TOD,FINNIFTY,Is FINNIFTY more often up over the next 15 minutes when starting at 09:20-10:00?,7432,929,55740,0.5055562591021339,0.4960979547900969,0.5068173663437388,-0.010719411553641867,0.009152931785465973,-0.028659157853155173,0.007220334745871439,0.24154044320773704,-0.01818996415770613,-0.003232758620689613,CE,6352.0,877.0,-5.000146083927875,-192.5380343409672,0.9999999994716734,-191.9013129823568,T30S10H30,2.168765674610282,-189.19373403902046,0.9999999999999932,-187.08561528153768,-2.108118757482741,0.5342046697764655,0.46563890223064797,1.0,0.8520026651289865,True,False,False,False
Q0234,TOD,FINNIFTY,"On EXPIRY days, are FINNIFTY's 60-minute moves bigger starting at 09:20-10:00 than at other hours of expiry days?",1344,168,10080,21.095764712208794,25.686230058471363,20.48370266604045,5.202527392430913,1.4434714466654086,2.373323356966712,8.031731427895114,0.0003131429365241667,4.278259622009973,6.126795162851849,CE+PE,1113.0,158.0,-114.22910466669704,-329.7135532301618,0.993747632208418,-504.57408652531757,T30S10H15,2.0107822469623904,-216.94622119829296,0.999999483932548,-388.3469840834647,171.40076288517167,5.6910805601107615e-05,0.0016831432838173958,1.0,0.001961748946014651,True,True,False,False
Q0235,TOD,FINNIFTY,Are FINNIFTY's 15-minute moves bigger when they start at 10:00-11:00 than at other times?,11148,929,52024,10.578775929429431,10.99023011811198,10.490607174711743,0.4996229434002366,0.1739410681551879,0.15869844981606834,0.8405474369844048,0.004074068656566228,-0.551359993887754,1.5528709301220367,CE+PE,9486.0,866.0,-38.90576289018297,-387.9209751130112,1.0,-393.8002439034172,time,-38.90576289018297,-387.9209751130112,1.0,-393.8002439034172,5.879268790406056,0.336656419262255,0.01799845399647409,1.0,0.8098211387089461,False,True,False,False
Q0236,TOD,FINNIFTY,Is FINNIFTY more often up over the next 15 minutes when starting at 10:00-11:00?,11148,929,52024,0.5055562591021339,0.5003588087549337,0.5066699984622481,-0.00631118970731448,0.007295002017717323,-0.020609393662040433,0.007987014247411474,0.38696257970732895,-0.013069636456733202,0.000461822660098532,PE,9670.0,889.0,1.0855195756535496,-163.48559397803356,0.9999999999999905,-163.12021473439992,time,1.0855195756535496,-163.48559397803356,0.9999999999999905,-163.12021473439992,-0.36537924363365315,0.5068259934862817,0.6126094431315916,1.0,0.8450568766484648,False,False,False,False
Q0237,TOD,FINNIFTY,"On EXPIRY days, are FINNIFTY's 60-minute moves bigger starting at 10:00-11:00 than at other hours of expiry days?",2016,168,9408,21.095764712208794,20.34490159106633,21.256663952453607,-0.9117623613872787,1.246868508560787,-3.355624638166421,1.5320999153918637,0.46463147797868865,-1.316017445320444,-0.5075072774541098,CE+PE,1707.0,164.0,-83.60808216624604,-291.0801098611735,0.9932903252897456,-425.46550028196907,time,-83.60808216624604,-291.0801098611735,0.9932903252897456,-425.46550028196907,134.3853904207956,0.12680378308787932,0.6857833027374237,1.0,0.5264418663845449,True,False,False,False
Q0238,TOD,FINNIFTY,Are FINNIFTY's 15-minute moves bigger when they start at 11:00-12:00 than at other times?,11148,929,52024,10.578775929429431,9.128497805610797,10.889549813104853,-1.7610520074940563,0.13895080824998024,-2.0333955916640174,-1.488708423324095,8.248257327063603e-37,-1.954213066474633,-1.5674746531277446,CE+PE,9510.0,877.0,-20.67002846389915,-366.10136690692775,1.0,-359.7635252680353,time,-20.67002846389915,-366.10136690692775,1.0,-359.7635252680353,-6.337841638892333,0.6838448340352978,2.0863239121396174e-35,1.0,0.9235081774316343,True,True,False,False
Q0239,TOD,FINNIFTY,Is FINNIFTY more often up over the next 15 minutes when starting at 11:00-12:00?,11148,929,52024,0.5055562591021339,0.5051130247578041,0.5056512378902045,-0.0005382131324004336,0.007227166320626384,-0.014703459120828146,0.01362703285602728,0.9406357446062208,-0.0017537122375832492,0.0006799055829227463,PE,9714.0,898.0,-5.186529966546401,-167.94922447283872,1.0,-169.81074752977784,time,-5.186529966546401,-167.94922447283872,1.0,-169.81074752977784,1.861523056939153,0.4558660108582358,0.9754180952910166,1.0,0.8450568766484648,False,False,False,False
Q0240,TOD,FINNIFTY,"On EXPIRY days, are FINNIFTY's 60-minute moves bigger starting at 11:00-12:00 than at other hours of expiry days?",2016,168,9408,21.095764712208794,18.928035644784806,21.56027808379965,-2.632242439014842,1.287705533222319,-5.156145284130588,-0.10833959389909653,0.040940328244201574,-4.4245076812043465,-0.839977196825334,CE+PE,1702.0,165.0,-66.12338068342378,-268.51220768952203,0.9982710473288889,-380.26774401756603,T30S20H15,-54.46709602615948,-257.583433584683,0.9999999316771415,-357.39727226371485,99.8138386790318,0.020564400539510613,0.12787657006058117,1.0,0.19611480565902456,True,False,False,False
Q0241,TOD,FINNIFTY,Are FINNIFTY's 15-minute moves bigger when they start at 12:00-13:00 than at other times?,11148,929,52024,10.578775929429431,9.152831134720861,10.884335528295553,-1.731504393574692,0.14153934506385324,-2.0089215098998445,-1.4540872772495397,2.0618092548672275e-34,-1.5921688281873276,-1.8711402511288373,CE+PE,9564.0,876.0,2.966436693629477,-340.73759844584674,1.0,-345.76621538356324,time,2.966436693629477,-340.73759844584674,1.0,-345.76621538356324,5.028616937716469,0.39265079360197847,4.8358798886885874e-33,1.0,0.8450568766484648,True,True,False,False
Q0242,TOD,FINNIFTY,Is FINNIFTY more often up over the next 15 minutes when starting at 12:00-13:00?,11148,929,52024,0.5055562591021339,0.5126480086114101,0.5040365984930032,0.008611410118406937,0.0074112091126220525,-0.005914559742332286,0.02313737997914616,0.24525820416880795,0.007168458781361964,0.010057471264367845,CE,9713.0,896.0,3.4305614297451106,-179.43828240147357,0.9999999999999978,-183.3498940647278,T30S20H60,20.04252375749313,-165.07024854679958,0.9993450386870022,-178.92145883313097,13.851210286331407,0.39369309905783423,0.46733192900912385,1.0,0.8450568766484648,True,False,False,False
Q0243,TOD,FINNIFTY,"On EXPIRY days, are FINNIFTY's 60-minute moves bigger starting at 12:00-13:00 than at other hours of expiry days?",2016,168,9408,21.095764712208794,18.382587785285615,21.677159767978047,-3.294571982692432,1.3148274627103225,-5.871633809604663,-0.7175101557801997,0.012220694542793965,-4.476133776697715,-2.113010188687145,CE+PE,1677.0,159.0,-115.43291199399235,-311.2393243758251,0.997927178567931,-401.89947271577716,liq,34.237938677902086,-165.09870246696116,0.7981763888323847,-445.394804245414,280.2961017784528,0.07810849831106237,0.04850675680062835,1.0,0.420163260407903,True,True,False,False
Q0244,TOD,FINNIFTY,Are FINNIFTY's 15-minute moves bigger when they start at 13:00-14:00 than at other times?,11148,929,52024,10.578775929429431,9.709040949410506,10.765147710862058,-1.0561067614515522,0.15749142714368025,-1.3647899586531655,-0.7474235642499389,2.0029938680349334e-11,-0.43439152633844813,-1.6791619000886069,CE+PE,9670.0,892.0,-23.4263669283215,-363.2234301261619,1.0,-354.35142881444045,time,-23.4263669283215,-363.2234301261619,1.0,-354.35142881444045,-8.872001311721473,0.695631470138319,1.5755256644908926e-10,1.0,0.9300180788250281,True,True,False,False
Q0245,TOD,FINNIFTY,Is FINNIFTY more often up over the next 15 minutes when starting at 13:00-14:00?,11148,929,52024,0.5055562591021339,0.513275923932544,0.5039020452099031,0.009373878722640838,0.007284742703090237,-0.004904216975416027,0.023651974420697705,0.1981701419300483,0.0045570916538658635,0.014201046798029582,CE,9822.0,909.0,39.57513952517407,-141.45262034741393,0.9999999984554699,-142.0570089093953,time,39.57513952517407,-141.45262034741393,0.9999999984554699,-142.0570089093953,0.6043885619814104,0.48989752615485754,0.409678658797696,1.0,0.8450568766484648,True,False,False,False
Q0246,TOD,FINNIFTY,"On EXPIRY days, are FINNIFTY's 60-minute moves bigger starting at 13:00-14:00 than at other hours of expiry days?",2016,168,9408,21.095764712208794,22.808349436237698,20.728782271345455,2.079567164892243,1.6419131495066195,-1.138582608140731,5.297716937925217,0.2053157903355405,4.313838581987518,-0.15470425220303596,CE+PE,1690.0,163.0,-14.11774758051133,-201.67861149220096,0.9385247762284803,-416.7040224330738,T30S10H15,10.965090226844923,-178.4045613781772,0.9999999977729768,-357.0629914268407,178.65843004866352,1.938126481833296e-09,0.4204085230680115,1.0,1.625544274857395e-07,False,False,False,False
Q0247,TOD,FINNIFTY,Are FINNIFTY's 15-minute moves bigger when they start at 14:00-14:55 than at other times?,11148,929,52024,10.578775929429431,11.041359763526986,10.479650822122812,0.5617089414041736,0.1880342495591176,0.1931618122683031,0.9302560705400441,0.0028148164896812096,1.3432506402455662,-0.2215171145467938,CE+PE,9697.0,899.0,-30.669485749387736,-366.13115482330954,1.0,-364.35402427163774,T25S10H15,5.225635555413281,-334.8553272781777,1.0,-329.91092063922815,-4.94440663894951,0.5561862196640731,0.012876288197477874,1.0,0.8609471161572124,False,True,False,False
Q0248,TOD,FINNIFTY,Is FINNIFTY more often up over the next 15 minutes when starting at 14:00-14:55?,11148,929,52024,0.5055562591021339,0.5026910656620022,0.5061702291250192,-0.003479163463017021,0.007493275056979187,-0.018165982574696225,0.011207655648662185,0.6424293963516803,0.016090629800307177,-0.023091133004926045,PE,9839.0,914.0,-35.29688066614269,-192.55377126988,1.0,-192.42842548638183,T20S10H15,-20.24352171615149,-179.51371350819602,1.0,-181.80624353338163,2.2925300251856098,0.433263077003254,0.8083137570881768,1.0,0.8450568766484648,False,False,False,False
Q0249,TOD,FINNIFTY,"On EXPIRY days, are FINNIFTY's 60-minute moves bigger starting at 14:00-14:55 than at other hours of expiry days?",2016,168,9408,21.095764712208794,21.954638872827804,20.911720249219005,1.0429186236087986,1.654254499296554,-2.199420195012447,4.285257442230044,0.5284026282630676,2.846920591227864,-0.7610833440102702,CE+PE,1673.0,166.0,-25.389717706104488,-201.79957427888823,0.935436977408627,-384.05251409270016,liq,43.74657267378392,-135.35542595849384,0.8934978315450168,-438.41418764368774,303.0587616851938,0.002649309242616676,0.7329455811390937,1.0,0.04841593616297755,False,False,False,False
Q0306,DOW,FINNIFTY,Is FINNIFTY more often up (close > open) on Mondays?,190,190,739,0.4908503767491927,0.5210526315789473,0.48308525033829497,0.037967381240652354,0.040658874756249325,-0.04172401328159632,0.11765877576290103,0.3504054961448412,0.046027397260273994,0.03024361259655378,CE,150.0,150.0,894.1600329220295,713.8793879887386,0.08014205440056249,-253.60522941428528,time,894.1600329220295,713.8793879887386,0.08014205440056249,-253.60522941428528,967.4846174030241,0.02852495135629594,0.5765600638097514,1.0,0.23928936402410925,True,False,False,False
Q0307,DOW,FINNIFTY,Is FINNIFTY's day range bigger on Mondays?,190,190,739,1.236621555971509,1.2686580337976154,1.2283848431339444,0.04027319066367108,0.053948162212117755,-0.06546520727207972,0.14601158859942187,0.45535549684859794,0.1126709734658673,-0.04785127238510478,CE+PE,147.0,147.0,-137.85708347753604,-470.34221872056304,0.9315439440764525,-705.3154323457621,T30S10H60,71.44897149533642,-269.4101888441768,0.9942274657141928,-228.81089756404742,-40.599291280129286,0.6482585755490882,0.6791558663086545,1.0,0.905753628349739,False,False,False,False
Q0308,DOW,FINNIFTY,Is FINNIFTY more often up (close > open) on Tuesdays?,198,198,731,0.4908503767491927,0.4797979797979798,0.493844049247606,-0.01404606944962622,0.04005293133560091,-0.092549814867404,0.06445767596815156,0.725822671433312,0.007808219178082165,-0.03607672577227611,PE,164.0,164.0,151.0061546001674,8.31884537242788,0.4935170747831495,-451.7102029314769,liq,667.5183231074635,519.8751349081773,0.055662193590746575,-168.69827573614572,688.5734106443232,0.01747419254133907,0.8592719818012869,1.0,0.17642952596261094,False,False,False,False
Q0309,DOW,FINNIFTY,Is FINNIFTY's day range bigger on Tuesdays?,198,198,731,1.236621555971509,1.2497692716242088,1.2330603416086712,0.016708930015537637,0.0659871323564351,-0.11262584940307516,0.14604370943415043,0.8001020957831815,-0.041051494822110124,0.07367619296453376,CE+PE,157.0,157.0,-396.38208477123146,-683.2110500485655,0.9454447892301088,-705.3154323457621,liq,711.6496704490321,413.9337456458214,0.13711152554827066,-324.92620158681115,738.8599472326326,0.02548880609203926,0.8990694281884182,1.0,0.22274924074875582,False,False,False,False
Q0310,DOW,FINNIFTY,Is FINNIFTY more often up (close > open) on Wednesdays?,172,172,757,0.4908503767491927,0.4941860465116279,0.4900924702774108,0.004093576234217078,0.042253224161991766,-0.07872274312328678,0.08690989559172094,0.9228201152973963,-0.02483601859517287,0.03024361259655378,PE,142.0,142.0,-71.70419343760315,-260.99872150998385,0.7279163345482154,-451.7102029314769,T30S10H15,145.859140745351,-48.2635496583201,0.7083041028676423,-130.39774851887853,82.1341988605584,0.17532681214947599,0.9639817243030031,1.0,0.6102184202789201,False,False,False,False
Q0311,DOW,FINNIFTY,Is FINNIFTY's day range bigger on Wednesdays?,172,172,757,1.236621555971509,1.1710911850596584,1.2515108872751264,-0.08041970221546801,0.06001083134100095,-0.19804093164382985,0.03720152721289384,0.18021723925934005,-0.1001150829506734,-0.053936622440992066,CE+PE,139.0,139.0,-239.78409197690675,-641.5002431989898,0.9945430035957423,-705.315432345762,T20S10H60,73.05753090398775,-338.52749324499945,0.9999420535738022,-286.91577714492746,-51.61171610007203,0.7216259847109249,0.38363075683918924,1.0,0.9433051570754962,True,False,False,False
Q0312,DOW,FINNIFTY,Is FINNIFTY more often up (close > open) on Thursdays?,181,181,748,0.4908503767491927,0.49171270718232046,0.49064171122994654,0.001070995952373921,0.04143418326120803,-0.0801400032395938,0.08228199514434165,0.9793784763766948,-0.05792738551359239,0.05606670500287514,PE,148.0,148.0,-467.0675640069955,-642.1935503000929,0.9501239376827204,-451.7102029314769,T30S20H15,-56.27027150746938,-236.00076158090923,0.9923274109850695,-176.04001879741529,-59.960742783493934,0.7310192799927023,0.9928871091764864,1.0,0.9480409613510088,False,False,False,False
Q0313,DOW,FINNIFTY,Is FINNIFTY's day range bigger on Thursdays?,181,181,748,1.236621555971509,1.244779497385025,1.2346475086508588,0.010131988734166208,0.04905246045363629,-0.08601083375496091,0.10627481122329333,0.8363580795684853,0.053217354560394226,-0.023514018849164042,CE+PE,145.0,145.0,-644.0689893364906,-1018.0253140051532,0.999597989071148,-705.315432345762,T30S15H15,193.20001641635238,-191.70173427192202,0.9767758589307777,-266.45817275501855,74.7564384830965,0.21871790524438733,0.9174336076899201,1.0,0.6779996260850585,False,False,False,False
Q0314,DOW,FINNIFTY,Is FINNIFTY more often up (close > open) on Fridays?,186,186,743,0.4908503767491927,0.46774193548387094,0.49663526244952894,-0.028893326965657995,0.040948197900480744,-0.10915179485060025,0.05136514091928426,0.4804326931001799,0.02032520325203252,-0.08003565062388596,CE,153.0,153.0,-207.84309536803002,-400.29457885235365,0.7992704945901528,-253.6052294142852,T30S10H15,162.31372309666054,-36.29886594081749,0.6434677608942339,-77.57629428250097,41.277428341683475,0.337907280299465,0.6997197142877393,1.0,0.8105782664547543,False,False,False,False
Q0315,DOW,FINNIFTY,Is FINNIFTY's day range bigger on Fridays?,186,186,743,1.236621555971509,1.2368103847388299,1.2365742852437545,0.00023609949507541472,0.04774449914452692,-0.09334311882819735,0.09381531781834818,0.9960544276817445,-0.03444000105638567,0.030822324430524572,CE+PE,143.0,143.0,-427.80423677884613,-783.6769827322241,0.9987796225636709,-705.315432345762,T30S10H60,149.1398444542518,-217.9182567505164,0.9859066736306686,-228.81089756404742,10.892640813531044,0.45632326049877686,0.9984949076560528,1.0,0.8450568766484648,False,False,False,False
Q0366,EXPIRY,FINNIFTY,Is FINNIFTY's day range bigger on expiry day?,168,168,761,1.236621555971509,1.2604338427384694,1.2313647042279487,0.02906913851052062,0.07404540083902549,-0.11605984713396933,0.17419812415501057,0.6946257725041634,-0.08055563953393774,0.13777665838599207,CE+PE,135.0,135.0,-218.93327405883207,-436.310411156645,0.8000376633642139,-705.3154323457621,liq,718.7111172146267,491.6205944382717,0.13249548956746268,-324.9262015868112,816.5467960250832,0.032056668248422876,0.8436477427889669,1.0,0.25696108299347753,False,False,False,False
Q0367,EXPIRY,FINNIFTY,Does FINNIFTY's ATM straddle lose more of its value 09:20->15:09 on expiry day?,151,151,649,-24.19998516738415,-78.84699095795486,-11.485504621349975,-67.36148633660488,3.0166657788040876,-73.2741512630609,-61.448821410148874,1.898551452820249e-110,-59.66524297453628,-79.14258915449432,CE+PE,131.0,131.0,-164.49615663585772,-382.0044251165673,0.7608041965038259,-826.0347383199397,liq,238.78626583186724,15.079468056395271,0.48524849351152893,-359.76106682285587,374.84053487925127,0.17895352266542827,2.226483067398292e-108,1.0,0.6155479620345362,True,True,False,False
Q0368,EXPIRY,FINNIFTY,Is FINNIFTY's day range bigger 1 day before expiry?,160,160,769,1.236621555971509,1.2605687579140068,1.2316390432136421,0.02892971470036465,0.0577808990224483,-0.084320847383634,0.1421802767843633,0.61659666460064,0.0585328950369266,-0.05745116025191721,CE+PE,126.0,126.0,-400.2618678410848,-666.2937727614557,0.9742698583325149,-705.3154323457618,T25S10H15,174.49999491373697,-99.61401570299887,0.8788339459108212,-242.96100173042296,143.34698602742415,0.046238398510427756,0.7899943988545772,1.0,0.31559744307439247,False,False,False,False
Q0369,EXPIRY,FINNIFTY,Does FINNIFTY's ATM straddle lose more of its value 09:20->15:09 1 day before expiry?,137,137,663,-24.19998516738415,-23.344698707552723,-24.376718568586117,1.032019861033394,1.6487278939266048,-2.1994868110627515,4.263526533129539,0.5313482801408727,7.966788406145479,-5.645123046466281,CE+PE,126.0,126.0,-302.76187033880325,-567.974413946745,0.9472879930759388,-826.0347383199401,liq,139.02386256626673,-133.47200141637214,0.6467753952096998,-359.7610668228561,226.28906540648376,0.2615614771895115,0.7362398296259138,1.0,0.730659345675976,False,False,False,False
Q0370,EXPIRY,FINNIFTY,Is FINNIFTY's day range bigger 2 days before expiry?,156,156,773,1.236621555971509,1.2239880659259283,1.2391711348164127,-0.015183068890484375,0.05179455995985659,-0.11670040641180328,0.08633426863083453,0.769414972486942,-0.04914206723051695,-0.008991992471714783,CE+PE,122.0,122.0,-461.901671612849,-766.8735715483783,0.9977214801951906,-705.3154323457619,T30S10H15,104.090142171891,-210.0714970096792,0.9895283250015948,-207.9740428013796,-2.097454208299725,0.509196480846777,0.8791366824695794,1.0,0.8450568766484648,True,False,False,False
Q0371,EXPIRY,FINNIFTY,Does FINNIFTY's ATM straddle lose more of its value 09:20->15:09 2 days before expiry?,129,129,671,-24.19998516738415,-14.043516066647316,-26.1525701360802,12.109054069432885,1.5772491416092238,9.017645751878806,15.200462386986963,1.624450926318974e-14,17.956270082745576,7.119554431779045,CE+PE,120.0,120.0,-501.72490978240967,-803.872616199651,0.9984541649131646,-826.0347383199401,T30S10H60,178.1249885559082,-134.3748855810661,0.8993270850861657,-347.49849212091823,213.12360653985223,0.021355642356671638,1.599650148817921e-13,1.0,0.20073762937879444,True,True,False,False
Q0372,EXPIRY,FINNIFTY,Is FINNIFTY's day range bigger 3-4 days before expiry?,261,261,668,1.236621555971509,1.2381979464571138,1.2360056309464449,0.0021923155106688963,0.04831551768746252,-0.09250609915675764,0.09689073017809544,0.9638084257872325,-0.07252445901620552,0.05976477496374355,CE+PE,204.0,204.0,-186.16179634543028,-532.3903210317394,0.9885835788053299,-705.315432345762,T30S10H15,94.16177188648896,-260.3746928209629,0.9996729047673214,-207.97404280137954,-52.400650019583395,0.753606087370424,0.9904337153876429,1.0,0.9592877556557923,False,False,False,False
Q0373,EXPIRY,FINNIFTY,Does FINNIFTY's ATM straddle lose more of its value 09:20->15:09 3-4 days before expiry?,218,218,582,-24.19998516738415,-7.853974259227788,-30.32271777559392,22.468743516366132,1.6758160100155117,19.18414413673573,25.753342895996536,5.4544611738522e-41,31.675083308577413,14.274611899039535,CE+PE,209.0,209.0,-145.37804683144583,-490.68070797288414,0.9834491156519104,-826.0347383199398,liq,286.9521014199873,-64.72353189630661,0.587330527810643,-359.7610668228559,295.0375349265493,0.157215149359121,1.5991488441521222e-39,1.0,0.5826605982180929,True,True,False,False
Q0374,EXPIRY,FINNIFTY,Is FINNIFTY's day range bigger 5+ days before expiry?,184,184,745,1.236621555971509,1.2025311757688937,1.245041193498061,-0.04251001772916729,0.05094270653298948,-0.14235772253382667,0.0573376870754921,0.4040177625137814,0.6207522363687672,-0.08594341377636527,CE+PE,146.0,146.0,-762.5135625429349,-1346.0047534797084,0.9999999958401043,-705.315432345762,T30S15H60,190.37673114097282,-411.84137804953104,0.9991099440494329,-330.45232695930537,-81.38905109022572,0.731548304429075,0.6309720504149855,1.0,0.9483404245685718,False,False,False,False
Q0375,EXPIRY,FINNIFTY,Does FINNIFTY's ATM straddle lose more of its value 09:20->15:09 5+ days before expiry?,165,165,635,-24.19998516738415,-4.436901910377271,-29.33527451763003,24.89837260725276,1.4971940470815206,21.963872274972978,27.832872939532542,4.224265725044587e-62,-0.7027623106783842,26.390426716334996,CE+PE,154.0,154.0,-776.3764482968813,-1371.1215528321416,0.9999999999999275,-826.0347383199397,T25S10H60,33.25328480113637,-581.2067131481593,0.9999999711041431,-327.26838953220476,-253.9383236159544,0.9911176680476614,2.476955811503417e-60,1.0,1.0,False,True,False,False
Q0424,PRIORDAY,FINNIFTY,"After the previous day rose more than 1%, is FINNIFTY more often up (close > open) today?",581,581,2759,0.4748502994011976,0.46987951807228917,0.4758970641536789,-0.006017546081389713,0.022787903125172728,-0.05068183620672826,0.038646744043948834,0.7917278566939645,-0.00851581508515814,-0.0032922633093267484,PE,79.0,79.0,-260.7721212242223,-431.72477921447023,0.7643838304642943,-451.71020293147694,T30S20H15,320.7721565343157,144.31954824271654,0.15955608577652344,-176.0400187974153,320.35956704013176,0.013499074446330497,0.8943335684196272,1.0,0.1498491474431144,True,False,False,False
Q0425,PRIORDAY,FINNIFTY,"After the previous day rose more than 1%, is FINNIFTY's day range bigger today?",581,581,2759,1.4944923318961623,1.6755385113533725,1.4563669856603378,0.21917152569303466,0.05626113378467486,0.10889970347507194,0.3294433479109974,9.795124539252345e-05,0.0877956281552632,0.3595539759955606,CE+PE,79.0,79.0,-1124.468359950977,-1475.9886422480452,0.999344702662006,-705.3154323457621,T30S20H15,260.08856181856953,-105.05521635283144,0.8009447290804226,-304.9241499351807,199.86893358234926,0.05395870525222449,0.0005517777578880142,1.0,0.3440871845809092,True,True,False,False
Q0426,PRIORDAY,FINNIFTY,"After the previous day fell more than 1%, is FINNIFTY more often up (close > open) today?",480,480,2860,0.4748502994011976,0.48541666666666666,0.47307692307692306,0.012339743589743601,0.024652208043908316,-0.0359785841763167,0.0606580713558039,0.6166855501136118,0.00706243719740568,0.017915386996166904,PE,76.0,76.0,710.6842045201674,526.7390311164881,0.27700474722169055,-451.71020293147694,time,710.6842045201674,526.7390311164881,0.27700474722169055,-451.71020293147694,978.4492340479651,0.13583287269436478,0.7899943988545772,1.0,0.5416869944540853,True,False,False,False
Q0427,PRIORDAY,FINNIFTY,"After the previous day fell more than 1%, is FINNIFTY's day range bigger today?",480,480,2860,1.4944923318961623,2.006609381153087,1.4085426173355593,0.5980667638175277,0.06748509883490236,0.46579597010111906,0.7303375575339363,7.844735032966431e-19,0.35954077522333594,0.8482812627435128,CE+PE,73.0,73.0,1171.1096767866857,774.8196553070919,0.1107485773367915,-705.315432345762,time,1171.1096767866857,774.8196553070919,0.1107485773367915,-705.315432345762,1480.135087652854,0.009760077419753948,9.921282541692838e-18,1.0,0.12163453193369077,True,True,False,False
Q0428,PRIORDAY,FINNIFTY,"After the previous day was the narrowest of 7 (NR7), is FINNIFTY more often up (close > open) today?",549,549,2791,0.4748502994011976,0.5009107468123861,0.4697241132210677,0.031186633591318402,0.023340527188721736,-0.014560799698576196,0.076934066881213,0.18149761520656854,0.02259259259259261,0.039514132067644314,PE,124.0,124.0,-853.0645337112007,-1005.549800835834,0.9897811080080717,-451.7102029314768,liq,-3.0483885734311995,-162.87652269580434,0.7408804720947071,-168.69827573614577,5.821753040341435,0.49078827192528807,0.38508540068498914,1.0,0.8450568766484648,True,False,False,False
Q0429,PRIORDAY,FINNIFTY,"After the previous day was the narrowest of 7 (NR7), is FINNIFTY's day range bigger today?",549,549,2791,1.4944923318961623,1.3935693239002023,1.5143442600186208,-0.1207749361184185,0.039488435663654516,-0.19817227001918136,-0.043377602217655645,0.0022245643375728504,-0.020903166294161668,-0.2189875276430171,CE+PE,123.0,123.0,-214.39028054839227,-544.9943987974683,0.9410147873529469,-705.3154323457619,liq,152.63412289503145,-183.70552159665152,0.6917380691669786,-324.92620158681103,141.22067999015957,0.3501302264514443,0.010359884460176811,1.0,0.8221331663015513,True,True,False,False
Q0430,PRIORDAY,FINNIFTY,"After the previous day was an inside day, is FINNIFTY more often up (close > open) today?",346,346,2994,0.4748502994011976,0.49421965317919075,0.4726118904475618,0.021607762731628954,0.02838904507826618,-0.03403476562177276,0.07725029108503068,0.4465792371314581,0.012855335102042398,0.02995144951392753,PE,85.0,85.0,-673.9411257715786,-845.3513141210939,0.9510001959507955,-451.7102029314769,liq,48.98826868393842,-129.1299488328676,0.6446935010015358,-168.69827573614572,39.56832690327807,0.45474063807883386,0.6714303215612831,1.0,0.8450568766484648,True,False,False,False
Q0431,PRIORDAY,FINNIFTY,"After the previous day was an inside day, is FINNIFTY's day range bigger today?",346,346,2994,1.4944923318961623,1.4139595383960248,1.5037990608711278,-0.08983952247510296,0.049901902673662735,-0.1876472517154819,0.007968206765276,0.07180971655738985,-0.09365160755645152,-0.08739801869144115,CE+PE,82.0,82.0,-398.8535666065972,-767.807463036552,0.9619724447769147,-705.315432345762,liq,643.2073583835509,263.30085644743684,0.3183754819492224,-324.92620158681115,588.2270580342481,0.14570773454708796,0.19625960669286635,1.0,0.5620773916059926,True,False,False,False
Q0432,PRIORDAY,FINNIFTY,"After the previous day's range was 1.5x its 20-day average, is FINNIFTY more often up (close > open) today?",425,425,2915,0.4748502994011976,0.4894117647058824,0.4727272727272727,0.01668449197860966,0.025955371986628728,-0.034188037115182646,0.06755702107240197,0.5203444104692964,0.007904928643429343,0.024939500077099996,PE,97.0,97.0,276.06187268323504,101.90544420112224,0.43946183375832765,-451.7102029314768,time,276.06187268323504,101.90544420112224,0.43946183375832765,-451.7102029314768,553.6156471325991,0.20395567890930058,0.7299527306638063,1.0,0.6550349834790951,True,False,False,False
Q0433,PRIORDAY,FINNIFTY,"After the previous day's range was 1.5x its 20-day average, is FINNIFTY's day range bigger today?",425,425,2915,1.4944923318961623,1.9032498758232306,1.4348964635706034,0.46835341225262717,0.08761298716651633,0.29663195740625514,0.6400748670989992,9.006449757690034e-08,0.2712831040649475,0.653879855287967,CE+PE,95.0,95.0,-1021.5472380158149,-1381.4797169370627,0.9980023426137865,-705.3154323457619,T30S15H15,380.0526701274671,5.000344352117985,0.48587372091012704,-266.45817275501844,271.4585171071365,0.02725871987251268,6.051208430947992e-07,1.0,0.23186044947638235,True,True,False,False
Q0434,PRIORDAY,FINNIFTY,"After 3+ up days in a row, is FINNIFTY more often up (close > open) today?",520,520,2820,0.4748502994011976,0.48653846153846153,0.4726950354609929,0.013843426077468635,0.02385328480847382,-0.03290901214714005,0.06059586430207732,0.5616737474035318,0.01891872538489081,0.009084392310198752,PE,120.0,120.0,-797.7000153213739,-954.8283123298964,0.9873470209249491,-451.7102029314767,T30S10H60,88.04999923706055,-77.98563440752731,0.7891726022500665,-136.54850351637702,58.56286910884979,0.2731133118367498,0.763497507007962,1.0,0.7432553899151537,True,False,False,False
Q0435,PRIORDAY,FINNIFTY,"After 3+ up days in a row, is FINNIFTY's day range bigger today?",520,520,2820,1.4944923318961623,1.3148228292260198,1.5276228784878194,-0.21280004926179963,0.04113083743048054,-0.2934164906255415,-0.13218360789805778,2.2946032143440203e-07,-0.21941020959912305,-0.21015165036555095,CE+PE,118.0,118.0,-697.7796849810471,-1032.0165436631187,0.9972542689991665,-705.3154323457618,liq,382.65251676915057,37.48695471379241,0.46372424838583204,-324.926201586811,362.4131563006034,0.1893488214055933,1.487456355027028e-06,1.0,0.6296604333843315,True,True,False,False
Q0436,PRIORDAY,FINNIFTY,"After 3+ down days in a row, is FINNIFTY more often up (close > open) today?",375,375,2965,0.4748502994011976,0.456,0.4772344013490725,-0.021234401349072507,0.027310612396776925,-0.07476320164675529,0.03229439894861027,0.43685519218502383,-0.04153627311522046,-0.0004186004186003678,PE,80.0,80.0,-111.97501774504781,-279.6395603844843,0.652612502224573,-451.71020293147683,liq,185.70001029968262,13.90896880912859,0.48683064002316,-168.69827573614572,182.60724454527434,0.3323375748625963,0.6661267114878023,1.0,0.8054081859977466,True,False,False,False
Q0437,PRIORDAY,FINNIFTY,"After 3+ down days in a row, is FINNIFTY's day range bigger today?",375,375,2965,1.4944923318961623,1.7203192028864505,1.4659307546208304,0.25438844826562,0.0626385426081608,0.13161690475362484,0.37715999177761517,4.8818456880577905e-05,0.21820780602800038,0.29215899389971356,CE+PE,76.0,76.0,-94.421040280477,-457.10798345013984,0.8488924162378126,-705.3154323457621,liq,87.31584247789885,-280.7055393878579,0.7165341829248442,-324.9262015868112,44.22066219895313,0.4640640544835387,0.0002774264730217863,1.0,0.8450568766484648,True,True,False,False
Q0486,FIRSTHOUR,FINNIFTY,"When FINNIFTY's first-hour range is narrow (<0.6x its 20-day average), is the move 10:15->15:09 bigger?",106,106,823,0.48128430630342056,0.3878506287088934,0.49331829151000606,-0.10546766280111264,0.044668340847693666,-0.19301761086259223,-0.01791771473963305,0.018219449063289043,-0.15445223005504533,-0.05610355327759381,CE+PE,98.0,98.0,-131.87753545538504,-441.96024958805543,0.9219553927891727,-745.6170086219346,T30S10H15,-69.06127540432676,-383.18862424698096,0.9999999855067344,-459.2281012964695,76.03947704948861,0.1354854988344581,0.06818870841022028,1.0,0.5409935208868758,True,False,False,False
Q0487,FIRSTHOUR,FINNIFTY,"When FINNIFTY's first-hour range is narrow (<0.6x its 20-day average), how often is it a trend day (close-open >= 70% of range)?",106,106,823,0.2303552206673843,0.18867924528301888,0.23572296476306198,-0.0470437194800431,0.040802461053372055,-0.12701654314465233,0.03292910418456613,0.24892565629564034,-0.01365116473240377,-0.08847390172968009,,,,,,,,,,,,,,,0.47170350948633516,,,True,False,False,False
Q0488,FIRSTHOUR,FINNIFTY,"When FINNIFTY's first-hour range is wide (>1.5x average), is the move 10:15->15:09 bigger?",115,115,814,0.48128430630342056,0.63071608543396,0.4601729370159365,0.17054314841802348,0.06890959169660557,0.03548034869267658,0.3056059481433704,0.01332799849859525,0.10186775178622454,0.24927059261949341,CE+PE,83.0,83.0,260.6024193009698,-69.30422384599034,0.5544081706095545,-745.6170086219346,liq,936.7951680378742,599.3067432733275,0.17459814977819071,-425.8563203040827,1025.1630635774102,0.054648624769907964,0.05210035776723598,1.0,0.3462556768747505,True,False,False,False
Q0489,FIRSTHOUR,FINNIFTY,"When FINNIFTY's first-hour range is wide (>1.5x average), how often is it a trend day (close-open >= 70% of range)?",115,115,814,0.2303552206673843,0.2608695652173913,0.22604422604422605,0.03482533917316524,0.043515846134916776,-0.050465719251271635,0.12011639759760212,0.4235422275702284,0.020780856423173816,0.053574161947038124,,,,,,,,,,,,,,,0.6535520018727208,,,True,False,False,False
Q0490,FIRSTHOUR,FINNIFTY,"When FINNIFTY breaks above its first-hour high (first close after 10:15), how often does it close (15:09) beyond that level?",478,478,0,0.5439330543933054,0.5439330543933054,0.5,0.043933054393305415,0.02280488227599432,-0.000764514867643451,0.08863062365425428,0.05404498762275478,0.060669456066945626,0.027196652719665315,CE,407.0,407.0,362.1154882398226,184.18910892166193,0.20902002339434575,-202.3598958150484,liq,434.4840314523008,255.10339395076676,0.0434044282051511,-245.91984565980573,501.02323961057255,0.0003862219261019531,0.15811955111301976,1.0,0.010118105706397991,True,False,False,False
Q0491,FIRSTHOUR,FINNIFTY,"When FINNIFTY breaks above its first-hour high (first close after 10:15), how far does it run in the next 30 minutes (in the break direction, %)?",478,478,0,0.012317225025288729,0.012317225025288729,0.0,0.012317225025288729,0.009429227760790209,-0.00616406138586008,0.03079851143643754,0.19145687331877342,0.017568207186136286,0.0070662428644411735,CE,407.0,407.0,208.87963211653567,31.96618620990335,0.3572523441308758,-226.27504780251618,liq,434.4840314523008,255.10339395076676,0.0434044282051511,-245.91984565980573,501.02323961057255,0.0003862219261019531,0.40029070758706276,1.0,0.010118105706397991,True,False,False,False
Q0492,FIRSTHOUR,FINNIFTY,"When FINNIFTY breaks above its first-hour high (first close after 10:15) BEFORE 11:15, does it follow through to 15:09 more than a later break?",287,287,191,0.043013779189297344,-0.0025353572925208754,0.11145672248920221,-0.11399207978172309,0.050731866980389485,-0.21342653906328646,-0.014557620500159699,0.02464308255075566,-0.17463753426659043,-0.053441349628700466,CE,252.0,252.0,181.52381181184734,2.0027907447973496,0.49754622075438204,-241.96378847646932,liq,320.6071372259231,139.02098346092328,0.24134143456716678,-270.09460168755567,409.1155851484789,0.019463633024803938,0.08531000497399233,1.0,0.18852378433942327,True,False,False,False
Q0493,FIRSTHOUR,FINNIFTY,"When FINNIFTY breaks below its first-hour low (first close after 10:15), how often does it close (15:09) beyond that level?",471,471,0,0.5159235668789809,0.5159235668789809,0.5,0.015923566878980888,0.023051581383785782,-0.02925753263323924,0.06110466639120102,0.48970392893778814,0.05084745762711862,-0.019148936170212794,PE,403.0,403.0,-5.873429490156268,-174.981463336058,0.8053793411613415,-408.7469694309083,T30S15H60,98.82879650030775,-73.52778147766,0.8592835456375103,-210.82808503739903,137.300303559739,0.02230821073042811,0.7066197632323789,1.0,0.20616234588361418,False,False,False,False
Q0494,FIRSTHOUR,FINNIFTY,"When FINNIFTY breaks below its first-hour low (first close after 10:15), how far does it run in the next 30 minutes (in the break direction, %)?",471,471,0,0.013926935297162163,0.013926935297162163,0.0,0.013926935297162163,0.010087114704267066,-0.005843809523201288,0.033697680117525615,0.16738171082700534,0.003369051521107302,0.024529746238221514,PE,403.0,403.0,113.18114964601124,-56.713709317636145,0.7418764521820643,-175.6051356183701,time,113.18114964601124,-56.713709317636145,0.7418764521820643,-175.6051356183701,118.89142630073397,0.08699819385887247,0.3635057356344055,1.0,0.4419976684575342,True,False,False,False
Q0495,FIRSTHOUR,FINNIFTY,"When FINNIFTY breaks below its first-hour low (first close after 10:15) BEFORE 11:15, does it follow through to 15:09 more than a later break?",290,290,181,0.015982156599656284,0.02847967476680361,-0.0040414912924582125,0.03252116605926182,0.05759988960299527,-0.08037461756260891,0.14541694968113256,0.5723426952512659,0.015343328581445848,0.04753046063735807,PE,242.0,242.0,-19.56197062491878,-190.71816685817296,0.7427951543484417,-441.7204962775233,T30S20H15,63.13637347260782,-109.58439020143199,0.9197431242497075,-194.8346123508937,85.2502221494617,0.13769404573848093,0.7696747623599105,1.0,0.5457276871948907,True,False,False,False
Q0532,TREND,FINNIFTY,"If at 11:15 FINNIFTY is up more than 0.5% and near its high (top 20% of the range), how often does it rise further to 15:09?",112,112,817,0.5166846071044133,0.5357142857142857,0.5140758873929009,0.02163839832138481,0.05029146992257616,-0.07693288272686447,0.12020967936963409,0.6670066584854359,-0.03850525717533393,0.07846886059471986,CE,91.0,91.0,411.13185609926234,220.0263534615212,0.3331494263682101,-204.71760683392347,time,411.13185609926234,220.0263534615212,0.3331494263682101,-204.71760683392347,424.7439602954444,0.2025739843856087,0.82643214884578,1.0,0.652951796236337,False,False,False,False
Q0533,TREND,FINNIFTY,"If at 11:15 FINNIFTY is down more than 0.5% and near its low (bottom 20%), how often does it fall further to 15:09?",121,121,808,0.48331539289558667,0.5371900826446281,0.4752475247524752,0.06194255789215286,0.048640307022413266,-0.033392443871777144,0.15727755965608287,0.20284703822006808,0.10435178856231486,0.018715270060013278,PE,100.0,100.0,24.089966931939124,-156.48850165503808,0.641178555288332,-310.62760693784224,time,24.089966931939124,-156.48850165503808,0.641178555288332,-310.62760693784224,154.13910528280402,0.36085218725864737,0.41734079633793913,1.0,0.8323972785169277,True,False,False,False
Q0534,TREND,FINNIFTY,"If at 11:15 FINNIFTY is up more than 1.0% and near its high (top 20% of the range), how often does it rise further to 15:09?",34,34,895,0.5166846071044133,0.47058823529411764,0.5184357541899441,-0.0478475188958265,0.08726193291067706,-0.21888090740075353,0.12318586960910052,0.5834717575789513,-0.046067415730337125,-0.06253968253968256,PE,,,,,,,,,,,,,,0.7726622863276426,,,True,False,False,False
Q0535,TREND,FINNIFTY,"If at 11:15 FINNIFTY is down more than 1.0% and near its low (bottom 20%), how often does it fall further to 15:09?",36,36,893,0.48331539289558667,0.5555555555555556,0.48040313549832026,0.07515242005723533,0.08453358966227277,-0.0905334156808193,0.24083825579528995,0.3739899905712002,0.27703206562266963,-0.12680617837568514,PE,,,,,,,,,,,,,,0.6010872692972766,,,False,False,False,False
Q0536,TREND,FINNIFTY,"If at 12:30 FINNIFTY is up more than 0.5% and near its high (top 20% of the range), how often does it rise further to 15:09?",131,131,798,0.4940796555435953,0.5038167938931297,0.4924812030075188,0.011335590885610924,0.047158159022050714,-0.08109440079760848,0.10376558256883033,0.8100404052322936,-0.045905707196029766,0.06534580810860396,CE,108.0,108.0,345.6944784729017,161.15899601772603,0.360823670131937,-90.56339699125571,T25S20H60,499.72220526801215,312.1770770773741,0.017729725833119804,-42.34750192133071,354.52457899870467,0.008461909117380829,0.9027703245506913,1.0,0.1097116694182453,False,False,False,False
Q0537,TREND,FINNIFTY,"If at 12:30 FINNIFTY is down more than 0.5% and near its low (bottom 20%), how often does it fall further to 15:09?",124,124,805,0.5059203444564048,0.532258064516129,0.5018633540372671,0.030394710478861886,0.04817457927727505,-0.06402746490459721,0.12481688586232098,0.5280873379517756,0.10243741765480896,-0.052945098910869126,PE,105.0,105.0,-609.2285903266499,-774.40208394866,0.970813200682394,-450.5361497718059,T30S20H30,170.34282793317522,-1.6351810511208376,0.505344165096689,-283.6319712345539,281.99679018343295,0.010436845156541495,0.7329455811390937,1.0,0.12692936534454727,False,False,False,False
Q0538,TREND,FINNIFTY,"If at 12:30 FINNIFTY is up more than 1.0% and near its high (top 20% of the range), how often does it rise further to 15:09?",41,41,888,0.4940796555435953,0.43902439024390244,0.4966216216216216,-0.05759723137771916,0.0793421225255876,-0.21310779152787085,0.09791332877243253,0.4678785597192458,-0.05561255899856349,-0.062093435836783006,CE,30.0,30.0,649.8998985290527,450.35379316465173,0.3260172132872968,-90.56339699125569,liq,1035.1999282836914,831.5705180335517,0.1641299715813096,-129.54027824025118,961.1107962738026,0.1292555864081395,0.6897866766146595,1.0,0.530240713222464,True,False,False,False
Q0539,TREND,FINNIFTY,"If at 12:30 FINNIFTY is down more than 1.0% and near its low (bottom 20%), how often does it fall further to 15:09?",43,43,886,0.5059203444564048,0.6046511627906976,0.5011286681715575,0.10352249461914009,0.07647038104243349,-0.04635945222402954,0.2534044414623097,0.1758131610282047,0.18493150684931503,-0.0200892857142857,PE,31.0,31.0,-1573.838643585482,-1734.16332616841,0.9705949550325482,-450.536149771806,T15S20H60,391.06447035266507,215.89500874191458,0.17699143316873678,-308.8007360814025,524.695744823317,0.012140592599603442,0.3767424879175815,1.0,0.13942584631664232,False,False,False,False
Q0584,STREAK,FINNIFTY,"After 3+ green 5-minute candles in a row at 09:20-11:00, is FINNIFTY up over the next 15 minutes more often?",1830,710,16750,0.4986544671689989,0.4808743169398907,0.5005970149253731,-0.01972269798548243,0.014263007345159453,-0.04767819238199496,0.008232796411030096,0.16673025402836147,-0.024689605033719197,-0.015232831516294898,PE,1549.0,628.0,-46.729513307476594,-215.24469818960912,0.999999808594934,-179.27096415452772,T15S10H15,-29.690127683655533,-200.70760524674256,0.9999999999992011,-197.07840668673873,-3.629198560003795,0.5506410839249197,0.3635057356344055,1.0,0.858179987180859,True,False,False,False
Q0585,STREAK,FINNIFTY,"After 3+ red 5-minute candles in a row at 09:20-11:00, is FINNIFTY up over the next 15 minutes more often?",1818,703,16762,0.4986544671689989,0.5137513751375138,0.49701706240305454,0.016734312734459245,0.01409679787139864,-0.01089541109348209,0.04436403656240058,0.23518806697091305,0.028535820989767258,0.0050743429289203945,PE,1597.0,641.0,2.1377681357157403,-167.48787072268533,0.9999455370976501,-179.90306364295634,T15S10H60,11.83281026038813,-160.61268648230285,0.9999999987591601,-198.9670916407144,38.35440515841154,0.07666033399430948,0.46013913257055955,1.0,0.41570006511269536,True,False,False,False
Q0586,STREAK,FINNIFTY,"After 5+ green 5-minute candles in a row at 09:20-11:00, is FINNIFTY up over the next 15 minutes more often?",333,189,18247,0.4986544671689989,0.5045045045045045,0.4985477064722968,0.005956798032207666,0.0294134997648452,-0.05169366150688893,0.06360725757130425,0.8395108608318469,0.04385188401311624,-0.025806852510420253,PE,284.0,171.0,-91.9436540737958,-268.9762943726567,0.9994470079583677,-172.02874769457452,T15S20H15,-16.62674863573531,-195.2190906733076,0.998475272394502,-207.38859794337233,12.169507270064797,0.42720970611345865,0.9193285318107662,1.0,0.8450568766484648,False,False,False,False
Q0587,STREAK,FINNIFTY,"After 5+ red 5-minute candles in a row at 09:20-11:00, is FINNIFTY up over the next 15 minutes more often?",366,194,18214,0.4986544671689989,0.5191256830601093,0.49824310969583835,0.020882573364270962,0.029672722749505845,-0.03727596322476049,0.07904110995330241,0.48158019067951746,0.06713274011142001,-0.015990002720818908,PE,323.0,174.0,-64.07738428735881,-241.0514436546343,0.9881536047251135,-168.495663051439,T15S15H60,102.8451859323602,-77.4822182588514,0.881444276216244,-216.03958862215484,138.55737036330336,0.016747980463075414,0.7003815625440558,1.0,0.17135034640558847,False,False,False,False
Q0588,STREAK,FINNIFTY,"After 3+ green 5-minute candles in a row at 11:00-13:00, is FINNIFTY up over the next 15 minutes more often?",2456,788,19840,0.5088805166846071,0.4820846905537459,0.5121975806451613,-0.03011289009141538,0.012603661026248467,-0.05481606570286238,-0.005409714479968384,0.016884293847536508,-0.004128900941356428,-0.05689617493816701,CE,2090.0,729.0,-34.53874690224679,-217.53731868129137,0.9999999547852589,-187.94090575636415,liq,73.34067792755565,-111.30415329838362,0.8652057287921888,-214.49234203202556,103.1881887336419,0.15295408352266937,0.06424996773841325,1.0,0.5748977182686812,True,False,False,False
Q0589,STREAK,FINNIFTY,"After 3+ red 5-minute candles in a row at 11:00-13:00, is FINNIFTY up over the next 15 minutes more often?",2285,753,20011,0.5088805166846071,0.5347921225382932,0.5059217430413273,0.028870379496965914,0.012976071154745453,0.0034372800336648253,0.05430347896026701,0.0260883722921284,0.020137093146056828,0.03745198897009416,CE,1970.0,688.0,-1.7192926745729398,-193.13104873195456,0.9999995294998518,-185.82273574034036,T15S10H15,16.12841597426361,-177.80586152478332,0.9999985695029007,-199.69726873916463,21.891407214381303,0.2822523705110607,0.08903174671123183,1.0,0.7545705968593913,True,False,False,False
Q0590,STREAK,FINNIFTY,"After 5+ green 5-minute candles in a row at 11:00-13:00, is FINNIFTY up over the next 15 minutes more often?",511,255,21785,0.5088805166846071,0.4911937377690802,0.5092953867339913,-0.01810164896491112,0.02655429006918369,-0.07014805750051115,0.03394475957068891,0.49543844634202255,-0.005081277512839377,-0.031172524151651226,CE,423.0,216.0,5.432616159425559,-184.2464557695333,0.9957543648501833,-189.0905691942863,liq,240.19149130963265,48.036791645320164,0.40117699162076603,-210.64521447598307,258.68200612130323,0.08889007152008825,0.7104899510963824,1.0,0.4468193475004814,True,False,False,False
Q0591,STREAK,FINNIFTY,"After 5+ red 5-minute candles in a row at 11:00-13:00, is FINNIFTY up over the next 15 minutes more often?",469,243,21827,0.5088805166846071,0.5181236673773987,0.5086819077289595,0.009441759648439185,0.02559957102614773,-0.040733399562810364,0.059616918859688735,0.712258231260823,0.03658016456497393,-0.01781136371119868,PE,401.0,221.0,40.840384276430505,-132.92727638947915,0.9523406688116398,-165.99153675382584,T30S10H60,85.51870455468385,-91.54249782676716,0.8887314814445408,-195.15345407212388,103.6109562453567,0.0838767250061518,0.8523312785959756,1.0,0.43522472618827646,False,False,False,False
Q0592,STREAK,FINNIFTY,"After 3+ green 5-minute candles in a row at 13:00-14:55, is FINNIFTY up over the next 15 minutes more often?",2496,795,19800,0.507983494797273,0.5024038461538461,0.5086868686868686,-0.0062830225330224865,0.012655873884933945,-0.031088535347493017,0.018522490281448045,0.6195761786728955,0.00341103852495217,-0.016445810127392546,CE,2199.0,742.0,113.80490843953736,-68.83305589249126,0.8994186960531487,-156.41297753773506,T30S20H60,167.33833908872097,-17.735464054175623,0.5624538725722967,-169.25858249899284,151.52311844481721,0.08979238693216332,0.79055714192684,1.0,0.4488029119152416,False,False,False,False
Q0593,STREAK,FINNIFTY,"After 3+ red 5-minute candles in a row at 13:00-14:55, is FINNIFTY up over the next 15 minutes more often?",2374,796,19922,0.507983494797273,0.5467565290648694,0.5033631161529967,0.04339341291187271,0.012586762018872414,0.018723359354882778,0.06806346646886263,0.000565708747618466,0.03784252405341115,0.049406578986618876,CE,2092.0,738.0,7.723721384603253,-184.72003437177855,0.9999999056590644,-156.95246759998875,T15S20H15,58.68500095936354,-135.24535420343557,0.9999728162483983,-165.41307656269367,30.167722359258107,0.18448422347753735,0.002942597921079924,1.0,0.6239702302821417,True,True,False,False
Q0594,STREAK,FINNIFTY,"After 5+ green 5-minute candles in a row at 13:00-14:55, is FINNIFTY up over the next 15 minutes more often?",545,267,21751,0.507983494797273,0.5137614678899083,0.5078387200588479,0.005922747831060393,0.02501641911763111,-0.04310943363949658,0.05495492930161737,0.8128473128392157,0.03435430463576161,-0.026716592099225167,CE,475.0,247.0,111.10738894813939,-68.96916126135378,0.8158584133890991,-161.59692181802646,time,111.10738894813939,-68.96916126135378,0.8158584133890991,-161.59692181802646,92.62776055667264,0.11349287589353305,0.9027703245506913,1.0,0.4999115469071911,False,False,False,False
Q0595,STREAK,FINNIFTY,"After 5+ red 5-minute candles in a row at 13:00-14:55, is FINNIFTY up over the next 15 minutes more often?",474,236,21822,0.507983494797273,0.5126582278481012,0.5078819539913848,0.004776273856716418,0.029006412995562,-0.0520762956145851,0.061628843328017935,0.8692094887573991,-0.01098176285939878,0.019957893793814074,PE,403.0,213.0,163.6823564486823,-12.558349289668863,0.5595165169551143,-200.95686952989732,time,163.6823564486823,-12.558349289668863,0.5595165169551143,-200.95686952989732,188.3985202402284,0.012301737140356908,0.9414611591075104,1.0,0.1402173421063124,False,False,False,False
Q0596,STREAK,FINNIFTY,"After 3+ green 15-minute candles in a row, is FINNIFTY up over the next 30 minutes more often?",6821,886,56351,0.5099411131513962,0.508723061134731,0.5100885521108764,-0.001365490976145467,0.009217529333026806,-0.019431848468878007,0.016700866516587073,0.8822317530768389,0.010802593178072195,-0.013675248671197626,CE,5916.0,854.0,81.25303986831804,-100.65251063680743,0.994129652958951,-180.31138655140168,time,81.25303986831804,-100.65251063680743,0.994129652958951,-180.31138655140168,79.65887591459423,0.02279743520811564,0.9436807309030864,1.0,0.20854943598214956,False,False,False,False
Q0597,STREAK,FINNIFTY,"After 3+ red 15-minute candles in a row, is FINNIFTY up over the next 30 minutes more often?",6223,882,56949,0.5099411131513962,0.5230596175478065,0.5085076120739609,0.014552005473845608,0.009538473721993403,-0.004143403021261462,0.03324741396895268,0.1271066393349189,0.006019421384097945,0.023222828930916206,PE,5398.0,840.0,-17.373097707780037,-183.58136000674622,0.999999789040005,-196.05040153861165,time,-17.373097707780037,-183.58136000674622,0.999999789040005,-196.05040153861165,12.469041531865429,0.3658599392741201,0.2992108845657762,1.0,0.8357580147472411,True,False,False,False
Q0658,MOMREV,FINNIFTY,"After a big rise (>1.5 sd) of FINNIFTY over the last 5 minutes, is the next 15 minutes up more often (momentum vs reversal)?",3663,849,59509,0.5055562591021339,0.4804804804804805,0.5070997664218858,-0.026619285941405335,0.008634089105350639,-0.04354210058789258,-0.009696471294918085,0.0020489411373177174,-0.04039098572209232,-0.012406030525578593,PE,3119.0,807.0,-9.214485513357522,-174.5592683300165,0.9999995529939503,-187.2605046126446,T30S10H30,25.625526621464775,-142.89051550014022,0.9999999769121659,-188.48891601881084,45.59840051867066,0.04044029621503064,0.009611396607781292,1.0,0.2940008214548816,True,True,False,False
Q0659,MOMREV,FINNIFTY,"After a big fall (<-1.5 sd) of FINNIFTY over the last 5 minutes, is the next 15 minutes up more often (momentum vs reversal)?",3848,845,59324,0.5055562591021339,0.520010395010395,0.5046187040658081,0.015391690944586922,0.008378432431952043,-0.0010300366220390815,0.03181341851121293,0.06620089984263819,0.009906693680950429,0.02140971500466493,CE,3237.0,792.0,-73.26227008467808,-262.66670280725845,1.0,-188.27644246547172,T25S10H15,-23.829467745154297,-216.77980297759748,1.0,-186.22078661437956,-30.559016363217914,0.8849832131306581,0.1840499155107829,1.0,1.0,True,False,False,False
Q0660,MOMREV,FINNIFTY,"After a big rise (>1.5 sd) of FINNIFTY over the last 5 minutes, is the next 60 minutes up more often (momentum vs reversal)?",3663,849,59509,0.5090546444627366,0.4968604968604969,0.5098052395435985,-0.012944742683101584,0.00941321350644383,-0.03139464115573149,0.005505155789528322,0.16907960723496157,-0.02514998493055215,-0.0003469308545123173,PE,3119.0,807.0,-5.323813870267327,-170.6943578409204,0.993711261616248,-222.33789405009,T30S10H30,25.625526621464775,-142.89051550014022,0.9999999769121659,-188.48891601881084,45.59840051867066,0.04044029621503064,0.3665759551816814,1.0,0.2940008214548816,True,False,False,False
Q0661,MOMREV,FINNIFTY,"After a big fall (<-1.5 sd) of FINNIFTY over the last 5 minutes, is the next 60 minutes up more often (momentum vs reversal)?",3848,845,59324,0.5090546444627366,0.5044178794178794,0.5093554042208887,-0.004937524803009241,0.009743175399062871,-0.024034148585172468,0.014159098979153985,0.6123179507702753,-0.011468906888150832,0.0022653090928325126,PE,3274.0,801.0,56.23488511646675,-110.85268021846338,0.9456655187240314,-223.98668456252838,time,56.23488511646675,-110.85268021846338,0.9456655187240314,-223.98668456252838,113.13400434406498,0.05083249075478663,0.7898901564936551,1.0,0.33253169921492026,False,False,False,False
Q0662,MOMREV,FINNIFTY,"After a big rise (>1.5 sd) of FINNIFTY over the last 15 minutes, is the next 15 minutes up more often (momentum vs reversal)?",3715,769,59457,0.5055562591021339,0.5036339165545087,0.5056763711589889,-0.0020424546044801595,0.010433373656695635,-0.022491866971603602,0.018406957762643283,0.8447967159180465,0.022348702909802953,-0.025557373987645737,CE,3152.0,721.0,73.03172170888953,-116.98514095105043,0.9975455280756336,-187.502980475914,T30S10H60,106.49333794104871,-87.72231734414612,0.979436012753986,-191.14908208688783,103.42676474274167,0.00803448672580714,0.9235327262056728,1.0,0.10586505941436296,False,False,False,False
Q0663,MOMREV,FINNIFTY,"After a big fall (<-1.5 sd) of FINNIFTY over the last 15 minutes, is the next 15 minutes up more often (momentum vs reversal)?",3955,741,59217,0.5055562591021339,0.5006321112515802,0.5058851343364237,-0.005253023084843433,0.009461048826125218,-0.023796678784048862,0.013290632614361995,0.5787398855133562,-0.007101312051940978,-0.0033609918027545094,PE,3394.0,698.0,59.45727350575543,-110.434362810232,0.9992322783132429,-187.9144682705788,time,59.45727350575543,-110.434362810232,0.9992322783132429,-187.9144682705788,77.48010546034682,0.013071155441723221,0.7700981289205145,1.0,0.14597216117166134,True,False,False,False
Q0664,MOMREV,FINNIFTY,"After a big rise (>1.5 sd) of FINNIFTY over the last 15 minutes, is the next 60 minutes up more often (momentum vs reversal)?",3715,769,59457,0.5090546444627366,0.5187079407806191,0.5084514859478279,0.01025645483279125,0.0121945514386594,-0.013644865986981173,0.03415777565256367,0.4003094804750938,0.026940792689887694,-0.00581986972866555,CE,3152.0,721.0,100.63229168004115,-89.56695143360693,0.8094445788911104,-211.11316113893352,T30S10H60,106.49333794104871,-87.72231734414612,0.979436012753986,-191.14908208688783,103.42676474274167,0.00803448672580714,0.6274595744992357,1.0,0.10586505941436296,False,False,False,False
Q0665,MOMREV,FINNIFTY,"After a big fall (<-1.5 sd) of FINNIFTY over the last 15 minutes, is the next 60 minutes up more often (momentum vs reversal)?",3955,741,59217,0.5090546444627366,0.4902654867256637,0.5103095394903491,-0.02004405276468535,0.011491134399675402,-0.042566676188049136,0.0024785706586784376,0.08110577502706956,-0.019039336196401968,-0.021193138204286477,PE,3394.0,698.0,124.65734373358818,-45.66519528519236,0.7112614292192303,-223.76884307975837,time,124.65734373358818,-45.66519528519236,0.7112614292192303,-223.76884307975837,178.103647794566,0.014878500128672385,0.21888378616091994,1.0,0.15891198994422034,True,False,False,False
Q0666,MOMREV,FINNIFTY,"After a big rise (>1.5 sd) of FINNIFTY over the last 30 minutes, is the next 15 minutes up more often (momentum vs reversal)?",4102,672,59070,0.5055562591021339,0.5068259385665529,0.5054680887083122,0.0013578498582407228,0.009870182718986589,-0.017987708270972992,0.020703407987454438,0.890579560177168,0.011835772961798718,-0.008918665511782053,CE,3537.0,636.0,64.12468853999843,-120.7720839749063,0.9993864999164634,-190.88326946970017,time,64.12468853999843,-120.7720839749063,0.9993864999164634,-190.88326946970017,70.11118549479387,0.030517195729301835,0.9502461808341991,1.0,0.24956326076030833,False,False,False,False
Q0667,MOMREV,FINNIFTY,"After a big fall (<-1.5 sd) of FINNIFTY over the last 30 minutes, is the next 15 minutes up more often (momentum vs reversal)?",4276,657,58896,0.5055562591021339,0.5,0.5059596577017115,-0.005959657701711474,0.010042590096982945,-0.025643134291798046,0.013723818888375098,0.5528878563349651,0.0011198110777888015,-0.01310307259714627,PE,3706.0,629.0,14.360493519984255,-157.35763275624458,0.9999970714061286,-184.80782141471485,T30S10H60,27.602260783113664,-147.63215904876583,0.9999994765556021,-199.02666298879026,51.39450394002443,0.044413920550082676,0.7571394210956528,1.0,0.3089205631139282,False,False,False,False
Q0668,MOMREV,FINNIFTY,"After a big rise (>1.5 sd) of FINNIFTY over the last 30 minutes, is the next 60 minutes up more often (momentum vs reversal)?",4102,672,59070,0.5090546444627366,0.5411994149195515,0.506822414084984,0.03437700083456752,0.014153944402966119,0.006635269804753926,0.062118731864381105,0.015149179617456685,0.04454195891290258,0.024405426122612428,CE,3537.0,636.0,136.25445261306942,-49.118919343940405,0.6934679426111505,-213.19590193019286,time,136.25445261306942,-49.118919343940405,0.6934679426111505,-213.19590193019286,164.07698258625246,0.045436618104893405,0.05868601113068806,1.0,0.3126645896043777,True,False,False,False
Q0669,MOMREV,FINNIFTY,"After a big fall (<-1.5 sd) of FINNIFTY over the last 30 minutes, is the next 60 minutes up more often (momentum vs reversal)?",4276,657,58896,0.5090546444627366,0.48503274087932646,0.51079869600652,-0.025765955127193485,0.013425510933606461,-0.05207995655706215,0.00054804630267518,0.05496171742546979,-0.023463913850971074,-0.02809278382196284,PE,3706.0,629.0,100.4222961519611,-71.86462718471542,0.7714188291561943,-219.26868211198718,time,100.4222961519611,-71.86462718471542,0.7714188291561943,-219.26868211198718,147.40405492727172,0.06379797705874089,0.16040863230510413,1.0,0.3765236646825125,True,False,False,False
Q0670,MOMREV,FINNIFTY,"After a big rise (>1.5 sd) of FINNIFTY over the last 60 minutes, is the next 15 minutes up more often (momentum vs reversal)?",4649,548,58523,0.5055562591021339,0.5138739513873951,0.5048955111665498,0.008978440220845263,0.009870349107820767,-0.010367444030483439,0.028324324472173965,0.3630136865889664,0.0019731125908813985,0.015626479153877493,CE,4043.0,518.0,88.04625314826455,-93.34949114789013,0.996837619398155,-194.05841249594118,T30S15H60,135.24264034881705,-49.49909386421851,0.833599940164845,-213.795186559649,164.29609269543053,0.0006497550584436187,0.5897829416873634,1.0,0.01555779101228226,True,False,False,False
Q0671,MOMREV,FINNIFTY,"After a big fall (<-1.5 sd) of FINNIFTY over the last 60 minutes, is the next 15 minutes up more often (momentum vs reversal)?",4786,547,58386,0.5055562591021339,0.49686585875470124,0.5062686260404892,-0.009402767285787927,0.010086417670452699,-0.029172145919875218,0.010366611348299363,0.35122248270220363,0.0036608663930407515,-0.02247718733225984,PE,4178.0,522.0,81.76399347141863,-89.70969171446586,0.9968613668062336,-180.34853556628707,time,81.76399347141863,-89.70969171446586,0.9968613668062336,-180.34853556628707,90.6388438518212,0.0028943046981840235,0.5771681562876977,1.0,0.05150064148707226,False,False,False,False
Q0672,MOMREV,FINNIFTY,"After a big rise (>1.5 sd) of FINNIFTY over the last 60 minutes, is the next 60 minutes up more often (momentum vs reversal)?",4649,548,58523,0.5090546444627366,0.5405463540546354,0.5065529791705825,0.03399337488405285,0.016787883298480202,0.0010891236190316567,0.06689762614907405,0.04288014200584224,0.03196982892828404,0.035968061644416016,CE,4043.0,518.0,191.31807440757797,9.239806078277688,0.46541593277985505,-204.8848686155781,time,191.31807440757797,9.239806078277688,0.46541593277985505,-204.8848686155781,214.12467469385578,0.021427029739723505,0.13329007996996745,1.0,0.20119633069540924,True,False,False,False
Q0673,MOMREV,FINNIFTY,"After a big fall (<-1.5 sd) of FINNIFTY over the last 60 minutes, is the next 60 minutes up more often (momentum vs reversal)?",4786,547,58386,0.5090546444627366,0.48725449226911827,0.5108416401192066,-0.023587147850088364,0.01608244516386622,-0.05510874037126615,0.007934444671089426,0.14247417390203193,-0.016687342114953485,-0.030492129686976677,PE,4178.0,522.0,120.11417357744128,-51.61298232885004,0.6909507528582027,-218.42550837088967,time,120.11417357744128,-51.61298232885004,0.6909507528582027,-218.42550837088967,166.81252604203965,0.05390454146013241,0.3253489389327645,1.0,0.34384025472192165,True,False,False,False
Q0738,VIX,FINNIFTY,"When India VIX closed below 13 yesterday, is FINNIFTY's day range bigger?",293,293,636,1.236621555971509,0.9318246306412863,1.3770390074208099,-0.4452143767795236,0.037099169162634185,-0.5179287483382866,-0.37250000522076054,3.524903001580071e-33,-0.5880873588177882,-0.3076546045961587,CE+PE,278.0,278.0,-225.7230245402391,-522.5394456747292,0.9988925984690776,-705.315432345762,liq,204.2805574266173,-98.73614573866983,0.6712537939148563,-324.92620158681115,226.19005584814138,0.15488282772152873,7.706991308539478e-32,1.0,0.5781842005025578,True,True,False,False
Q0739,VIX,FINNIFTY,"When India VIX closed below 13 yesterday, is FINNIFTY more often up (close > open)?",293,293,636,0.4908503767491927,0.4641638225255973,0.5031446540880503,-0.03898083156245302,0.03525994571805973,-0.1080903251698501,0.03012866204494405,0.26893118437454516,-0.06254667662434654,-0.012477957097256576,PE,286.0,286.0,-432.2412963706505,-573.1857743547604,0.9910807099436973,-451.7102029314769,T30S10H60,53.94754316423323,-92.87189313211857,0.931523072878537,-136.54850351637705,43.676610384258524,0.24214229943080318,0.4918769027310774,1.0,0.7062727036246808,True,False,False,False
Q0740,VIX,FINNIFTY,"When India VIX closed 13-16 yesterday, is FINNIFTY's day range bigger?",341,341,588,1.236621555971509,1.1827200978906973,1.267880734892524,-0.08516063700182674,0.043063895263358964,-0.1695658717180103,-0.000755402285643178,0.047980462332798034,-0.2182643318691564,0.07882011708221914,CE+PE,328.0,328.0,-416.7072445390428,-784.7965295349735,0.9997785910266831,-705.315432345762,T30S10H15,102.14636128123213,-276.94557103277884,0.9999945521072864,-207.9740428013795,-68.97152823139938,0.8633380599057398,0.14495268479931958,1.0,1.0,False,False,False,False
Q0741,VIX,FINNIFTY,"When India VIX closed 13-16 yesterday, is FINNIFTY more often up (close > open)?",341,341,588,0.4908503767491927,0.4838709677419355,0.49489795918367346,-0.011026991441737966,0.034040388424685965,-0.07774615275412246,0.05569216987064653,0.7459846159908812,-0.02521290900941281,-0.012742175856929938,PE,329.0,329.0,-66.02732269823733,-240.39603684190746,0.7707452746056885,-451.7102029314769,T25S20H15,62.31610260473558,-114.65175620969721,0.9609799675180708,-190.81065554200262,76.15889933230545,0.12089064839030317,0.8637895222746925,1.0,0.5153994446091297,True,False,False,False
Q0742,VIX,FINNIFTY,"When India VIX closed 16-20 yesterday, is FINNIFTY's day range bigger?",194,194,735,1.236621555971509,1.4422314881356721,1.182351723536342,0.25987976459933004,0.05376983673382514,0.15449088460103277,0.3652686445976273,1.3436334974913043e-06,0.30283662696364066,0.1076251117211362,CE+PE,95.0,95.0,-1122.8210653137219,-1539.993757702307,0.9983387812700237,-705.3154323457619,liq,197.05255930047286,-234.10807205014123,0.6771896241154118,-324.9262015868112,90.81812953666986,0.4292073865400979,8.333111595018186e-06,1.0,0.8450568766484648,True,True,False,False
Q0743,VIX,FINNIFTY,"When India VIX closed 16-20 yesterday, is FINNIFTY more often up (close > open)?",194,194,735,0.4908503767491927,0.4948453608247423,0.4897959183673469,0.005049442457395359,0.04037662803243505,-0.07408874848617734,0.08418763340096806,0.9004771998422947,0.0226586102719033,-0.016666666666666663,CE,107.0,107.0,-258.5327878998262,-475.24442309787605,0.749600518683122,-253.60522941428522,T30S15H60,265.9626099773657,41.69800373026295,0.39309695376284665,-108.96369345498562,150.66169718524856,0.16352002246742633,0.9552759768063818,1.0,0.5929549874942762,False,False,False,False
Q0744,VIX,FINNIFTY,"When India VIX closed 20 or more yesterday, is FINNIFTY's day range bigger?",101,101,828,1.236621555971509,1.9078846202038302,1.1547404334021076,0.7531441868017226,0.1096127227311839,0.5383032502486021,0.967985123354843,6.377309678939316e-12,0.7522464348541957,0.6844840814561213,CE+PE,32.0,32.0,639.1875114804134,232.52557703938226,0.4133616548222857,-705.315432345762,time,639.1875114804134,232.52557703938226,0.4133616548222857,-705.315432345762,937.8410093851445,0.18864265685085047,5.273544542199819e-11,1.0,0.6289949890191778,True,True,False,False
Q0745,VIX,FINNIFTY,"When India VIX closed 20 or more yesterday, is FINNIFTY more often up (close > open)?",101,101,828,0.4908503767491927,0.5841584158415841,0.47946859903381644,0.10468981680776768,0.05205249451847372,0.0026669275515591867,0.20671270606397618,0.04430060400167269,0.09640230570463126,0.16237799467613134,CE,38.0,38.0,130.73683850075068,-78.7097507609337,0.5286550073197326,-253.60522941428516,T25S10H30,284.21049017655224,69.8064709012478,0.3424841438082928,-98.62181390386012,168.42828480510792,0.16382673561070524,0.13639088105526914,1.0,0.5934272059502537,True,False,False,False
Q0746,VIX,FINNIFTY,"When India VIX rose more than 5% yesterday, is FINNIFTY more often up today?",117,117,812,0.4908503767491927,0.5384615384615384,0.4839901477832512,0.05447139067828721,0.04933857604583134,-0.042232218371542216,0.15117499972811665,0.26957904669059823,0.038125900194865725,0.07043314500941616,CE,88.0,88.0,-387.6818340728906,-558.6393300900367,0.7978083744972546,-253.6052294142852,T30S10H60,249.54545454545453,70.74880217515341,0.2836194802510774,-92.26239404767036,163.01119622282377,0.09371525809506157,0.4918769027310774,1.0,0.4579401445438357,True,False,False,False
Q0747,VIX,FINNIFTY,"When India VIX fell more than 5% yesterday, is FINNIFTY more often up today?",97,97,832,0.4908503767491927,0.4020618556701031,0.5012019230769231,-0.09914006740682002,0.052743793730903515,-0.2025179031193909,0.004237768305750872,0.06015528856930494,-0.14936469316031364,-0.036071369386289576,PE,65.0,65.0,-307.6614926411555,-480.27981905156395,0.748136796105024,-451.7102029314769,T25S20H15,159.969240628756,-17.47532827689757,0.5449142727028818,-190.81065554200265,173.33532726510515,0.13155549088462676,0.17168212888142337,1.0,0.5336024901673713,True,False,False,False
Q0748,VIX,FINNIFTY,"When India VIX is up more than 3% at 10:15, is FINNIFTY more often up 10:15->15:09?",217,217,712,0.5123789020452099,0.5023041474654378,0.5154494382022472,-0.013145290736809367,0.03878733127593198,-0.08916846003763605,0.06287787856401732,0.7346799335994805,-0.02089136490250698,-0.005410509659801499,PE,189.0,189.0,-58.39686829655889,-218.41664852325206,0.7287878251933695,-502.1495919769652,liq,-42.68255324590774,-204.29892175056577,0.7932852969868851,-187.66348299930038,-16.635438751265458,0.5265487129419172,0.862363161367907,1.0,0.8491759241864145,True,False,False,False
Q0749,VIX,FINNIFTY,"When India VIX is down more than 3% at 10:15, is FINNIFTY more often up 10:15->15:09?",101,101,828,0.5123789020452099,0.5445544554455446,0.5084541062801933,0.03610034916535132,0.05253960887783752,-0.06687728423521022,0.13907798256591286,0.4920151099734674,0.03005761041997157,0.04287971112615663,CE,83.0,83.0,1148.168670570994,954.3536667372363,0.0870753898262472,-243.46741664496932,time,1148.168670570994,954.3536667372363,0.0870753898262472,-243.46741664496932,1197.8210833822056,0.04403373537719804,0.7083699686001931,1.0,0.30742850584086723,True,False,False,False
Q0750,VIX,FINNIFTY,"When India VIX is up more than 5% intraday, does FINNIFTY fall more over the next 60 minutes (mean move, bps)?",7526,233,55646,0.12072228684899686,-1.0338941251474463,0.27688163552967887,-1.310775760677125,1.5163991083537984,-4.28291801305057,1.6613664916963196,0.38736805837869204,-0.7235667062358722,-1.9304231195520398,PE,6249.0,227.0,-6.792134607977095,-166.21183493945279,0.9506253684972112,-231.95874843862464,time,-6.792134607977095,-166.21183493945279,0.9506253684972112,-231.95874843862464,65.74691349917181,0.2572762440625505,0.6126094431315916,1.0,0.7260692977375796,True,False,False,False
Q0751,VIX,FINNIFTY,"When India VIX is down more than 3% intraday, does FINNIFTY fall more over the next 60 minutes (mean move, bps)?",8868,267,54304,0.12072228684899686,1.3583805794429822,-0.08139088600610521,1.4397714654490874,1.2358235896402938,-0.9824427702458884,3.8619857011440635,0.24400687942408705,1.3259130768811955,1.5950698046950842,CE,7424.0,258.0,131.9753557470013,-52.39535207508014,0.711300992703717,-172.51569647803026,liq,175.84349382026443,-9.737838324187042,0.53597252318158,-211.4647179400144,201.7268796158274,0.030721211228914434,0.46733192900912385,1.0,0.25067787894667154,True,False,False,False
Q0752,VIX,FINNIFTY,"When India VIX jumps (>1.5 sd in 15 min), is FINNIFTY up over the next 15 minutes more often?",3788,724,57328,0.5058249885463708,0.48627243928194297,0.507116941110801,-0.020844501828857998,0.010023387398197614,-0.04049034112932532,-0.0011986625283906746,0.03756346977918366,-0.03243708303811588,-0.008527088852437248,PE,3267.0,678.0,64.54912318780512,-101.28396058524724,0.9992450421655371,-187.75213705962335,liq,74.00643002778921,-93.21654526713695,0.8240490029656815,-280.80128416266643,187.58473889552945,0.030190493197842963,0.1202403871343596,1.0,0.24789155697992887,True,False,False,False
Q0753,VIX,FINNIFTY,"When India VIX drops (<-1.5 sd in 15 min), is FINNIFTY up over the next 15 minutes more often?",3573,765,57543,0.5058249885463708,0.4836272040302267,0.5072033088299185,-0.0235761047996918,0.0105416202698005,-0.04423768052850078,-0.0029145290708828195,0.025320458316988634,-0.007361042328303646,-0.04138972659572704,PE,3076.0,721.0,-1.8442714043804511,-165.98246742240076,0.9999811103176004,-190.11248681829508,T30S10H30,4.990576978467685,-161.99397504140998,0.9999999961772318,-197.50961381389894,35.515638772488934,0.10252339445244657,0.08687072135349824,1.0,0.47811328746954557,True,False,False,False
Q0798,PIN,FINNIFTY,"On expiry days, does FINNIFTY move toward the max-OI strike from 12:00 to 15:09 more often than on other days?",168,168,761,0.4058127018299246,0.3869047619047619,0.4099868593955322,-0.02308209749077028,0.041613618775792754,-0.10464479029132408,0.058480595309783515,0.579115935182476,-0.012971446835712774,-0.03749999999999998,col:pinside165,143.0,143.0,-101.20278874477306,-199.0847565115051,0.6819378434934269,-271.3789540026789,liq,205.55244018981506,104.40579254750142,0.32075865277281623,-200.19855835180778,304.6043508993091,0.08712893752138978,0.7700981289205145,1.0,0.4423615055385481,True,False,False,False
Q0799,PIN,FINNIFTY,"On expiry days, how far does FINNIFTY move toward the max-OI strike from 12:00 to 15:09 (%, vs other days)?",168,168,761,-0.011817843074819116,0.03908170121056693,-0.023054536162788703,0.062136237373355635,0.052657289870882945,-0.04107205077357494,0.16534452552028622,0.23799541626033033,0.08372896145128274,0.02486005425453186,col:pinside165,143.0,143.0,-101.20278874477306,-199.0847565115051,0.6819378434934269,-271.3789540026789,liq,205.55244018981506,104.40579254750142,0.32075865277281623,-200.19855835180778,304.6043508993091,0.08712893752138978,0.46132354284624427,1.0,0.4423615055385481,True,False,False,False
Q0800,PIN,FINNIFTY,"On expiry days, does FINNIFTY move toward the max-OI strike from 13:30 to 15:09 more often than on other days?",168,168,761,0.40904198062432723,0.3869047619047619,0.41392904073587383,-0.027024278831111914,0.04162458904031279,-0.10860847335012498,0.05455991568790115,0.5161843376723221,0.0351054762412103,-0.12312499999999998,col:pinside255,146.0,146.0,314.1575320187497,219.9323924567588,0.2726407996261655,-149.54659780133701,liq,490.6643674145006,394.2277027688652,0.07070397005637855,-185.16816602496647,579.3958687938317,0.015407716251013611,0.7293294584855372,1.0,0.16241373987103958,False,False,False,False
Q0801,PIN,FINNIFTY,"On expiry days, how far does FINNIFTY move toward the max-OI strike from 13:30 to 15:09 (%, vs other days)?",168,168,761,-0.003842093587819932,0.018515224967684065,-0.00877774341347653,0.027292968381160597,0.04252933625035952,-0.05606453066954405,0.11065046743186524,0.5210390790983878,0.019505825119945204,0.037019480019807816,col:pinside255,146.0,146.0,314.1575320187497,219.9323924567588,0.2726407996261655,-149.54659780133701,liq,490.6643674145006,394.2277027688652,0.07070397005637855,-185.16816602496647,579.3958687938317,0.015407716251013611,0.7299527306638063,1.0,0.16241373987103958,True,False,False,False
Q0802,PIN,FINNIFTY,"On expiry days, does FINNIFTY move toward the max-OI strike from 14:30 to 15:09 more often than on other days?",168,168,761,0.4757804090419806,0.4642857142857143,0.4783180026281209,-0.014032288342406607,0.04254819599800548,-0.09742675249849735,0.06936217581368413,0.7415529823160286,0.04016620498614959,-0.08875,col:pinside315,137.0,137.0,206.89050510416936,117.91672200493117,0.32483389781860994,-207.51317215831315,time,206.89050510416936,117.91672200493117,0.32483389781860994,-207.51317215831315,325.42989416324434,0.10556010463903587,0.8624083127690702,1.0,0.4842629604660178,False,False,False,False
Q0803,PIN,FINNIFTY,"On expiry days, how far does FINNIFTY move toward the max-OI strike from 14:30 to 15:09 (%, vs other days)?",168,168,761,0.017526229308162233,0.03173131318319412,0.01439028437911446,0.01734102880407966,0.02711487079822212,-0.03580411796043569,0.07048617556859502,0.5224720764181147,0.026484065896129137,0.006184317171573639,col:pinside315,137.0,137.0,206.89050510416936,117.91672200493117,0.32483389781860994,-207.51317215831315,time,206.89050510416936,117.91672200493117,0.32483389781860994,-207.51317215831315,325.42989416324434,0.10556010463903587,0.7299527306638063,1.0,0.4842629604660178,True,False,False,False
Q0846,OPTPREM,FINNIFTY,"If the ATM CE premium fell 5%+ in 15 min while spot was flat (<0.05%), is FINNIFTY up over the next 15 minutes more often?",4276,799,58896,0.5055562591021339,0.49742750233863425,0.5061464276011953,-0.008718925262561072,0.008260221412603451,-0.024908959231263836,0.007471108706141691,0.29118223526048315,-0.0052534855057546626,-0.011759310239203458,PE,3910.0,745.0,0.0015297033597746164,-124.17418742705087,0.9999999999842484,-182.30456073103025,time,0.0015297033597746164,-124.17418742705087,0.9999999999842484,-182.30456073103025,58.13037330397938,0.0009330835454182987,0.5152607455226657,1.0,0.021030267600581656,True,False,False,False
Q0847,OPTPREM,FINNIFTY,"If the ATM CE premium fell 5%+ in 15 min while spot was flat (<0.05%), is FINNIFTY up over the next 30 minutes more often?",4276,799,58896,0.5099411131513962,0.5086529466791394,0.5100346373268133,-0.0013816906476739055,0.009467410253607134,-0.01993781474474389,0.01717443344939608,0.8839673537265136,-0.0032452956179865877,0.0003392340899736057,PE,3910.0,745.0,-4.9979579637727465,-129.14066881948628,0.9999412481279015,-200.2827830221441,T20S20H15,-1.2782640335200084,-125.82225945681108,0.9999999999999876,-189.66221620134408,63.839956744533,5.3944259539512634e-05,0.9447538411824379,1.0,0.0018754578788850388,False,False,False,False
Q0848,OPTPREM,FINNIFTY,"If the ATM PE premium fell 5%+ in 15 min while spot was flat, is FINNIFTY up over the next 15 minutes more often?",4664,809,58508,0.5055562591021339,0.5143653516295026,0.5048540370547617,0.009511314574740859,0.008040975002288241,-0.006248996429744094,0.025271625579225812,0.2368662691692226,0.014187783727432124,0.0052338119397593585,CE,4265.0,750.0,5.722866938234354,-128.3533530890597,0.9999999998296286,-181.24033207999693,time,5.722866938234354,-128.3533530890597,0.9999999998296286,-181.24033207999693,52.886978990937216,0.004937286865100722,0.4608710214604783,1.0,0.0750397789634938,True,False,False,False
Q0849,OPTPREM,FINNIFTY,"If the ATM PE premium fell 5%+ in 15 min while spot was flat, is FINNIFTY up over the next 30 minutes more often?",4664,809,58508,0.5099411131513962,0.5240137221269296,0.5088193067614685,0.015194415365461178,0.008990814084542968,-0.0024275802402430394,0.032816410971165395,0.0910292406851441,0.021402985357532156,0.0094199561768058,CE,4265.0,750.0,10.504569961764748,-123.60319022980485,0.999970016042464,-179.11408430541928,time,10.504569961764748,-123.60319022980485,0.999970016042464,-179.11408430541928,55.51089407561446,0.03588940685813969,0.23391976191999184,1.0,0.2750089599942663,True,False,False,False
Q0850,OPTPREM,FINNIFTY,"If the ATM CE premium rose 5%+ in 15 min while spot was flat, is FINNIFTY up over the next 15 minutes more often?",2531,756,60641,0.5055562591021339,0.531015408929277,0.5044936594053528,0.026521749523924165,0.010300260545876109,0.006333238854006992,0.046710260193841335,0.010028008643428253,0.03367597253024757,0.01896327881773574,CE,2290.0,699.0,-0.8724774689653555,-150.89314438827773,0.9999999935645091,-180.86965524986817,T30S20H30,10.858952384848783,-140.3774455105931,0.9999974097981531,-191.8676984638151,51.490252953221976,0.047273220495380214,0.0408888739417804,1.0,0.3201581733549655,True,True,False,False
Q0851,OPTPREM,FINNIFTY,"If the ATM CE premium rose 5%+ in 15 min while spot was flat, is FINNIFTY up over the next 30 minutes more often?",2531,756,60641,0.5099411131513962,0.5333860134334255,0.5089625830708596,0.02442343036256589,0.011103626883493561,0.0026603216709185085,0.04618653905421327,0.027835973614399254,0.030786394880654155,0.017737749707236183,CE,2290.0,699.0,36.08646133164652,-114.17852494258916,0.9979085500844213,-178.12224614289596,time,36.08646133164652,-114.17852494258916,0.9979085500844213,-178.12224614289596,63.94372120030681,0.054074360871002446,0.09424778467867465,1.0,0.34452871756093917,True,False,False,False
Q0852,OPTPREM,FINNIFTY,"If the ATM PE premium rose 5%+ in 15 min while spot was flat, is FINNIFTY up over the next 15 minutes more often?",2565,770,60607,0.5055562591021339,0.4951267056530214,0.5059976570363159,-0.010870951383294525,0.010516275631395868,-0.03148285162083042,0.009740948854241375,0.3012641039088009,-0.00886633019642602,-0.01324106290219862,PE,2325.0,711.0,8.276121471774193,-128.9408992446995,0.9999999991951054,-181.39631740733125,T30S20H15,9.347087687830772,-128.35088816207593,0.9999999994014701,-188.12985793256175,59.778969770485816,0.002326846778949066,0.5294696104119252,1.0,0.044078455188122326,True,False,False,False
Q0853,OPTPREM,FINNIFTY,"If the ATM PE premium rose 5%+ in 15 min while spot was flat, is FINNIFTY up over the next 30 minutes more often?",2565,770,60607,0.5099411131513962,0.49200779727095517,0.5107000841486957,-0.01869228687774055,0.01085332469081101,-0.03996480327173013,0.0025802295162490295,0.08502176461437401,-0.020277462976182714,-0.016960261830558654,PE,2325.0,711.0,5.510963439941406,-131.68775931373278,0.9998800892479756,-198.10541664698872,T30S20H15,9.347087687830772,-128.35088816207593,0.9999999994014701,-188.12985793256175,59.778969770485816,0.002326846778949066,0.22383280888273974,1.0,0.044078455188122326,True,False,False,False
Q0854,OPTPREM,FINNIFTY,"If the ATM straddle jumped (>1.5 sd in 15 min), is FINNIFTY's next 30-minute move bigger?",1981,448,61191,14.830268540874831,17.646490965510544,14.73909603800344,2.907394927507104,0.6460436601872915,1.6411493535400126,4.173640501474195,6.785533016564173e-06,4.260235655842324,2.2798631398684943,CE+PE,1791.0,419.0,-13.790614332385998,-339.62477351804546,0.999999999991016,-387.97416243845237,T30S15H30,24.549408965374358,-306.084603621873,0.9999999999811015,-402.4333946731169,96.34879105124388,0.019034917910077817,4.1095481649614004e-05,1.0,0.1855011500204729,True,True,False,False
Q0855,OPTPREM,FINNIFTY,"If the ATM straddle dropped (<-1.5 sd), is FINNIFTY's next 30-minute move bigger?",4631,505,58541,14.830268540874831,14.501361652935229,14.856287361838744,-0.35492570890351516,0.5007021733769847,-1.3363019687224051,0.6264505509153749,0.47841388045411765,0.3217997165303679,-0.7130169504452848,CE+PE,4180.0,463.0,-72.69545782489355,-329.5736548388408,1.0,-385.86632719021225,T30S10H15,-20.354065931584845,-280.8180916672079,1.0,-356.064455340407,75.24636367319911,6.11983627275412e-05,0.6981379024726377,1.0,0.002085333039352544,False,False,False,False
Q0856,OPTPREM,FINNIFTY,"If FINNIFTY's ATM straddle fell 3%+ in 15 min with flat spot, is the next-60-min range bigger?",3975,646,59197,41.02178532078759,34.98944541571275,41.426848940948624,-6.437403525235872,0.9156990421910097,-8.232173647930251,-4.6426334025414935,2.064700863123469e-12,-5.7992794297463774,-6.741378455360277,CE+PE,3508.0,585.0,-136.10832455934386,-357.5714608718596,0.9999999999999827,-414.98745020614814,T30S10H15,-48.391675862102446,-272.6128115086155,1.0,-362.1916926184798,89.57888110986426,6.320223746637674e-07,1.7638835188273344e-11,1.0,3.505323596267191e-05,True,True,False,False
Q0857,OPTPREM,FINNIFTY,"If the PE got more expensive relative to the CE (>1.5 sd in 15 min), is FINNIFTY up over the next 15 minutes more often?",3472,492,59700,0.5055562591021339,0.5017281105990783,0.5057788944723618,-0.004050783873283503,0.010168566031167284,-0.02398117329437138,0.015879605547804373,0.6903623808371961,-0.010566018877114725,0.001049235018509842,PE,3142.0,470.0,-39.214832800956835,-184.47707900897672,0.9999999999885811,-184.1918994739042,T25S10H15,-35.30490463664773,-182.51262071927866,1.0,-182.05937568918873,-0.4532450300899217,0.5086951823787595,0.8429577054019824,1.0,0.8450568766484648,False,False,False,False
Q0858,OPTPREM,FINNIFTY,"If the PE got more expensive relative to the CE (>1.5 sd in 15 min), is FINNIFTY up over the next 30 minutes more often?",3472,492,59700,0.5099411131513962,0.5002880184331797,0.5105025125628141,-0.010214494129634377,0.01041967191713774,-0.030637051087224344,0.01020806282795559,0.32693380423807283,-0.006348822166132417,-0.013007937031536354,PE,3142.0,470.0,-87.54710050391058,-232.4898995368484,0.9999999989241133,-202.79515916403432,T25S10H15,-35.30490463664773,-182.51262071927866,1.0,-182.05937568918873,-0.4532450300899217,0.5086951823787595,0.5578632373903624,1.0,0.8450568766484648,True,False,False,False
Q0859,OPTPREM,FINNIFTY,"If the CE got more expensive relative to the PE (>1.5 sd), is FINNIFTY up over the next 15 minutes more often?",3553,500,59619,0.5055562591021339,0.5150576977202365,0.5049900199600799,0.010067677760156601,0.010298337103283102,-0.010117062962278277,0.03025241848259148,0.32827107272682066,0.020054647890212052,0.003382405020822876,CE,3189.0,476.0,-54.21448047948355,-216.21857387564802,0.999999999989033,-180.34069394352585,T20S10H15,-16.141105034613766,-180.5758356204464,0.9999999999391159,-182.45712254058256,1.8812869201361326,0.4732632480283476,0.5582562569516923,1.0,0.8450568766484648,True,False,False,False
Q0860,OPTPREM,FINNIFTY,"If the CE got more expensive relative to the PE (>1.5 sd), is FINNIFTY up over the next 30 minutes more often?",3553,500,59619,0.5099411131513962,0.5046439628482973,0.5102567973297103,-0.0056128344814130315,0.011035663718416914,-0.027242735369510183,0.01601706640668412,0.6110265356587815,0.020664352931727747,-0.02417516434959932,CE,3189.0,476.0,-46.79773503558768,-208.85083587500526,0.9999989599502174,-179.63412310239218,T20S10H15,-16.141105034613766,-180.5758356204464,0.9999999999391159,-182.45712254058256,1.8812869201361326,0.4732632480283476,0.7898901564936551,1.0,0.8450568766484648,False,False,False,False
Q0917,THETA,FINNIFTY,"How much does FINNIFTY's ATM straddle change over the next 60 minutes starting at 09:20-10:00 (%, vs other hours)?",6748,863,54200,-4.928142007214665,-4.196351294836916,-5.01925130107306,0.8229000062361447,0.3634384061407261,0.11056073020032153,1.5352392822719678,0.02356134854035749,1.3502517884967076,0.3607082531842156,CE+PE,6177.0,842.0,-135.91208012373832,-489.5064292379671,1.0,-503.52476152136217,T30S10H30,-3.638172696202979,-365.0579318965223,1.0,-377.8659486776409,12.808016781118633,0.2908556301480762,0.08281781912005767,1.0,0.7648152055892246,True,False,False,False
Q0918,THETA,FINNIFTY,"How much does FINNIFTY's ATM straddle change over the next 60 minutes starting at 10:00-11:00 (%, vs other hours)?",10572,889,50376,-4.928142007214665,-2.6416653540384303,-5.407986202414346,2.7663208483759156,0.5526648516592273,1.6830977391238302,3.849543957628001,5.573975907523357e-07,3.6370162560358,1.961999558147569,CE+PE,9471.0,866.0,-48.85715928680352,-397.825031406898,1.0,-425.62917656436906,time,-48.85715928680352,-397.825031406898,1.0,-425.62917656436906,27.80414515747116,0.2173268425093209,3.542083212170015e-06,1.0,0.6768531714301557,True,True,False,False
Q0919,THETA,FINNIFTY,"How much does FINNIFTY's ATM straddle change over the next 60 minutes starting at 11:00-12:00 (%, vs other hours)?",10745,900,50203,-4.928142007214665,-2.741569678092236,-5.396136343736795,2.654566665644559,0.40069407150692493,1.869206285490986,3.439927045798132,3.4743337141199176e-11,3.0338371101100203,2.296604734352783,CE+PE,9506.0,876.0,-37.484537925615875,-382.7773131048625,1.0,-380.298182639004,time,-37.484537925615875,-382.7773131048625,1.0,-380.298182639004,-2.479130465858499,0.5292363431630857,2.699934030852225e-10,1.0,0.8503217929619099,True,True,False,False
Q0920,THETA,FINNIFTY,"How much does FINNIFTY's ATM straddle change over the next 60 minutes starting at 12:00-13:00 (%, vs other hours)?",10872,910,50076,-4.928142007214665,-3.4802312892399088,-5.242497892785028,1.7622666035451195,0.43175127120533824,0.9160341119826566,2.6084990951075824,4.471307930164644e-05,2.1260869369715234,1.4161034272545914,CE+PE,9561.0,875.0,-34.648563368850866,-378.042491109345,0.9999999999999653,-402.15271297511873,T20S20H15,-16.859426273983924,-361.8508283991255,1.0,-364.96910084602473,3.118272446899174,0.4321847283563966,0.00025635498799610624,1.0,0.8450568766484648,True,True,False,False
Q0921,THETA,FINNIFTY,"How much does FINNIFTY's ATM straddle change over the next 60 minutes starting at 13:00-14:00 (%, vs other hours)?",10974,917,49974,-4.928142007214665,-6.004747317118443,-4.691725737336647,-1.313021579781796,0.41540433322961684,-2.127214072911845,-0.49882908665174686,0.0015732145541366882,-1.9805007123981317,-0.6562045254916056,CE+PE,9668.0,892.0,-87.97062471441163,-427.3199732872492,1.0,-417.28087466105444,T20S10H15,-38.18235266539101,-381.8931605937733,1.0,-357.09430710752605,-24.79885348624723,0.9430946244063309,0.007600924250323325,1.0,1.0,True,True,False,False
Q0922,THETA,FINNIFTY,"How much does FINNIFTY's ATM straddle change over the next 60 minutes starting at 14:00-14:55 (%, vs other hours)?",11037,922,49911,-4.928142007214665,-10.050230730224738,-3.7954759969992375,-6.254754733225501,1.0321698799217582,-8.277807697872147,-4.231701768578855,1.3628130633263558e-09,-7.243652053708604,-5.275732664597543,CE+PE,9695.0,898.0,-59.26043938759709,-394.5300748267656,1.0,-384.46247438420977,T25S10H15,5.4123762744551405,-334.66771169019995,1.0,-329.8873364336532,-4.780375256546777,0.5543235778804735,9.988800293698858e-09,1.0,0.8598950208794638,True,True,False,False
Q0923,THETA,FINNIFTY,"How much does FINNIFTY's ATM straddle change over the next 60 minutes on expiry day (%, vs other days)?",11320,168,49628,-4.928142007214665,-19.554273176761903,-1.5919647516477518,-17.962308425114152,1.241404362809231,-20.395460976220246,-15.529155874008058,1.892649760389054e-47,-14.32500970823502,-23.712391315277305,CE+PE,9551.0,168.0,-65.281956768093,-261.74085737729524,0.9999980023721464,-413.6624098675054,T30S10H15,-26.252118069118836,-224.83324012828672,1.0,-365.1526071576905,140.31936702940382,1.0670927917357864e-14,6.598697813248323e-46,1.0,1.4622782945459995e-12,True,True,False,False
Q0924,THETA,FINNIFTY,"How much does FINNIFTY's ATM straddle change over the next 60 minutes 1 day before expiry (%, vs other days)?",10621,160,50327,-4.928142007214665,-3.0491958655337696,-5.324674424620685,2.2754785590869155,0.5198877633597466,1.2564985429018123,3.294458575272019,1.2039848948227246e-05,3.211268064999477,1.1528859379466412,CE+PE,9323.0,156.0,-94.0969682734603,-347.9853551647847,1.0,-413.5231376468863,T30S10H15,-69.44374092656068,-326.33549119698176,1.0,-364.69719914344086,38.36170794645903,0.04317472868902742,7.190465344080161e-05,1.0,0.3047756723560826,True,True,False,False
Q0925,THETA,FINNIFTY,"How much does FINNIFTY's ATM straddle change over the next 60 minutes 2 days before expiry (%, vs other days)?",10116,153,50832,-4.928142007214665,-1.3738535574511042,-5.635475615135033,4.261622057683929,0.5684319676032928,3.147495401181475,5.375748714186383,6.521828978106568e-14,5.299988473678998,3.0610291418113436,CE+PE,9009.0,149.0,-6.003003179173528,-304.30336443685724,0.9989470050932623,-413.61871044598195,T25S10H60,76.12754217116705,-227.9773767519837,0.963066913537692,-392.3853624935534,164.40798574156963,0.09866167792260953,6.096492305621357e-13,1.0,0.46874295796472565,True,True,False,False
Q0926,THETA,FINNIFTY,"How much does FINNIFTY's ATM straddle change over the next 60 minutes 3-4 days before expiry (%, vs other days)?",16779,259,44169,-4.928142007214665,-1.2209687223877213,-6.336429732680744,5.115461010293023,0.4960765628133098,4.143150947178936,6.087771073407111,6.229848770306357e-25,5.637128989207404,4.660623163496119,CE+PE,15051.0,253.0,-35.324293354224324,-375.01987303049486,1.0,-413.3910402851332,liq,-19.47020372642044,-361.1221928356182,0.9999996073554887,-485.30779128803584,124.1855984524176,0.04474871271669268,1.0715339884926934e-23,1.0,0.3098458752410798,True,True,False,False
Q0927,THETA,FINNIFTY,"How much does FINNIFTY's ATM straddle change over the next 60 minutes 5+ days before expiry (%, vs other days)?",12112,182,48836,-4.928142007214665,-1.0102361812104952,-5.899836563782821,4.8896003825723255,0.4798025625366959,3.9491873600004017,5.83001340514425,2.178302985300031e-24,-0.6248498303844698,6.5657589648486745,CE+PE,11144.0,179.0,-119.20019443652994,-706.2884551965257,1.0,-413.5618075010955,T20S10H15,-8.163319123535814,-605.1242892260689,1.0,-369.88138959172556,-235.24289963434322,1.0,3.4691491988111605e-23,1.0,1.0,False,True,False,False
Q0978,JUMPS,FINNIFTY,Is a 1-ITM FINNIFTY CE bought at 09:20-09:55 more likely to jump +20 before -15 (net of drops) than at other times?,6352,877,48724,-0.10857723872467136,-0.12956549118387908,-0.10584106395205649,-0.023724427231822595,0.014610693281223882,-0.0523613860630214,0.004912531599376213,0.10442458640325461,-0.013448398672290848,-0.030791963409545833,CE,6352.0,877.0,-5.000146083927875,-192.5380343409672,0.9999999994716734,-191.9013129823568,T30S10H30,2.168765674610282,-189.19373403902046,0.9999999999999932,-187.08561528153768,-2.108118757482741,0.5342046697764655,0.25880376507272845,1.0,0.8520026651289865,True,False,False,False
Q0979,JUMPS,FINNIFTY,Is a 1-ITM FINNIFTY PE bought at 09:20-09:55 more likely to jump +20 before -15 (net of drops) than at other times?,6376,875,48790,-0.09607366856397057,-0.12531367628607276,-0.09225251076040172,-0.03306116552567104,0.014324215971280224,-0.06113662882938028,-0.004985702221961798,0.020995738950602943,-0.02034120041303003,-0.04193858468225313,PE,6376.0,875.0,-33.114328686535885,-200.06752616841467,0.9999999999863419,-207.40778621993988,T30S10H30,-12.95890796139668,-183.1837739141631,1.0,-190.6830748217184,7.49930090755523,0.3666961823019599,0.0758669558719266,1.0,0.8366286357462095,True,False,False,False
Q0980,JUMPS,FINNIFTY,Is a 1-ITM FINNIFTY CE bought at 10:00-12:55 more likely to jump +20 before -15 (net of drops) than at other times?,29066,910,26010,-0.10857723872467136,-0.10445193697103144,-0.11318723567858516,0.008735298707553713,0.008126105474492534,-0.007191868022451652,0.024662465437559077,0.282389311149594,0.010565170283785438,0.007510750198393104,CE,29066.0,910.0,-10.827187220736757,-194.80882558998533,1.0,-201.3510712066583,T30S10H60,-7.05195059658516,-194.7055594104517,0.9999999999998703,-208.27039015343848,13.564830742986796,0.30510597417395247,0.5064511950858236,1.0,0.7784005217769628,True,False,False,False
Q0981,JUMPS,FINNIFTY,Is a 1-ITM FINNIFTY PE bought at 10:00-12:55 more likely to jump +20 before -15 (net of drops) than at other times?,29127,911,26039,-0.09607366856397057,-0.08579668348954578,-0.10756941510810707,0.02177273161856129,0.007843264289707913,0.0063999336107337795,0.0371455296263888,0.005503587838661396,0.04249500817806894,0.006022695867132846,PE,29127.0,911.0,-2.475435606838316,-165.511518721039,1.0,-165.12567438499659,time,-2.475435606838316,-165.511518721039,1.0,-165.12567438499659,-0.3858443360424061,0.5135106551089198,0.023586805022834556,1.0,0.8450568766484648,True,True,False,False
Q0982,JUMPS,FINNIFTY,Is a 1-ITM FINNIFTY CE bought at 13:00-14:55 more likely to jump +20 before -15 (net of drops) than at other times?,19658,918,35418,-0.10857723872467136,-0.10789500457828874,-0.1089558981308939,0.0010608935526051633,0.008425787679014106,-0.015453650298262483,0.01757543740347281,0.8998029201199802,-0.005594054406548393,0.005792763013680258,CE,19658.0,918.0,24.7622860085171,-155.16309029776997,0.999999999999494,-157.07416103609884,T25S10H60,31.298708507713656,-152.0122767041217,0.9999152435292871,-159.23293362515884,7.220656921037115,0.4291128331215531,0.9552759768063818,1.0,0.8450568766484648,False,False,False,False
Q0983,JUMPS,FINNIFTY,Is a 1-ITM FINNIFTY PE bought at 13:00-14:55 more likely to jump +20 before -15 (net of drops) than at other times?,19663,918,35503,-0.09607366856397057,-0.10181559273762905,-0.09289355829084867,-0.008922034446780386,0.008249892607501173,-0.025091823957482683,0.007247755063921911,0.2794868541969513,-0.03709669556425832,0.012478059795578561,PE,19663.0,918.0,-44.28093350085796,-202.6470696940272,1.0,-202.37661679255197,T15S10H15,-24.167675733360156,-184.47723296909862,1.0,-184.90229286366946,0.4250598945708628,0.48116888307489303,0.5028424573417952,1.0,0.8450568766484648,False,False,False,False
Q0984,JUMPS,FINNIFTY,"What share of FINNIFTY CE +20-point jumps start in the first 30 minutes (09:20-09:45), vs the rest of the day's rate?",4729,868,50347,0.1812041542595686,0.29160499048424615,0.17083440920015094,0.12077058128409521,0.00921034580752558,0.10271830350134507,0.13882285906684533,2.7927065135724888e-39,0.08745090221014379,0.14358895280677192,CE,4729.0,868.0,10.790237326731917,-177.31912466834484,0.9999993529872283,-177.1762099213543,T30S10H60,24.666099314408314,-167.54097836751805,0.9999999931698951,-165.29188148624914,-2.2490968812689007,0.5303929327738973,7.831720440235892e-38,1.0,0.8507616534606512,True,True,False,False
Q0985,JUMPS,FINNIFTY,"What share of FINNIFTY PE +20-point jumps start in the first 30 minutes (09:20-09:45), vs the rest of the day's rate?",4753,861,50413,0.1734582895261574,0.27540500736377027,0.1638466268621189,0.11155838050165137,0.008980751242043564,0.09395610806724598,0.12916065293605675,1.986767387603041e-35,0.08852623413644437,0.12782233385370276,PE,4753.0,861.0,-38.91099662548012,-206.14292668389368,0.9999999989415829,-216.25214720090887,T30S10H60,-9.596465303600398,-180.39254953006238,0.9999999999993463,-190.59171915083212,10.199169620769746,0.34416802108872263,4.835716849071553e-34,1.0,0.8164524480789745,True,True,False,False
Q0986,JUMPS,FINNIFTY,"On expiry days, is a 1-ITM FINNIFTY CE more likely to jump +20 before -15 (net of drops)?",9672,168,45404,-0.10857723872467136,-0.09387923904052936,-0.11170821954012862,0.01782898049959926,0.012670234127771325,-0.007004678390832537,0.04266263939003105,0.15938149766892973,0.02021346502039044,0.00783908505347393,CE,9672.0,168.0,-1.6432979814800672,-100.39298351979221,0.9998944387815021,-184.92802599053272,time,-1.6432979814800672,-100.39298351979221,0.9998944387815021,-184.92802599053272,84.53504247074056,0.0009096776399921775,0.3526623190273059,1.0,0.020575623857131346,True,False,False,False
Q0987,JUMPS,FINNIFTY,"On expiry days, is a 1-ITM FINNIFTY PE more likely to jump +20 before -15 (net of drops)?",9622,168,45544,-0.09607366856397057,-0.11078777800872999,-0.09296504479184964,-0.017822733216880354,0.01193158278254673,-0.041208635470671946,0.005563169036911238,0.1352424770989061,-0.03871140383436775,-0.0038632438902065913,PE,9622.0,168.0,-27.346081543528744,-125.50795363614048,0.9999994101106378,-182.96553340622506,T30S10H15,-14.052794996553784,-113.23614822313601,0.9999999998514432,-180.05954926045095,66.82340103731497,9.895107063557127e-05,0.3142330174576719,1.0,0.003136572869626905,True,False,False,False
Q0988,JUMPS,FINNIFTY,"When VIX is 18+, is a 1-ITM FINNIFTY CE more likely to jump +20 before -15 (net)?",6991,181,48085,-0.10857723872467136,-0.12559004434272636,-0.10610377456587293,-0.01948626977685343,0.014082919428974468,-0.047088791857643385,0.008116252303936526,0.16645611603766378,-0.017370840972571258,-0.03698833080213716,CE,6991.0,181.0,-19.219562627610653,-214.02669318203027,0.9999999934182416,-184.08116394592253,time,-19.219562627610653,-214.02669318203027,0.9999999934182416,-184.08116394592253,-29.94552923610776,0.7869302117762028,0.3635057356344055,1.0,0.9756075443399626,True,False,False,False
Q0989,JUMPS,FINNIFTY,"When VIX is 18+, is a 1-ITM FINNIFTY PE more likely to jump +20 before -15 (net)?",7035,182,48131,-0.09607366856397057,-0.11144278606965174,-0.09382726309447134,-0.017615522975180403,0.01328449508895727,-0.04365313334953665,0.008422087399175847,0.18483265397209528,-0.03626281302835456,-0.006842105864215756,PE,7035.0,182.0,-33.43752638312545,-216.57300119099943,0.9999999999437922,-183.31228584020107,T30S10H60,-7.467795898665243,-194.16639895340577,0.9999954736062111,-201.1150748320817,6.948675878675905,0.4368869190668646,0.390235881545013,1.0,0.8450568766484648,True,False,False,False
Q0990,JUMPS,FINNIFTY,"After the 1-ITM FINNIFTY CE already rose 20+ points off its 15-min low, does it jump +20 again before -15 (net)?",11942,889,43134,-0.10857723872467136,-0.15382682967677105,-0.09604952010015301,-0.057777309576618044,0.008545121983438179,-0.07452574866415687,-0.04102887048907922,1.3662910611017796e-11,-0.05940947112155566,-0.055295128552411116,CE,11942.0,889.0,-96.0218510010238,-293.7870312107144,1.0,-185.2107299123946,T25S10H15,-89.17099711524045,-290.15142021430387,1.0,-184.71801695778976,-105.43340325651411,0.9999999999427046,1.0879725116180838e-10,1.0,1.0,True,True,False,False
Q0991,JUMPS,FINNIFTY,"After the 1-ITM FINNIFTY PE already rose 20+ points off its 15-min low, does it jump +20 again before -15 (net)?",9501,891,45665,-0.09607366856397057,-0.13872223976423534,-0.08720026278331326,-0.05152197698092208,0.00885979300007236,-0.0688871712610639,-0.03415678270078025,6.054064845149244e-09,-0.06662461513024331,-0.04150123929238632,PE,9501.0,891.0,-76.63372237335292,-239.65502021096503,1.0,-183.5324422222949,time,-76.63372237335292,-239.65502021096503,1.0,-183.5324422222949,-56.12257798867016,0.9968926754407618,4.267619481006844e-08,1.0,1.0,True,True,False,False
Q1036,ROUND,FINNIFTY,"When FINNIFTY crosses ABOVE a round 200 level (last 5 min), is it up over the next 15 minutes more often?",2062,695,61110,0.5055562591021339,0.47623666343355964,0.5065455735558828,-0.030308910122323174,0.01143840930108149,-0.052728192352442894,-0.007889627892203453,0.008055166284130328,-0.018905517490082957,-0.03975044563279856,PE,1647.0,577.0,19.86156800622714,-151.1587592006258,0.9999408009061185,-184.18821535309525,liq,25.309656417652125,-146.9840386679421,0.9424819725773859,-272.07182918282444,125.08779051488239,0.090108466770342,0.033519885504929424,1.0,0.44955455057719984,True,True,False,False
Q1037,ROUND,FINNIFTY,"When FINNIFTY crosses ABOVE a round 200 level (last 5 min), is it up over the next 30 minutes more often?",2062,695,61110,0.5099411131513962,0.483996120271581,0.5108165603010963,-0.026820440029515336,0.011383009621919672,-0.04913113888847789,-0.004509741170552781,0.018463879140676667,-0.02145967988016312,-0.031310807715671296,PE,1647.0,577.0,20.619311799551404,-150.40608097993137,0.995918255646431,-201.81961932740052,liq,25.309656417652125,-146.9840386679421,0.9424819725773859,-272.07182918282444,125.08779051488239,0.090108466770342,0.06880782666830786,1.0,0.44955455057719984,True,False,False,False
Q1038,ROUND,FINNIFTY,"When FINNIFTY crosses BELOW a round 200 level (last 5 min), is it up over the next 15 minutes more often?",2077,696,61095,0.5055562591021339,0.5214251324025037,0.5050167771503397,0.016408355252163997,0.011178600196318557,-0.005501701132620374,0.038318411636948366,0.14214869212320977,0.02443204084328232,0.009702856238639423,CE,1648.0,581.0,-41.00969403909827,-237.60401677776917,0.9999999989406788,-187.05383964157397,T30S10H15,14.000592185455618,-186.17971534953236,0.9999999799795232,-185.77534696223753,-0.4043683872947988,0.5047602908861395,0.3253489389327645,1.0,0.8450568766484648,True,False,False,False
Q1039,ROUND,FINNIFTY,"When FINNIFTY crosses BELOW a round 200 level (last 5 min), is it up over the next 30 minutes more often?",2077,696,61095,0.5099411131513962,0.5233509870004814,0.5094852279237253,0.013865759076756135,0.012162293489471235,-0.009972336162607488,0.03770385431611976,0.2542607994420305,0.009993182961880231,0.01722966019761696,PE,1653.0,584.0,8.669693076242769,-167.17298724440917,0.9967845854206847,-202.67311635742706,time,8.669693076242769,-167.17298724440917,0.9967845854206847,-202.67311635742706,35.50012911301786,0.2815619858490483,0.47743294218372534,1.0,0.7535391263609887,True,False,False,False
Q1040,ROUND,FINNIFTY,"When FINNIFTY rises to within 0.1% below a round 200 level (last 5 min), is it up over the next 15 minutes more often?",3325,668,59847,0.5055562591021339,0.5028571428571429,0.5057062175213461,-0.002849074664203255,0.010921852232898663,-0.024255905040684634,0.018557755712278124,0.7942004519146192,-0.01413485873623721,0.006374563924058996,PE,2699.0,519.0,-43.09262289829544,-213.49196473213493,0.9999999999977394,-183.6164552075156,T15S10H15,-19.40162599329685,-192.10633738053207,0.9999999999818794,-181.83288380315722,-10.273453577374882,0.6384463990243711,0.8955582018967296,1.0,0.8997356852242436,False,False,False,False
Q1041,ROUND,FINNIFTY,"When FINNIFTY rises to within 0.1% below a round 200 level (last 5 min), is it up over the next 30 minutes more often?",3325,668,59847,0.5099411131513962,0.5079699248120301,0.5100506291042157,-0.0020807042921856533,0.012771137823555906,-0.02711213442635523,0.022950725841983922,0.8705795420023466,-0.009959947377918166,0.0042396569612768165,PE,2699.0,519.0,-57.580203476019285,-227.88377754707827,0.9999999405083646,-199.87116809484925,T15S10H15,-19.40162599329685,-192.10633738053207,0.9999999999818794,-181.83288380315722,-10.273453577374882,0.6384463990243711,0.9421400101892964,1.0,0.8997356852242436,False,False,False,False
Q1042,ROUND,FINNIFTY,"When FINNIFTY falls to within 0.1% above a round 200 level (last 5 min), is it up over the next 15 minutes more often?",3223,663,59949,0.5055562591021339,0.5100837728824077,0.5053128492552003,0.004770923627207435,0.010726728059396964,-0.016253463369210616,0.025795310623625486,0.6564861929225045,0.009678200086104871,0.0013176078338124064,PE,2742.0,531.0,-8.67944646455527,-171.29955470717564,0.9999999999985248,-183.58476670232793,time,-8.67944646455527,-171.29955470717564,0.9999999999985248,-183.58476670232793,12.285211995152277,0.30858622005975184,0.8198133483736988,1.0,0.7810058619758902,True,False,False,False
Q1043,ROUND,FINNIFTY,"When FINNIFTY falls to within 0.1% above a round 200 level (last 5 min), is it up over the next 30 minutes more often?",3223,663,59949,0.5099411131513962,0.516289171579274,0.509599826519208,0.006689345060066021,0.01272712326612513,-0.018255816541539235,0.03163450666167128,0.5991678455478242,0.006729622920118916,0.0067356356964132225,PE,2742.0,531.0,-42.952965041479864,-205.34642879484653,0.9999997585178096,-200.69002877582395,T15S10H15,-22.974846336982445,-187.3220039954816,1.0,-181.23518366420637,-6.086820331275194,0.6276853769665518,0.7823142922638595,1.0,0.8940197578293687,True,False,False,False
Q1080,LEVELS,FINNIFTY,"When FINNIFTY crosses above the previous day's high (last 5 min), is it up over the next 15 minutes more often?",827,335,62345,0.5055562591021339,0.4921402660217654,0.505734220867752,-0.013593954845986578,0.01826253853744325,-0.04938853037937535,0.022200620687402195,0.45665700047803576,-0.006728181468665939,-0.020250864583060968,PE,725.0,304.0,-67.67585603122053,-222.67809018423588,0.999999675936471,-184.41438696006193,T15S10H15,3.1075851966594827,-154.20794756180948,0.9999339551325881,-182.4385512118743,28.23060365006486,0.24143231701656814,0.6794550526143784,1.0,0.7053065839458539,True,False,False,False
Q1081,LEVELS,FINNIFTY,"When FINNIFTY crosses below the previous day's low (last 5 min), is it up over the next 15 minutes more often?",721,301,62451,0.5055562591021339,0.49930651872399445,0.5056284126755376,-0.006321893951543145,0.018107083736978367,-0.041811778076020746,0.029167990172934456,0.726984758042061,-0.008083924453776647,-0.0045189410935196905,CE,620.0,271.0,-77.67582056983825,-270.7771133545331,0.9999719157397791,-188.2703389460601,T20S10H30,-42.96289702384703,-239.84040261528796,0.9999073636701838,-198.73412932954324,-41.10627328574472,0.7397156357605774,0.8592719818012869,1.0,0.9530033478875085,True,False,False,False
Q1082,LEVELS,FINNIFTY,"When FINNIFTY crosses back above the day's open (last 5 min), is it up over the next 15 minutes more often?",1542,601,61630,0.5055562591021339,0.4695201037613489,0.5064578938828492,-0.036937790121500336,0.01287039103126103,-0.06216375654277195,-0.011711823700228715,0.004104952135532326,-0.058665776376410406,-0.011776058073360685,PE,1325.0,531.0,8.531327884602097,-150.6671604363781,0.9999642158538319,-186.49334486803778,T30S10H15,19.929053425339035,-141.5058038935628,0.9999949939399966,-180.90888626627245,39.40308237270965,0.10939243149756503,0.01807299745678055,1.0,0.4923101585666488,True,True,False,False
Q1083,LEVELS,FINNIFTY,"When FINNIFTY crosses back below the day's open (last 5 min), is it up over the next 15 minutes more often?",1498,582,61674,0.5055562591021339,0.5146862483311081,0.5053345007620715,0.009351747569036561,0.013187250764895752,-0.016495263930159113,0.035198759068232235,0.4782309888405336,0.012189404594467823,0.005832790818233402,CE,1296.0,522.0,-58.76158615505254,-238.86908553920188,0.9999999996240168,-190.30826523641122,T25S10H15,-48.94445799015187,-231.98517550585206,0.9999999999473247,-190.0122948006492,-41.972880705202876,0.878337199296146,0.6981379024726377,1.0,1.0,True,False,False,False
Q1084,LEVELS,FINNIFTY,"When FINNIFTY makes a new day high after 12:00 (last 5 min), is it up over the next 15 minutes more often?",2192,362,60980,0.5055562591021339,0.5282846715328468,0.5047392587733683,0.023545412759478412,0.013332326533230366,-0.0025859472456531037,0.049676772764609925,0.07738925400990708,0.035433737115327046,0.007480655686188387,CE,1833.0,342.0,94.87888453634983,-76.95800758175444,0.9635207912605953,-167.8741172828219,liq,188.1423884015622,14.730587141651508,0.44933818849332813,-193.93217291952766,208.66276006117917,0.0355570905409297,0.21017292141637922,1.0,0.2733507659581895,True,False,False,False
Q1085,LEVELS,FINNIFTY,"When FINNIFTY makes a new day low after 12:00 (last 5 min), is it up over the next 15 minutes more often?",1899,355,61273,0.5055562591021339,0.49973670352817273,0.50573662135035,-0.005999917822177292,0.015396710959268606,-0.036177471302343764,0.024177635657989176,0.6967670634445855,-0.00968402030348925,-0.001333593880390671,PE,1650.0,334.0,15.27815664464777,-150.78230909467402,0.9994988055199582,-189.16482966022141,T30S10H30,31.307266928932883,-137.78617649918252,0.999594139815866,-203.78488288013546,65.99870638095295,0.05426568871935155,0.8436477427889669,1.0,0.34530314513573945,True,False,False,False
Q1086,LEVELS,FINNIFTY,"When FINNIFTY first breaks above the previous day's high (opened below it), how often does it close (15:09) beyond it?",236,236,0,0.559322033898305,0.559322033898305,0.5,0.05932203389830504,0.032386029053397776,-0.004154583046354604,0.12279865084296468,0.0669936225524931,0.03389830508474578,0.0847457627118644,CE,208.0,208.0,489.96633449354425,299.9040098784997,0.1741502719071823,-235.7391347223688,time,489.96633449354425,299.9040098784997,0.1741502719071823,-235.7391347223688,535.6431446008684,0.04704454526071873,0.18545444869681565,1.0,0.3193619021042231,True,False,False,False
Q1087,LEVELS,FINNIFTY,"When FINNIFTY first breaks above the previous day's high (opened below it), how far does it run in the next 30 minutes (%)?",236,236,0,0.01602771423630795,0.01602771423630795,0.0,0.01602771423630795,0.016020429581142543,-0.01537232774273143,0.04742775621534733,0.31709050470676425,-0.020504907026129254,0.052560335498745156,CE,208.0,208.0,318.4471057011531,129.51806127105232,0.1832243637316512,-195.57721048312547,time,318.4471057011531,129.51806127105232,0.1832243637316512,-195.57721048312547,325.09527175417776,0.011629886492711197,0.5461238332065766,1.0,0.13573077170843445,False,False,False,False
Q1088,LEVELS,FINNIFTY,"When FINNIFTY first breaks below the previous day's low (opened above it), how often does it close (15:09) beyond it?",252,252,0,0.5,0.5,0.5,0.0,0.031559720154890156,-0.061857051503584705,0.061857051503584705,1.0,-0.015873015873015872,0.015873015873015928,PE,220.0,220.0,-425.0863242074847,-595.5007656811049,0.9567390185467963,-460.69227341792214,T25S10H15,101.80912087180398,-74.64141814938759,0.8550041133422792,-176.2185260074707,101.57710785808307,0.07524977240847615,1.0,1.0,0.4113956877623806,False,False,False,False
Q1089,LEVELS,FINNIFTY,"When FINNIFTY first breaks below the previous day's low (opened above it), how far does it run in the next 30 minutes (%)?",252,252,0,-0.005092791148594448,-0.005092791148594448,0.0,-0.005092791148594448,0.020921636759501417,-0.04609919919721722,0.035913616900028325,0.807678336669827,-0.011863311131795248,0.0016777288346063522,PE,220.0,220.0,60.790911587801844,-112.8350870973156,0.7556672413429832,-213.64888652752043,T25S10H15,101.80912087180398,-74.64141814938759,0.8550041133422792,-176.2185260074707,101.57710785808307,0.07524977240847615,0.9027703245506913,1.0,0.4113956877623806,False,False,False,False
Q1116,CROSS,FINNIFTY,"If BANKNIFTY jumped (>1.5 sd in 5 min) while FINNIFTY stayed flat, is FINNIFTY up over the next 5 minutes more often (does BANKNIFTY lead)?",26,26,63146,0.5035142151586146,0.5,0.5035156621163652,-0.0035156621163652257,0.09826476382314807,-0.19611459920973542,0.18908327497700497,0.9714598183748955,0.09414742170199297,-0.06367326230339931,,,,,,,,,,,,,,,0.9920134636578409,,,False,False,False,False
Q1117,CROSS,FINNIFTY,"If BANKNIFTY jumped (>1.5 sd in 5 min) while FINNIFTY stayed flat, is FINNIFTY up over the next 15 minutes more often (does BANKNIFTY lead)?",26,26,63146,0.5055562591021339,0.5384615384615384,0.505542710543819,0.032918827917719384,0.09787396071775722,-0.15891413508908478,0.22475179092452355,0.7366152600624443,0.19341980385953805,-0.06700279046169455,,,,,,,,,,,,,,,0.8624083127690702,,,False,False,False,False
Q1118,CROSS,FINNIFTY,"If BANKNIFTY dropped (<-1.5 sd in 5 min) while FINNIFTY stayed flat, is FINNIFTY up over the next 5 minutes more often (does BANKNIFTY lead)?",16,15,63156,0.5035142151586146,0.5,0.5035151054531636,-0.0035151054531635806,0.13258306711164242,-0.2633779169919827,0.25634770608565555,0.9788485822773912,0.4941801619433198,-0.16787148594377516,,,,,,,,,,,,,,,0.9928871091764864,,,False,False,False,False
Q1119,CROSS,FINNIFTY,"If BANKNIFTY dropped (<-1.5 sd in 5 min) while FINNIFTY stayed flat, is FINNIFTY up over the next 15 minutes more often (does BANKNIFTY lead)?",16,15,63156,0.5055562591021339,0.6875,0.5055101653049592,0.18198983469504082,0.13076425699210906,-0.07430810900949292,0.43828777839957456,0.16400117344670073,0.493421052631579,0.07889452547030229,,,,,,,,,,,,,,,0.3616436132414426,,,True,False,False,False
Q1120,CROSS,FINNIFTY,"If BANKNIFTY rose >0.15% but FINNIFTY fell >0.15% over 30 min, is FINNIFTY up over the next 30 minutes more often (does it catch up)?",7,7,63165,0.5099411131513962,0.7142857142857143,0.509918467505739,0.2043672467799753,0.17066574088872966,-0.1301376053619348,0.5388720989218854,0.23112308969278883,,,,,,,,,,,,,,,,,0.45449207604958003,,,False,False,False,False
Q1121,CROSS,FINNIFTY,"If BANKNIFTY fell >0.15% but FINNIFTY rose >0.15% over 30 min, is FINNIFTY up over the next 30 minutes more often (does it catch up)?",2,2,63170,0.5099411131513962,0.5,0.5099414278929871,-0.009941427892987131,0.35378024499143784,-0.7033507080762053,0.683467852290231,0.9775819364074234,,,,,,,,,,,,,,,,,0.9928871091764864,,,False,False,False,False
Q1152,CROSS,FINNIFTY,"If NIFTY jumped (>1.5 sd in 5 min) while FINNIFTY stayed flat, is FINNIFTY up over the next 5 minutes more often (does NIFTY lead)?",161,133,63011,0.5035142151586146,0.453416149068323,0.5036422211994731,-0.0502260721311501,0.0399401512948301,-0.1285087686690171,0.028056624406716885,0.20856057175305853,0.01957790643784252,-0.08966613672496027,PE,153.0,127.0,76.74512975356159,-71.14411180010273,0.7292672085814119,-193.49498084553142,T30S20H60,110.76473834467869,-39.062139787996394,0.6371823412780608,-236.34500487970035,197.282865091704,0.03905900945040257,0.42502865333561696,1.0,0.2880973906729263,False,False,False,False
Q1153,CROSS,FINNIFTY,"If NIFTY jumped (>1.5 sd in 5 min) while FINNIFTY stayed flat, is FINNIFTY up over the next 15 minutes more often (does NIFTY lead)?",161,133,63011,0.5055562591021339,0.4409937888198758,0.5057212232784752,-0.06472743445859946,0.039302545515491304,-0.1417604236689624,0.012305554751763495,0.09957822400314409,-0.06608671182359266,-0.06349761526232112,PE,153.0,127.0,76.74512975356159,-71.14411180010273,0.7292672085814119,-193.49498084553142,T30S20H60,110.76473834467869,-39.062139787996394,0.6371823412780608,-236.34500487970035,197.282865091704,0.03905900945040257,0.25138142654414064,1.0,0.2880973906729263,True,False,False,False
Q1154,CROSS,FINNIFTY,"If NIFTY dropped (<-1.5 sd in 5 min) while FINNIFTY stayed flat, is FINNIFTY up over the next 5 minutes more often (does NIFTY lead)?",172,137,63000,0.5035142151586146,0.43023255813953487,0.5037142857142857,-0.0734817275747508,0.03675812526927826,-0.14552765310253618,-0.0014358020469654037,0.04560177503595488,-0.07958291075050711,-0.06867502886327614,PE,158.0,127.0,50.84813806075084,-105.17321368694196,0.8420158461938896,-194.83374719377835,T30S15H15,102.18990470789656,-55.784172148345455,0.7677267559629984,-194.45957346351096,138.67540131516554,0.03460937835011826,0.13972990450446984,1.0,0.26895188871067294,True,False,False,False
Q1155,CROSS,FINNIFTY,"If NIFTY dropped (<-1.5 sd in 5 min) while FINNIFTY stayed flat, is FINNIFTY up over the next 15 minutes more often (does NIFTY lead)?",172,137,63000,0.5055562591021339,0.4418604651162791,0.5057301587301587,-0.06386969361387962,0.037508102635582685,-0.13738557477962168,0.009646187551862445,0.08860102876798574,-0.12455628803245433,-0.02377795824119916,PE,158.0,127.0,50.84813806075084,-105.17321368694196,0.8420158461938896,-194.83374719377835,T30S15H15,102.18990470789656,-55.784172148345455,0.7677267559629984,-194.45957346351096,138.67540131516554,0.03460937835011826,0.22989005965741097,1.0,0.26895188871067294,True,False,False,False
Q1156,CROSS,FINNIFTY,"If NIFTY rose >0.15% but FINNIFTY fell >0.15% over 30 min, is FINNIFTY up over the next 30 minutes more often (does it catch up)?",24,18,63148,0.5099411131513962,0.4583333333333333,0.5099607271805916,-0.051627393847258285,0.1211956263711237,-0.2891708215346607,0.18591603384014416,0.6701195280160481,0.07317767653758545,-0.17643204396533502,,,,,,,,,,,,,,,0.8279410712078124,,,False,False,False,False
Q1157,CROSS,FINNIFTY,"If NIFTY fell >0.15% but FINNIFTY rose >0.15% over 30 min, is FINNIFTY up over the next 30 minutes more often (does it catch up)?",54,28,63118,0.5099411131513962,0.42592592592592593,0.5100129915396558,-0.08408706561372992,0.09461822251898547,-0.2695387817509414,0.10136465052348159,0.37416517615946754,0.10893653958307903,-0.20688435162244606,PE,39.0,24.0,845.9230393629807,646.4102183544346,0.11180710693787482,-218.93709698588967,time,845.9230393629807,646.4102183544346,0.11180710693787482,-218.93709698588967,865.3473153403244,0.05158265571750019,0.6010872692972766,1.0,0.33566410798284463,False,False,False,False
Q1182,CONSTIT,FINNIFTY,"If the 5 big banks together jumped (>1.5 sd in 5 min) while FINNIFTY was flat, is FINNIFTY up over the next 5 minutes more often?",19,18,16641,0.49933973589435776,0.3684210526315789,0.49948921338861846,-0.13106816075703953,0.10502017050811648,-0.3369076949529478,0.07477137343886875,0.21202063816784122,-0.100718218817333,-0.16491693817626002,,,,,,,,,,,,,,,0.42802288456418647,,,True,False,False,False
Q1183,CONSTIT,FINNIFTY,"If the 5 big banks together jumped (>1.5 sd in 5 min) while FINNIFTY was flat, is FINNIFTY up over the next 15 minutes more often?",19,18,16641,0.4974189675870348,0.5263157894736842,0.4973859744005769,0.028929815073107268,0.10754900676506576,-0.1818662381864216,0.23972586833263615,0.7879358915585404,-0.005506344266219765,0.06635560382392774,,,,,,,,,,,,,,,0.8923944689293389,,,False,False,False,False
Q1184,CONSTIT,FINNIFTY,"If the 5 big banks together dropped while FINNIFTY was flat, is FINNIFTY up over the next 5 minutes more often?",13,13,16647,0.49933973589435776,0.46153846153846156,0.49936925572175167,-0.037830794183290106,0.1381295820071658,-0.3085647749173351,0.23290318655075487,0.7841775970252567,0.21386690370775574,-0.3316445516686771,,,,,,,,,,,,,,,0.8889183656964684,,,False,False,False,False
Q1185,CONSTIT,FINNIFTY,"If the 5 big banks together dropped while FINNIFTY was flat, is FINNIFTY up over the next 15 minutes more often?",13,13,16647,0.4974189675870348,0.6153846153846154,0.4973268456778999,0.1180577697067155,0.13440132438016747,-0.14536882607841273,0.3814843654918437,0.3797281117525172,0.20896083693738354,0.010735826296743078,,,,,,,,,,,,,,,0.6062490893078554,,,True,False,False,False
Q1224,SEASON,FINNIFTY,"On the first 3 trading days of a month, is FINNIFTY more often up (close > open)?",483,483,2857,0.4748502994011976,0.484472049689441,0.47322366118305914,0.011248388506381879,0.024587264113298774,-0.03694264915568372,0.059439426168447475,0.6473200268165058,-0.029366047508226134,0.05230186480186483,PE,105.0,105.0,-398.999961912632,-580.772075323912,0.8710214624724927,-451.7102029314768,T30S10H15,117.88567897251674,-70.41434909233948,0.7526905473129801,-130.3977485188785,59.98339942653902,0.28034855696637623,0.8122984772308293,1.0,0.7519879287669081,False,False,False,False
Q1225,SEASON,FINNIFTY,"On the last 3 trading days of a month, is FINNIFTY more often up (close > open)?",486,486,2854,0.4748502994011976,0.5041152263374485,0.4698668535388928,0.03424837279855575,0.024532159255577033,-0.013834659342375238,0.08233140493948674,0.1626963474827487,0.06213789901401834,0.006358846583093214,CE,111.0,111.0,168.78386551463927,-10.713861909159327,0.507249326434928,-253.60522941428525,T30S10H60,327.0000499003642,143.1889748492533,0.1467039563255096,-92.26239404767031,235.45136889692364,0.04202398122612225,0.3593806305697702,1.0,0.29996921548210753,True,False,False,False
Q1226,SEASON,FINNIFTY,"On a Monday after a >1% up Friday, is FINNIFTY more often up (close > open)?",129,129,3211,0.4748502994011976,0.5116279069767442,0.47337278106508873,0.038255125911655474,0.04489071480445193,-0.0497306751050703,0.12624092692838124,0.39411225982719256,0.10010777360589623,-0.03877486649046674,PE,,,,,,,,,,,,,,0.6184973420645722,,,False,False,False,False
Q1227,SEASON,FINNIFTY,"On a Monday after a >1% down Friday, is FINNIFTY more often up (close > open)?",92,92,3248,0.4748502994011976,0.42391304347826086,0.47629310344827586,-0.05238005997001499,0.0522693059344467,-0.15482789960153054,0.05006777966150054,0.3162861651375164,-0.0464439940072266,-0.05896142136333099,PE,,,,,,,,,,,,,,0.5454667821221874,,,True,False,False,False
Q1228,SEASON,FINNIFTY,"On a week (5 days) up more than 3%, is FINNIFTY more often up (close > open)?",477,477,2863,0.4748502994011976,0.49056603773584906,0.47223192455466295,0.018334113181186107,0.024721591468691646,-0.030120206097449517,0.06678843245982173,0.4583154814986533,-0.01890343698854341,0.06195666997567406,PE,52.0,52.0,-1789.6730133117392,-1959.0174240953643,0.9988208524944704,-451.7102029314769,T15S20H15,-116.13460394052359,-299.01868894472585,0.9763447499923799,-207.01614474233295,-92.00254420239291,0.7291649666497243,0.6811370635175839,1.0,0.9469670959037801,False,False,False,False
Q1229,SEASON,FINNIFTY,"On a week down more than 3%, is FINNIFTY more often up (close > open)?",352,352,2988,0.4748502994011976,0.4943181818181818,0.4725568942436412,0.0217612875745406,0.028174264439915185,-0.03346027072769316,0.07698284587677437,0.43988836170995965,0.004337741362171299,0.03956911918372363,CE,47.0,47.0,-409.9785933722841,-610.9330653021179,0.7489783753771625,-253.60522941428513,T30S10H30,50.361688492145944,-158.14806867996234,0.8458980696699281,-97.54079351043686,-60.60727516952549,0.6519209629858018,0.669169795525764,1.0,0.9078298131760842,True,False,False,False
Q1254,OIPCR,FINNIFTY,"If near-ATM put OI grew much faster than call OI (>1.5 sd, 15 min), is FINNIFTY up over the next 15 minutes more often?",4124,799,59048,0.5055562591021339,0.5223084384093113,0.504386262024116,0.017922176385195332,0.0092176833113857,-0.0001444829051206395,0.0359888356755113,0.051856215777558216,0.02969628800825863,0.006125274716592521,CE,3654.0,756.0,-46.706061854542575,-227.1206742939062,0.9999999999999948,-182.97363355043564,T30S10H15,-20.236454354522657,-203.5219511153245,1.0,-180.43871619790443,-23.08323491742007,0.8532507090299766,0.15272721085171256,1.0,1.0,True,False,False,False
Q1255,OIPCR,FINNIFTY,"If near-ATM put OI grew much faster than call OI (>1.5 sd, 15 min), is FINNIFTY up over the next 30 minutes more often?",4124,799,59048,0.5099411131513962,0.5186711930164889,0.509331391410378,0.00933980160611092,0.010138269690898956,-0.010531206988051035,0.029210810200272875,0.3569240042983133,0.00465533303748189,0.01403349139276211,CE,3654.0,756.0,-54.03283602694181,-234.39890923997456,0.9999999916576848,-185.2481733238537,T30S10H15,-20.236454354522657,-203.5219511153245,1.0,-180.43871619790443,-23.08323491742007,0.8532507090299766,0.5835639614002841,1.0,1.0,True,False,False,False
Q1256,OIPCR,FINNIFTY,"If near-ATM call OI grew much faster than put OI (<-1.5 sd), is FINNIFTY up over the next 15 minutes more often?",4150,774,59022,0.5055562591021339,0.500722891566265,0.5058961065365457,-0.005173214970280671,0.00913120230054751,-0.023070371479353792,0.01272394153879245,0.5710249914719375,-0.011957545103735978,0.0017450475749651861,CE,3719.0,737.0,11.2852904988284,-161.50036171740342,0.9999997588522221,-183.99638420213705,T30S10H15,25.851302119986155,-149.41645239011865,0.9999999895245073,-180.63137316309815,31.21492077297951,0.12058107942777013,0.7696747623599105,1.0,0.515028191559909,False,False,False,False
Q1257,OIPCR,FINNIFTY,"If near-ATM call OI grew much faster than put OI (<-1.5 sd), is FINNIFTY up over the next 30 minutes more often?",4150,774,59022,0.5099411131513962,0.49975903614457834,0.5106570431364575,-0.010898006991879206,0.009882216718316213,-0.030267151759778982,0.00847113777602057,0.2701184940944732,-0.01626155188586975,-0.0054134174375761734,CE,3719.0,737.0,-13.825489435987018,-186.44516887915233,0.9999843343390511,-187.70537388772334,T30S10H15,25.851302119986155,-149.41645239011865,0.9999999895245073,-180.63137316309815,31.21492077297951,0.12058107942777013,0.49208863248686974,1.0,0.515028191559909,True,False,False,False
Q1258,OIPCR,FINNIFTY,"If at 10:15 the near-ATM put/call OI ratio is above 1.3, is FINNIFTY up 10:15->15:09 more often?",136,136,793,0.5123789020452099,0.4632352941176471,0.5208070617906684,-0.0575717676730213,0.04631758395260544,-0.14835423222012795,0.03321069687408536,0.21387570341972734,0.0,-0.10672210672210675,CE,106.0,106.0,-819.2263827121483,-1070.516822253809,0.9688083515574681,-243.46741664496935,T20S20H15,14.632031422741008,-244.5772073382396,0.9540626575854028,-250.0064245974862,5.4292172592465295,0.48507610893297914,0.4304206823891549,1.0,0.8450568766484648,False,False,False,False
Q1259,OIPCR,FINNIFTY,"If at 10:15 the near-ATM put/call OI ratio is below 0.7, is FINNIFTY up 10:15->15:09 more often?",150,150,779,0.5123789020452099,0.4533333333333333,0.5237483953786907,-0.07041506204535736,0.04443505145660603,-0.15750776290030516,0.01667763880959046,0.11304046658169283,-0.08849206349206346,-0.046459824980111364,PE,101.0,101.0,64.84159891853238,-89.83660484306397,0.5631924817480988,-502.14959197696527,liq,366.38614088001816,208.23472438207597,0.3051531275689772,-187.6634829993004,395.8982073813762,0.16629096319672676,0.27358762080747423,1.0,0.597734813311495,True,False,False,False
Q1282,VOLUME,FINNIFTY,"If calls took >65% of near-ATM option volume in the last 5 min, is FINNIFTY up over the next 15 minutes more often?",5813,587,57359,0.5055562591021339,0.5076552554618957,0.5053435380672606,0.0023117173946350933,0.008794154449987733,-0.014924825327340862,0.01954826011661105,0.7926509539029273,0.013631678189817809,-0.019844208321088408,CE,3957.0,571.0,20.57847077779647,-169.75175464352606,0.9999998191499058,-186.78370846081685,T30S15H15,24.32373917401063,-167.8253494768829,0.9999939283664705,-191.5566749568909,23.731325480007975,0.26784347895927335,0.8945929401004166,1.0,0.7375930589885582,False,False,False,False
Q1283,VOLUME,FINNIFTY,"If puts took >65% of near-ATM option volume in the last 5 min, is FINNIFTY up over the next 15 minutes more often?",5749,586,57423,0.5055562591021339,0.5190467907462167,0.5042056318896609,0.014841158856555792,0.008710860517104704,-0.0022321277569694285,0.031914445470081015,0.08842715361450085,0.0063256636290366375,0.02144686535785434,CE,4507.0,544.0,-3.486565132217289,-262.1387153329314,0.999999999771822,-185.3608429887507,time,-3.486565132217289,-262.1387153329314,0.999999999771822,-185.3608429887507,-76.77787234418068,0.9662561745773766,0.22989005965741097,1.0,1.0,True,False,False,False
Q1284,VOLUME,FINNIFTY,"If FINNIFTY's near-ATM option volume surged (>3x the prior 30-min pace), is the next 15-minute move bigger?",2813,923,60359,10.578775929429431,15.287750820481307,10.359316588344772,4.928434232136535,0.30885162685925377,4.323085043492398,5.533783420780672,2.535118450837649e-57,4.288244507199911,5.547623730930505,CE+PE,2223.0,868.0,32.085032424463435,-324.9778267112516,0.9999999985970078,-386.6972377585423,T25S10H60,119.68556823678988,-244.88918901556409,0.9976325262176692,-356.5670875971655,111.6778985816014,0.09910484164014177,1.1679652862787739e-55,1.0,0.46958436615618027,True,True,False,False
Q1285,VOLUME,FINNIFTY,"If FINNIFTY's option volume surged (>3x) with the index rising over the last 5 min, is the next 15 minutes up more often?",1421,754,61751,0.5055562591021339,0.48346235045742436,0.5060646791145083,-0.022602328657083892,0.014026804078273973,-0.05009486465050088,0.004890207336333094,0.10709976396311169,-0.023301470631496846,-0.02199856597057831,PE,1152.0,689.0,44.984394162893295,-122.9402261589915,0.99065833034387,-198.76872438210782,T30S10H30,67.75781380633514,-103.33098545273837,0.9924540725984659,-156.2330640802171,52.902078627478716,0.10725707668929109,0.2616641960462388,1.0,0.4871801292640763,True,False,False,False
Q1286,VOLUME,FINNIFTY,"If FINNIFTY's option volume surged (>3x) with the index falling over the last 5 min, is the next 15 minutes up more often?",1391,748,61781,0.5055562591021339,0.5147375988497483,0.5053495411210567,0.009388057728691668,0.014675470150413504,-0.0193758637661188,0.038151979223502136,0.522360589446498,0.014505773985816317,0.0033394980364909177,CE,1145.0,688.0,86.04368276471133,-104.69384765390548,0.9168057844681949,-188.64328348757786,time,86.04368276471133,-104.69384765390548,0.9168057844681949,-188.64328348757786,83.94943583367238,0.13366357000454374,0.7299527306638063,1.0,0.5380855783894387,True,False,False,False
Q0031,OPEN,MIDCPNIFTY,"If MIDCPNIFTY rises more than 0.2% in the first 15 minutes, how often does it keep going the same way from 09:29 to 15:09 (vs other days)?",119,119,467,0.5187713310580204,0.6134453781512605,0.49464668094218417,0.11879869720907638,0.05032178597932947,0.020167996689590614,0.21742939772856212,0.01823651503994263,0.05942972260963897,0.17246963562753043,CE,112.0,112.0,909.4285244268498,719.1441006395419,0.10650497782791613,-403.8318953701691,time,909.4285244268498,719.1441006395419,0.10650497782791613,-403.8318953701691,1122.9759960097108,0.025909086001402116,0.06818870841022028,1.0,0.22464619224434426,True,False,False,False
Q0032,OPEN,MIDCPNIFTY,"If MIDCPNIFTY falls more than 0.2% in the first 15 minutes, how often does it keep going the same way from 09:29 to 15:09 (vs other days)?",202,202,384,0.4812286689419795,0.5346534653465347,0.453125,0.08152846534653468,0.04336135448719814,-0.0034597894483736763,0.16651672014144303,0.06007942234798402,0.029158959852029154,0.128007128007128,PE,196.0,196.0,-340.2551145737573,-509.90506370042607,0.8343698384093645,-905.7097667540094,T30S20H60,130.83674508698132,-44.3622098458971,0.5898131005565241,-133.6658657952609,89.3036559493637,0.3238020182671336,0.17168212888142337,1.0,0.7966438341368391,True,False,False,False
Q0033,OPEN,MIDCPNIFTY,"If MIDCPNIFTY rises more than 0.4% in the first 15 minutes, how often does it keep going the same way from 09:29 to 15:09 (vs other days)?",54,54,532,0.5187713310580204,0.6481481481481481,0.5056390977443609,0.14250905040378725,0.06856438487272457,0.008122856053247113,0.27689524475432736,0.03766604645342809,0.15030303030303027,0.1447254647643752,CE,50.0,50.0,1684.439973449707,1471.366069961719,0.05754477346332557,-403.831895370169,time,1684.439973449707,1471.366069961719,0.05754477346332557,-403.831895370169,1875.197965331888,0.022311162410973792,0.12027029684386692,1.0,0.20616234588361418,True,False,False,False
Q0034,OPEN,MIDCPNIFTY,"If MIDCPNIFTY falls more than 0.4% in the first 15 minutes, how often does it keep going the same way from 09:29 to 15:09 (vs other days)?",106,106,480,0.4812286689419795,0.5377358490566038,0.46875,0.06898584905660377,0.05356072222344319,-0.03599316650134489,0.1739648646145524,0.19774831048274694,-0.08616600790513834,0.17187291416366307,PE,105.0,105.0,161.7142825467246,-17.836602751649004,0.5087817577122955,-905.7097667540094,liq,283.71425083705356,100.66320851397866,0.42078281348296287,-415.0455528903726,515.7087614043514,0.152902275883212,0.4095568806881729,1.0,0.5748977182686812,False,False,False,False
Q0035,OPEN,MIDCPNIFTY,"If MIDCPNIFTY rises more than 0.2% in the first 30 minutes, how often does it keep going the same way from 09:44 to 15:09 (vs other days)?",136,136,450,0.5170648464163823,0.6029411764705882,0.4911111111111111,0.1118300653594771,0.04816280146581791,0.017430974486473988,0.2062291562324802,0.020237362906037674,0.11408296943231444,0.11274509803921573,CE,128.0,128.0,728.7656025029719,544.8243832564531,0.1702316725384232,-434.50401443493615,time,728.7656025029719,544.8243832564531,0.1702316725384232,-434.50401443493615,979.3283976913891,0.04331226094179273,0.0739552355489762,1.0,0.305208322222589,True,False,False,False
Q0036,OPEN,MIDCPNIFTY,"If MIDCPNIFTY falls more than 0.2% in the first 30 minutes, how often does it keep going the same way from 09:44 to 15:09 (vs other days)?",209,209,377,0.4812286689419795,0.5023923444976076,0.46949602122015915,0.03289632327744846,0.04312749373753178,-0.05163356444811383,0.11742621100301075,0.4456010612307145,-0.02608878602987591,0.0839581689029203,PE,199.0,199.0,-43.32663182113039,-213.67342074670876,0.6538022104567273,-742.0840694392097,liq,207.52769201844183,33.04069849818394,0.46097697641350693,-116.87754690114562,149.91824539932955,0.3283262538982365,0.6714303215612831,1.0,0.8018564683798063,False,False,False,False
Q0037,OPEN,MIDCPNIFTY,"If MIDCPNIFTY rises more than 0.4% in the first 30 minutes, how often does it keep going the same way from 09:44 to 15:09 (vs other days)?",68,68,518,0.5170648464163823,0.6470588235294118,0.5,0.1470588235294118,0.06202925278756422,0.02548148806578593,0.26863615899303767,0.01774973266019553,0.11832884097035046,0.17569169960474312,CE,66.0,66.0,1506.3636432994497,1298.601800576555,0.06143074857790104,-434.50401443493627,time,1506.3636432994497,1298.601800576555,0.06143074857790104,-434.50401443493627,1733.1058150114914,0.019741891646238987,0.06695074599898314,1.0,0.19034961817642337,True,False,False,False
Q0038,OPEN,MIDCPNIFTY,"If MIDCPNIFTY falls more than 0.4% in the first 30 minutes, how often does it keep going the same way from 09:44 to 15:09 (vs other days)?",129,129,457,0.4812286689419795,0.5348837209302325,0.4660831509846827,0.06880056994554978,0.049772558912337055,-0.028753645522630836,0.1663547854137304,0.16687984179787183,0.05961938745168005,0.07139265962795377,PE,125.0,125.0,136.55996664762498,-43.06083361109011,0.523903337593577,-742.0840694392098,liq,364.0800146484375,180.56800329316803,0.3459384630773007,-116.87754690114564,297.4455501943137,0.25693257533762615,0.3635057356344055,1.0,0.7255103458810879,True,False,False,False
Q0039,OPEN,MIDCPNIFTY,"If MIDCPNIFTY rises more than 0.4% in the first 15 minutes, how often does it close (15:29) above the open?",54,54,532,0.4761092150170648,0.8148148148148148,0.4417293233082707,0.3730854915065441,0.05712618294626381,0.261118172931867,0.48505281008122114,6.537485026566399e-11,0.4197979797979797,0.36532641591007353,CE,50.0,50.0,1684.439973449707,1471.366069961719,0.05754477346332557,-403.831895370169,time,1684.439973449707,1471.366069961719,0.05754477346332557,-403.831895370169,1875.197965331888,0.022311162410973792,4.990151292467843e-10,1.0,0.20616234588361418,True,True,False,False
Q0040,OPEN,MIDCPNIFTY,"If MIDCPNIFTY falls more than 0.4% in the first 15 minutes, how often does it close (15:29) above the open?",106,106,480,0.4761092150170648,0.19811320754716982,0.5375,-0.33938679245283015,0.04494520315530581,-0.42747939063722956,-0.25129419426843075,4.31518466583258e-14,-0.19673913043478258,-0.43385395808303295,PE,105.0,105.0,161.7142825467246,-17.836602751649004,0.5087817577122955,-905.7097667540094,liq,283.71425083705356,100.66320851397866,0.42078281348296287,-415.0455528903726,515.7087614043514,0.152902275883212,4.06320307950659e-13,1.0,0.5748977182686812,True,True,False,False
Q0099,GAP,MIDCPNIFTY,"When MIDCPNIFTY gaps up more than 0.5%, how often is the gap filled (previous close touched) the same day?",103,103,483,0.6996587030716723,0.36893203883495146,0.7701863354037267,-0.40125429656877526,0.0512966716652248,-0.5017957730326159,-0.30071282010493466,5.189621997296649e-15,-0.3858162355040143,-0.41585988382327055,col:gapfill_dir,97.0,97.0,-1299.030950892832,-1452.0501003382165,0.9790758679353703,-1127.702365875968,T30S10H15,-200.22682583209166,-362.94847750566277,0.9634013404346825,-118.64357916707006,-244.30489833859266,0.8860808443826659,5.313184425803712e-14,1.0,1.0,True,True,False,False
Q0100,GAP,MIDCPNIFTY,"When MIDCPNIFTY gaps up more than 0.5%, how often is the first 15 minutes up?",103,103,483,0.41638225255972694,0.39805825242718446,0.42028985507246375,-0.02223160264527929,0.05325009511355569,-0.12660178906784844,0.08213858377728986,0.6763170099354789,-0.06378233719892956,0.02587572610455907,PE,97.0,97.0,-540.9279176377759,-697.3700193738099,0.9964983570081157,-251.93765750734732,T30S10H15,-200.22682583209166,-362.94847750566277,0.9634013404346825,-118.64357916707006,-244.30489833859266,0.8860808443826659,0.8332845681153466,1.0,1.0,False,False,False,False
Q0101,GAP,MIDCPNIFTY,"When MIDCPNIFTY gaps up more than 0.5%, how often is 09:30-15:09 up (the rest of the day after the first 15 min)?",103,103,483,0.5187713310580204,0.5145631067961165,0.5196687370600414,-0.005105630263924854,0.054285833493248864,-0.11150586391069263,0.10129460338284292,0.9250687415872838,-0.020889087124591144,0.011617672944904012,PE,99.0,99.0,-717.9393942699288,-867.9038732882291,0.9086774426869944,-905.7097667540094,T25S20H30,29.757604887991242,-125.4103193414818,0.7238874986566434,-222.70481983774062,97.29450049625883,0.32234053309407773,0.9639817243030031,1.0,0.7954650624412836,False,False,False,False
Q0102,GAP,MIDCPNIFTY,"When MIDCPNIFTY gaps up 0.2-0.5%, how often is the gap filled (previous close touched) the same day?",214,214,372,0.6996587030716723,0.6869158878504673,0.706989247311828,-0.020073359461360685,0.039553811687873884,-0.09759883036959349,0.05745211144687212,0.6118075828105354,-0.04929098679098676,0.01767304860088359,col:gapfill_dir,199.0,199.0,-969.6481421529948,-1128.9926177318189,0.990303378464124,-1127.702365875968,T25S10H15,145.20600783765016,-23.0388791510395,0.5729853654580122,-120.82231951465437,97.7834403636148,0.21744187518475583,0.7898901564936551,1.0,0.6768708571488283,False,False,False,False
Q0103,GAP,MIDCPNIFTY,"When MIDCPNIFTY gaps up 0.2-0.5%, how often is the first 15 minutes up?",214,214,372,0.41638225255972694,0.4252336448598131,0.4112903225806452,0.013943322279167891,0.04237990562618097,-0.06912129274814681,0.09700793730648259,0.7421497430964442,0.055264180264180285,-0.03171681043551444,PE,199.0,199.0,47.15574599989694,-116.77873897871547,0.7271394041438227,-251.93765750734732,T25S10H15,145.20600783765016,-23.0388791510395,0.5729853654580122,-120.82231951465437,97.7834403636148,0.21744187518475583,0.8624083127690702,1.0,0.6768708571488283,False,False,False,False
Q0104,GAP,MIDCPNIFTY,"When MIDCPNIFTY gaps up 0.2-0.5%, how often is 09:30-15:09 up (the rest of the day after the first 15 min)?",214,214,372,0.5187713310580204,0.5514018691588785,0.5,0.051401869158878455,0.042790716929935614,-0.032467936023795343,0.13527167434155224,0.22965858531600192,0.10678904428904429,-0.01015148327372184,PE,201.0,201.0,-799.7014974346802,-957.9274395712101,0.9847242794470213,-905.7097667540095,T30S10H15,11.343290414383162,-154.4232045344637,0.9097440298404533,-146.0098051074694,-8.413399426994328,0.5290819094888013,0.4538747826323507,1.0,0.8502662411121032,False,False,False,False
Q0105,GAP,MIDCPNIFTY,"When MIDCPNIFTY gaps down 0.2-0.5%, how often is the gap filled (previous close touched) the same day?",33,33,553,0.6996587030716723,0.6666666666666666,0.701627486437613,-0.03496081977094634,0.08440811463575593,-0.20040072445702795,0.13047908491513527,0.6787365023706822,0.005378409527468375,-0.08115719406041977,col:gapfill_dir,32.0,32.0,665.2500035986304,500.73475207202523,0.3673702251265365,-353.0798909530205,time,665.2500035986304,500.73475207202523,0.3673702251265365,-353.0798909530205,853.8146430250456,0.2817194865245043,0.8354676412768893,1.0,0.7537691396288279,False,False,False,False
Q0106,GAP,MIDCPNIFTY,"When MIDCPNIFTY gaps down 0.2-0.5%, how often is the first 15 minutes up?",33,33,553,0.41638225255972694,0.42424242424242425,0.4159132007233273,0.008329223519096929,0.08862583964531714,-0.16537742218572468,0.18203586922391854,0.9251235462690837,0.1701882443334614,-0.20865335381464414,PE,32.0,32.0,112.49995708465576,-39.06106259537299,0.5272441300131222,-251.93765750734724,T30S10H15,424.31246280670166,268.0137373482586,0.24369794095264258,-118.64357916707004,386.6573165153287,0.1582015525164904,0.9639817243030031,1.0,0.5844599206034357,False,False,False,False
Q0107,GAP,MIDCPNIFTY,"When MIDCPNIFTY gaps down 0.2-0.5%, how often is 09:30-15:09 up (the rest of the day after the first 15 min)?",33,33,553,0.5187713310580204,0.5151515151515151,0.5189873417721519,-0.003835826620636751,0.08963223963695523,-0.179515016309069,0.1718433630677955,0.9658648170214379,0.05704955820207458,-0.08755760368663595,CE,31.0,31.0,1755.290097401988,1590.9201470483097,0.1682053173378204,-403.83189537016904,time,1755.290097401988,1590.9201470483097,0.1682053173378204,-403.83189537016904,1994.7520424184788,0.11404590978199347,0.9904337153876429,1.0,0.5010598118999068,False,False,False,False
Q0108,GAP,MIDCPNIFTY,"When MIDCPNIFTY gaps down more than 0.5%, how often is the gap filled (previous close touched) the same day?",37,37,549,0.6996587030716723,0.4864864864864865,0.7140255009107468,-0.22753901442426028,0.08447446348369782,-0.393108962852308,-0.06196906599621255,0.007068845327285681,-0.23339780786589298,-0.2415730337078652,col:gapfill_dir,35.0,35.0,2955.7713282363757,2728.442100315724,0.04714682981456063,-353.0798909530205,time,2955.7713282363757,2728.442100315724,0.04714682981456063,-353.0798909530205,3081.521991268744,0.029399639303203245,0.029606527507138082,1.0,0.24400938220804488,True,True,False,True
Q0109,GAP,MIDCPNIFTY,"When MIDCPNIFTY gaps down more than 0.5%, how often is the first 15 minutes up?",37,37,549,0.41638225255972694,0.5675675675675675,0.40619307832422585,0.1613744892433417,0.08417127216149994,-0.003601204193198204,0.3263501826798816,0.05521052711755683,0.0361057382333978,0.22212618841832327,CE,35.0,35.0,1577.8285021100726,1356.7204786973818,0.038648179368454584,-299.083313288089,liq,2453.142804827009,2223.776134466707,0.05435695585754576,-164.10736224053443,2387.8834967072407,0.0425012021655864,0.16077106090665533,1.0,0.3022976634458808,True,False,False,False
Q0110,GAP,MIDCPNIFTY,"When MIDCPNIFTY gaps down more than 0.5%, how often is 09:30-15:09 up (the rest of the day after the first 15 min)?",37,37,549,0.5187713310580204,0.6216216216216216,0.51183970856102,0.10978191306060159,0.08260593531377046,-0.052125720154388516,0.2716895462755917,0.18385346140171752,0.02063185041908444,0.15571881302218382,CE,35.0,35.0,1597.0284249441963,1379.4036784772268,0.16152151091727263,-403.83189537016904,time,1597.0284249441963,1379.4036784772268,0.16152151091727263,-403.83189537016904,1783.235573847396,0.10070678298585257,0.38944329262432775,1.0,0.47380861510482786,True,False,False,False
Q0111,GAP,MIDCPNIFTY,"On MIDCPNIFTY gap-up (>0.5%) days, how often is the day's HIGH set in the first 30 minutes?",103,103,483,0.36177474402730375,0.3592233009708738,0.36231884057971014,-0.0030955396088363507,0.05213219268022364,-0.10527463726207469,0.09908355804440198,0.9526505119847489,0.04274457329765091,-0.054479845097694046,,,,,,,,,,,,,,,0.9823494488092135,,,False,False,False,False
Q0112,GAP,MIDCPNIFTY,"On MIDCPNIFTY gap-up (>0.5%) days, how often is the day's LOW set in the first 30 minutes?",103,103,483,0.4061433447098976,0.36893203883495146,0.4140786749482402,-0.04514663611328873,0.0526064274039185,-0.14825523382496897,0.05796196159839152,0.3907841337734348,-0.05411834671424326,-0.04638267910579125,,,,,,,,,,,,,,,0.6147701616679645,,,True,False,False,False
Q0113,GAP,MIDCPNIFTY,"On MIDCPNIFTY gap-down (<-0.5%) days, how often is the day's HIGH set in the first 30 minutes?",37,37,549,0.36177474402730375,0.32432432432432434,0.36429872495446264,-0.039974400630138296,0.07972030077140874,-0.1962261901420994,0.11627738888182282,0.6160663224059071,0.10702772404900063,-0.11279170267934313,,,,,,,,,,,,,,,0.7899943988545772,,,False,False,False,False
Q0114,GAP,MIDCPNIFTY,"On MIDCPNIFTY gap-down (<-0.5%) days, how often is the day's LOW set in the first 30 minutes?",37,37,549,0.4061433447098976,0.5945945945945946,0.39344262295081966,0.20115197164377496,0.08343552109102054,0.03761835030537472,0.3646855929821752,0.015914636526169847,0.2911025145067698,0.19014693171996538,,,,,,,,,,,,,,,0.060919528542311877,,,True,False,False,False
Q0170,TIMING,MIDCPNIFTY,"If at 10:15 MIDCPNIFTY's day high so far was made in the first 15 minutes, how often does it stay the day's high to the close?",310,310,276,0.4539249146757679,0.5806451612903226,0.3115942028985507,0.2690509583917719,0.03956423942380172,0.19150504912112054,0.34659686766242326,1.0436010706192265e-11,0.23599812996727443,0.30210378681626926,CE,298.0,298.0,-57.080573704618736,-228.42732763668832,0.7309961890006421,-88.61850724027532,liq,196.36911968256803,22.067213110523305,0.45991360785523977,-16.291166807944084,38.35837991846739,0.4305565305722351,8.52054038670128e-11,1.0,0.8450568766484648,True,True,False,False
Q0171,TIMING,MIDCPNIFTY,"If at 10:15 MIDCPNIFTY's day low so far was made in the first 15 minutes, how often does it stay the day's low to the close?",293,293,293,0.48976109215017066,0.6484641638225256,0.3310580204778157,0.3174061433447099,0.039197810841349316,0.24057843409566526,0.39423385259375454,5.607811483733853e-16,0.32273792780121896,0.30576652601969057,CE,278.0,278.0,289.72667265281405,116.78408626816332,0.3610583354488808,-88.6185072402753,time,289.72667265281405,116.78408626816332,0.3610583354488808,-88.6185072402753,205.40259350843863,0.26582385240115086,5.97857587935262e-15,1.0,0.7359358952896436,True,True,False,False
Q0172,TIMING,MIDCPNIFTY,"If at 11:15 MIDCPNIFTY's day high so far was made in the first 15 minutes, how often does it stay the day's high to the close?",264,264,322,0.5341296928327645,0.6818181818181818,0.41304347826086957,0.2687747035573122,0.039715955132404994,0.1909314314977984,0.346617975616826,1.3109557289723911e-11,0.2627654554034922,0.2738195813385901,CE,254.0,254.0,-2.8110435851446285,-173.47232686211572,0.6864903818376062,-219.90585325579906,liq,1.086580471729669,-170.8549496439223,0.8077369489260213,-223.97725551106527,53.12230586714288,0.39343686776778397,1.050393099611419e-10,1.0,0.8450568766484648,True,True,False,False
Q0173,TIMING,MIDCPNIFTY,"If at 11:15 MIDCPNIFTY's day low so far was made in the first 15 minutes, how often does it stay the day's low to the close?",254,254,332,0.5853242320819113,0.7480314960629921,0.4608433734939759,0.2871881225690162,0.03863923322856918,0.21145522544102063,0.3629210196970118,1.0652194604914472e-13,0.27348272642390287,0.29550132314025285,CE,239.0,239.0,353.0711472645464,184.7020265509399,0.25446500322598914,-219.90585325579906,time,353.0711472645464,184.7020265509399,0.25446500322598914,-219.90585325579906,404.60787980673905,0.07396243464516362,9.609322405831937e-13,1.0,0.4084350902752008,True,True,False,False
Q0174,TIMING,MIDCPNIFTY,"If at 12:30 MIDCPNIFTY's day high so far was made in the first 15 minutes, how often does it stay the day's high to the close?",235,235,351,0.6092150170648464,0.7659574468085106,0.5042735042735043,0.2616839425350064,0.038439001814166256,0.18634349897924052,0.33702438609077223,9.912210422063433e-12,0.30224730224730223,0.21960297766749381,CE,226.0,226.0,262.1415248974762,90.21325653774922,0.38651230032405137,-35.63101650971481,time,262.1415248974762,90.21325653774922,0.38651230032405137,-35.63101650971481,125.84427304746401,0.34371808469154824,8.144427671631739e-11,1.0,0.8158953533643957,True,True,False,False
Q0175,TIMING,MIDCPNIFTY,"If at 12:30 MIDCPNIFTY's day low so far was made in the first 15 minutes, how often does it stay the day's low to the close?",218,218,368,0.6638225255972696,0.8715596330275229,0.5407608695652174,0.3307987634623055,0.03450168657607932,0.26317545777319007,0.398422069151421,8.98949416144799e-22,0.3295214299442629,0.3302650957290133,CE,211.0,211.0,361.7915313037651,196.7785936706038,0.21908054674486277,-35.63101650971481,time,361.7915313037651,196.7785936706038,0.21908054674486277,-35.63101650971481,232.4096101803185,0.17991542491738133,1.3177781213940804e-20,1.0,0.6168845457017857,True,True,False,False
Q0176,TIMING,MIDCPNIFTY,"If at 14:00 MIDCPNIFTY's day high so far was made in the first 15 minutes, how often does it stay the day's high to the close?",203,203,383,0.6774744027303754,0.8866995073891626,0.566579634464752,0.3201198729244106,0.03373430789592475,0.2540006294483981,0.3862391164004231,2.3226669107139008e-21,0.3390894819466248,0.2994934143870315,PE,192.0,192.0,-24.093759139068425,-179.85328454423862,0.7804172632979849,-465.19457166238504,T25S20H30,369.03126299381256,210.88786179696186,0.042783366314385764,-125.44697288594324,336.33483468290507,0.0030536221711182617,3.292571774528497e-20,1.0,0.05322744305789546,True,True,False,True
Q0177,TIMING,MIDCPNIFTY,"If at 14:00 MIDCPNIFTY's day low so far was made in the first 15 minutes, how often does it stay the day's low to the close?",203,203,383,0.7679180887372014,0.9359605911330049,0.6788511749347258,0.2571094161982791,0.029427253159043144,0.19943200000655453,0.31478683239000366,2.391302984930865e-18,0.23249754178957716,0.2781609195402299,CE,193.0,193.0,492.06229187046307,328.1730491188379,0.03649700469901633,69.21209262211508,time,492.06229187046307,328.1730491188379,0.03649700469901633,69.21209262211508,258.9609564967229,0.07857089122665316,2.937886524343634e-17,1.0,0.42149279832211817,True,True,False,True
Q0178,TIMING,MIDCPNIFTY,"On Mondays, how often is MIDCPNIFTY's day high set in the first 30 minutes (vs other weekdays)?",112,112,474,0.36177474402730375,0.29464285714285715,0.37763713080168776,-0.08299427365883061,0.04853317342628207,-0.17811929357434347,0.012130746256682243,0.08725616867208755,-0.006543249281838526,-0.15343347639484978,,,,,,,,,,,,,,,0.22831735818862664,,,True,False,False,False
Q0179,TIMING,MIDCPNIFTY,"On Tuesdays, how often is MIDCPNIFTY's day high set in the first 30 minutes (vs other weekdays)?",124,124,462,0.36177474402730375,0.41935483870967744,0.3463203463203463,0.07303449238933113,0.049577012725758984,-0.02413645255315648,0.17020543733181875,0.14070996250291642,0.12693757855048177,0.019131406228180436,,,,,,,,,,,,,,,0.32413544933707533,,,True,False,False,False
Q0180,TIMING,MIDCPNIFTY,"On Wednesdays, how often is MIDCPNIFTY's day high set in the first 30 minutes (vs other weekdays)?",118,118,468,0.36177474402730375,0.3135593220338983,0.37393162393162394,-0.06037230189772563,0.048252129573831855,-0.15494647586243607,0.0342018720669848,0.21086728317561576,-0.036726714146068984,-0.08461422543701025,,,,,,,,,,,,,,,0.42703107581875094,,,True,False,False,False
Q0181,TIMING,MIDCPNIFTY,"On Thursdays, how often is MIDCPNIFTY's day high set in the first 30 minutes (vs other weekdays)?",116,116,470,0.36177474402730375,0.43103448275862066,0.3446808510638298,0.08635363169479088,0.05098228083056637,-0.013571638733119201,0.18627890212270096,0.09030387418159315,-0.008363903154805563,0.18107116654438743,,,,,,,,,,,,,,,0.2325189574735632,,,False,False,False,False
Q0182,TIMING,MIDCPNIFTY,"On Fridays, how often is MIDCPNIFTY's day high set in the first 30 minutes (vs other weekdays)?",114,114,472,0.36177474402730375,0.3333333333333333,0.3686440677966102,-0.03531073446327687,0.0494630968073067,-0.13225840420559798,0.06163693527904425,0.4753011489935388,-0.09435069699192955,0.025768535262206127,,,,,,,,,,,,,,,0.6959574145308344,,,False,False,False,False
Q0250,TOD,MIDCPNIFTY,Are MIDCPNIFTY's 15-minute moves bigger when they start at 09:20-10:00 than at other times?,4688,586,35160,11.68350789597704,18.68085737338245,10.75052796565632,7.930329407726132,0.42469637659717563,7.097924509595668,8.762734305856597,8.220269149395295e-78,6.187921589714676,9.672737225737588,CE+PE,4419.0,568.0,-97.66192309968098,-435.4033366531848,1.0,-428.1996967886218,time,-97.66192309968098,-435.4033366531848,1.0,-428.1996967886218,-7.203639864563037,0.595521680451765,6.237733648658783e-76,1.0,0.878158849102702,True,True,False,False
Q0251,TOD,MIDCPNIFTY,Is MIDCPNIFTY more often up over the next 15 minutes when starting at 09:20-10:00?,4688,586,35160,0.5152579803252358,0.5055460750853242,0.5165529010238907,-0.0110068259385665,0.011471430816749721,-0.033490830339395955,0.011477178462262951,0.33730744333227725,-0.017377701934015888,-0.0046359499431172235,PE,4440.0,569.0,-30.032436602824443,-193.34314414384582,0.9996378278346271,-193.86339291883985,T25S10H60,12.416220123703415,-155.71485722631547,0.9996109876788211,-156.99964610412349,1.2847888778079954,0.4889405399410562,0.5645324346138731,1.0,0.8450568766484648,True,False,False,False
Q0252,TOD,MIDCPNIFTY,"On EXPIRY days, are MIDCPNIFTY's 60-minute moves bigger starting at 09:20-10:00 than at other hours of expiry days?",728,91,5460,19.299877710934215,31.60393336055043,17.659336957652055,13.944596402898373,2.8315000608175414,8.394856283695992,19.494336522100753,8.444288226991641e-07,13.698629479477372,14.196029257950958,CE+PE,665.0,84.0,15.654149406834653,-164.95773073352262,0.6775252736213001,-578.3119650655622,time,15.654149406834653,-164.95773073352262,0.6775252736213001,-578.3119650655622,413.3542343320395,0.12411655858021847,5.313722835521569e-06,1.0,0.5219200314350495,True,True,False,False
Q0253,TOD,MIDCPNIFTY,Are MIDCPNIFTY's 15-minute moves bigger when they start at 10:00-11:00 than at other times?,7032,586,32816,11.68350789597704,12.899471693885204,11.422944224996721,1.4765274688884826,0.25984591275370755,0.9672294798912159,1.9858254578857495,1.3288020835471528e-08,0.8143812847703167,2.1386736530066504,CE+PE,6647.0,567.0,-56.934559543598716,-389.19242412357397,1.0,-389.04739981243654,liq,-47.985556794948934,-383.173186408152,0.9999859413937987,-387.3090522752369,4.135865867084947,0.48197250799348956,9.215885418149609e-08,1.0,0.8450568766484648,True,True,False,False
Q0254,TOD,MIDCPNIFTY,Is MIDCPNIFTY more often up over the next 15 minutes when starting at 10:00-11:00?,7032,586,32816,0.5152579803252358,0.5119453924914675,0.5159678205753291,-0.004022428083861551,0.009365157389609458,-0.022378136567496088,0.014333280399772986,0.6675521698428704,-0.014647326507394753,0.006602470339671707,PE,6661.0,570.0,-33.81384475151352,-193.73627864816967,0.999999981988758,-193.67663485934656,T30S15H15,-26.811287439973697,-188.27661020206884,0.999999999979697,-188.22670243938475,-0.04990776268408237,0.5006981976176728,0.82643214884578,1.0,0.8450568766484648,False,False,False,False
Q0255,TOD,MIDCPNIFTY,"On EXPIRY days, are MIDCPNIFTY's 60-minute moves bigger starting at 10:00-11:00 than at other hours of expiry days?",1092,91,5096,19.299877710934215,19.48790341855842,19.259586487871886,0.22831693068653536,1.9385992762602666,-3.5713376507835872,4.0279715121566575,0.9062465923641986,-1.9919180883630698,2.49789050571502,CE+PE,1000.0,85.0,-151.52401647090912,-322.3461623569842,0.9502534046836328,-467.56407279817006,T30S20H15,-10.493994598388673,-182.30147009310883,0.9998904138387271,-394.05088714146615,211.74941704835737,8.813935728061448e-06,0.9577828704221589,1.0,0.00037207340434591916,False,False,False,False
Q0256,TOD,MIDCPNIFTY,Are MIDCPNIFTY's 15-minute moves bigger when they start at 11:00-12:00 than at other times?,7032,586,32816,11.68350789597704,10.339900746958518,11.971423713623867,-1.631522966665349,0.21522072234713216,-2.053355582465728,-1.2096903508649701,3.437048924898644e-14,-1.4327202420224605,-1.8303256913082357,CE+PE,6685.0,572.0,-37.973679998336486,-365.43629906225397,1.0,-366.25184216905114,time,-37.973679998336486,-365.43629906225397,1.0,-366.25184216905114,0.8155431067971923,0.4771418730849282,3.2601419949406257e-13,1.0,0.8450568766484648,True,True,False,False
Q0257,TOD,MIDCPNIFTY,Is MIDCPNIFTY more often up over the next 15 minutes when starting at 11:00-12:00?,7032,586,32816,0.5152579803252358,0.512514220705347,0.5158459288152121,-0.0033317081098650503,0.00901889045425987,-0.021008733400214395,0.014345317180484294,0.7118188576420457,-0.0032504469364538213,-0.0034129692832765013,PE,6703.0,573.0,-2.1438186090063307,-159.50323322962956,0.9999999820143713,-159.8718394138494,time,-2.1438186090063307,-159.50323322962956,0.9999999820143713,-159.8718394138494,0.368606184219817,0.4949209017525729,0.8523312785959756,1.0,0.8450568766484648,True,False,False,False
Q0258,TOD,MIDCPNIFTY,"On EXPIRY days, are MIDCPNIFTY's 60-minute moves bigger starting at 11:00-12:00 than at other hours of expiry days?",1092,91,5096,19.299877710934215,17.32115126092792,19.72389052164985,-2.40273926072193,1.4379119838476817,-5.221046749063386,0.4155682276195263,0.09472328010232198,0.07311778088287113,-4.933615347695728,CE+PE,1017.0,89.0,-136.66665714398948,-300.95185194772085,0.9733420917131392,-501.5536452112021,liq,221.58112247433283,53.069318197768965,0.43026052102968765,-452.87848141280233,505.9477996105712,0.046957565161407394,0.24230156712508116,1.0,0.31899056162727873,False,False,False,False
Q0259,TOD,MIDCPNIFTY,Are MIDCPNIFTY's 15-minute moves bigger when they start at 12:00-13:00 than at other times?,7032,586,32816,11.68350789597704,9.77145883098533,12.093232695618122,-2.3217738646327923,0.262213887446312,-2.8357130840275637,-1.8078346452380207,8.405689677437796e-19,-1.7076845503853093,-2.935863178880277,CE+PE,6672.0,571.0,-46.428059515335576,-370.7212539719391,1.0,-370.07541382926587,T15S20H15,-40.13129368531618,-365.4159886925977,1.0,-361.1723197877736,-4.243668904824155,0.6359333583583126,1.0527514256208502e-17,1.0,0.8978831451620267,True,True,False,False
Q0260,TOD,MIDCPNIFTY,Is MIDCPNIFTY more often up over the next 15 minutes when starting at 12:00-13:00?,7032,586,32816,0.5152579803252358,0.5041240045506257,0.5176438322769381,-0.013519827726312439,0.009281948327301072,-0.031712446447822534,0.00467279099519766,0.1452345112184848,-0.019482366325369704,-0.007557289127255007,PE,6705.0,572.0,14.245184746897994,-141.399697842805,0.9999999901863892,-141.03313208989186,time,14.245184746897994,-141.399697842805,0.9999999901863892,-141.03313208989186,-0.3665657529131369,0.5058083872886262,0.329768740770579,1.0,0.8450568766484648,True,False,False,False
Q0261,TOD,MIDCPNIFTY,"On EXPIRY days, are MIDCPNIFTY's 60-minute moves bigger starting at 12:00-13:00 than at other hours of expiry days?",1092,91,5096,19.299877710934215,15.712261392956687,20.068652636215113,-4.356391243258425,1.4042545085771883,-7.108730080069714,-1.6040524064471362,0.0019203596487884216,-5.038301620424166,-3.6593273021556705,CE+PE,1031.0,89.0,-134.05432004123838,-293.5527541329207,0.9835551327176543,-520.3636630484227,T25S20H15,-2.2230994412323204,-162.46317418796912,0.9999997834433497,-377.7933155883737,215.3301414004045,1.0554668790731293e-11,0.009074226911857376,1.0,1.1191969744381164e-09,True,True,False,False
Q0262,TOD,MIDCPNIFTY,Are MIDCPNIFTY's 15-minute moves bigger when they start at 13:00-14:00 than at other times?,7032,586,32816,11.68350789597704,9.682797431810181,12.112231566869939,-2.4294341350597577,0.23092651457417146,-2.882050103625134,-1.9768181664943816,6.95941003147546e-26,-1.9988550718443268,-2.8600131982751886,CE+PE,6669.0,571.0,-68.96175753464316,-390.86090635883915,1.0,-388.14245050910057,T15S20H15,-53.00044965379366,-375.9404801726189,1.0,-371.48263866755775,-4.457841505061193,0.6501887655973897,1.3011070928410642e-24,1.0,0.9068522569379748,True,True,False,False
Q0263,TOD,MIDCPNIFTY,Is MIDCPNIFTY more often up over the next 15 minutes when starting at 13:00-14:00?,7032,586,32816,0.5152579803252358,0.5300056882821388,0.5120977571916139,0.01790793109052491,0.00916017426007102,-4.60104592142907e-05,0.03586187264026411,0.05058577093157031,0.03750203152933529,-0.0016861693482853601,CE,6715.0,573.0,1.0418413067077046,-166.61403633125727,0.9999999999845315,-166.59283783370927,liq,30.69337504281096,-137.88565368678076,0.9952634672854637,-137.91560072675512,0.029947039974338154,0.4997751984756573,0.15070587644740346,1.0,0.8450568766484648,False,False,False,False
Q0264,TOD,MIDCPNIFTY,"On EXPIRY days, are MIDCPNIFTY's 60-minute moves bigger starting at 13:00-14:00 than at other hours of expiry days?",1092,91,5096,19.299877710934215,16.83831159448449,19.827356164459157,-2.9890445699746664,1.7268543275263142,-6.373679051926242,0.3955899119769093,0.08346625322493303,-2.9384868620098494,-3.040725782560923,CE+PE,1015.0,88.0,-278.4472927424708,-432.0172643236439,0.9934717095560955,-515.7595090579525,T25S10H15,-57.31625336144358,-212.56687814648734,0.9999999990177396,-399.73783854466325,187.17096039817596,6.289672347296734e-08,0.22208324166551618,1.0,4.23777379212114e-06,True,False,False,False
Q0265,TOD,MIDCPNIFTY,Are MIDCPNIFTY's 15-minute moves bigger when they start at 14:00-14:55 than at other times?,7032,586,32816,11.68350789597704,11.059011124642364,11.817328632691614,-0.7583175080492506,0.2364257097474001,-1.2217118991541547,-0.2949231169443464,0.001339294182369464,-0.09506541317156092,-1.4215696029269402,CE+PE,6650.0,578.0,-31.661956142303637,-350.18680444282165,1.0,-351.8238841661297,T30S10H60,14.165430258987541,-311.5881554908815,0.999999999999999,-307.2655429223018,-4.3226125685797205,0.5438660695578375,0.006569161578922465,1.0,0.855254532100918,True,True,False,False
Q0266,TOD,MIDCPNIFTY,Is MIDCPNIFTY more often up over the next 15 minutes when starting at 14:00-14:55?,7032,586,32816,0.5152579803252358,0.5241751990898749,0.5133471477328133,0.010828051357061552,0.009551081230737826,-0.007892067855184585,0.02954817056930769,0.2569208241246106,0.012290752478465783,0.009365350235657377,CE,6673.0,579.0,34.17653242776763,-132.59208482953593,0.9999957023177628,-132.63200038725006,T30S20H60,152.09320248682852,-16.757466350715692,0.6013108578143644,-17.005064788025262,0.24759843730954403,0.4984866551653245,0.47875147205774315,1.0,0.8450568766484648,True,False,False,False
Q0267,TOD,MIDCPNIFTY,"On EXPIRY days, are MIDCPNIFTY's 60-minute moves bigger starting at 14:00-14:55 than at other hours of expiry days?",1092,91,5096,19.299877710934215,18.93705712133275,19.37762498013453,-0.4405678588017814,2.0187861199124897,-4.3973886538302605,3.516252936226698,0.8272467610440927,0.1108534474303724,-1.0042429718390977,CE+PE,1015.0,89.0,32.79606540112073,-114.25464853251832,0.6904475298065829,-381.4199417378515,time,32.79606540112073,-114.25464853251832,0.6904475298065829,-381.4199417378515,267.16529320533334,0.12252224837006534,0.9113136821066434,1.0,0.5187916764983105,False,False,False,False
Q0316,DOW,MIDCPNIFTY,Is MIDCPNIFTY more often up (close > open) on Mondays?,112,112,474,0.4761092150170648,0.5178571428571429,0.46624472573839665,0.05161241711874626,0.05252643425843517,-0.051339394027786686,0.1545642282652792,0.32580488043907685,-0.08729652090647938,0.17939914163090126,CE,106.0,106.0,1692.2263631337094,1531.9020305714748,0.036692246891837935,-353.0798909530204,time,1692.2263631337094,1531.9020305714748,0.036692246891837935,-353.0798909530204,1884.981921524495,0.013793884140632628,0.5578632373903624,1.0,0.152173501136293,False,False,False,False
Q0317,DOW,MIDCPNIFTY,Is MIDCPNIFTY's day range bigger on Mondays?,112,112,474,1.402987204110663,1.4354893916419573,1.3953073623311167,0.040182029310840583,0.08666271624023038,-0.12967689452001097,0.21004095314169213,0.6428914068003638,-0.012695117748053875,0.06889535519101253,CE+PE,104.0,104.0,-743.7115872407762,-1042.496283468971,0.946799702649317,-1480.7822568289885,liq,233.48071245046762,-75.47747297670433,0.5495615521149385,-435.56405462518586,360.08658164848134,0.2761829888484707,0.8083137570881768,1.0,0.7469090263775227,False,False,False,False
Q0318,DOW,MIDCPNIFTY,Is MIDCPNIFTY more often up (close > open) on Tuesdays?,124,124,462,0.4761092150170648,0.43548387096774194,0.487012987012987,-0.05152911604524507,0.050275597358834606,-0.1500692868685609,0.04701105477807076,0.30539482851111993,-0.0957966764418377,-0.00726155564865244,PE,110.0,110.0,56.345420837402344,-130.69964389918977,0.5719025113563784,-1127.702365875968,liq,666.3817665793679,473.3454280201122,0.20179645308076832,-271.4566923846514,744.8021204047636,0.09438792065812687,0.5345445437982967,1.0,0.45931604397184644,True,False,False,False
Q0319,DOW,MIDCPNIFTY,Is MIDCPNIFTY's day range bigger on Tuesdays?,124,124,462,1.402987204110663,1.465550995642139,1.3861951907991847,0.07935580484295435,0.10643695137044501,-0.12926061984311787,0.28797222952902657,0.45592944203356195,0.1926002297641478,-0.03388862007823912,CE+PE,109.0,109.0,-1374.7156621584104,-1747.232940947496,0.9999967038272882,-1480.782256828989,T30S10H30,44.697246026555334,-346.50772236443015,0.9542373910659027,-247.54737543103084,-98.96034693339911,0.6850658735722281,0.6791558663086545,1.0,0.9244736266250002,False,False,False,False
Q0320,DOW,MIDCPNIFTY,Is MIDCPNIFTY more often up (close > open) on Wednesdays?,118,118,468,0.4761092150170648,0.5423728813559322,0.4594017094017094,0.08297117195422282,0.05136727767384321,-0.01770869228650987,0.1836510361949555,0.10625582207694681,0.06786761625471299,0.09689572031344179,CE,110.0,110.0,878.7818813974208,692.7243168219688,0.12178614307874702,-353.0798909530204,time,878.7818813974208,692.7243168219688,0.12178614307874702,-353.0798909530204,1045.8042077749897,0.039164516871577425,0.2612279133933662,1.0,0.2883026319657144,True,False,False,False
Q0321,DOW,MIDCPNIFTY,Is MIDCPNIFTY's day range bigger on Wednesdays?,118,118,468,1.402987204110663,1.4180415217149056,1.3991914573642943,0.018850064350611317,0.09179429280925126,-0.16106674955552117,0.1987668782567438,0.8372977770847406,0.11833920567133238,-0.07364893570820774,CE+PE,110.0,110.0,-989.1273027265614,-1340.258315959455,0.9999414454796375,-1480.7822568289891,T15S10H15,254.78180902654475,-110.2411301773013,0.7569574845400198,-276.20429873747247,165.96316856017108,0.14717560740190194,0.9176840547487811,1.0,0.5648499604055665,False,False,False,False
Q0322,DOW,MIDCPNIFTY,Is MIDCPNIFTY more often up (close > open) on Thursdays?,116,116,470,0.4761092150170648,0.41379310344827586,0.49148936170212765,-0.07769625825385179,0.05125769177101706,-0.1781613341250452,0.022768817617341633,0.12957067686624282,0.0063829787234042645,-0.16177549523110785,PE,111.0,111.0,-557.7296591046694,-711.4066014167207,0.8769885847567935,-1127.702365875968,T30S20H60,205.40543014938766,45.91683021916414,0.4282693565793503,-315.12379317229573,361.0406233914598,0.077589326210091,0.3033505864926556,1.0,0.41869844082062435,False,False,False,False
Q0323,DOW,MIDCPNIFTY,Is MIDCPNIFTY's day range bigger on Thursdays?,116,116,470,1.402987204110663,1.3397925763294614,1.418584176073683,-0.07879159974422167,0.0694179099262436,-0.21485070319965913,0.05726750371121578,0.256361605453483,-0.03191075252419595,-0.12567244696424718,CE+PE,110.0,110.0,-1217.4545504450798,-1531.5005960234496,0.9999760114003807,-1480.7822568289891,T20S15H15,360.6000553477894,34.46555498208082,0.4148831873941486,-376.6496719267607,411.11522690884186,0.005164779699921805,0.47875147205774315,1.0,0.07736919902984107,True,False,False,False
Q0324,DOW,MIDCPNIFTY,Is MIDCPNIFTY more often up (close > open) on Fridays?,114,114,472,0.4761092150170648,0.4824561403508772,0.4745762711864407,0.007879869164436504,0.052184492935069625,-0.09440173698829996,0.11016147531717296,0.879975553680747,0.11386647101980918,-0.10179324894514769,PE,106.0,106.0,-174.62254522825188,-337.9730420016246,0.6734303099138201,-1127.702365875968,liq,410.0377518275999,241.23993668008558,0.3301245208010616,-271.4566923846514,512.696629064737,0.17510103426211837,0.9426497944612879,1.0,0.6097819279601018,False,False,False,False
Q0325,DOW,MIDCPNIFTY,Is MIDCPNIFTY's day range bigger on Fridays?,114,114,472,1.402987204110663,1.344164528344807,1.4171943757998742,-0.07302984745506724,0.0777767395207656,-0.2254722569157678,0.07941256200563332,0.3477473200646368,-0.2703025654297233,0.13449829979617234,CE+PE,103.0,103.0,-1061.475569516131,-1389.4642062649398,0.9998687344839655,-1480.7822568289891,T25S10H15,295.5146204383628,-47.063996469842856,0.6155034060101522,-253.15945795444836,206.0954614846056,0.09920555020608765,0.5729170407195167,1.0,0.46961033432501675,False,False,False,False
Q0376,EXPIRY,MIDCPNIFTY,Is MIDCPNIFTY's day range bigger on expiry day?,91,91,495,1.402987204110663,1.2522067627409001,1.4307064367665185,-0.1784996740256184,0.08725409650440093,-0.34951770317424424,-0.007481644876992571,0.04078141803242303,-0.10421892856218795,-0.18349840472329348,CE+PE,84.0,84.0,-1620.6428340290274,-1804.5862927652659,0.9868728671291626,-1480.7822568289882,T20S10H15,140.42860848563058,-54.523758115622805,0.619937817113896,-256.92621165167265,202.40245353604985,0.12852400717866982,0.12787657006058117,1.0,0.5296432567735012,True,False,False,False
Q0377,EXPIRY,MIDCPNIFTY,Does MIDCPNIFTY's ATM straddle lose more of its value 09:20->15:09 on expiry day?,84,84,470,-23.566295704256326,-88.39298134758359,-11.980249759491453,-76.41273158809213,1.061346731752854,-78.49297118232772,-74.33249199385654,0.0,-70.13026544809708,-84.60199893416151,CE+PE,81.0,81.0,-1590.2222550963913,-1770.3208433744749,0.9853180034826647,-1431.6103197955201,T15S10H15,6.888875608091001,-183.12302433420984,0.8919800376127291,-395.04740302890497,211.92437869469515,0.07611473554862791,0.0,1.0,0.4141434500599211,True,True,False,False
Q0378,EXPIRY,MIDCPNIFTY,Is MIDCPNIFTY's day range bigger 1 day before expiry?,87,87,499,1.402987204110663,1.2424407758932003,1.4309782647417637,-0.18853748884856336,0.0752167211853745,-0.33596226237189736,-0.041112715325229365,0.012190198419976457,-0.1463051400726958,-0.1342532939522154,CE+PE,82.0,82.0,-1269.4390049213316,-1503.758498812067,0.9973676780672336,-1480.7822568289885,T30S10H15,623.4146229813739,376.0501148579536,0.01737512932048115,-249.2970885287526,625.347203386706,0.00022330938614983272,0.04850675680062835,1.0,0.0063874802964476235,True,True,False,True
Q0379,EXPIRY,MIDCPNIFTY,Does MIDCPNIFTY's ATM straddle lose more of its value 09:20->15:09 1 day before expiry?,81,81,473,-23.566295704256326,-27.079018469210023,-22.964751213851994,-4.11426725535803,1.8165373044718698,-7.674680372122895,-0.5538541385931652,0.023519089989605082,5.584026007351881,-12.195275512765678,CE+PE,80.0,80.0,-1612.050009727478,-1846.3467325094182,0.9999088331370466,-1431.6103197955201,T20S20H15,-54.07500457763672,-297.14427139658846,0.9788367995312234,-502.45193915556194,205.30766775897345,0.08033750407415889,0.08281781912005767,1.0,0.42614472146816823,False,False,False,False
Q0380,EXPIRY,MIDCPNIFTY,Is MIDCPNIFTY's day range bigger 2 days before expiry?,85,85,501,1.402987204110663,1.3099517464637755,1.4187716629928695,-0.10881991652909395,0.08374922936489351,-0.27296840608428524,0.05532857302609734,0.19382238699308524,-0.04895983018686212,-0.08805654204363167,CE+PE,80.0,80.0,-928.7249908447266,-1196.6477558214847,0.9980326048385871,-1480.7822568289885,T25S10H15,196.35003662109375,-82.61980832707852,0.6414114344539587,-253.15945795444844,170.5396496273698,0.22731896439439664,0.4039271069807431,1.0,0.6880541371313058,True,False,False,False
Q0381,EXPIRY,MIDCPNIFTY,Does MIDCPNIFTY's ATM straddle lose more of its value 09:20->15:09 2 days before expiry?,84,84,470,-23.566295704256326,-14.1977095972924,-25.240681306352005,11.042971709059605,1.935207940636678,7.249964145411717,14.835979272707494,1.1542527627051942e-08,21.228519319700574,3.8176659882775414,CE+PE,81.0,81.0,-982.7407780400029,-1249.6176420489082,0.9985174305519745,-1431.6103197955201,T25S10H15,301.9999751338252,24.22224944281162,0.4342949604806103,-321.7697072951719,345.9919567379835,0.009056626655546253,8.092315564617937e-08,1.0,0.11510341008296196,True,True,False,False
Q0382,EXPIRY,MIDCPNIFTY,Is MIDCPNIFTY's day range bigger 3-4 days before expiry?,147,147,439,1.402987204110663,1.4719021652831512,1.3799108959276203,0.09199126935553092,0.10112159959877391,-0.10620706585806594,0.2901896045691278,0.3629757873239536,0.28812576910702115,-0.07777277488409773,CE+PE,136.0,136.0,-990.9705629857148,-1297.824300795551,0.9999211683088897,-1480.7822568289885,T15S15H15,-74.47056770324707,-390.4790915919452,0.9954932799075608,-383.7192721289713,-6.759819462973904,0.5180300442284047,0.5897829416873634,1.0,0.845650838178952,False,False,False,False
Q0383,EXPIRY,MIDCPNIFTY,Does MIDCPNIFTY's ATM straddle lose more of its value 09:20->15:09 3-4 days before expiry?,139,139,415,-23.566295704256326,-10.389604153392984,-27.979693597196096,17.590089443803112,1.8440759563605924,13.97570056933635,21.204478318269874,1.4463232474317857e-21,33.53862719815752,4.198418685713644,CE+PE,133.0,133.0,-785.6391115116894,-1097.7475332569973,0.9996684649734733,-1431.6103197955204,liq,231.65416631483495,-91.06791375408434,0.5729197187894858,-559.9975880293093,468.92967427522507,0.1719486368285013,2.073063321318893e-20,1.0,0.6051765836726832,True,True,False,False
Q0384,EXPIRY,MIDCPNIFTY,Is MIDCPNIFTY's day range bigger 5+ days before expiry?,176,176,410,1.402987204110663,1.5476808065379208,1.340874828434572,0.2068059781033489,0.07229115159751588,0.06511532097221776,0.34849663523448005,0.004226574029067593,-0.3285414309026765,0.1832079305288512,CE+PE,156.0,156.0,-925.1538922236516,-1448.5712562259741,0.999999999767832,-1480.7822568289885,T30S10H30,278.15378042367786,-269.06323237360243,0.9243169684645843,-247.54737543103087,-21.51585694257147,0.5456699452395464,0.018419866545598632,1.0,0.856154894528393,False,True,False,False
Q0385,EXPIRY,MIDCPNIFTY,Does MIDCPNIFTY's ATM straddle lose more of its value 09:20->15:09 5+ days before expiry?,166,166,388,-23.566295704256326,-4.822616310004729,-31.585498744065,26.76288243406027,1.7550329544452548,23.32301784334757,30.202747024772968,1.6661326765109225e-52,-9.710158673980658,27.925144259744293,CE+PE,165.0,165.0,-898.8000276034528,-1421.9573712543945,0.9999999995049773,-1431.6103197955201,T30S15H60,338.1454800692472,-206.4307980375939,0.8819722165669039,-435.97864370082425,229.54784566323033,0.0938197277987768,6.933261782900291e-51,1.0,0.4580122243077518,False,True,False,False
Q0438,PRIORDAY,MIDCPNIFTY,"After the previous day rose more than 1%, is MIDCPNIFTY more often up (close > open) today?",132,132,749,0.47559591373439275,0.5,0.4712950600801068,0.028704939919893202,0.04721385299059598,-0.06383421194167492,0.12124409178146132,0.5432026832090376,0.05026455026455029,0.009258174147427634,PE,85.0,85.0,-1995.6705549674875,-2161.247987124276,0.9997854676773831,-1127.702365875968,T30S10H15,118.30585165584789,-61.881312878395384,0.61726747487276,-118.64357916707004,56.762266288674695,0.39218274190596847,0.7461831843974339,1.0,0.8450568766484648,True,False,False,False
Q0439,PRIORDAY,MIDCPNIFTY,"After the previous day rose more than 1%, is MIDCPNIFTY's day range bigger today?",132,132,749,1.3960102515661927,1.3948076465111086,1.3962221926439913,-0.0014145461328827214,0.09619654234841601,-0.1899597691357781,0.18713067687001267,0.9882677295947431,-0.11408098573900838,0.0904051775985304,CE+PE,85.0,85.0,-2298.282304655103,-2641.2637675680553,0.9999999776252262,-1480.7822568289882,T20S10H60,161.71767290900735,-203.12605859436547,0.8602291383964615,-347.79122164522687,144.66516305086137,0.22061122311314413,0.9968303547158344,1.0,0.6801609970489864,False,False,False,False
Q0440,PRIORDAY,MIDCPNIFTY,"After the previous day fell more than 1%, is MIDCPNIFTY more often up (close > open) today?",120,120,761,0.47559591373439275,0.5416666666666666,0.4651773981603154,0.07648926850635124,0.04897458412846102,-0.01950091638543236,0.17247945339813484,0.11833144045116982,0.011634479510127194,0.133948717948718,CE,73.0,73.0,1230.9040763872126,1027.3649906449814,0.18261290031267635,-353.0798909530204,time,1230.9040763872126,1027.3649906449814,0.18261290031267635,-353.0798909530204,1380.444881598002,0.11187177556802824,0.28320511722079605,1.0,0.4975007759546432,True,False,False,False
Q0441,PRIORDAY,MIDCPNIFTY,"After the previous day fell more than 1%, is MIDCPNIFTY's day range bigger today?",120,120,761,1.3960102515661927,2.0223420465975597,1.297245710956779,0.7250963356407807,0.0859314279345532,0.5566707368890564,0.8935219343925049,3.22590492615395e-17,0.6725706809034862,0.7501943882102375,CE+PE,72.0,72.0,-190.3333637242516,-575.4125137994205,0.8324142768516655,-1480.7822568289885,T25S10H30,413.4166844685872,14.070903001788995,0.4816697756698059,-261.56770134860085,275.63860435038987,0.1839574626344493,3.7490246439086447e-16,1.0,0.6229738845629864,True,True,False,False
Q0442,PRIORDAY,MIDCPNIFTY,"After the previous day was the narrowest of 7 (NR7), is MIDCPNIFTY more often up (close > open) today?",153,153,728,0.47559591373439275,0.48366013071895425,0.4739010989010989,0.009759031817855368,0.044462982612229376,-0.07738841410211421,0.09690647773782494,0.8262709655718921,-0.04179247367258265,0.05915354675830148,PE,93.0,93.0,-1473.2903204329552,-1626.3038029770669,0.9897468447423899,-1127.702365875968,T30S10H30,-49.80644226074219,-214.24448828731184,0.8544153358340387,-148.13721351494542,-66.10727477236635,0.6276756676318656,0.9110167056305476,1.0,0.8940197578293687,False,False,False,False
Q0443,PRIORDAY,MIDCPNIFTY,"After the previous day was the narrowest of 7 (NR7), is MIDCPNIFTY's day range bigger today?",153,153,728,1.3960102515661927,1.2083494462890374,1.4354499537741665,-0.2271005074851291,0.062025708049906265,-0.34867089526294537,-0.10553011970731284,0.0002508473995461597,-0.1582488279916301,-0.30225354589321807,CE+PE,92.0,92.0,-1172.9347115010023,-1489.3361210650587,0.99958693140437,-1480.782256828989,liq,132.78274204420006,-194.36911005640854,0.6478318707186823,-435.564054625186,241.1949445687772,0.31885849421441664,0.0013711573958243477,1.0,0.7911684159748877,True,True,False,False
Q0444,PRIORDAY,MIDCPNIFTY,"After the previous day was an inside day, is MIDCPNIFTY more often up (close > open) today?",76,76,805,0.47559591373439275,0.4473684210526316,0.4782608695652174,-0.030892448512585824,0.059724752162665054,-0.14795296275140934,0.08616806572623768,0.6049837508527663,-0.08661800486618004,0.008717722357095559,PE,53.0,53.0,-1087.01895266209,-1255.3942148089159,0.8955215069331893,-1127.7023658759676,T25S10H60,381.9622442857274,202.07852897532084,0.23714396185331785,-130.1807952105849,332.25932418590577,0.11970475144131404,0.7853845506272606,1.0,0.512860169778761,False,False,False,False
Q0445,PRIORDAY,MIDCPNIFTY,"After the previous day was an inside day, is MIDCPNIFTY's day range bigger today?",76,76,805,1.3960102515661927,1.3580311334550879,1.399595857748111,-0.04156472429302305,0.08252630190328189,-0.20331627602345556,0.12018682743740947,0.6145043493097277,0.05114545534803572,-0.15190239001488948,CE+PE,52.0,52.0,-1727.6539272184555,-2071.2217409161326,0.999834765992875,-1480.7822568289882,T30S10H60,473.53851171640247,109.36574751923777,0.37583930289510525,-298.7570787599822,408.1228262792201,0.11883762204861664,0.7899943988545772,1.0,0.5108641250537829,False,False,False,False
Q0446,PRIORDAY,MIDCPNIFTY,"After the previous day's range was 1.5x its 20-day average, is MIDCPNIFTY more often up (close > open) today?",113,113,768,0.47559591373439275,0.5663716814159292,0.4622395833333333,0.10413209808259588,0.049999071461226875,0.006133918018591214,0.20213027814660056,0.037280343407237924,0.03262983855281071,0.16929824561403511,CE,75.0,75.0,2296.72000977993,2109.0315626438482,0.021415418204016948,-353.0798909530204,time,2296.72000977993,2109.0315626438482,0.021415418204016948,-353.0798909530204,2462.1114535968686,0.009028984916083697,0.11963095272471873,1.0,0.11492279857750887,True,False,False,False
Q0447,PRIORDAY,MIDCPNIFTY,"After the previous day's range was 1.5x its 20-day average, is MIDCPNIFTY's day range bigger today?",113,113,768,1.3960102515661927,1.8200374693246053,1.3336208302033015,0.48641663912130384,0.09765252682872283,0.2950176865370071,0.6778155917056006,6.322506845051522e-07,0.37954673452426224,0.5665334344848345,CE+PE,75.0,75.0,-282.5601629972458,-628.7712546011383,0.8242164857234462,-1480.7822568289882,T30S10H30,563.5998992919922,203.29530113293575,0.2686941455577942,-247.54737543103082,450.8426765639667,0.08568914487155385,3.998055799076698e-06,1.0,0.4388379073803139,True,True,False,False
Q0448,PRIORDAY,MIDCPNIFTY,"After 3+ up days in a row, is MIDCPNIFTY more often up (close > open) today?",200,200,681,0.47559591373439275,0.45,0.4831130690161527,-0.033113069016152685,0.040075071892321484,-0.1116602099251028,0.045434071892797426,0.40864755999441177,-0.019187683115987786,-0.04805987196056627,PE,130.0,130.0,-1027.6616232234699,-1169.7389762198734,0.989938914834261,-1127.7023658759679,T20S10H60,-293.2153842632587,-442.9802614379311,0.9990477185152898,-163.48668902150686,-279.4935724164242,0.9749372907352684,0.6366610536144821,1.0,1.0,True,False,False,False
Q0449,PRIORDAY,MIDCPNIFTY,"After 3+ up days in a row, is MIDCPNIFTY's day range bigger today?",200,200,681,1.3960102515661927,1.1021604212513207,1.4823097612034533,-0.3801493399521325,0.04941833700951911,-0.47700928049078994,-0.2832893994134751,1.4431527638388134e-14,-0.3033686779441498,-0.45128866220977226,CE+PE,128.0,128.0,-957.8906406147871,-1250.519227592621,0.999960989386946,-1480.7822568289885,T15S10H30,-158.29686284065247,-461.4441679207731,0.9999361763086893,-287.2139485080119,-174.23021941276124,0.9259781420351977,1.4320515887323608e-13,1.0,1.0,True,True,False,False
Q0450,PRIORDAY,MIDCPNIFTY,"After 3+ down days in a row, is MIDCPNIFTY more often up (close > open) today?",84,84,797,0.47559591373439275,0.4880952380952381,0.4742785445420326,0.013816693553205472,0.05736797973936853,-0.09862454673595684,0.12625793384236778,0.8096765686726972,-0.05764411027568922,0.08530748983010294,PE,46.0,46.0,-754.6955960729848,-942.4645364546086,0.7582647527118989,-1127.7023658759674,T30S10H60,384.5217232082201,185.83581915446757,0.29218093152409064,-144.90764055671326,330.743459711181,0.1651342218509103,0.9027703245506913,1.0,0.5959042525941742,False,False,False,False
Q0451,PRIORDAY,MIDCPNIFTY,"After 3+ down days in a row, is MIDCPNIFTY's day range bigger today?",84,84,797,1.3960102515661927,1.7948413660364122,1.3539753536797456,0.44086601235666656,0.08533962711843353,0.27360034320453686,0.6081316815087963,2.39134333138818e-07,0.44217823357894703,0.4392508327988687,CE+PE,46.0,46.0,293.34796480186606,-103.31106645652052,0.5681017802836272,-1480.782256828988,T30S10H60,738.6522077477497,327.8415830543974,0.19161954438133802,-298.75707875998216,626.5986618143799,0.047803667991018865,1.542416448745376e-06,1.0,0.32213408346921113,True,True,False,False
Q0496,FIRSTHOUR,MIDCPNIFTY,"When MIDCPNIFTY's first-hour range is narrow (<0.6x its 20-day average), is the move 10:15->15:09 bigger?",103,103,483,0.5502760105165605,0.36654755907151304,0.589456197884759,-0.22290863881324596,0.03996360332617339,-0.3012373013325458,-0.14457997629394614,2.4359165669806854e-08,-0.16338797238525937,-0.28225838111052354,CE+PE,100.0,100.0,-953.2797995433211,-1253.0420247773984,0.9999999817555082,-1000.0676851725746,T20S10H30,11.460012817382813,-297.97482164641247,0.9967223379018707,-448.796575904672,150.82175425825952,0.08440306401369305,1.653859142844781e-07,1.0,0.4364304879134307,True,True,False,False
Q0497,FIRSTHOUR,MIDCPNIFTY,"When MIDCPNIFTY's first-hour range is narrow (<0.6x its 20-day average), how often is it a trend day (close-open >= 70% of range)?",103,103,483,0.26621160409556316,0.18446601941747573,0.2836438923395445,-0.09917787292206878,0.04341042732871236,-0.184262310486345,-0.01409343535779256,0.022333034017119186,-0.03060591972725865,-0.1687019069923051,,,,,,,,,,,,,,,0.07958456873503798,,,True,False,False,False
Q0498,FIRSTHOUR,MIDCPNIFTY,"When MIDCPNIFTY's first-hour range is wide (>1.5x average), is the move 10:15->15:09 bigger?",85,85,501,0.5502760105165605,0.881424160564647,0.4940931906481227,0.3873309699165243,0.10326102232110826,0.18493936616715215,0.5897225736658965,0.00017613835270233717,0.5259173875191652,0.2290261832862719,CE+PE,81.0,81.0,210.07393146554628,-126.92639594577605,0.5899947507792204,-1000.0676851725746,liq,1614.666651973018,1265.2961019527077,0.04606905084604684,-344.4296095946434,1609.7257115473506,0.01606888047642904,0.0009793899783879954,1.0,0.1667778282214504,True,True,False,True
Q0499,FIRSTHOUR,MIDCPNIFTY,"When MIDCPNIFTY's first-hour range is wide (>1.5x average), how often is it a trend day (close-open >= 70% of range)?",85,85,501,0.26621160409556316,0.3176470588235294,0.25748502994011974,0.06016202888340966,0.05419031716437193,-0.04605099275875932,0.16637505052557863,0.266913339594119,-0.05403144864503176,0.22373540856031127,,,,,,,,,,,,,,,0.4904817778866289,,,False,False,False,False
Q0500,FIRSTHOUR,MIDCPNIFTY,"When MIDCPNIFTY breaks above its first-hour high (first close after 10:15), how often does it close (15:09) beyond that level?",299,299,0,0.6220735785953178,0.6220735785953178,0.5,0.12207357859531776,0.028087712652393015,0.06702166179662744,0.17712549539400807,1.385441047277735e-05,0.1466666666666666,0.09731543624161076,CE,286.0,286.0,300.62941053113735,129.3533191672625,0.3059833913405019,-94.42031602441001,time,300.62941053113735,129.3533191672625,0.3059833913405019,-94.42031602441001,223.77363519167253,0.18975365359708352,8.198252068753569e-05,1.0,0.6306706276460482,True,True,False,False
Q0501,FIRSTHOUR,MIDCPNIFTY,"When MIDCPNIFTY breaks above its first-hour high (first close after 10:15), how far does it run in the next 30 minutes (in the break direction, %)?",299,299,0,0.028522676448758232,0.028522676448758232,0.0,0.028522676448758232,0.013095603006864277,0.0028552945553042483,0.054190058342212216,0.02940346094048243,0.03732756773630778,0.019658691931090898,CE,286.0,286.0,160.97204721890964,-9.673494227997393,0.5297099959251446,-183.11378373791737,T20S20H60,239.09793627012027,66.36793008752103,0.26951898117628625,-256.3043182960939,322.67224838361494,0.0013438183131461942,0.09877725159693317,1.0,0.028369347301255985,True,False,False,False
Q0502,FIRSTHOUR,MIDCPNIFTY,"When MIDCPNIFTY breaks above its first-hour high (first close after 10:15) BEFORE 11:15, does it follow through to 15:09 more than a later break?",166,166,133,0.08982148856223626,0.05621874188802328,0.1317617588473442,-0.07554301695932092,0.06032099492839818,-0.19377216701898137,0.042686133100339516,0.21044224254927238,-0.037293202507195145,-0.11105914107140373,CE,157.0,157.0,44.44590254194418,-130.1597857643499,0.6282185511828614,-160.09037086282748,T30S20H30,221.4267696696482,44.65396965037873,0.38030903250418246,-213.3966243987321,258.05059404911077,0.03905008139083973,0.42684039762352416,1.0,0.2880973906729263,True,False,False,False
Q0503,FIRSTHOUR,MIDCPNIFTY,"When MIDCPNIFTY breaks below its first-hour low (first close after 10:15), how often does it close (15:09) beyond that level?",275,275,0,0.5490909090909091,0.5490909090909091,0.5,0.049090909090909074,0.030060163677346496,-0.009827011716690058,0.10800882989850821,0.10245037453111729,0.07246376811594202,0.025547445255474477,PE,258.0,258.0,-343.3720977413793,-510.65865379487144,0.9223571532391446,-770.5465893692136,T25S20H60,176.69769109681596,4.529285474802589,0.48728063139587596,-243.01831728889454,247.5476027636971,0.04057054721065759,0.25464543958601404,1.0,0.29451505958823904,True,False,False,False
Q0504,FIRSTHOUR,MIDCPNIFTY,"When MIDCPNIFTY breaks below its first-hour low (first close after 10:15), how far does it run in the next 30 minutes (in the break direction, %)?",275,275,0,0.03187838467684659,0.03187838467684659,0.0,0.03187838467684659,0.020368566357937164,-0.00804400538471025,0.07180077473840343,0.11756474128549096,0.07354794205098912,-0.010095330050391873,PE,258.0,258.0,57.465068018713666,-111.63049184874605,0.7306139999285167,-223.2864476621043,T25S20H60,176.69769109681596,4.529285474802589,0.48728063139587596,-243.01831728889454,247.5476027636971,0.04057054721065759,0.28222516246072066,1.0,0.29451505958823904,False,False,False,False
Q0505,FIRSTHOUR,MIDCPNIFTY,"When MIDCPNIFTY breaks below its first-hour low (first close after 10:15) BEFORE 11:15, does it follow through to 15:09 more than a later break?",168,168,107,0.03680177168412642,0.045584745350338164,0.02301168218951359,0.022573063160824573,0.08778404446327918,-0.14948366398720261,0.19462979030885177,0.797068290734944,0.02621796802257524,0.0222551903573636,PE,160.0,160.0,-454.35002291668206,-622.083067552566,0.9104562964411648,-826.5756673404692,T15S10H30,125.36247324943542,-48.8550423074783,0.6678424482216437,-235.35401768417123,186.49897537669295,0.048865175190326064,0.8967170849693888,1.0,0.32586809498086716,True,False,False,False
Q0540,TREND,MIDCPNIFTY,"If at 11:15 MIDCPNIFTY is up more than 0.5% and near its high (top 20% of the range), how often does it rise further to 15:09?",71,71,515,0.5477815699658704,0.6197183098591549,0.537864077669903,0.08185423218925192,0.061712340452233845,-0.03910195509712641,0.20281041947563025,0.1847126902409726,0.1520215633423181,0.04613953488372091,CE,69.0,69.0,142.4348715077276,-43.48158764855649,0.5288487199044322,-219.90585325579906,time,142.4348715077276,-43.48158764855649,0.5288487199044322,-219.90585325579906,176.42426560724272,0.3845079205944044,0.390235881545013,1.0,0.8450568766484648,True,False,False,False
Q0541,TREND,MIDCPNIFTY,"If at 11:15 MIDCPNIFTY is down more than 0.5% and near its low (bottom 20%), how often does it fall further to 15:09?",85,85,501,0.4522184300341297,0.5411764705882353,0.437125748502994,0.10405072208524124,0.05846515104555795,-0.010540973964052347,0.21864241813453483,0.07512425051920325,0.1358803986710963,0.07086419753086426,PE,81.0,81.0,150.0740708189982,-28.324942062110203,0.5144024365881977,-679.6105321240411,liq,982.8147577356409,799.3205069956911,0.09299151393592868,-181.94477654587897,981.2652835415699,0.05223038211620027,0.20488431959782705,1.0,0.338070115671967,True,False,False,False
Q0542,TREND,MIDCPNIFTY,"If at 11:15 MIDCPNIFTY is up more than 1.0% and near its high (top 20% of the range), how often does it rise further to 15:09?",31,31,555,0.5477815699658704,0.8064516129032258,0.5333333333333333,0.27311827956989243,0.07411409923534465,0.1278546450686169,0.418381914071168,0.00022860786705658983,0.3452611218568665,0.24816849816849818,CE,31.0,31.0,1766.1290248747796,1552.9595116182334,0.052690932144795505,-219.9058532557991,time,1766.1290248747796,1552.9595116182334,0.052690932144795505,-219.9058532557991,1772.8653648740326,0.03225746720803645,0.0012602741389017133,1.0,0.2579207467822462,True,True,False,False
Q0543,TREND,MIDCPNIFTY,"If at 11:15 MIDCPNIFTY is down more than 1.0% and near its low (bottom 20%), how often does it fall further to 15:09?",45,45,541,0.4522184300341297,0.4888888888888889,0.4491682070240296,0.039720681864859275,0.07759134569805187,-0.1123583557033224,0.19179971943304094,0.6087059161488539,0.08122743682310468,0.001698014629049116,CE,44.0,44.0,-332.18183690851384,-541.962730694141,0.6965274404774935,-219.90585325579906,T20S15H60,242.86367589777166,25.698681807276277,0.46693900455718446,-259.6575304772703,285.3562122845467,0.17845837755008614,0.7883841685060458,1.0,0.6145857023330217,True,False,False,False
Q0544,TREND,MIDCPNIFTY,"If at 12:30 MIDCPNIFTY is up more than 0.5% and near its high (top 20% of the range), how often does it rise further to 15:09?",76,76,510,0.5409556313993175,0.6710526315789473,0.5215686274509804,0.14948400412796692,0.05830584905077446,0.03520453998844898,0.26376346826748487,0.010353590403471988,0.04621848739495804,0.24416619237336368,CE,75.0,75.0,503.76024589538576,325.4358308263887,0.2033101457696281,-35.63101650971481,time,503.76024589538576,325.4358308263887,0.2033101457696281,-35.63101650971481,361.0668473361034,0.1785997953658346,0.04200041390087693,1.0,0.6148350070659975,True,True,False,False
Q0545,TREND,MIDCPNIFTY,"If at 12:30 MIDCPNIFTY is down more than 0.5% and near its low (bottom 20%), how often does it fall further to 15:09?",85,85,501,0.4590443686006826,0.4823529411764706,0.4550898203592814,0.02726312081718918,0.05863750014206528,-0.08766637946125877,0.14219262109563713,0.6419719636104301,0.01463759337775089,0.03186058792466112,CE,82.0,82.0,-27.219575207407882,-211.0585115914485,0.6509410509042507,-35.63101650971481,liq,120.877912567883,-64.95528533884674,0.5767643833467069,-216.54267237311296,151.58738703426616,0.3256844707711673,0.8083137570881768,1.0,0.7988596396431025,True,False,False,False
Q0546,TREND,MIDCPNIFTY,"If at 12:30 MIDCPNIFTY is up more than 1.0% and near its high (top 20% of the range), how often does it rise further to 15:09?",30,30,556,0.5409556313993175,0.8,0.5269784172661871,0.27302158273381294,0.07610221910458446,0.1238612332888274,0.4221819321787985,0.00033378180077097834,0.33462897526501767,0.26282051282051283,CE,30.0,30.0,1243.0001907348633,1032.6388690240033,0.07099812919002726,-35.6310165097148,time,1243.0001907348633,1032.6388690240033,0.07099812919002726,-35.6310165097148,1068.2698855337178,0.06437314675491126,0.0017792500950188515,1.0,0.37747497878561265,True,True,False,False
Q0547,TREND,MIDCPNIFTY,"If at 12:30 MIDCPNIFTY is down more than 1.0% and near its low (bottom 20%), how often does it fall further to 15:09?",49,49,537,0.4590443686006826,0.46938775510204084,0.4581005586592179,0.011287196442822944,0.07452969369936027,-0.1347910032079232,0.1573653960935691,0.8796241967138438,-0.03462157809983896,0.04782483434168827,CE,47.0,47.0,203.3616031484401,12.077416125132642,0.494490575342786,-35.631016509714804,time,203.3616031484401,12.077416125132642,0.494490575342786,-35.631016509714804,47.7084326348474,0.4782466678714784,0.9426497944612879,1.0,0.8450568766484648,False,False,False,False
Q0598,STREAK,MIDCPNIFTY,"After 3+ green 5-minute candles in a row at 09:20-11:00, is MIDCPNIFTY up over the next 15 minutes more often?",1246,451,10474,0.5093856655290102,0.47752808988764045,0.513175482146267,-0.03564739225862651,0.018184321820828957,-0.07128866302745127,-6.121489801752533e-06,0.04995645667199789,-0.056637503653055865,-0.013416783186600278,CE,1167.0,434.0,-28.868885677700483,-201.27139446449905,0.9942979212851247,-208.9249235906023,liq,161.02312700913927,-13.819893803611471,0.5339327848178403,-236.16976180543895,222.34986800182747,0.08472828842617591,0.14952164525957604,1.0,0.43679350079270407,True,False,False,False
Q0599,STREAK,MIDCPNIFTY,"After 3+ red 5-minute candles in a row at 09:20-11:00, is MIDCPNIFTY up over the next 15 minutes more often?",1115,423,10605,0.5093856655290102,0.5094170403587444,0.5093823668081093,3.467355063502264e-05,0.017509094219166327,-0.034283151118930974,0.03435249822020102,0.9984199369601191,0.025642812887236688,-0.01807482198696453,PE,1054.0,403.0,56.9032177934158,-114.5251186648873,0.8801318231511701,-197.0751040769298,time,56.9032177934158,-114.5251186648873,0.8801318231511701,-197.0751040769298,82.54998541204253,0.19840922404382239,0.9991945063448825,1.0,0.6463185880382623,False,False,False,False
Q0600,STREAK,MIDCPNIFTY,"After 5+ green 5-minute candles in a row at 09:20-11:00, is MIDCPNIFTY up over the next 15 minutes more often?",242,140,11478,0.5093856655290102,0.4669421487603306,0.5102805366788639,-0.04333838791853328,0.03590961567227356,-0.11372123463618947,0.0270444587991229,0.22748060323360658,-0.04834699930216324,-0.038568401511959505,CE,223.0,130.0,-116.15243886083765,-299.0077409970881,0.9208638854472322,-223.93543996811746,liq,366.1345227844512,179.39093157051704,0.3244120332110172,-235.81691820390228,415.2078497744192,0.14552608024742103,0.45156876762821474,1.0,0.561722093074982,True,False,False,False
Q0601,STREAK,MIDCPNIFTY,"After 5+ red 5-minute candles in a row at 09:20-11:00, is MIDCPNIFTY up over the next 15 minutes more often?",223,114,11497,0.5093856655290102,0.5291479820627802,0.5090023484387232,0.02014563362405708,0.03433846455646088,-0.047157756906606244,0.0874490241547204,0.5574197528353277,0.005148180497738464,0.03096761701029027,PE,208.0,110.0,-83.04811752759494,-274.06322392884437,0.9294896693425221,-190.51357752599597,time,-83.04811752759494,-274.06322392884437,0.9294896693425221,-190.51357752599597,-83.54964640284841,0.6727572653199851,0.7593151860164443,1.0,0.9182885119618382,True,False,False,False
Q0602,STREAK,MIDCPNIFTY,"After 3+ green 5-minute candles in a row at 11:00-13:00, is MIDCPNIFTY up over the next 15 minutes more often?",1645,498,12419,0.5083191126279863,0.470516717325228,0.5133263547789677,-0.042809637453739724,0.014733630257854506,-0.07168755275913455,-0.013931722148344892,0.0036658139249388746,-0.04226532614769246,-0.0428158440255223,PE,1567.0,482.0,48.56285148771538,-110.26362343141362,0.9994344748127728,-150.83788900216095,time,48.56285148771538,-110.26362343141362,0.9994344748127728,-150.83788900216095,40.574265570747365,0.11544105399609125,0.01636297565111124,1.0,0.5041956242787016,True,True,False,False
Q0603,STREAK,MIDCPNIFTY,"After 3+ red 5-minute candles in a row at 11:00-13:00, is MIDCPNIFTY up over the next 15 minutes more often?",1549,488,12515,0.5083191126279863,0.5261459005810201,0.5061126648022373,0.0200332357787828,0.016234440144709632,-0.011786266904848082,0.05185273846241368,0.2172043585472155,0.005139920790529606,0.03495683457054777,PE,1454.0,473.0,76.96011102511106,-90.21716714989806,0.9014596723229099,-149.6201118591171,T20S20H30,86.73589669690664,-81.56539178920917,0.906208890983606,-166.31687574515306,84.7514839559439,0.08522530373410045,0.4355196517669288,1.0,0.4380879648086216,True,False,False,False
Q0604,STREAK,MIDCPNIFTY,"After 5+ green 5-minute candles in a row at 11:00-13:00, is MIDCPNIFTY up over the next 15 minutes more often?",346,177,13718,0.5083191126279863,0.4508670520231214,0.5097681877824756,-0.058901135759354184,0.03130047521149858,-0.12025006717389139,0.0024477956551830285,0.059863603233254056,-0.03863219435252968,-0.07808687811604964,PE,323.0,166.0,35.72135570986721,-129.98480254635726,0.9658491512953538,-151.395434818885,T15S20H15,116.84210101148292,-49.63690468364715,0.7356630734893358,-158.43557315758727,108.7986684739401,0.084097054695231,0.17168212888142337,1.0,0.4358601684984066,True,False,False,False
Q0605,STREAK,MIDCPNIFTY,"After 5+ red 5-minute candles in a row at 11:00-13:00, is MIDCPNIFTY up over the next 15 minutes more often?",336,174,13728,0.5083191126279863,0.5208333333333334,0.5080128205128205,0.012820512820512886,0.031213179569767806,-0.048357319136232015,0.07399834477725778,0.6812629242012005,-0.02344118752379376,0.05235251881876085,PE,294.0,165.0,153.20402340013155,-18.995234801882763,0.5348371859673366,-151.70377539019157,T20S20H30,173.12242274381677,-0.5142071455304709,0.5012636428705213,-167.60952370676225,167.09531656123178,0.15111473640198786,0.8370619106612183,1.0,0.5726723877126388,False,False,False,False
Q0606,STREAK,MIDCPNIFTY,"After 3+ green 5-minute candles in a row at 13:00-14:55, is MIDCPNIFTY up over the next 15 minutes more often?",1727,505,12337,0.5270904436860068,0.5020266357845976,0.5305990111048067,-0.028572375320209065,0.015591747927048502,-0.059132201257224126,0.001987450616805997,0.06687221485961185,-0.0566860465116279,-0.0003665641400099062,CE,1637.0,491.0,-23.959688368408724,-198.9773091202012,0.999998960692508,-148.92854271975492,T30S20H60,93.35369807448996,-83.9843905845346,0.8475352038949848,-99.9223074667394,15.937916882204789,0.4221616990698459,0.18545444869681565,1.0,0.8450568766484648,True,False,False,False
Q0607,STREAK,MIDCPNIFTY,"After 3+ red 5-minute candles in a row at 13:00-14:55, is MIDCPNIFTY up over the next 15 minutes more often?",1505,490,12559,0.5270904436860068,0.5495016611295681,0.5244048093001035,0.02509685182946464,0.016196054413753443,-0.006647414821492108,0.056841118480421386,0.12124576963791506,0.050719986347844914,0.011716878131832198,CE,1428.0,474.0,-2.3487351321372665,-177.03010659106036,0.9999810308345303,-147.03540974747352,liq,67.02099191040551,-108.90212332426647,0.9253302773843254,-96.93792368531751,-11.964199638948951,0.5628395987153358,0.2880424361563728,1.0,0.8629417791944205,True,False,False,False
Q0608,STREAK,MIDCPNIFTY,"After 5+ green 5-minute candles in a row at 13:00-14:55, is MIDCPNIFTY up over the next 15 minutes more often?",418,203,13646,0.5270904436860068,0.4880382775119617,0.528286677414627,-0.040248399902665266,0.030648585992915766,-0.10031962844878017,0.019822828643449635,0.18910812525377238,-0.08313608307728493,0.0002045912371999581,PE,394.0,195.0,29.13197333437537,-134.68472198085695,0.9516351650845681,-216.8271447294134,time,29.13197333437537,-134.68472198085695,0.9516351650845681,-216.8271447294134,82.14242274855643,0.15386605576470908,0.39602188567754276,1.0,0.5763844896767469,False,False,False,False
Q0609,STREAK,MIDCPNIFTY,"After 5+ red 5-minute candles in a row at 13:00-14:55, is MIDCPNIFTY up over the next 15 minutes more often?",315,158,13749,0.5270904436860068,0.5142857142857142,0.5273838097316168,-0.013098095445902569,0.034530124461596555,-0.08077713939063182,0.05458094849882668,0.7044474835781245,0.0262119245243434,-0.018730438184663523,CE,299.0,151.0,-33.09033613938551,-227.1986826729159,0.9865704960238015,-144.05083349992262,T15S20H15,15.973181453436911,-179.62655691678822,0.9692325185994861,-157.425726634451,-22.20083028233724,0.5912277675998777,0.8469126317015663,1.0,0.8756914926758621,False,False,False,False
Q0610,STREAK,MIDCPNIFTY,"After 3+ green 15-minute candles in a row, is MIDCPNIFTY up over the next 30 minutes more often?",4470,561,35378,0.5177926119253162,0.5275167785234899,0.5165639663067443,0.0109528122167456,0.011157540759684014,-0.010915967672235068,0.03282159210572627,0.3262717612436433,0.005560174603588597,0.014121408036763539,CE,4252.0,547.0,70.91065029406032,-96.38324551542861,0.9654299051147325,-185.90468004373415,time,70.91065029406032,-96.38324551542861,0.9654299051147325,-185.90468004373415,89.52143452830556,0.044914344273577475,0.5578632373903624,1.0,0.31058573130601036,True,False,False,False
Q0611,STREAK,MIDCPNIFTY,"After 3+ red 15-minute candles in a row, is MIDCPNIFTY up over the next 30 minutes more often?",3806,552,36042,0.5177926119253162,0.5160273252758802,0.51797902447145,-0.0019516991955697005,0.012173698197095606,-0.02581214766187709,0.021908749270737687,0.8726282348967931,0.0023170021935037255,-0.0017345771108246977,PE,3597.0,540.0,-0.8573841531640595,-165.3730984848983,0.9952672430205415,-228.7570089134563,T30S15H60,66.66721964797146,-101.26428384294904,0.9508669450288331,-232.61478868434938,131.35050484140032,0.01611486736641421,0.9425683087986552,1.0,0.16709935576964452,False,False,False,False
Q0674,MOMREV,MIDCPNIFTY,"After a big rise (>1.5 sd) of MIDCPNIFTY over the last 5 minutes, is the next 15 minutes up more often (momentum vs reversal)?",2265,523,37583,0.5152579803252358,0.48300220750551875,0.517201926402895,-0.03419971889737622,0.011452708389548682,-0.05664702734089164,-0.011752410453860801,0.0028249678744423972,-0.046784659547365326,-0.02154037521536195,PE,2143.0,509.0,54.94911524218151,-109.48842219314754,0.9803789374809555,-187.86428325240826,time,54.94911524218151,-109.48842219314754,0.9803789374809555,-187.86428325240826,78.37586105926074,0.07027011498141378,0.01287706204251128,1.0,0.3972014012961345,True,True,False,False
Q0675,MOMREV,MIDCPNIFTY,"After a big fall (<-1.5 sd) of MIDCPNIFTY over the last 5 minutes, is the next 15 minutes up more often (momentum vs reversal)?",2554,524,37294,0.5152579803252358,0.5313234142521535,0.5141577733683702,0.01716564088378325,0.010510455094096862,-0.003434851100646598,0.0377661328682131,0.10242762763991711,0.03190763350877324,0.0044805574505408785,PE,2424.0,512.0,-27.205418836657362,-194.33655871359466,0.9890995283336637,-191.3252429495752,T30S20H60,12.428232885823391,-157.8121254244223,0.9895059462650267,-233.75381846547265,75.9416930410503,0.1339051176220455,0.25464543958601404,1.0,0.5385225138536588,True,False,False,False
Q0676,MOMREV,MIDCPNIFTY,"After a big rise (>1.5 sd) of MIDCPNIFTY over the last 5 minutes, is the next 60 minutes up more often (momentum vs reversal)?",2265,523,37583,0.5239660710700662,0.5236203090507726,0.5239869089748025,-0.0003665999240298756,0.012841152561511856,-0.025535258944593114,0.024802059096533362,0.9772244205314515,-0.018118648211893906,0.01759122897706028,CE,2145.0,509.0,-15.104886143774419,-193.02383269776598,0.9215748332740936,-252.06685492513265,time,-15.104886143774419,-193.02383269776598,0.9215748332740936,-252.06685492513265,59.04302222736668,0.3325544799745007,0.9928871091764864,1.0,0.8056116572054353,False,False,False,False
Q0677,MOMREV,MIDCPNIFTY,"After a big fall (<-1.5 sd) of MIDCPNIFTY over the last 5 minutes, is the next 60 minutes up more often (momentum vs reversal)?",2554,524,37294,0.5239660710700662,0.5176194205168363,0.5244007078886684,-0.006781287371832145,0.012576130779000884,-0.03143050369867388,0.017867928955009587,0.589735822493897,0.014768183522211764,-0.025080563947633472,PE,2424.0,512.0,-41.82422867026364,-208.88939231811656,0.9247524622924548,-264.5800456242366,T30S20H60,12.428232885823391,-157.8121254244223,0.9895059462650267,-233.75381846547265,75.9416930410503,0.1339051176220455,0.7764493828346118,1.0,0.5385225138536588,False,False,False,False
Q0678,MOMREV,MIDCPNIFTY,"After a big rise (>1.5 sd) of MIDCPNIFTY over the last 15 minutes, is the next 15 minutes up more often (momentum vs reversal)?",2319,456,37529,0.5152579803252358,0.5028029322984044,0.5160276053185536,-0.01322467302014918,0.013537895317940356,-0.03975894784331228,0.013309601803013917,0.3286368357229846,-0.018972681942284075,-0.008318739703662648,CE,2179.0,446.0,-3.689763367641076,-180.61428388099375,0.9964236580670447,-201.10999208002184,liq,120.13215946024194,-59.29948607567052,0.6674170034049383,-219.39287837789877,160.09339230222824,0.1207742714139324,0.5582562569516923,1.0,0.5152110106983615,True,False,False,False
Q0679,MOMREV,MIDCPNIFTY,"After a big fall (<-1.5 sd) of MIDCPNIFTY over the last 15 minutes, is the next 15 minutes up more often (momentum vs reversal)?",2661,453,37187,0.5152579803252358,0.5287485907553551,0.5142926291445935,0.01445596161076157,0.012550172634735112,-0.010142376753319249,0.03905429997484239,0.24938123524781441,0.01221613606706795,0.017322193921626594,PE,2506.0,440.0,-34.02232769528866,-203.5279273331137,0.9759483769256774,-189.4443712539817,T20S15H60,17.40622992907537,-156.04345192768383,0.9903442894189908,-231.45284960660504,75.40939767892122,0.1293814553218472,0.47170350948633516,1.0,0.5303266856414526,True,False,False,False
Q0680,MOMREV,MIDCPNIFTY,"After a big rise (>1.5 sd) of MIDCPNIFTY over the last 15 minutes, is the next 60 minutes up more often (momentum vs reversal)?",2319,456,37529,0.5239660710700662,0.5329883570504528,0.5234085640438061,0.009579793006646686,0.016235429220231284,-0.02224164826500663,0.0414012342783,0.5551539080423784,-0.021944782167469423,0.04146614629570111,CE,2179.0,446.0,116.32123661771615,-61.14513600217604,0.634278526767452,-248.80328854080065,liq,120.13215946024194,-59.29948607567052,0.6674170034049383,-219.39287837789877,160.09339230222824,0.1207742714139324,0.7575533151096059,1.0,0.5152110106983615,False,False,False,False
Q0681,MOMREV,MIDCPNIFTY,"After a big fall (<-1.5 sd) of MIDCPNIFTY over the last 15 minutes, is the next 60 minutes up more often (momentum vs reversal)?",2661,453,37187,0.5239660710700662,0.5167230364524614,0.5244843628149622,-0.00776132636250082,0.014712291075655347,-0.0365974168707853,0.02107476414578366,0.597818442374985,-0.00017794103608170797,-0.013782162149961918,PE,2506.0,440.0,-52.85794501864044,-222.27862215603764,0.9099414734754628,-268.1503825881502,T20S15H60,17.40622992907537,-156.04345192768383,0.9903442894189908,-231.45284960660504,75.40939767892122,0.1293814553218472,0.7813432529521082,1.0,0.5303266856414526,True,False,False,False
Q0682,MOMREV,MIDCPNIFTY,"After a big rise (>1.5 sd) of MIDCPNIFTY over the last 30 minutes, is the next 15 minutes up more often (momentum vs reversal)?",2504,429,37344,0.5152579803252358,0.5191693290734825,0.5149957155098543,0.004173613563628109,0.01337221214100287,-0.022035922232737516,0.030383149359993734,0.7549562204466458,-0.004765807720641058,0.01231686263973475,CE,2365.0,420.0,39.29808251852717,-140.17724483963823,0.9830579639247952,-204.57980692963977,liq,118.48538708031556,-63.09561025157368,0.6835566380633087,-218.446952593974,155.35134234240036,0.11859559868969252,0.8688790497238683,1.0,0.5106161457795502,False,False,False,False
Q0683,MOMREV,MIDCPNIFTY,"After a big fall (<-1.5 sd) of MIDCPNIFTY over the last 30 minutes, is the next 15 minutes up more often (momentum vs reversal)?",3052,415,36796,0.5152579803252358,0.508519003931848,0.515816936623546,-0.007297932691697984,0.011783483108542596,-0.03039355958444147,0.015797694201045504,0.5356951786868955,-0.020093548330373356,0.005707443469078588,PE,2869.0,400.0,48.481019781873215,-124.12300880849638,0.9357148774646808,-188.87171548747312,time,48.481019781873215,-124.12300880849638,0.9357148774646808,-188.87171548747312,64.74870667897673,0.21409171373852662,0.7375099044888958,1.0,0.6722525880089191,False,False,False,False
Q0684,MOMREV,MIDCPNIFTY,"After a big rise (>1.5 sd) of MIDCPNIFTY over the last 30 minutes, is the next 60 minutes up more often (momentum vs reversal)?",2504,429,37344,0.5239660710700662,0.5391373801916933,0.5229488003427593,0.01618857984893407,0.018354936463324614,-0.01978709561918217,0.05216425531705031,0.3777907757371773,-0.0019171396825711229,0.03327705212881804,CE,2365.0,420.0,104.19449491631909,-75.57396431745643,0.6625327835025518,-239.03501385368938,liq,118.48538708031556,-63.09561025157368,0.6835566380633087,-218.446952593974,155.35134234240036,0.11859559868969252,0.6052468907070739,1.0,0.5106161457795502,False,False,False,False
Q0685,MOMREV,MIDCPNIFTY,"After a big fall (<-1.5 sd) of MIDCPNIFTY over the last 30 minutes, is the next 60 minutes up more often (momentum vs reversal)?",3052,415,36796,0.5239660710700662,0.5245740498034076,0.5239156430046744,0.000658406798733191,0.015862416455863088,-0.03043192945475846,0.031748743052224845,0.9668914371188061,-0.003605362030866255,0.006215600604297988,PE,2869.0,400.0,-77.92889733920534,-249.96225624250005,0.9419316606794985,-265.7432726577179,T30S10H15,42.81142989032648,-134.1090052905224,0.9952483670489817,-192.38362303522584,58.274617744703505,0.12972238343801326,0.9906989308048132,1.0,0.530776857172086,False,False,False,False
Q0686,MOMREV,MIDCPNIFTY,"After a big rise (>1.5 sd) of MIDCPNIFTY over the last 60 minutes, is the next 15 minutes up more often (momentum vs reversal)?",2857,366,36991,0.5152579803252358,0.5029751487574379,0.5162066448595605,-0.013231496102122597,0.013869284902789877,-0.04041529451159076,0.013952302307345562,0.3400764049032643,-0.025161338663196697,-0.0019928558427745324,CE,2715.0,351.0,-0.5480796842943898,-172.27837804443374,0.998965539264748,-199.00047543600226,liq,17.47401832875626,-155.88254158876,0.9062433598692602,-189.23179175502574,33.34925016626576,0.38879128509564786,0.5667940081721072,1.0,0.8450568766484648,True,False,False,False
Q0687,MOMREV,MIDCPNIFTY,"After a big fall (<-1.5 sd) of MIDCPNIFTY over the last 60 minutes, is the next 15 minutes up more often (momentum vs reversal)?",3537,333,36311,0.5152579803252358,0.5238903025162567,0.5144171187794332,0.009473183736823487,0.011524545876638925,-0.013114926181388806,0.03206129365503578,0.4110765499164955,0.005144863915715447,0.01467449154526479,PE,3328.0,327.0,6.7013333877548575,-161.80263323979864,0.9893388250482852,-186.7675873744806,T30S10H15,28.492796226189686,-144.1696449347487,0.9988338396976887,-191.035150283158,46.8655053484093,0.16078409944843075,0.6383414374839329,1.0,0.5890209918096461,True,False,False,False
Q0688,MOMREV,MIDCPNIFTY,"After a big rise (>1.5 sd) of MIDCPNIFTY over the last 60 minutes, is the next 60 minutes up more often (momentum vs reversal)?",2857,366,36991,0.5239660710700662,0.5348267413370669,0.5231272471682301,0.011699494168836755,0.020614844401756312,-0.028705600858605615,0.052104589196279125,0.5703557474590543,0.009122469653735421,0.010532435062616696,CE,2715.0,351.0,32.75578143385892,-139.12494676593084,0.8001260351040047,-217.72918162683516,time,32.75578143385892,-139.12494676593084,0.8001260351040047,-217.72918162683516,78.60423486090434,0.31702508572940846,0.7696222952114854,1.0,0.7893171999449182,True,False,False,False
Q0689,MOMREV,MIDCPNIFTY,"After a big fall (<-1.5 sd) of MIDCPNIFTY over the last 60 minutes, is the next 60 minutes up more often (momentum vs reversal)?",3537,333,36311,0.5239660710700662,0.5202148713599095,0.5243314698025392,-0.004116598442629682,0.017486743399715583,-0.03839061550607222,0.030157418620812858,0.8138885645650739,0.015122914837576773,-0.02008841377243409,PE,3328.0,327.0,-51.25239427662633,-219.49471742424345,0.8942396347919648,-268.2858570412324,T30S10H15,28.492796226189686,-144.1696449347487,0.9988338396976887,-191.035150283158,46.8655053484093,0.16078409944843075,0.9027703245506913,1.0,0.5890209918096461,False,False,False,False
Q0754,VIX,MIDCPNIFTY,"When India VIX closed below 13 yesterday, is MIDCPNIFTY's day range bigger?",253,253,333,1.402987204110663,1.084702682942741,1.6448069754484538,-0.5601042925057127,0.061864672460601344,-0.6813590505284913,-0.43884953448293407,1.382019627102101e-19,-0.6442706037563752,-0.41600580579512325,CE+PE,219.0,219.0,-967.616435530251,-1248.3903977785703,0.9999999817104267,-1480.7822568289887,T30S10H30,141.23285790012307,-151.5983550716613,0.864762878847961,-247.54737543103087,95.9490203593696,0.2427590141866381,1.8191891009813367e-18,1.0,0.7071144996257971,True,True,False,False
Q0755,VIX,MIDCPNIFTY,"When India VIX closed below 13 yesterday, is MIDCPNIFTY more often up (close > open)?",253,253,333,0.4761092150170648,0.4901185770750988,0.46546546546546547,0.02465311160963335,0.041688023526451734,-0.05705541450221205,0.10636163772147875,0.5542714900513719,0.1029776674937965,-0.09039644565960359,PE,223.0,223.0,-685.9103001406909,-822.0334116111469,0.9852844091603927,-1127.7023658759679,T30S10H15,-18.64575715342979,-161.09781683328058,0.9127791395378457,-118.64357916707006,-42.45423766621045,0.6397883342622718,0.7574260828032519,1.0,0.9005384579404248,False,False,False,False
Q0756,VIX,MIDCPNIFTY,"When India VIX closed 13-16 yesterday, is MIDCPNIFTY's day range bigger?",247,247,339,1.402987204110663,1.5761269964428566,1.2768352020279143,0.29929179441494225,0.07023208997819572,0.16163689805767864,0.4369466907722058,2.030885616566152e-05,0.3384362603268076,0.19428536999215562,CE+PE,241.0,241.0,-1036.2324280387634,-1386.662120208917,0.9999880644912834,-1480.7822568289887,liq,324.47302315739677,-38.71818132590052,0.5373969170417068,-435.56405462518586,396.84587329928524,0.16797188332650065,0.00011801092096262775,1.0,0.6002740422853615,True,True,False,False
Q0757,VIX,MIDCPNIFTY,"When India VIX closed 13-16 yesterday, is MIDCPNIFTY more often up (close > open)?",247,247,339,0.4761092150170648,0.4574898785425101,0.4896755162241888,-0.0321856376816787,0.04177266977791545,-0.11406007044639299,0.049688795083035586,0.4410062562311751,-0.12090859332238646,0.05760584488572501,PE,243.0,243.0,-849.506240133886,-1020.610169095057,0.9747478787215224,-1127.702365875968,liq,60.02465801474489,-118.66581088991673,0.6387935541133063,-271.4566923846514,152.79088149473463,0.32369462739057164,0.6692918476920188,1.0,0.7965996532832237,False,False,False,False
Q0758,VIX,MIDCPNIFTY,"When India VIX closed 16-20 yesterday, is MIDCPNIFTY's day range bigger?",60,60,526,1.402987204110663,1.7153366764386495,1.367357986734847,0.3479786897038024,0.10004277432206393,0.15189485203255712,0.5440625273750477,0.0005046065716384654,0.5833788797795345,0.18583571098237472,CE+PE,57.0,57.0,-1583.0524397210072,-2020.851639225238,0.9982309491567647,-1480.7822568289885,T30S10H60,460.2105231034128,-2.509586140041217,0.5029476850317984,-298.7570787599823,296.24749261994117,0.191543365332531,0.0026353946453992728,1.0,0.6342435181003421,True,True,False,False
Q0759,VIX,MIDCPNIFTY,"When India VIX closed 16-20 yesterday, is MIDCPNIFTY more often up (close > open)?",60,60,526,0.4761092150170648,0.5,0.47338403041825095,0.026615969581749055,0.06818018560560132,-0.10701719420522954,0.16024913336872765,0.6962578657819302,0.11079136690647479,0.01102150537634411,PE,58.0,58.0,-1405.344522230584,-1619.7501360747979,0.9307843351063834,-1127.7023658759679,T30S10H60,537.413769426017,306.87215721982943,0.15927029004920218,-144.90764055671332,451.77979777654275,0.07098813503980844,0.8436477427889669,1.0,0.3996874313695207,True,False,False,False
Q0760,VIX,MIDCPNIFTY,"When India VIX closed 20 or more yesterday, is MIDCPNIFTY's day range bigger?",23,23,563,1.402987204110663,2.151662235674651,1.372401900867374,0.7792603348072769,0.46715919737832823,-0.13637169205424648,1.6948923616688,0.09529924315971382,0.9610959034049984,0.540005080870815,,,,,,,,,,,,,,,0.24247736425252628,,,True,False,False,False
Q0761,VIX,MIDCPNIFTY,"When India VIX closed 20 or more yesterday, is MIDCPNIFTY more often up (close > open)?",23,23,563,0.4761092150170648,0.4782608695652174,0.47602131438721135,0.0022395551780060585,0.10635482564395367,-0.20621590308414312,0.21069501344015523,0.9831998741845241,-0.060694945848375426,0.11688311688311687,,,,,,,,,,,,,,,0.9947669315278714,,,False,False,False,False
Q0762,VIX,MIDCPNIFTY,"When India VIX rose more than 5% yesterday, is MIDCPNIFTY more often up today?",68,68,518,0.4761092150170648,0.5,0.47297297297297297,0.02702702702702703,0.06453520799893683,-0.09946198065088915,0.1535160347049432,0.6753659072982399,0.03750540423692178,0.01281130268199232,PE,64.0,64.0,-527.437576171942,-696.4184553635639,0.7462109091643376,-1127.7023658759679,liq,569.906165599823,392.3349811357007,0.30437639826222,-271.4566923846514,663.7916735203521,0.19324318925854972,0.8329082413142729,1.0,0.6374076934393994,True,False,False,False
Q0763,VIX,MIDCPNIFTY,"When India VIX fell more than 5% yesterday, is MIDCPNIFTY more often up today?",52,52,534,0.4761092150170648,0.5384615384615384,0.4700374531835206,0.06842408527801785,0.07248927566904231,-0.07365489503330508,0.2105030655893408,0.345210473167214,0.10763018657755496,0.024776119402985075,PE,49.0,49.0,-3009.7959174185385,-3158.311380315907,0.9999585909054634,-1127.7023658759679,T30S10H15,236.08153362663424,68.54807347628304,0.40372451229078116,-118.64357916707003,187.19165264335317,0.2528500636917732,0.5709250133150078,1.0,0.7206309722066678,True,False,False,False
Q0764,VIX,MIDCPNIFTY,"When India VIX is up more than 3% at 10:15, is MIDCPNIFTY more often up 10:15->15:09?",137,137,449,0.5392491467576792,0.5109489051094891,0.5478841870824054,-0.03693528197291629,0.0487820622578228,-0.13254812399824897,0.058677560052416394,0.4489606949719513,-0.05172197083961794,-0.02300944669365723,CE,132.0,132.0,193.49996307018128,31.25633893318616,0.47987914990388764,-88.6185072402753,liq,304.63641079989344,139.89210325441206,0.3362824919490435,-16.29116680794408,156.1832700623561,0.31851769431338156,0.6742250250451888,1.0,0.790675215090617,True,False,False,False
Q0765,VIX,MIDCPNIFTY,"When India VIX is down more than 3% at 10:15, is MIDCPNIFTY more often up 10:15->15:09?",54,54,532,0.5392491467576792,0.6111111111111112,0.5319548872180451,0.07915622389306609,0.06983791566081138,-0.05772609080212421,0.2160385385882564,0.257034712536521,0.13938275746393824,0.041427203065134144,CE,54.0,54.0,737.5556657628881,560.4030110471789,0.26312016154034445,-88.61850724027528,liq,898.0001407199436,718.505500193612,0.13079882343247157,-16.291166807944087,734.7966670015559,0.12546839115730957,0.47875147205774315,1.0,0.5243370806589039,True,False,False,False
Q0766,VIX,MIDCPNIFTY,"When India VIX is up more than 5% intraday, does MIDCPNIFTY fall more over the next 60 minutes (mean move, bps)?",4437,146,35411,0.08821251219569667,-0.7138046344604905,0.18870529917470044,-0.9025099336351909,2.522197924754282,-5.846017866153583,4.040997998883202,0.7204729565967871,-1.0292810237753711,-0.876988438122571,PE,4336.0,143.0,-12.812259117058888,-155.95721512278703,0.8030476299238245,-289.4247172042851,T25S15H15,30.440031663957996,-114.3906484208076,0.9929421888958072,-190.12485148451768,75.73420306371007,0.052201859164905634,0.8565991834192216,1.0,0.338070115671967,True,False,False,False
Q0767,VIX,MIDCPNIFTY,"When India VIX is down more than 3% intraday, does MIDCPNIFTY fall more over the next 60 minutes (mean move, bps)?",5013,153,34835,0.08821251219569667,3.4685075898002107,-0.3982355780592604,3.8667431678594713,1.819753004833798,0.30002727838522736,7.433459057333716,0.03359725084591878,6.796996841702828,1.5213119328177345,CE,4852.0,149.0,144.0717060646535,-26.59339327876869,0.5776903665263544,-179.92806537699255,time,144.0717060646535,-26.59339327876869,0.5776903665263544,-179.92806537699255,153.33467209822385,0.1289255638857334,0.11084514984970648,1.0,0.5299690730798229,True,False,False,False
Q0768,VIX,MIDCPNIFTY,"When India VIX jumps (>1.5 sd in 15 min), is MIDCPNIFTY up over the next 15 minutes more often?",2324,454,36154,0.5158012370705338,0.5051635111876076,0.5164850362338884,-0.011321525046280811,0.013121222460891781,-0.0370391210696287,0.01439607097706708,0.38822504683284215,-0.047762013060258846,0.027360902200002035,PE,2214.0,441.0,58.24661217407805,-98.48063901736073,0.8947490454705889,-194.98202213426262,liq,143.18700888615638,-15.613242223487095,0.5380227167639197,-271.11217962205984,255.49893739857274,0.058988070724111386,0.6126094431315916,1.0,0.3609139604023938,False,False,False,False
Q0769,VIX,MIDCPNIFTY,"When India VIX drops (<-1.5 sd in 15 min), is MIDCPNIFTY up over the next 15 minutes more often?",2150,472,36328,0.5158012370705338,0.5060465116279069,0.5163785509799603,-0.010332039352053402,0.01321654691245933,-0.03623647130047369,0.015572392596366884,0.4343613416447065,-0.013555463219883768,-0.007722614517322424,PE,2049.0,459.0,-28.09077400501441,-184.99819012903896,0.9997949229633925,-197.6954688851393,T30S10H60,30.541726247807023,-130.69436805463812,0.9914642764318944,-203.5933435833348,72.89897552869667,0.09157334601140629,0.6639216631319255,1.0,0.45274317694982136,True,False,False,False
Q0804,PIN,MIDCPNIFTY,"On expiry days, does MIDCPNIFTY move toward the max-OI strike from 12:00 to 15:09 more often than on other days?",91,91,493,0.4212328767123288,0.37362637362637363,0.4300202839756592,-0.05639391034928559,0.05544533375597794,-0.16506676451100236,0.05227894381243117,0.3091019020820378,-0.02165570175438597,-0.11194968553459123,col:pinside165,86.0,86.0,-591.9069859125586,-670.1513004696687,0.9407188136802807,-412.9037104343387,T20S15H30,75.13952876246253,-6.358289772898018,0.5180321064476361,-207.14227525597354,200.78398548307555,0.07692599627032405,0.5359972502623245,1.0,0.4163849849975845,True,False,False,False
Q0805,PIN,MIDCPNIFTY,"On expiry days, how far does MIDCPNIFTY move toward the max-OI strike from 12:00 to 15:09 (%, vs other days)?",91,91,493,0.024556480858423938,-0.031093843690641634,0.03482865029851515,-0.06592249398915678,0.06341015140581478,-0.19020639074455375,0.05836140276624019,0.2985162439015704,-0.031999104836008006,-0.1389424472651558,col:pinside165,86.0,86.0,-591.9069859125586,-670.1513004696687,0.9407188136802807,-412.9037104343387,T20S15H30,75.13952876246253,-6.358289772898018,0.5180321064476361,-207.14227525597354,200.78398548307555,0.07692599627032405,0.5267933715910066,1.0,0.4163849849975845,True,False,False,False
Q0806,PIN,MIDCPNIFTY,"On expiry days, does MIDCPNIFTY move toward the max-OI strike from 13:30 to 15:09 more often than on other days?",91,91,493,0.4315068493150685,0.45054945054945056,0.4279918864097363,0.02255756413971427,0.05676689570957529,-0.0887055514510533,0.13382067973048184,0.6910932996536954,0.11019736842105265,-0.17470300489168417,col:pinside255,86.0,86.0,-46.81395123864329,-123.78901430972711,0.6138961548411477,-273.3889147603329,liq,49.46512665859488,-29.119335013219,0.557402828911821,-224.3043400767809,195.18500506356193,0.16530058135978926,0.8429577054019824,1.0,0.5960464532299313,False,False,False,False
Q0807,PIN,MIDCPNIFTY,"On expiry days, how far does MIDCPNIFTY move toward the max-OI strike from 13:30 to 15:09 (%, vs other days)?",91,91,493,0.005310794262036885,0.027153256175282237,0.0012790213733851062,0.02587423480189713,0.048413479380778404,-0.06901618478442854,0.1207646543882228,0.5930352236418899,0.0822355807350393,-0.08958986720199105,col:pinside255,86.0,86.0,-46.81395123864329,-123.78901430972711,0.6138961548411477,-273.3889147603329,liq,49.46512665859488,-29.119335013219,0.557402828911821,-224.3043400767809,195.18500506356193,0.16530058135978926,0.7782456139349317,1.0,0.5960464532299313,False,False,False,False
Q0808,PIN,MIDCPNIFTY,"On expiry days, does MIDCPNIFTY move toward the max-OI strike from 14:30 to 15:09 more often than on other days?",91,91,495,0.447098976109215,0.43956043956043955,0.4484848484848485,-0.008924408924408933,0.05667699290235415,-0.12001131501302308,0.10216249716420521,0.8748816400102647,0.03140096618357485,-0.05067385444743938,col:pinside315,86.0,86.0,56.44188894435417,-17.454126256634027,0.5172266559966086,-207.49881590354104,liq,125.23255947024323,49.992022760308735,0.43942540093347787,-117.17180184181984,167.16382460212864,0.30480347888026665,0.9426497944612879,1.0,0.7779880002828975,False,False,False,False
Q0809,PIN,MIDCPNIFTY,"On expiry days, how far does MIDCPNIFTY move toward the max-OI strike from 14:30 to 15:09 (%, vs other days)?",91,91,495,0.017279508577678796,0.0027634940304598963,0.01994810923181399,-0.017184615201354093,0.03888403150760563,-0.09339731695626113,0.05902808655355294,0.6585287847257986,-0.01256825514214873,-0.006767884900949071,col:pinside315,86.0,86.0,56.44188894435417,-17.454126256634027,0.5172266559966086,-207.49881590354104,liq,125.23255947024323,49.992022760308735,0.43942540093347787,-117.17180184181984,167.16382460212864,0.30480347888026665,0.8205402112430183,1.0,0.7779880002828975,True,False,False,False
Q0861,OPTPREM,MIDCPNIFTY,"If the ATM CE premium fell 5%+ in 15 min while spot was flat (<0.05%), is MIDCPNIFTY up over the next 15 minutes more often?",2663,453,37185,0.5152579803252358,0.49643259481787455,0.5166061583972031,-0.02017356357932859,0.011820351367961746,-0.04334145226053361,0.00299432510187643,0.08788144733878725,-0.01449315586239286,-0.04717601973856894,PE,2532.0,437.0,-36.64218339309873,-138.9092845829912,0.9999994997882167,-189.8016933487312,T30S15H15,-18.72038314692782,-121.395431125699,0.9999982549667998,-189.6233742158819,68.22794309018295,0.004356770607765704,0.229487990014242,1.0,0.06841788991094971,True,False,False,False
Q0862,OPTPREM,MIDCPNIFTY,"If the ATM CE premium fell 5%+ in 15 min while spot was flat (<0.05%), is MIDCPNIFTY up over the next 30 minutes more often?",2663,453,37185,0.5177926119253162,0.5148328952309426,0.518004571735915,-0.0031716765049724094,0.012645848781347557,-0.02795754011641362,0.021614187106468803,0.8019627723371152,0.002120074130432803,-0.0323068177557127,PE,2532.0,437.0,-78.8791494869508,-180.9556692771628,0.999989150145334,-224.26024026143423,T30S15H15,-18.72038314692782,-121.395431125699,0.9999982549667998,-189.6233742158819,68.22794309018295,0.004356770607765704,0.9003759584985889,1.0,0.06841788991094971,False,False,False,False
Q0863,OPTPREM,MIDCPNIFTY,"If the ATM PE premium fell 5%+ in 15 min while spot was flat, is MIDCPNIFTY up over the next 15 minutes more often?",2824,458,37024,0.5152579803252358,0.5311614730878187,0.5140449438202247,0.017116529267593994,0.011068074365912887,-0.004576896489595264,0.03880995502478325,0.12198926174764226,0.023620448705943375,-0.012176551614602349,CE,2679.0,448.0,0.07391411272969518,-108.09283086127472,0.999978423343261,-189.41461714543684,liq,16.542003926344442,-92.83058458330126,0.8985914176180322,-167.02762429713292,74.19703971383169,0.15512072891631884,0.2892760067177546,1.0,0.5784900040265178,False,False,False,False
Q0864,OPTPREM,MIDCPNIFTY,"If the ATM PE premium fell 5%+ in 15 min while spot was flat, is MIDCPNIFTY up over the next 30 minutes more often?",2824,458,37024,0.5177926119253162,0.5205382436260623,0.5175831892826275,0.002955054343434793,0.011929706617295316,-0.020427170626464024,0.02633727931333361,0.804362250081849,0.005356531040303425,-0.022090755551813945,CE,2679.0,448.0,-40.9988804600407,-148.98021561411247,0.9999393951693742,-196.1089082388183,liq,16.542003926344442,-92.83058458330126,0.8985914176180322,-167.02762429713292,74.19703971383169,0.15512072891631884,0.9015006973115425,1.0,0.5784900040265178,False,False,False,False
Q0865,OPTPREM,MIDCPNIFTY,"If the ATM CE premium rose 5%+ in 15 min while spot was flat, is MIDCPNIFTY up over the next 15 minutes more often?",1326,430,38522,0.5152579803252358,0.5414781297134238,0.514355433258917,0.027122696454506823,0.0149907037878022,-0.0022590829695854873,0.056504475878599136,0.07040424233399331,0.04130868460447312,-0.016473760673339777,CE,1247.0,413.0,20.785880542891256,-101.23033957122422,0.9986782674442684,-190.5682677874312,T30S20H15,52.45548220759119,-69.93616176993349,0.9759720266255878,-196.91383465829736,126.97767288836387,0.00016938935418564163,0.19406297566421232,1.0,0.005059640696184933,False,False,False,False
Q0866,OPTPREM,MIDCPNIFTY,"If the ATM CE premium rose 5%+ in 15 min while spot was flat, is MIDCPNIFTY up over the next 30 minutes more often?",1326,430,38522,0.5177926119253162,0.5399698340874811,0.5170292300503608,0.022940604037120282,0.014708689881309203,-0.005888428130245756,0.051769636204486325,0.11883946538224796,0.026097162271282115,-0.0017960560467121245,CE,1247.0,413.0,-24.832409832510073,-146.64267654586646,0.9987229685333165,-196.99129256203963,T30S20H15,52.45548220759119,-69.93616176993349,0.9759720266255878,-196.91383465829736,126.97767288836387,0.00016938935418564163,0.2838942784131479,1.0,0.005059640696184933,False,False,False,False
Q0867,OPTPREM,MIDCPNIFTY,"If the ATM PE premium rose 5%+ in 15 min while spot was flat, is MIDCPNIFTY up over the next 15 minutes more often?",1275,396,38573,0.5152579803252358,0.47294117647058825,0.5166567287999377,-0.04371555232934948,0.01619183142556156,-0.07545154192345013,-0.011979562735248826,0.006937027833984996,-0.02165931503802243,-0.1052217803731435,PE,1197.0,380.0,-39.70926939694206,-152.00321485843017,0.999997586883866,-188.80726275828044,T30S10H15,-0.551376581789557,-113.91456819141918,0.9997261982163559,-188.2644679211019,74.34989972968272,0.01174794705399245,0.02914907461185878,1.0,0.1365935455471573,True,True,False,False
Q0868,OPTPREM,MIDCPNIFTY,"If the ATM PE premium rose 5%+ in 15 min while spot was flat, is MIDCPNIFTY up over the next 30 minutes more often?",1275,396,38573,0.5177926119253162,0.5019607843137255,0.5183159204624996,-0.016355136148774152,0.01606468901691438,-0.04784192662192634,0.015131654324378033,0.3086400114495147,-0.005680913561467493,-0.05761901065612596,PE,1197.0,380.0,-66.65162626663246,-178.8239291712713,0.9997637330087671,-224.5817647357199,T30S10H15,-0.551376581789557,-113.91456819141918,0.9997261982163559,-188.2644679211019,74.34989972968272,0.01174794705399245,0.5359972502623245,1.0,0.1365935455471573,True,False,False,False
Q0869,OPTPREM,MIDCPNIFTY,"If the ATM straddle jumped (>1.5 sd in 15 min), is MIDCPNIFTY's next 30-minute move bigger?",1438,303,38410,16.19628620600035,20.781950284111648,16.024607347777906,4.7573429363337425,1.6624802176432667,1.4988817097529399,8.015804162914545,0.004215168705466631,7.924945598019054,2.3652648381032506,CE+PE,1385.0,299.0,-168.4548547306646,-473.108428580606,0.9999999999999475,-430.32428230674157,T20S15H15,-83.82670398094163,-392.3629293065925,1.0,-404.4452654513643,12.082336144771842,0.34492956369883104,0.018419866545598632,1.0,0.8174204783106017,True,True,False,False
Q0870,OPTPREM,MIDCPNIFTY,"If the ATM straddle dropped (<-1.5 sd), is MIDCPNIFTY's next 30-minute move bigger?",3330,306,36518,16.19628620600035,15.857797108612978,16.227152318446265,-0.3693552098332873,0.7100939074353056,-1.7611392684064864,1.0224288487399118,0.602959165013659,-0.7332204705172316,-0.7120418503579131,CE+PE,3191.0,294.0,-129.68347322839026,-375.54693976092693,1.0,-427.563277568011,T30S15H15,-46.31902675276003,-294.5647623426235,1.0,-396.0565336173175,101.49177127469402,1.6542774641827926e-05,0.7853845506272606,1.0,0.0006578116173646862,True,False,False,False
Q0871,OPTPREM,MIDCPNIFTY,"If MIDCPNIFTY's ATM straddle fell 3%+ in 15 min with flat spot, is the next-60-min range bigger?",2794,387,37054,43.34648090559085,34.43991449549954,44.01806687606084,-9.5781523805613,1.1654455990520403,-11.862425754703299,-7.2938790064193,2.061560572973474e-16,-7.778986721344587,-9.416677881744747,CE+PE,2640.0,376.0,-173.35682253945959,-360.2013303079331,0.9999999997352678,-480.01592585095574,T30S15H15,-52.795455412431195,-240.75459674950247,1.0,-393.4476790731302,152.69308232362775,1.8735822769245956e-17,2.2730026830220354e-15,1.0,3.1135022494445443e-15,True,True,False,False
Q0872,OPTPREM,MIDCPNIFTY,"If the PE got more expensive relative to the CE (>1.5 sd in 15 min), is MIDCPNIFTY up over the next 15 minutes more often?",2251,305,37597,0.5152579803252358,0.49222567747667706,0.5166369657153497,-0.024411288238672613,0.012497741150634312,-0.04890686089391587,8.428441657063954e-05,0.0507892650832198,-0.025072099884286825,-0.016741681126028085,CE,2175.0,300.0,33.99172621759875,-109.0305831135153,0.9983423220664048,-187.09208579028802,time,33.99172621759875,-109.0305831135153,0.9983423220664048,-187.09208579028802,78.06150267677272,0.017534169829273204,0.150963483772704,1.0,0.17668742423107464,True,False,False,False
Q0873,OPTPREM,MIDCPNIFTY,"If the PE got more expensive relative to the CE (>1.5 sd in 15 min), is MIDCPNIFTY up over the next 30 minutes more often?",2251,305,37597,0.5177926119253162,0.5037760995113283,0.5186318057291806,-0.01485570621785226,0.01406563671758296,-0.04242435418431486,0.012712941748610339,0.2908904669401923,-0.0006147260425223289,-0.013306423586063154,CE,2175.0,300.0,62.491054965709814,-80.65991579930245,0.8848687729433536,-194.5255078533175,time,62.491054965709814,-80.65991579930245,0.8848687729433536,-194.5255078533175,113.86559205401507,0.04515742126596363,0.5152607455226657,1.0,0.31141698877376217,True,False,False,False
Q0874,OPTPREM,MIDCPNIFTY,"If the CE got more expensive relative to the PE (>1.5 sd), is MIDCPNIFTY up over the next 15 minutes more often?",2443,299,37405,0.5152579803252358,0.5366352844862874,0.5138617831840663,0.02277350130222111,0.011515169772548715,0.00020376854802563182,0.04534323405641659,0.047963049986154714,0.03228805112984667,0.026039159921242616,CE,2343.0,296.0,-14.448155824109321,-171.68894642880642,0.999999312760295,-185.31869855340392,T15S20H15,18.06914247715519,-140.0015364595313,0.9999983996162983,-196.9303632775954,56.928826818064096,0.028678746444391084,0.14495268479931958,1.0,0.2399778141747778,True,False,False,False
Q0875,OPTPREM,MIDCPNIFTY,"If the CE got more expensive relative to the PE (>1.5 sd), is MIDCPNIFTY up over the next 30 minutes more often?",2443,299,37405,0.5177926119253162,0.5210806385591485,0.5175778639219356,0.0035027746372129354,0.01228543142696584,-0.020576670959640112,0.027582220234065983,0.7755551744201624,-0.00855305495975256,0.019277150220638084,CE,2343.0,296.0,-56.304742369548,-213.35653212898856,0.9998082974370862,-190.60102349442627,T15S20H15,18.06914247715519,-140.0015364595313,0.9999983996162983,-196.9303632775954,56.928826818064096,0.028678746444391084,0.8828438972364757,1.0,0.2399778141747778,False,False,False,False
Q0928,THETA,MIDCPNIFTY,"How much does MIDCPNIFTY's ATM straddle change over the next 60 minutes starting at 09:20-10:00 (%, vs other hours)?",4522,570,34534,-5.454668257084844,-5.416343357329978,-5.459686650456348,0.04334329312636953,0.40439639105767805,-0.7492736333466794,0.8359602195994185,0.9146460092101738,-0.5313669730621333,0.5423734951259611,CE+PE,4385.0,564.0,-268.7972761978445,-606.8223904715148,0.9999999999995074,-578.0314444697542,T30S10H15,-92.83513275981629,-439.52539329354573,1.0,-434.4393210675465,-5.086072225999261,0.5684035186813368,0.9617075587211031,1.0,0.8654502259142568,False,False,False,False
Q0929,THETA,MIDCPNIFTY,"How much does MIDCPNIFTY's ATM straddle change over the next 60 minutes starting at 10:00-11:00 (%, vs other hours)?",6855,574,32201,-5.454668257084844,-3.669706633697888,-5.8346537211486185,2.1649470874507304,0.35534849007884384,1.4684640468961965,2.8614301280052645,1.1118740948482047e-09,3.117248375556872,1.2108702892541094,CE+PE,6618.0,565.0,-128.53217331798965,-461.03407810560446,1.0,-467.5819338654482,liq,-44.414323808275775,-380.1935740346663,0.9999825236180595,-387.286425422212,7.092851387545758,0.46923084838327983,8.243204496288415e-09,1.0,0.8450568766484648,True,True,False,False
Q0930,THETA,MIDCPNIFTY,"How much does MIDCPNIFTY's ATM straddle change over the next 60 minutes starting at 11:00-12:00 (%, vs other hours)?",6894,576,32162,-5.454668257084844,-2.98980757306201,-5.983016915615203,2.993209342553193,0.3869078455160462,2.2348699653417428,3.7515487197646435,1.0240550503607744e-14,4.3021947731463,1.7005403016929663,CE+PE,6672.0,572.0,-181.96762473248748,-509.11227228181974,1.0,-501.4332361468399,T30S20H15,-57.97932420703147,-386.97507056023727,1.0,-389.08581261713766,2.1107420569004276,0.44735851522026165,1.0240550503607745e-13,1.0,0.8450568766484648,True,True,False,False
Q0931,THETA,MIDCPNIFTY,"How much does MIDCPNIFTY's ATM straddle change over the next 60 minutes starting at 12:00-13:00 (%, vs other hours)?",6912,576,32144,-5.454668257084844,-3.761439086144997,-5.818767312259565,2.057328226114568,0.36063355747322423,1.3504864534670484,2.7641699987620876,1.1650649847182479e-08,2.7526155535915127,1.378330980314236,CE+PE,6667.0,569.0,-200.27868459334488,-524.0041701546605,1.0,-520.3450183477748,T15S20H15,-39.236236880954564,-364.6522912246576,1.0,-361.1791563925413,-3.4731348321162976,0.6121729273135471,8.123966650197512e-08,1.0,0.8871012287933631,True,True,False,False
Q0932,THETA,MIDCPNIFTY,"How much does MIDCPNIFTY's ATM straddle change over the next 60 minutes starting at 13:00-14:00 (%, vs other hours)?",6925,578,32131,-5.454668257084844,-6.534021310186558,-5.222041824893833,-1.3119794852927251,0.3080056554452679,-1.9156705699654504,-0.70828840062,2.047972401527041e-05,-1.7177784683380288,-0.8902107179660308,CE+PE,6664.0,570.0,-200.59395588048937,-522.0169628709996,1.0,-515.3190289718383,T15S20H15,-53.040215897531496,-376.0989139062418,1.0,-371.4868348032093,-4.612079103032553,0.6550221489968867,0.00011847015237533107,1.0,0.9094166264229269,True,True,False,False
Q0933,THETA,MIDCPNIFTY,"How much does MIDCPNIFTY's ATM straddle change over the next 60 minutes starting at 14:00-14:55 (%, vs other hours)?",6948,579,32108,-5.454668257084844,-10.295060717860515,-4.407233137567299,-5.887827580293217,0.7417432523604576,-7.341644354919714,-4.43401080566672,2.0575859571191864e-15,-7.958075712248663,-3.7865095320684854,CE+PE,6649.0,577.0,-60.994441371216666,-379.40495571388743,0.9999999999999998,-381.1148550172741,T30S10H60,14.167560719246074,-311.60490871023643,0.999999999999999,-307.27695030939657,-4.3279584008399015,0.5439134567442044,2.1234287077470006e-14,1.0,0.855254532100918,True,True,False,False
Q0934,THETA,MIDCPNIFTY,"How much does MIDCPNIFTY's ATM straddle change over the next 60 minutes on expiry day (%, vs other days)?",6064,90,32992,-5.454668257084844,-24.52260258939304,-1.9499412386829014,-22.57266135071014,0.8032068109446239,-24.1469467001616,-20.998376001258677,8.95896944628118e-174,-20.0949972631267,-27.184039508219655,CE+PE,5719.0,89.0,-116.45182687534509,-277.97377765209905,0.9948503728893774,-488.9169168313157,T30S10H15,-39.17782676284558,-202.1023085929677,0.999999999999995,-400.20315211591975,198.10084352295215,1.6223714036589524e-14,1.4446338232128403e-171,1.0,2.1828982729110302e-12,True,True,False,False
Q0935,THETA,MIDCPNIFTY,"How much does MIDCPNIFTY's ATM straddle change over the next 60 minutes 1 day before expiry (%, vs other days)?",5804,87,33252,-5.454668257084844,-4.489752343898802,-5.6230903658341465,1.1333380219353444,0.48627302855744464,0.18024288596275295,2.086433157907936,0.019771194562885154,3.248084069440825,-0.6886897277045843,CE+PE,5637.0,87.0,-290.3916979064454,-511.8682366784478,1.0,-488.8557850078596,T30S10H60,-70.72697972921439,-297.3584594044167,0.9999999975964448,-436.7452588045924,139.3867994001758,0.003036160756523098,0.07245693461966435,1.0,0.052985288186721276,False,False,False,False
Q0936,THETA,MIDCPNIFTY,"How much does MIDCPNIFTY's ATM straddle change over the next 60 minutes 2 days before expiry (%, vs other days)?",5712,84,33344,-5.454668257084844,-2.3898353964006867,-5.979690009131026,3.5898546127303397,0.4935460253973078,2.6225044029516162,4.557204822509063,3.500406886035159e-13,5.773710633869519,1.8269184050382785,CE+PE,5527.0,84.0,-182.2439013654206,-442.393700725846,0.999999999999459,-489.40527311824843,T30S20H15,-53.658046594726386,-315.2178191338257,1.0,-391.3389590289438,76.12113989511808,5.352337295293387e-09,3.0928252623187363e-12,1.0,4.196684749703984e-07,True,True,False,False
Q0937,THETA,MIDCPNIFTY,"How much does MIDCPNIFTY's ATM straddle change over the next 60 minutes 3-4 days before expiry (%, vs other days)?",9782,144,29274,-5.454668257084844,-1.5538444769355666,-6.7581409023475425,5.204296425411976,0.5061621772564919,4.212218557989252,6.1963742928347,8.505622230057294e-25,8.3875956493844,2.707207230452144,CE+PE,9444.0,144.0,-153.61500145065133,-452.93500137939253,1.0,-489.0308050883412,liq,-55.58577813823462,-357.8313926738873,0.9999854272631363,-446.5065825507077,88.67518987682053,0.1501474008382583,1.40669906112486e-23,1.0,0.5706575050121755,True,True,False,False
Q0938,THETA,MIDCPNIFTY,"How much does MIDCPNIFTY's ATM straddle change over the next 60 minutes 5+ days before expiry (%, vs other days)?",11694,174,27362,-5.454668257084844,-0.8058399422792201,-7.441489334247953,6.635649391968733,0.5141106788158797,5.627992461489609,7.643306322447857,4.1076674490433e-38,2.3753855228815564,7.480502773236999,CE+PE,11328.0,174.0,-137.7145134767328,-653.7778746320963,1.0,-488.7712584807091,T15S20H15,-35.76589065083002,-555.4744450776518,1.0,-398.5742728080443,-156.9001722696074,1.0,1.0814063284216035e-36,1.0,1.0,True,True,False,False
Q0992,JUMPS,MIDCPNIFTY,Is a 1-ITM MIDCPNIFTY CE bought at 09:20-09:55 more likely to jump +20 before -15 (net of drops) than at other times?,4452,571,33524,-0.06957025489783021,-0.11949685534591195,-0.06293998329554945,-0.0565568720503625,0.015100705021710873,-0.08615425389291581,-0.02695949020780919,0.00018016875953522988,-0.05051903414264694,-0.0620280436481699,CE,4452.0,571.0,-60.26954658590559,-234.26065539231288,0.9999950736799105,-234.25141428740957,T30S10H15,-50.88141122596926,-229.05599897258952,0.9999999999972942,-229.056195523638,0.00019655104846759888,0.4999976399183052,0.000997500857512646,1.0,0.8450568766484648,True,True,False,False
Q0993,JUMPS,MIDCPNIFTY,Is a 1-ITM MIDCPNIFTY PE bought at 09:20-09:55 more likely to jump +20 before -15 (net of drops) than at other times?,4440,569,33465,-0.04228993536472761,-0.08198198198198198,-0.037023756163155536,-0.04495822581882644,0.014996243056417561,-0.07435086220940486,-0.015565589428248022,0.0027178805178586277,-0.029151987432287748,-0.059299359610202135,PE,4440.0,569.0,-30.032436602824443,-193.34314414384582,0.9996378278346271,-193.86339291883985,T25S10H60,12.416220123703415,-155.71485722631547,0.9996109876788211,-156.99964610412349,1.2847888778079954,0.4889405399410562,0.012521663814420107,1.0,0.8450568766484648,True,True,False,False
Q0994,JUMPS,MIDCPNIFTY,Is a 1-ITM MIDCPNIFTY CE bought at 10:00-12:55 more likely to jump +20 before -15 (net of drops) than at other times?,20136,580,17840,-0.06957025489783021,-0.06793802145411204,-0.07141255605381167,0.0034745345996996246,0.007299600526714473,-0.010832682432660742,0.017781751632059993,0.6340817222646467,0.011579380864701887,-0.00420212576039862,CE,20136.0,580.0,-40.091180029870216,-210.37777145612952,1.0,-210.30811992887297,liq,-10.567931054743879,-182.10420741543854,0.999463690086965,-182.5502502745222,0.4460428590836933,0.49680393538740963,0.8006849069342602,1.0,0.8450568766484648,False,False,False,False
Q0995,JUMPS,MIDCPNIFTY,Is a 1-ITM MIDCPNIFTY PE bought at 10:00-12:55 more likely to jump +20 before -15 (net of drops) than at other times?,20069,578,17836,-0.04228993536472761,-0.03069410533658877,-0.05533751962323391,0.02464341428664514,0.007925945408254732,0.009108561286465866,0.040178267286824415,0.0018758949250650327,0.02597275726509444,0.023387507070277903,PE,20069.0,578.0,-7.179733534209474,-164.81700625091798,0.9999999999999999,-164.79785515231774,time,-7.179733534209474,-164.81700625091798,0.9999999999999999,-164.79785515231774,-0.019151098600224823,0.5003826898995364,0.008896707549021662,1.0,0.8450568766484648,True,True,False,False
Q0996,JUMPS,MIDCPNIFTY,Is a 1-ITM MIDCPNIFTY CE bought at 13:00-14:55 more likely to jump +20 before -15 (net of drops) than at other times?,13388,580,24588,-0.06957025489783021,-0.0554227666567075,-0.07727346673173906,0.021850700075031558,0.007006882633583701,0.008117210113207504,0.03558419003685561,0.0018179733299492047,0.010223904771916197,0.03275018337995478,CE,13388.0,580.0,17.557212822306216,-149.65642635433866,0.9999999999999868,-149.66568902281725,liq,67.22885932928062,-100.97713094562992,0.9911794311540961,-101.07348256948002,0.09635162385013325,0.49909671922215515,0.008685872576423979,1.0,0.8450568766484648,True,True,False,False
Q0997,JUMPS,MIDCPNIFTY,Is a 1-ITM MIDCPNIFTY PE bought at 13:00-14:55 more likely to jump +20 before -15 (net of drops) than at other times?,13396,580,24509,-0.04228993536472761,-0.04650641982681397,-0.0399853115182178,-0.006521108308596174,0.007399520940715504,-0.021024169352398564,0.007981952735206214,0.37816201078286943,-0.015170116431252979,0.0014399175745163709,PE,13396.0,580.0,-67.76559657554336,-220.45407984183728,1.0,-220.34092122292395,T15S10H15,-40.37951036224297,-195.1245851455206,1.0,-195.05674848023392,-0.06783666528667566,0.5019239204706822,0.6052468907070739,1.0,0.8450568766484648,False,False,False,False
Q0998,JUMPS,MIDCPNIFTY,"What share of MIDCPNIFTY CE +20-point jumps start in the first 30 minutes (09:20-09:45), vs the rest of the day's rate?",3337,571,34639,0.08968822414156309,0.19868145040455498,0.07918819827362222,0.11949325213093276,0.009724542811557827,0.10043314822027942,0.13855335604158608,1.053317524143866e-34,0.07580096970315961,0.15980478247926738,CE,3337.0,571.0,-45.718312136313145,-219.99925057929187,0.9997815450195957,-220.1490212346387,T30S10H15,-39.81541374967882,-218.34335749373344,0.9999999873835844,-218.49618569667936,0.15282820294589997,0.49844425513747487,2.5162585298992356e-33,1.0,0.8450568766484648,True,True,False,False
Q0999,JUMPS,MIDCPNIFTY,"What share of MIDCPNIFTY PE +20-point jumps start in the first 30 minutes (09:20-09:45), vs the rest of the day's rate?",3328,568,34577,0.10518401266323704,0.21604567307692307,0.0945136940740955,0.12153197900282757,0.010567849265668887,0.10081899444211655,0.14224496356353858,1.3166800394243575e-30,0.08595555928693366,0.1539484283907418,PE,3328.0,568.0,-26.16166175558017,-189.84072933273598,0.9963132315609096,-190.194266749564,T25S10H60,-2.6790816279558034,-171.17015279949575,0.9997095824761797,-172.48712283752326,1.3169700380274885,0.48944098753163734,2.653933204464721e-29,1.0,0.8450568766484648,True,True,False,False
Q1000,JUMPS,MIDCPNIFTY,"On expiry days, is a 1-ITM MIDCPNIFTY CE more likely to jump +20 before -15 (net of drops)?",5765,89,32211,-0.06957025489783021,-0.015091066782307025,-0.07932072894352861,0.06422966216122158,0.010920686456445923,0.042825116706587577,0.08563420761585559,4.066448720957329e-09,0.05873590539250324,0.05090416691861306,CE,5765.0,89.0,18.588030230967977,-62.431785667618655,0.955967777020629,-191.4623847004487,liq,104.68829215017486,21.92337249945402,0.4306593284083467,-175.8358399766839,197.75921247613792,0.05756369593935996,2.9305691899636613e-08,1.0,0.3558657360293358,True,True,False,False
Q1001,JUMPS,MIDCPNIFTY,"On expiry days, is a 1-ITM MIDCPNIFTY PE more likely to jump +20 before -15 (net of drops)?",5750,89,32155,-0.04228993536472761,-0.0328695652173913,-0.043974498522780285,0.011104933305388982,0.010139653589757536,-0.008768787730535788,0.030978654341313753,0.27342968688904523,-0.00906179366129067,0.027028706979363465,PE,5750.0,89.0,-63.03860762015633,-143.82389976394492,0.9999816544795463,-187.88566034272938,T25S10H15,-41.85182486990224,-123.27095852410935,0.9999999525790184,-190.689512347688,67.41855382357868,0.0017568830013553983,0.4960960563809681,1.0,0.03502859421595671,False,False,False,False
Q1002,JUMPS,MIDCPNIFTY,"When VIX is 18+, is a 1-ITM MIDCPNIFTY CE more likely to jump +20 before -15 (net)?",2700,40,35276,-0.06957025489783021,-0.09592592592592593,-0.06755301054541331,-0.02837291538051262,0.019691733989082832,-0.06696871399911497,0.01022288323808973,0.14962590965117756,-0.02768732519907493,-0.028185139561189995,CE,2700.0,40.0,9.691094430287679,-204.8862294732454,0.9852890691292184,-191.68417077147893,liq,130.9044457329644,-85.68140030859995,0.6261263459388542,-176.35118480832324,90.66978449972326,0.3667968535587752,0.33626728824045127,1.0,0.8367240756673762,True,False,False,False
Q1003,JUMPS,MIDCPNIFTY,"When VIX is 18+, is a 1-ITM MIDCPNIFTY PE more likely to jump +20 before -15 (net)?",2705,40,35200,-0.04228993536472761,-0.08280961182994455,-0.039176136363636364,-0.043633475466308184,0.019370161172653003,-0.08159899136470808,-0.005667959567908297,0.02428356529502006,-0.04301027374047428,-0.04374427286089433,PE,2705.0,40.0,-67.44621330995436,-268.48624316592907,0.997462593523683,-187.72164429606372,T15S10H15,-31.84102179338663,-236.91007617524357,0.9999766475136674,-193.30227087519185,-43.607805300051695,0.7730761839379969,0.08443611652446328,1.0,0.9692779180727635,True,False,False,False
Q1004,JUMPS,MIDCPNIFTY,"After the 1-ITM MIDCPNIFTY CE already rose 20+ points off its 15-min low, does it jump +20 again before -15 (net)?",548,220,37428,-0.06957025489783021,-0.17518248175182483,-0.06802393929678316,-0.10715854245504167,0.038916678615145285,-0.1834352325407264,-0.030881852369356907,0.005895497635496247,-0.11724822452297423,-0.10428130297557889,CE,548.0,220.0,-312.75546281007087,-480.4650628802281,0.9900794872101053,-190.28536241775657,T15S10H15,-199.94887720929444,-372.3060199843359,0.9999887430776621,-209.2527952641517,-163.05322472018426,0.9684765472879124,0.025182754800629665,1.0,1.0,True,True,False,False
Q1005,JUMPS,MIDCPNIFTY,"After the 1-ITM MIDCPNIFTY PE already rose 20+ points off its 15-min low, does it jump +20 again before -15 (net)?",519,188,37386,-0.04228993536472761,-0.09826589595375723,-0.041512865778633716,-0.056753030175123516,0.045450941224264144,-0.14583687497468123,0.032330814624434205,0.21178738061342417,-0.04863555131800705,-0.08913976662191322,PE,519.0,188.0,-131.93061850663554,-283.9870669191941,0.8618956322401836,-195.5556430446188,T30S10H15,167.04046525018063,10.270801353732276,0.48076143904879476,-193.04461083745107,203.3154121911833,0.16928881972646037,0.42802288456418647,1.0,0.6016804193882614,True,False,False,False
Q1044,ROUND,MIDCPNIFTY,"When MIDCPNIFTY crosses ABOVE a round 100 level (last 5 min), is it up over the next 15 minutes more often?",1581,470,38267,0.5152579803252358,0.5028462998102466,0.5157707685473123,-0.012924468737065653,0.013005550724444414,-0.038415348156976704,0.012566410682845398,0.32033700404016807,-0.01912457860235417,-0.003952899309835778,CE,1509.0,445.0,6.588456692325903,-181.4926990522357,0.9998672490775249,-196.34830645183465,liq,41.25246757067458,-148.69316121121713,0.9284192301064406,-195.33983999453213,46.64667878331497,0.3236792188361706,0.5495142755476288,1.0,0.7965996532832237,True,False,False,False
Q1045,ROUND,MIDCPNIFTY,"When MIDCPNIFTY crosses ABOVE a round 100 level (last 5 min), is it up over the next 30 minutes more often?",1581,470,38267,0.5177926119253162,0.5249841872232764,0.5174954921995453,0.007488695023731173,0.013406637929289117,-0.018788315317675497,0.033765705365137844,0.57644761820283,0.012137124643873953,0.009985462992334937,CE,1509.0,445.0,5.916487824608744,-182.16160275232238,0.9914328575870172,-212.61973094110147,liq,41.25246757067458,-148.69316121121713,0.9284192301064406,-195.33983999453213,46.64667878331497,0.3236792188361706,0.7699412249313202,1.0,0.7965996532832237,True,False,False,False
Q1046,ROUND,MIDCPNIFTY,"When MIDCPNIFTY crosses BELOW a round 100 level (last 5 min), is it up over the next 15 minutes more often?",1635,469,38213,0.5152579803252358,0.5461773700305811,0.5139350482819983,0.03224232174858277,0.012525293312864155,0.007692746855369026,0.05679189664179651,0.010047886077166193,0.03639083340650218,0.034617364914286686,CE,1561.0,445.0,-5.288899633687403,-192.82715785354932,0.9983896171583387,-195.61193670460688,liq,75.78219956881263,-113.8894353609247,0.8205532443538155,-189.9262765397384,76.03684117881375,0.27053915853363186,0.0408888739417804,1.0,0.7405772262330432,True,True,False,False
Q1047,ROUND,MIDCPNIFTY,"When MIDCPNIFTY crosses BELOW a round 100 level (last 5 min), is it up over the next 30 minutes more often?",1635,469,38213,0.5177926119253162,0.5412844036697247,0.5167874807002852,0.024496922969439505,0.012939796032575496,-0.0008650772544084653,0.049858923193287476,0.058338457619949435,0.019499365426521198,0.034077346372256345,CE,1561.0,445.0,-39.01728861000506,-226.40337209765488,0.9994232820304284,-210.18081022620294,liq,75.78219956881263,-113.8894353609247,0.8205532443538155,-189.9262765397384,76.03684117881375,0.27053915853363186,0.16873679446128872,1.0,0.7405772262330432,True,False,False,False
Q1048,ROUND,MIDCPNIFTY,"When MIDCPNIFTY rises to within 0.1% below a round 100 level (last 5 min), is it up over the next 15 minutes more often?",2236,449,37612,0.5152579803252358,0.5120751341681574,0.5154471977028607,-0.003372063534703318,0.013129789995812852,-0.029106451926496506,0.02236232485708987,0.7973135631472008,-0.03305977660887072,0.02470255113813069,CE,2125.0,426.0,14.08940460205078,-153.4513295573302,0.9999941958220689,-189.6198688913494,T30S20H60,103.4738712535185,-66.42680540130222,0.8299132813571013,-231.28810116375863,164.86129576245636,0.00868590919072708,0.8967170849693888,1.0,0.11157647871884085,False,False,False,False
Q1049,ROUND,MIDCPNIFTY,"When MIDCPNIFTY rises to within 0.1% below a round 100 level (last 5 min), is it up over the next 30 minutes more often?",2236,449,37612,0.5177926119253162,0.537567084078712,0.5166170371158141,0.020950046962897928,0.014561291889656151,-0.007590085140828127,0.04949017906662398,0.15022159594487633,-0.025798347295278967,0.06449807027274151,CE,2125.0,426.0,44.3068228373808,-123.37018135171121,0.9860876287110144,-200.84605479707022,T30S20H60,103.4738712535185,-66.42680540130222,0.8299132813571013,-231.28810116375863,164.86129576245636,0.00868590919072708,0.3370188848154617,1.0,0.11157647871884085,False,False,False,False
Q1050,ROUND,MIDCPNIFTY,"When MIDCPNIFTY falls to within 0.1% above a round 100 level (last 5 min), is it up over the next 15 minutes more often?",2282,453,37566,0.5152579803252358,0.5249780893952674,0.514667518500772,0.010310570894495386,0.01320439771754535,-0.015570048631893499,0.03619119042088427,0.434894422749207,0.02552657179018436,0.0017311928901848628,CE,2130.0,428.0,-11.230993244009959,-187.34564014548394,0.9999982069358554,-193.74982300679272,T15S15H15,19.408435982717595,-158.49051064855664,0.9999996789200504,-208.07989602035656,49.589385371799935,0.05911342108290074,0.6639216631319255,1.0,0.36148226298888747,True,False,False,False
Q1051,ROUND,MIDCPNIFTY,"When MIDCPNIFTY falls to within 0.1% above a round 100 level (last 5 min), is it up over the next 30 minutes more often?",2282,453,37566,0.5177926119253162,0.4973707274320771,0.5190331682904754,-0.021662440858398302,0.01614978553347903,-0.0533160205040172,0.009991138787220598,0.17980832949223663,-0.004622468875427499,-0.031006740187252246,PE,2146.0,428.0,-14.614161298526078,-172.62357491123907,0.9941950274465069,-217.92116456431694,T30S15H60,19.870443939607163,-140.91561202779036,0.9799370602146636,-225.2593867707889,84.34377474299853,0.1090036211571262,0.38339296701650455,1.0,0.491409519103544,True,False,False,False
Q1090,LEVELS,MIDCPNIFTY,"When MIDCPNIFTY crosses above the previous day's high (last 5 min), is it up over the next 15 minutes more often?",579,226,39269,0.5152579803252358,0.459412780656304,0.5160813873538924,-0.05666860669758844,0.021652598530950987,-0.09910769981825238,-0.014229513576924507,0.008866126766148548,-0.07077503320907286,-0.04254836932225764,PE,540.0,214.0,92.2889035542806,-63.162149757574284,0.7973997752608828,-184.46018007154632,liq,292.35561837090387,135.18016503273049,0.2239495737991667,-276.4371075774538,411.6172726101842,0.010318566958533967,0.03665802412926803,1.0,0.12621469323407547,True,True,False,False
Q1091,LEVELS,MIDCPNIFTY,"When MIDCPNIFTY crosses below the previous day's low (last 5 min), is it up over the next 15 minutes more often?",466,198,39382,0.5152579803252358,0.5085836909871244,0.5153369559697324,-0.006753264982607976,0.024095367056745958,-0.053980184413830054,0.0404736544486141,0.7792685678115463,-0.044031219370252395,0.02679647250499373,PE,442.0,189.0,-147.74656783401696,-316.05164615759224,0.9981147579411048,-189.99825849992965,T30S10H30,74.85067712775182,-98.84905337863518,0.8691453486360747,-203.97076121336798,105.12170783473279,0.11646468573428895,0.884908849011351,1.0,0.5064809338797278,False,False,False,False
Q1092,LEVELS,MIDCPNIFTY,"When MIDCPNIFTY crosses back above the day's open (last 5 min), is it up over the next 15 minutes more often?",978,399,38870,0.5152579803252358,0.4887525562372188,0.5159248777977875,-0.027172321560568702,0.016818803241718867,-0.06013717591433768,0.005792532793200279,0.10618258565843196,-0.03532307242331845,-0.019240205631194662,PE,936.0,381.0,-12.769243411528759,-168.77831404928534,0.998554890456675,-184.81081631139566,time,-12.769243411528759,-168.77831404928534,0.998554890456675,-184.81081631139566,16.032502262110377,0.38870000518139375,0.2612279133933662,1.0,0.8450568766484648,True,False,False,False
Q1093,LEVELS,MIDCPNIFTY,"When MIDCPNIFTY crosses back below the day's open (last 5 min), is it up over the next 15 minutes more often?",910,364,38938,0.5152579803252358,0.5274725274725275,0.5149725204170733,0.012500007055454176,0.016413211446375534,-0.01966988737944187,0.044669901490350224,0.44630949737503844,0.01723650301265478,0.007847335618685114,PE,879.0,349.0,13.986370360078258,-143.51901696098562,0.9796602836289209,-188.4897380862901,T25S15H60,70.18431914137491,-90.1786852420385,0.8849035431521571,-215.4887187287457,125.31003348670723,0.047199611474697103,0.6714303215612831,1.0,0.31995158244096045,True,False,False,False
Q1094,LEVELS,MIDCPNIFTY,"When MIDCPNIFTY makes a new day high after 12:00 (last 5 min), is it up over the next 15 minutes more often?",1368,221,38480,0.5152579803252358,0.5233918128654971,0.514968814968815,0.008422997896682105,0.017529519663697188,-0.025934860644164386,0.042780856437528596,0.6308693199536599,0.010857980228776487,0.0006087458118042566,CE,1306.0,217.0,2.7518814519207475,-162.48871661995102,0.9994723767152388,-177.35045935678752,T25S20H60,102.00459592010124,-65.13091446461867,0.7739696366565829,-181.7365252329646,116.60561076834595,0.08548260727602315,0.7987839559030894,1.0,0.4384672761619442,True,False,False,False
Q1095,LEVELS,MIDCPNIFTY,"When MIDCPNIFTY makes a new day low after 12:00 (last 5 min), is it up over the next 15 minutes more often?",1116,199,38732,0.5152579803252358,0.521505376344086,0.5150779717029846,0.006427404641101364,0.020056311889548026,-0.03288296666241276,0.04573777594461549,0.7486136419063618,0.03364278302396195,-0.01091525168726376,CE,1038.0,193.0,-29.491309899126176,-213.1060677587236,0.9958597822300035,-172.07021256356194,liq,-20.07516695584865,-205.10473664316422,0.9609644088857411,-133.08017581905818,-72.024560824106,0.7310114619541638,0.8646167337238517,1.0,0.9480409613510088,False,False,False,False
Q1096,LEVELS,MIDCPNIFTY,"When MIDCPNIFTY first breaks above the previous day's high (opened below it), how often does it close (15:09) beyond it?",134,134,0,0.5149253731343284,0.5149253731343284,0.5,0.014925373134328401,0.043336177843127044,-0.0700135354382006,0.0998642817068574,0.7305386613772891,0.02238805970149249,0.007462686567164201,CE,127.0,127.0,-891.1652960598938,-1053.2831671880947,0.988411287801293,-292.26137104231657,T15S10H15,-156.47240165650376,-325.8764594329689,0.9990722916887613,-234.53649309550224,-91.33996633746666,0.8080214652627686,0.8614212734704779,1.0,0.9863179701247994,True,False,False,False
Q1097,LEVELS,MIDCPNIFTY,"When MIDCPNIFTY first breaks above the previous day's high (opened below it), how far does it run in the next 30 minutes (%)?",134,134,0,-0.034285748182837646,-0.034285748182837646,0.0,-0.034285748182837646,0.028910693292351956,-0.09095070703584748,0.022379210670172185,0.23565418377898878,0.009017915868047458,-0.07758941223372275,CE,127.0,127.0,-612.6141719555292,-775.9896055749646,0.99962947823268,-250.9517971752983,T15S10H15,-156.47240165650376,-325.8764594329689,0.9990722916887613,-234.53649309550224,-91.33996633746666,0.8080214652627686,0.46013913257055955,1.0,0.9863179701247994,False,False,False,False
Q1098,LEVELS,MIDCPNIFTY,"When MIDCPNIFTY first breaks below the previous day's low (opened above it), how often does it close (15:09) beyond it?",196,196,0,0.5102040816326531,0.5102040816326531,0.5,0.010204081632653073,0.03579828650232772,-0.05996055991190925,0.0803687231772154,0.7756105425420372,-0.06122448979591838,0.08163265306122447,PE,187.0,187.0,-384.0641595789774,-553.4831938032952,0.8536416158021828,-845.9738121028695,T30S20H60,332.3101435370624,156.28949484038804,0.21877486438587013,-200.98407389330214,357.27356873369007,0.03748587222241617,0.8828438972364757,1.0,0.2820528476596598,False,False,False,False
Q1099,LEVELS,MIDCPNIFTY,"When MIDCPNIFTY first breaks below the previous day's low (opened above it), how far does it run in the next 30 minutes (%)?",196,196,0,0.05732248632275328,0.05732248632275328,0.0,0.05732248632275328,0.03764364761257645,-0.01645906299789656,0.13110403564340312,0.1278171286186067,0.061448496215197504,0.05319647643030906,PE,187.0,187.0,452.4706147953788,279.2749016742809,0.19601926721180507,-187.55682923281265,time,452.4706147953788,279.2749016742809,0.19601926721180507,-187.55682923281265,466.83173090709363,0.07619835331970783,0.3003353295409884,1.0,0.41430470802667657,True,False,False,False
Q1146,CROSS,MIDCPNIFTY,"If NIFTY jumped (>1.5 sd in 5 min) while MIDCPNIFTY stayed flat, is MIDCPNIFTY up over the next 5 minutes more often (does NIFTY lead)?",416,249,39432,0.5091096165428629,0.4831730769230769,0.5093832420369243,-0.026210165113847383,0.022123757849414807,-0.06957273049870041,0.01715240027100564,0.23613341531915538,-0.043384897504196884,-0.008272796173516506,PE,395.0,240.0,59.65060753158376,-89.31943616589713,0.8048476679509144,-189.8455517484326,time,59.65060753158376,-89.31943616589713,0.8048476679509144,-189.8455517484326,100.52611558253545,0.16481636597772636,0.46013913257055955,1.0,0.5951241831671819,True,False,False,False
Q1147,CROSS,MIDCPNIFTY,"If NIFTY jumped (>1.5 sd in 5 min) while MIDCPNIFTY stayed flat, is MIDCPNIFTY up over the next 15 minutes more often (does NIFTY lead)?",416,249,39432,0.5152579803252358,0.5144230769230769,0.515266788395212,-0.0008437114721351335,0.02465195899595446,-0.04916155110420587,0.047474128159935604,0.9726977901160194,-0.03672418441691516,0.0369533344797498,PE,395.0,240.0,59.65060753158376,-89.31943616589713,0.8048476679509144,-189.8455517484326,time,59.65060753158376,-89.31943616589713,0.8048476679509144,-189.8455517484326,100.52611558253545,0.16481636597772636,0.9920134636578409,1.0,0.5951241831671819,False,False,False,False
Q1148,CROSS,MIDCPNIFTY,"If NIFTY dropped (<-1.5 sd in 5 min) while MIDCPNIFTY stayed flat, is MIDCPNIFTY up over the next 5 minutes more often (does NIFTY lead)?",308,219,39540,0.5091096165428629,0.5357142857142857,0.5089023773394031,0.026811908374882565,0.027461603069003797,-0.02701283364036488,0.08063665039013002,0.3288951591343304,0.04526036400404454,0.0116384417892762,CE,296.0,211.0,134.8986053466797,-25.433582680405163,0.6033067350585618,-200.01134224545976,T20S20H60,265.78379215420904,103.11386290408387,0.18765950656147112,-274.43820511737664,377.5520680214604,0.0005633529256323888,0.5582562569516923,1.0,0.013823408207142738,True,False,False,False
Q1149,CROSS,MIDCPNIFTY,"If NIFTY dropped (<-1.5 sd in 5 min) while MIDCPNIFTY stayed flat, is MIDCPNIFTY up over the next 15 minutes more often (does NIFTY lead)?",308,219,39540,0.5152579803252358,0.5681818181818182,0.5148457258472433,0.053336092334574925,0.028349651579398106,-0.0022292247610453605,0.10890140943019522,0.05992204435065408,0.08928912481743623,0.02347931272835002,CE,296.0,211.0,134.8986053466797,-25.433582680405163,0.6033067350585618,-200.01134224545976,T20S20H60,265.78379215420904,103.11386290408387,0.18765950656147112,-274.43820511737664,377.5520680214604,0.0005633529256323888,0.17168212888142337,1.0,0.013823408207142738,True,False,False,False
Q1150,CROSS,MIDCPNIFTY,"If NIFTY rose >0.15% but MIDCPNIFTY fell >0.15% over 30 min, is MIDCPNIFTY up over the next 30 minutes more often (does it catch up)?",99,53,39749,0.5177926119253162,0.46464646464646464,0.5179249792447609,-0.053278514598296245,0.07660385621718684,-0.20342207278398244,0.09686504358738995,0.4867376555657648,0.010500597092775843,-0.13726906895920976,PE,94.0,51.0,635.4255611338514,471.5176410763914,0.13667718288475794,-186.60745715725213,time,635.4255611338514,471.5176410763914,0.13667718288475794,-186.60745715725213,658.1250982336436,0.06421717754833814,0.7049158365017463,1.0,0.37730029547627414,False,False,False,False
Q1151,CROSS,MIDCPNIFTY,"If NIFTY fell >0.15% but MIDCPNIFTY rose >0.15% over 30 min, is MIDCPNIFTY up over the next 30 minutes more often (does it catch up)?",101,60,39747,0.5177926119253162,0.48514851485148514,0.5178755629355675,-0.03272704808408233,0.06092086193461277,-0.15213193747592335,0.08667784130775869,0.5911253779210313,-0.06705601149195206,-0.0006039255158530876,PE,99.0,60.0,-94.36367403377186,-262.2707228083773,0.8359586666221728,-190.9877169775639,liq,474.78782191421044,302.4455114932674,0.3438048608299451,-266.1009349030553,568.546446396323,0.22364427531336054,0.7773208333518148,1.0,0.6833302308833579,True,False,False,False
Q1230,SEASON,MIDCPNIFTY,"On the first 3 trading days of a month, is MIDCPNIFTY more often up (close > open)?",126,126,755,0.47559591373439275,0.5555555555555556,0.46225165562913906,0.09330389992641652,0.0478693124179295,-0.0005199524127253025,0.18712775226555833,0.051278936578239204,0.08730158730158732,0.09932213380489247,PE,76.0,76.0,-2094.0789945658885,-2276.4312202466217,0.9990840156249157,-1127.702365875968,T25S10H30,104.68413101999383,-93.28572867114309,0.650981836334711,-130.53466361903338,37.24893494789029,0.438443290900963,0.15171978941726735,1.0,0.8450568766484648,True,False,False,False
Q1231,SEASON,MIDCPNIFTY,"On the last 3 trading days of a month, is MIDCPNIFTY more often up (close > open)?",129,129,752,0.47559591373439275,0.5271317829457365,0.46675531914893614,0.06037646379680034,0.04760070409727422,-0.03292091623385712,0.1536738438274578,0.2046571608275037,0.21693121693121692,-0.09001782531194297,CE,77.0,77.0,-299.76626466621053,-464.47365978573373,0.7214279799464359,-353.0798909530204,T30S20H60,129.89611935305905,-39.96318815130227,0.5524672628765609,-253.9736624851604,214.01047433385796,0.23998977030182855,0.419726132698696,1.0,0.7034014090268007,False,False,False,False
Q1232,SEASON,MIDCPNIFTY,"On a Monday after a >1% up Friday, is MIDCPNIFTY more often up (close > open)?",21,21,860,0.47559591373439275,0.47619047619047616,0.4755813953488372,0.0006090808416389648,0.11037027829950836,-0.21571666462539743,0.21693482630867536,0.9955968786102297,-0.15151515151515155,0.20030935808197986,,,,,,,,,,,,,,,0.9984949076560528,,,False,False,False,False
Q1233,SEASON,MIDCPNIFTY,"On a Monday after a >1% down Friday, is MIDCPNIFTY more often up (close > open)?",30,30,851,0.47559591373439275,0.5333333333333333,0.4735605170387779,0.05977281629455544,0.0927308330387666,-0.1219796164614271,0.241525249050538,0.5191967712149265,-0.23717948717948717,0.2625065824117957,CE,,,,,,,,,,,,,,0.7299527306638063,,,False,False,False,False
Q1234,SEASON,MIDCPNIFTY,"On a week (5 days) up more than 3%, is MIDCPNIFTY more often up (close > open)?",105,105,776,0.47559591373439275,0.42857142857142855,0.48195876288659795,-0.0533873343151694,0.05154728949392538,-0.15442002172326313,0.04764535309292435,0.30034387340194646,-0.0008184143222506601,-0.10129870129870128,PE,65.0,65.0,-1367.261718076009,-1531.1205997831669,0.9758846858333641,-1127.7023658759679,T25S10H15,-275.7230529785156,-449.8455853361777,0.9905819484370345,-120.82231951465438,-329.02326582152335,0.9570939030833332,0.5292945309952335,1.0,1.0,True,False,False,False
Q1235,SEASON,MIDCPNIFTY,"On a week down more than 3%, is MIDCPNIFTY more often up (close > open)?",81,81,800,0.47559591373439275,0.5061728395061729,0.4725,0.03367283950617289,0.058321221022069145,-0.08063675369708263,0.1479824327094284,0.5636905069579805,-0.009259259259259245,0.07004219409282697,PE,47.0,47.0,56.1702283646198,-134.56926169413964,0.5388852559433444,-1127.7023658759674,T30S10H30,861.5744505537317,662.2877502825984,0.041622728953966535,-148.13721351494553,810.4249637975437,0.017019968665280032,0.764236808794964,1.0,0.1729412102388573,False,False,False,False
Q1260,OIPCR,MIDCPNIFTY,"If near-ATM put OI grew much faster than call OI (>1.5 sd, 15 min), is MIDCPNIFTY up over the next 15 minutes more often?",2637,501,37211,0.5152579803252358,0.5312855517633674,0.5141221681760769,0.017163383587290526,0.011661010333031855,-0.005692196665451909,0.040018963840032964,0.14105848056722994,0.043843971355822076,-0.007532494676085466,PE,2542.0,492.0,-17.40753443573142,-174.98972861998422,0.9982732170312146,-191.6853024338018,T30S20H30,30.717551871419047,-128.6449616414869,0.9830516000234426,-221.22504812382545,92.58008648233853,0.06293868646145566,0.32435907296207955,1.0,0.37422603933919957,False,False,False,False
Q1261,OIPCR,MIDCPNIFTY,"If near-ATM put OI grew much faster than call OI (>1.5 sd, 15 min), is MIDCPNIFTY up over the next 30 minutes more often?",2637,501,37211,0.5177926119253162,0.5119453924914675,0.5182069818064551,-0.006261589314987548,0.01199796685270439,-0.029777604346288154,0.017254425716313058,0.6017486394542947,0.010437301144435196,-0.02127686012028035,PE,2542.0,492.0,-60.08259275994087,-217.4721810860196,0.9988836076067494,-219.94705113784428,T30S20H30,30.717551871419047,-128.6449616414869,0.9830516000234426,-221.22504812382545,92.58008648233853,0.06293868646145566,0.7848895297229931,1.0,0.37422603933919957,False,False,False,False
Q1262,OIPCR,MIDCPNIFTY,"If near-ATM call OI grew much faster than put OI (<-1.5 sd), is MIDCPNIFTY up over the next 15 minutes more often?",2472,484,37376,0.5152579803252358,0.4923139158576052,0.516775470890411,-0.024461555032805782,0.011682151102144791,-0.04735857119300957,-0.0015645388726019914,0.03626661009295923,-0.02904230869977731,-0.01909116517228787,PE,2400.0,472.0,-28.90499919950962,-188.50162990302425,0.9999612295366288,-189.28182423842378,T30S10H15,0.19749999046325684,-162.2283012367185,0.999999379032165,-192.12663042245288,29.89832918573439,0.18463061403741848,0.11695981754979351,1.0,0.6239702302821417,True,False,False,False
Q1263,OIPCR,MIDCPNIFTY,"If near-ATM call OI grew much faster than put OI (<-1.5 sd), is MIDCPNIFTY up over the next 30 minutes more often?",2472,484,37376,0.5177926119253162,0.5052588996763754,0.5186215753424658,-0.013362675666090396,0.013030882468786507,-0.03890320530491195,0.012177853972731158,0.30514521528720745,-0.009923318525860814,-0.015222439595118042,CE,2392.0,473.0,18.17305694256339,-149.16360226137022,0.9811967315571227,-213.0028858966531,T30S20H60,28.417222994227075,-141.56413476789857,0.9822171985248042,-239.41906870994518,97.8549339420466,0.07220817081266304,0.5345445437982967,1.0,0.403445376403558,True,False,False,False
Q1264,OIPCR,MIDCPNIFTY,"If at 10:15 the near-ATM put/call OI ratio is above 1.3, is MIDCPNIFTY up 10:15->15:09 more often?",86,86,500,0.5392491467576792,0.6046511627906976,0.528,0.07665116279069761,0.05730327207465868,-0.03566325047563339,0.18896557605702863,0.18101373924922112,0.11077499279746472,0.0726037195994278,CE,81.0,81.0,1225.1851450955426,991.6811870763103,0.13017294376968552,-88.61850724027532,time,1225.1851450955426,991.6811870763103,0.13017294376968552,-88.61850724027532,1080.2996943165858,0.11006972461374129,0.38469147221004163,1.0,0.4933526103946929,True,False,False,False
Q1265,OIPCR,MIDCPNIFTY,"If at 10:15 the near-ATM put/call OI ratio is below 0.7, is MIDCPNIFTY up 10:15->15:09 more often?",65,65,521,0.5392491467576792,0.5384615384615384,0.5393474088291746,-0.0008858703676362101,0.06563247099764404,-0.12952551352301853,0.1277537727877461,0.9892309276572118,0.05102923369659229,-0.14565656565656565,PE,56.0,56.0,-759.0000032952854,-890.0938930258518,0.9051188399969979,-911.4491779322991,T30S15H15,130.71433476039343,-4.994099625341375,0.5109088077992433,-221.51045418385908,216.5163545585177,0.1178811608990486,0.9968303547158344,1.0,0.5091112666602045,False,False,False,False
Q1287,VOLUME,MIDCPNIFTY,"If calls took >65% of near-ATM option volume in the last 5 min, is MIDCPNIFTY up over the next 15 minutes more often?",3619,462,36229,0.5152579803252358,0.50815142304504,0.5159678710425349,-0.007816447997494924,0.011354944740228648,-0.030072139688343075,0.014439243693353226,0.4912173331176889,-0.011958291285614653,-0.012621051051617538,CE,3274.0,457.0,-47.47588270090671,-198.108432292767,0.9999995489017919,-196.20264721393116,time,-47.47588270090671,-198.108432292767,0.9999995489017919,-196.20264721393116,-1.9057850788358481,0.5189098562112302,0.7080115751081774,1.0,0.8456643918682163,True,False,False,False
Q1288,VOLUME,MIDCPNIFTY,"If puts took >65% of near-ATM option volume in the last 5 min, is MIDCPNIFTY up over the next 15 minutes more often?",3170,423,36678,0.5152579803252358,0.5075709779179811,0.5159223512732428,-0.008351373355261704,0.01157618261273549,-0.031040691276223265,0.014337944565699857,0.4706466981508819,-0.001351588543234361,-0.005921416613103414,PE,2947.0,414.0,-16.310131346770856,-207.34635154807228,0.9998330198013352,-186.92620064089212,time,-16.310131346770856,-207.34635154807228,0.9998330198013352,-186.92620064089212,-20.420150907180144,0.6381939900770801,0.6920248623679666,1.0,0.8996488950739987,True,False,False,False
Q1289,VOLUME,MIDCPNIFTY,"If MIDCPNIFTY's near-ATM option volume surged (>3x the prior 30-min pace), is the next 15-minute move bigger?",1834,582,38014,11.68350789597704,18.873367777047527,11.33663035028642,7.536737426761107,0.5547162699568275,6.449493537645725,8.623981315876488,4.8055917625205993e-42,6.1216709988775175,9.143859054740933,CE+PE,1702.0,570.0,-67.8684101597823,-404.9364980851859,1.0,-394.8999272105621,T30S10H15,-46.06818356048907,-390.8562412106437,1.0,-378.3449176200281,-12.511323590615632,0.6093493223091405,1.4760031842027557e-40,1.0,0.8856985148170304,True,True,False,False
Q1290,VOLUME,MIDCPNIFTY,"If MIDCPNIFTY's option volume surged (>3x) with the index rising over the last 5 min, is the next 15 minutes up more often?",923,500,38925,0.5152579803252358,0.48970747562296857,0.515863840719332,-0.026156365096363432,0.018352963799322154,-0.06212817414303485,0.009815443950307985,0.15410378807350497,-0.03632331136738054,-0.016827893774738867,PE,857.0,490.0,63.437541040266964,-94.83313163055082,0.8502329511527382,-178.37175684465302,T25S15H60,106.59977459990992,-54.94161499202207,0.7578068150334702,-178.05181009694343,123.11019510492132,0.058259654394716864,0.3433400459668764,1.0,0.3582783717375187,True,False,False,False
Q1291,VOLUME,MIDCPNIFTY,"If MIDCPNIFTY's option volume surged (>3x) with the index falling over the last 5 min, is the next 15 minutes up more often?",907,493,38941,0.5152579803252358,0.5292171995589857,0.514932847127706,0.014284352431279679,0.01851641609710494,-0.022007823119046005,0.05057652798160536,0.44044462474622387,0.0374233636897946,-0.007806161654068167,PE,853.0,482.0,-64.68464051992365,-231.1596551418698,0.9806542777425563,-182.05644808029288,T30S20H15,-28.593201273910324,-197.1569192433035,0.9952661696959483,-187.2784880332649,-9.87843121003863,0.551585530235488,0.6692268149854285,1.0,0.8586627086369503,False,False,False,False
Q0041,OPEN,SENSEX,"If SENSEX rises more than 0.2% in the first 15 minutes, how often does it keep going the same way from 09:29 to 15:09 (vs other days)?",88,88,502,0.5016949152542373,0.4772727272727273,0.5059760956175299,-0.028703368344802582,0.05778092222032966,-0.1419539758966487,0.08454723920704356,0.6193568724428126,0.04924498535046207,-0.07614876287075456,CE,86.0,86.0,-179.79066087409507,-292.4221779412185,0.6767149541368654,-361.1020181591307,liq,211.53491707735284,95.23909843631894,0.4040372406986731,-156.42357622800387,251.66267466432268,0.26047720447569545,0.79055714192684,1.0,0.7291998549452,False,False,False,False
Q0042,OPEN,SENSEX,"If SENSEX falls more than 0.2% in the first 15 minutes, how often does it keep going the same way from 09:29 to 15:09 (vs other days)?",129,129,461,0.49830508474576274,0.5193798449612403,0.4924078091106291,0.026972035850611253,0.04981418675802595,-0.0706637701951196,0.12460784189634211,0.5881954540131645,0.008474576271186474,0.04063492063492058,CE,124.0,124.0,-283.1935806139823,-395.9026540471145,0.7945805775401507,-361.1020181591308,T20S10H15,-26.435490269814768,-143.21692356391372,0.9990570986155953,-144.82615147158089,1.6092279076671232,0.48607236593858594,0.7764493828346118,1.0,0.8450568766484648,True,False,False,False
Q0043,OPEN,SENSEX,"If SENSEX rises more than 0.4% in the first 15 minutes, how often does it keep going the same way from 09:29 to 15:09 (vs other days)?",30,30,560,0.5016949152542373,0.4666666666666667,0.5035714285714286,-0.036904761904761885,0.09358175777374977,-0.22032500714131145,0.14651548333178768,0.693316376303491,0.15455594002306805,-0.07779827798277983,CE,,,,,,,,,,,,,,0.8429577054019824,,,False,False,False,False
Q0044,OPEN,SENSEX,"If SENSEX falls more than 0.4% in the first 15 minutes, how often does it keep going the same way from 09:29 to 15:09 (vs other days)?",33,33,557,0.49830508474576274,0.45454545454545453,0.5008976660682226,-0.04635221152276808,0.08930564029569867,-0.22139126650233745,0.1286868434568013,0.6037405624850063,-0.19122807017543858,0.010709718670076751,CE,33.0,33.0,-152.63636361468923,-283.0859857446248,0.598560089820086,-361.1020181591308,T20S10H15,-147.81815962357953,-282.2192508558415,0.9698629349452254,-144.82615147158083,-137.39309938426075,0.8198122816085619,0.7853845506272606,1.0,0.9915175098008203,False,False,False,False
Q0045,OPEN,SENSEX,"If SENSEX rises more than 0.2% in the first 30 minutes, how often does it keep going the same way from 09:44 to 15:09 (vs other days)?",110,110,480,0.5033898305084745,0.5363636363636364,0.49583333333333335,0.04053030303030303,0.05278471196192624,-0.0629277324150724,0.14398833847567843,0.4425812363285326,0.10581908968695986,0.006027959471591682,CE,109.0,109.0,130.52292792622103,18.34000796527187,0.4860405420235514,-389.82232682815896,time,130.52292792622103,18.34000796527187,0.4860405420235514,-389.82232682815896,408.16233479343066,0.21801992252955799,0.6708928259269178,1.0,0.6773101263833402,True,False,False,False
Q0046,OPEN,SENSEX,"If SENSEX falls more than 0.2% in the first 30 minutes, how often does it keep going the same way from 09:44 to 15:09 (vs other days)?",148,148,442,0.4966101694915254,0.49324324324324326,0.497737556561086,-0.004494313317842724,0.04752165440048919,-0.09763675594280152,0.08864812930711607,0.9246531959823464,-0.02675150519978109,0.00812324929971997,CE,146.0,146.0,-412.8356281535266,-525.5413492145781,0.9015909094001899,-389.822326828159,T30S15H30,-92.00000919707834,-209.12124791256988,0.991317398172205,-158.71838025125442,-50.40286766131539,0.7168007270667942,0.9639817243030031,1.0,0.9404459325569817,False,False,False,False
Q0047,OPEN,SENSEX,"If SENSEX rises more than 0.4% in the first 30 minutes, how often does it keep going the same way from 09:44 to 15:09 (vs other days)?",41,41,549,0.5033898305084745,0.4878048780487805,0.5045537340619308,-0.01674885601315035,0.0809962256628434,-0.1755014583123234,0.1420037462860227,0.8361772747479705,0.24116607773851595,-0.12068965517241381,PE,38.0,38.0,1366.2631895824481,1247.4585033034905,0.09176867890772283,-382.29938466832215,time,1366.2631895824481,1247.4585033034905,0.09176867890772283,-382.29938466832215,1629.7578879718128,0.041147749855585974,0.9174336076899201,1.0,0.2971052274015835,False,False,False,False
Q0048,OPEN,SENSEX,"If SENSEX falls more than 0.4% in the first 30 minutes, how often does it keep going the same way from 09:44 to 15:09 (vs other days)?",49,49,541,0.4966101694915254,0.42857142857142855,0.5027726432532348,-0.07420121468180624,0.07395458403839865,-0.2191521993970676,0.07074977003345512,0.31569930586479167,-0.2332189168573608,0.023899371069182385,CE,49.0,49.0,151.42858639055368,26.966186717731805,0.48734808798396456,-389.822326828159,time,151.42858639055368,26.966186717731805,0.48734808798396456,-389.822326828159,416.788513545891,0.31197949306091416,0.5454667821221874,1.0,0.784770527057829,False,False,False,False
Q0049,OPEN,SENSEX,"If SENSEX rises more than 0.4% in the first 15 minutes, how often does it close (15:29) above the open?",30,30,560,0.46440677966101696,0.8666666666666667,0.44285714285714284,0.42380952380952386,0.06557238145497102,0.29528765615778063,0.5523313914612671,1.0248987320873926e-10,0.3385236447520185,0.4875461254612546,CE,,,,,,,,,,,,,,7.777172731721979e-10,,,True,True,False,False
Q0050,OPEN,SENSEX,"If SENSEX falls more than 0.4% in the first 15 minutes, how often does it close (15:29) above the open?",33,33,557,0.46440677966101696,0.3333333333333333,0.47217235188509876,-0.13883901855176545,0.08481534127836667,-0.3050770874573641,0.02739905035383322,0.10163957300248426,-0.0017543859649122862,-0.18030690537084398,CE,33.0,33.0,-152.63636361468923,-283.0859857446248,0.598560089820086,-361.1020181591308,T20S10H15,-147.81815962357953,-282.2192508558415,0.9698629349452254,-144.82615147158083,-137.39309938426075,0.8198122816085619,0.25409893250621063,1.0,0.9915175098008203,True,False,False,False
Q0115,GAP,SENSEX,"When SENSEX gaps up more than 0.5%, how often is the gap filled (previous close touched) the same day?",52,52,538,0.6711864406779661,0.25,0.7118959107806692,-0.46189591078066916,0.063196244500315,-0.5857605500012866,-0.33803127156005175,2.6931022623475247e-13,-0.3826912787586945,-0.5528905289052891,col:gapfill_dir,49.0,49.0,-1029.6530680632104,-1128.5463934307058,0.9170656981791285,-535.756630603496,T25S10H15,-142.85713040098852,-249.09678037445656,1.0,-98.08703599124223,-151.00974438321435,0.9999999582336053,2.412570776686324e-12,1.0,1.0,True,True,False,False
Q0116,GAP,SENSEX,"When SENSEX gaps up more than 0.5%, how often is the first 15 minutes up?",52,52,538,0.4440677966101695,0.4230769230769231,0.44609665427509293,-0.023019731198169857,0.07184659448348152,-0.16383905638579363,0.11779959398945392,0.748664257030653,-0.08654360620652757,0.04504920049200489,PE,49.0,49.0,-582.8571148307956,-683.706983285419,0.9975873933105759,-168.12092236999487,T25S10H15,-142.85713040098852,-249.09678037445656,1.0,-98.08703599124223,-151.00974438321435,0.9999999582336053,0.8646167337238517,1.0,1.0,False,False,False,False
Q0117,GAP,SENSEX,"When SENSEX gaps up more than 0.5%, how often is 09:30-15:09 up (the rest of the day after the first 15 min)?",52,52,538,0.5016949152542373,0.4807692307692308,0.5037174721189591,-0.022948241349728338,0.07262353578121811,-0.16529037148091583,0.11939388878145915,0.7520108271051791,-0.05631353665061534,0.012915129151291505,CE,51.0,51.0,425.64701255630047,313.99018332127986,0.3469924010460694,-361.10201815913075,time,425.64701255630047,313.99018332127986,0.3469924010460694,-361.10201815913075,675.0922014804106,0.1987928291946245,0.8670969523214416,1.0,0.6468973725713719,False,False,False,False
Q0118,GAP,SENSEX,"When SENSEX gaps up 0.2-0.5%, how often is the gap filled (previous close touched) the same day?",161,161,429,0.6711864406779661,0.5962732919254659,0.6993006993006993,-0.10302740737523342,0.04459549947295707,-0.19043458634222926,-0.015620228408237555,0.020873505019075915,-0.1155263157894737,-0.08826253804419737,col:gapfill_dir,144.0,144.0,-958.6388715097887,-1064.069031557684,0.9959125618404425,-535.756630603496,T25S10H15,-47.35417366027832,-160.05021371618224,0.9999990591950931,-98.08703599124223,-61.96317772494004,0.9674847764534713,0.07563713897361778,1.0,1.0,True,False,False,False
Q0119,GAP,SENSEX,"When SENSEX gaps up 0.2-0.5%, how often is the first 15 minutes up?",161,161,429,0.4440677966101695,0.4161490683229814,0.45454545454545453,-0.038396386222473156,0.04572310369434247,-0.12801366946338438,0.051220897018438086,0.40104354569581807,0.03473684210526312,-0.14675135635834324,PE,144.0,144.0,-405.86804072062176,-513.718950074659,0.9760267570072574,-168.12092236999487,T25S10H15,-47.35417366027832,-160.05021371618224,0.9999990591950931,-98.08703599124223,-61.96317772494004,0.9674847764534713,0.6278472984801035,1.0,1.0,False,False,False,False
Q0120,GAP,SENSEX,"When SENSEX gaps up 0.2-0.5%, how often is 09:30-15:09 up (the rest of the day after the first 15 min)?",161,161,429,0.5016949152542373,0.4968944099378882,0.5034965034965035,-0.006602093558615352,0.04625021919054107,-0.09725252317207585,0.08404833605484514,0.8864897652757061,-0.03026315789473688,0.015283842794759805,PE,154.0,154.0,-540.1103479497425,-643.7782745060794,0.9712588441647769,-418.46631835350905,T20S10H15,-29.006494299157872,-137.67008433873102,0.9999999980464863,-142.9780817373114,5.307997398580361,0.4102039185187164,0.9466653950377988,1.0,0.8450568766484648,False,False,False,False
Q0121,GAP,SENSEX,"When SENSEX gaps down 0.2-0.5%, how often is the gap filled (previous close touched) the same day?",61,61,529,0.6711864406779661,0.6721311475409836,0.6710775047258979,0.001053642815085687,0.0635353665234968,-0.12347567557096803,0.1255829612011394,0.9867688368087026,-0.0522426756546539,0.049548479087452524,col:gapfill_dir,55.0,55.0,272.309203137051,151.57470275468566,0.42048643461840773,-413.9366971835014,time,272.309203137051,151.57470275468566,0.42048643461840773,-413.9366971835014,565.5113999381869,0.22704797597830306,0.9968142517488068,1.0,0.6878313487633293,False,False,False,False
Q0122,GAP,SENSEX,"When SENSEX gaps down 0.2-0.5%, how often is the first 15 minutes up?",61,61,529,0.4440677966101695,0.47540983606557374,0.44045368620037806,0.034956149865195685,0.067543077178377,-0.09742828140442322,0.1673405811348146,0.604780227952989,0.012833808659580004,0.05810361216730037,PE,58.0,58.0,683.0345022267309,575.0925128303409,0.12313659696375046,-168.1209223699949,time,683.0345022267309,575.0925128303409,0.12313659696375046,-168.1209223699949,743.2134352003357,0.06701479364377219,0.7853845506272606,1.0,0.3869820558740324,True,False,False,False
Q0123,GAP,SENSEX,"When SENSEX gaps down 0.2-0.5%, how often is 09:30-15:09 up (the rest of the day after the first 15 min)?",61,61,529,0.5016949152542373,0.5409836065573771,0.497164461247637,0.04381914530974007,0.0674619422813565,-0.08840626156171869,0.17604455218119883,0.5159902116447131,0.002203785325382457,0.08341254752851712,CE,57.0,57.0,244.4561548295774,125.84446947851457,0.43342634968058114,-361.10201815913075,liq,307.6491560015762,186.64847671381438,0.3485658983241884,-156.42357622800384,343.0720529418181,0.23719145419017837,0.7293294584855372,1.0,0.699394757452573,True,False,False,False
Q0124,GAP,SENSEX,"When SENSEX gaps down more than 0.5%, how often is the gap filled (previous close touched) the same day?",35,35,555,0.6711864406779661,0.22857142857142856,0.6990990990990991,-0.4705276705276705,0.07366222850798176,-0.6149056384033148,-0.32614970265202625,1.6846725156895823e-10,-0.40111845449923744,-0.5212026416405978,col:gapfill_dir,34.0,34.0,-487.2941719433841,-601.3528945238362,0.6853457895586706,-413.93669718350145,liq,434.9117121976965,314.4722353105958,0.35463496127868244,-29.512744334068685,343.9849796446643,0.3417003613515441,1.2708933013096847e-09,1.0,0.8137515262901646,True,True,False,False
Q0125,GAP,SENSEX,"When SENSEX gaps down more than 0.5%, how often is the first 15 minutes up?",35,35,555,0.4440677966101695,0.8571428571428571,0.418018018018018,0.4391248391248391,0.06279782435942187,0.3160411033803722,0.562208574869306,2.6969186096900337e-12,0.4051855617691916,0.47393117831074033,CE,34.0,34.0,222.26468030144187,105.09953485511194,0.4440933152048514,-207.5476865978562,liq,434.9117121976965,314.4722353105958,0.35463496127868244,-29.512744334068685,343.9849796446643,0.3417003613515441,2.2591071470780153e-11,1.0,0.8137515262901646,True,True,False,False
Q0126,GAP,SENSEX,"When SENSEX gaps down more than 0.5%, how often is 09:30-15:09 up (the rest of the day after the first 15 min)?",35,35,555,0.5016949152542373,0.4857142857142857,0.5027027027027027,-0.016988416988416966,0.08717996025203527,-0.1878611390824061,0.15388430510557216,0.8454977904255035,-0.016014234875444844,-0.012860618700034798,PE,35.0,35.0,757.085698570524,647.0183127947722,0.24200110585729398,-418.46631835350905,time,757.085698570524,647.0183127947722,0.24200110585729398,-418.46631835350905,1065.4846311482816,0.12455058597628302,0.9235327262056728,1.0,0.522265784487312,True,False,False,False
Q0127,GAP,SENSEX,"On SENSEX gap-up (>0.5%) days, how often is the day's HIGH set in the first 30 minutes?",52,52,538,0.3440677966101695,0.36538461538461536,0.3420074349442379,0.023377180440377454,0.06989830900724119,-0.11362350521381526,0.16037786609457017,0.738043350273164,0.0537720706260032,-0.005073800738007395,,,,,,,,,,,,,,,0.8624083127690702,,,False,False,False,False
Q0128,GAP,SENSEX,"On SENSEX gap-up (>0.5%) days, how often is the day's LOW set in the first 30 minutes?",52,52,538,0.3288135593220339,0.25,0.33643122676579923,-0.08643122676579923,0.06346297813870896,-0.2108186639176688,0.03795621038607033,0.17322448849132568,-0.11904761904761904,-0.047816728167281664,,,,,,,,,,,,,,,0.37367824440436476,,,True,False,False,False
Q0129,GAP,SENSEX,"On SENSEX gap-down (<-0.5%) days, how often is the day's HIGH set in the first 30 minutes?",35,35,555,0.3440677966101695,0.42857142857142855,0.3387387387387387,0.08983268983268983,0.08610019519223211,-0.07892369274408512,0.25858907240946477,0.296785946521498,0.12608032536858155,0.052659019812304475,,,,,,,,,,,,,,,0.5244573575516882,,,True,False,False,False
Q0130,GAP,SENSEX,"On SENSEX gap-down (<-0.5%) days, how often is the day's LOW set in the first 30 minutes?",35,35,555,0.3288135593220339,0.45714285714285713,0.3207207207207207,0.1364221364221364,0.0865772607768607,-0.03326929470051057,0.30611356754478336,0.11508870819372324,0.11184544992374174,0.151372957942301,,,,,,,,,,,,,,,0.2769858835259384,,,True,False,False,False
Q0183,TIMING,SENSEX,"If at 10:15 SENSEX's day high so far was made in the first 15 minutes, how often does it stay the day's high to the close?",299,299,291,0.43050847457627117,0.5652173913043478,0.2920962199312715,0.2731211713730763,0.03917993886467566,0.19632849119831197,0.3499138515478406,3.1482061560828578e-12,0.22599650188713982,0.31348656881750203,CE,296.0,296.0,-262.39865701746294,-372.5442909271218,0.9385223841963811,-256.0337170899626,T30S20H15,0.7804030341071051,-112.74262246117706,0.9999325695119051,-144.57532736344453,31.83270490226746,0.1405527440094689,2.6201199621592815e-11,1.0,0.5519084516887408,True,True,False,False
Q0184,TIMING,SENSEX,"If at 10:15 SENSEX's day low so far was made in the first 15 minutes, how often does it stay the day's low to the close?",265,265,325,0.4152542372881356,0.5584905660377358,0.29846153846153844,0.2600290275761974,0.039716657637150814,0.1821843786073818,0.337873676545013,5.866411123327392e-11,0.22054324650041718,0.29966486687767635,CE,263.0,263.0,15.095062772584052,-92.95823013613051,0.6455229820655188,-256.0337170899626,time,15.095062772584052,-92.95823013613051,0.6455229820655188,-256.0337170899626,163.07548695383213,0.25629581950456115,4.5045656839835333e-10,1.0,0.7243552873115329,True,True,False,False
Q0185,TIMING,SENSEX,"If at 11:15 SENSEX's day high so far was made in the first 15 minutes, how often does it stay the day's high to the close?",241,241,349,0.5135593220338983,0.7012448132780082,0.3839541547277937,0.31729065855021454,0.039365840081829244,0.24013361198982924,0.39444770511059984,7.626294450496832e-16,0.2658079625292741,0.3603717194358831,CE,236.0,236.0,-275.98306736577365,-384.1676442448736,0.9401418028372996,-262.8784555399466,liq,45.733038692151084,-64.67573419329226,0.7019535405418841,-72.55109058969664,7.875356396404365,0.4742702339594154,7.953955303169876e-15,1.0,0.8450568766484648,True,True,False,False
Q0186,TIMING,SENSEX,"If at 11:15 SENSEX's day low so far was made in the first 15 minutes, how often does it stay the day's low to the close?",221,221,369,0.5203389830508475,0.669683257918552,0.43089430894308944,0.23878894897546254,0.04084521747120972,0.1587323227318915,0.31884557521903356,5.029560616981374e-09,0.23140783455955455,0.2467771639042357,CE,220.0,220.0,81.67272742228074,-26.657736483367692,0.541641504754795,-262.87845553994663,time,81.67272742228074,-26.657736483367692,0.541641504754795,-262.87845553994663,236.22071905657904,0.17706176010597185,3.564908349398886e-08,1.0,0.6121902451734774,True,True,False,False
Q0187,TIMING,SENSEX,"If at 12:30 SENSEX's day high so far was made in the first 15 minutes, how often does it stay the day's high to the close?",212,212,378,0.5932203389830508,0.7971698113207547,0.47883597883597884,0.31833383248477587,0.037753087562169274,0.2443377808629241,0.3923298841066276,3.3982251173337987e-17,0.2592630397060324,0.36843909126517815,CE,208.0,208.0,-216.6923097234506,-322.81606009313793,0.9455082829632115,-216.74502315075202,T30S10H15,21.389424250676083,-88.29494317673264,0.9998584218365784,-92.94750953080703,4.6525663540743745,0.42414920170311476,3.914027144071965e-16,1.0,0.8450568766484648,True,True,False,False
Q0188,TIMING,SENSEX,"If at 12:30 SENSEX's day low so far was made in the first 15 minutes, how often does it stay the day's low to the close?",188,188,402,0.6016949152542372,0.7872340425531915,0.5149253731343284,0.2723086694188631,0.038920988160151763,0.19602353262496566,0.3485938062127606,2.625331650598176e-12,0.2385942627289086,0.3060230761088175,CE,186.0,186.0,215.62905724971526,109.17256580899894,0.3155723126108642,-216.74502315075205,liq,302.30643487745715,194.89143730836028,0.10976214390211902,-56.02535653619511,250.91679384455534,0.056967894025939325,2.2135149210925798e-11,1.0,0.3535114890785925,True,True,False,False
Q0189,TIMING,SENSEX,"If at 14:00 SENSEX's day high so far was made in the first 15 minutes, how often does it stay the day's high to the close?",191,191,399,0.6864406779661016,0.8848167539267016,0.5914786967418546,0.29333805718484696,0.03378045546173316,0.22712836447984996,0.35954774988984395,3.832264914048573e-18,0.2916117698726395,0.28028923948220064,PE,191.0,191.0,135.80103146468159,37.714020567389994,0.39920299049005026,-147.22232226950285,liq,264.712013923685,165.47335876546552,0.06866743540046548,-56.866707524103774,222.34006628956928,0.022945374593119797,4.663794093511943e-17,1.0,0.2093618526693676,True,True,False,False
Q0190,TIMING,SENSEX,"If at 14:00 SENSEX's day low so far was made in the first 15 minutes, how often does it stay the day's low to the close?",167,167,423,0.7101694915254237,0.8862275449101796,0.640661938534279,0.24556560637590064,0.03391095549041556,0.17910013361468613,0.31203107913711514,4.438049295877307e-13,0.21652648329165725,0.27443015120740244,CE,166.0,166.0,32.897617468632845,-71.00432257561813,0.6802943236456546,-227.11223856511836,T30S15H30,43.373500869934816,-62.711926411997254,0.9660986391431325,-123.7303813586924,61.01845494669515,0.0377842917454579,3.894614688218861e-12,1.0,0.28329212530857417,True,True,False,False
Q0191,TIMING,SENSEX,"On Mondays, how often is SENSEX's day high set in the first 30 minutes (vs other weekdays)?",116,116,474,0.3440677966101695,0.2672413793103448,0.3628691983122363,-0.09562781900189149,0.046685979062074265,-0.18713233796355705,-0.00412330004022593,0.040528666357256715,-0.116258218768679,-0.0790780141843972,,,,,,,,,,,,,,,0.12782880098010063,,,True,False,False,False
Q0192,TIMING,SENSEX,"On Tuesdays, how often is SENSEX's day high set in the first 30 minutes (vs other weekdays)?",121,121,469,0.3440677966101695,0.3884297520661157,0.3326226012793177,0.05580715078679799,0.04940336271430988,-0.04102344013324938,0.15263774170684535,0.2586353201201982,0.1228813559322034,-0.011006506991554754,,,,,,,,,,,,,,,0.4803543568095059,,,False,False,False,False
Q0193,TIMING,SENSEX,"On Wednesdays, how often is SENSEX's day high set in the first 30 minutes (vs other weekdays)?",116,116,474,0.3440677966101695,0.2672413793103448,0.3628691983122363,-0.09562781900189149,0.046685979062074265,-0.18713233796355705,-0.00412330004022593,0.040528666357256715,-0.03156028368794328,-0.16004184100418412,,,,,,,,,,,,,,,0.12782880098010063,,,True,False,False,False
Q0194,TIMING,SENSEX,"On Thursdays, how often is SENSEX's day high set in the first 30 minutes (vs other weekdays)?",119,119,471,0.3440677966101695,0.40336134453781514,0.32908704883227174,0.07427429570554339,0.049953543056266834,-0.023634648684739606,0.1721832400958264,0.1370498304694595,0.010283687943262398,0.1398305084745763,,,,,,,,,,,,,,,0.3168356295799333,,,True,False,False,False
Q0195,TIMING,SENSEX,"On Fridays, how often is SENSEX's day high set in the first 30 minutes (vs other weekdays)?",116,116,474,0.3440677966101695,0.3879310344827586,0.3333333333333333,0.054597701149425304,0.050199558760512165,-0.04379343402117854,0.15298883632002913,0.276765914975879,-0.004237288135593209,0.11654135338345861,,,,,,,,,,,,,,,0.4993399025438936,,,False,False,False,False
Q0268,TOD,SENSEX,Are SENSEX's 15-minute moves bigger when they start at 09:20-10:00 than at other times?,4720,590,35400,7.852241275650435,11.06812765699322,7.423456424804731,3.6446712321884887,0.2181257906728066,3.2171446824697876,4.07219778190719,1.12645732756444e-62,3.1260890016986824,4.163253462678295,CE+PE,4587.0,581.0,-69.23674470956793,-285.1008149330409,1.0,-284.1128242719379,T30S10H15,-7.788966935471509,-229.9562597582946,1.0,-229.16135724839108,-0.7949025099035206,0.5446424301190658,6.919666440752988e-61,1.0,0.8556814468258092,True,True,False,False
Q0269,TOD,SENSEX,Is SENSEX more often up over the next 15 minutes when starting at 09:20-10:00?,4720,590,35400,0.5089980059820538,0.4989406779661017,0.5103389830508475,-0.011398305084745763,0.011422193615331888,-0.03378580457079626,0.010989194401304737,0.3183236879523393,-0.005847457627118691,-0.01694915254237289,CE,4627.0,586.0,-15.384476172993605,-126.37079477004708,0.9999704508080656,-126.37079477004708,T30S10H15,-1.1324821292439418,-115.32697172199676,1.0,-115.32697172199681,2.594625040718101e-14,0.4999999999999983,0.5475167432780236,1.0,0.8450568766484648,True,False,False,False
Q0270,TOD,SENSEX,"On EXPIRY days, are SENSEX's 60-minute moves bigger starting at 09:20-10:00 than at other hours of expiry days?",992,124,7440,15.882222115654194,21.3238025759497,15.15667805428146,6.167124521668239,1.2770220087959847,3.6641613844281085,8.670087658908368,1.370127023667288e-06,5.164220633429865,7.17002840990661,CE+PE,984.0,124.0,-289.06098160317276,-453.54539158800577,0.9867910028744313,-383.5488526668371,liq,-7.921742384995872,-177.11706841572442,0.8150550397279515,-397.86435640973406,220.7472879940097,0.13189281350899412,8.456764882922495e-06,1.0,0.534192282869822,True,True,False,False
Q0271,TOD,SENSEX,Are SENSEX's 15-minute moves bigger when they start at 10:00-11:00 than at other times?,7080,590,33040,7.852241275650435,8.506736260484168,7.711992350328921,0.7947439101552467,0.16735858792407127,0.466721077824067,1.1227667424864265,2.046788792618921e-06,0.48538614083337084,1.1041016794771217,CE+PE,6964.0,586.0,-17.20491083924076,-229.04723166647074,1.0,-228.23752601322582,T25S10H60,-8.691269394175066,-226.1883979450396,1.0,-225.01529437891398,-1.1731035661256348,0.57092139190839,1.2513542855347907e-05,1.0,0.8667152966169808,True,True,False,False
Q0272,TOD,SENSEX,Is SENSEX more often up over the next 15 minutes when starting at 10:00-11:00?,7080,590,33040,0.5089980059820538,0.5060734463276836,0.5096246973365618,-0.003551251008878209,0.009252438551107722,-0.021686030569049344,0.014583528551292926,0.701113462184534,-0.015355125100887768,0.008252623083131572,PE,7016.0,587.0,8.768815939891297,-93.56577548207117,0.9999337671299637,-93.56577548207116,time,8.768815939891297,-93.56577548207117,0.9999337671299637,-93.56577548207116,0.0,0.5,0.8444783998301109,1.0,0.8450568766484648,False,False,False,False
Q0273,TOD,SENSEX,"On EXPIRY days, are SENSEX's 60-minute moves bigger starting at 10:00-11:00 than at other hours of expiry days?",1488,124,6944,15.882222115654194,17.075949600306892,15.626423368942902,1.4495262313639898,1.0683090207288748,-0.6443594492646048,3.5434119119925844,0.1748315134048163,1.2349526718281734,1.664099790899801,CE+PE,1477.0,124.0,-76.24237600338161,-234.01895870058345,0.9421641216906356,-262.1190956793919,T25S10H30,-26.079213549821215,-187.13666629943677,1.0,-227.73583563800034,40.59916933856359,0.0013384603825057333,0.3752623166259784,1.0,0.028318133774477595,True,False,False,False
Q0274,TOD,SENSEX,Are SENSEX's 15-minute moves bigger when they start at 11:00-12:00 than at other times?,7080,590,33040,7.852241275650435,6.899828793638844,8.05632966465292,-1.1565008710140754,0.1294808303914531,-1.4102832985813234,-0.9027184434468273,4.190159422583238e-19,-1.115290806868848,-1.1977109351593027,CE+PE,6985.0,586.0,-21.755474999877666,-230.58385467278714,1.0,-228.260053184813,liq,-14.391418129355035,-225.0751368586036,0.9995666175423163,-227.58320195689626,2.5080650982926422,0.4851976474878404,5.35178777735879e-18,1.0,0.8450568766484648,True,True,False,False
Q0275,TOD,SENSEX,Is SENSEX more often up over the next 15 minutes when starting at 11:00-12:00?,7080,590,33040,0.5089980059820538,0.5135593220338983,0.5080205811138014,0.005538740920096874,0.008715650739931571,-0.011543934530169005,0.022621416370362753,0.5251064904836205,0.010028248587570565,0.0010492332526230719,CE,7015.0,587.0,1.3298648391038455,-106.57516981798173,0.9999999199681328,-106.57516981798177,liq,33.452310095832594,-75.49531723514627,0.9004501847162478,-75.4953172351463,8.29759956000961e-15,0.49999999999999994,0.731187079313989,1.0,0.8450568766484648,True,False,False,False
Q0276,TOD,SENSEX,"On EXPIRY days, are SENSEX's 60-minute moves bigger starting at 11:00-12:00 than at other hours of expiry days?",1488,124,6944,15.882222115654194,14.729831098869283,16.129163047822388,-1.3993319489531046,1.039113746806095,-3.4359948926930506,0.6373309947868413,0.17809006109254805,-3.0918856461842843,0.29322174827807146,CE+PE,1487.0,124.0,-133.07801388379465,-285.07924146844914,0.9797548709622849,-267.7617457482735,liq,144.7572164529109,-10.975429915060511,0.5220369596653328,-227.52675332644995,216.55132341138952,0.13776060891328937,0.38098868790943113,1.0,0.5459174514641771,False,False,False,False
Q0277,TOD,SENSEX,Are SENSEX's 15-minute moves bigger when they start at 12:00-13:00 than at other times?,7080,590,33040,7.852241275650435,6.81444977164942,8.07462516936494,-1.2601753977155195,0.15635434031463347,-1.566629904732201,-0.9537208906988379,7.645662461961742e-16,-1.3555732728205347,-1.1647775226105024,CE+PE,6984.0,586.0,-20.66594605593337,-226.6031177100033,1.0,-227.46310386412688,time,-20.66594605593337,-226.6031177100033,1.0,-227.46310386412688,0.8599861541235946,0.4646801547316779,7.953955303169876e-15,1.0,0.8450568766484648,True,True,False,False
Q0278,TOD,SENSEX,Is SENSEX more often up over the next 15 minutes when starting at 12:00-13:00?,7080,590,33040,0.5089980059820538,0.5173728813559322,0.5072033898305085,0.01016949152542368,0.008975258329834498,-0.007422014801051938,0.027760997851899297,0.2571897442914853,0.0031678773204196764,0.017171105730427738,PE,7035.0,588.0,-3.652312733555992,-103.25402286035109,0.9999999705806039,-103.25402286035111,time,-3.652312733555992,-103.25402286035109,0.9999999705806039,-103.25402286035111,1.75822714202016e-14,0.4999999999999996,0.47875147205774315,1.0,0.8450568766484648,True,False,False,False
Q0279,TOD,SENSEX,"On EXPIRY days, are SENSEX's 60-minute moves bigger starting at 12:00-13:00 than at other hours of expiry days?",1488,124,6944,15.882222115654194,15.514897170246288,15.960934603955888,-0.44603743370960025,1.2217598097387832,-2.840686660797615,1.9486117933784146,0.7150533012414488,-2.6170745387604715,1.7249996713412692,CE+PE,1487.0,124.0,-125.63618216806398,-272.3431117704521,0.9906341358788262,-325.93587318721245,liq,98.91862336949526,-51.08202358516346,0.6212973199131648,-228.3644399850347,177.28241639987115,0.14185755434633673,0.8540914431495084,1.0,0.5540176508162022,False,False,False,False
Q0280,TOD,SENSEX,Are SENSEX's 15-minute moves bigger when they start at 13:00-14:00 than at other times?,7080,590,33040,7.852241275650435,6.881750403151,8.060203605471743,-1.1784532023207435,0.14190224001588592,-1.45658159275188,-0.900324811889607,1.0008581145619088e-16,-1.1506889155644195,-1.2062174890770647,CE+PE,6987.0,586.0,-42.36997551137974,-245.5803674595095,1.0,-250.1766374713679,T30S10H15,-1.7253471277328936,-210.12062732217723,1.0,-209.8338039333144,-0.28682338886284336,0.5200332626161766,1.1325499717411074e-15,1.0,0.8462623597335978,True,True,False,False
Q0281,TOD,SENSEX,Is SENSEX more often up over the next 15 minutes when starting at 13:00-14:00?,7080,590,33040,0.5089980059820538,0.5216101694915254,0.5062953995157385,0.015314769975786846,0.008786093871975471,-0.0019059740132850757,0.032535513964858764,0.08132152074715059,0.026836158192090398,0.003793381759483405,CE,7020.0,588.0,2.0471498429605424,-103.00622666833293,0.9999999965925569,-103.00622666833293,T30S10H15,6.8045583763013875,-100.92086427702182,1.0,-100.92086427702182,1.2437534383219531e-14,0.4999999999999991,0.21900785336915293,1.0,0.8450568766484648,True,False,False,False
Q0282,TOD,SENSEX,"On EXPIRY days, are SENSEX's 60-minute moves bigger starting at 13:00-14:00 than at other hours of expiry days?",1488,124,6944,15.882222115654194,13.669948750285693,16.356280693947443,-2.6863319436617505,0.8982810135296799,-4.446962730179923,-0.9257011571435778,0.002784982138918363,-0.7657109689419528,-4.606952918381552,CE+PE,1488.0,124.0,-475.98455090836813,-614.7939936232989,0.9999999999986338,-371.4610868373595,T30S10H15,-24.554436642636535,-167.53545862052394,1.0,-209.83196253111007,42.29650391058612,6.243834099364451e-05,0.012785149321013125,1.0,0.002117862874709027,True,True,False,False
Q0283,TOD,SENSEX,Are SENSEX's 15-minute moves bigger when they start at 14:00-14:55 than at other times?,7080,590,33040,7.852241275650435,8.014516895100222,7.817467928625481,0.1970489664747408,0.1831680792764919,-0.1619604689071833,0.5560584018566649,0.2820246572562757,0.9032461389213724,-0.5091482059718908,CE+PE,6994.0,587.0,-48.10409368209441,-248.12224801701123,1.0,-248.29350867646363,T30S10H15,-1.019445574212013,-206.1740392164225,1.0,-206.34647380326473,0.17243458684220325,0.48950391305049684,0.5064511950858236,1.0,0.8450568766484648,False,False,False,False
Q0284,TOD,SENSEX,Is SENSEX more often up over the next 15 minutes when starting at 14:00-14:55?,7080,590,33040,0.5089980059820538,0.49307909604519773,0.512409200968523,-0.01933010492332532,0.00905765835100615,-0.037083115291297375,-0.001577094555353268,0.032833184243387235,-0.020500403551250934,-0.01815980629539954,PE,7026.0,587.0,-8.884718514832546,-105.3521135414523,0.9999999161180683,-105.35211354145227,T30S10H60,7.925702265243465,-90.99345174753559,1.0,-90.99345174753559,-7.249032635821803e-15,0.5000000000000004,0.10888125366059005,1.0,0.8450568766484648,True,False,False,False
Q0285,TOD,SENSEX,"On EXPIRY days, are SENSEX's 60-minute moves bigger starting at 14:00-14:55 than at other hours of expiry days?",1488,124,6944,15.882222115654194,14.792763651699149,16.11567750078742,-1.3229138490882715,1.1296319352651412,-3.536992442207948,0.8911647440314052,0.2415579115417823,1.5509894581800587,-4.1968171563566,CE+PE,1485.0,124.0,-308.606724487812,-440.22695060761305,0.9999863778302848,-312.6417159279851,T30S10H60,6.261279340544935,-128.56180330599702,0.9999999999999911,-207.7985987747502,79.23679546875316,1.120845854404793e-06,0.46563890223064797,1.0,5.872704820208455e-05,False,False,False,False
Q0326,DOW,SENSEX,Is SENSEX more often up (close > open) on Mondays?,116,116,474,0.46440677966101696,0.5517241379310345,0.4430379746835443,0.1086861632474902,0.05154797100852774,0.007652140070775831,0.20972018642420456,0.03499234527882355,0.10811416616855951,0.11241134751773058,CE,106.0,106.0,281.05668337839955,156.7098420256951,0.37771171092054656,-413.93669718350156,liq,330.25480378348874,203.9754971591822,0.28811856310380557,-29.5127443340687,233.48824149325083,0.26116628784793244,0.1139902156810161,1.0,0.7300818577092529,True,False,False,False
Q0327,DOW,SENSEX,Is SENSEX's day range bigger on Mondays?,116,116,474,0.9125416596057051,0.8679810746990401,0.9234467816503742,-0.055465706951334126,0.04680252039358865,-0.14719864692276788,0.036267233020099626,0.23597757293565275,-0.13804519788606462,0.019424494392905722,CE+PE,97.0,97.0,-98.97929398054929,-334.4156041167849,0.7540954950755991,-949.6933277869975,liq,276.1031750551204,35.39087624045532,0.47172089408200046,-247.86230638837517,283.2531826288305,0.285081886200446,0.46013913257055955,1.0,0.7580849584322344,False,False,False,False
Q0328,DOW,SENSEX,Is SENSEX more often up (close > open) on Tuesdays?,121,121,469,0.46440677966101696,0.39669421487603307,0.48187633262260127,-0.0851821177465682,0.050145062022575654,-0.18346643931081646,0.013102203817680083,0.08937308857797997,-0.11864406779661019,-0.05067146614979928,PE,112.0,112.0,512.9732170434935,404.0798685034911,0.23741713492481686,-535.756630603496,time,512.9732170434935,404.0798685034911,0.23741713492481686,-535.756630603496,939.8364991069874,0.04824154390917007,0.23058256853118833,1.0,0.3241566959140258,True,False,False,False
Q0329,DOW,SENSEX,Is SENSEX's day range bigger on Tuesdays?,121,121,469,0.9125416596057051,0.9104099894358106,0.91309162141926,-0.002681631983449395,0.0737681276477644,-0.14726716217306762,0.14190389820616883,0.9710015467151354,-0.020602930905455175,0.012055170058659415,CE+PE,111.0,111.0,-1047.8378400555603,-1263.2360049719791,0.9984835566298503,-949.6933277869975,T30S10H60,47.720727319115994,-178.5980782797366,0.999919415242475,-190.09011111790588,11.492032838169369,0.40408433211335215,0.9920134636578409,1.0,0.8450568766484648,False,False,False,False
Q0330,DOW,SENSEX,Is SENSEX more often up (close > open) on Wednesdays?,116,116,474,0.46440677966101696,0.5172413793103449,0.45147679324894513,0.06576458606139973,0.051764952940763505,-0.03569472170249674,0.1672238938252962,0.2039257469736335,0.03971631205673759,0.08995815899581588,CE,110.0,110.0,394.4181789051403,272.4123914125457,0.24811910148851576,-413.9366971835016,time,394.4181789051403,272.4123914125457,0.24811910148851576,-413.9366971835016,686.3490885960472,0.04323363027484,0.4188920598662217,1.0,0.30502182578043224,True,False,False,False
Q0331,DOW,SENSEX,Is SENSEX's day range bigger on Wednesdays?,116,116,474,0.9125416596057051,0.8498293988663574,0.9278889639216636,-0.0780595650553062,0.04736139234444164,-0.17088789405041183,0.01476876393979941,0.09931805520784237,0.06254512353780428,-0.22258304410658059,CE+PE,108.0,108.0,-687.4629543445728,-920.3294290130443,0.9998607084429867,-949.6933277869975,T30S10H30,-4.574065031828703,-247.55832479517505,0.9999999972171606,-190.78848412150307,-56.76984067367193,0.9093514665813234,0.2512162572904248,1.0,1.0,False,False,False,False
Q0332,DOW,SENSEX,Is SENSEX more often up (close > open) on Thursdays?,119,119,471,0.46440677966101696,0.42016806722689076,0.47558386411889597,-0.05541579689200521,0.05080530774779673,-0.1549942000776868,0.04416260629367638,0.2753837045989075,-0.06489361702127655,-0.04661016949152541,PE,111.0,111.0,-628.7567326399657,-731.5789379758302,0.9274586291737306,-535.7566306034958,liq,41.765788310282936,-66.07626088734075,0.6018285691893479,-218.3495620543066,152.27330116696584,0.27600381897901094,0.4975419873005471,1.0,0.746823613697586,True,False,False,False
Q0333,DOW,SENSEX,Is SENSEX's day range bigger on Thursdays?,119,119,471,0.9125416596057051,0.9585441205681873,0.9009189571544622,0.057625163413725033,0.047753000713732265,-0.035970717985190206,0.15122104481264026,0.22753465035530201,0.08611451394803138,0.02965482842114009,CE+PE,108.0,108.0,-988.2685061626964,-1199.4405824448334,0.9978525320434677,-949.6933277869975,liq,80.45371726707175,-139.57802195355038,0.6618657431596562,-247.86230638837517,108.28428443482484,0.3729908327408618,0.45156876762821474,1.0,0.8412725092247202,True,False,False,False
Q0334,DOW,SENSEX,Is SENSEX more often up (close > open) on Fridays?,116,116,474,0.46440677966101696,0.4482758620689655,0.46835443037974683,-0.02007856831078131,0.05159393281447496,-0.12120267662715223,0.08104554000558961,0.6971538711728983,0.05084745762711862,-0.09450095827804811,CE,112.0,112.0,-168.71429061783212,-263.89776279592417,0.6698182334086347,-413.9366971835015,liq,515.4821981702532,415.37755566496634,0.13240877684029573,-29.512744334068696,444.890299999035,0.11617966247645711,0.8436477427889669,1.0,0.505883598753568,False,False,False,False
Q0335,DOW,SENSEX,Is SENSEX's day range bigger on Fridays?,116,116,474,0.9125416596057051,0.9722396690269997,0.8979320201692702,0.07430764885772945,0.05192286629456847,-0.02746116907962476,0.17607646679508365,0.15239694959392816,0.0004977636923224615,0.15187669112305202,CE+PE,112.0,112.0,-665.0357334488737,-850.3068447017822,0.9618340690861826,-949.6933277869975,liq,306.5268475668771,112.98360308902977,0.38900286793783423,-247.86230638837517,360.8459094774049,0.18395647110452698,0.34130566836140164,1.0,0.6229738845629864,True,False,False,False
Q0386,EXPIRY,SENSEX,Is SENSEX's day range bigger on expiry day?,124,124,466,0.9125416596057051,0.970550898102022,0.8971057248985307,0.07344517320349131,0.05316533963974423,-0.030758892490407377,0.17764923889738998,0.16714113400455677,0.005127042857923647,0.14176330354905908,CE+PE,122.0,122.0,-1134.2295370055515,-1300.0632940188302,0.9925282814959048,-949.6933277869975,liq,389.6311813104348,213.26416491550845,0.30600541227364336,-247.86230638837517,461.12647130388353,0.13638735567155366,0.3635057356344055,1.0,0.5427443471297362,True,False,False,False
Q0387,EXPIRY,SENSEX,Does SENSEX's ATM straddle lose more of its value 09:20->15:09 on expiry day?,123,123,453,-28.18740159107579,-87.1375618291095,-12.181066692007036,-74.95649513710246,0.9570500400576204,-76.8323132156154,-73.08067705858953,0.0,-71.49128699802218,-78.54294250011444,CE+PE,122.0,122.0,-1057.827872905697,-1223.2237052748274,0.9926846794380118,-862.8426494753008,T30S10H60,61.581973716860915,-112.23449147211099,0.9981262731356157,-192.3960114637101,80.16151999159912,0.019210889544406015,0.0,1.0,0.18684782195887012,True,True,False,False
Q0388,EXPIRY,SENSEX,Is SENSEX's day range bigger 1 day before expiry?,125,125,465,0.9125416596057051,0.9549848699569702,0.9011321944575156,0.053852675499454605,0.048122803708497315,-0.04046801976920013,0.14817337076810932,0.2631112561602803,0.08573312634298158,0.021509342709149393,CE+PE,114.0,114.0,-707.850869831286,-910.3662926295705,0.9722773435178031,-949.6933277869975,liq,145.28072892573843,-65.24401245531291,0.5632501881610424,-247.86230638837517,182.61829393306235,0.32792755899310955,0.484876457781088,1.0,0.8013571746401662,True,False,False,False
Q0389,EXPIRY,SENSEX,Does SENSEX's ATM straddle lose more of its value 09:20->15:09 1 day before expiry?,121,121,455,-28.18740159107579,-19.834481339809322,-30.408727635918083,10.574246296108761,2.0368396261763917,6.582040628803034,14.566451963414488,2.0861023161109806e-07,10.438735150872613,10.699019630798805,CE+PE,120.0,120.0,-418.4166997273763,-620.1542848221851,0.9716160204128478,-862.8426494753007,T30S15H30,21.29998779296875,-187.04564229113663,0.9999776458650365,-221.02302300642333,33.977380715286664,0.22920976107519095,1.3660263897376472e-06,1.0,0.690528709953643,True,True,False,False
Q0390,EXPIRY,SENSEX,Is SENSEX's day range bigger 2 days before expiry?,124,124,466,0.9125416596057051,0.9333612426154075,0.9070016847275869,0.026359557887820628,0.04987813684363797,-0.0714015903257098,0.12412070610135105,0.5971667795501018,0.05361132668744173,0.00016963476683384826,CE+PE,115.0,115.0,-560.2956469991933,-785.4112506825417,0.995621409787395,-949.6933277869975,T30S10H30,5.104354194972826,-229.14533037041596,0.9999999966069059,-190.7884841215031,-38.35684624891289,0.8340315337728379,0.781283109147699,1.0,0.9971962193251824,True,False,False,False
Q0391,EXPIRY,SENSEX,Does SENSEX's ATM straddle lose more of its value 09:20->15:09 2 days before expiry?,122,122,454,-28.18740159107579,-11.118050585027602,-32.77431970283323,21.65626911780563,1.8575538954588187,18.015463482706345,25.297074752904912,2.076987489724794e-31,22.595209665309355,20.71690976368754,CE+PE,121.0,121.0,-385.3223230030911,-607.5997743531562,0.9874727962018208,-862.8426494753008,T30S20H15,20.950438444279442,-207.9317697079733,0.9999994272386813,-239.54296162640173,31.611191918428318,0.22977589593386455,4.3923178061393186e-30,1.0,0.691108262427866,True,True,False,False
Q0392,EXPIRY,SENSEX,Is SENSEX's day range bigger 3-4 days before expiry?,215,215,375,0.9125416596057051,0.8426857919193977,0.952592357079188,-0.10990656515979025,0.04808483174077879,-0.20415283537171666,-0.015660294947863834,0.02227295333275674,-0.10379031269260863,-0.11544279018437376,CE+PE,185.0,185.0,-622.6810286238386,-871.8404351076193,0.9998623784566429,-949.6933277869974,T25S10H60,19.810802562816722,-239.89585865223702,0.9999999233563793,-195.95345080521432,-43.94240784702268,0.8318231743224416,0.07958456873503798,1.0,0.9964519304516413,True,False,False,False
Q0393,EXPIRY,SENSEX,Does SENSEX's ATM straddle lose more of its value 09:20->15:09 3-4 days before expiry?,208,208,368,-28.18740159107579,-8.483042482000132,-39.3246480440316,30.841605562031468,1.943853503416625,27.031652695334884,34.65155842872805,1.0858833454776255e-56,29.072842744828776,32.5851794493003,CE+PE,198.0,198.0,-703.429209391276,-952.972955676565,0.9999998868644304,-862.8426494753011,liq,118.24752807617188,-137.62254262413825,0.7386895704845768,-331.3400908921695,193.71754826803127,0.1840883470360916,4.830308674710817e-55,1.0,0.6232275654579532,True,True,False,False
Q0394,EXPIRY,SENSEX,Is SENSEX's day range bigger 5+ days before expiry?,2,2,588,0.9125416596057051,0.881959855556488,0.9126456793473692,-0.03068582379088114,0.04941100440593716,-0.12753139242651795,0.06615974484475569,0.5345784501363603,,,,,,,,,,,,,,,,,0.7371228216355791,,,False,False,False,False
Q0395,EXPIRY,SENSEX,Does SENSEX's ATM straddle lose more of its value 09:20->15:09 5+ days before expiry?,2,2,574,-28.18740159107579,1.41201913356781,-28.2905354611965,29.70255459476431,3.969966750390687,21.921419763998564,37.48368942553006,7.330339636562175e-14,,,,,,,,,,,,,,,,,6.706480944088798e-13,,,False,True,False,False
Q0452,PRIORDAY,SENSEX,"After the previous day rose more than 1%, is SENSEX more often up (close > open) today?",760,760,4105,0.46536485097636177,0.4921052631578947,0.46041412911084045,0.03169113404705426,0.019734867976671077,-0.0069892071872210484,0.07037147528132956,0.10830802641219212,0.04299078925874272,0.012235495351339387,PE,36.0,36.0,-182.99995260106192,-296.17152465078533,0.6048061623298449,-535.7566306034961,liq,170.33336215549045,53.294122177429884,0.4635271928351661,-218.34956205430655,271.6436842317365,0.3203772682163918,0.2636176491919393,1.0,0.793035079357787,True,False,False,False
Q0453,PRIORDAY,SENSEX,"After the previous day rose more than 1%, is SENSEX's day range bigger today?",760,760,4105,1.407707116216389,1.624508517232692,1.3675684889880357,0.25694002824465634,0.045387395964348605,0.16798073215453307,0.3458993243347796,1.504551756979444e-08,0.13759082603474626,0.18595263248578897,CE+PE,36.0,36.0,-943.1666097376082,-1174.2583865155057,0.9489794107854904,-949.6933277869975,liq,94.50004577636719,-145.6860415722217,0.5848017327388455,-247.86230638837526,102.17626481615346,0.44029420726988894,1.0269162785732714e-07,1.0,0.8450568766484648,True,True,False,False
Q0454,PRIORDAY,SENSEX,"After the previous day fell more than 1%, is SENSEX more often up (close > open) today?",681,681,4184,0.46536485097636177,0.47723935389133626,0.4634321223709369,0.013807231520399366,0.020636517392024104,-0.02664034256796788,0.05425480560876661,0.5034521603357425,-0.011431784107946041,0.052413041998502496,PE,45.0,45.0,-629.2444583177567,-738.4621984962267,0.7661938335913119,-535.7566306034961,T25S20H15,295.5555691189236,180.31237615141544,0.0989004934230418,-123.56363809001192,303.8760142414273,0.014989475446095218,0.7176279412520528,1.0,0.15962966964784714,False,False,False,False
Q0455,PRIORDAY,SENSEX,"After the previous day fell more than 1%, is SENSEX's day range bigger today?",681,681,4184,1.407707116216389,2.201481409976413,1.2785101052100372,0.9229713047663759,0.06549691086506153,0.7945973594708553,1.0513452500618965,4.2637053137549196e-45,0.9341588217607946,0.6908065954199449,CE+PE,44.0,44.0,-482.15907459909266,-711.5710907806098,0.7355725195615239,-949.6933277869975,liq,772.2273514487526,531.9084365210517,0.3034329691778649,-247.86230638837523,779.7707429094269,0.22532650519837083,1.3750449636859616e-43,1.0,0.6856946522387868,True,True,False,False
Q0456,PRIORDAY,SENSEX,"After the previous day was the narrowest of 7 (NR7), is SENSEX more often up (close > open) today?",763,763,4102,0.46536485097636177,0.45609436435124506,0.46708922476840564,-0.010994860417160579,0.0196440492111913,-0.04949719687109553,0.02750747603677437,0.5756810931622152,-0.007046721708027004,-0.014474653265585224,PE,88.0,88.0,-546.4659221809019,-649.7620653055768,0.9253167676254894,-535.756630603496,T20S10H15,-55.534081892533735,-163.86999350571332,0.9999998811641223,-112.87424243077864,-50.99575107493468,0.9460827431654786,0.7699412249313202,1.0,1.0,True,False,False,False
Q0457,PRIORDAY,SENSEX,"After the previous day was the narrowest of 7 (NR7), is SENSEX's day range bigger today?",763,763,4102,1.407707116216389,1.3158871554944365,1.4247862556680833,-0.10889910017364679,0.036035869885345774,-0.17952940514892451,-0.03826879519836908,0.0025114044447787226,-0.11612201484455342,-0.07437351577321616,CE+PE,87.0,87.0,-1018.1149842341741,-1231.6299103575177,0.9995842363007879,-949.6933277869975,T20S10H15,-74.56321628614404,-298.1648221720999,1.0,-224.41557163669427,-73.74925053540568,0.9829495057396076,0.011611870013493017,1.0,1.0,True,True,False,False
Q0458,PRIORDAY,SENSEX,"After the previous day was an inside day, is SENSEX more often up (close > open) today?",450,450,4415,0.46536485097636177,0.4822222222222222,0.4636466591166478,0.0185755631055744,0.024724576506591937,-0.029884606847345792,0.06703573305849458,0.45247240235682873,0.010247064427278574,0.02661442006269593,PE,70.0,70.0,-501.44291795151577,-610.5380264593822,0.8626398057892306,-535.7566306034958,T25S20H30,-56.042833600725444,-169.40442420212597,0.9966649757349805,-126.15416732675273,-43.250256875373246,0.7557260280919622,0.676349245701401,1.0,0.9604764107957202,True,False,False,False
Q0459,PRIORDAY,SENSEX,"After the previous day was an inside day, is SENSEX's day range bigger today?",450,450,4415,1.407707116216389,1.3630279851760012,1.41226104803251,-0.04923306285650875,0.04407885309072062,-0.13562761491432115,0.03716148920130366,0.2640235823425612,-0.10194095834700656,0.02052662462486765,CE+PE,69.0,69.0,-493.594216885774,-720.0650002824019,0.9511211000602198,-949.6933277869975,T30S10H15,-25.68115676658741,-260.9815812276814,0.9999932110289014,-190.87570800768057,-70.10587322000094,0.8787314568063453,0.48586365366890716,1.0,1.0,False,False,False,False
Q0460,PRIORDAY,SENSEX,"After the previous day's range was 1.5x its 20-day average, is SENSEX more often up (close > open) today?",621,621,4244,0.46536485097636177,0.4750402576489533,0.46394910461828465,0.011091153030668655,0.021453865632967285,-0.030958423609947223,0.05314072967128453,0.6051722816461218,0.029732508123348655,-0.007973941368078219,PE,71.0,71.0,-1065.4225544274693,-1174.1940776387246,0.948548370478808,-535.7566306034958,liq,126.08449586680237,9.750406922719712,0.4899784198001574,-218.3495620543066,228.09996897702635,0.2783583804701494,0.7853845506272606,1.0,0.7498771372258997,False,False,False,False
Q0461,PRIORDAY,SENSEX,"After the previous day's range was 1.5x its 20-day average, is SENSEX's day range bigger today?",621,621,4244,1.407707116216389,1.7940962676460919,1.3511690240774057,0.4429272435686862,0.06691755365041355,0.3117688384138756,0.5740856487234968,3.616384623257499e-11,0.5304650368336308,0.34609704385450635,CE+PE,69.0,69.0,-1908.2173479208047,-2131.0928430837143,0.9999751233950502,-949.6933277869975,T25S10H15,15.942028985507246,-221.93610340320413,0.9999995145964742,-196.1166073353664,-25.819496067837754,0.7155794120168076,2.7934947089833375e-10,1.0,0.9398957352045461,True,True,False,False
Q0462,PRIORDAY,SENSEX,"After 3+ up days in a row, is SENSEX more often up (close > open) today?",826,826,4039,0.46536485097636177,0.4539951573849879,0.46769002228274326,-0.013694864897755343,0.019021397730765534,-0.05097680445005579,0.023587074654545105,0.4715425224972423,-0.013621212716240894,-0.013606494914856826,PE,91.0,91.0,-1892.6373334933114,-1991.092358007918,0.9999946117187928,-535.7566306034959,T25S10H15,-38.98900964757898,-148.6278904393352,0.9999725774460766,-98.08703599124223,-50.54085444809299,0.9149287109277044,0.6920248623679666,1.0,1.0,True,False,False,False
Q0463,PRIORDAY,SENSEX,"After 3+ up days in a row, is SENSEX's day range bigger today?",826,826,4039,1.407707116216389,1.1710646970551961,1.4561019263741373,-0.28503722931894115,0.0342587412581248,-0.35218436218486576,-0.21789009645301655,8.786583858226091e-17,-0.34141250978443916,-0.21085450229363745,CE+PE,91.0,91.0,-1631.6483830979892,-1838.3118277774277,0.9999249926080849,-949.6933277869975,T30S10H15,-15.02198942415007,-234.58963112233823,0.999998446964248,-190.87570800768046,-43.71392311465771,0.807587247850694,1.0030701926647484e-15,1.0,0.9862268137398479,True,True,False,False
Q0464,PRIORDAY,SENSEX,"After 3+ down days in a row, is SENSEX more often up (close > open) today?",577,577,4288,0.46536485097636177,0.42634315424610053,0.470615671641791,-0.04427251739569049,0.021956158069395208,-0.08730658721170509,-0.0012384475796758873,0.04375759321656063,-0.03711050718991726,-0.052257266542980796,PE,63.0,63.0,1199.4920305884073,1091.951166733607,0.06582173047661996,-535.756630603496,time,1199.4920305884073,1091.951166733607,0.06582173047661996,-535.756630603496,1627.707797337103,0.012308206677373321,0.13504137619464882,1.0,0.14022079782871053,True,False,False,False
Q0465,PRIORDAY,SENSEX,"After 3+ down days in a row, is SENSEX's day range bigger today?",577,577,4288,1.407707116216389,1.7721025770600343,1.3586734919377548,0.4134290851222795,0.059063868340117266,0.29766390317564967,0.5291942670689094,2.5651966415473286e-12,0.4999006174330829,0.29025400948768953,CE+PE,63.0,63.0,-655.0317729560155,-867.8041340952963,0.9416335733245229,-949.6933277869975,T25S10H15,37.698412698412696,-183.89161691593588,0.9999209262735225,-196.11660733536644,12.224990419430519,0.40084784414827196,2.1770418865763514e-11,1.0,0.8450568766484648,True,True,False,False
Q0506,FIRSTHOUR,SENSEX,"When SENSEX's first-hour range is narrow (<0.6x its 20-day average), is the move 10:15->15:09 bigger?",71,71,519,0.37702595783492265,0.2791400526610898,0.3904169005465645,-0.1112768478854747,0.03656181294896977,-0.18293800126545545,-0.03961569450549396,0.002338228189925668,-0.06975677642193467,-0.152010970850044,CE+PE,70.0,70.0,-563.3286358884403,-774.959735081926,0.9986344011713953,-628.0476177319922,liq,97.82847813197544,-118.14961361258024,0.6573213272383351,-298.8574051721562,180.70779155957618,0.2677307716945477,0.01085005167267666,1.0,0.7375546302656486,True,True,False,False
Q0507,FIRSTHOUR,SENSEX,"When SENSEX's first-hour range is narrow (<0.6x its 20-day average), how often is it a trend day (close-open >= 70% of range)?",71,71,519,0.23898305084745763,0.16901408450704225,0.24855491329479767,-0.07954082878775542,0.04839411481735601,-0.1743932938297732,0.01531163625426235,0.10025773632514257,-0.06703296703296704,-0.09202059202059201,,,,,,,,,,,,,,,0.25260249972545684,,,True,False,False,False
Q0508,FIRSTHOUR,SENSEX,"When SENSEX's first-hour range is wide (>1.5x average), is the move 10:15->15:09 bigger?",65,65,525,0.37702595783492265,0.5643605268918551,0.3538321540469215,0.21052837284493364,0.07557970111535245,0.062392158658842845,0.35866458703102444,0.00534428072014833,0.26936345621030033,0.15032564080939997,CE+PE,65.0,65.0,26.984675434919502,-204.2096821933257,0.6991193103814222,-628.047617731992,liq,181.98458392803485,-53.1883556677866,0.5472739803217778,-298.85740517215623,245.66904950436947,0.2916354877670423,0.02298283902791229,1.0,0.7652248635954612,True,True,False,False
Q0509,FIRSTHOUR,SENSEX,"When SENSEX's first-hour range is wide (>1.5x average), how often is it a trend day (close-open >= 70% of range)?",65,65,525,0.23898305084745763,0.3230769230769231,0.22857142857142856,0.09450549450549453,0.06088292640313474,-0.024825041244649557,0.21383603025563863,0.12060252657164396,0.08165625722877631,0.10800855513307986,,,,,,,,,,,,,,,0.2872315334741508,,,True,False,False,False
Q0510,FIRSTHOUR,SENSEX,"When SENSEX breaks above its first-hour high (first close after 10:15), how often does it close (15:09) beyond that level?",311,311,0,0.5594855305466238,0.5594855305466238,0.5,0.059485530546623755,0.02819640057419745,0.004220585421196757,0.11475047567205075,0.034885475353820736,0.07051282051282048,0.048387096774193505,CE,310.0,310.0,42.93870207234736,-66.49040827954364,0.6196792460727362,-234.58675214634337,time,42.93870207234736,-66.49040827954364,0.6196792460727362,-234.58675214634337,168.09634386679983,0.22040085742250265,0.11392978026943988,1.0,0.6800452117340015,True,False,False,False
Q0511,FIRSTHOUR,SENSEX,"When SENSEX breaks above its first-hour high (first close after 10:15), how far does it run in the next 30 minutes (in the break direction, %)?",311,311,0,0.010682072286820488,0.010682072286820488,0.0,0.010682072286820488,0.008689280569779974,-0.006348917629948259,0.027713062203589236,0.21894469618223794,0.00538940613086407,0.01600888467604114,CE,310.0,310.0,37.36772537231445,-72.03675343138384,0.7945957475312941,-133.47136089719038,time,37.36772537231445,-72.03675343138384,0.7945957475312941,-133.47136089719038,61.43460746580656,0.24138139363474498,0.4378893923644759,1.0,0.7053065839458539,True,False,False,False
Q0512,FIRSTHOUR,SENSEX,"When SENSEX breaks above its first-hour high (first close after 10:15) BEFORE 11:15, does it follow through to 15:09 more than a later break?",183,183,128,0.04555862816200379,0.03182598150493017,0.06519202142953873,-0.033366039924608556,0.04873538992687757,-0.12888740418128858,0.06215532433207148,0.4935731583124645,0.022760762108696833,-0.08939193781986032,CE,182.0,182.0,-116.69779050808687,-228.6519869079454,0.7748096488456653,-245.7860473559491,T25S10H15,-10.329683743990385,-125.7645847859731,0.9999999828541265,-121.88633758650187,-3.878247199471205,0.5675230036296549,0.7095632961155788,1.0,0.86509435238294,False,False,False,False
Q0513,FIRSTHOUR,SENSEX,"When SENSEX breaks below its first-hour low (first close after 10:15), how often does it close (15:09) beyond that level?",320,320,0,0.515625,0.515625,0.5,0.015625,0.027980952958187033,-0.039217667798046585,0.07046766779804658,0.576560638204384,0.0,0.03125,PE,319.0,319.0,-264.0438630396856,-363.9638762778448,0.9580547563014753,-329.76446272350165,liq,25.689664739052702,-76.89958135077535,0.7134301654514087,-127.52486264406828,50.62528129329295,0.3551296745544419,0.7699412249313202,1.0,0.8271130209160455,False,False,False,False
Q0514,FIRSTHOUR,SENSEX,"When SENSEX breaks below its first-hour low (first close after 10:15), how far does it run in the next 30 minutes (in the break direction, %)?",320,320,0,0.004223380237817764,0.004223380237817764,0.0,0.004223380237817764,0.008819167072715128,-0.013062187224703887,0.021508947700339415,0.6320193604800112,-0.0015166029334068298,0.009963363409042358,PE,319.0,319.0,-28.758616791249818,-129.70886491307547,0.9287377843751581,-114.69630929802665,liq,25.689664739052702,-76.89958135077535,0.7134301654514087,-127.52486264406828,50.62528129329295,0.3551296745544419,0.7993186029600142,1.0,0.8271130209160455,False,False,False,False
Q0515,FIRSTHOUR,SENSEX,"When SENSEX breaks below its first-hour low (first close after 10:15) BEFORE 11:15, does it follow through to 15:09 more than a later break?",198,198,122,0.00924672931432724,0.008855594529045952,0.009881521834701788,-0.001025927305655835,0.04856432802157747,-0.09621201022794768,0.09416015561663602,0.9831458457056823,0.021541757206761682,-0.02775762245239999,PE,198.0,198.0,-252.0605787853099,-352.32580557755045,0.8872528027407678,-367.35730925178086,liq,57.75253835350576,-45.36045561681897,0.5942050463624997,-119.43018150146993,74.06972588465088,0.3484803752949084,0.9947669315278714,1.0,0.820248506639926,False,False,False,False
Q0548,TREND,SENSEX,"If at 11:15 SENSEX is up more than 0.5% and near its high (top 20% of the range), how often does it rise further to 15:09?",45,45,545,0.5084745762711864,0.5555555555555556,0.5045871559633027,0.050968399592252855,0.07717344045404467,-0.1002915436976747,0.20222834288218042,0.5089717381512193,0.16420250896057342,-0.0022037853253824013,CE,45.0,45.0,254.3111206425561,139.96226373057618,0.4209584332387034,-262.8784555399467,time,254.3111206425561,139.96226373057618,0.4209584332387034,-262.8784555399467,402.84071927052304,0.28297158925486976,0.7230986147743095,1.0,0.7553103008165724,False,False,False,False
Q0549,TREND,SENSEX,"If at 11:15 SENSEX is down more than 0.5% and near its low (bottom 20%), how often does it fall further to 15:09?",47,47,543,0.4915254237288136,0.5957446808510638,0.48250460405156537,0.11324007679949843,0.07478921908189139,-0.033346792601008673,0.25982694620000557,0.12999464611450237,0.15262735659847576,0.07868809955924283,PE,47.0,47.0,216.70202900754646,108.44272426405219,0.4319240209845906,-301.20005481451864,time,216.70202900754646,108.44272426405219,0.4319240209845906,-301.20005481451864,409.6427790785708,0.2585706742769475,0.3037664946785981,1.0,0.7273229046673488,True,False,False,False
Q0550,TREND,SENSEX,"If at 11:15 SENSEX is up more than 1.0% and near its high (top 20% of the range), how often does it rise further to 15:09?",3,3,587,0.5084745762711864,0.6666666666666666,0.5076660988074957,0.15900056785917094,0.2731782452535718,-0.3764287928378298,0.6944299285561717,0.5605399797731181,,,,,,,,,,,,,,,,,0.7627600990583568,,,False,False,False,False
Q0551,TREND,SENSEX,"If at 11:15 SENSEX is down more than 1.0% and near its low (bottom 20%), how often does it fall further to 15:09?",10,10,580,0.4915254237288136,0.6,0.4896551724137931,0.1103448275862069,0.15643634007551951,-0.19627039896181137,0.41696005413422516,0.480582687487548,0.2009132420091324,0.05753968253968256,,,,,,,,,,,,,,,0.6997197142877393,,,True,False,False,False
Q0552,TREND,SENSEX,"If at 12:30 SENSEX is up more than 0.5% and near its high (top 20% of the range), how often does it rise further to 15:09?",48,48,542,0.511864406779661,0.5625,0.507380073800738,0.05511992619926198,0.0748170748983903,-0.09152154060158302,0.20176139300010698,0.46128702585528625,0.0763636363636363,0.045077581594435534,CE,48.0,48.0,619.7916746139526,508.91021110964704,0.22317752942128663,-216.74502315075208,liq,822.5208377838135,709.7057090571763,0.07807946728424765,-56.02535653619511,765.7310655933711,0.06300131857093005,0.6839773141992175,1.0,0.3743098617762728,True,False,False,False
Q0553,TREND,SENSEX,"If at 12:30 SENSEX is down more than 0.5% and near its low (bottom 20%), how often does it fall further to 15:09?",59,59,531,0.488135593220339,0.6101694915254238,0.4745762711864407,0.13559322033898308,0.06714763938444714,0.003983847145466707,0.2672025935324994,0.04345296626646013,0.16743542435424352,0.10769230769230764,PE,59.0,59.0,236.1186774302337,130.47624417570677,0.4079056751221081,-340.23223732582477,liq,419.40675897113346,311.6803370479318,0.21580121613565792,-144.06823529471427,455.74857234264607,0.1250770762843243,0.13442284528473275,1.0,0.523143563993113,True,False,False,False
Q0554,TREND,SENSEX,"If at 12:30 SENSEX is up more than 1.0% and near its high (top 20% of the range), how often does it rise further to 15:09?",13,13,577,0.511864406779661,0.46153846153846156,0.512998266897747,-0.051459805359285404,0.13993981644750914,-0.3257418455964033,0.22282223487783248,0.7130759721250218,0.476027397260274,-0.2017543859649123,,,,,,,,,,,,,,,0.8525190028186082,,,False,False,False,False
Q0555,TREND,SENSEX,"If at 12:30 SENSEX is down more than 1.0% and near its low (bottom 20%), how often does it fall further to 15:09?",11,11,579,0.488135593220339,0.5454545454545454,0.48704663212435234,0.05840791333019307,0.15169025364362043,-0.23890498381130298,0.35572081047168913,0.7002024170623313,0.13103448275862067,-0.00519031141868509,,,,,,,,,,,,,,,0.844169269168605,,,False,False,False,False
Q0612,STREAK,SENSEX,"After 3+ green 5-minute candles in a row at 09:20-11:00, is SENSEX up over the next 15 minutes more often?",1236,458,10564,0.5032203389830509,0.47572815533980584,0.506436955698599,-0.030708800358793198,0.01777310010418506,-0.0655440765629959,0.004126475845409518,0.08401966770604678,-0.05259664657568969,-0.009855180288215526,PE,1216.0,453.0,-21.926821783969277,-126.50386465376683,0.9996163327106509,-114.4742533372569,T15S10H60,27.41118744799965,-79.55207846472429,0.9999999999993494,-108.04469094021296,28.492612475488684,0.00563968232648741,0.22285745117051678,1.0,0.08300359950179884,True,False,False,False
Q0613,STREAK,SENSEX,"After 3+ red 5-minute candles in a row at 09:20-11:00, is SENSEX up over the next 15 minutes more often?",1115,436,10685,0.5032203389830509,0.5139013452914798,0.5021057557323351,0.011795589559144726,0.019005809238912128,-0.02545579654912304,0.04904697566741249,0.5348426054658155,0.02197498696680311,0.00337969467257071,PE,1103.0,433.0,58.61014399870028,-44.082397156244255,0.7612896237420955,-117.12484778221618,liq,121.23480858201886,16.802777011824748,0.4489645926667584,-172.17043141720893,188.9732084290337,0.07431633657940286,0.7371228216355791,1.0,0.4091422412424016,True,False,False,False
Q0614,STREAK,SENSEX,"After 5+ green 5-minute candles in a row at 09:20-11:00, is SENSEX up over the next 15 minutes more often?",247,134,11553,0.5032203389830509,0.4939271255060729,0.503419025361378,-0.009491899855305075,0.039217084136897014,-0.08635738476362322,0.06737358505301307,0.8087531836130524,0.01325235469790953,-0.0223960631218329,CE,243.0,133.0,122.67489209587191,10.769685530052369,0.4643841397764366,-139.5727846291859,time,122.67489209587191,10.769685530052369,0.4643841397764366,-139.5727846291859,150.3424701592383,0.1050517932026752,0.9027703245506913,1.0,0.48327514327800253,False,False,False,False
Q0615,STREAK,SENSEX,"After 5+ red 5-minute candles in a row at 09:20-11:00, is SENSEX up over the next 15 minutes more often?",214,111,11586,0.5032203389830509,0.49065420560747663,0.5034524426031417,-0.012798236995665069,0.04052671666649874,-0.0922306016620026,0.06663412767067246,0.7521561935253435,0.05482821228240131,-0.05991341991341992,PE,212.0,111.0,155.19810874507112,51.47555162036976,0.3465097449530234,-110.82783629782627,liq,170.78773570510577,65.3164501613659,0.3904835794161741,-153.8044830802626,219.12093324162848,0.17510555677837575,0.8670969523214416,1.0,0.6097819279601018,False,False,False,False
Q0616,STREAK,SENSEX,"After 3+ green 5-minute candles in a row at 11:00-13:00, is SENSEX up over the next 15 minutes more often?",1593,507,12567,0.5154661016949152,0.4965473948524796,0.5178642476326888,-0.021316852780209172,0.01635718687874667,-0.05337693906255264,0.010743233502134297,0.19250300885383076,-0.013869052071142307,-0.029009277333923666,CE,1580.0,502.0,56.77152696440491,-51.43649696360158,0.8921823457719369,-116.43504727136288,liq,146.16835548304303,36.67992622745364,0.36104801381716867,-85.05665279458754,121.73657902204118,0.11869971651484196,0.40182666896673414,1.0,0.5106163020095627,True,False,False,False
Q0617,STREAK,SENSEX,"After 3+ red 5-minute candles in a row at 11:00-13:00, is SENSEX up over the next 15 minutes more often?",1433,477,12727,0.5154661016949152,0.5387299371946964,0.5128467038579398,0.025883233336756573,0.01604236579923552,-0.00555980362974505,0.057326270303258195,0.10665113219649888,0.04706170857856251,0.00791118872873442,PE,1423.0,475.0,34.693602657787245,-66.24160685501975,0.9437903314178373,-112.81727594770027,liq,71.34363669035557,-30.803315349946768,0.6220632141673418,-143.17707307416356,112.37375772421673,0.1282870693671424,0.2612279133933662,1.0,0.5292531257038547,True,False,False,False
Q0618,STREAK,SENSEX,"After 5+ green 5-minute candles in a row at 11:00-13:00, is SENSEX up over the next 15 minutes more often?",341,168,13819,0.5154661016949152,0.5454545454545454,0.5147261017439757,0.03072844371056971,0.031788119533043335,-0.03157627057419523,0.09303315799533465,0.33371182584684045,-0.00752451391837583,0.0658454106280193,CE,340.0,167.0,124.40883591595818,13.568791165859404,0.4399779542589221,-117.82995099932947,liq,239.591173508588,127.23960145504171,0.2623095723975807,-86.41795061566783,213.65755207070958,0.14270310754246623,0.5619951114130863,1.0,0.5554470894521304,False,False,False,False
Q0619,STREAK,SENSEX,"After 5+ red 5-minute candles in a row at 11:00-13:00, is SENSEX up over the next 15 minutes more often?",274,149,13886,0.5154661016949152,0.5182481751824818,0.5154112055307504,0.0028369696517314136,0.03587283820331445,-0.06747379322676492,0.07314773253022774,0.9369657628997461,0.06370296254067243,-0.036498499739682944,PE,272.0,148.0,90.24997795329375,-12.16259720971445,0.5473514104028853,-110.4188972465982,liq,177.55146531497732,73.43508443742594,0.3707125336350423,-140.0750601744626,213.51014461188845,0.16824648155735128,0.9734336689257431,1.0,0.6003009251679124,False,False,False,False
Q0620,STREAK,SENSEX,"After 3+ green 5-minute candles in a row at 13:00-14:55, is SENSEX up over the next 15 minutes more often?",1585,507,12575,0.5073446327683616,0.49022082018927443,0.5095029821073559,-0.019282161918081464,0.015332208240492461,-0.049333290069446686,0.010768966233283758,0.20852756036529962,-0.003422188941220927,-0.037317596259318964,CE,1571.0,505.0,11.635264641611839,-92.68752926768101,0.9947512270066325,-123.57434479740267,liq,82.45576592632952,-22.94993505166022,0.6272644260415698,-123.11143647743668,100.16150142577646,0.07835221387683962,0.42502865333561696,1.0,0.42092812994196976,True,False,False,False
Q0621,STREAK,SENSEX,"After 3+ red 5-minute candles in a row at 13:00-14:55, is SENSEX up over the next 15 minutes more often?",1478,482,12682,0.5073446327683616,0.5446549391069012,0.5029963728118594,0.04165856629504183,0.015988908042501446,0.010320306531739001,0.07299682605834466,0.009174921139401729,0.02208863091947666,0.060672771084337385,CE,1467.0,477.0,-35.96727653677641,-142.62432341754698,0.99999575241156,-121.61146382641233,T25S10H30,30.16223426407994,-79.426309220132,0.9999999999962939,-110.03390405059662,30.607594830464627,0.004137960998889772,0.03769314735614086,1.0,0.06593496638517168,True,True,False,False
Q0622,STREAK,SENSEX,"After 5+ green 5-minute candles in a row at 13:00-14:55, is SENSEX up over the next 15 minutes more often?",348,176,13812,0.5073446327683616,0.5057471264367817,0.5073848827106864,-0.0016377562739047224,0.03163843859203619,-0.06364909591429566,0.060373583366486204,0.9587161329802987,0.011686140052336702,-0.02708710863359426,CE,346.0,174.0,58.30926123382039,-44.05953157037474,0.7323827197545975,-126.41270134442408,liq,197.24569728608765,93.38884670169773,0.22394509487811762,-125.61209529424723,219.0009419959449,0.038320394876066394,0.9862390841663359,1.0,0.2851047621450874,False,False,False,False
Q0623,STREAK,SENSEX,"After 5+ red 5-minute candles in a row at 13:00-14:55, is SENSEX up over the next 15 minutes more often?",267,154,13893,0.5073446327683616,0.5168539325842697,0.5071618800834953,0.009692052500774428,0.036309651322818666,-0.06147486409195016,0.08085896909349902,0.7895248120160482,0.024981548302443812,0.002189356003260756,PE,263.0,152.0,11.790836319723963,-89.41216521968816,0.8637256960179174,-130.15781893276895,liq,90.46764243238326,-11.993451289996973,0.5264567692537373,-138.83930570275476,126.84585441275779,0.24143433956453264,0.8926266498691517,1.0,0.7053065839458539,True,False,False,False
Q0624,STREAK,SENSEX,"After 3+ green 15-minute candles in a row, is SENSEX up over the next 30 minutes more often?",4384,564,35736,0.5122382851445663,0.5066149635036497,0.5129281396910679,-0.0063131761874182235,0.011398155028288377,-0.028653560042863443,0.016027207668026996,0.5796630102184649,-0.0062277944371677,-0.007785697308374584,CE,4354.0,560.0,11.008033976540633,-96.31309820701088,0.9923794175509888,-130.67895190592674,liq,30.83233927497636,-77.54413242656004,0.902530470678016,-111.17811421489873,33.633981788338716,0.2868312585202346,0.7700981289205145,1.0,0.7594267243004084,True,False,False,False
Q0625,STREAK,SENSEX,"After 3+ red 15-minute candles in a row, is SENSEX up over the next 30 minutes more often?",3857,553,36263,0.5122382851445663,0.5309826289862587,0.5102446019358575,0.020738027050401175,0.012638979892838234,-0.004034373539561761,0.045510427640364115,0.100839121597641,0.007964851718940125,0.03349811244256373,PE,3836.0,550.0,-0.5192971167400309,-100.45127497720586,0.9949514986663396,-132.56374934973846,time,-0.5192971167400309,-100.45127497720586,0.9949514986663396,-132.56374934973846,32.1124743725326,0.20670651460016465,0.2527574952680065,1.0,0.6598725062169688,True,False,False,False
Q0690,MOMREV,SENSEX,"After a big rise (>1.5 sd) of SENSEX over the last 5 minutes, is the next 15 minutes up more often (momentum vs reversal)?",2283,538,37837,0.5089980059820538,0.5010950503723172,0.5094748526574517,-0.008379802285134574,0.01017729013980148,-0.028327290959145473,0.011567686388876324,0.41029052908563207,-0.021766166109199014,0.004952980939461504,CE,2261.0,537.0,-31.64749703434704,-141.12021222903527,0.9999959004230364,-124.8409434199625,T30S10H15,-7.088015968427358,-119.78259584268696,1.0,-115.91086473466416,-3.8717311080228036,0.678523293531355,0.6383414374839329,1.0,0.9209091668407516,False,False,False,False
Q0691,MOMREV,SENSEX,"After a big fall (<-1.5 sd) of SENSEX over the last 5 minutes, is the next 15 minutes up more often (momentum vs reversal)?",2367,523,37753,0.5089980059820538,0.5242923531896916,0.5080390962307632,0.01625325695892843,0.010075672353740746,-0.003495060854403431,0.03600157477226029,0.10671869020023565,0.03496350038618179,-0.0014656571110009398,PE,2348.0,521.0,1.3828789842595843,-102.12759132778902,0.9962186522813766,-122.77971975066737,time,1.3828789842595843,-102.12759132778902,0.9962186522813766,-122.77971975066737,20.65212842287835,0.2942477308532807,0.2612279133933662,1.0,0.7678134642668036,False,False,False,False
Q0692,MOMREV,SENSEX,"After a big rise (>1.5 sd) of SENSEX over the last 5 minutes, is the next 60 minutes up more often (momentum vs reversal)?",2283,538,37837,0.5135842472582254,0.5124835742444153,0.5136506594074584,-0.0011670851630430912,0.012189972781528278,-0.025059431814838516,0.022725261488752334,0.9237259527537572,3.1616806543066645e-05,-0.0021681649920677337,PE,2264.0,535.0,-53.64001779695282,-156.63257032937383,0.9718879783909461,-159.78408809030418,T25S10H30,26.129417082446203,-79.71739837214491,1.0,-108.96408156445916,29.246683192314254,0.00042117987511714903,0.9639817243030031,1.0,0.010874009807662231,False,False,False,False
Q0693,MOMREV,SENSEX,"After a big fall (<-1.5 sd) of SENSEX over the last 5 minutes, is the next 60 minutes up more often (momentum vs reversal)?",2367,523,37753,0.5135842472582254,0.5124630333755809,0.5136545440097475,-0.0011915106341666704,0.012493520399541746,-0.025678810617268493,0.023295789348935152,0.9240207155088929,0.014929810257974574,-0.016290229486209895,PE,2348.0,521.0,1.7440317324925931,-101.76786495035901,0.8769091923308441,-161.38959999850556,time,1.7440317324925931,-101.76786495035901,0.8769091923308441,-161.38959999850556,59.62173504814653,0.24866206611376876,0.9639817243030031,1.0,0.7157521501913149,False,False,False,False
Q0694,MOMREV,SENSEX,"After a big rise (>1.5 sd) of SENSEX over the last 15 minutes, is the next 15 minutes up more often (momentum vs reversal)?",2311,478,37809,0.5089980059820538,0.5032453483340545,0.5093496257504827,-0.006104277416428161,0.013161327017819694,-0.03190047837135476,0.01969192353849844,0.6427881064767302,-0.011898863041309604,-0.0001343504624583547,PE,2290.0,475.0,-11.181660125349286,-114.11935252181073,0.9993464766287471,-120.98332340454954,T25S10H30,10.40960613400655,-95.20507421189328,1.0,-109.45741264180819,14.252338429914905,0.05571294595229252,0.8083137570881768,1.0,0.3495555602815476,True,False,False,False
Q0695,MOMREV,SENSEX,"After a big fall (<-1.5 sd) of SENSEX over the last 15 minutes, is the next 15 minutes up more often (momentum vs reversal)?",2549,465,37571,0.5089980059820538,0.5084346802667713,0.5090362247478109,-0.0006015444810395509,0.011336028521970432,-0.022820160384101597,0.021617071422022495,0.9576802497063044,0.010355188397840331,-0.010890090246758188,PE,2523.0,463.0,63.10978915357798,-40.25224446221669,0.8494786310842565,-121.9312305771197,time,63.10978915357798,-40.25224446221669,0.8494786310842565,-121.9312305771197,81.67898611490304,0.017696277569515303,0.9859597143823884,1.0,0.17774501980963767,False,False,False,False
Q0696,MOMREV,SENSEX,"After a big rise (>1.5 sd) of SENSEX over the last 15 minutes, is the next 60 minutes up more often (momentum vs reversal)?",2311,478,37809,0.5135842472582254,0.5218520121159671,0.5130788965590204,0.008773115556946709,0.015561670502458814,-0.021727758627872566,0.039273989741765984,0.5729144948301533,0.0006677397282248698,0.017110347332830345,CE,2292.0,477.0,-37.47076932828464,-146.6382118905119,0.9044003021606349,-167.86865749724427,T30S10H60,1.5920598427870718,-110.87521482745856,1.0,-117.4068120104104,6.531597182951846,0.2265693478600504,0.7696747623599105,1.0,0.6872526872060782,True,False,False,False
Q0697,MOMREV,SENSEX,"After a big fall (<-1.5 sd) of SENSEX over the last 15 minutes, is the next 60 minutes up more often (momentum vs reversal)?",2549,465,37571,0.5135842472582254,0.49862691251471164,0.5145990258444013,-0.015972113329689674,0.014894764881889106,-0.04516585249819233,0.013221625838812975,0.28357153205220165,-0.014870634887200529,-0.016610513703559815,PE,2523.0,463.0,88.94132999782282,-14.533742567990682,0.5551414014796686,-160.25205509925536,time,88.94132999782282,-14.533742567990682,0.5551414014796686,-160.25205509925536,145.71831253126467,0.08269836386197466,0.5066582774893907,1.0,0.43202983377793586,True,False,False,False
Q0698,MOMREV,SENSEX,"After a big rise (>1.5 sd) of SENSEX over the last 30 minutes, is the next 15 minutes up more often (momentum vs reversal)?",2552,422,37568,0.5089980059820538,0.5129310344827587,0.5087308347529813,0.004200199729777365,0.012919571912780654,-0.02112216121927272,0.02952256067882745,0.745102641550886,-0.0038092363139264895,0.012245953792901165,PE,2527.0,420.0,-12.43134099124777,-115.5032509311765,0.9986899435789142,-119.29318740857425,T25S10H30,10.102888280146198,-95.67676683574895,1.0,-108.94705446499344,13.270287629244482,0.11393251044709202,0.8635960535495444,1.0,0.5009869346408126,False,False,False,False
Q0699,MOMREV,SENSEX,"After a big fall (<-1.5 sd) of SENSEX over the last 30 minutes, is the next 15 minutes up more often (momentum vs reversal)?",2772,404,37348,0.5089980059820538,0.4855699855699856,0.5107368533790296,-0.025166867809044036,0.01168657598865715,-0.048072556746812045,-0.0022611788712760227,0.03128057018393387,-0.027098122866179464,-0.022760445999588375,PE,2759.0,402.0,54.210225140197245,-50.036282821165784,0.900550494513295,-119.47876391503003,time,54.210225140197245,-50.036282821165784,0.900550494513295,-119.47876391503003,69.44248109386423,0.03689330713144185,0.1045386931017479,1.0,0.2790488773905892,True,False,False,False
Q0700,MOMREV,SENSEX,"After a big rise (>1.5 sd) of SENSEX over the last 30 minutes, is the next 60 minutes up more often (momentum vs reversal)?",2552,422,37568,0.5135842472582254,0.5340909090909091,0.5121912265758092,0.021899682515099883,0.017568313272040826,-0.012534211498100134,0.0563335765282999,0.2125645996493472,0.01000044757472085,0.03382800858362828,CE,2530.0,421.0,-56.24546008289096,-165.34752124327636,0.9285610536124699,-161.90752680158832,T30S10H60,-10.036759327522851,-122.5324221729594,1.0,-118.18355974501658,-4.348862427942816,0.6869135090143778,0.42845052116821547,1.0,0.9254033632639486,True,False,False,False
Q0701,MOMREV,SENSEX,"After a big fall (<-1.5 sd) of SENSEX over the last 30 minutes, is the next 60 minutes up more often (momentum vs reversal)?",2772,404,37348,0.5135842472582254,0.49386724386724384,0.5150476598479169,-0.02118041598067305,0.01712613521501947,-0.054747641002111214,0.012386809040765112,0.21618710356312684,-0.010516679040630361,-0.03038318903994386,PE,2759.0,402.0,65.02209496653654,-39.27172544215464,0.6415410961610333,-157.167706108751,time,65.02209496653654,-39.27172544215464,0.6415410961610333,-157.167706108751,117.8959806665964,0.13860954869904868,0.4343946473464698,1.0,0.547747547547545,True,False,False,False
Q0702,MOMREV,SENSEX,"After a big rise (>1.5 sd) of SENSEX over the last 60 minutes, is the next 15 minutes up more often (momentum vs reversal)?",2875,340,37245,0.5089980059820538,0.5144347826086957,0.5085783326621023,0.005856449946593401,0.013282729424530541,-0.02017769972548646,0.03189059961867326,0.6592802405394571,-0.02144349665790768,0.032358506227459116,CE,2857.0,340.0,-8.282112455217831,-118.02960234986142,0.9972930840475608,-126.16408451841527,time,-8.282112455217831,-118.02960234986142,0.9972930840475608,-126.16408451841527,8.134482168553834,0.42389681250475153,0.8205402112430183,1.0,0.8450568766484648,False,False,False,False
Q0703,MOMREV,SENSEX,"After a big fall (<-1.5 sd) of SENSEX over the last 60 minutes, is the next 15 minutes up more often (momentum vs reversal)?",3155,336,36965,0.5089980059820538,0.4985736925515055,0.509887731638036,-0.011314039086530503,0.012236338609887473,-0.03529726276190995,0.012669184588848945,0.35516038761444024,-0.0070430738837955476,-0.014496009890514583,PE,3142.0,335.0,29.360280562023842,-74.41525661550448,0.9799209279763528,-116.5371260756507,time,29.360280562023842,-74.41525661550448,0.9799209279763528,-116.5371260756507,42.121869460146215,0.12316604976031142,0.5814173858155176,1.0,0.520017422779859,True,False,False,False
Q0704,MOMREV,SENSEX,"After a big rise (>1.5 sd) of SENSEX over the last 60 minutes, is the next 60 minutes up more often (momentum vs reversal)?",2875,340,37245,0.5135842472582254,0.5363478260869565,0.5118270908846825,0.024520735202274047,0.02163604623041965,-0.017885915409348467,0.06692738581389657,0.25707657246586285,0.021716857631072783,0.027815468113975617,PE,2850.0,338.0,-7.657543590612579,-110.81784772709942,0.8038925209108088,-157.63664419336686,liq,3.6354398560105707,-100.83926481361844,0.9036536372886677,-144.66881889658796,43.82955408296951,0.2865320660254311,0.47875147205774315,1.0,0.7592655502339439,True,False,False,False
Q0705,MOMREV,SENSEX,"After a big fall (<-1.5 sd) of SENSEX over the last 60 minutes, is the next 60 minutes up more often (momentum vs reversal)?",3155,336,36965,0.5135842472582254,0.5030110935023772,0.5144866765859597,-0.011475583083582541,0.01946728726241981,-0.04963146611792537,0.026680299950760288,0.5555390977470444,0.021201881482384777,-0.040613282117613225,PE,3142.0,335.0,-56.05793945467601,-159.4594467995551,0.9362284862472056,-161.66263859351557,T30S10H60,-1.5770205200894634,-108.02825007694258,1.0,-108.86149290236133,0.8332428254187421,0.4570544955305812,0.7575533151096059,1.0,0.8450568766484648,False,False,False,False
Q0770,VIX,SENSEX,"When India VIX closed below 13 yesterday, is SENSEX's day range bigger?",259,259,331,0.9125416596057051,0.7433568424469715,1.0449249455395782,-0.3015681030926066,0.03933932995477154,-0.3786731898039588,-0.2244630163812544,1.7769644560300187e-14,-0.3380018898582363,-0.2631716161031167,CE+PE,219.0,219.0,-583.497691234089,-776.3244162564716,0.9994934366563784,-949.6933277869977,liq,59.08678377055686,-139.91064126691114,0.7387007712832088,-247.86230638837517,107.95166512146407,0.31089918205640577,1.7365789002111547e-13,1.0,0.7842654189784246,True,True,False,False
Q0771,VIX,SENSEX,"When India VIX closed below 13 yesterday, is SENSEX more often up (close > open)?",259,259,331,0.46440677966101696,0.4864864864864865,0.4471299093655589,0.039356577120927605,0.041404029102283496,-0.041795319919548046,0.12050847416140326,0.3418331396178679,0.04482137780725859,-0.012017358406587297,PE,226.0,226.0,-450.36280088522267,-543.5469901838392,0.9711938921760072,-535.756630603496,T25S10H15,19.924772144418903,-77.56045432765687,0.9872779036689354,-98.08703599124222,20.52658166358534,0.277129380947688,0.5682535439523835,1.0,0.7481773094424817,False,False,False,False
Q0772,VIX,SENSEX,"When India VIX closed 13-16 yesterday, is SENSEX's day range bigger?",248,248,342,0.9125416596057051,1.0032159668062963,0.8467895304076156,0.1564264363986807,0.04306276790286949,0.0720234113090565,0.24082946148830492,0.00028066502750934206,0.14796470708950826,0.14220058378927436,CE+PE,241.0,241.0,-557.5560306241404,-782.6917228925562,0.9947883450416194,-949.6933277869974,T30S10H30,44.54773170819421,-189.84993859757333,0.9999999303592514,-190.78848412150313,0.9385455239297249,0.4896150908465593,0.0015276704028989504,1.0,0.8450568766484648,True,True,False,False
Q0773,VIX,SENSEX,"When India VIX closed 13-16 yesterday, is SENSEX more often up (close > open)?",248,248,342,0.46440677966101696,0.4153225806451613,0.5,-0.08467741935483869,0.041389005570394925,-0.16579987027281273,-0.0035549684368646334,0.04076703572777806,-0.0898513251454428,-0.05524785378011626,PE,242.0,242.0,-249.7810207762994,-360.10929735052673,0.8464582728142862,-535.756630603496,T25S10H15,13.648772436725206,-100.92994857808075,0.9998126074911426,-98.0870359912422,-2.8429125868385334,0.5399061062756061,0.12787657006058117,1.0,0.853933614285547,True,False,False,False
Q0774,VIX,SENSEX,"When India VIX closed 16-20 yesterday, is SENSEX's day range bigger?",60,60,530,0.9125416596057051,1.0440815418958664,0.8976503521766303,0.1464311897192362,0.0632144509668407,0.02253086582422842,0.27033151361424396,0.02053537263667462,0.26726885583429116,0.0746101472510231,CE+PE,56.0,56.0,-1584.8035294669014,-1834.555159219824,0.996611813472292,-949.6933277869975,liq,353.3213588169643,89.80411243631286,0.4483068648863862,-247.8623063883752,337.66641882468815,0.31256972439280395,0.07483229011669565,1.0,0.7853212933294549,True,False,False,False
Q0775,VIX,SENSEX,"When India VIX closed 16-20 yesterday, is SENSEX more often up (close > open)?",60,60,530,0.46440677966101696,0.5333333333333333,0.45660377358490567,0.07672955974842766,0.06800095956584079,-0.0565523210006203,0.2100114404974756,0.259167932046059,0.10357142857142854,0.0991111111111111,CE,58.0,58.0,-732.7068949567861,-861.5592227057192,0.8783569705661757,-413.93669718350145,liq,-20.60350089237608,-155.39064283972272,0.6317422460325153,-29.51274433406869,-125.87789850565387,0.6074068004803486,0.4803543568095059,1.0,0.8845636648727015,True,False,False,False
Q0776,VIX,SENSEX,"When India VIX closed 20 or more yesterday, is SENSEX's day range bigger?",23,23,567,0.9125416596057051,1.4968567257342131,0.8888392847892048,0.6080174409450083,0.32406034317544974,-0.027140831678873156,1.2431757135688897,0.060621288734061356,0.7312997021582178,0.4017681661135858,,,,,,,,,,,,,,,0.1722499173280598,,,True,False,False,False
Q0777,VIX,SENSEX,"When India VIX closed 20 or more yesterday, is SENSEX more often up (close > open)?",23,23,567,0.46440677966101696,0.5652173913043478,0.4603174603174603,0.10489993098688749,0.10555407525620489,-0.10198605651527409,0.3117859184890491,0.32031890371575145,0.06429211469534052,0.1478174603174603,,,,,,,,,,,,,,,0.5495142755476288,,,True,False,False,False
Q0778,VIX,SENSEX,"When India VIX rose more than 5% yesterday, is SENSEX more often up today?",67,67,523,0.46440677966101696,0.5671641791044776,0.45124282982791586,0.11592134927656172,0.06437783117643098,-0.010259199829242976,0.24210189838236643,0.07175951442174726,0.03132747351814291,0.20148045338885034,CE,65.0,65.0,-594.1384519155209,-707.3325460404692,0.8467232087095552,-413.9366971835015,liq,135.60003662109375,17.08156377549462,0.4836771459895561,-29.51274433406869,46.594308109563194,0.4555551744475453,0.19625960669286635,1.0,0.8450568766484648,True,False,False,False
Q0779,VIX,SENSEX,"When India VIX fell more than 5% yesterday, is SENSEX more often up today?",52,52,538,0.46440677966101696,0.4423076923076923,0.46654275092936803,-0.024235058621675742,0.07221583716427021,-0.16577809946364536,0.11730798222029387,0.737178542987124,-0.0018587360594795044,-0.04661138118387187,PE,48.0,48.0,-608.166655836006,-714.4789307154778,0.7924315972786884,-535.756630603496,T30S10H15,-72.08333333333333,-184.15475362768143,0.999766072383876,-103.60731313804148,-80.54744048963995,0.9370183296035501,0.8624083127690702,1.0,1.0,True,False,False,False
Q0780,VIX,SENSEX,"When India VIX is up more than 3% at 10:15, is SENSEX more often up 10:15->15:09?",137,137,453,0.5254237288135594,0.5109489051094891,0.5298013245033113,-0.018852419393822206,0.048763599790492884,-0.11442907498318826,0.07672423619554385,0.6990461064323531,-0.05099346076458755,0.01296810903797807,PE,137.0,137.0,57.32847352967645,-54.35701661418344,0.5586852679960816,-372.01390064202945,time,57.32847352967645,-54.35701661418344,0.5586852679960816,-372.01390064202945,317.656884027846,0.194130848642008,0.844169269168605,1.0,0.6386800232784567,False,False,False,False
Q0781,VIX,SENSEX,"When India VIX is down more than 3% at 10:15, is SENSEX more often up 10:15->15:09?",56,56,534,0.5254237288135594,0.5,0.5280898876404494,-0.028089887640449396,0.07028047148803697,-0.16583961175700185,0.10965983647610306,0.6893902459122354,-0.02605498721227628,-0.022785102937774693,CE,56.0,56.0,255.78579583338328,144.35694448771173,0.4155570597979858,-256.03371708996264,time,255.78579583338328,144.35694448771173,0.4155570597979858,-256.03371708996264,400.3906615776742,0.27708033880582555,0.8429577054019824,1.0,0.7481773094424817,True,False,False,False
Q0782,VIX,SENSEX,"When India VIX is up more than 5% intraday, does SENSEX fall more over the next 60 minutes (mean move, bps)?",4434,144,35686,0.08386609266667161,-0.14046694665649856,0.1117395639539814,-0.25220651061047994,1.6781520057737578,-3.541384441927045,3.0369714207060854,0.8805372111053116,-1.0604595991531856,0.6286019016263608,PE,4413.0,144.0,-48.169281233364615,-160.76789668641015,0.9163003593375967,-166.47335866116342,T25S10H60,1.3929307160938296,-114.54375629775572,1.0,-108.99036037525089,-5.55339592250483,0.7823594307462236,0.9426497944612879,1.0,0.9737622158547263,False,False,False,False
Q0783,VIX,SENSEX,"When India VIX is down more than 3% intraday, does SENSEX fall more over the next 60 minutes (mean move, bps)?",5139,156,34981,0.08386609266667161,1.358104520605844,-0.10333013617696943,1.4614346567828134,1.2213523898388219,-0.9324160273012774,3.855285340866904,0.23147387129036753,1.9876208754264326,1.0414591425752822,CE,5119.0,156.0,60.03359931710875,-44.50778134218488,0.6680184363067094,-149.75423086380067,liq,102.55127665539649,-3.134198849823629,0.5114326988178874,-113.1306203882123,109.99642153838865,0.15738380630499588,0.45449207604958003,1.0,0.5828140072851288,True,False,False,False
Q0784,VIX,SENSEX,"When India VIX jumps (>1.5 sd in 15 min), is SENSEX up over the next 15 minutes more often?",2356,459,36386,0.5101182179546745,0.4961799660441426,0.5110207222558126,-0.014840756211670025,0.012829010949466932,-0.039985617672625214,0.010304105249285163,0.24734910167242563,-0.031858094850173324,0.0031427194000392955,PE,2320.0,457.0,54.56465150056214,-48.79068836451391,0.9082342968016772,-122.8756936304212,time,54.56465150056214,-48.79068836451391,0.9082342968016772,-122.8756936304212,74.08500526590728,0.021466398149802304,0.4699268647384817,1.0,0.20152350505893663,False,False,False,False
Q0785,VIX,SENSEX,"When India VIX drops (<-1.5 sd in 15 min), is SENSEX up over the next 15 minutes more often?",2175,476,36567,0.5101182179546745,0.48229885057471267,0.5117729100008204,-0.0294740594261077,0.013553588561270912,-0.05603909300619869,-0.002909025846016714,0.0296577484645502,-0.04189368221548545,-0.01685439110063841,PE,2160.0,474.0,-8.800478359063467,-110.9477984981169,0.9996742184870725,-122.47603105256351,T25S10H30,13.819905563637063,-91.0098427804686,1.0,-110.4972662212986,19.487423440829993,0.027225649187532196,0.09937271563446691,1.0,0.23171193997312575,True,False,False,False
Q0810,PIN,SENSEX,"On expiry days, does SENSEX move toward the max-OI strike from 12:00 to 15:09 more often than on other days?",78,78,285,0.36639118457300274,0.2692307692307692,0.3929824561403509,-0.12375168690958166,0.05804021841956186,-0.2375105150119229,-0.009992858807240407,0.03299276839573268,-0.1492821311191835,-0.09234234234234234,col:pinside165,78.0,78.0,-355.26924585684753,-430.88450497365295,0.8028324574319912,-262.9536943755214,liq,575.12817969689,494.24550255718947,0.09957792872049501,-106.13880748663493,600.3843100438245,0.05938026761357516,0.10912992623203888,1.0,0.36225555972835033,True,False,False,False
Q0811,PIN,SENSEX,"On expiry days, how far does SENSEX move toward the max-OI strike from 12:00 to 15:09 (%, vs other days)?",78,78,285,0.012595627261915812,0.0034766319470527843,0.01509135229545727,-0.011614720348404486,0.06372232100106852,-0.13651046951049878,0.11328102881368982,0.8553701893691983,-0.10801394739235134,0.09109923118227595,col:pinside165,78.0,78.0,-355.26924585684753,-430.88450497365295,0.8028324574319912,-262.9536943755214,liq,575.12817969689,494.24550255718947,0.09957792872049501,-106.13880748663493,600.3843100438245,0.05938026761357516,0.9288110642140285,1.0,0.36225555972835033,False,False,False,False
Q0812,PIN,SENSEX,"On expiry days, does SENSEX move toward the max-OI strike from 13:30 to 15:09 more often than on other days?",78,78,285,0.39944903581267216,0.4358974358974359,0.3894736842105263,0.0464237516869096,0.0632280770351011,-0.07750327930188855,0.17035078267570775,0.4628104932588438,0.041861269676526536,0.05048798798798804,col:pinside255,78.0,78.0,-435.0897407149657,-505.02328479994566,0.9169048266811876,-224.33815244274794,T20S10H15,63.89743902744391,-9.103341480470013,0.6076398027533488,-116.5310669093101,107.42772542884009,0.0006166794112924985,0.6851002569879091,1.0,0.014893944827181515,True,False,False,False
Q0813,PIN,SENSEX,"On expiry days, how far does SENSEX move toward the max-OI strike from 13:30 to 15:09 (%, vs other days)?",78,78,285,0.0026342954188995783,-0.0011245409647623699,0.0036630295870596903,-0.00478757055182206,0.04078416996236708,-0.08472454367806154,0.0751494025744174,0.9065526238646946,0.0031944563429653766,-0.015822152520443226,col:pinside255,78.0,78.0,-435.0897407149657,-505.02328479994566,0.9169048266811876,-224.33815244274794,T20S10H15,63.89743902744391,-9.103341480470013,0.6076398027533488,-116.5310669093101,107.42772542884009,0.0006166794112924985,0.9577828704221589,1.0,0.014893944827181515,False,False,False,False
Q0814,PIN,SENSEX,"On expiry days, does SENSEX move toward the max-OI strike from 14:30 to 15:09 more often than on other days?",78,78,285,0.45179063360881544,0.3974358974358974,0.4666666666666667,-0.06923076923076926,0.06288443622997068,-0.1924842642415118,0.054022725779973274,0.27093122962616156,-0.06763535720463587,-0.0730105105105105,col:pinside315,78.0,78.0,21.628203147496933,-45.84142266307026,0.557941562517798,-132.36131470440634,time,21.628203147496933,-45.84142266307026,0.557941562517798,-132.36131470440634,86.51989204133618,0.3915891648444164,0.49225533270105415,1.0,0.8450568766484648,True,False,False,False
Q0815,PIN,SENSEX,"On expiry days, how far does SENSEX move toward the max-OI strike from 14:30 to 15:09 (%, vs other days)?",78,78,285,0.01724836911708527,0.016565659107306063,0.017435216067130107,-0.0008695569598240437,0.028576945764654738,-0.05688037065854733,0.05514125673889925,0.9757252217352823,-0.03263299037502456,0.03246791862152718,col:pinside315,78.0,78.0,21.628203147496933,-45.84142266307026,0.557941562517798,-132.36131470440634,time,21.628203147496933,-45.84142266307026,0.557941562517798,-132.36131470440634,86.51989204133618,0.3915891648444164,0.9928871091764864,1.0,0.8450568766484648,False,False,False,False
Q0876,OPTPREM,SENSEX,"If the ATM CE premium fell 5%+ in 15 min while spot was flat (<0.05%), is SENSEX up over the next 15 minutes more often?",4603,579,35517,0.5089980059820538,0.49402563545513795,0.510938423853366,-0.016912788398228018,0.008475613803173087,-0.033524991452447264,-0.00030058534400876843,0.04599221734601778,-0.015452282892369995,-0.017275977072305215,PE,4580.0,575.0,-9.021182725002673,-97.79588662015885,0.9999999918964936,-117.90138932591849,T30S10H15,-4.535809583539005,-95.22573098963004,1.0,-108.29804819213386,13.072317202503832,0.019420518611146544,0.1405923231667368,1.0,0.1883519636032279,True,False,False,False
Q0877,OPTPREM,SENSEX,"If the ATM CE premium fell 5%+ in 15 min while spot was flat (<0.05%), is SENSEX up over the next 30 minutes more often?",4603,579,35517,0.5122382851445663,0.5011948729089724,0.5136695103753133,-0.012474637466340921,0.009623994381767937,-0.031337666454606075,0.006388391521924237,0.19490601877437627,-0.00702606177893661,-0.01627609106772787,PE,4580.0,575.0,-27.626861551443042,-116.32005238796305,0.9999555541032074,-135.5618322008824,T30S10H15,-4.535809583539005,-95.22573098963004,1.0,-108.29804819213386,13.072317202503832,0.019420518611146544,0.4048772370675449,1.0,0.1883519636032279,True,False,False,False
Q0878,OPTPREM,SENSEX,"If the ATM PE premium fell 5%+ in 15 min while spot was flat, is SENSEX up over the next 15 minutes more often?",4885,577,35235,0.5089980059820538,0.5316274309109519,0.5058606499219526,0.025766780988999316,0.008081489845375156,0.009927060892064011,0.041606501085934625,0.0014307725474525862,0.03423948170904656,0.01763131230267151,CE,4850.0,575.0,0.9105117490611125,-93.10072239281627,0.9999999928587222,-121.08010459548889,liq,4.130718475027183,-90.81530888301002,0.9763723149501855,-113.50093427592519,22.685625392915163,0.3098511215565929,0.0069648927781654196,1.0,0.7830308029900819,True,True,False,False
Q0879,OPTPREM,SENSEX,"If the ATM PE premium fell 5%+ in 15 min while spot was flat, is SENSEX up over the next 30 minutes more often?",4885,577,35235,0.5122382851445663,0.5162743091095189,0.511678728536966,0.0045955805725528265,0.009054586447044944,-0.013151408863655265,0.022342570008760918,0.6117747561714832,0.02304158181810856,-0.013305652230081677,CE,4850.0,575.0,-3.6624820089831793,-97.65373153842829,0.9997587696929742,-131.64390962753984,liq,4.130718475027183,-90.81530888301002,0.9763723149501855,-113.50093427592519,22.685625392915163,0.3098511215565929,0.7898901564936551,1.0,0.7830308029900819,False,False,False,False
Q0880,OPTPREM,SENSEX,"If the ATM CE premium rose 5%+ in 15 min while spot was flat, is SENSEX up over the next 15 minutes more often?",2861,561,37259,0.5089980059820538,0.5375742747291157,0.5068037252744303,0.03077054945468538,0.010320683644758605,0.010542009510958517,0.050999089398412245,0.002868916830357786,0.04340353979640721,0.014176894886478886,CE,2835.0,560.0,28.249732015835125,-70.22188347262875,0.9997346255255144,-119.80948000451447,liq,52.17706715955516,-47.230912024603825,0.8274408385369048,-110.65968711555018,63.42877509094638,0.10235860767772258,0.01303134757451248,1.0,0.4775691883629688,True,True,False,False
Q0881,OPTPREM,SENSEX,"If the ATM CE premium rose 5%+ in 15 min while spot was flat, is SENSEX up over the next 30 minutes more often?",2861,561,37259,0.5122382851445663,0.529884655714785,0.510883276523793,0.019001379190992096,0.01052883285266097,-0.0016351332002234042,0.039637891582207596,0.0711217210010679,0.023484674376780923,0.011650586740668323,CE,2835.0,560.0,35.032440022396244,-63.468912049495934,0.9794402864546149,-130.7426243716691,liq,52.17706715955516,-47.230912024603825,0.8274408385369048,-110.65968711555018,63.42877509094638,0.10235860767772258,0.19562264411807587,1.0,0.4775691883629688,True,False,False,False
Q0882,OPTPREM,SENSEX,"If the ATM PE premium rose 5%+ in 15 min while spot was flat, is SENSEX up over the next 15 minutes more often?",2889,560,37231,0.5089980059820538,0.48736587054344066,0.5106765867153716,-0.02331071617193098,0.00989721812119769,-0.04270926368947845,-0.003912168654383506,0.018508771979769634,-0.023893315461420983,-0.023468313687964926,PE,2879.0,560.0,-3.4935784447561664,-96.27223774087254,0.9999999465962739,-118.58881679947781,T30S10H15,2.393882833615323,-92.43885317203691,1.0,-108.82508011912398,16.386226947087074,0.01897605482014553,0.06880782666830786,1.0,0.18529216782942368,True,False,False,False
Q0883,OPTPREM,SENSEX,"If the ATM PE premium rose 5%+ in 15 min while spot was flat, is SENSEX up over the next 30 minutes more often?",2889,560,37231,0.5122382851445663,0.5095188646590516,0.512449303000188,-0.0029304383411363766,0.01019278465076919,-0.02290829625664399,0.017047419574371236,0.773728543979736,-0.01839285796186807,0.012821055582135976,PE,2879.0,560.0,-6.502269262570231,-99.26773078510537,0.9997596016575283,-136.74899454855557,T30S10H15,2.393882833615323,-92.43885317203691,1.0,-108.82508011912398,16.386226947087074,0.01897605482014553,0.8825020528150835,1.0,0.18529216782942368,False,False,False,False
Q0884,OPTPREM,SENSEX,"If the ATM straddle jumped (>1.5 sd in 15 min), is SENSEX's next 30-minute move bigger?",1011,232,39109,10.94384739515432,14.555634055246113,10.850479722410123,3.70515433283599,1.0059801401550463,1.7334332581320995,5.676875407539881,0.00023038876089871469,3.3677164372164015,3.9492219224078617,CE+PE,989.0,232.0,-139.02529394662778,-311.9689921834903,0.9999979922454821,-273.017084749373,liq,10.461051061493322,-166.09795138923914,0.8449652856637719,-268.26692608018965,102.16897469095044,0.2661745269113563,0.0012646872406780509,1.0,0.7363864287814736,True,True,False,False
Q0885,OPTPREM,SENSEX,"If the ATM straddle dropped (<-1.5 sd), is SENSEX's next 30-minute move bigger?",3164,244,36956,10.94384739515432,11.035319411498406,10.93601598862459,0.09930342287381677,0.4632251498250813,-0.8086178707833426,1.0072247165309762,0.8302554244418039,0.9072229139925341,-0.6870970855805663,CE+PE,3134.0,243.0,-205.55010344697627,-354.6849723497025,1.0,-272.88183018268694,T30S10H60,-18.590303145933852,-171.27096058953356,1.0,-222.0194063988977,50.74844580936412,6.3501470195411185e-06,0.913847694138163,1.0,0.0002772648506492973,False,False,False,False
Q0886,OPTPREM,SENSEX,"If SENSEX's ATM straddle fell 3%+ in 15 min with flat spot, is the next-60-min range bigger?",3983,492,36137,29.921041158343836,27.74026016012197,30.16140562456731,-2.4211454644453383,0.7531278488361244,-3.8972760481641417,-0.9450148807265346,0.0013054143939383066,-1.1583798613116514,-3.6773131706577047,CE+PE,3944.0,486.0,-191.84533437355054,-353.0464668933877,1.0,-314.4759477451261,T25S10H60,-11.766229947730446,-176.9251670269743,1.0,-226.0507677873422,49.12560076036786,3.3870060883352714e-11,0.006452048153947953,1.0,3.4204921349228945e-09,True,True,False,False
Q0887,OPTPREM,SENSEX,"If the PE got more expensive relative to the CE (>1.5 sd in 15 min), is SENSEX up over the next 15 minutes more often?",1765,229,38355,0.5089980059820538,0.49235127478753543,0.5097640464085517,-0.017412771621016232,0.01282417677020003,-0.04254815809060829,0.007722614848575827,0.17452457101203694,-0.04177290124433658,0.007194013179939729,PE,1757.0,229.0,-61.345472972231555,-138.63898338427748,0.9999883863563,-117.96828415009239,T30S10H30,-12.688671887158398,-91.6608056042917,0.9999999999947722,-108.31511762112312,16.654312016831415,0.10774479090718603,0.3752278276758794,1.0,0.4879522074275409,False,False,False,False
Q0888,OPTPREM,SENSEX,"If the PE got more expensive relative to the CE (>1.5 sd in 15 min), is SENSEX up over the next 30 minutes more often?",1765,229,38355,0.5122382851445663,0.47422096317280454,0.5139877460565767,-0.03976678288377217,0.016103582405202543,-0.07132980439796915,-0.00820376136957518,0.013532582939865867,-0.051588097038326564,-0.02793343013515026,PE,1757.0,229.0,-77.57825709637689,-154.80067246957046,0.9985959230998809,-138.13426135586363,T30S10H30,-12.688671887158398,-91.6608056042917,0.9999999999947722,-108.31511762112312,16.654312016831415,0.10774479090718603,0.05274027792274009,1.0,0.4879522074275409,True,False,False,False
Q0889,OPTPREM,SENSEX,"If the CE got more expensive relative to the PE (>1.5 sd), is SENSEX up over the next 15 minutes more often?",1785,240,38335,0.5089980059820538,0.5490196078431373,0.5071344724142428,0.04188513542889449,0.014571512603859785,0.013324970725329316,0.07044530013245967,0.004047273600200566,0.0517930048120091,0.031162936006152997,CE,1761.0,237.0,-37.4082921216056,-116.42428636127094,0.9999899436801333,-122.9430063632326,T30S10H30,-10.285064333342206,-90.98043713369155,1.0,-115.62114875410498,24.64071162041344,0.0107616946190119,0.017941522145219005,1.0,0.12925642706373083,True,True,False,False
Q0890,OPTPREM,SENSEX,"If the CE got more expensive relative to the PE (>1.5 sd), is SENSEX up over the next 30 minutes more often?",1785,240,38335,0.5122382851445663,0.542296918767507,0.510838659188731,0.031458259578776016,0.015865263329481225,0.0003623434529928145,0.06255417570455922,0.047385439373526204,0.0788390249176314,-0.018408619667848514,CE,1761.0,237.0,-57.128902572518655,-136.05869280337365,0.99841019320961,-131.30448052697042,T30S10H30,-10.285064333342206,-90.98043713369155,1.0,-115.62114875410498,24.64071162041344,0.0107616946190119,0.1442484674398249,1.0,0.12925642706373083,False,False,False,False
Q0893,OPTPREM,SENSEX,"If the ATM CE premium fell 20+ points in 15 min while spot was flat (<0.1%), is SENSEX up over the next 30 minutes more often?",7101,588,33019,0.5122382851445663,0.5038726939867624,0.5140373724219389,-0.010164678435176544,0.007186373571957733,-0.024249970636213702,0.003920613765860613,0.15723339765191785,-0.0006334929046548643,-0.017321450503561764,PE,7065.0,585.0,-25.30997985858742,-125.73031480505071,0.9999995625897203,-134.61585433950404,T30S10H15,-5.276575162743138,-108.27357933943108,1.0,-108.79594136110772,0.5223620216766435,0.457108400028311,0.3491068553717281,1.0,0.8450568766484648,True,False,False,False
Q0894,OPTPREM,SENSEX,"If the ATM PE premium fell 20+ points in 15 min while spot was flat, is SENSEX up over the next 30 minutes more often?",6473,586,33647,0.5122382851445663,0.5337556001853855,0.5080987903825007,0.02565680980288476,0.00746215088368415,0.011030994070863828,0.04028262553490569,0.0005854667391169408,0.024479902664706232,0.027821845932908484,CE,6427.0,584.0,3.258590617650253,-103.67734551033915,0.9999489079766476,-132.5328785731449,liq,7.814062987179636,-100.09775445613134,0.9895243914972566,-115.6347175774163,15.536963121284959,0.35999911714881533,0.0030331409375937896,1.0,0.8315163331979164,True,True,False,False
Q0939,THETA,SENSEX,"How much does SENSEX's ATM straddle change over the next 60 minutes starting at 09:20-10:00 (%, vs other hours)?",4672,587,35363,-6.814810151060497,-5.517741443870002,-6.9861730162018585,1.4684315723318564,0.4291960978650688,0.6272072205163216,2.3096559241473913,0.0006231028422656831,1.8081362217528847,1.139495904014609,CE+PE,4584.0,581.0,-174.04733212622463,-389.47215985353006,0.9999999999799469,-383.1566587004351,T30S10H15,-8.187388941047494,-230.37552051228735,1.0,-229.18246974758424,-1.19305076470309,0.5669150367488778,0.0031992887627233105,1.0,0.8646619204331514,True,True,False,False
Q0940,THETA,SENSEX,"How much does SENSEX's ATM straddle change over the next 60 minutes starting at 10:00-11:00 (%, vs other hours)?",7063,589,32972,-6.814810151060497,-4.138656821953715,-7.38807446512944,3.2494176431757253,0.4264836584160242,2.413509672680318,4.085325613671133,2.5546906568145135e-14,2.833201108490253,3.6638569873701288,CE+PE,6964.0,586.0,-55.50445392856236,-267.17904524298837,0.9999999941160678,-262.13280836057095,T25S10H60,-8.691269394175066,-226.1883979450396,1.0,-225.01529437891398,-1.1731035661256348,0.57092139190839,2.441148849844979e-13,1.0,0.8667152966169808,True,True,False,False
Q0941,THETA,SENSEX,"How much does SENSEX's ATM straddle change over the next 60 minutes starting at 11:00-12:00 (%, vs other hours)?",7068,589,32967,-6.814810151060497,-4.100651801442048,-7.3967154264905695,3.2960636250485216,0.37369168185388224,2.5636279286149124,4.028499321482131,1.1417834106027094e-18,3.7316829892558454,2.8617436916285506,CE+PE,6985.0,586.0,-69.75762716087172,-278.3757631276855,0.9999999999993532,-267.76220305061787,liq,-14.391418129355035,-225.0751368586036,0.9995666175423163,-227.58320195689626,2.5080650982926422,0.4851976474878404,1.4162505766129762e-17,1.0,0.8450568766484648,True,True,False,False
Q0942,THETA,SENSEX,"How much does SENSEX's ATM straddle change over the next 60 minutes starting at 12:00-13:00 (%, vs other hours)?",7072,590,32963,-6.814810151060497,-5.0437151792362265,-7.194787205355956,2.1510720261197296,0.3581641306422053,1.4490703300610073,2.853073722178452,1.903583638599238e-09,2.3907854793160137,1.911404071506519,CE+PE,6984.0,586.0,-117.32359615251644,-322.83754937679566,1.0,-325.93758559705844,liq,-19.383161813532773,-226.93912139064244,0.9999774897917648,-228.36999277270712,1.4308713820646497,0.4897385292825947,1.3873575671146988e-08,1.0,0.8450568766484648,True,True,False,False
Q0943,THETA,SENSEX,"How much does SENSEX's ATM straddle change over the next 60 minutes starting at 13:00-14:00 (%, vs other hours)?",7080,590,32955,-6.814810151060497,-8.017267495225378,-6.556476119906275,-1.4607913753191024,0.3589341153594383,-2.1643022414236013,-0.7572805092146033,4.7052775272556205e-05,-2.0445782670023416,-0.8788230163373703,CE+PE,6987.0,586.0,-161.7914725001728,-364.4788859738998,1.0,-371.45806765346936,T30S10H15,-1.7253471277328936,-210.12062732217723,1.0,-209.8338039333144,-0.28682338886284336,0.5200332626161766,0.0002685755756707854,1.0,0.8462623597335978,True,True,False,False
Q0944,THETA,SENSEX,"How much does SENSEX's ATM straddle change over the next 60 minutes starting at 14:00-14:55 (%, vs other hours)?",7080,590,32955,-6.814810151060497,-13.616650945217597,-5.353513448810997,-8.2631374964066,0.7872080588095425,-9.806065291673303,-6.720209701139897,8.939184457240057e-26,-8.155368717060536,-8.372107379892547,CE+PE,6994.0,587.0,-112.05132583345316,-311.7893686288755,1.0,-312.5273375403291,T30S10H15,-1.019445574212013,-206.1740392164225,1.0,-206.34647380326473,0.17243458684220325,0.48950391305049684,1.6473639928342393e-24,1.0,0.8450568766484648,True,True,False,False
Q0945,THETA,SENSEX,"How much does SENSEX's ATM straddle change over the next 60 minutes on expiry day (%, vs other days)?",8431,124,31604,-6.814810151060497,-25.072300903653776,-1.9442588115112645,-23.12804209214251,0.5843278087594377,-24.27332459731101,-21.982759586974012,0.0,-20.97801096133518,-25.27657833850526,CE+PE,8408.0,124.0,-231.71979096095183,-379.32590280130586,0.9999999995848405,-316.8883658499936,T30S10H15,-24.666151703254705,-175.79547881255934,1.0,-224.94843119140458,49.15295237884525,1.0508228064925024e-13,0.0,1.0,1.3182942115478899e-11,True,True,False,False
Q0946,THETA,SENSEX,"How much does SENSEX's ATM straddle change over the next 60 minutes 1 day before expiry (%, vs other days)?",8491,125,31544,-6.814810151060497,-3.2213470408217586,-7.782096965321121,4.560749924499362,0.5538014702259821,3.475299042856437,5.646200806142287,1.7903077645172554e-16,3.946979218005218,5.170220991427401,CE+PE,8386.0,125.0,-96.07214609478642,-287.99991240619835,0.9999999999991929,-316.72343778084536,liq,45.46028619389133,-149.32051352641915,0.9568204429584307,-264.57768260102785,115.25716907460878,0.09280635242069545,2.0082582749802256e-15,1.0,0.455200849274019,True,True,False,False
Q0947,THETA,SENSEX,"How much does SENSEX's ATM straddle change over the next 60 minutes 2 days before expiry (%, vs other days)?",8425,124,31610,-6.814810151060497,-1.7672266546130535,-8.160140456583107,6.392913801970054,0.5295684949868372,5.354959551795853,7.430868052144255,1.4860755766607971e-33,6.13938066950699,6.641848833426297,CE+PE,8312.0,124.0,-37.16097116699806,-254.10496102389845,0.9999999999999991,-316.69857326052403,liq,63.24590811486194,-156.1049564174158,0.9552907761131426,-264.6756753907286,108.57071897331275,0.11878237660325938,3.423281239093622e-32,1.0,0.5107472098847403,True,True,False,False
Q0948,THETA,SENSEX,"How much does SENSEX's ATM straddle change over the next 60 minutes 3-4 days before expiry (%, vs other days)?",14552,215,25483,-6.814810151060497,-1.3196550644053542,-9.952803983066369,8.633148918661014,0.5965251162353359,7.463959690839756,9.802338146482272,1.8104829719199804e-47,7.787067188754735,9.475567476254216,CE+PE,14256.0,213.0,-95.49649113356465,-338.80390424630554,1.0,-316.62557500047467,T25S10H30,-13.265641979898266,-263.9965433542783,1.0,-227.17380726286947,-36.82273609140884,0.9999999989679749,6.487563982713262e-46,1.0,1.0,True,True,False,False
Q0949,THETA,SENSEX,"How much does SENSEX's ATM straddle change over the next 60 minutes 5+ days before expiry (%, vs other days)?",136,2,39899,-6.814810151060497,-0.010240390020258287,-6.83800425335633,6.827763863336072,0.4556532485993396,5.934683496081366,7.720844230590778,9.263573562874578e-51,,7.101083731548395,CE+PE,136.0,2.0,140.4852160285501,-189.32258431937845,0.9999999999999762,-316.84512522740306,time,140.4852160285501,-189.32258431937845,0.9999999999999762,-316.84512522740306,127.52254090802457,1.9110181979371457e-07,3.514708792973002e-49,1.0,1.1739187098390169e-05,False,True,False,False
Q1006,JUMPS,SENSEX,Is a 1-ITM SENSEX CE bought at 09:20-09:55 more likely to jump +20 before -15 (net of drops) than at other times?,4627,586,35084,-0.19118128478255395,-0.18305597579425115,-0.19225287880515335,0.009196903010902202,0.016795926841733148,-0.023723113598894764,0.04211691962069917,0.58398893734066,-0.015562371619968096,0.0333734501901381,CE,4627.0,586.0,-15.384476172993605,-126.37079477004708,0.9999704508080656,-126.37079477004708,T30S10H15,-1.1324821292439418,-115.32697172199676,1.0,-115.32697172199681,2.594625040718101e-14,0.4999999999999983,0.7726622863276426,1.0,0.8450568766484648,False,False,False,False
Q1007,JUMPS,SENSEX,Is a 1-ITM SENSEX PE bought at 09:20-09:55 more likely to jump +20 before -15 (net of drops) than at other times?,4630,585,35137,-0.18361958407725,-0.20367170626349893,-0.180977317357771,-0.02269438890572792,0.017173923457136333,-0.05635527888171513,0.010966501070259295,0.1863531536613412,0.015327302535938225,-0.059588652900779304,PE,4630.0,585.0,-53.23692788109666,-157.75099355109433,0.9999995078361735,-157.75099355109438,T30S10H30,-4.945571701675975,-112.56229517692456,1.0,-112.56229517692454,-7.857405630867631e-15,0.5000000000000004,0.391523726747769,1.0,0.8450568766484648,False,False,False,False
Q1008,JUMPS,SENSEX,Is a 1-ITM SENSEX CE bought at 10:00-12:55 more likely to jump +20 before -15 (net of drops) than at other times?,21030,589,18681,-0.19118128478255395,-0.19619591060389918,-0.18553610620416466,-0.010659804399734518,0.011112041526907406,-0.032439405792473036,0.011119796993003996,0.3374065946413149,0.0014772180878298569,-0.02256652838156553,CE,21030.0,589.0,-14.000948725912155,-121.82205354324172,1.0,-121.8220535432417,liq,5.340797072413758,-103.53585566526542,0.990654836951834,-103.53585566526544,5.535678641318821e-15,0.49999999999999994,0.5645324346138731,1.0,0.8450568766484648,False,False,False,False
Q1009,JUMPS,SENSEX,Is a 1-ITM SENSEX PE bought at 10:00-12:55 more likely to jump +20 before -15 (net of drops) than at other times?,21082,589,18685,-0.18361958407725,-0.18167156816241342,-0.1858175006689858,0.004145932506572386,0.011211267934599076,-0.0178281526452418,0.026120017658386573,0.7115311414191957,0.003453215758862066,0.004823054035562768,PE,21082.0,589.0,-5.24940738256375,-106.17545760410844,1.0,-106.17545760410847,time,-5.24940738256375,-106.17545760410844,1.0,-106.17545760410847,2.4158857461001792e-14,0.49999999999999917,0.8523312785959756,1.0,0.8450568766484648,True,False,False,False
Q1010,JUMPS,SENSEX,Is a 1-ITM SENSEX CE bought at 13:00-14:55 more likely to jump +20 before -15 (net of drops) than at other times?,14054,590,25657,-0.19118128478255395,-0.18635263981784544,-0.19382624624858713,0.007473606430741686,0.011241195499616984,-0.014559136748507603,0.029506349609990976,0.5061522654987842,0.005329200881114798,0.009447864525188004,CE,14054.0,590.0,-18.737939781343275,-122.97593435761972,1.0,-122.97593435761972,T30S10H15,-1.0186417757302748,-107.99290002913278,1.0,-107.99290002913278,-2.0708574396423584e-15,0.5000000000000002,0.7198858020875762,1.0,0.8450568766484648,True,False,False,False
Q1011,JUMPS,SENSEX,Is a 1-ITM SENSEX PE bought at 13:00-14:55 more likely to jump +20 before -15 (net of drops) than at other times?,14055,587,25712,-0.18361958407725,-0.1799359658484525,-0.18563316739265712,0.005697201544204611,0.01142049215113104,-0.01668696307201223,0.02808136616042145,0.6178795677990843,-0.010591663844068427,0.02182847260614687,PE,14055.0,587.0,-28.97061817012449,-126.27779691275809,1.0,-126.27779691275809,T30S10H15,-0.37260831509226794,-100.10591765684231,1.0,-100.10591765684234,1.9930584713344853e-14,0.4999999999999982,0.7900926332770796,1.0,0.8450568766484648,False,False,False,False
Q1012,JUMPS,SENSEX,"What share of SENSEX CE +20-point jumps start in the first 30 minutes (09:20-09:45), vs the rest of the day's rate?",3464,584,36247,0.3628213845030344,0.40155889145496537,0.35911937539658456,0.04243951605838081,0.009879523731965476,0.02307564954372848,0.06180338257303314,1.741393014462521e-05,0.03415867510877074,0.050244365959841886,CE,3464.0,584.0,-13.643470085795977,-124.80643046610524,0.9996912066518868,-124.80643046610524,T30S10H15,2.7263286757964735,-111.6630893598991,1.0,-111.66308935989909,9.714579666743171e-15,0.49999999999999944,0.0001016469225636494,1.0,0.8450568766484648,True,True,False,False
Q1013,JUMPS,SENSEX,"What share of SENSEX PE +20-point jumps start in the first 30 minutes (09:20-09:45), vs the rest of the day's rate?",3468,584,36299,0.35924258807554005,0.3866782006920415,0.3566213945287749,0.030056806163266614,0.009504125800365698,0.011428719594549847,0.048684892731983384,0.0015642026533412231,0.0473157050345378,0.01303450529046618,PE,3468.0,584.0,-55.684252566257285,-160.5169733471858,0.9999943674090831,-160.5169733471858,T30S10H60,-3.2612466867132306,-111.23503664692625,1.0,-111.23503664692625,5.7695742327002366e-15,0.4999999999999997,0.007585794822594653,1.0,0.8450568766484648,True,True,False,False
Q1014,JUMPS,SENSEX,"On expiry days, is a 1-ITM SENSEX CE more likely to jump +20 before -15 (net of drops)?",8411,124,31300,-0.19118128478255395,-0.21566995600998692,-0.1846006389776358,-0.031069317032351135,0.01575395673974065,-0.06194707224224281,-0.00019156182245946146,0.04859138990556657,-0.034566870621046214,-0.02790064294312994,CE,8411.0,124.0,-37.031030897691096,-111.5282680255962,0.9999951172577628,-122.75702007747662,liq,26.176315641420207,-49.84626650629219,0.7147094136941841,-114.89397070361106,65.04770419731884,0.22959433981031424,0.1461139696461093,1.0,0.691108262427866,True,False,False,False
Q1015,JUMPS,SENSEX,"On expiry days, is a 1-ITM SENSEX PE more likely to jump +20 before -15 (net of drops)?",8427,124,31340,-0.18361958407725,-0.22665242672362643,-0.17204850031908106,-0.054603926404545367,0.015270277082088779,-0.08453366948543937,-0.02467418332365136,0.0003491174692121611,-0.0768835709942895,-0.0324194212429009,PE,8427.0,124.0,-38.26676125258784,-112.02788354090039,0.9999935702238762,-119.30459155148027,T30S10H15,-15.329298608113795,-90.4858391367284,1.0,-108.89300264043246,18.40716350370406,0.00018395271634279628,0.0018533396513732009,1.0,0.00541475094186568,True,True,False,False
Q1016,JUMPS,SENSEX,"When VIX is 18+, is a 1-ITM SENSEX CE more likely to jump +20 before -15 (net)?",2703,40,37008,-0.19118128478255395,-0.17203107658157601,-0.19257998270644186,0.020548906124865846,0.02276305245559259,-0.02406667668809563,0.06516448893782732,0.36666884231858876,0.022047124122544476,0.02063618104640816,CE,2703.0,40.0,-30.94487493319552,-160.259979883482,0.9989843727453547,-122.82073831243974,T30S10H60,0.8368471451172598,-132.66571283816188,1.0,-116.51499129515837,-16.150721543003534,0.8811313640422783,0.5949720837622384,1.0,1.0,True,False,False,False
Q1017,JUMPS,SENSEX,"When VIX is 18+, is a 1-ITM SENSEX PE more likely to jump +20 before -15 (net)?",2714,40,37053,-0.18361958407725,-0.17575534266764922,-0.18419561169136103,0.00844026902371181,0.024817272177401345,-0.040201584443994826,0.05708212249141845,0.7337838083933323,-0.023104090065083988,0.0371889408710365,PE,2714.0,40.0,-36.55269563066318,-159.2018036517651,0.9997769529987598,-119.37474441100242,T25S10H60,2.7693486055558276,-123.63922887153723,1.0,-109.1282124284525,-14.511016443084731,0.930207256295627,0.862363161367907,1.0,1.0,False,False,False,False
Q1018,JUMPS,SENSEX,"After the 1-ITM SENSEX CE already rose 20+ points off its 15-min low, does it jump +20 again before -15 (net)?",19939,586,19772,-0.19118128478255395,-0.19218616781182607,-0.1901679142221323,-0.0020182535896937637,0.010722075678053793,-0.023033521918679196,0.01899701473929167,0.8506936303591501,0.007432689210269544,-0.008052498853736823,CE,19939.0,586.0,-21.903756433745983,-132.59289652203478,1.0,-122.64632892677669,liq,0.907668401594835,-110.94268849044843,0.9953391919489554,-116.45343674098301,5.5107482505345935,0.44862325383135415,0.926071546973252,1.0,0.8450568766484648,False,False,False,False
Q1019,JUMPS,SENSEX,"After the 1-ITM SENSEX PE already rose 20+ points off its 15-min low, does it jump +20 again before -15 (net)?",18782,586,20985,-0.18361958407725,-0.19135342349057607,-0.1766976411722659,-0.014655782318310162,0.009993355781271702,-0.0342427596496027,0.004931195012982375,0.14249779108295502,-0.01109319363618616,-0.017919597325142894,PE,18782.0,586.0,-25.603610890549653,-129.1320337728503,1.0,-118.59785693927368,T30S10H15,-11.707539144586468,-118.0050590950472,1.0,-108.88953945762317,-9.115519637424045,0.9973037432052986,0.3253489389327645,1.0,1.0,True,False,False,False
Q1052,ROUND,SENSEX,"When SENSEX crosses ABOVE a round 500 level (last 5 min), is it up over the next 15 minutes more often?",1452,464,38668,0.5089980059820538,0.4800275482093664,0.5100858591083066,-0.030058310898940233,0.013796754302116798,-0.05709994933108915,-0.0030166724667913085,0.029357613367211526,-0.044883883109315126,-0.015967345687824874,PE,1443.0,459.0,-23.851692185828195,-127.97873958674319,0.9984501552018811,-118.30095981833556,T30S15H30,-2.7221017204385123,-109.354701976927,0.9999999999999978,-119.60703352699312,10.252331550066149,0.229903927553962,0.09877725159693317,1.0,0.691170603317352,True,False,False,False
Q1053,ROUND,SENSEX,"When SENSEX crosses ABOVE a round 500 level (last 5 min), is it up over the next 30 minutes more often?",1452,464,38668,0.5122382851445663,0.4889807162534435,0.5131116168407986,-0.02413090058735512,0.014185487986429586,-0.05193445704075711,0.0036726558660468665,0.0889246480356286,-0.05147240611775045,0.001117207620345173,PE,1443.0,459.0,-62.983367220031994,-166.93905561146755,0.9995970901239902,-137.10060192026785,T30S15H30,-2.7221017204385123,-109.354701976927,0.9999999999999978,-119.60703352699312,10.252331550066149,0.229903927553962,0.22989005965741097,1.0,0.691170603317352,False,False,False,False
Q1054,ROUND,SENSEX,"When SENSEX crosses BELOW a round 500 level (last 5 min), is it up over the next 15 minutes more often?",1476,470,38644,0.5089980059820538,0.535230352303523,0.507996066659766,0.02723428564375696,0.0132207512687084,0.0013216131570884977,0.05314695813042543,0.03940188143889307,0.036368708145855466,0.02088483170376304,CE,1457.0,466.0,26.383675930020576,-84.26440855745557,0.9914850679417152,-125.18412337656603,liq,42.86272770260488,-69.08827400754696,0.8125792182956412,-119.8309652366251,50.74269122907816,0.25715809272123485,0.12488557016258492,1.0,0.7258710113723486,True,False,False,False
Q1055,ROUND,SENSEX,"When SENSEX crosses BELOW a round 500 level (last 5 min), is it up over the next 30 minutes more often?",1476,470,38644,0.5122382851445663,0.5386178861788617,0.5112307214574061,0.027387164721455637,0.013281392779858524,0.0013556348729329287,0.053418694569978345,0.03920104973834875,0.009850304263510301,0.043930172180148386,CE,1457.0,466.0,1.5133879907996832,-109.02584695116579,0.98431029471225,-135.72256482063915,liq,42.86272770260488,-69.08827400754696,0.8125792182956412,-119.8309652366251,50.74269122907816,0.25715809272123485,0.12455505951347264,1.0,0.7258710113723486,True,False,False,False
Q1056,ROUND,SENSEX,"When SENSEX rises to within 0.1% below a round 500 level (last 5 min), is it up over the next 15 minutes more often?",3301,477,36819,0.5089980059820538,0.4968191457134202,0.510089899236807,-0.013270753523386858,0.011853609447853915,-0.03650382804118053,0.009962320994406814,0.26290395170200964,-0.0327360104832255,0.006418543983617964,PE,3256.0,474.0,-19.778871165739524,-120.24875735815355,0.9999999310540845,-118.83897838504323,T25S10H30,0.28623773073388553,-102.73314668722857,1.0,-110.33929563005623,7.606148942827672,0.1547286043747173,0.484876457781088,1.0,0.5779579908104009,False,False,False,False
Q1057,ROUND,SENSEX,"When SENSEX rises to within 0.1% below a round 500 level (last 5 min), is it up over the next 30 minutes more often?",3301,477,36819,0.5122382851445663,0.4834898515601333,0.5148157201444906,-0.03132586858435732,0.012887755771423686,-0.05658586989634774,-0.0060658672723668955,0.015070975214737775,-0.04524273683794189,-0.017365949932419356,PE,3256.0,474.0,-22.250312008787432,-122.70935683711946,0.9999129634142803,-135.03102770776619,T25S10H30,0.28623773073388553,-102.73314668722857,1.0,-110.33929563005623,7.606148942827672,0.1547286043747173,0.05855890971991485,1.0,0.5779579908104009,True,False,False,False
Q1058,ROUND,SENSEX,"When SENSEX falls to within 0.1% above a round 500 level (last 5 min), is it up over the next 15 minutes more often?",2974,469,37146,0.5089980059820538,0.519502353732347,0.5081570020998223,0.011345351632524703,0.011720436692112769,-0.011626704284016322,0.03431740754906573,0.3330456942909591,0.015101213302000871,0.010244647251166583,CE,2949.0,465.0,-22.287890703729065,-129.16990092254264,0.9999999910294539,-122.48365660127959,liq,13.078341530961238,-94.991586912521,0.9382506590409141,-115.64910798788027,20.657521075359274,0.36861999040348437,0.5619951114130863,1.0,0.8379685640056515,True,False,False,False
Q1059,ROUND,SENSEX,"When SENSEX falls to within 0.1% above a round 500 level (last 5 min), is it up over the next 30 minutes more often?",2974,469,37146,0.5122382851445663,0.5218560860793544,0.511468260377968,0.01038782570138641,0.01309785078273109,-0.015283961832766525,0.03605961323553934,0.42772311022943355,-0.0015201011778045448,0.022305081501093782,PE,2960.0,467.0,-15.08175152056926,-113.80090342795567,0.9976652806897669,-137.48049268850716,liq,1.9915608070992135,-97.78152420718791,0.9675118874399141,-151.72114684793615,53.93962264074825,0.1549319799683709,0.658428176844832,1.0,0.5782811481621997,False,False,False,False
Q1100,LEVELS,SENSEX,"When SENSEX crosses above the previous day's high (last 5 min), is it up over the next 15 minutes more often?",483,200,39637,0.5089980059820538,0.474120082815735,0.5094230138506951,-0.03530293103496013,0.02349118695542533,-0.08134565746759377,0.010739795397673516,0.13288650519260956,-0.07264554750949126,0.006187715318040521,PE,478.0,197.0,-7.550194103847487,-108.7308867727969,0.9951113457688076,-124.07458372184264,T30S10H30,3.2301333758621533,-100.5138981027568,0.9999999694457143,-110.14885491201775,9.63495680926094,0.3021414481848207,0.3094288658817082,1.0,0.7749977191912824,False,False,False,False
Q1101,LEVELS,SENSEX,"When SENSEX crosses below the previous day's low (last 5 min), is it up over the next 15 minutes more often?",440,192,39680,0.5089980059820538,0.525,0.508820564516129,0.01617943548387102,0.02597660469622023,-0.03473470972072063,0.06709358068846266,0.5333854442650908,0.022326518893517888,0.010682575693919283,CE,428.0,187.0,43.82475630145207,-66.47889725325047,0.850189960405088,-127.2007291312738,time,43.82475630145207,-66.47889725325047,0.850189960405088,-127.2007291312738,60.72183187802333,0.1715663680515912,0.7370085241984121,1.0,0.6048828188367373,True,False,False,False
Q1102,LEVELS,SENSEX,"When SENSEX crosses back above the day's open (last 5 min), is it up over the next 15 minutes more often?",1024,379,39096,0.5089980059820538,0.49609375,0.5093359934520155,-0.013242243452015523,0.01540317907796213,-0.0434324744448213,0.01694798754079025,0.38994976699444095,-0.030355861878182122,0.006379541551322587,CE,1018.0,377.0,15.851683176336682,-91.70641736946223,0.9964877471230602,-126.69289901784043,time,15.851683176336682,-91.70641736946223,0.9964877471230602,-126.69289901784043,34.98648164837822,0.15158893901448778,0.6142065927018667,1.0,0.5731124378845877,False,False,False,False
Q1103,LEVELS,SENSEX,"When SENSEX crosses back below the day's open (last 5 min), is it up over the next 15 minutes more often?",982,380,39138,0.5089980059820538,0.5274949083503055,0.5085339056671265,0.018961002683179018,0.01672775979061263,-0.013825406506421736,0.05174741187277977,0.2570021593305477,0.032046861153617434,0.00060907838149582,CE,971.0,376.0,8.17095944122723,-99.34664310439157,0.9983597909050134,-124.55145363478051,liq,42.76827661924824,-65.92519075735538,0.8076929284509864,-122.66166786628729,56.7364771089319,0.22728334461907757,0.47875147205774315,1.0,0.6880541371313058,True,False,False,False
Q1104,LEVELS,SENSEX,"When SENSEX makes a new day high after 12:00 (last 5 min), is it up over the next 15 minutes more often?",1475,231,38645,0.5089980059820538,0.5261016949152543,0.5083451934273515,0.017756501487902754,0.015797190936327032,-0.01320599274729823,0.04871899572310374,0.2610007031469628,0.020268217206030226,0.012191135431055766,CE,1463.0,231.0,51.19069740206757,-52.21852347659161,0.921705267751559,-124.85582534368793,liq,84.86260127956054,-19.65711902382578,0.5939658851915449,-114.92263373169857,95.26551470787281,0.12559533304624257,0.48305725546568434,1.0,0.5245686916129679,True,False,False,False
Q1105,LEVELS,SENSEX,"When SENSEX makes a new day low after 12:00 (last 5 min), is it up over the next 15 minutes more often?",1197,247,38923,0.5089980059820538,0.5162907268170426,0.5087737327544125,0.007516994062630067,0.01904257402937047,-0.02980645103493606,0.04484043916019619,0.693029802941254,0.0018710070587915073,0.013179170948955043,PE,1188.0,246.0,-8.920879331903425,-104.39756334862919,0.9902583210176065,-119.14651715257679,T30S10H60,11.792087972364843,-86.15710800135193,0.9999999867728138,-107.61613716937626,21.459029168024333,0.08231810385213759,0.8429577054019824,1.0,0.43090257089313583,True,False,False,False
Q1106,LEVELS,SENSEX,"When SENSEX first breaks above the previous day's high (opened below it), how often does it close (15:09) beyond it?",139,139,0,0.5683453237410072,0.5683453237410072,0.5,0.06834532374100721,0.042163322608081616,-0.014294788570832759,0.1509854360528472,0.10502487296992845,0.11428571428571432,0.021739130434782594,CE,138.0,138.0,313.93478251021844,202.43275951747478,0.3048699705998996,-294.3603642603779,time,313.93478251021844,202.43275951747478,0.3048699705998996,-294.3603642603779,496.79312377785277,0.10518562756556801,0.2595442263049956,1.0,0.48354119624898195,True,False,False,False
Q1107,LEVELS,SENSEX,"When SENSEX first breaks above the previous day's high (opened below it), how far does it run in the next 30 minutes (%)?",139,139,0,0.015432843201452022,0.015432843201452022,0.0,0.015432843201452022,0.017128762396204675,-0.018139531095109143,0.04900521749801319,0.36759364997089017,0.004610930170331683,0.02641159555186396,CE,138.0,138.0,152.13043986887172,41.337548537084494,0.3971328627163123,-147.9095599799844,time,152.13043986887172,41.337548537084494,0.3971328627163123,-147.9095599799844,189.24710851706894,0.11634765049072883,0.5957233774653874,1.0,0.5063458475049346,True,False,False,False
Q1108,LEVELS,SENSEX,"When SENSEX first breaks below the previous day's low (opened above it), how often does it close (15:09) beyond it?",166,166,0,0.5662650602409639,0.5662650602409639,0.5,0.0662650602409639,0.03858158940685518,-0.009354854996472248,0.14188497547840007,0.0858822691178467,0.054216867469879526,0.07831325301204817,PE,164.0,164.0,-15.115791410207748,-119.73835229330312,0.6293760659886116,-381.11094292389333,T30S10H60,56.67072389183975,-50.87656399692672,0.954981076588578,-110.05486623744444,59.178302240517716,0.024054081457688097,0.2256377335275402,1.0,0.21533117021097428,True,False,False,False
Q1109,LEVELS,SENSEX,"When SENSEX first breaks below the previous day's low (opened above it), how far does it run in the next 30 minutes (%)?",166,166,0,0.009180443832673222,0.009180443832673222,0.0,0.009180443832673222,0.016489305551593763,-0.02313859504845055,0.041499482713797,0.5776972981627051,0.0035466199897858032,0.014814267675560641,PE,164.0,164.0,-11.609734325874143,-116.24776416269643,0.763344141844136,-156.4150041524408,T30S10H60,56.67072389183975,-50.87656399692672,0.954981076588578,-110.05486623744444,59.178302240517716,0.024054081457688097,0.7700981289205145,1.0,0.21533117021097428,True,False,False,False
Q1134,CROSS,SENSEX,"If NIFTY jumped (>1.5 sd in 5 min) while SENSEX stayed flat, is SENSEX up over the next 5 minutes more often (does NIFTY lead)?",1,1,40119,0.506555333998006,,,,,,,,,,,,,,,,,,,,,,,,,,,False,False,False,False
Q1135,CROSS,SENSEX,"If NIFTY jumped (>1.5 sd in 5 min) while SENSEX stayed flat, is SENSEX up over the next 15 minutes more often (does NIFTY lead)?",1,1,40119,0.5089980059820538,,,,,,,,,,,,,,,,,,,,,,,,,,,False,False,False,False
Q1136,CROSS,SENSEX,"If NIFTY dropped (<-1.5 sd in 5 min) while SENSEX stayed flat, is SENSEX up over the next 5 minutes more often (does NIFTY lead)?",3,3,40117,0.506555333998006,0.3333333333333333,0.506568287758307,-0.17323495442497366,0.27240824588772844,-0.7071551163649215,0.36068520751497407,0.5248163565410616,,,,,,,,,,,,,,,,,0.731187079313989,,,False,False,False,False
Q1137,CROSS,SENSEX,"If NIFTY dropped (<-1.5 sd in 5 min) while SENSEX stayed flat, is SENSEX up over the next 15 minutes more often (does NIFTY lead)?",3,3,40117,0.5089980059820538,0.3333333333333333,0.5090111424084552,-0.17567780907512193,0.2721004436556342,-0.7089946786401649,0.35763906048992106,0.5185151957108549,,,,,,,,,,,,,,,,,0.7299527306638063,,,False,False,False,False
Q1138,CROSS,SENSEX,"If NIFTY rose >0.15% but SENSEX fell >0.15% over 30 min, is SENSEX up over the next 30 minutes more often (does it catch up)?",0,0,40120,0.5122382851445663,,,,,,,,,,,,,,,,,,,,,,,,,,,False,False,False,False
Q1139,CROSS,SENSEX,"If NIFTY fell >0.15% but SENSEX rose >0.15% over 30 min, is SENSEX up over the next 30 minutes more often (does it catch up)?",0,0,40120,0.5122382851445663,,,,,,,,,,,,,,,,,,,,,,,,,,,False,False,False,False
Q1206,CONSTIT,SENSEX,"If more than 80% of the top-20 NIFTY stocks are above their open at 10:15, is SENSEX up 10:15->15:09 more often?",10,10,235,0.49795918367346936,0.4,0.502127659574468,-0.10212765957446801,0.1586396263819757,-0.4130613272831404,0.20880600813420436,0.519723660937525,-0.22058823529411764,-0.03448275862068961,,,,,,,,,,,,,,,0.7299527306638063,,,True,False,False,False
Q1207,CONSTIT,SENSEX,"If fewer than 20% of the top-20 NIFTY stocks are above their open at 10:15, is SENSEX up 10:15->15:09 more often?",24,24,221,0.49795918367346936,0.5833333333333334,0.48868778280542985,0.09464555052790352,0.10632072550316177,-0.11374307145829354,0.3030341725141006,0.3733643585817492,0.1328828828828829,0.056060606060606144,,,,,,,,,,,,,,,0.6010872692972766,,,True,False,False,False
Q1210,CONSTIT,SENSEX,"If most top-20 stocks are above their open but the index is below its open, is SENSEX up over the next 30 minutes more often?",13,7,16647,0.4989795918367347,0.07692307692307693,0.499309184838109,-0.42238610791503206,0.0793314543963955,-0.5778757585319673,-0.26689645729809686,1.0133097403985099e-07,-0.40687613595550864,,,,,,,,,,,,,,,,6.772899301109211e-07,,,False,True,False,False
Q1211,CONSTIT,SENSEX,"If most top-20 stocks are below their open but the index is above its open, is SENSEX up over the next 30 minutes more often?",27,4,16633,0.4989795918367347,0.48148148148148145,0.4990079961522275,-0.017526514670746063,0.04691406440501296,-0.10947808090457146,0.07442505156307934,0.7087111299751921,0.002751196172248782,-0.02252481881868207,,,,,,,,,,,,,,,0.851245211981376,,,False,False,False,False
Q1236,SEASON,SENSEX,"On the first 3 trading days of a month, is SENSEX more often up (close > open)?",705,705,4160,0.46536485097636177,0.4695035460992908,0.46466346153846155,0.004840084560829239,0.020326624222165086,-0.03500009891461433,0.044680268036272806,0.8117915028508722,-0.001911773098213776,0.011617798258836243,PE,75.0,75.0,-27.386632092793782,-136.46439258587935,0.5712587009622485,-535.7566306034959,T25S10H15,81.33333536783854,-31.236565693745433,0.6630073749076884,-98.08703599124225,66.85047029749677,0.1839743688759003,0.9027703245506913,1.0,0.6229837661387694,False,False,False,False
Q1237,SEASON,SENSEX,"On the last 3 trading days of a month, is SENSEX more often up (close > open)?",708,708,4157,0.46536485097636177,0.4943502824858757,0.4604281934087082,0.03392208907716748,0.020320186059967518,-0.005905475600368852,0.07374965375470383,0.0950423201281326,0.04437025623466295,0.02347433157697265,PE,79.0,79.0,-407.4429368123978,-511.82638220092514,0.8204001154808476,-535.7566306034958,liq,398.2659042937846,288.65527866188205,0.2110541219039716,-218.34956205430657,507.0048407161885,0.07926787593783396,0.24230156712508116,1.0,0.4233450201184043,True,False,False,False
Q1238,SEASON,SENSEX,"On a Monday after a >1% up Friday, is SENSEX more often up (close > open)?",179,179,4686,0.46536485097636177,0.553072625698324,0.462014511310286,0.09105811438803807,0.03787148754677289,0.016829998796363196,0.16528622997971293,0.016199143135676688,0.12297470439652963,0.029551064432936203,CE,,,,,,,,,,,,,,0.06182513208586665,,,True,False,False,False
Q1239,SEASON,SENSEX,"On a Monday after a >1% down Friday, is SENSEX more often up (close > open)?",149,149,4716,0.46536485097636177,0.4429530201342282,0.4660729431721798,-0.023119923037951573,0.04134161687615251,-0.10414949211521049,0.057909646039307344,0.5759973232891797,-0.0881627900630384,0.08436914368761228,PE,,,,,,,,,,,,,,0.7699412249313202,,,False,False,False,False
Q1240,SEASON,SENSEX,"On a week (5 days) up more than 3%, is SENSEX more often up (close > open)?",573,573,4292,0.46536485097636177,0.47643979057591623,0.46388630009319665,0.012553490482719587,0.02221208886127051,-0.030982203685370614,0.05608918465080979,0.5719616848674661,0.006700278147413363,0.02300133194395443,PE,,,,,,,,,,,,,,0.7696747623599105,,,True,False,False,False
Q1241,SEASON,SENSEX,"On a week down more than 3%, is SENSEX more often up (close > open)?",480,480,4385,0.46536485097636177,0.48125,0.4636259977194983,0.017624002280501705,0.024019373769148453,-0.029453970307029266,0.06470197486803267,0.4631065303050052,0.011782505430602441,0.027991121595141,PE,,,,,,,,,,,,,,0.6851002569879091,,,True,False,False,False
Q1266,OIPCR,SENSEX,"If near-ATM put OI grew much faster than call OI (>1.5 sd, 15 min), is SENSEX up over the next 15 minutes more often?",1512,292,38608,0.5089980059820538,0.5238095238095238,0.5084179444674679,0.015391579342055928,0.01569439927264617,-0.015369443232330568,0.04615260191644242,0.32673812738015307,0.02806625168274335,0.019692350705141637,PE,1510.0,292.0,51.11125378892911,-50.348181895652225,0.7819508159060955,-122.98674550033213,time,51.11125378892911,-50.348181895652225,0.7819508159060955,-122.98674550033213,72.6385636046799,0.13001246136057942,0.5578632373903624,1.0,0.5310680527519733,True,False,False,False
Q1267,OIPCR,SENSEX,"If near-ATM put OI grew much faster than call OI (>1.5 sd, 15 min), is SENSEX up over the next 30 minutes more often?",1512,292,38608,0.5122382851445663,0.5205026455026455,0.511914629092416,0.008588016410229438,0.017008676157298157,-0.02474898885807495,0.041925021678533826,0.613615206061609,0.0450764440387591,0.008501271566903834,PE,1510.0,292.0,12.12448239168584,-89.16411475514728,0.8445360930356712,-139.22524284489702,time,12.12448239168584,-89.16411475514728,0.8445360930356712,-139.22524284489702,50.06112808974975,0.2839295070340842,0.7899943988545772,1.0,0.7566017187381066,True,False,False,False
Q1268,OIPCR,SENSEX,"If near-ATM call OI grew much faster than put OI (<-1.5 sd), is SENSEX up over the next 15 minutes more often?",1466,290,38654,0.5089980059820538,0.45770804911323326,0.5109432400269054,-0.053235190913672126,0.014739003747584791,-0.08212363825893831,-0.024346743568405934,0.0003040108454125179,-0.0558589675223265,-0.04669829830939759,PE,1464.0,290.0,-32.008197437870045,-135.34655254077467,0.9953615049106014,-119.46863061838873,T25S15H60,20.02595755571876,-85.7600706419786,1.0,-119.10132264135002,33.34125199937142,0.00031578092745838493,0.0016408953580843016,1.0,0.008507936712212118,True,True,False,False
Q1269,OIPCR,SENSEX,"If near-ATM call OI grew much faster than put OI (<-1.5 sd), is SENSEX up over the next 30 minutes more often?",1466,290,38654,0.5122382851445663,0.48362892223738063,0.5133233300563977,-0.02969440781901711,0.016159178653948943,-0.06136639798075704,0.001977582342722821,0.06611862091149417,-0.01719582112301743,-0.025112253228481374,PE,1464.0,290.0,-7.580607325001493,-111.02591544554355,0.9540013306118842,-136.53716246692582,T25S15H60,20.02595755571876,-85.7600706419786,1.0,-119.10132264135002,33.34125199937142,0.00031578092745838493,0.1840499155107829,1.0,0.008507936712212118,True,False,False,False
Q1270,OIPCR,SENSEX,"If at 10:15 the near-ATM put/call OI ratio is above 1.3, is SENSEX up 10:15->15:09 more often?",52,52,538,0.5254237288135594,0.46153846153846156,0.5315985130111525,-0.0700600514726909,0.07246359436077986,-0.21208869641981942,0.07196859347443763,0.333628510320251,-0.5570934256055363,0.019731098306268513,PE,52.0,52.0,792.1345655046977,687.2705018010637,0.1546536281634771,-372.0139006420294,time,792.1345655046977,687.2705018010637,0.1546536281634771,-372.0139006420294,1059.2844024430929,0.05855787503081663,0.5619951114130863,1.0,0.35976459130534544,False,False,False,False
Q1271,OIPCR,SENSEX,"If at 10:15 the near-ATM put/call OI ratio is below 0.7, is SENSEX up 10:15->15:09 more often?",33,33,557,0.5254237288135594,0.36363636363636365,0.5350089766606823,-0.1713726130243186,0.0864382309701368,-0.34079154572578674,-0.0019536803228504818,0.047411899375570346,-0.09475032010243284,-0.201964701964702,CE,33.0,33.0,-829.9091481801236,-939.6442962527559,0.8639497563094984,-256.03371708996264,T15S20H15,3.393947716915246,-111.93228512708185,0.9639615911293747,-159.38105237745754,47.44876725037568,0.22289539436926087,0.1442484674398249,1.0,0.6826808027473331,True,False,False,False
Q1292,VOLUME,SENSEX,"If calls took >65% of near-ATM option volume in the last 5 min, is SENSEX up over the next 15 minutes more often?",3593,429,36527,0.5089980059820538,0.4987475647091567,0.5100062967120212,-0.011258732002864535,0.011661478719417286,-0.03411523029292242,0.011597766287193344,0.3343127117702495,-0.01718886447367829,-0.00940569596415225,PE,3401.0,427.0,-9.20023199461096,-111.4096619582432,0.9999951938616213,-118.4459694408877,T15S10H30,7.631286019894769,-96.73154166409513,1.0,-111.47348422696064,14.741942562865502,0.09019152841313276,0.562174163294416,1.0,0.44955455057719984,True,False,False,False
Q1293,VOLUME,SENSEX,"If puts took >65% of near-ATM option volume in the last 5 min, is SENSEX up over the next 15 minutes more often?",4188,429,35932,0.5089980059820538,0.5174307545367717,0.508015139708338,0.009415614828433672,0.00986852264255364,-0.009926689550971462,0.028757919207838805,0.3400300834469986,0.005396539732310135,0.014330135147662126,CE,4067.0,429.0,-40.941484796933466,-158.7569345054355,0.9999999999999938,-121.9982030238532,T25S10H60,14.511926565177323,-106.79890300562778,1.0,-117.49684609198411,10.697943086356318,0.16853243175927302,0.5667940081721072,1.0,0.600334859285847,True,False,False,False
Q1294,VOLUME,SENSEX,"If SENSEX's near-ATM option volume surged (>3x the prior 30-min pace), is the next 15-minute move bigger?",1621,590,38499,7.852241275650435,11.061460843283331,7.717117118681866,3.3443437246014653,0.2775365274893666,2.800372130722307,3.8883153184806236,1.9370787687549046e-33,2.122464192401152,4.806330346599125,CE+PE,1533.0,585.0,-46.1506542845326,-260.8124176628646,0.9999999999999928,-271.54550103086194,T30S10H15,9.692761146858947,-211.02627000653393,1.0,-222.16719010777115,11.140920101237246,0.18534206642450407,4.383915108234784e-32,1.0,0.625016320323043,True,True,False,False
Q1295,VOLUME,SENSEX,"If SENSEX's option volume surged (>3x) with the index rising over the last 5 min, is the next 15 minutes up more often?",812,472,39308,0.5089980059820538,0.49137931034482757,0.5093619619415894,-0.01798265159676188,0.01933945509169644,-0.0558879835764869,0.019922680382963145,0.3524525220103023,-0.002006134393402803,-0.04015792442188382,PE,782.0,467.0,18.85295760601073,-84.98257660764547,0.9460422823974989,-143.4502636328137,T20S10H15,22.274933251578485,-83.87435636595082,0.9999999999668381,-110.77155967289313,26.897203306942327,0.01807637590396241,0.5777176027868997,1.0,0.17981895851214427,True,False,False,False
Q1296,VOLUME,SENSEX,"If SENSEX's option volume surged (>3x) with the index falling over the last 5 min, is the next 15 minutes up more often?",809,476,39311,0.5089980059820538,0.4932014833127318,0.509323090229198,-0.01612160691646619,0.018109694908782666,-0.05161660893768022,0.019373395104747837,0.3733479361175187,0.010345335705167047,-0.04479097923489106,CE,778.0,470.0,-9.571970961700675,-121.00578835604772,0.988045628266628,-127.31362538759561,liq,19.879196873054408,-93.22455255234809,0.8147579918019694,-118.88610958566561,25.66155703331757,0.40261283017909266,0.6010872692972766,1.0,0.8450568766484648,False,False,False,False
