time,open,high,low,close,volume,trades,taker_buy_volume
2023-09-23 12:00:00+00:00,1915,1915,1912,1913,15.7984,143,8.1861
2023-09-24 00:00:00+00:00,1914,1914,1912,1914,18.7289,346,8.2791
2023-09-24 12:00:00+00:00,1913,1916,1910,1912,203.6861,633,48.4222
2023-09-25 00:00:00+00:00,1913,1919,1909,1915,160.4659,944,100.4824
2023-09-25 12:00:00+00:00,1915,1918,1905,1908,200.1274,1079,77.9737
2023-09-26 00:00:00+00:00,1907,1910,1904,1907,118.9568,812,84.2101
2023-09-26 12:00:00+00:00,1906,1915,1897,1899,229.5699,1218,88.2792
2023-09-27 00:00:00+00:00,1899,1901,1894,1895,203.0574,1027,139.6672
2023-09-27 12:00:00+00:00,1895,1896,1878,1881,534.0159,2052,307.7725
2023-09-28 00:00:00+00:00,1882,1884,1878,1881,245.4691,1436,115.0943
2023-09-28 12:00:00+00:00,1882,1884,1868,1871,565.6911,2477,213.8094
2023-09-29 00:00:00+00:00,1872,1882,1868,1879,243.5612,1972,138.5716
2023-09-29 12:00:00+00:00,1880,1884,1862,1864,446.4492,2300,226.1935
2023-09-30 00:00:00+00:00,1865,1870,1863,1868,153.0831,1642,65.864
2023-09-30 12:00:00+00:00,1868,1869,1862,1868,131.4658,1312,57.8064
2023-10-01 00:00:00+00:00,1868,1873,1866,1869,80.2631,1573,26.4662
2023-10-01 12:00:00+00:00,1869,1872,1855,1865,455.3869,4192,241.5732
2023-10-02 00:00:00+00:00,1865,1870,1842,1847,579.6646,4269,230.5419
2023-10-02 12:00:00+00:00,1847,1852,1839,1840,475.5341,3850,230.4861
2023-10-03 00:00:00+00:00,1841,1841,1827,1829,449.5963,5822,203.7818
2023-10-03 12:00:00+00:00,1829,1834,1824,1827,401.822,2990,187.2897
2023-10-04 00:00:00+00:00,1827,1834,1821,1831,349.6067,2512,203.351
2023-10-04 12:00:00+00:00,1831,1839,1827,1836,476.611,2889,302.0465
2023-10-05 00:00:00+00:00,1837,1839,1832,1838,176.1314,1150,87.5114
2023-10-05 12:00:00+00:00,1838,1838,1825,1830,296.9757,1744,146.6701
2023-10-06 00:00:00+00:00,1830,1834,1823,1833,195.5485,1066,93.2171
2023-10-06 12:00:00+00:00,1833,1842,1823,1840,392.7883,2264,236.4952
2023-10-07 00:00:00+00:00,1840,1848,1835,1845,179.7399,908,105.371
2023-10-07 12:00:00+00:00,1845,1857,1844,1855,278.6601,2192,167.9554
2023-10-08 00:00:00+00:00,1856,1863,1849,1860,203.778,1443,103.328
2023-10-08 12:00:00+00:00,1860,1872,1855,1864,784.0262,4926,395.406
2023-10-09 00:00:00+00:00,1863,1870,1861,1861,858.3066,3230,418.3611
2023-10-09 12:00:00+00:00,1861,1869,1850,1868,678.4592,3054,390.8529
2023-10-10 00:00:00+00:00,1868,1872,1863,1866,236.6148,1497,103.7668
2023-10-10 12:00:00+00:00,1865,1867,1860,1863,206.899,2515,98.8836
2023-10-11 00:00:00+00:00,1864,1880,1859,1877,371.1055,2938,210.1757
2023-10-11 12:00:00+00:00,1877,1879,1867,1876,351.6415,2507,173.0354
2023-10-12 00:00:00+00:00,1875,1882,1873,1880,224.0338,2230,105.8858
2023-10-12 12:00:00+00:00,1880,1881,1862,1873,245.7582,2347,119.7455
2023-10-13 00:00:00+00:00,1873,1891,1870,1891,243.6341,1737,146.178
2023-10-13 12:00:00+00:00,1891,1922,1890,1917,1004.9905,4360,516.8714
2023-10-14 00:00:00+00:00,1917,1919,1908,1919,225.308,1474,96.7097
2023-10-14 12:00:00+00:00,1919,1920,1915,1919,334.833,2774,119.855
2023-10-15 00:00:00+00:00,1919,1932,1918,1930,539.3098,3420,340.8198
2023-10-15 12:00:00+00:00,1930,1935,1915,1916,365.8012,4588,153.7883
2023-10-16 00:00:00+00:00,1916,1919,1902,1912,281.5292,3599,119.4888
2023-10-16 12:00:00+00:00,1912,1921,1892,1908,671.797,4685,353.406
2023-10-17 00:00:00+00:00,1908,1926,1900,1916,341.9388,2640,177.4451
2023-10-17 12:00:00+00:00,1914,1923,1908,1919,552.4637,3713,212.2694
2023-10-18 00:00:00+00:00,1919,1935,1916,1934,409.9713,3390,203.9209
2023-10-18 12:00:00+00:00,1933,1947,1930,1941,771.0953,3513,430.249
2023-10-19 00:00:00+00:00,1941,1945,1932,1940,373.4126,2415,194.1939
2023-10-19 12:00:00+00:00,1939,1964,1937,1962,1329.2994,5698,707.8173
2023-10-20 00:00:00+00:00,1963,1977,1956,1966,935.8324,5001,438.3404
2023-10-20 12:00:00+00:00,1965,1979,1960,1965,1019.8972,3474,380.771
2023-10-21 00:00:00+00:00,1965,1969,1957,1965,195.9328,1305,40.0574
2023-10-21 12:00:00+00:00,1965,1969,1962,1965,206.9402,2835,80.3145
2023-10-22 00:00:00+00:00,1965,1975,1960,1967,361.2163,3245,191.3245
2023-10-22 12:00:00+00:00,1969,1972,1962,1965,171.3965,2121,50.2379
2023-10-23 00:00:00+00:00,1965,1975,1955,1962,386.4387,3283,172.8815
2023-10-23 12:00:00+00:00,1963,1972,1945,1954,821.2374,5909,286.9998
2023-10-24 00:00:00+00:00,1956,1968,1936,1946,708.4478,6323,294.336
2023-10-24 12:00:00+00:00,1947,1957,1941,1953,906.2712,6156,204.3895
2023-10-25 00:00:00+00:00,1952,1961,1949,1956,239.6245,3002,93.7038
2023-10-25 12:00:00+00:00,1957,1970,1953,1962,816.7493,3597,298.9617
2023-10-26 00:00:00+00:00,1962,1971,1958,1962,749.0549,2743,413.4312
2023-10-26 12:00:00+00:00,1962,1972,1953,1966,410.3556,3550,208.6504
2023-10-27 00:00:00+00:00,1966,1974,1961,1965,200.107,1891,54.9674
2023-10-27 12:00:00+00:00,1963,1992,1961,1987,1304.8932,5669,601.6816
2023-10-28 00:00:00+00:00,1987,1992,1984,1991,205.0588,2441,103.9662
2023-10-28 12:00:00+00:00,1990,1993,1984,1986,184.2666,2780,95.0879
2023-10-29 00:00:00+00:00,1986,1991,1973,1979,352.958,5221,143.3171
2023-10-29 12:00:00+00:00,1980,1992,1977,1983,595.6289,3188,219.9873
2023-10-30 00:00:00+00:00,1982,1989,1971,1975,304.8204,2332,100.3409
2023-10-30 12:00:00+00:00,1975,1983,1972,1976,390.6158,2223,167.5868
2023-10-31 00:00:00+00:00,1976,1980,1970,1977,211.2168,2462,71.2651
2023-10-31 12:00:00+00:00,1978,1986,1962,1966,514.0476,3206,174.6668
2023-11-01 00:00:00+00:00,1966,1968,1948,1961,344.9595,2072,171.5379
2023-11-01 12:00:00+00:00,1962,1973,1950,1964,637.8746,5348,221.8765
2023-11-02 00:00:00+00:00,1964,1968,1950,1964,600.4703,4147,244.0893
2023-11-02 12:00:00+00:00,1964,1967,1954,1963,633.2615,2939,199.4737
2023-11-03 00:00:00+00:00,1962,1966,1958,1964,253.6821,2840,103.4538
2023-11-03 12:00:00+00:00,1964,1983,1961,1971,543.2154,3664,192.3264
2023-11-04 00:00:00+00:00,1971,1976,1963,1970,255.4617,2851,111.578
2023-11-04 12:00:00+00:00,1969,1975,1954,1966,384.8908,2357,106.4714
2023-11-05 00:00:00+00:00,1966,1975,1963,1966,340.4763,3640,152.6619
2023-11-05 12:00:00+00:00,1965,1971,1946,1960,823.4646,6891,223.8722
2023-11-06 00:00:00+00:00,1959,1966,1955,1963,275.7749,2959,81.8846
2023-11-06 12:00:00+00:00,1963,1965,1951,1956,301.8458,3175,117.9623
2023-11-07 00:00:00+00:00,1956,1956,1944,1945,261.3037,1832,87.4729
2023-11-07 12:00:00+00:00,1946,1952,1936,1947,586.3673,2933,154.3824
2023-11-08 00:00:00+00:00,1947,1950,1942,1944,246.2184,1971,100.6117
2023-11-08 12:00:00+00:00,1945,1946,1928,1930,483.0704,4066,131.9813
2023-11-09 00:00:00+00:00,1930,1938,1925,1927,397.3952,5585,196.5161
2023-11-09 12:00:00+00:00,1927,1949,1924,1943,1113.0144,7657,449.0488
2023-11-10 00:00:00+00:00,1942,1945,1925,1926,472.7359,3753,238.0298
2023-11-10 12:00:00+00:00,1926,1933,1919,1924,592.88,4713,258.8341
2023-11-11 00:00:00+00:00,1924,1927,1917,1918,195.7908,3679,88.0955
2023-11-11 12:00:00+00:00,1918,1922,1913,1920,355.7818,3106,148.6869
2023-11-12 00:00:00+00:00,1920,1920,1913,1918,146.3104,1797,56.2424
2023-11-12 12:00:00+00:00,1917,1921,1913,1919,267.0201,2904,122.5393
2023-11-13 00:00:00+00:00,1919,1921,1914,1917,205.5221,2693,90.6687
2023-11-13 12:00:00+00:00,1916,1941,1913,1929,768.4099,5246,401.1212
2023-11-14 00:00:00+00:00,1930,1937,1921,1927,301.4862,2669,107.9627
2023-11-14 12:00:00+00:00,1927,1953,1906,1942,1163.0762,7566,471.1057
2023-11-15 00:00:00+00:00,1941,1959,1940,1952,431.3225,3216,197.9925
2023-11-15 12:00:00+00:00,1952,1958,1933,1939,623.6955,5236,253.3753
2023-11-16 00:00:00+00:00,1940,1948,1930,1944,588.4759,3381,204.2289
2023-11-16 12:00:00+00:00,1943,1966,1937,1960,720.6016,5842,379.2968
2023-11-17 00:00:00+00:00,1960,1972,1960,1969,295.3228,3514,128.0718
2023-11-17 12:00:00+00:00,1968,1977,1965,1967,600.4786,5527,223.9921
2023-11-18 00:00:00+00:00,1967,1969,1958,1960,159.6767,2372,48.0288
2023-11-18 12:00:00+00:00,1961,1967,1958,1960,219.9643,2075,92.7486
2023-11-19 00:00:00+00:00,1961,1966,1958,1961,151.5725,1473,43.4411
2023-11-19 12:00:00+00:00,1960,1965,1951,1957,236.6685,2370,73.6669
2023-11-20 00:00:00+00:00,1958,1965,1951,1958,261.1372,2470,122.1342
2023-11-20 12:00:00+00:00,1958,1964,1950,1961,333.4748,3771,137.8368
2023-11-21 00:00:00+00:00,1961,1985,1959,1972,632.3327,4806,365.5892
2023-11-21 12:00:00+00:00,1972,1989,1966,1977,902.3031,7866,394.3854
2023-11-22 00:00:00+00:00,1977,1985,1975,1982,373.373,3013,170.7151
2023-11-22 12:00:00+00:00,1981,1988,1972,1982,442.4572,5003,210.0711
2023-11-23 00:00:00+00:00,1982,1988,1976,1980,427.4476,1583,139.3279
2023-11-23 12:00:00+00:00,1979,1988,1976,1980,271.9652,2228,131.8154
2023-11-24 00:00:00+00:00,1979,1987,1976,1982,191.5139,2030,116.0284
2023-11-24 12:00:00+00:00,1982,1989,1978,1985,361.4241,3912,135.2479
2023-11-25 00:00:00+00:00,1985,1989,1975,1983,319.1663,3600,91.1341
2023-11-25 12:00:00+00:00,1982,1988,1982,1983,197.7778,1864,57.9888
2023-11-26 00:00:00+00:00,1982,1986,1982,1985,128.8877,1651,22.6298
2023-11-26 12:00:00+00:00,1984,1989,1980,1984,247.6654,2969,74.1145
2023-11-27 00:00:00+00:00,1983,1997,1983,1995,586.6982,4988,334.9831
2023-11-27 12:00:00+00:00,1994,2000,1991,1997,606.9966,3214,272.2624
2023-11-28 00:00:00+00:00,1997,2000,1993,1999,222.201,1995,121.8222
2023-11-28 12:00:00+00:00,1998,2031,1997,2023,1169.1287,5403,682.2662
2023-11-29 00:00:00+00:00,2023,2031,2011,2025,336.5085,2068,133.1958
2023-11-29 12:00:00+00:00,2025,2029,2018,2025,371.3701,2619,124.7389
2023-11-30 00:00:00+00:00,2024,2028,2015,2020,203.6647,2046,96.2105
2023-11-30 12:00:00+00:00,2020,2031,2018,2023,390.3728,3279,135.8908
2023-12-01 00:00:00+00:00,2023,2032,2021,2022,373.3977,2954,125.2108
2023-12-01 12:00:00+00:00,2022,2058,2019,2051,1253.1747,4468,720.6071
2023-12-02 00:00:00+00:00,2050,2053,2043,2047,325.1013,3144,86.3366
2023-12-02 12:00:00+00:00,2047,2048,2042,2044,406.6622,2561,189.5299
2023-12-03 00:00:00+00:00,2044,2048,2041,2044,235.8363,1980,112.789
2023-12-03 12:00:00+00:00,2043,2095,2041,2088,1172.173,5748,725.706
2023-12-04 00:00:00+00:00,2090,2090,2030,2053,910.2118,7427,413.3251
2023-12-04 12:00:00+00:00,2053,2055,2014,2026,836.1318,6705,391.5718
2023-12-05 00:00:00+00:00,2026,2034,2010,2016,393.6428,3676,198.6962
2023-12-05 12:00:00+00:00,2017,2021,2006,2012,726.1173,4720,236.9624
2023-12-06 00:00:00+00:00,2012,2020,2003,2003,399.6373,4180,202.7774
2023-12-06 12:00:00+00:00,2003,2019,2002,2007,502.7155,5621,267.8411
2023-12-07 00:00:00+00:00,2007,2025,2005,2018,358.7142,7771,163.5676
2023-12-07 12:00:00+00:00,2017,2026,2009,2018,513.5397,7088,248.3168
2023-12-08 00:00:00+00:00,2018,2023,2014,2015,175.8461,6627,85.6096
2023-12-08 12:00:00+00:00,2015,2019,1989,2003,960.7622,5817,453.5539
2023-12-09 00:00:00+00:00,2003,2012,1979,1990,840.5464,9015,369.2856
2023-12-09 12:00:00+00:00,1990,1997,1980,1997,373.5857,5792,189.8102
2023-12-10 00:00:00+00:00,1997,1998,1983,1994,263.0423,5958,132.6454
2023-12-10 12:00:00+00:00,1994,1998,1982,1990,327.7675,5167,126.9306
2023-12-11 00:00:00+00:00,1991,1994,1973,1978,661.2126,6543,310.8792
2023-12-11 12:00:00+00:00,1978,1979,1965,1970,868.0545,5607,412.2431
2023-12-12 00:00:00+00:00,1970,1974,1965,1970,279.836,3101,122.7041
2023-12-12 12:00:00+00:00,1971,1979,1957,1964,570.3915,4620,229.1023
2023-12-13 00:00:00+00:00,1964,1966,1953,1962,344.5736,2101,169.4851
2023-12-13 12:00:00+00:00,1963,2012,1950,2011,861.9072,5750,454.2154
2023-12-14 00:00:00+00:00,2012,2020,2008,2013,535.0593,4115,237.2682
2023-12-14 12:00:00+00:00,2013,2029,2001,2017,809.2387,3841,494.1699
2023-12-15 00:00:00+00:00,2017,2027,2009,2020,335.4555,2055,165.6908
2023-12-15 12:00:00+00:00,2019,2022,2001,2003,310.4523,3154,128.5643
2023-12-16 00:00:00+00:00,2003,2008,1995,1997,111.4027,2054,37.3609
2023-12-16 12:00:00+00:00,1996,1999,1993,1995,214.2492,1567,74.4228
2023-12-17 00:00:00+00:00,1996,1999,1989,1995,166.1106,1302,41.1644
2023-12-17 12:00:00+00:00,1995,2002,1992,1999,213.9759,2104,80.2695
2023-12-18 00:00:00+00:00,1997,2010,1997,2005,339.2571,2784,120.6626
2023-12-18 12:00:00+00:00,2004,2019,2003,2011,424.3069,3131,230.7142
2023-12-19 00:00:00+00:00,2012,2023,2005,2009,319.6811,2609,170.8182
2023-12-19 12:00:00+00:00,2008,2028,2008,2020,469.1179,4238,216.443
2023-12-20 00:00:00+00:00,2020,2028,2015,2018,135.4925,1574,66.1667
2023-12-20 12:00:00+00:00,2018,2023,2007,2012,381.6389,3642,147.1935
2023-12-21 00:00:00+00:00,2011,2024,2010,2013,461.4444,2833,128.8036
2023-12-21 12:00:00+00:00,2012,2033,2012,2030,701.7298,3702,362.9775
2023-12-22 00:00:00+00:00,2030,2041,2026,2040,380.557,2729,167.8806
2023-12-22 12:00:00+00:00,2040,2048,2027,2028,557.6148,5394,185.5427
2023-12-23 00:00:00+00:00,2028,2038,2026,2030,236.5963,1475,57.4721
2023-12-23 12:00:00+00:00,2031,2031,2024,2026,251.2474,2071,67.4137
2023-12-24 00:00:00+00:00,2025,2031,2023,2028,153.3969,2200,49.6529
2023-12-24 12:00:00+00:00,2028,2032,2023,2029,182.7731,2379,96.2082
2023-12-25 00:00:00+00:00,2028,2032,2021,2028,196.0862,2065,68.7932
2023-12-25 12:00:00+00:00,2028,2033,2016,2031,454.9965,3231,229.8938
2023-12-26 00:00:00+00:00,2030,2039,2026,2037,518.1956,3052,216.3063
2023-12-26 12:00:00+00:00,2039,2039,2024,2036,581.1065,6686,329.1523
2023-12-27 00:00:00+00:00,2035,2044,2034,2040,239.4542,3427,124.2542
2023-12-27 12:00:00+00:00,2041,2058,2036,2053,694.072,5588,290.9372
2023-12-28 00:00:00+00:00,2052,2068,2050,2054,286.465,4450,131.953
2023-12-28 12:00:00+00:00,2054,2069,2040,2047,385.9206,4827,207.8146
2023-12-29 00:00:00+00:00,2047,2054,2040,2044,314.6303,3249,158.5029
2023-12-29 12:00:00+00:00,2043,2053,2030,2035,616.1687,5928,275.3511
2023-12-30 00:00:00+00:00,2034,2044,2022,2032,245.9421,2279,94.3079
2023-12-30 12:00:00+00:00,2031,2033,2025,2029,187.5983,1952,50.4892
2023-12-31 00:00:00+00:00,2028,2035,2027,2029,107.708,1461,33.2144
2023-12-31 12:00:00+00:00,2029,2036,2024,2028,268.0596,2871,73.0303
2024-01-01 00:00:00+00:00,2027,2034,2026,2034,149.6215,1514,96.5779
2024-01-01 12:00:00+00:00,2034,2038,2024,2029,227.2055,3183,93.5949
2024-01-02 00:00:00+00:00,2029,2051,2006,2039,703.7123,6108,276.3158
2024-01-02 12:00:00+00:00,2039,2047,2029,2035,433.7943,5240,206.0136
2024-01-03 00:00:00+00:00,2033,2043,2019,2022,314.8622,4553,143.6162
2024-01-03 12:00:00+00:00,2022,2031,2000,2018,883.5381,9291,385.0872
2024-01-04 00:00:00+00:00,2018,2028,2017,2022,179.1831,3188,71.8327
2024-01-04 12:00:00+00:00,2021,2027,2010,2021,424.7533,4849,142.6726
2024-01-05 00:00:00+00:00,2021,2028,2018,2019,333.985,2612,197.5165
2024-01-05 12:00:00+00:00,2019,2040,2011,2020,472.4104,4477,270.9434
2024-01-06 00:00:00+00:00,2021,2022,2016,2020,112.3442,1446,27.1662
2024-01-06 12:00:00+00:00,2020,2022,2004,2016,298.7424,1974,77.4793
2024-01-07 00:00:00+00:00,2017,2021,2011,2015,63.0368,1160,31.0296
2024-01-07 12:00:00+00:00,2015,2020,2009,2015,208.5849,2147,47.3767
2024-01-08 00:00:00+00:00,2014,2025,2004,2012,441.3687,5566,269.233
2024-01-08 12:00:00+00:00,2012,2016,2000,2007,529.1188,4368,215.823
2024-01-09 00:00:00+00:00,2008,2019,2008,2014,214.4286,2404,103.1315
2024-01-09 12:00:00+00:00,2015,2022,2006,2015,328.9621,4093,146.2222
2024-01-10 00:00:00+00:00,2014,2028,2008,2015,282.7696,3381,135.4446
2024-01-10 12:00:00+00:00,2014,2020,1994,2000,1210.9882,9372,470.6606
2024-01-11 00:00:00+00:00,1999,2011,1991,2007,982.3347,5699,335.2884
2024-01-11 12:00:00+00:00,2007,2015,1990,2012,700.7569,6423,373.674
2024-01-12 00:00:00+00:00,2011,2028,2004,2024,570.2003,3100,298.9934
2024-01-12 12:00:00+00:00,2025,2034,2012,2022,905.5698,6484,414.6137
2024-01-13 00:00:00+00:00,2021,2024,2018,2023,260.9028,2716,159.0676
2024-01-13 12:00:00+00:00,2022,2027,2016,2018,363.974,3563,120.3133
2024-01-14 00:00:00+00:00,2018,2025,2015,2023,123.6205,2443,48.1434
2024-01-14 12:00:00+00:00,2021,2025,2016,2022,219.7606,2866,104.4524
2024-01-15 00:00:00+00:00,2022,2050,2022,2041,500.4615,3638,257.2335
2024-01-15 12:00:00+00:00,2041,2049,2033,2040,330.2579,2723,121.3119
2024-01-16 00:00:00+00:00,2040,2047,2022,2028,202.2117,2787,90.3815
2024-01-16 12:00:00+00:00,2027,2032,2011,2018,240.9197,2807,119.5772
2024-01-17 00:00:00+00:00,2019,2026,2005,2009,227.1632,1775,112.8221
2024-01-17 12:00:00+00:00,2010,2017,2000,2005,436.1271,2960,175.4041
2024-01-18 00:00:00+00:00,2005,2011,2001,2009,161.099,1784,85.7215
2024-01-18 12:00:00+00:00,2009,2020,2002,2016,447.4386,5241,223.818
2024-01-19 00:00:00+00:00,2015,2022,2013,2019,176.776,2301,108.4947
2024-01-19 12:00:00+00:00,2020,2022,2005,2010,531.7897,4179,272.1941
2024-01-20 00:00:00+00:00,2010,2017,2007,2009,143.765,1989,59.8889
2024-01-20 12:00:00+00:00,2010,2014,2009,2014,67.8661,921,24.358
2024-01-21 00:00:00+00:00,2013,2016,2007,2009,133.5794,812,39.7356
2024-01-21 12:00:00+00:00,2009,2014,2006,2008,146.9944,1142,64.9378
2024-01-22 00:00:00+00:00,2008,2012,2003,2006,142.8789,1821,60.5124
2024-01-22 12:00:00+00:00,2006,2011,2000,2001,719.229,3010,318.7268
2024-01-23 00:00:00+00:00,2002,2016,2000,2006,339.5245,2288,112.1186
2024-01-23 12:00:00+00:00,2006,2012,2002,2009,424.5657,3006,109.1347
2024-01-24 00:00:00+00:00,2009,2015,2005,2012,147.6971,1357,79.3273
2024-01-24 12:00:00+00:00,2012,2015,2000,2004,323.9635,2133,77.1486
2024-01-25 00:00:00+00:00,2004,2007,1994,2000,280.9286,1882,180.0382
2024-01-25 12:00:00+00:00,2000,2012,1997,2003,505.585,1463,317.8714
2024-01-26 00:00:00+00:00,2004,2010,2000,2006,235.4941,2310,149.3841
2024-01-26 12:00:00+00:00,2005,2008,1998,1999,302.2586,4203,131.7285
2024-01-27 00:00:00+00:00,1999,2004,1993,2000,189.6233,1758,64.9146
2024-01-27 12:00:00+00:00,1999,2003,1996,1998,177.4581,1807,73.1272
2024-01-28 00:00:00+00:00,1998,2004,1994,1999,205.839,1662,96.3306
2024-01-28 12:00:00+00:00,1999,2008,1997,2007,341.1486,2789,204.7173
2024-01-29 00:00:00+00:00,2007,2013,2005,2007,185.5614,1521,110.131
2024-01-29 12:00:00+00:00,2007,2016,2001,2009,1040.3822,3407,764.6183
2024-01-30 00:00:00+00:00,2009,2010,2002,2010,538.2383,2664,392.6385
2024-01-30 12:00:00+00:00,2010,2016,2003,2015,608.7614,3243,366.0004
2024-01-31 00:00:00+00:00,2015,2019,2012,2016,285.9448,2111,133.6163
2024-01-31 12:00:00+00:00,2017,2036,2012,2023,809.7598,3713,382.2571
2024-02-01 00:00:00+00:00,2023,2031,2017,2020,347.5771,3101,195.7599
2024-02-01 12:00:00+00:00,2020,2044,2017,2036,509.0653,3084,178.1666
2024-02-02 00:00:00+00:00,2036,2040,2033,2038,102.049,1108,52.4488
2024-02-02 12:00:00+00:00,2037,2039,2016,2025,329.9132,2635,164.4718
2024-02-03 00:00:00+00:00,2022,2029,2018,2027,73.6378,1104,34.3761
2024-02-03 12:00:00+00:00,2025,2049,2018,2019,171.4929,1640,95.078
2024-02-04 00:00:00+00:00,2019,2021,2016,2020,82.814,585,19.9982
2024-02-04 12:00:00+00:00,2021,2027,2016,2019,268.1999,1656,77.6571
2024-02-05 00:00:00+00:00,2021,2021,2008,2013,189.4082,3282,77.974
2024-02-05 12:00:00+00:00,2014,2015,2003,2008,188.7292,2152,55.1958
2024-02-06 00:00:00+00:00,2008,2012,2005,2010,107.1355,1990,57.8903
2024-02-06 12:00:00+00:00,2010,2026,2006,2016,303.4286,1727,186.0683
2024-02-07 00:00:00+00:00,2016,2025,2013,2020,107.364,2639,43.6609
2024-02-07 12:00:00+00:00,2020,2025,2010,2017,419.6553,3409,126.3886
2024-02-08 00:00:00+00:00,2016,2021,2010,2012,296.8303,2192,93.3054
2024-02-08 12:00:00+00:00,2012,2019,1975,2013,628.9926,4024,155.4205
2024-02-09 00:00:00+00:00,2012,2016,2007,2012,355.5902,2396,116.3958
2024-02-09 12:00:00+00:00,2012,2015,1998,2002,876.2772,5905,395.0323
2024-02-10 00:00:00+00:00,2001,2009,2000,2003,204.5967,1739,112.6329
2024-02-10 12:00:00+00:00,2002,2007,1984,1999,522.996,3622,148.3269
2024-02-11 00:00:00+00:00,1999,2003,1996,2000,160.5563,2017,74.2742
2024-02-11 12:00:00+00:00,2001,2007,1996,2005,177.7995,2362,89.2359
2024-02-12 00:00:00+00:00,2004,2010,1998,1999,1166.7652,2257,1060.8767
2024-02-12 12:00:00+00:00,1999,2010,1994,2001,606.127,4930,309.5449
2024-02-13 00:00:00+00:00,2000,2009,1997,2007,243.4991,1926,87.5763
2024-02-13 12:00:00+00:00,2007,2009,1981,1987,527.257,6090,210.9917
2024-02-14 00:00:00+00:00,1988,1994,1980,1989,520.4751,4763,202.9034
2024-02-14 12:00:00+00:00,1988,1989,1968,1980,896.8961,7560,365.8896
2024-02-15 00:00:00+00:00,1980,1989,1971,1980,414.42,4115,167.01
2024-02-15 12:00:00+00:00,1980,1988,1977,1982,687.5829,4888,335.5147
2024-02-16 00:00:00+00:00,1982,1991,1979,1986,343.1589,2794,135.5909
2024-02-16 12:00:00+00:00,1986,1996,1974,1986,661.1094,4422,214.831
2024-02-17 00:00:00+00:00,1985,1999,1985,1991,291.3388,2032,102.4562
2024-02-17 12:00:00+00:00,1991,1997,1987,1991,278.7182,2580,62.3133
2024-02-18 00:00:00+00:00,1990,1994,1982,1989,330.3475,1772,100.9606
2024-02-18 12:00:00+00:00,1989,1994,1985,1991,331.7231,3224,100.8803
2024-02-19 00:00:00+00:00,1990,2000,1986,1994,454.6302,3564,170.6924
2024-02-19 12:00:00+00:00,1994,1997,1982,1989,425.0869,2492,159.9384
2024-02-20 00:00:00+00:00,1989,2000,1981,2000,316.7991,2783,101.2268
2024-02-20 12:00:00+00:00,2000,2009,1994,2004,700.861,6401,310.3718
2024-02-21 00:00:00+00:00,2004,2009,2001,2004,285.6199,2922,129.3721
2024-02-21 12:00:00+00:00,2005,2009,2000,2002,317.5288,3108,146.1159
2024-02-22 00:00:00+00:00,2002,2010,2000,2005,512.7271,3125,362.0599
2024-02-22 12:00:00+00:00,2005,2006,1997,2001,287.3442,2911,117.877
2024-02-23 00:00:00+00:00,2001,2006,1994,2001,232.8559,2295,93.3707
2024-02-23 12:00:00+00:00,2000,2015,1998,2008,561.1166,4745,350.3642
2024-02-24 00:00:00+00:00,2008,2012,2006,2007,190.7651,2198,62.6382
2024-02-24 12:00:00+00:00,2008,2012,2006,2008,125.7288,2882,60.3748
2024-02-25 00:00:00+00:00,2008,2011,2006,2007,109.7761,1110,24.7818
2024-02-25 12:00:00+00:00,2007,2010,1999,2008,245.2253,3366,89.482
2024-02-26 00:00:00+00:00,2008,2014,2005,2009,363.9307,2515,135.5769
2024-02-26 12:00:00+00:00,2010,2012,2001,2005,589.8324,4994,236.373
2024-02-27 00:00:00+00:00,2005,2008,2001,2007,676.3378,2781,423.6163
2024-02-27 12:00:00+00:00,2008,2008,2000,2005,517.5779,4609,248.1233
2024-02-28 00:00:00+00:00,2005,2022,2001,2005,1059.9906,7028,656.8797
2024-02-28 12:00:00+00:00,2005,2021,2003,2019,1134.8573,10346,569.3852
2024-02-29 00:00:00+00:00,2018,2023,2006,2009,548.3777,5019,249.3625
2024-02-29 12:00:00+00:00,2010,2029,1989,1995,1638.1373,7594,777.2094
2024-03-01 00:00:00+00:00,1996,2003,1995,2000,1747.2032,3558,1548.0553
2024-03-01 12:00:00+00:00,1999,2039,1992,2019,2968.5783,11099,1583.6704
2024-03-02 00:00:00+00:00,2019,2034,2018,2032,507.0843,3260,223.8077
2024-03-02 12:00:00+00:00,2032,2034,2016,2031,508.1015,3920,195.7865
2024-03-03 00:00:00+00:00,2030,2039,2025,2031,479.2745,4228,233.3127
2024-03-03 12:00:00+00:00,2032,2035,2016,2023,1117.0069,5365,544.8411
2024-03-04 00:00:00+00:00,2024,2030,2003,2024,1396.383,8515,728.223
2024-03-04 12:00:00+00:00,2024,2076,2020,2065,2478.7259,11209,1271.0296
2024-03-05 00:00:00+00:00,2065,2098,2057,2091,2092.2045,11357,671.9195
2024-03-05 12:00:00+00:00,2091,2095,2057,2089,2878.3037,23159,1265.7874
2024-03-06 00:00:00+00:00,2089,2107,2087,2103,972.87325,8997,605.23775
2024-03-06 12:00:00+00:00,2104,2119,2081,2111,1152.2171,8784,665.98428
2024-03-07 00:00:00+00:00,2110,2136,2110,2128,1216.248,6671,466.5958
2024-03-07 12:00:00+00:00,2128,2140,2106,2131,894.689,7530,490.4227
2024-03-08 00:00:00+00:00,2131,2167,2125,2151,478.9415,5433,267.3346
2024-03-08 12:00:00+00:00,2151,2163,2120,2131,1636.0696,10812,945.4539
2024-03-09 00:00:00+00:00,2131,2140,2127,2134,313.9338,4348,151.0329
2024-03-09 12:00:00+00:00,2134,2141,2126,2130,603.1276,3590,328.2563
2024-03-10 00:00:00+00:00,2130,2139,2125,2134,691.7408,2638,513.4377
2024-03-10 12:00:00+00:00,2133,2141,2116,2141,582.2846,6081,234.2061
2024-03-11 00:00:00+00:00,2139,2174,2130,2151,1098.5326,11020,495.596
2024-03-11 12:00:00+00:00,2152,2167,2145,2160,843.5125,8330,363.1413
2024-03-12 00:00:00+00:00,2161,2164,2146,2150,536.8635,4778,230.2112
2024-03-12 12:00:00+00:00,2150,2159,2129,2144,963.3602,9229,468.0162
2024-03-13 00:00:00+00:00,2144,2154,2137,2141,378.8006,5223,186.5497
2024-03-13 12:00:00+00:00,2142,2162,2138,2153,506.3195,5877,262.3069
2024-03-14 00:00:00+00:00,2154,2165,2140,2150,531.9907,4529,265.2714
2024-03-14 12:00:00+00:00,2150,2160,2138,2145,667.4173,8362,356.4762
2024-03-15 00:00:00+00:00,2145,2155,2130,2145,1231.4917,11423,586.3662
2024-03-15 12:00:00+00:00,2145,2147,2124,2134,770.9806,7933,385.6633
2024-03-16 00:00:00+00:00,2133,2141,2110,2118,578.8924,6735,257.3272
2024-03-16 12:00:00+00:00,2117,2131,2109,2118,686.694,7270,250.3875
2024-03-17 00:00:00+00:00,2118,2132,2111,2122,461.4245,4372,188.7023
2024-03-17 12:00:00+00:00,2122,2129,2112,2122,490.0284,5219,196.4573
2024-03-18 00:00:00+00:00,2122,2138,2117,2135,380.6123,3450,175.9097
2024-03-18 12:00:00+00:00,2136,2144,2123,2142,522.5459,6336,270.3847
2024-03-19 00:00:00+00:00,2142,2147,2127,2134,1004.6682,8716,413.4966
2024-03-19 12:00:00+00:00,2135,2142,2126,2132,916.4753,6574,414.4279
2024-03-20 00:00:00+00:00,2132,2148,2128,2143,763.3617,5877,411.0993
2024-03-20 12:00:00+00:00,2143,2196,2125,2185,1405.8362,11794,683.164
2024-03-21 00:00:00+00:00,2185,2201,2175,2194,717.7079,6048,398.28995
2024-03-21 12:00:00+00:00,2194,2198,2156,2174,608.5309,6095,293.8179
2024-03-22 00:00:00+00:00,2174,2181,2150,2154,454.2651,4553,239.1079
2024-03-22 12:00:00+00:00,2154,2162,2139,2150,462.8356,5195,206.124
2024-03-23 00:00:00+00:00,2149,2164,2143,2152,165.6478,2541,87.8261
2024-03-23 12:00:00+00:00,2153,2163,2146,2146,271.3614,3381,127.1088
2024-03-24 00:00:00+00:00,2149,2159,2139,2155,218.7784,2569,105.7435
2024-03-24 12:00:00+00:00,2155,2163,2147,2163,347.8091,5382,169.9654
2024-03-25 00:00:00+00:00,2160,2168,2150,2155,345.6038,3801,188.9103
2024-03-25 12:00:00+00:00,2154,2180,2153,2171,836.952,9513,501.8995
2024-03-26 00:00:00+00:00,2172,2182,2154,2179,640.0782,4952,371.383
2024-03-26 12:00:00+00:00,2178,2184,2158,2166,410.1595,4674,220.4043
2024-03-27 00:00:00+00:00,2165,2177,2156,2173,331.8925,4450,128.713
2024-03-27 12:00:00+00:00,2173,2177,2164,2172,568.4245,5578,273.2421
2024-03-28 00:00:00+00:00,2172,2190,2165,2189,365.5694,4689,177.3123
2024-03-28 12:00:00+00:00,2188,2218,2184,2212,633.0903,6794,310.7497
2024-03-29 00:00:00+00:00,2213,2219,2200,2210,291.4696,5074,156.6217
2024-03-29 12:00:00+00:00,2211,2220,2207,2218,287.7762,4637,152.9511
2024-03-30 00:00:00+00:00,2219,2227,2201,2210,301.2636,3223,130.0535
2024-03-30 12:00:00+00:00,2210,2212,2203,2205,175.6285,3051,67.2844
2024-03-31 00:00:00+00:00,2205,2217,2204,2212,167.1002,3931,80.1589
2024-03-31 12:00:00+00:00,2212,2224,2204,2222,275.1925,3041,159.3994
2024-04-01 00:00:00+00:00,2221,2245,2220,2232,572.6141,6195,218.5821
2024-04-01 12:00:00+00:00,2232,2239,2211,2230,544.1277,6271,242.9765
2024-04-02 00:00:00+00:00,2230,2247,2223,2232,634.4199,6881,297.7976
2024-04-02 12:00:00+00:00,2233,2268,2225,2262,815.7055,6082,432.1886
2024-04-03 00:00:00+00:00,2262,2298,2253,2259,925.2017,10586,493.2189
2024-04-03 12:00:00+00:00,2259,2330,2248,2300,1037.7425,8133,579.4683
2024-04-04 00:00:00+00:00,2301,2303,2283,2288,373.1299,4318,196.6382
2024-04-04 12:00:00+00:00,2288,2294,2265,2269,733.0129,5521,300.6843
2024-04-05 00:00:00+00:00,2268,2287,2250,2282,501.2671,8284,286.2565
2024-04-05 12:00:00+00:00,2282,2324,2270,2317,833.107,6410,481.5859
2024-04-06 00:00:00+00:00,2316,2317,2302,2305,246.0835,2928,86.0111
2024-04-06 12:00:00+00:00,2304,2313,2300,2304,308.6584,3629,136.9208
2024-04-07 00:00:00+00:00,2303,2313,2292,2301,362.8645,4619,181.4926
2024-04-07 12:00:00+00:00,2301,2307,2286,2291,431.2679,4310,193.7798
2024-04-08 00:00:00+00:00,2289,2329,2286,2323,867.8749,5952,521.2629
2024-04-08 12:00:00+00:00,2324,2328,2308,2320,472.3261,4077,269.0711
2024-04-09 00:00:00+00:00,2319,2353,2317,2336,549.8801,4680,277.5353
2024-04-09 12:00:00+00:00,2336,2343,2316,2333,634.7053,6704,262.2494
2024-04-10 00:00:00+00:00,2333,2344,2319,2329,521.6463,4663,235.5242
2024-04-10 12:00:00+00:00,2326,2330,2300,2324,1009.6754,7261,487.0238
2024-04-11 00:00:00+00:00,2324,2334,2316,2318,269.0898,4854,155.6854
2024-04-11 12:00:00+00:00,2319,2375,2318,2365,687.8849,6294,393.5572
2024-04-12 00:00:00+00:00,2364,2409,2361,2401,641.5074,5712,413.0737
2024-04-12 12:00:00+00:00,2402,2429,2289,2355,2348.4772,18577,1153.0881
2024-04-13 00:00:00+00:00,2354,2415,2323,2362,1327.7447,12294,679.6238
2024-04-13 12:00:00+00:00,2363,3295,2360,2452,16087.656,150832,8544.8944
2024-04-14 00:00:00+00:00,2452,2539,2386,2479,4742.9735,45831,2380.9472
2024-04-14 12:00:00+00:00,2479,2490,2366,2391,3961.3408,29963,1879.5653
2024-04-15 00:00:00+00:00,2388,2400,2350,2364,1697.7651,12845,675.356
2024-04-15 12:00:00+00:00,2364,2487,2335,2432,3693.3963,23702,2003.6284
2024-04-16 00:00:00+00:00,2431,2447,2381,2413,2107.4249,15169,1227.8184
2024-04-16 12:00:00+00:00,2412,2439,2382,2404,1997.8527,12474,1051.2928
2024-04-17 00:00:00+00:00,2403,2418,2385,2399,857.1749,7294,492.815
2024-04-17 12:00:00+00:00,2399,2413,2381,2396,1271.7647,8975,709.9122
2024-04-18 00:00:00+00:00,2396,2402,2383,2397,469.1863,5102,251.9365
2024-04-18 12:00:00+00:00,2397,2404,2382,2384,875.0204,6642,385.544
2024-04-19 00:00:00+00:00,2385,2469,2374,2391,3254.9849,18758,1541.7408
2024-04-19 12:00:00+00:00,2391,2410,2382,2394,1041.501,8713,577.5133
2024-04-20 00:00:00+00:00,2394,2402,2375,2388,604.4719,6331,220.6665
2024-04-20 12:00:00+00:00,2389,2398,2380,2390,850.4748,9437,396.9261
2024-04-21 00:00:00+00:00,2389,2392,2380,2384,448.3614,4559,165.9118
2024-04-21 12:00:00+00:00,2384,2390,2370,2377,503.6083,5500,191.0107
2024-04-22 00:00:00+00:00,2377,2385,2340,2342,741.008,6667,358.0939
2024-04-22 12:00:00+00:00,2342,2349,2311,2322,867.6485,7130,401.1117
2024-04-23 00:00:00+00:00,2323,2341,2281,2297,770.8837,6172,302.4537
2024-04-23 12:00:00+00:00,2297,2325,2295,2309,768.4259,6688,403.8994
2024-04-24 00:00:00+00:00,2309,2318,2303,2307,293.0187,3329,143.6475
2024-04-24 12:00:00+00:00,2307,2322,2292,2296,609.411,10534,265.2938
2024-04-25 00:00:00+00:00,2296,2318,2291,2309,451.6952,5369,227.0061
2024-04-25 12:00:00+00:00,2308,2367,2297,2327,797.4498,5871,425.7302
2024-04-26 00:00:00+00:00,2327,2339,2317,2337,219.0414,3542,88.7167
2024-04-26 12:00:00+00:00,2335,2348,2330,2345,412.3846,3765,259.4195
2024-04-27 00:00:00+00:00,2344,2348,2332,2342,339.3869,3857,190.1132
2024-04-27 12:00:00+00:00,2342,2371,2338,2357,402.9581,4747,213.3479
2024-04-28 00:00:00+00:00,2356,2383,2351,2354,414.6325,6820,223.3819
2024-04-28 12:00:00+00:00,2354,2362,2350,2356,379.6947,5891,127.7062
2024-04-29 00:00:00+00:00,2355,2356,2333,2345,435.27,3880,130.3689
2024-04-29 12:00:00+00:00,2345,2363,2332,2344,726.3718,5297,294.7913
2024-04-30 00:00:00+00:00,2344,2355,2313,2318,518.8798,4605,181.6454
2024-04-30 12:00:00+00:00,2319,2323,2286,2302,937.9641,7503,353.5626
2024-05-01 00:00:00+00:00,2302,2305,2281,2297,938.6745,6345,345.2678
2024-05-01 12:00:00+00:00,2297,2323,2287,2310,921.3796,6830,456.6866
2024-05-02 00:00:00+00:00,2311,2313,2280,2286,389.5667,3647,156.388
2024-05-02 12:00:00+00:00,2286,2308,2282,2291,428.8401,5849,228.7073
2024-05-03 00:00:00+00:00,2291,2299,2282,2287,304.2569,5978,144.8462
2024-05-03 12:00:00+00:00,2287,2305,2280,2289,604.8493,8767,296.6049
2024-05-04 00:00:00+00:00,2289,2292,2280,2281,449.4809,4479,252.1377
2024-05-04 12:00:00+00:00,2281,2290,2276,2286,474.2796,4108,335.8586
2024-05-05 00:00:00+00:00,2286,2288,2265,2284,190.6129,2954,61.688
2024-05-05 12:00:00+00:00,2284,2289,2275,2284,243.639,4936,138.3701
2024-05-06 00:00:00+00:00,2285,2309,2283,2296,571.3498,5651,350.1868
2024-05-06 12:00:00+00:00,2298,2314,2292,2303,646.3634,9205,331.5394
2024-05-07 00:00:00+00:00,2303,2308,2291,2291,304.1269,4192,156.149
2024-05-07 12:00:00+00:00,2291,2312,2287,2288,461.8333,4646,217.1404
2024-05-08 00:00:00+00:00,2289,2306,2282,2297,480.2018,5480,225.8096
2024-05-08 12:00:00+00:00,2297,2308,2286,2297,521.1017,6927,208.4884
2024-05-09 00:00:00+00:00,2297,2322,2288,2312,919.7505,5181,330.8665
2024-05-09 12:00:00+00:00,2313,2344,2311,2340,544.3511,6895,308.3873
2024-05-10 00:00:00+00:00,2342,2355,2318,2353,866.5262,7185,354.4791
2024-05-10 12:00:00+00:00,2352,2361,2325,2332,718.8176,7938,323.0549
2024-05-11 00:00:00+00:00,2332,2350,2325,2341,189.4088,2214,109.1702
2024-05-11 12:00:00+00:00,2342,2351,2334,2340,191.1992,2871,91.8823
2024-05-12 00:00:00+00:00,2340,2349,2335,2340,146.6087,2724,71.4478
2024-05-12 12:00:00+00:00,2339,2347,2335,2343,173.6124,3015,77.8674
2024-05-13 00:00:00+00:00,2344,2350,2322,2333,585.6748,5256,320.2403
2024-05-13 12:00:00+00:00,2333,2338,2320,2320,326.2643,4272,146.8235
2024-05-14 00:00:00+00:00,2320,2340,2320,2333,230.3375,3103,135.9047
2024-05-14 12:00:00+00:00,2332,2344,2325,2340,360.7213,4423,177.1724
2024-05-15 00:00:00+00:00,2340,2356,2338,2349,235.626,3020,115.0426
2024-05-15 12:00:00+00:00,2349,2387,2341,2380,1053.7321,8258,643.2118
2024-05-16 00:00:00+00:00,2380,2392,2361,2367,412.3713,5179,146.4329
2024-05-16 12:00:00+00:00,2367,2369,2353,2361,311.0841,3899,124.1979
2024-05-17 00:00:00+00:00,2362,2378,2357,2373,328.2923,4230,187.0027
2024-05-17 12:00:00+00:00,2372,2397,2370,2390,856.5417,6757,459.4627
2024-05-18 00:00:00+00:00,2390,2394,2380,2387,227.8237,3171,128.254
2024-05-18 12:00:00+00:00,2386,2392,2382,2385,184.1466,2958,61.6274
2024-05-19 00:00:00+00:00,2386,2391,2375,2388,295.0468,3500,165.8832
2024-05-19 12:00:00+00:00,2387,2418,2382,2405,793.3449,7749,454.2997
2024-05-20 00:00:00+00:00,2405,2427,2401,2407,1153.4096,7537,620.0245
2024-05-20 12:00:00+00:00,2408,2422,2392,2414,1330.2678,10065,724.2002
2024-05-21 00:00:00+00:00,2414,2423,2399,2414,1061.2033,7323,496.5844
2024-05-21 12:00:00+00:00,2413,2419,2400,2413,567.175,5806,235.0721
2024-05-22 00:00:00+00:00,2413,2414,2394,2394,623.1986,3791,80.1448
2024-05-22 12:00:00+00:00,2395,2401,2370,2385,825.7769,6710,268.9725
2024-05-23 00:00:00+00:00,2385,2395,2363,2377,534.0606,5740,231.8752
2024-05-23 12:00:00+00:00,2378,2379,2331,2343,1142.5028,10307,420.5936
2024-05-24 00:00:00+00:00,2343,2400,2341,2346,1125.0886,7489,509.012
2024-05-24 12:00:00+00:00,2346,2352,2341,2346,291.5616,3144,109.4132
2024-05-25 00:00:00+00:00,2347,2353,2341,2346,265.8473,3450,122.099
2024-05-25 12:00:00+00:00,2346,2349,2336,2346,174.358,2607,59.7921
2024-05-26 00:00:00+00:00,2346,2355,2342,2349,192.8123,2454,116.9118
2024-05-26 12:00:00+00:00,2347,2355,2343,2351,146.3708,2535,74.9744
2024-05-27 00:00:00+00:00,2351,2364,2342,2353,421.5638,3766,183.7915
2024-05-27 12:00:00+00:00,2353,2370,2353,2357,432.8413,3766,175.1262
2024-05-28 00:00:00+00:00,2358,2361,2326,2351,691.7966,5677,359.2752
2024-05-28 12:00:00+00:00,2351,2361,2344,2350,256.5573,3940,130.0533
2024-05-29 00:00:00+00:00,2351,2358,2341,2342,189.3303,2939,72.1285
2024-05-29 12:00:00+00:00,2342,2343,2325,2325,382.6555,4893,179.2584
2024-05-30 00:00:00+00:00,2328,2337,2320,2332,428.3842,3808,135.0173
2024-05-30 12:00:00+00:00,2332,2350,2318,2338,361.5224,4223,166.1011
2024-05-31 00:00:00+00:00,2338,2344,2332,2342,177.0983,2881,77.3042
2024-05-31 12:00:00+00:00,2341,2355,2325,2332,638.5624,4540,175.1382
2024-06-01 00:00:00+00:00,2333,2335,2326,2334,144.8547,1281,22.1203
2024-06-01 12:00:00+00:00,2333,2349,2331,2344,281.3681,3688,128.2002
2024-06-02 00:00:00+00:00,2344,2348,2333,2342,190.6298,2309,92.2215
2024-06-02 12:00:00+00:00,2342,2351,2333,2335,228.815,3653,122.9388
2024-06-03 00:00:00+00:00,2335,2353,2325,2334,335.0365,3719,145.2505
2024-06-03 12:00:00+00:00,2334,2352,2334,2347,329.5684,3377,164.8631
2024-06-04 00:00:00+00:00,2347,2353,2334,2336,234.5294,3970,122.0713
2024-06-04 12:00:00+00:00,2336,2344,2325,2335,411.9661,4659,212.8406
2024-06-05 00:00:00+00:00,2336,2345,2331,2339,284.8914,3162,134.8586
2024-06-05 12:00:00+00:00,2339,2359,2334,2359,360.2285,3691,180.984
2024-06-06 00:00:00+00:00,2359,2363,2349,2359,188.7081,3059,104.3104
2024-06-06 12:00:00+00:00,2359,2369,2352,2365,355.4499,3941,243.8184
2024-06-07 00:00:00+00:00,2365,2371,2336,2342,338.9699,3649,146.133
2024-06-07 12:00:00+00:00,2342,2344,2292,2310,1583.4564,9992,504.7821
2024-06-08 00:00:00+00:00,2311,2316,2295,2302,188.1491,2790,63.377
2024-06-08 12:00:00+00:00,2303,2310,2296,2301,128.1209,3136,60.5179
2024-06-09 00:00:00+00:00,2302,2318,2301,2307,136.8833,2077,66.3442
2024-06-09 12:00:00+00:00,2308,2316,2305,2312,219.6536,2524,73.1261
2024-06-10 00:00:00+00:00,2312,2316,2304,2309,176.7356,2030,70.9706
2024-06-10 12:00:00+00:00,2309,2325,2309,2316,211.9606,3041,117.0917
2024-06-11 00:00:00+00:00,2316,2319,2306,2315,360.344,3764,148.3971
2024-06-11 12:00:00+00:00,2315,2323,2310,2314,432.6148,6017,208.8195
2024-06-12 00:00:00+00:00,2314,2324,2310,2320,256.7082,4938,124.3008
2024-06-12 12:00:00+00:00,2320,2344,2311,2314,1123.6802,8028,458.4728
2024-06-13 00:00:00+00:00,2315,2318,2304,2306,198.3633,4111,81.1331
2024-06-13 12:00:00+00:00,2307,2316,2292,2297,386.7716,4838,172.8927
2024-06-14 00:00:00+00:00,2297,2323,2297,2321,293.0107,3490,188.5134
2024-06-14 12:00:00+00:00,2322,2330,2309,2321,670.954,21754,344.7262
2024-06-15 00:00:00+00:00,2321,2336,2319,2334,233.6184,16718,135.4468
2024-06-15 12:00:00+00:00,2334,2337,2327,2333,274.9665,13828,159.371
2024-06-16 00:00:00+00:00,2333,2370,2330,2333,389.4842,11815,245.2318
2024-06-16 12:00:00+00:00,2334,2344,2323,2326,193.4625,2068,99.154
2024-06-17 00:00:00+00:00,2326,2327,2307,2311,221.4767,2811,86.5223
2024-06-17 12:00:00+00:00,2311,2322,2304,2314,310.6631,4334,191.5771
2024-06-18 00:00:00+00:00,2314,2322,2304,2309,325.2818,5352,115.2328
2024-06-18 12:00:00+00:00,2310,2330,2305,2319,574.2336,7945,304.3495
2024-06-19 00:00:00+00:00,2320,2328,2311,2322,303.7551,3042,186.182
2024-06-19 12:00:00+00:00,2323,2325,2313,2316,108.207,1957,37.7303
2024-06-20 00:00:00+00:00,2317,2336,2313,2331,203.621,3952,108.9681
2024-06-20 12:00:00+00:00,2332,2348,2324,2346,449.1585,7293,236.6701
2024-06-21 00:00:00+00:00,2347,2349,2338,2347,284.0111,6056,151.025
2024-06-21 12:00:00+00:00,2347,2349,2311,2321,431.5843,6935,242.1522
2024-06-22 00:00:00+00:00,2321,2328,2319,2320,82.0225,1947,41.0046
2024-06-22 12:00:00+00:00,2321,2326,2315,2317,104.7154,3088,45.8942
2024-06-23 00:00:00+00:00,2318,2320,2315,2317,66.5636,1468,27.6566
2024-06-23 12:00:00+00:00,2317,2318,2310,2313,135.3762,2463,64.7253
2024-06-24 00:00:00+00:00,2315,2321,2303,2312,567.6698,8269,228.8411
2024-06-24 12:00:00+00:00,2312,2321,2306,2311,431.5276,4614,201.8307
2024-06-25 00:00:00+00:00,2311,2319,2303,2309,281.8656,2493,122.5978
2024-06-25 12:00:00+00:00,2308,2314,2296,2302,369.0687,4661,175.6165
2024-06-26 00:00:00+00:00,2302,2305,2295,2298,122.393,2051,52.5027
2024-06-26 12:00:00+00:00,2298,2304,2286,2293,371.0036,5166,174.9915
2024-06-27 00:00:00+00:00,2294,2304,2290,2303,163.3425,3816,83.7577
2024-06-27 12:00:00+00:00,2303,2315,2303,2308,269.7699,4227,150.8617
2024-06-28 00:00:00+00:00,2308,2317,2306,2314,150.4295,1675,93.8004
2024-06-28 12:00:00+00:00,2314,2320,2307,2309,214.0454,3260,101.8495
2024-06-29 00:00:00+00:00,2309,2313,2305,2311,101.929,1556,50.5678
2024-06-29 12:00:00+00:00,2311,2314,2306,2308,71.7276,1771,23.6351
2024-06-30 00:00:00+00:00,2309,2315,2305,2310,92.5646,1422,42.4182
2024-06-30 12:00:00+00:00,2311,2316,2306,2312,166.2666,2265,75.4964
2024-07-01 00:00:00+00:00,2313,2319,2308,2319,353.2837,3582,240.1686
2024-07-01 12:00:00+00:00,2319,2320,2308,2314,334.5123,2774,205.553
2024-07-02 00:00:00+00:00,2315,2328,2313,2318,274.4945,2874,205.2944
2024-07-02 12:00:00+00:00,2318,2327,2313,2323,161.6516,2947,82.172
2024-07-03 00:00:00+00:00,2322,2334,2315,2327,232.4029,4041,94.843
2024-07-03 12:00:00+00:00,2327,2347,2325,2341,605.3945,4548,294.6914
2024-07-04 00:00:00+00:00,2342,2347,2323,2336,613.0668,6391,273.7849
2024-07-04 12:00:00+00:00,2336,2342,2324,2326,599.119,5832,303.0257
2024-07-05 00:00:00+00:00,2327,2345,2313,2334,1369.1689,13666,619.1096
2024-07-05 12:00:00+00:00,2334,2361,2326,2354,840.6004,9058,480.6281
2024-07-06 00:00:00+00:00,2355,2363,2337,2348,268.2541,5843,109.7786
2024-07-06 12:00:00+00:00,2348,2358,2337,2354,386.9067,5141,129.1219
2024-07-07 00:00:00+00:00,2353,2368,2349,2356,354.9612,4011,223.96
2024-07-07 12:00:00+00:00,2358,2362,2347,2355,437.312,4462,210.7939
2024-07-08 00:00:00+00:00,2355,2364,2346,2353,692.1335,8225,340.6442
2024-07-08 12:00:00+00:00,2353,2355,2327,2345,695.958,6560,333.6885
2024-07-09 00:00:00+00:00,2345,2350,2338,2341,247.4387,4044,140.8137
2024-07-09 12:00:00+00:00,2340,2349,2336,2343,211.903,3282,108.0599
2024-07-10 00:00:00+00:00,2344,2354,2339,2354,270.4107,3371,142.292
2024-07-10 12:00:00+00:00,2353,2362,2349,2354,296.5491,3303,161.1446
2024-07-11 00:00:00+00:00,2354,2371,2352,2367,273.7972,3208,155.6422
2024-07-11 12:00:00+00:00,2367,2399,2361,2391,785.2502,6116,425.6458
2024-07-12 00:00:00+00:00,2392,2392,2372,2381,350.2413,2842,155.3114
2024-07-12 12:00:00+00:00,2381,2400,2374,2390,234.2154,2915,128.0032
2024-07-13 00:00:00+00:00,2390,2401,2379,2393,235.4585,4360,128.3454
2024-07-13 12:00:00+00:00,2393,2400,2382,2390,192.3382,4792,88.1521
2024-07-14 00:00:00+00:00,2389,2400,2387,2394,196.7794,3833,128.3589
2024-07-14 12:00:00+00:00,2393,2411,2383,2391,456.8219,6849,259.9871
2024-07-15 00:00:00+00:00,2392,2402,2379,2396,433.1646,4650,217.36
2024-07-15 12:00:00+00:00,2397,2413,2390,2403,427.0441,4842,221.4459
2024-07-16 00:00:00+00:00,2403,2450,2397,2428,995.0264,11674,444.0135
2024-07-16 12:00:00+00:00,2428,2453,2421,2446,715.0958,8035,393.2857
2024-07-17 00:00:00+00:00,2447,2467,2445,2453,479.3265,4695,273.9965
2024-07-17 12:00:00+00:00,2453,2463,2432,2442,326.7422,4535,148.9985
2024-07-18 00:00:00+00:00,2442,2460,2439,2445,198.6096,2816,106.256
2024-07-18 12:00:00+00:00,2445,2453,2411,2425,430.9185,3967,167.5297
2024-07-19 00:00:00+00:00,2425,2427,2405,2420,1078.1127,3752,188.8241
2024-07-19 12:00:00+00:00,2420,2420,2387,2409,1769.5025,10070,418.7497
2024-07-20 00:00:00+00:00,2407,2418,2407,2408,131.1494,1595,82.3673
2024-07-20 12:00:00+00:00,2408,2416,2388,2399,422.8137,3048,126.8905
2024-07-21 00:00:00+00:00,2399,2413,2398,2404,85.4453,2548,39.9216
2024-07-21 12:00:00+00:00,2405,2418,2398,2410,355.2496,5160,162.3513
2024-07-22 00:00:00+00:00,2410,2416,2396,2399,307.3645,3169,123.9894
2024-07-22 12:00:00+00:00,2399,2438,2385,2391,416.0765,4117,232.945
2024-07-23 00:00:00+00:00,2391,2406,2383,2403,435.4604,4372,162.2632
2024-07-23 12:00:00+00:00,2402,2405,2388,2399,267.0844,3924,111.8427
2024-07-24 00:00:00+00:00,2400,2414,2390,2408,501.5527,3695,265.0778
2024-07-24 12:00:00+00:00,2408,2419,2385,2390,414.7276,2991,137.7226
2024-07-25 00:00:00+00:00,2389,2393,2355,2361,491.9149,4493,127.8856
2024-07-25 12:00:00+00:00,2361,2374,2356,2370,643.0326,3095,166.5556
2024-07-26 00:00:00+00:00,2369,2410,2363,2385,422.5942,4565,240.448
2024-07-26 12:00:00+00:00,2385,2392,2376,2387,149.0945,2173,50.7098
2024-07-27 00:00:00+00:00,2387,2394,2383,2393,89.6413,1191,27.0983
2024-07-27 12:00:00+00:00,2393,2404,2375,2384,275.4248,3426,100.3864
2024-07-28 00:00:00+00:00,2383,2398,2378,2394,142.4621,3433,80.2379
2024-07-28 12:00:00+00:00,2393,2398,2378,2392,107.074,2378,42.8373
2024-07-29 00:00:00+00:00,2392,2411,2392,2395,262.168,3349,166.4742
2024-07-29 12:00:00+00:00,2395,2402,2371,2385,284.4752,3759,124.2593
2024-07-30 00:00:00+00:00,2385,2399,2382,2392,150.0447,2984,61.7363
2024-07-30 12:00:00+00:00,2392,2410,2386,2400,290.31,3614,113.6134
2024-07-31 00:00:00+00:00,2401,2421,2397,2420,290.9298,3322,198.9354
2024-07-31 12:00:00+00:00,2420,2452,2409,2434,771.5504,7263,476.0159
2024-08-01 00:00:00+00:00,2435,2453,2416,2433,496.5601,5061,266.4295
2024-08-01 12:00:00+00:00,2433,2448,2421,2430,655.6206,7758,297.3779
2024-08-02 00:00:00+00:00,2430,2455,2425,2445,380.3092,3626,238.1294
2024-08-02 12:00:00+00:00,2446,2484,2405,2458,1704.4486,15155,966.7408
2024-08-03 00:00:00+00:00,2458,2464,2428,2454,546.1669,10365,270.6269
2024-08-03 12:00:00+00:00,2454,2476,2437,2467,783.6854,13976,411.1348
2024-08-04 00:00:00+00:00,2467,2484,2463,2474,538.0822,12750,375.259
2024-08-04 12:00:00+00:00,2475,2510,2443,2452,1504.1033,16856,846.0347
2024-08-05 00:00:00+00:00,2452,2469,2366,2374,3168.6241,28942,1509.6446
2024-08-05 12:00:00+00:00,2374,2399,2339,2395,2225.2227,20704,1127.2026
2024-08-06 00:00:00+00:00,2395,2410,2384,2396,696.1813,11416,329.1459
2024-08-06 12:00:00+00:00,2395,2418,2380,2384,897.3365,12812,400.4648
2024-08-07 00:00:00+00:00,2386,2392,2374,2384,770.3967,8408,416.8247
2024-08-07 12:00:00+00:00,2385,2392,2370,2374,646.5539,6818,241.8673
2024-08-08 00:00:00+00:00,2373,2404,2371,2402,388.7332,3531,241.5769
2024-08-08 12:00:00+00:00,2403,2427,2395,2417,811.1737,8856,478.3222
2024-08-09 00:00:00+00:00,2417,2424,2409,2417,289.9957,3969,128.1333
2024-08-09 12:00:00+00:00,2418,2425,2413,2419,424.8956,4702,217.4146
2024-08-10 00:00:00+00:00,2419,2429,2413,2429,134.8343,1578,89.9554
2024-08-10 12:00:00+00:00,2428,2429,2423,2427,129.8299,1304,51.8002
2024-08-11 00:00:00+00:00,2428,2432,2423,2426,173.8395,1688,94.667
2024-08-11 12:00:00+00:00,2426,2437,2421,2431,444.9647,5631,255.5318
2024-08-12 00:00:00+00:00,2432,2441,2421,2437,326.8862,4327,197.3549
2024-08-12 12:00:00+00:00,2437,2469,2437,2465,813.7454,8389,456.3592
2024-08-13 00:00:00+00:00,2466,2471,2449,2463,647.8468,3132,453.9406
2024-08-13 12:00:00+00:00,2465,2477,2407,2454,1188.0753,7320,628.9923
2024-08-14 00:00:00+00:00,2454,2474,2440,2471,459.7759,3432,294.4927
2024-08-14 12:00:00+00:00,2471,2474,2438,2443,519.4137,5568,255.352
2024-08-15 00:00:00+00:00,2444,2456,2441,2454,178.6354,3424,79.6483
2024-08-15 12:00:00+00:00,2454,2468,2439,2451,723.4776,6103,333.3801
2024-08-16 00:00:00+00:00,2451,2468,2427,2465,652.9895,3780,233.506
2024-08-16 12:00:00+00:00,2465,2499,2463,2491,1270.9403,7197,772.8851
2024-08-17 00:00:00+00:00,2492,2530,2489,2513,473.4535,4099,273.4503
2024-08-17 12:00:00+00:00,2515,2525,2491,2517,475.2466,3926,213.1072
2024-08-18 00:00:00+00:00,2517,2520,2501,2512,246.4425,3430,91.3631
2024-08-18 12:00:00+00:00,2512,2517,2500,2505,249.3029,2820,99.9042
2024-08-19 00:00:00+00:00,2505,2509,2486,2495,530.7045,4088,250.7689
2024-08-19 12:00:00+00:00,2496,2511,2488,2509,307.1684,3089,166.6924
2024-08-20 00:00:00+00:00,2505,2517,2491,2515,442.5936,3879,208.5559
2024-08-20 12:00:00+00:00,2516,2521,2495,2506,475.5799,4349,216.4952
2024-08-21 00:00:00+00:00,2507,2514,2497,2503,328.1771,2147,176.1248
2024-08-21 12:00:00+00:00,2503,2513,2490,2502,443.0871,6900,195.1787
2024-08-22 00:00:00+00:00,2504,2505,2493,2497,255.5407,2899,151.3366
2024-08-22 12:00:00+00:00,2495,2498,2476,2486,433.7202,4233,152.3385
2024-08-23 00:00:00+00:00,2488,2500,2485,2497,319.0583,4645,91.5977
2024-08-23 12:00:00+00:00,2499,2520,2491,2511,792.1919,7158,427.6213
2024-08-24 00:00:00+00:00,2511,2519,2504,2511,207.0699,2864,84.517
2024-08-24 12:00:00+00:00,2509,2518,2504,2510,268.0443,5106,135.3854
2024-08-25 00:00:00+00:00,2512,2527,2507,2516,319.1881,5969,157.6529
2024-08-25 12:00:00+00:00,2519,2520,2506,2512,283.755,8800,104.1026
2024-08-26 00:00:00+00:00,2513,2524,2505,2519,421.8174,5791,181.7546
2024-08-26 12:00:00+00:00,2519,2522,2482,2508,664.467,5763,216.4235
2024-08-27 00:00:00+00:00,2508,2509,2494,2501,299.9248,4450,116.3604
2024-08-27 12:00:00+00:00,2501,2520,2490,2508,787.6115,7739,351.3161
2024-08-28 00:00:00+00:00,2509,2512,2486,2492,438.5338,5847,266.6972
2024-08-28 12:00:00+00:00,2493,2503,2484,2499,368.2489,6602,195.9901
2024-08-29 00:00:00+00:00,2500,2515,2499,2512,146.0623,2833,91.1923
2024-08-29 12:00:00+00:00,2512,2516,2499,2509,496.9802,5966,227.1825
2024-08-30 00:00:00+00:00,2509,2515,2502,2511,330.8515,2574,212.4966
2024-08-30 12:00:00+00:00,2510,2515,2487,2496,475.0284,5483,225.389
2024-08-31 00:00:00+00:00,2496,2500,2489,2495,129.6415,1798,71.824
2024-08-31 12:00:00+00:00,2495,2503,2493,2496,132.0249,1952,89.382
2024-09-01 00:00:00+00:00,2496,2506,2491,2494,227.3562,3345,110.1852
2024-09-01 12:00:00+00:00,2494,2515,2490,2493,390.7754,4764,234.2329
2024-09-02 00:00:00+00:00,2492,2524,2480,2496,587.1901,5936,321.7376
2024-09-02 12:00:00+00:00,2497,2508,2492,2497,230.2068,2704,108.8756
2024-09-03 00:00:00+00:00,2497,2505,2487,2490,316.0125,3319,110.6957
2024-09-03 12:00:00+00:00,2490,2500,2479,2493,367.8353,7898,148.6712
2024-09-04 00:00:00+00:00,2493,2502,2473,2493,507.2908,9491,268.8193
2024-09-04 12:00:00+00:00,2494,2503,2489,2501,196.8506,7730,125.4502
2024-09-05 00:00:00+00:00,2501,2515,2493,2510,416.8534,8001,174.9087
2024-09-05 12:00:00+00:00,2510,2516,2500,2510,568.8005,9870,276.7786
2024-09-06 00:00:00+00:00,2509,2528,2508,2524,563.5822,6413,288.1573
2024-09-06 12:00:00+00:00,2524,2533,2493,2502,1617.524,19748,313.451
2024-09-07 00:00:00+00:00,2502,2515,2493,2502,246.5421,3871,126.8759
2024-09-07 12:00:00+00:00,2503,2507,2493,2493,175.5548,7484,63.3339
2024-09-08 00:00:00+00:00,2493,2503,2493,2501,107.334,4359,62.1969
2024-09-08 12:00:00+00:00,2502,2507,2497,2497,169.2514,3200,89.577
2024-09-09 00:00:00+00:00,2498,2509,2496,2503,328.2461,5438,124.0117
2024-09-09 12:00:00+00:00,2502,2518,2501,2507,356.5523,10618,161.683
2024-09-10 00:00:00+00:00,2507,2515,2502,2509,240.3192,6442,75.6296
2024-09-10 12:00:00+00:00,2511,2523,2503,2518,574.0411,7258,300.075
2024-09-11 00:00:00+00:00,2518,2527,2514,2520,288.2769,4131,161.9982
2024-09-11 12:00:00+00:00,2520,2520,2500,2513,604.1265,9318,290.6277
2024-09-12 00:00:00+00:00,2513,2525,2509,2523,505.0846,4071,93.3991
2024-09-12 12:00:00+00:00,2523,2555,2522,2553,976.9112,9845,668.3243
2024-09-13 00:00:00+00:00,2554,2569,2552,2563,336.5033,4639,173.6788
2024-09-13 12:00:00+00:00,2563,2585,2562,2578,545.9347,9968,288.496
2024-09-14 00:00:00+00:00,2578,2581,2569,2578,168.8136,4626,59.4985
2024-09-14 12:00:00+00:00,2578,2580,2570,2577,199.9309,7561,99.4217
2024-09-15 00:00:00+00:00,2577,2580,2571,2578,171.9037,4556,95.6271
2024-09-15 12:00:00+00:00,2577,2600,2570,2579,403.7512,5906,242.0312
2024-09-16 00:00:00+00:00,2579,2598,2576,2587,585.4708,7045,344.897
2024-09-16 12:00:00+00:00,2587,2609,2580,2592,556.2209,13311,324.2831
2024-09-17 00:00:00+00:00,2592,2618,2585,2594,617.555,8907,338.904
2024-09-17 12:00:00+00:00,2594,2594,2571,2582,900.0269,13954,312.6793
2024-09-18 00:00:00+00:00,2581,2594,2577,2588,318.7333,9332,173.0513
2024-09-18 12:00:00+00:00,2588,2608,2560,2578,1147.7401,17284,615.9691
2024-09-19 00:00:00+00:00,2577,2597,2553,2591,1018.3659,17305,485.8293
2024-09-19 12:00:00+00:00,2590,2596,2575,2590,476.3896,12943,253.0446
2024-09-20 00:00:00+00:00,2589,2615,2587,2614,453.4113,10135,235.2286
2024-09-20 12:00:00+00:00,2614,2630,2604,2625,663.6603,11227,357.3856
2024-09-21 00:00:00+00:00,2625,2630,2613,2624,230.4248,8302,108.2308
2024-09-21 12:00:00+00:00,2624,2633,2615,2631,249.0543,6317,123.2093
2024-09-22 00:00:00+00:00,2631,2632,2611,2620,228.6892,9408,103.8008
2024-09-22 12:00:00+00:00,2620,2631,2611,2622,391.4129,10177,203.9935
2024-09-23 00:00:00+00:00,2621,2636,2611,2621,543.9504,10183,243.8435
2024-09-23 12:00:00+00:00,2621,2632,2619,2627,263.9357,5992,137.122
2024-09-24 00:00:00+00:00,2627,2643,2622,2629,386.4606,8654,207.7917
2024-09-24 12:00:00+00:00,2628,2660,2628,2652,594.4163,15118,334.0131
2024-09-25 00:00:00+00:00,2652,2665,2648,2656,368.5091,8349,203.5346
2024-09-25 12:00:00+00:00,2656,2667,2650,2653,623.7052,9900,331.9669
2024-09-26 00:00:00+00:00,2652,2678,2650,2672,436.4823,17027,219.3986
2024-09-26 12:00:00+00:00,2672,2674,2648,2660,716.5644,15369,346.424
2024-09-27 00:00:00+00:00,2661,2664,2650,2660,408.4453,6381,180.7341
2024-09-27 12:00:00+00:00,2661,2673,2645,2651,751.2243,10971,304.3454
2024-09-28 00:00:00+00:00,2650,2659,2648,2654,158.5712,5518,81.7063
2024-09-28 12:00:00+00:00,2655,2663,2650,2659,224.3857,7297,122.2332
2024-09-29 00:00:00+00:00,2659,2670,2653,2660,176.0095,6257,93.0882
2024-09-29 12:00:00+00:00,2660,2669,2655,2662,252.7266,10937,151.9064
2024-09-30 00:00:00+00:00,2663,2665,2632,2641,781.9688,13754,417.989
2024-09-30 12:00:00+00:00,2642,2658,2619,2636,815.828,17039,375.3217
2024-10-01 00:00:00+00:00,2637,2648,2635,2647,313.9507,7701,171.3457
2024-10-01 12:00:00+00:00,2647,2700,2645,2678,3335.9983,54411,1943.4656
2024-10-02 00:00:00+00:00,2681,2699,2650,2658,953.9869,20036,482.8858
2024-10-02 12:00:00+00:00,2656,2677,2653,2669,921.7747,17258,460.8345
2024-10-03 00:00:00+00:00,2669,2677,2649,2656,439.2053,8006,181.5371
2024-10-03 12:00:00+00:00,2655,2677,2651,2666,745.7614,8640,380.0121
2024-10-04 00:00:00+00:00,2663,2675,2663,2669,238.2788,6915,98.2602
2024-10-04 12:00:00+00:00,2671,2691,2648,2661,1149.4597,11201,624.5559
2024-10-05 00:00:00+00:00,2661,2711,2654,2698,901.2391,7226,560.8991
2024-10-05 12:00:00+00:00,2697,2698,2669,2684,723.0776,9917,325.6167
2024-10-06 00:00:00+00:00,2685,2692,2671,2685,231.4582,4510,114.5393
2024-10-06 12:00:00+00:00,2688,2688,2673,2678,274.3952,5695,135.4856
2024-10-07 00:00:00+00:00,2679,2691,2661,2673,941.5696,10713,463.27
2024-10-07 12:00:00+00:00,2674,2675,2653,2657,584.9404,8602,234.4119
2024-10-08 00:00:00+00:00,2657,2668,2653,2664,326.1091,7491,168.4607
2024-10-08 12:00:00+00:00,2664,2668,2611,2633,1134.5811,12220,425.745
2024-10-09 00:00:00+00:00,2635,2644,2624,2635,302.6114,7290,131.7419
2024-10-09 12:00:00+00:00,2634,2639,2617,2622,351.3533,7357,145.2661
2024-10-10 00:00:00+00:00,2624,2630,2616,2627,320.9486,4221,156.3673
2024-10-10 12:00:00+00:00,2626,2647,2624,2644,569.6433,11916,282.6129
2024-10-11 00:00:00+00:00,2645,2662,2643,2653,332.8891,7669,197.8731
2024-10-11 12:00:00+00:00,2654,2672,2654,2670,528.3228,12236,260.981
2024-10-12 00:00:00+00:00,2670,2676,2662,2664,175.0949,8135,82.1025
2024-10-12 12:00:00+00:00,2665,2673,2657,2659,214.778,7865,90.035
2024-10-13 00:00:00+00:00,2660,2677,2658,2668,197.6084,7764,130.165
2024-10-13 12:00:00+00:00,2669,2676,2660,2661,317.7554,7358,175.6403
2024-10-14 00:00:00+00:00,2662,2678,2660,2667,407.2964,9565,206.9234
2024-10-14 12:00:00+00:00,2666,2674,2659,2660,474.1095,9491,250.855
2024-10-15 00:00:00+00:00,2660,2665,2651,2655,366.0575,6441,135.2597
2024-10-15 12:00:00+00:00,2655,2673,2655,2671,626.9373,11159,321.6389
2024-10-16 00:00:00+00:00,2671,2688,2668,2686,459.8017,8136,279.6657
2024-10-16 12:00:00+00:00,2686,2688,2673,2678,526.8997,15264,228.3739
2024-10-17 00:00:00+00:00,2679,2699,2678,2693,589.5454,9412,312.1101
2024-10-17 12:00:00+00:00,2693,2710,2685,2705,736.6437,13681,412.1543
2024-10-18 00:00:00+00:00,2705,2726,2700,2718,612.2002,14071,260.8516
2024-10-18 12:00:00+00:00,2719,2740,2713,2727,731.7272,12682,373.9878
2024-10-19 00:00:00+00:00,2726,2740,2725,2732,280.3803,7627,116.798
2024-10-19 12:00:00+00:00,2732,2749,2731,2738,347.6688,11952,203.2543
2024-10-20 00:00:00+00:00,2739,2749,2736,2748,246.4249,9724,130.8206
2024-10-20 12:00:00+00:00,2748,2751,2741,2741,492.7151,13202,260.9566
2024-10-21 00:00:00+00:00,2741,2752,2741,2751,431.7306,7788,219.4229
2024-10-21 12:00:00+00:00,2752,2755,2730,2735,795.1257,14536,360.086
2024-10-22 00:00:00+00:00,2735,2761,2733,2753,604.0804,11010,333.4148
2024-10-22 12:00:00+00:00,2753,2765,2750,2760,780.1961,20138,334.2462
2024-10-23 00:00:00+00:00,2761,2783,2747,2771,794.5366,14662,430.6871
2024-10-23 12:00:00+00:00,2771,2774,2727,2740,1010.8404,16280,507.8971
2024-10-24 00:00:00+00:00,2741,2762,2737,2757,437.3429,11477,248.9856
2024-10-24 12:00:00+00:00,2757,2763,2738,2756,858.623,17776,530.2968
2024-10-25 00:00:00+00:00,2756,2756,2736,2752,1015.0558,12060,529.4493
2024-10-25 12:00:00+00:00,2752,2769,2743,2764,1254.0533,16356,650.2792
2024-10-26 00:00:00+00:00,2764,2769,2748,2754,754.4052,13997,368.0479
2024-10-26 12:00:00+00:00,2755,2766,2752,2761,296.4365,7586,145.3988
2024-10-27 00:00:00+00:00,2761,2767,2756,2765,232.3426,5777,144.4777
2024-10-27 12:00:00+00:00,2766,2771,2750,2750,519.245,15757,245.2884
2024-10-28 00:00:00+00:00,2751,2768,2747,2755,512.0306,8706,255.4048
2024-10-28 12:00:00+00:00,2756,2762,2748,2753,528.4206,16396,243.6557
2024-10-29 00:00:00+00:00,2753,2768,2751,2752,497.3588,10788,202.7235
2024-10-29 12:00:00+00:00,2752,2774,2745,2766,1177.6059,14002,624.3068
2024-10-30 00:00:00+00:00,2766,2784,2763,2775,677.4014,5304,388.3152
2024-10-30 12:00:00+00:00,2775,2786,2770,2785,437.9393,8478,212.3269
2024-10-31 00:00:00+00:00,2785,2786,2774,2778,227.325,5379,114.8835
2024-10-31 12:00:00+00:00,2778,2785,2750,2754,1356.0468,13982,664.7752
2024-11-01 00:00:00+00:00,2754,2761,2751,2760,510.2177,9464,251.5165
2024-11-01 12:00:00+00:00,2760,2768,2740,2745,565.5169,10309,212.019
2024-11-02 00:00:00+00:00,2746,2748,2736,2746,241.2907,6431,115.5099
2024-11-02 12:00:00+00:00,2745,2756,2741,2751,242.7985,6982,148.2353
2024-11-03 00:00:00+00:00,2753,2755,2738,2750,438.2272,9298,214.8208
2024-11-03 12:00:00+00:00,2751,2754,2737,2746,340.5829,9179,165.6407
2024-11-04 00:00:00+00:00,2746,2755,2745,2750,217.1991,4096,129.8463
2024-11-04 12:00:00+00:00,2751,2754,2740,2743,362.6922,8234,152.9488
2024-11-05 00:00:00+00:00,2743,2749,2734,2743,386.6946,7331,156.5955
2024-11-05 12:00:00+00:00,2743,2750,2733,2736,521.2554,14270,243.299
2024-11-06 00:00:00+00:00,2737,2741,2686,2686,2407.2713,25113,1245.5148
2024-11-06 12:00:00+00:00,2686,2695,2639,2654,2008.7812,24054,1088.6761
2024-11-07 00:00:00+00:00,2655,2669,2648,2665,793.591,10103,416.69
2024-11-07 12:00:00+00:00,2665,2711,2663,2708,1458.8932,11037,875.238
2024-11-08 00:00:00+00:00,2707,2715,2671,2681,543.7825,6666,203.0706
2024-11-08 12:00:00+00:00,2680,2694,2668,2671,616.0111,10048,283.3035
2024-11-09 00:00:00+00:00,2671,2684,2663,2667,443.8446,8032,220.9777
2024-11-09 12:00:00+00:00,2667,2676,2662,2664,353.7719,6379,171.7689
2024-11-10 00:00:00+00:00,2665,2675,2655,2660,675.7452,17031,293.5406
2024-11-10 12:00:00+00:00,2661,2665,2643,2664,1549.3304,24055,733.1257
2024-11-11 00:00:00+00:00,2663,2667,2641,2644,655.0121,17216,316.3897
2024-11-11 12:00:00+00:00,2644,2644,2585,2608,2170.6399,30631,1024.105
2024-11-12 00:00:00+00:00,2607,2608,2542,2557,2558.4045,27196,895.5501
2024-11-12 12:00:00+00:00,2556,2633,2544,2559,2535.0781,39376,1337.7917
2024-11-13 00:00:00+00:00,2559,2590,2559,2584,863.5429,26515,391.367
2024-11-13 12:00:00+00:00,2584,2610,2557,2563,1795.5698,52810,1055.695
2024-11-14 00:00:00+00:00,2564,2581,2548,2557,815.9748,17949,402.7034
2024-11-14 12:00:00+00:00,2557,2575,2545,2558,1395.3723,16141,682.751
2024-11-15 00:00:00+00:00,2558,2584,2554,2571,585.2905,6846,339.5961
2024-11-15 12:00:00+00:00,2572,2582,2563,2570,988.1068,10702,569.0601
2024-11-16 00:00:00+00:00,2573,2580,2540,2577,793.8031,11203,355.089
2024-11-16 12:00:00+00:00,2576,2579,2558,2562,501.2439,10116,229.8373
2024-11-17 00:00:00+00:00,2564,2572,2550,2558,421.349,12853,175.9393
2024-11-17 12:00:00+00:00,2558,2584,2551,2579,545.6042,13803,286.8987
2024-11-18 00:00:00+00:00,2580,2602,2577,2599,687.1854,13330,354.4841
2024-11-18 12:00:00+00:00,2600,2628,2584,2621,1279.2353,24917,647.3075
2024-11-19 00:00:00+00:00,2621,2649,2618,2637,738.2266,8964,409.4469
2024-11-19 12:00:00+00:00,2637,2649,2621,2643,1119.1436,17648,497.0305
2024-11-20 00:00:00+00:00,2644,2650,2628,2631,483.5609,8935,252.5235
2024-11-20 12:00:00+00:00,2631,2662,2630,2651,984.4582,12159,466.0249
2024-11-21 00:00:00+00:00,2651,2681,2650,2681,832.9524,11915,456.4135
2024-11-21 12:00:00+00:00,2681,2690,2667,2669,1484.9835,15098,790.4774
2024-11-22 00:00:00+00:00,2669,2708,2665,2696,1060.1475,13908,589.4133
2024-11-22 12:00:00+00:00,2695,2724,2684,2721,849.0451,11260,493.5185
2024-11-23 00:00:00+00:00,2722,2745,2717,2727,686.6324,9499,333.0808
2024-11-23 12:00:00+00:00,2729,2744,2718,2722,723.102,11279,333.8044
2024-11-24 00:00:00+00:00,2722,2732,2713,2716,628.2775,15116,300.9214
2024-11-24 12:00:00+00:00,2717,2737,2708,2730,773.2776,16131,426.7113
2024-11-25 00:00:00+00:00,2730,2730,2670,2695,1208.2137,15986,533.6247
2024-11-25 12:00:00+00:00,2696,2696,2628,2630,1893.1148,26855,928.0122
2024-11-26 00:00:00+00:00,2631,2656,2623,2641,779.6962,23493,369.1562
2024-11-26 12:00:00+00:00,2642,2658,2626,2637,809.5455,25136,369.4748
2024-11-27 00:00:00+00:00,2636,2665,2633,2649,837.1625,13151,439.1562
2024-11-27 12:00:00+00:00,2650,2669,2632,2645,888.8847,13142,410.5793
2024-11-28 00:00:00+00:00,2646,2653,2623,2649,511.7277,8669,213.0168
2024-11-28 12:00:00+00:00,2648,2650,2635,2637,421.1742,11713,185.8535
2024-11-29 00:00:00+00:00,2638,2663,2633,2655,464.7948,10730,208.0803
2024-11-29 12:00:00+00:00,2656,2657,2632,2638,857.2292,15413,382.1534
2024-11-30 00:00:00+00:00,2639,2654,2636,2638,320.8907,9274,164.5284
2024-11-30 12:00:00+00:00,2639,2648,2637,2637,281.5196,9356,127.0049
2024-12-01 00:00:00+00:00,2637,2647,2636,2644,360.4585,5258,160.7588
2024-12-01 12:00:00+00:00,2643,2660,2643,2655,727.9806,6873,312.2178
2024-12-02 00:00:00+00:00,2655,2657,2627,2637,897.3435,11387,384.3035
2024-12-02 12:00:00+00:00,2637,2647,2631,2637,697.4123,12916,316.7324
2024-12-03 00:00:00+00:00,2637,2643,2631,2632,548.579,6551,290.6877
2024-12-03 12:00:00+00:00,2632,2644,2631,2635,1101.5378,11517,707.6634
2024-12-04 00:00:00+00:00,2635,2644,2632,2639,651.8546,7862,385.3444
2024-12-04 12:00:00+00:00,2638,2644,2631,2637,1416.253,11691,907.4647
2024-12-05 00:00:00+00:00,2637,2648,2629,2642,1206.6859,13046,718.5678
2024-12-05 12:00:00+00:00,2643,2645,2605,2625,1594.8671,16751,839.8763
2024-12-06 00:00:00+00:00,2625,2635,2612,2626,841.7837,7923,519.009
2024-12-06 12:00:00+00:00,2627,2640,2619,2627,839.7115,10388,374.4128
2024-12-07 00:00:00+00:00,2627,2634,2620,2623,438.3375,8414,173.8967
2024-12-07 12:00:00+00:00,2625,2628,2620,2624,362.7853,10302,180.8123
2024-12-08 00:00:00+00:00,2624,2632,2619,2625,325.0506,6948,153.1745
2024-12-08 12:00:00+00:00,2626,2635,2619,2629,382.7136,12704,222.2174
2024-12-09 00:00:00+00:00,2629,2656,2622,2649,964.8097,15603,532.7761
2024-12-09 12:00:00+00:00,2649,2658,2626,2648,2365.9791,32976,1265.3319
2024-12-10 00:00:00+00:00,2649,2667,2641,2658,1316.4524,27272,621.9259
2024-12-10 12:00:00+00:00,2658,2755,2654,2684,3049.7149,44642,1623.2909
2024-12-11 00:00:00+00:00,2684,2695,2670,2685,1100.8049,21808,468.4057
2024-12-11 12:00:00+00:00,2685,2705,2675,2701,1771.3344,31501,753.8038
2024-12-12 00:00:00+00:00,2703,2712,2691,2702,918.3729,7448,459.6887
2024-12-12 12:00:00+00:00,2703,2706,2674,2678,1436.9915,9847,426.59
2024-12-13 00:00:00+00:00,2679,2688,2665,2671,619.7458,7023,215.8524
2024-12-13 12:00:00+00:00,2670,2680,2656,2663,787.0254,7866,212.1892
2024-12-14 00:00:00+00:00,2663,2678,2657,2657,446.666,4698,180.208
2024-12-14 12:00:00+00:00,2658,2667,2647,2650,285.5167,4596,124.9634
2024-12-15 00:00:00+00:00,2650,2663,2648,2659,217.9806,4635,128.4416
2024-12-15 12:00:00+00:00,2659,2664,2648,2658,447.2933,5676,204.9141
2024-12-16 00:00:00+00:00,2658,2666,2647,2664,481.529,6530,224.2755
2024-12-16 12:00:00+00:00,2664,2675,2652,2656,779.1666,8198,384.0601
2024-12-17 00:00:00+00:00,2654,2670,2652,2653,768.0082,7365,258.3495
2024-12-17 12:00:00+00:00,2654,2665,2643,2654,696.8383,9359,266.7458
2024-12-18 00:00:00+00:00,2655,2661,2649,2657,528.3099,13850,226.7856
2024-12-18 12:00:00+00:00,2656,2661,2597,2601,1823.6671,14140,821.0416
2024-12-19 00:00:00+00:00,2602,2641,2600,2638,866.0399,8494,426.4515
2024-12-19 12:00:00+00:00,2638,2658,2601,2610,1979.3128,14711,1123.942
2024-12-20 00:00:00+00:00,2608,2630,2603,2610,988.4406,11094,398.8169
2024-12-20 12:00:00+00:00,2610,2639,2603,2630,1575.2512,17162,722.5014
2024-12-21 00:00:00+00:00,2630,2640,2624,2627,405.3471,7546,188.7271
2024-12-21 12:00:00+00:00,2627,2634,2620,2624,428.1993,6639,143.5141
2024-12-22 00:00:00+00:00,2624,2630,2619,2624,297.0186,4969,116.5981
2024-12-22 12:00:00+00:00,2624,2630,2610,2626,424.3217,5417,196.3937
2024-12-23 00:00:00+00:00,2626,2654,2616,2631,885.0374,6774,469.8208
2024-12-23 12:00:00+00:00,2631,2640,2608,2622,974.4961,10044,561.1583
2024-12-24 00:00:00+00:00,2622,2637,2619,2626,299.3044,5259,145.5846
2024-12-24 12:00:00+00:00,2625,2637,2623,2630,584.5598,5892,194.4025
2024-12-25 00:00:00+00:00,2630,2644,2623,2627,230.5745,3354,135.9028
2024-12-25 12:00:00+00:00,2627,2648,2626,2633,378.5842,3327,129.3565
2024-12-26 00:00:00+00:00,2633,2648,2631,2642,544.624,4262,281.7532
2024-12-26 12:00:00+00:00,2641,2656,2636,2654,534.9067,4867,275.8565
2024-12-27 00:00:00+00:00,2654,2655,2638,2648,417.9029,3478,187.9104
2024-12-27 12:00:00+00:00,2647,2650,2627,2643,576.6629,4341,211.1213
2024-12-28 00:00:00+00:00,2643,2651,2637,2644,280.3138,3242,123.9306
2024-12-28 12:00:00+00:00,2644,2660,2644,2656,503.812,4736,284.3329
2024-12-29 00:00:00+00:00,2657,2660,2651,2655,198.9119,2207,99.1587
2024-12-29 12:00:00+00:00,2656,2657,2647,2651,404.0402,4749,169.132
2024-12-30 00:00:00+00:00,2651,2660,2631,2639,496.1802,4142,238.6507
2024-12-30 12:00:00+00:00,2639,2645,2618,2621,493.4387,7477,246.462
2024-12-31 00:00:00+00:00,2621,2637,2618,2632,379.1202,3555,143.0689
2024-12-31 12:00:00+00:00,2631,2641,2619,2633,443.3487,6097,173.4209
2025-01-01 00:00:00+00:00,2633,2660,2632,2634,211.5786,3448,119.2921
2025-01-01 12:00:00+00:00,2635,2638,2627,2629,223.255,4883,62.076
2025-01-02 00:00:00+00:00,2631,2655,2630,2647,370.5793,3580,155.7761
2025-01-02 12:00:00+00:00,2649,2657,2640,2656,581.5245,5065,286.2342
2025-01-03 00:00:00+00:00,2657,2664,2647,2660,415.2143,2938,150.021
2025-01-03 12:00:00+00:00,2660,2661,2647,2648,629.9223,4543,195.5895
2025-01-04 00:00:00+00:00,2649,2651,2644,2647,96.1944,3633,46.564
2025-01-04 12:00:00+00:00,2647,2655,2643,2647,238.2739,3942,117.8671
2025-01-05 00:00:00+00:00,2648,2656,2644,2646,166.2505,3311,72.6664
2025-01-05 12:00:00+00:00,2644,2655,2644,2645,90.5291,2691,48.847
2025-01-06 00:00:00+00:00,2646,2656,2641,2654,232.164,2864,103.4426
2025-01-06 12:00:00+00:00,2654,2660,2639,2655,544.8238,4867,260.0619
2025-01-07 00:00:00+00:00,2655,2659,2648,2657,161.7041,2062,77.8782
2025-01-07 12:00:00+00:00,2657,2669,2641,2652,939.2729,7816,402.2418
2025-01-08 00:00:00+00:00,2653,2666,2645,2655,492.8886,6012,229.9786
2025-01-08 12:00:00+00:00,2657,2680,2651,2665,963.9536,7943,489.6159
2025-01-09 00:00:00+00:00,2666,2681,2659,2678,516.8533,4847,250.8254
2025-01-09 12:00:00+00:00,2678,2683,2669,2670,592.2375,6529,321.4611
2025-01-10 00:00:00+00:00,2672,2692,2669,2681,468.6183,7116,236.1345
2025-01-10 12:00:00+00:00,2681,2694,2666,2686,519.5275,7254,282.8323
2025-01-11 00:00:00+00:00,2688,2694,2681,2692,220.8905,2347,114.2003
2025-01-11 12:00:00+00:00,2692,2700,2690,2697,452.1092,4426,247.6552
2025-01-12 00:00:00+00:00,2698,2702,2696,2698,174.714,2610,88.9671
2025-01-12 12:00:00+00:00,2697,2712,2692,2697,399.6408,5230,170.4762
2025-01-13 00:00:00+00:00,2698,2710,2674,2677,1231.4855,8686,652.7039
2025-01-13 12:00:00+00:00,2675,2679,2659,2670,858.5195,8252,419.6453
2025-01-14 00:00:00+00:00,2670,2681,2661,2669,517.4545,7059,239.5359
2025-01-14 12:00:00+00:00,2670,2676,2660,2674,453.5158,4500,187.5068
2025-01-15 00:00:00+00:00,2676,2697,2668,2693,634.1441,3587,265.7695
2025-01-15 12:00:00+00:00,2693,2706,2686,2693,1151.4043,10514,644.2016
2025-01-16 00:00:00+00:00,2693,2710,2687,2706,539.7725,5143,301.9618
2025-01-16 12:00:00+00:00,2706,2724,2697,2716,601.8473,7678,286.218
2025-01-17 00:00:00+00:00,2717,2720,2700,2704,528.0322,4187,242.646
2025-01-17 12:00:00+00:00,2704,2716,2699,2701,524.5113,6261,307.8194
2025-01-18 00:00:00+00:00,2702,2708,2684,2699,440.6934,6213,198.7334
2025-01-18 12:00:00+00:00,2698,2708,2689,2696,481.3004,4186,174.4471
2025-01-19 00:00:00+00:00,2696,2705,2684,2688,459.4143,4897,157.1602
2025-01-19 12:00:00+00:00,2689,2700,2664,2682,1101.7927,14587,505.3771
2025-01-20 00:00:00+00:00,2683,2718,2679,2703,1282.8673,12180,670.6794
2025-01-20 12:00:00+00:00,2703,2713,2697,2701,829.4557,11355,415.6674
2025-01-21 00:00:00+00:00,2701,2729,2696,2720,824.6651,7018,400.2281
2025-01-21 12:00:00+00:00,2721,2747,2717,2739,885.0323,9275,429.1972
2025-01-22 00:00:00+00:00,2739,2758,2738,2758,598.5555,5068,348.7368
2025-01-22 12:00:00+00:00,2758,2777,2746,2754,1221.3471,9376,694.6295
2025-01-23 00:00:00+00:00,2755,2763,2741,2751,398.9317,4166,167.6429
2025-01-23 12:00:00+00:00,2751,2758,2736,2749,620.9796,7435,260.4949
2025-01-24 00:00:00+00:00,2749,2770,2736,2763,716.244,7073,295.2426
2025-01-24 12:00:00+00:00,2764,2771,2756,2760,589.6302,5234,337.4281
2025-01-25 00:00:00+00:00,2761,2770,2757,2765,197.4976,3363,85.1834
2025-01-25 12:00:00+00:00,2764,2770,2760,2769,152.3928,3212,78.9739
2025-01-26 00:00:00+00:00,2769,2770,2763,2766,101.1428,2161,44.1747
2025-01-26 12:00:00+00:00,2768,2775,2758,2762,203.6745,2760,103.5849
2025-01-27 00:00:00+00:00,2761,2764,2730,2759,802.5888,8094,366.9949
2025-01-27 12:00:00+00:00,2759,2761,2731,2742,810.5207,7846,470.5423
2025-01-28 00:00:00+00:00,2743,2750,2736,2746,268.9642,4434,152.451
2025-01-28 12:00:00+00:00,2746,2772,2735,2763,808.7485,7297,451.9017
2025-01-29 00:00:00+00:00,2763,2797,2757,2766,481.9071,5539,307.8344
2025-01-29 12:00:00+00:00,2766,2769,2746,2762,502.037,6170,285.8609
2025-01-30 00:00:00+00:00,2762,2775,2761,2775,311.7477,4724,184.365
2025-01-30 12:00:00+00:00,2774,2800,2769,2794,836.7043,6608,484.5966
2025-01-31 00:00:00+00:00,2794,2806,2790,2805,753.8408,5321,464.8163
2025-01-31 12:00:00+00:00,2804,2819,2798,2805,999.2825,6426,416.076
2025-02-01 00:00:00+00:00,2805,2823,2804,2811,399.0546,3634,185.9301
2025-02-01 12:00:00+00:00,2811,2830,2800,2819,721.6936,7790,358.8992
2025-02-02 00:00:00+00:00,2819,2870,2817,2861,2010.1466,11384,1129.1668
2025-02-02 12:00:00+00:00,2861,2946,2808,2818,6172.8407,43874,3138.0029
2025-02-03 00:00:00+00:00,2816,2829,2772,2823,3225.2513,26694,1419.0403
2025-02-03 12:00:00+00:00,2823,2850,2811,2832,2705.1909,18918,1145.6145
2025-02-04 00:00:00+00:00,2832,2840,2812,2829,793.2214,10201,402.4439
2025-02-04 12:00:00+00:00,2828,2855,2828,2854,1293.4247,14536,694.2432
2025-02-05 00:00:00+00:00,2854,2902,2852,2895,1545.8972,11480,797.1384
2025-02-05 12:00:00+00:00,2896,2928,2878,2917,2896.5972,17360,1477.4866
2025-02-06 00:00:00+00:00,2917,2927,2869,2894,2010.0969,12956,1095.4598
2025-02-06 12:00:00+00:00,2895,2904,2866,2878,1699.3685,11654,762.5753
2025-02-07 00:00:00+00:00,2879,2926,2878,2901,825.6222,8973,531.8603
2025-02-07 12:00:00+00:00,2901,2906,2869,2877,2003.8322,10057,645.4881
2025-02-08 00:00:00+00:00,2879,2887,2856,2872,445.8588,6182,186.7901
2025-02-08 12:00:00+00:00,2873,2879,2860,2877,329.9848,4018,178.9608
2025-02-09 00:00:00+00:00,2878,2889,2875,2883,246.8556,3978,139.7005
2025-02-09 12:00:00+00:00,2882,2908,2876,2901,632.1868,8359,358.4484
2025-02-10 00:00:00+00:00,2901,2933,2892,2932,1127.0009,8924,590.0078
2025-02-10 12:00:00+00:00,2931,2934,2911,2931,922.554,8816,505.0889
2025-02-11 00:00:00+00:00,2932,2947,2909,2931,1562.9172,7681,832.8401
2025-02-11 12:00:00+00:00,2931,2950,2908,2915,1792.0601,16668,752.3698
2025-02-12 00:00:00+00:00,2916,2923,2901,2905,833.1117,6401,435.9759
2025-02-12 12:00:00+00:00,2905,2930,2890,2926,1600.6926,11750,865.8803
2025-02-13 00:00:00+00:00,2926,2942,2907,2939,846.2956,6243,531.4353
2025-02-13 12:00:00+00:00,2939,2950,2924,2948,857.9554,7988,498.1426
2025-02-14 00:00:00+00:00,2949,2957,2940,2950,732.3723,5403,336.4431
2025-02-14 12:00:00+00:00,2950,2952,2898,2913,1896.1632,13564,711.3642
2025-02-15 00:00:00+00:00,2913,2914,2898,2901,380.8796,5573,169.7736
2025-02-15 12:00:00+00:00,2902,2908,2899,2907,280.776,5398,184.1461
2025-02-16 00:00:00+00:00,2906,2908,2900,2900,221.4171,4223,141.6316
2025-02-16 12:00:00+00:00,2901,2908,2892,2900,582.8843,5478,243.59
2025-02-17 00:00:00+00:00,2901,2932,2898,2921,844.091,6621,558.3474
2025-02-17 12:00:00+00:00,2922,2928,2909,2913,585.6068,7252,291.7466
2025-02-18 00:00:00+00:00,2914,2944,2910,2931,543.2478,5668,275.6804
2025-02-18 12:00:00+00:00,2929,2960,2929,2948,939.3508,8676,557.5663
2025-02-19 00:00:00+00:00,2948,2960,2942,2952,816.0225,4304,437.7219
2025-02-19 12:00:00+00:00,2953,2985,2927,2947,1058.1854,6468,620.3633
2025-02-20 00:00:00+00:00,2947,2965,2944,2961,697.1359,4028,416.1243
2025-02-20 12:00:00+00:00,2961,2965,2931,2953,1369.5943,9237,579.7617
2025-02-21 00:00:00+00:00,2953,2955,2937,2946,517.4924,6458,294.8385
2025-02-21 12:00:00+00:00,2947,2957,2935,2950,1041.835,9427,412.4414
2025-02-22 00:00:00+00:00,2950,2958,2934,2951,436.4947,6666,212.3928
2025-02-22 12:00:00+00:00,2951,2956,2948,2955,208.9609,4361,105.4389
2025-02-23 00:00:00+00:00,2954,2970,2944,2964,796.4635,5783,441.2741
2025-02-23 12:00:00+00:00,2964,2969,2960,2963,458.3888,4726,229.666
2025-02-24 00:00:00+00:00,2963,2967,2952,2962,664.9937,8527,312.0835
2025-02-24 12:00:00+00:00,2962,2991,2951,2988,1793.6665,12736,986.5545
2025-02-25 00:00:00+00:00,2988,3000,2960,2972,1732.3664,18621,885.1686
2025-02-25 12:00:00+00:00,2972,2979,2919,2940,2557.5071,19706,1234.8562
2025-02-26 00:00:00+00:00,2940,2944,2922,2927,598.1858,7940,334.1814
2025-02-26 12:00:00+00:00,2928,2935,2908,2934,1543.1919,16168,744.6311
2025-02-27 00:00:00+00:00,2935,2935,2896,2900,1243.5868,9617,457.0959
2025-02-27 12:00:00+00:00,2900,2911,2877,2888,1078.0308,11814,461.3209
2025-02-28 00:00:00+00:00,2889,2893,2821,2863,2118.9436,23865,904.9152
2025-02-28 12:00:00+00:00,2863,2871,2831,2861,1237.7784,12411,631.9088
2025-03-01 00:00:00+00:00,2862,2893,2855,2862,409.7133,5720,248.7043
2025-03-01 12:00:00+00:00,2861,2869,2838,2855,669.3419,5860,222.3711
2025-03-02 00:00:00+00:00,2855,2864,2852,2861,257.7858,4007,120.0776
2025-03-02 12:00:00+00:00,2861,2893,2850,2876,2175.2744,15963,1208.7544
2025-03-03 00:00:00+00:00,2876,2880,2861,2875,679.1085,6255,323.7142
2025-03-03 12:00:00+00:00,2875,2898,2870,2888,1288.7497,10495,619.7544
2025-03-04 00:00:00+00:00,2888,2927,2877,2926,1360.8086,11259,730.4511
2025-03-04 12:00:00+00:00,2925,2945,2912,2928,1449.7237,16155,696.7988
2025-03-05 00:00:00+00:00,2929,2938,2920,2923,744.7068,9022,342.3685
2025-03-05 12:00:00+00:00,2924,2949,2912,2933,903.9926,8112,479.1302
2025-03-06 00:00:00+00:00,2933,2938,2905,2919,935.7388,7251,432.4312
2025-03-06 12:00:00+00:00,2919,2938,2908,2925,891.8049,8493,367.8027
2025-03-07 00:00:00+00:00,2926,2944,2911,2941,737.9124,8549,251.6435
2025-03-07 12:00:00+00:00,2941,2944,2921,2928,1087.9691,14729,465.8565
2025-03-08 00:00:00+00:00,2928,2934,2926,2934,236.6029,3143,155.2461
2025-03-08 12:00:00+00:00,2934,2942,2928,2936,397.1266,4545,265.3037
2025-03-09 00:00:00+00:00,2937,2945,2936,2944,402.586,8050,242.727
2025-03-09 12:00:00+00:00,2944,2944,2922,2933,1044.5178,16572,484.0341
2025-03-10 00:00:00+00:00,2934,2936,2906,2918,1659.0753,9815,1019.2011
2025-03-10 12:00:00+00:00,2918,2918,2883,2895,1124.685,15969,488.5325
2025-03-11 00:00:00+00:00,2894,2924,2887,2913,857.9733,7171,428.0818
2025-03-11 12:00:00+00:00,2915,2928,2912,2924,743.3257,7840,330.0653
2025-03-12 00:00:00+00:00,2924,2949,2905,2935,2338.3677,13099,1198.3224
2025-03-12 12:00:00+00:00,2936,2949,2922,2946,954.6111,18686,497.6801
2025-03-13 00:00:00+00:00,2947,2971,2944,2964,675.5653,7338,405.037
2025-03-13 12:00:00+00:00,2965,3006,2959,3003,1618.9126,10403,857.9699
2025-03-14 00:00:00+00:00,3003,3030,2999,3017,861.2309,5378,429.9785
2025-03-14 12:00:00+00:00,3017,3026,2987,2996,1527.7251,7385,814.737
2025-03-15 00:00:00+00:00,2996,3001,2982,2990,734.8702,7411,397.7605
2025-03-15 12:00:00+00:00,2990,3002,2986,3002,376.1815,6367,233.2265
2025-03-16 00:00:00+00:00,3002,3002,2990,2993,139.9176,2025,68.0812
2025-03-16 12:00:00+00:00,2992,3002,2982,3001,404.5404,4429,202.6965
2025-03-17 00:00:00+00:00,3002,3005,2997,3002,590.1933,3867,286.1677
2025-03-17 12:00:00+00:00,3002,3017,2990,3011,1151.2651,6307,812.982
2025-03-18 00:00:00+00:00,3011,3163,3005,3050,3033.0056,26725,1595.0857
2025-03-18 12:00:00+00:00,3049,3073,3044,3067,1523.6711,11080,810.6667
2025-03-19 00:00:00+00:00,3067,3081,3056,3065,1254.4513,12513,611.4119
2025-03-19 12:00:00+00:00,3066,3069,3044,3064,1807.6459,12156,723.8801
2025-03-20 00:00:00+00:00,3065,3072,3047,3050,779.7244,7128,345.7312
2025-03-20 12:00:00+00:00,3049,3068,3048,3057,642.5713,10487,337.2393
2025-03-21 00:00:00+00:00,3059,3100,3050,3055,3041.7511,21764,1447.8054
2025-03-21 12:00:00+00:00,3054,3058,3031,3039,1098.6829,15579,536.1693
2025-03-22 00:00:00+00:00,3039,3051,3039,3041,436.6081,6436,202.0133
2025-03-22 12:00:00+00:00,3041,3051,3040,3050,302.0168,5984,172.9572
2025-03-23 00:00:00+00:00,3051,3054,3042,3049,358.9873,4109,220.4988
2025-03-23 12:00:00+00:00,3049,3062,3045,3054,746.6027,10957,441.1921
2025-03-24 00:00:00+00:00,3054,3058,3038,3038,629.7482,8867,315.897
2025-03-24 12:00:00+00:00,3038,3045,3002,3019,1759.1987,16068,810.2071
2025-03-25 00:00:00+00:00,3019,3031,3015,3029,630.0949,4301,433.4174
2025-03-25 12:00:00+00:00,3027,3046,3023,3028,1036.3257,4500,377.4844
2025-03-26 00:00:00+00:00,3028,3037,3020,3034,590.6824,2650,271.0938
2025-03-26 12:00:00+00:00,3035,3037,3017,3023,461.3804,3299,210.1936
2025-03-27 00:00:00+00:00,3024,3068,3024,3062,1141.8599,7329,584.6005
2025-03-27 12:00:00+00:00,3062,3064,3042,3059,1168.7295,7142,477.5961
2025-03-28 00:00:00+00:00,3059,3089,3059,3082,2039.6003,13343,929.4183
2025-03-28 12:00:00+00:00,3082,3098,3075,3093,1510.5447,9864,748.8117
2025-03-29 00:00:00+00:00,3092,3114,3090,3109,1170.7572,9588,706.8357
2025-03-29 12:00:00+00:00,3109,3121,3103,3119,1073.7063,9548,702.1352
2025-03-30 00:00:00+00:00,3119,3129,3115,3128,754.2816,8717,414.5138
2025-03-30 12:00:00+00:00,3128,3145,3108,3109,1589.4066,19253,773.8606
2025-03-31 00:00:00+00:00,3110,3162,3106,3144,3083.127,35507,1722.3988
2025-03-31 12:00:00+00:00,3142,3166,3135,3149,2879.2216,29550,1373.0434
2025-04-01 00:00:00+00:00,3148,3181,3143,3151,2021.315,18015,966.5806
2025-04-01 12:00:00+00:00,3150,3155,3125,3132,2254.4613,22780,998.4922
2025-04-02 00:00:00+00:00,3132,3150,3120,3130,1424.9128,18603,629.1319
2025-04-02 12:00:00+00:00,3133,3193,3126,3192,3079.9199,31522,1498.5947
2025-04-03 00:00:00+00:00,3191,3195,3098,3105,4981.5348,31363,2142.5224
2025-04-03 12:00:00+00:00,3106,3149,3078,3127,3797.9569,21915,1886.0761
2025-04-04 00:00:00+00:00,3127,3158,3097,3128,2376.4304,21349,1266.3881
2025-04-04 12:00:00+00:00,3127,3127,3043,3055,3140.5033,26794,1358.3327
2025-04-05 00:00:00+00:00,3055,3066,3047,3064,771.2372,10330,380.2785
2025-04-05 12:00:00+00:00,3064,3072,3058,3068,893.7293,9767,501.674
2025-04-06 00:00:00+00:00,3068,3071,3056,3067,703.5198,8215,350.4355
2025-04-06 12:00:00+00:00,3066,3072,2987,3004,3234.6818,27315,1214.9781
2025-04-07 00:00:00+00:00,3003,3069,2988,3047,5964.2841,34591,2344.8186
2025-04-07 12:00:00+00:00,3047,3059,2990,3005,3356.2399,26474,1616.8267
2025-04-08 00:00:00+00:00,3005,3033,3001,3032,1651.4644,12983,753.0868
2025-04-08 12:00:00+00:00,3032,3039,2990,3001,1882.0932,12252,992.8413
2025-04-09 00:00:00+00:00,3000,3091,2995,3086,3206.3649,16338,1776.8445
2025-04-09 12:00:00+00:00,3085,3116,3067,3099,4358.5771,28374,2045.753
2025-04-10 00:00:00+00:00,3100,3146,3096,3145,2287.6006,13675,973.5986
2025-04-10 12:00:00+00:00,3143,3220,3137,3216,3526.209,26906,1952.9774
2025-04-11 00:00:00+00:00,3215,3264,3213,3244,6045.6914,24732,3114.4172
2025-04-11 12:00:00+00:00,3244,3271,3240,3265,4619.97,23894,2196.7169
2025-04-12 00:00:00+00:00,3265,3300,3256,3266,2687.6576,18436,1237.1068
2025-04-12 12:00:00+00:00,3266,3268,3234,3242,2272.1532,15376,890.4012
2025-04-13 00:00:00+00:00,3243,3260,3241,3244,1081.4771,8036,528.1374
2025-04-13 12:00:00+00:00,3245,3272,3239,3247,2770.8033,18197,1462.9976
2025-04-14 00:00:00+00:00,3248,3272,3221,3242,3179.711,24732,1638.5723
2025-04-14 12:00:00+00:00,3242,3246,3211,3238,1428.1384,12138,646.2603
2025-04-15 00:00:00+00:00,3237,3253,3232,3239,1968.1906,14066,990.2551
2025-04-15 12:00:00+00:00,3239,3268,3230,3266,1971.0215,14349,846.6074
2025-04-16 00:00:00+00:00,3267,3336,3266,3330,4293.8441,23407,2084.398
2025-04-16 12:00:00+00:00,3329,3381,3321,3378,3629.9454,21299,2053.5385
2025-04-17 00:00:00+00:00,3377,3385,3331,3350,3880.5209,18149,2003.5416
2025-04-17 12:00:00+00:00,3350,3360,3309,3347,2401.4863,18789,1292.9717
2025-04-18 00:00:00+00:00,3346,3355,3337,3350,1445.5945,9070,747.5349
2025-04-18 12:00:00+00:00,3351,3364,3347,3353,1866.5449,16481,1021.0787
2025-04-19 00:00:00+00:00,3353,3357,3341,3345,1278.998,23127,592.6758
2025-04-19 12:00:00+00:00,3346,3355,3343,3348,531.431,5970,260.6155
2025-04-20 00:00:00+00:00,3348,3361,3342,3356,917.1521,6746,518.342
2025-04-20 12:00:00+00:00,3357,3375,3348,3370,1141.6492,9294,621.0086
2025-04-21 00:00:00+00:00,3370,3434,3369,3431,4065.6023,23015,1787.3118
2025-04-21 12:00:00+00:00,3431,3471,3425,3462,4850.0151,25929,2487.698
2025-04-22 00:00:00+00:00,3463,3523,3442,3478,7730.1682,40230,4203.4307
2025-04-22 12:00:00+00:00,3478,3486,3332,3349,9550.5407,40483,4411.0438
2025-04-23 00:00:00+00:00,3349,3404,3315,3340,6543.9627,29217,3098.7235
2025-04-23 12:00:00+00:00,3341,3349,3280,3335,4330.1942,24243,2093.1271
2025-04-24 00:00:00+00:00,3335,3384,3333,3358,4012.5543,20872,2037.912
2025-04-24 12:00:00+00:00,3358,3383,3324,3365,2685.8905,14155,1398.2833
2025-04-25 00:00:00+00:00,3365,3375,3295,3307,2876.1719,13920,1384.8774
2025-04-25 12:00:00+00:00,3307,3319,3260,3313,4985.9495,26907,1850.9865
2025-04-26 00:00:00+00:00,3313,3322,3301,3311,1345.869,7286,571.4296
2025-04-26 12:00:00+00:00,3312,3319,3303,3312,863.8406,6636,472.5542
2025-04-27 00:00:00+00:00,3313,3322,3309,3314,864.9452,4990,456.6531
2025-04-27 12:00:00+00:00,3314,3332,3306,3308,1027.7986,7144,545.7501
2025-04-28 00:00:00+00:00,3309,3322,3277,3294,2004.8818,10759,978.7738
2025-04-28 12:00:00+00:00,3295,3355,3293,3339,3312.0486,16746,1705.6097
2025-04-29 00:00:00+00:00,3338,3339,3307,3313,2097.9526,12447,944.0104
2025-04-29 12:00:00+00:00,3314,3331,3306,3317,2013.4744,10127,886.1833
2025-04-30 00:00:00+00:00,3317,3325,3280,3282,1253.6472,8826,534.1976
2025-04-30 12:00:00+00:00,3283,3331,3280,3282,2515.5149,13631,1338.8511
2025-05-01 00:00:00+00:00,3283,3287,3219,3223,3153.1415,15333,1246.92
2025-05-01 12:00:00+00:00,3222,3288,3218,3250,2684.2489,12793,1457.3065
2025-05-02 00:00:00+00:00,3250,3282,3243,3279,2535.916,14265,1384.3551
2025-05-02 12:00:00+00:00,3279,3280,3242,3253,2069.8919,11216,1131.1063
2025-05-03 00:00:00+00:00,3253,3264,3247,3261,569.4129,5449,321.3758
2025-05-03 12:00:00+00:00,3261,3268,3255,3258,637.5636,6029,311.9441
2025-05-04 00:00:00+00:00,3258,3261,3247,3259,772.552,6144,346.6982
2025-05-04 12:00:00+00:00,3259,3267,3250,3263,852.021,6015,489.3504
2025-05-05 00:00:00+00:00,3263,3331,3259,3326,2357.9061,15562,1333.2497
2025-05-05 12:00:00+00:00,3326,3366,3317,3348,2444.8255,15222,1300.874
2025-05-06 00:00:00+00:00,3347,3399,3341,3390,3411.0813,19797,1720.2071
2025-05-06 12:00:00+00:00,3390,3456,3385,3409,4470.8845,25760,2320.0815
2025-05-07 00:00:00+00:00,3409,3410,3366,3389,3869.6292,21840,1899.2485
2025-05-07 12:00:00+00:00,3389,3406,3368,3383,2184.1291,10862,1173.6928
2025-05-08 00:00:00+00:00,3383,3418,3327,3353,4878.8578,23274,2151.7262
2025-05-08 12:00:00+00:00,3353,3373,3258,3322,4985.2533,21413,2308.7882
2025-05-09 00:00:00+00:00,3322,3340,3287,3337,2484.5356,15809,1178.2418
2025-05-09 12:00:00+00:00,3338,3352,3327,3335,1551.9106,8150,818.2916
2025-05-10 00:00:00+00:00,3335,3345,3332,3338,1120.2917,7655,614.7012
2025-05-10 12:00:00+00:00,3338,3339,3324,3327,1058.2352,5844,481.842
2025-05-11 00:00:00+00:00,3327,3332,3322,3323,1042.2985,7334,560.2433
2025-05-11 12:00:00+00:00,3324,3328,3276,3294,1962.6466,13132,814.8948
2025-05-12 00:00:00+00:00,3295,3296,3223,3237,4928.3284,23931,2266.1088
2025-05-12 12:00:00+00:00,3237,3263,3234,3245,2852.8523,20608,1268.4674
2025-05-13 00:00:00+00:00,3246,3274,3228,3261,1801.4491,8560,914.2865
2025-05-13 12:00:00+00:00,3261,3268,3240,3261,1831.177,10976,811.2134
2025-05-14 00:00:00+00:00,3261,3262,3229,3230,1693.6537,9919,752.7941
2025-05-14 12:00:00+00:00,3230,3233,3183,3196,3999.5081,20472,1705.2194
2025-05-15 00:00:00+00:00,3197,3202,3142,3195,3744.1256,17693,2016.1669
2025-05-15 12:00:00+00:00,3195,3261,3193,3246,3073.194,18891,1660.5271
2025-05-16 00:00:00+00:00,3247,3253,3169.34,3179.12,3670.989,20340,1550.6128
2025-05-16 12:00:00+00:00,3179.15,3223.84,3172.47,3221,1896.5194,18243,1030.8747
2025-05-17 00:00:00+00:00,3221.01,3225.69,3206.08,3217.05,1494.8876,11991,759.7803
2025-05-17 12:00:00+00:00,3217.06,3229.99,3213.75,3225.66,1193.8734,11960,671.1944
2025-05-18 00:00:00+00:00,3225.66,3237.62,3215.33,3219.08,1218.2336,12015,625.4286
2025-05-18 12:00:00+00:00,3219.08,3257,3210,3245.99,1916.0873,19558,1057.2064
2025-05-19 00:00:00+00:00,3246,3270.14,3225,3266.85,2709.2769,23487,1192.0319
2025-05-19 12:00:00+00:00,3266.86,3267.26,3235.08,3235.96,1556.0719,15116,494.6618
2025-05-20 00:00:00+00:00,3235.73,3262.04,3219,3261.34,2881.4533,18407,1362.6142
2025-05-20 12:00:00+00:00,3261.25,3313.86,3250.98,3303.02,3455.347,29493,1571.3636
2025-05-21 00:00:00+00:00,3303.02,3327.55,3299,3318.79,1672.3493,19334,899.5931
2025-05-21 12:00:00+00:00,3318.79,3333.59,3277.35,3322.47,2715.1175,27361,1525.0831
2025-05-22 00:00:00+00:00,3322.48,3349.78,3293.69,3321.32,2866.6184,27667,1264.5449
2025-05-22 12:00:00+00:00,3321.32,3325,3292.69,3308.78,1664.58,20997,824.3076
2025-05-23 00:00:00+00:00,3309.27,3353.22,3300,3349.23,2451.3897,24407,1339.9149
2025-05-23 12:00:00+00:00,3349.32,3371,3337.44,3360.8,2881.9497,25358,1535.1082
2025-05-24 00:00:00+00:00,3360.97,3379.97,3354.98,3359.32,962.1555,10117,471.2377
2025-05-24 12:00:00+00:00,3359.48,3368.14,3358.31,3361.57,416.9282,6848,186.0856
2025-05-25 00:00:00+00:00,3361.57,3374,3358.76,3368.37,907.8428,13938,454.5866
2025-05-25 12:00:00+00:00,3368.36,3380,3343.88,3347.64,1240.3716,20476,583.3779
2025-05-26 00:00:00+00:00,3347.65,3360,3334.83,3339.53,1159.5944,15790,581.542
2025-05-26 12:00:00+00:00,3339.53,3371.5,3334.21,3357.58,1640.2528,18220,873.5702
2025-05-27 00:00:00+00:00,3357.58,3361.21,3302,3303.21,1507.2727,17152,567.5655
2025-05-27 12:00:00+00:00,3303.21,3328,3302,3321.28,1909.5173,16730,1087.6738
2025-05-28 00:00:00+00:00,3321.79,3337.88,3305.08,3323.58,1430.3145,17826,768.4016
2025-05-28 12:00:00+00:00,3323.66,3328.78,3268.41,3276.02,1971.7545,28094,821.021
2025-05-29 00:00:00+00:00,3275.74,3318.24,3262.56,3313.64,1353.1707,19116,649.1439
2025-05-29 12:00:00+00:00,3313.63,3339.78,3312.25,3326.45,1200.7803,16717,630.8446
2025-05-30 00:00:00+00:00,3326.45,3333.37,3302.06,3306.4,1387.0615,15817,662.23
2025-05-30 12:00:00+00:00,3306.42,3324.39,3288.2,3302.25,1675.5965,20370,772.07
2025-05-31 00:00:00+00:00,3302.28,3309.76,3295.36,3300.81,821.7702,9272,349.9169
2025-05-31 12:00:00+00:00,3300.82,3304.4,3296.5,3296.52,380.7214,7179,172.0777
2025-06-01 00:00:00+00:00,3296.52,3307.81,3293,3307.5,472.0354,8478,237.3905
2025-06-01 12:00:00+00:00,3307.49,3325.14,3301.7,3319.57,854.0584,9952,411.6433
2025-06-02 00:00:00+00:00,3319.71,3372.11,3312,3368.01,1849.8676,17146,819.8382
2025-06-02 12:00:00+00:00,3368.36,3403.9,3361.52,3396.98,2610.2447,21748,1147.3683
2025-06-03 00:00:00+00:00,3396.99,3397.57,3363.67,3369.03,1182.5357,11250,494.962
2025-06-03 12:00:00+00:00,3369.02,3374.24,3346.85,3369.43,1956.1212,16937,871.0814
2025-06-04 00:00:00+00:00,3369.43,3383.96,3358.51,3359.55,1170.0821,10084,459.9837
2025-06-04 12:00:00+00:00,3359.55,3394.95,3358.55,3391.2,1155.7284,9983,595.2702
2025-06-05 00:00:00+00:00,3391.22,3418.53,3375.61,3406.59,1143.8502,13536,473.7421
2025-06-05 12:00:00+00:00,3406.59,3415.81,3361,3381.55,3361.164,36014,1469.5951
2025-06-06 00:00:00+00:00,3381.55,3418,3370.4,3377,1849.0414,23155,944.4784
2025-06-06 12:00:00+00:00,3376.94,3379.7,3328,3333.88,2063.0607,20856,677.6897
2025-06-07 00:00:00+00:00,3333.89,3338.47,3329.18,3335,487.0793,7796,266.1384
2025-06-07 12:00:00+00:00,3335,3337.28,3330.39,3332.4,385.3575,6687,160.7709
2025-06-08 00:00:00+00:00,3332.4,3342.5,3330.23,3334.33,806.6372,7946,471.3497
2025-06-08 12:00:00+00:00,3334.31,3352.2,3334.3,3340.75,962.2381,12319,454.0382
2025-06-09 00:00:00+00:00,3340.76,3349,3316.87,3338.75,1131.5005,17632,444.1634
2025-06-09 12:00:00+00:00,3338.75,3356.99,3333.47,3346.45,1793.8318,15964,655.8219
2025-06-10 00:00:00+00:00,3346.45,3355,3320.82,3346.6,1608.2615,16166,777.6448
2025-06-10 12:00:00+00:00,3346.98,3362.01,3328,3340.18,1701.5685,21860,669.9678
2025-06-11 00:00:00+00:00,3340.33,3360.3,3338.24,3346.69,1397.525,16040,792.3548
2025-06-11 12:00:00+00:00,3346.7,3387.23,3337.6,3379.4,2215.6024,22874,1073.9679
2025-06-12 00:00:00+00:00,3379.4,3428.61,3357.52,3397.02,2373.5769,18176,1384.715
2025-06-12 12:00:00+00:00,3396.62,3412.55,3391.1,3408.42,3652.7074,30777,1670.075
2025-06-13 00:00:00+00:00,3408.42,3600,3405.42,3449.69,9656.3107,78316,4783.9212
2025-06-13 12:00:00+00:00,3449.69,3480,3441,3461.98,4091.0292,34159,1982.0194
2025-06-14 00:00:00+00:00,3461.98,3467.66,3452.02,3459.7,1291.5084,13283,765.5157
2025-06-14 12:00:00+00:00,3459.71,3497,3454.2,3487.6,2425.4093,22618,1387.1998
2025-06-15 00:00:00+00:00,3487.6,3496.01,3472,3493.33,1289.5264,14278,534.1368
2025-06-15 12:00:00+00:00,3493.33,3495.65,3465,3476.97,2500.3441,24126,1079.3815
2025-06-16 00:00:00+00:00,3476.94,3485.12,3430,3440.75,3180.2831,28965,1288.3202
2025-06-16 12:00:00+00:00,3440.75,3443.75,3401,3432.41,4381.4557,31386,1779.0041
2025-06-17 00:00:00+00:00,3432.4,3436.04,3403.6,3418.8,3647.8345,35121,1670.4293
2025-06-17 12:00:00+00:00,3418.8,3424.65,3392.2,3413.75,4037.0252,30213,2121.3544
2025-06-18 00:00:00+00:00,3413.76,3418.79,3397.39,3403.59,3161.58,25675,1349.7504
2025-06-18 12:00:00+00:00,3403.99,3418,3384.36,3395.4,2968.0557,25211,1405.8076
2025-06-19 00:00:00+00:00,3395.4,3405.12,3370,3392.19,2213.8407,22897,925.3962
2025-06-19 12:00:00+00:00,3392.15,3397.59,3382.1,3389.8,1184.6109,11353,601.2708
2025-06-20 00:00:00+00:00,3389.8,3392.6,3363.5,3369,3056.9695,23329,1316.811
2025-06-20 12:00:00+00:00,3369.01,3395.89,3362.75,3394.69,2661.8391,21858,1320.3325
2025-06-21 00:00:00+00:00,3394.69,3395.8,3387,3392.77,975.0457,9150,521.4264
2025-06-21 12:00:00+00:00,3392.79,3410.66,3385.13,3395.84,3124.8627,22737,1238.7521
2025-06-22 00:00:00+00:00,3395.83,3429,3395.33,3425.61,3040.8749,26236,1549.2787
2025-06-22 12:00:00+00:00,3425.61,3483.2,3401.95,3402,8259.9366,77489,3957.7601
2025-06-23 00:00:00+00:00,3401.99,3409.99,3370.6,3399.51,4454.0027,41287,2399.8889
2025-06-23 12:00:00+00:00,3399.41,3431.6,3367.39,3368.74,13354.084,110488,7837.773
2025-06-24 00:00:00+00:00,3368.74,3386.02,3340,3344.54,13338.176,83920,7463.7394
2025-06-24 12:00:00+00:00,3344.54,3378,3322,3344.64,3984.8039,30364,2033.9142
2025-06-25 00:00:00+00:00,3344.6,3353.97,3334.83,3334.95,3467.1606,28067,1420.8618
2025-06-25 12:00:00+00:00,3334.95,3353,3323.87,3352.99,2139.7419,15612,937.9288
2025-06-26 00:00:00+00:00,3352.99,3359,3343.27,3343.6,2409.2531,21073,1103.0792
2025-06-26 12:00:00+00:00,3343.61,3353.28,3327.7,3332.97,2418.1991,17496,1142.6538
2025-06-27 00:00:00+00:00,3333,3335.87,3291.01,3294.39,3984.5702,27641,1376.8586
2025-06-27 12:00:00+00:00,3294.39,3297.2,3274.97,3296.15,3394.9655,21719,1430.6682
2025-06-28 00:00:00+00:00,3296.2,3298.35,3286.84,3286.92,614.6017,6238,305.0743
2025-06-28 12:00:00+00:00,3286.92,3296,3286.92,3289.58,687.2103,8526,332.6485
2025-06-29 00:00:00+00:00,3289.58,3295.06,3289.21,3290.09,462.2631,5770,214.3232
2025-06-29 12:00:00+00:00,3290.09,3290.22,3265.62,3277.01,1249.9651,11081,529.6636
2025-06-30 00:00:00+00:00,3277,3307.77,3273.34,3286.93,2698.6166,22175,1219.821
2025-06-30 12:00:00+00:00,3286.93,3321.77,3286.93,3319.99,1862.6317,15294,950.5702
2025-07-01 00:00:00+00:00,3319.99,3360,3319,3355.59,2616.2088,20076,1507.6251
2025-07-01 12:00:00+00:00,3355.59,3363,3340,3346.83,1982.7931,15919,839.2099
2025-07-02 00:00:00+00:00,3346.83,3352.04,3335,3348.39,1277.582,10671,557.7968
2025-07-02 12:00:00+00:00,3348.4,3364.5,3340,3351.67,2488.2151,15860,1105.4725
2025-07-03 00:00:00+00:00,3351.66,3362.6,3345,3349.32,1150.1143,9799,598.7813
2025-07-03 12:00:00+00:00,3349,3353.59,3320,3335.52,1837.9599,11277,776.9301
2025-07-04 00:00:00+00:00,3335.51,3347.53,3330.84,3340.1,797.7048,7449,349.559
2025-07-04 12:00:00+00:00,3340.09,3346.15,3335.96,3342.65,910.0015,7102,403.7291
2025-07-05 00:00:00+00:00,3342.65,3344.8,3341.27,3343.22,479.4209,3743,229.4543
2025-07-05 12:00:00+00:00,3343.22,3350,3342.26,3343.44,588.9015,5695,291.6919
2025-07-06 00:00:00+00:00,3343.46,3348.65,3340,3346.6,242.0306,3488,104.4237
2025-07-06 12:00:00+00:00,3346.59,3348.39,3318.31,3334.76,961.851,11670,400.0758
2025-07-07 00:00:00+00:00,3334.77,3335,3306.2,3311.81,1830.7883,13714,747.6398
2025-07-07 12:00:00+00:00,3311.81,3347.37,3311.4,3335.91,1471.3507,12730,763.1407
2025-07-08 00:00:00+00:00,3335.9,3343.77,3326.21,3328.88,853.7144,8514,458.9985
2025-07-08 12:00:00+00:00,3328.96,3333.56,3297.8,3309.2,2222.4856,13766,1150.9355
2025-07-09 00:00:00+00:00,3309.74,3314.64,3292.58,3294.35,1292.3007,9579,419.6774
2025-07-09 12:00:00+00:00,3294.36,3323.84,3294.36,3318.48,2562.8926,14678,1144.3489
2025-07-10 00:00:00+00:00,3318.48,3329.6,3316.93,3322.02,1088.6927,9949,593.0744
2025-07-10 12:00:00+00:00,3322.03,3329.81,3312.21,3322.24,2523.5534,17391,1349.2214
2025-07-11 00:00:00+00:00,3322.25,3345.96,3320.11,3343.8,2857.9785,21321,1342.9491
2025-07-11 12:00:00+00:00,3343.81,3362.3,3341.29,3348.49,2146.415,17448,1071.554
2025-07-12 00:00:00+00:00,3348.49,3352.6,3341,3348.99,630.0382,8198,258.277
2025-07-12 12:00:00+00:00,3348.93,3351.97,3340.93,3351.45,777.4569,9371,344.4912
2025-07-13 00:00:00+00:00,3351.51,3353.65,3343.74,3349.56,649.7837,7699,320.0619
2025-07-13 12:00:00+00:00,3349.57,3360.13,3343.37,3354.18,1378.5012,14186,677.434
2025-07-14 00:00:00+00:00,3354.17,3370.4,3343.37,3360.37,2221.6121,18743,970.1218
2025-07-14 12:00:00+00:00,3360.36,3370.75,3345.29,3349.21,7293.0223,37470,2721.275
2025-07-15 00:00:00+00:00,3349.22,3369,3349.21,3358.24,1998.2379,14624,932.6206
2025-07-15 12:00:00+00:00,3358.24,3363.2,3329.9,3338.51,3973.1174,21648,1830.0715
2025-07-16 00:00:00+00:00,3338.52,3350,3333.41,3346.81,1422.1615,9451,724.4663
2025-07-16 12:00:00+00:00,3346.81,3375,3328,3351.41,3034.2671,24013,1373.8571
2025-07-17 00:00:00+00:00,3351.6,3352.34,3332.52,3334.16,1746.3043,11283,669.9877
2025-07-17 12:00:00+00:00,3334.16,3348.07,3321.41,3340.67,2979.4841,17273,1177.1003
2025-07-18 00:00:00+00:00,3340.68,3359.23,3332.47,3356.6,2594.4391,18487,1155.2899
2025-07-18 12:00:00+00:00,3356.6,3366.8,3347.35,3347.84,1660.0652,11597,705.0049
2025-07-19 00:00:00+00:00,3347.84,3360.9,3345.63,3360,746.2278,5003,268.0468
2025-07-19 12:00:00+00:00,3360,3361.5,3355.17,3357.3,618.9831,4748,228.4818
2025-07-20 00:00:00+00:00,3357.31,3361,3351.72,3354.68,829.061,5397,385.5902
2025-07-20 12:00:00+00:00,3354.68,3358.38,3351.15,3351.63,684.6539,7611,321.9563
2025-07-21 00:00:00+00:00,3351.63,3377.01,3351.62,3375.5,1889.7166,14860,1105.5326
2025-07-21 12:00:00+00:00,3375.5,3400.86,3374.85,3395.4,2755.9381,19515,1578.3074
2025-07-22 00:00:00+00:00,3395.4,3396.2,3385.2,3391.33,1454.5399,9225,689.1363
2025-07-22 12:00:00+00:00,3391.34,3430.56,3391.34,3424.79,1911.5113,12541,1096.0566
2025-07-23 00:00:00+00:00,3424.79,3434.52,3416.3,3428.98,1282.7845,10122,665.0168
2025-07-23 12:00:00+00:00,3428.98,3429.85,3386.11,3393.79,2064.5229,15902,696.8646
2025-07-24 00:00:00+00:00,3393.79,3396.34,3367.35,3367.79,1565.8779,12227,568.4207
2025-07-24 12:00:00+00:00,3367.79,3379.86,3359.33,3375.74,1429.4525,8500,696.2672
2025-07-25 00:00:00+00:00,3375.62,3378.93,3351.15,3351.26,1736.5435,12353,747.266
2025-07-25 12:00:00+00:00,3351.25,3358.44,3336.03,3348.69,1814.4062,11600,775.2246
2025-07-26 00:00:00+00:00,3348.69,3357.96,3346.35,3355.62,803.65,5390,509.4815
2025-07-26 12:00:00+00:00,3355.63,3358,3349.67,3354.45,423.9598,4628,191.14
2025-07-27 00:00:00+00:00,3354.45,3359.25,3350.41,3359.25,516.276,4680,227.4514
2025-07-27 12:00:00+00:00,3359.24,3359.45,3340,3345.45,1291.1366,11277,463.2449
2025-07-28 00:00:00+00:00,3345.46,3351.53,3334.76,3339.14,3736.2068,26677,1116.5565
2025-07-28 12:00:00+00:00,3339.31,3340.6,3312,3320.59,2048.4386,16107,742.1139
2025-07-29 00:00:00+00:00,3320.34,3335,3318.39,3323.6,1029.161,7874,456.653
2025-07-29 12:00:00+00:00,3323.6,3338.23,3320.53,3335.13,843.7786,7271,387.4462
2025-07-30 00:00:00+00:00,3335.29,3340.28,3330.22,3336.83,1058.4588,7312,533.9599
2025-07-30 12:00:00+00:00,3336.83,3337.75,3283,3299.01,3043.8918,21341,1296.3177
2025-07-31 00:00:00+00:00,3299.01,3321.34,3298.8,3314.74,1687.3502,10883,914.2582
2025-07-31 12:00:00+00:00,3314.6,3317.8,3294.11,3294.12,2057.5998,13602,872.5685
2025-08-01 00:00:00+00:00,3294.12,3307.58,3289.05,3304.87,1545.4643,12688,792.959
2025-08-01 12:00:00+00:00,3304.87,3365.97,3303.01,3364.79,4755.1036,27955,2675.3318
2025-08-02 00:00:00+00:00,3364.8,3369.98,3355.58,3364.94,992.7912,7795,498.3605
2025-08-02 12:00:00+00:00,3364.95,3367.26,3358.34,3362.05,899.9759,8056,448.2577
2025-08-03 00:00:00+00:00,3362.05,3364.95,3356.14,3360.93,729.8542,6243,295.9799
2025-08-03 12:00:00+00:00,3360.93,3371,3343,3365.68,1054.0385,8261,455.8255
2025-08-04 00:00:00+00:00,3365.69,3372,3348.8,3371.2,1091.2938,10003,480.7167
2025-08-04 12:00:00+00:00,3371.2,3384.39,3366,3377.6,1818.9292,10311,952.3675
2025-08-05 00:00:00+00:00,3377.6,3389.58,3353.8,3355.26,1160.7054,7569,536.554
2025-08-05 12:00:00+00:00,3354.92,3393.62,3354.05,3384.32,1292.8795,10029,735.2592
2025-08-06 00:00:00+00:00,3384.32,3384.8,3362.51,3369.39,857.7932,7493,312.4205
2025-08-06 12:00:00+00:00,3369.39,3381.27,3364.7,3370.99,1108.9136,9149,441.9035
2025-08-07 00:00:00+00:00,3371.15,3394.98,3368.8,3377.61,1175.8436,9901,593.0259
2025-08-07 12:00:00+00:00,3377.71,3397.81,3376.1,3393.46,1711.5056,11802,952.8812
2025-08-08 00:00:00+00:00,3393.46,3394.99,3377.77,3380.07,2135.281,11957,1131.1739
2025-08-08 12:00:00+00:00,3380,3392.46,3375.19,3385.75,2065.3436,13982,736.6867
2025-08-09 00:00:00+00:00,3385.76,3393.8,3375,3387.45,1991.2714,8425,1238.9453
2025-08-09 12:00:00+00:00,3387.45,3392.12,3382.07,3383.62,871.8741,6491,337.3384
2025-08-10 00:00:00+00:00,3383.62,3388.11,3382,3387.98,502.005,5680,220.0544
2025-08-10 12:00:00+00:00,3387.98,3391.7,3382.52,3382.52,852.8259,7539,323.4783
2025-08-11 00:00:00+00:00,3382.53,3385.04,3343.24,3349.62,2533.6638,16830,1060.3104
2025-08-11 12:00:00+00:00,3349.62,3373.85,3338.72,3345.71,2950.2805,19019,1252.5529
2025-08-12 00:00:00+00:00,3345.71,3357.52,3338.51,3344.9,2111.3073,19862,900.4185
2025-08-12 12:00:00+00:00,3344.9,3357.21,3332,3340.96,2575.067,22315,1013.9476
2025-08-13 00:00:00+00:00,3340.96,3355,3335.55,3351.38,2158.6606,17511,805.6851
2025-08-13 12:00:00+00:00,3351.39,3358.6,3344.27,3353.91,1697.8182,14163,762.5915
2025-08-14 00:00:00+00:00,3353.91,3361,3338.18,3345.32,1514.4339,11270,559.4504
2025-08-14 12:00:00+00:00,3345.32,3347.49,3324.39,3329.67,1702.2628,14032,721.1933
2025-08-15 00:00:00+00:00,3329.67,3341.09,3327.01,3338.87,778.7107,7281,413.6551
2025-08-15 12:00:00+00:00,3338.73,3339.51,3328.2,3330.31,894.1283,9648,472.3735
2025-08-16 00:00:00+00:00,3330.3,3336.01,3327.21,3329.03,358.6242,4685,152.6937
2025-08-16 12:00:00+00:00,3329.02,3331.72,3327,3329.49,415.2698,4283,220.9619
2025-08-17 00:00:00+00:00,3329.57,3334.05,3327,3329.91,404.0534,7917,216.032
2025-08-17 12:00:00+00:00,3329.91,3331.62,3322,3323.69,419.1714,5127,155.8144
2025-08-18 00:00:00+00:00,3323.7,3380,3323.7,3342,2122.0488,16582,1352.3039
2025-08-18 12:00:00+00:00,3342,3343.21,3326.63,3330.97,776.255,7771,288.9762
2025-08-19 00:00:00+00:00,3330.96,3339.95,3326.51,3334.81,678.8578,7843,265.3206
2025-08-19 12:00:00+00:00,3334.71,3342.06,3307.58,3312.7,1092.7413,9401,480.137
2025-08-20 00:00:00+00:00,3312.71,3324.23,3301.77,3324.18,1895.1981,17065,805.7803
2025-08-20 12:00:00+00:00,3324.18,3342.56,3324.02,3339.92,1097.334,7320,570.9099
2025-08-21 00:00:00+00:00,3339.92,3339.93,3318.25,3327.65,737.7543,6018,253.9933
2025-08-21 12:00:00+00:00,3327.66,3338.38,3327.65,3331.5,394.2474,5272,215.9404
2025-08-22 00:00:00+00:00,3331.5,3333.16,3323.06,3324.32,656.51,5541,318.4393
2025-08-22 12:00:00+00:00,3324.32,3365.5,3318.28,3364.74,1776.0174,17606,840.1443
2025-08-23 00:00:00+00:00,3364.74,3366.18,3345.51,3360.67,543.5376,5858,184.1629
2025-08-23 12:00:00+00:00,3360.68,3361.47,3353.56,3360.64,501.7158,4717,187.529
2025-08-24 00:00:00+00:00,3360.65,3361.64,3357.36,3361.17,381.5417,4379,166.0397
2025-08-24 12:00:00+00:00,3361.17,3364.62,3354.12,3360.81,694.5796,7270,326.3808
2025-08-25 00:00:00+00:00,3360.81,3361.5,3351.99,3361.24,556.4668,7061,282.7366
2025-08-25 12:00:00+00:00,3361.24,3363.3,3336,3343.11,1724.8888,16975,799.5918
2025-08-26 00:00:00+00:00,3343.04,3370.66,3339.64,3364.6,1148.7545,11536,659.4931
2025-08-26 12:00:00+00:00,3364.5,3382.93,3358.17,3378,1083.6055,11523,614.8857
2025-08-27 00:00:00+00:00,3378,3382.75,3365,3369.79,1175.0918,9091,599.9483
2025-08-27 12:00:00+00:00,3369.79,3390.77,3366.67,3387.82,925.2602,9386,504.4393
2025-08-28 00:00:00+00:00,3387.82,3399.76,3378,3397.87,2091.3325,13203,1399.6433
2025-08-28 12:00:00+00:00,3397.88,3423.25,3392.2,3415.8,2010.3504,13832,995.1095
2025-08-29 00:00:00+00:00,3415.81,3426.91,3407.8,3413.4,1476.5639,11319,800.6526
2025-08-29 12:00:00+00:00,3412.99,3464.7,3410.56,3461.84,3998.1449,22400,1940.1456
2025-08-30 00:00:00+00:00,3461.83,3466.73,3452.66,3457.16,1179.2261,10713,660.6592
2025-08-30 12:00:00+00:00,3457.16,3465.03,3456.3,3462.72,833.1945,7512,448.6844
2025-08-31 00:00:00+00:00,3462.72,3465.81,3456,3460.86,879.8167,7714,347.0505
2025-08-31 12:00:00+00:00,3460.86,3471.76,3456.3,3460.4,1506.2055,10460,814.2635
2025-09-01 00:00:00+00:00,3460.41,3502,3451.13,3482.63,5204.4112,37341,2732.1986
2025-09-01 12:00:00+00:00,3482.64,3505.03,3480,3503.19,2347.7087,15294,1376.1977
2025-09-02 00:00:00+00:00,3502.92,3540,3486.35,3504,4148.0489,32268,2061.7514
2025-09-02 12:00:00+00:00,3504,3556.69,3490.02,3548.15,3696.7322,23444,1759.1007
2025-09-03 00:00:00+00:00,3548.15,3564.9,3542.4,3564.9,2462.1718,18318,1037.8458
2025-09-03 12:00:00+00:00,3564.22,3587.5,3558.49,3574.99,2255.3123,18552,1075.4551
2025-09-04 00:00:00+00:00,3574.99,3577.09,3527.55,3552.51,4651.7649,39714,2193.6946
2025-09-04 12:00:00+00:00,3552.52,3565.66,3544.8,3559.09,1867.2753,18178,925.8675
2025-09-05 00:00:00+00:00,3559.1,3566.78,3550,3558.1,1608.9546,16428,744.012
2025-09-05 12:00:00+00:00,3558.09,3599.1,3555.5,3593.64,2666.9067,27181,1379.66
2025-09-06 00:00:00+00:00,3593.65,3611.68,3590.51,3607.55,1314.8146,13810,629.24962
2025-09-06 12:00:00+00:00,3607.55,3630.11,3603.19,3626,1810.0369,16491,903.7577
2025-09-07 00:00:00+00:00,3626,3627.24,3613.43,3620.76,1420.8403,12847,684.8384
2025-09-07 12:00:00+00:00,3620.76,3623.06,3598.06,3602.37,2476.1176,23231,980.2965
2025-09-08 00:00:00+00:00,3602.37,3628.11,3588.12,3627.17,3393.2006,31576,1277.9276
2025-09-08 12:00:00+00:00,3627.25,3649.32,3622.17,3640.8,3043.915,29272,1444.0014
2025-09-09 00:00:00+00:00,3640.8,3670,3640.06,3656.92,3710.7298,33488,1600.7357
2025-09-09 12:00:00+00:00,3657.1,3681.7,3632.55,3643.12,3852.8588,33073,1764.5604
2025-09-10 00:00:00+00:00,3643.12,3660.9,3630,3652.55,2550.6297,25927,1125.1281
2025-09-10 12:00:00+00:00,3652.5,3664,3636.67,3642.26,3196.9363,30970,1287.0864
2025-09-11 00:00:00+00:00,3642.26,3644.72,3614.09,3615.73,2969.61,27423,1156.6985
2025-09-11 12:00:00+00:00,3615.73,3645.81,3615.73,3632.1,2576.9839,22126,1379.2382
2025-09-12 00:00:00+00:00,3632.1,3655.89,3630.53,3647.76,2067.9205,17132,951.4646
2025-09-12 12:00:00+00:00,3647.76,3652.14,3633.4,3641.99,1824.4524,19083,849.955
2025-09-13 00:00:00+00:00,3641.99,3642.18,3625.47,3631.95,1460.8308,12432,670.2717
2025-09-13 12:00:00+00:00,3631.95,3645.43,3630.23,3638.72,1123.7101,9967,624.7704
2025-09-14 00:00:00+00:00,3638.68,3655.68,3637.44,3646.78,872.3211,8139,523.0433
2025-09-14 12:00:00+00:00,3646.79,3683.35,3642.31,3644.54,1489.6402,15691,726.964
2025-09-15 00:00:00+00:00,3644.54,3654.18,3635.07,3651.81,2486.4948,22642,1203.3791
2025-09-15 12:00:00+00:00,3651.82,3692.79,3643.3,3683.89,3066.0975,26483,1543.3399
2025-09-16 00:00:00+00:00,3683.88,3710.53,3683.88,3708.85,3179.8314,24667,1537.9358
2025-09-16 12:00:00+00:00,3708.85,3712.69,3688.62,3705.04,3050.7796,23204,1440.9343
2025-09-17 00:00:00+00:00,3705.05,3705.31,3671.58,3678.14,2924.5035,18664,1346.2349
2025-09-17 12:00:00+00:00,3678.14,3708.49,3657.59,3671.86,3644.0113,28912,1475.916
2025-09-18 00:00:00+00:00,3671.86,3671.87,3639.5,3668.9,3689.9996,21461,1740.4268
2025-09-18 12:00:00+00:00,3668.91,3674.14,3638.08,3645.24,1811.4342,15605,731.868
2025-09-19 00:00:00+00:00,3645.24,3689.99,3641.01,3655.05,2213.6422,15414,1455.2637
2025-09-19 12:00:00+00:00,3655.05,3692.88,3652.75,3690.16,2281.9126,17044,1282.5003
2025-09-20 00:00:00+00:00,3690.16,3693.04,3683.34,3688.72,791.5688,5937,348.2029
2025-09-20 12:00:00+00:00,3688.71,3692.15,3684.96,3686.05,669.385,5959,271.6492
2025-09-21 00:00:00+00:00,3686.05,3690.66,3681,3684.8,609.4387,5465,289.7301
2025-09-21 12:00:00+00:00,3684.8,3695.34,3684.32,3691.63,625.8962,5916,365.2599
2025-09-22 00:00:00+00:00,3691.59,3742.62,3690,3733.88,3941.6375,34043,2262.8835
2025-09-22 12:00:00+00:00,3733.88,3766.4,3722.34,3757.71,5198.9552,40138,2737.86
2025-09-23 00:00:00+00:00,3757.74,3800,3748.89,3792.28,4541.0467,36097,2232.5061
2025-09-23 12:00:00+00:00,3791.66,3795.27,3763.57,3774.33,3872.905,30311,1748.0673
2025-09-24 00:00:00+00:00,3774.34,3788.79,3759,3776.1,3308.0417,20741,1539.7512
2025-09-24 12:00:00+00:00,3776.1,3780,3720.78,3754.88,4150.2202,25230,1502.2067
2025-09-25 00:00:00+00:00,3754.88,3773.55,3735,3761.44,3479.786,32360,1881.1973
2025-09-25 12:00:00+00:00,3761.52,3765.07,3730,3753.29,3193.7917,33301,1419.8195
2025-09-26 00:00:00+00:00,3753.29,3761.98,3742.04,3757.71,1886.2655,21286,777.211
2025-09-26 12:00:00+00:00,3757.71,3799,3753.76,3772.99,3091.4728,26653,1498.9678
2025-09-27 00:00:00+00:00,3773,3780.24,3768.56,3775.97,674.0997,8481,341.8227
2025-09-27 12:00:00+00:00,3775.96,3784.69,3772.46,3774.88,824,12688,389.1688
2025-09-28 00:00:00+00:00,3774.88,3780.51,3774.21,3776.02,744.6263,9121,409.8775
2025-09-28 12:00:00+00:00,3776.03,3780.5,3766.16,3775.98,1071.3753,12591,471.1215
2025-09-29 00:00:00+00:00,3775.99,3844.34,3773.21,3841.66,4743.8607,42523,2001.1223
2025-09-29 12:00:00+00:00,3841.66,3859.48,3819.48,3847.63,3069.1606,25562,1507.475
2025-09-30 00:00:00+00:00,3847.63,3880.69,3806.92,3827.95,6665.8566,66381,3181.3795
2025-09-30 12:00:00+00:00,3827.95,3875.76,3820.97,3875.76,2616.4847,29820,1321.7699
2025-10-01 00:00:00+00:00,3875.75,3904.58,3863.63,3893.85,4222.0908,35374,1869.4221
2025-10-01 12:00:00+00:00,3894.3,3899.52,3865,3870.01,3050.0367,29120,1245.0097
2025-10-02 00:00:00+00:00,3870.49,3892.01,3856.01,3889.98,3601.7282,30905,1354.5192
2025-10-02 12:00:00+00:00,3889.98,3899,3823.79,3865.37,3463.3415,38249,1644.5659
2025-10-03 00:00:00+00:00,3865.38,3873.09,3843.79,3867.07,1857.6814,20224,972.8399
2025-10-03 12:00:00+00:00,3867.08,3889.99,3842.52,3883.56,2881.9243,28196,1174.6438
2025-10-04 00:00:00+00:00,3883.57,3899,3883.21,3890.18,1318.8873,12455,786.1699
2025-10-04 12:00:00+00:00,3890.18,3909.2,3888.83,3900.87,3301.9641,20134,1452.0252
2025-10-05 00:00:00+00:00,3900.88,3902.62,3886.84,3894.5,2337.2818,14656,1175.1963
2025-10-05 12:00:00+00:00,3894.5,3922.65,3890.44,3914.2,1627.0115,18287,897.5768
2025-10-06 00:00:00+00:00,3914.21,3956.36,3906.36,3947.9,2762.5247,32929,1608.4591
2025-10-06 12:00:00+00:00,3947.89,3989.89,3936.75,3983.21,3581.0686,34524,1825.4609
2025-10-07 00:00:00+00:00,3983.22,3990,3953.39,3977.04,3235.495,33117,1257.7985
2025-10-07 12:00:00+00:00,3977.05,4004.84,3976.92,4000.88,6502.3477,47279,2518.539
2025-10-08 00:00:00+00:00,4000.87,4059.99,3996.75,4051.69,10851.996,94413,4380.9727
2025-10-08 12:00:00+00:00,4051.67,4079.48,4021,4032.21,7559.75,74438,3388.5945
2025-10-09 00:00:00+00:00,4032.22,4062.41,4026.79,4058.99,4578.2911,80628,2261.2844
2025-10-09 12:00:00+00:00,4058.98,4072,3961.94,4000.27,7833.6412,88293,3531.9251
2025-10-10 00:00:00+00:00,4000.28,4014.25,3957.29,3994.26,3670.2617,52953,1840.3151
2025-10-10 12:00:00+00:00,3994.27,4033,3600,3983.01,15287.73,236558,7037.4339
2025-10-11 00:00:00+00:00,3983,4000.88,3950,3997.66,9818.2939,96675,3950.6359
2025-10-11 12:00:00+00:00,3997.43,4002.45,3973.18,3992.15,3950.331,46287,1971.4289
2025-10-12 00:00:00+00:00,3992.14,4016.64,3992.14,4011.96,3121.2045,40243,1441.2309
2025-10-12 12:00:00+00:00,4011.96,4058.65,3980,4036.56,7100.6935,44233,3539.9022
2025-10-13 00:00:00+00:00,4036.57,4095.65,4026.55,4082.64,5604.1992,54887,3396.1675
2025-10-13 12:00:00+00:00,4082.64,4142.3,4078,4141.69,7200.5215,63767,3145.9863
2025-10-14 00:00:00+00:00,4141.69,4200,4103.38,4139.6,11815.608,111771,5706.9068
2025-10-14 12:00:00+00:00,4139.59,4184.13,4112,4176.71,7224.5234,69053,3418.2018
2025-10-15 00:00:00+00:00,4176.7,4240.29,4170.81,4223,9278.2611,78910,3933.5294
2025-10-15 12:00:00+00:00,4223,4247.41,4200.76,4238.42,8682.477,73063,3521.6692
2025-10-16 00:00:00+00:00,4238.42,4274,4225.28,4258.48,9186.8076,59607,4197.5683
2025-10-16 12:00:00+00:00,4258.47,4790,4246.18,4436.75,22927.549,202751,11096.068
2025-10-17 00:00:00+00:00,4436.74,4499,4256,4307.81,31548.775,329076,13985.739
2025-10-17 12:00:00+00:00,4307.8,4347.67,4188,4238.93,18341.225,185602,9187.0682
2025-10-18 00:00:00+00:00,4238.93,4259.28,4226,4238.43,3451.291,29774,1706.3927
2025-10-18 12:00:00+00:00,4238.43,4266.66,4233.46,4242.81,2377.6654,17870,1114.4309
2025-10-19 00:00:00+00:00,4242.81,4257.96,4235.34,4242,2844.2906,27535,947.2872
2025-10-19 12:00:00+00:00,4242.01,4265,4228,4242.46,5878.2757,62589,2566.8876
2025-10-20 00:00:00+00:00,4242.34,4272.5,4214.16,4269.17,8453.9656,83083,3185.6709
2025-10-20 12:00:00+00:00,4269.18,4401.66,4265.84,4364.09,9710.2166,81002,4908.1635
2025-10-21 00:00:00+00:00,4363.81,4375.49,4250.37,4257.24,7672.0487,85349,3558.0629
2025-10-21 12:00:00+00:00,4257.8,4261.99,4094.72,4098.31,16920.24,158699,8144.6275
2025-10-22 00:00:00+00:00,4098.82,4167.79,4020,4041.49,16050.83,188047,7485.2111
2025-10-22 12:00:00+00:00,4041.5,4114.14,4025.7,4091.78,8421.4584,109932,3705.6509
2025-10-23 00:00:00+00:00,4092.05,4134.91,4057.14,4115.49,10096.678,95310,4155.6361
2025-10-23 12:00:00+00:00,4115.18,4157.46,4102,4117.46,5385.0209,55996,2698.1805
2025-10-24 00:00:00+00:00,4117.92,4139.52,4045.25,4061.53,7022.6285,63579,3121.9661
2025-10-24 12:00:00+00:00,4061.53,4139.62,4059.58,4110.53,5571.9649,52773,2747.5985
2025-10-25 00:00:00+00:00,4110.54,4127.13,4099.93,4109.41,2658.4156,18584,1506.5358
2025-10-25 12:00:00+00:00,4109.41,4111.65,4105.6,4110.33,738.6567,11331,301.7204
2025-10-26 00:00:00+00:00,4110.32,4114.5,4097.98,4101.71,2897.3448,18559,1502.7943
2025-10-26 12:00:00+00:00,4101.71,4107.14,4056.26,4059.96,4811.4186,44797,2217.2011
2025-10-27 00:00:00+00:00,4059.95,4094.71,4015.88,4023.84,8273.141,104156,3718.241
2025-10-27 12:00:00+00:00,4023.84,4048.48,3951,3992.2,9142.7851,81893,3622.5938
2025-10-28 00:00:00+00:00,3992.19,4013.17,3900,3931.36,11683.215,86538,5072.7142
2025-10-28 12:00:00+00:00,3931.37,4000,3913.63,3968.36,9671.3073,72161,4965.2277
2025-10-29 00:00:00+00:00,3968.42,4031.43,3950.01,4018.16,6638.5785,58636,3050.4513
2025-10-29 12:00:00+00:00,4018.17,4030.63,3921.71,3956.23,7976.1726,79560,3769.2618
2025-10-30 00:00:00+00:00,3955.76,4008.04,3923.15,3976.02,8763.3792,82953,3633.8331
2025-10-30 12:00:00+00:00,3976.01,4040,3960.79,4034.25,7581.2471,82276,3468.813
2025-10-31 00:00:00+00:00,4034.26,4035,3988.57,4007.61,5026.5822,59320,2392.5528
2025-10-31 12:00:00+00:00,4007.61,4032.56,3971.81,4000.16,5077.1304,57321,2540.5998
2025-11-01 00:00:00+00:00,4000.16,4009.88,3995.51,4008.72,1181.4648,11952,557.7478
2025-11-01 12:00:00+00:00,4008.71,4016.63,4001.18,4008.41,1896.1963,14149,866.2366
2025-11-02 00:00:00+00:00,4008.42,4012.69,3990,3998.39,1802.5857,15157,648.378
2025-11-02 12:00:00+00:00,3998.39,4006.16,3976.88,3979.05,1312.1628,16392,525.3397
2025-11-03 00:00:00+00:00,3979.05,4023.18,3962.2,4003.3,4430.4061,54029,2055.5295
2025-11-03 12:00:00+00:00,4003.3,4024.93,3980.07,3992.01,3712.0141,43320,1749.5622
2025-11-04 00:00:00+00:00,3992.02,4009,3960.38,3991.52,3934.3877,49052,1972.0811
2025-11-04 12:00:00+00:00,3991.51,3992.25,3918,3929.18,7055.9463,64347,3281.8745
2025-11-05 00:00:00+00:00,3929.45,3977.86,3920,3961.52,4884.7882,56853,2946.0836
2025-11-05 12:00:00+00:00,3961.53,3988.23,3957.36,3971.74,3449.0918,52496,1912.6867
2025-11-06 00:00:00+00:00,3971.75,4015.75,3958.68,4015.75,2940.0704,30419,1297.7092
2025-11-06 12:00:00+00:00,4015.74,4020,3962.18,3986.26,4082.2691,50092,2054.9499
2025-11-07 00:00:00+00:00,3986.26,4007.13,3980.71,3997.4,2528.9424,39758,1130.9074
2025-11-07 12:00:00+00:00,3997.62,4014.99,3977.01,3992.01,6451.444,65501,4279.958
2025-11-08 00:00:00+00:00,3992.02,4000,3986.75,3990.91,921.0454,10471,440.1369
2025-11-08 12:00:00+00:00,3990.91,3993.12,3983.66,3989.36,797.2574,9210,396.4446
2025-11-09 00:00:00+00:00,3989.36,3997.65,3986.47,3992.24,1040.3275,9181,503.9829
2025-11-09 12:00:00+00:00,3992.24,4004.69,3992,4004.69,1760.6237,15723,740.0286
2025-11-10 00:00:00+00:00,4004.79,4082.35,4004.65,4082.35,4158.6424,28460,2051.1067
2025-11-10 12:00:00+00:00,4082.6,4117,4072.81,4114.67,4563.6724,38798,2112.1221
2025-11-11 00:00:00+00:00,4114.68,4139.34,4111.28,4134.6,4896.4059,40307,2210.7706
2025-11-11 12:00:00+00:00,4134.83,4137.3,4085.13,4127.99,3925.5398,31667,1686.7243
2025-11-12 00:00:00+00:00,4128.04,4131.45,4088.21,4115.13,2801.5664,37678,1491.6502
2025-11-12 12:00:00+00:00,4115.13,4201.78,4114.21,4178.16,6916.1426,63759,3756.7452
2025-11-13 00:00:00+00:00,4178.16,4230.66,4170.11,4221.48,5403.3979,55057,2950.148
2025-11-13 12:00:00+00:00,4221.47,4237.72,4129.78,4175.95,9090.6576,101755,4209.676
2025-11-14 00:00:00+00:00,4175.95,4202,4118,4120.5,6272.0302,62016,2920.8088
2025-11-14 12:00:00+00:00,4120.5,4126.86,4022.35,4074.73,9055.8994,90015,4265.0888
2025-11-15 00:00:00+00:00,4074.72,4084.2,4069.41,4074.28,2184.4093,17089,1071.3909
2025-11-15 12:00:00+00:00,4074.45,4102.02,4073.65,4093.95,2525.166,26423,1291.4085
2025-11-16 00:00:00+00:00,4093.96,4112.35,4093.14,4101.15,1766.7137,16495,893.3572
2025-11-16 12:00:00+00:00,4101.16,4116.75,4075,4090.82,4376.2673,37173,2068.608
2025-11-17 00:00:00+00:00,4091.3,4094.96,4041.17,4064.96,5144.6919,57693,2695.0143
2025-11-17 12:00:00+00:00,4064.96,4076.97,4000,4028.61,7171.5,67720,3274.7271
2025-11-18 00:00:00+00:00,4028.61,4041.65,3996.15,4030.38,5960.6138,39600,2805.26
2025-11-18 12:00:00+00:00,4030.39,4074.72,4021.58,4069,4339.1699,30870,1977.7001
2025-11-19 00:00:00+00:00,4069,4111.18,4050,4106.46,4794.9542,28730,2532.5272
2025-11-19 12:00:00+00:00,4106.11,4130.4,4049.14,4096.93,8769.674,43812,4305.3046
2025-11-20 00:00:00+00:00,4097.12,4105.87,4035.73,4055.96,4755.5206,34111,2228.1742
2025-11-20 12:00:00+00:00,4055.96,4097.79,4038.03,4074.87,9204.1886,50093,4404.6992
2025-11-21 00:00:00+00:00,4074.87,4087.88,4015.42,4029.71,12372.958,53693,6148.9188
2025-11-21 12:00:00+00:00,4029.71,4101.46,4028.29,4065.92,12856.501,52174,6330.2109
2025-11-22 00:00:00+00:00,4065.92,4065.92,4054.27,4059.27,2291.8686,14556,1134.4269
2025-11-22 12:00:00+00:00,4059.27,4065.9,4055.7,4058.06,1832.1603,11706,882.2505
2025-11-23 00:00:00+00:00,4058.41,4063.82,4052.21,4057.18,2375.6951,13458,1190.991
2025-11-23 12:00:00+00:00,4057.17,4067.99,4040.66,4065.69,2567.3872,14637,1292.0664
2025-11-24 00:00:00+00:00,4065.7,4072,4034.86,4067.22,4416.551,25206,2293.538
2025-11-24 12:00:00+00:00,4066.87,4143.95,4063.86,4143.6,9307.9073,36994,4563.5739
2025-11-25 00:00:00+00:00,4143.83,4155.1,4107.49,4128.85,4187.8243,24994,2083.5777
2025-11-25 12:00:00+00:00,4128.85,4156.22,4106.48,4128.55,6004.4478,34878,3149.6701
2025-11-26 00:00:00+00:00,4128.56,4172.33,4126.44,4171.63,3839.2422,21425,1955.9318
2025-11-26 12:00:00+00:00,4171.2,4171.64,4136.49,4165.21,5671.0135,25846,2828.7016
2025-11-27 00:00:00+00:00,4165.21,4166.01,4141.17,4156.86,2910.9221,17658,1415.1575
2025-11-27 12:00:00+00:00,4156.85,4161.05,4147.66,4160.64,2340.6483,11730,1172.3192
2025-11-28 00:00:00+00:00,4160.99,4193.41,4159.02,4176.19,3548.023,23858,1851.6342
2025-11-28 12:00:00+00:00,4176.18,4232.83,4173.04,4232.82,6531.383,27445,3554.6083
2025-11-29 00:00:00+00:00,4232.83,4249.89,4224.6,4249.71,2773.5682,16670,1319.4055
2025-11-29 12:00:00+00:00,4249.7,4254.98,4236.83,4248.13,2561.9696,16746,1015.5745
2025-11-30 00:00:00+00:00,4248.13,4254.98,4238.8,4244.13,1689.5742,10951,738.7053
2025-11-30 12:00:00+00:00,4244.13,4251.29,4228.88,4238.44,3242.0641,19715,1385.0461
2025-12-01 00:00:00+00:00,4238.09,4274.84,4221.5,4272.53,10538.928,45244,5047.1365
2025-12-01 12:00:00+00:00,4272.53,4283,4231.24,4243.87,11595.04,87950,5359.2311
2025-12-02 00:00:00+00:00,4243.88,4245.46,4185.65,4207.45,6469.4211,41694,2777.5378
2025-12-02 12:00:00+00:00,4207.46,4232.51,4169.29,4212.8,9116.593,42624,4574.4445
2025-12-03 00:00:00+00:00,4212.79,4232.43,4199.42,4213,3545.4622,20146,1747.7391
2025-12-03 12:00:00+00:00,4212.99,4247.83,4204.54,4214.88,4405.0989,25998,2030.5043
2025-12-04 00:00:00+00:00,4214.87,4222.42,4183,4205.88,2460.6672,15364,1160.3326
2025-12-04 12:00:00+00:00,4205.46,4222.51,4193.7,4213.55,1907.1005,15003,914.2742
2025-12-05 00:00:00+00:00,4213.81,4236.49,4201.64,4232.47,2496.7031,16146,1450.9152
2025-12-05 12:00:00+00:00,4232.46,4260.48,4202.41,4209.92,4121.0666,22700,1895.067
2025-12-06 00:00:00+00:00,4209.93,4216.24,4205.65,4213.3,1114.3599,9508,520.4793
2025-12-06 12:00:00+00:00,4213.31,4214.93,4208.95,4213.55,902.17,6614,395.1682
2025-12-07 00:00:00+00:00,4213.56,4214.86,4211.39,4213,673.2811,5312,297.6321
2025-12-07 12:00:00+00:00,4213,4213.34,4202.45,4213.34,1709.7396,9887,637.2093
2025-12-08 00:00:00+00:00,4213.34,4226.68,4209,4217.68,1801.9807,16055,836.8379
2025-12-08 12:00:00+00:00,4217.64,4223.74,4188.74,4204.1,2158.6372,16659,1027.6552
2025-12-09 00:00:00+00:00,4204.09,4218.26,4182.52,4208.36,1247.8249,11509,449.7743
2025-12-09 12:00:00+00:00,4208.37,4227.77,4197.33,4215.63,2198.1142,19111,1093.4512
2025-12-10 00:00:00+00:00,4215.63,4223.22,4196.64,4204.1,1527.9726,11303,561.9379
2025-12-10 12:00:00+00:00,4204.1,4239.65,4191,4239.31,3621.9366,24246,1927.8684
2025-12-11 00:00:00+00:00,4239.3,4247.74,4213.02,4218.21,1620.7208,14026,698.2884
2025-12-11 12:00:00+00:00,4218.23,4293,4213.55,4285.37,5009.6966,25686,2649.9918
2025-12-12 00:00:00+00:00,4285.38,4348.85,4278.35,4347.63,4282.3122,22169,1943.5365
2025-12-12 12:00:00+00:00,4347.6,4363.55,4274.63,4308.81,6774.2796,36964,2855.3098
2025-12-13 00:00:00+00:00,4308.8,4318.41,4307.55,4314.41,954.2349,7836,556.9884
2025-12-13 12:00:00+00:00,4314.35,4324.75,4312.43,4316.79,875.5859,7224,410.5074
2025-12-14 00:00:00+00:00,4316.8,4322.4,4315.7,4319.51,633.8404,5369,308.6006
2025-12-14 12:00:00+00:00,4319.5,4325.8,4311.03,4316.55,1774.5929,13128,867.3748
2025-12-15 00:00:00+00:00,4316.32,4362.25,4315.66,4355.55,4054.5127,22596,1697.118
2025-12-15 12:00:00+00:00,4355.55,4363.5,4300,4315.5,6351.4546,34968,2399.5951
2025-12-16 00:00:00+00:00,4315.54,4327.36,4287.05,4291.18,2962.9767,19077,1388.6718
2025-12-16 12:00:00+00:00,4291.18,4348.05,4290.04,4322.11,4009.2244,23859,1787.2264
2025-12-17 00:00:00+00:00,4322.11,4353.25,4321.4,4328.85,3279.4004,20016,1477.9001
2025-12-17 12:00:00+00:00,4328.85,4362.55,4328.85,4358.26,4943.7985,25865,2500.1362
2025-12-18 00:00:00+00:00,4358.26,4362.13,4333.45,4339.18,3296.4459,17808,1430.2229
2025-12-18 12:00:00+00:00,4339.17,4384.99,4322.45,4348.19,4431.6292,29623,2385.337
2025-12-19 00:00:00+00:00,4348.25,4348.25,4325.56,4337.66,2389.3215,16341,1106.923
2025-12-19 12:00:00+00:00,4337.66,4367.99,4332.9,4351.32,1424.7772,12547,737.2047
2025-12-20 00:00:00+00:00,4351.32,4359.06,4350.65,4354.15,513.6204,4489,307.0759
2025-12-20 12:00:00+00:00,4354.14,4354.95,4351.3,4352.06,335.3508,4956,146.6313
2025-12-21 00:00:00+00:00,4352.07,4359.48,4350.72,4358.06,670.3657,7516,433.6245
2025-12-21 12:00:00+00:00,4358.06,4368.59,4355.99,4367.25,1012.2179,8426,538.6355
2025-12-22 00:00:00+00:00,4367.35,4436.06,4367.35,4426.1,6493.2771,27892,2399.6133
2025-12-22 12:00:00+00:00,4426.1,4484.99,4425.15,4484.98,7878.6953,33114,4882.7791
2025-12-23 00:00:00+00:00,4484.98,4522.66,4483.45,4512.17,6717.6471,32156,3369.1809
2025-12-23 12:00:00+00:00,4512.17,4539.06,4451.01,4531.01,6508.1139,33297,3332.288
2025-12-24 00:00:00+00:00,4531.01,4544.86,4494.45,4509.51,6412.3586,29836,2448.4517
2025-12-24 12:00:00+00:00,4509.51,4513.19,4466,4496.84,3148.5896,18144,1466.8916
2025-12-25 00:00:00+00:00,4496.84,4501.9,4490.49,4498.65,1070.97,7152,639.0716
2025-12-25 12:00:00+00:00,4498.65,4520.19,4495.24,4516.05,1987.1931,11600,1060.7581
2025-12-26 00:00:00+00:00,4516.09,4547.65,4508.66,4529.7,5469.4678,24792,2444.0843
2025-12-26 12:00:00+00:00,4529.69,4572.4,4526.4,4557.34,6807.0192,31732,2745.0998
2025-12-27 00:00:00+00:00,4557.33,4569.81,4540.78,4563.34,2190.3701,14542,1084.6931
2025-12-27 12:00:00+00:00,4563.34,4575.66,4560.53,4571.49,2014.7167,12533,987.8022
2025-12-28 00:00:00+00:00,4571.74,4573.85,4561.25,4573.84,1126.2558,9720,601.96
2025-12-28 12:00:00+00:00,4573.84,4577.99,4548.25,4549.54,4091.6684,19390,1749.0988
2025-12-29 00:00:00+00:00,4549.75,4549.99,4452,4460.9,8203.5618,41124,3681.0407
2025-12-29 12:00:00+00:00,4460.9,4486.07,4330,4364.34,11595.28,63663,5023.7
2025-12-30 00:00:00+00:00,4364.34,4409.01,4346.82,4400.81,7252.1737,31622,2410.5338
2025-12-30 12:00:00+00:00,4400.81,4422.79,4353.17,4360.54,5731.4609,28990,2402.0852
2025-12-31 00:00:00+00:00,4360.55,4386.25,4295.94,4327.94,7846.8767,35953,3213.2435
2025-12-31 12:00:00+00:00,4327.66,4366.86,4321.6,4336.99,4791.5843,25221,2135.0528
2026-01-01 00:00:00+00:00,4337,4351.91,4335.13,4344.7,921.0381,6227,454.1329
2026-01-01 12:00:00+00:00,4344.7,4364,4336,4362.83,1736.21,11208,867.7257
2026-01-02 00:00:00+00:00,4362.84,4414.83,4352.79,4407.01,5916.65,29137,2811.2265
2026-01-02 12:00:00+00:00,4407,4413.77,4326.34,4340.85,5736.672,36621,2252.0215
2026-01-03 00:00:00+00:00,4340.85,4374.96,4338,4369.25,3470.2847,21362,1889.1535
2026-01-03 12:00:00+00:00,4369.25,4373,4353.5,4355.79,1770.2855,13090,712.1314
2026-01-04 00:00:00+00:00,4355.8,4362.09,4346.89,4347.65,2142.4671,13096,907.2324
2026-01-04 12:00:00+00:00,4347.7,4387.08,4347.7,4384.45,3474.6447,21086,1895.2635
2026-01-05 00:00:00+00:00,4384.25,4450,4382.6,4431.09,8106.2096,41394,3306.0244
2026-01-05 12:00:00+00:00,4431.1,4467.16,4408.5,4445.45,4926.2327,32613,2633.1935
2026-01-06 00:00:00+00:00,4445.45,4481.1,4431.4,4471.55,4800.1973,26889,2535.5392
2026-01-06 12:00:00+00:00,4471.57,4517,4462.51,4509.8,7804.6272,38246,4495.817
2026-01-07 00:00:00+00:00,4509.79,4510.2,4455.85,4459.99,6370.1669,32239,1944.4922
2026-01-07 12:00:00+00:00,4460.02,4478.78,4439.15,4477.97,4154.7426,23556,2344.6904
2026-01-08 00:00:00+00:00,4477.97,4481.21,4430,4435.01,4537.8512,21403,1449.8214
2026-01-08 12:00:00+00:00,4435.05,4490,4422.05,4482.19,4289.3764,27565,2213.4865
2026-01-09 00:00:00+00:00,4482.2,4486.4,4464.81,4483.94,1802.881,13620,698.4565
2026-01-09 12:00:00+00:00,4483.93,4519.13,4466.81,4508.45,4690.0943,26865,1948.8589
2026-01-10 00:00:00+00:00,4508.46,4519.07,4506.05,4518.22,1143.8883,9877,636.1371
2026-01-10 12:00:00+00:00,4518.22,4523.43,4509.95,4523.42,1247.5227,7647,545.2866
2026-01-11 00:00:00+00:00,4523.43,4524.7,4517.29,4521.5,1012.508,6335,520.1036
2026-01-11 12:00:00+00:00,4521.5,4549.35,4501.9,4544.29,2492.1597,15524,982.4742
2026-01-12 00:00:00+00:00,4544.35,4605.98,4541.04,4590.4,5510.5778,32087,2973.9934
2026-01-12 12:00:00+00:00,4590.4,4638.88,4586.5,4615.31,5273.8825,34459,2586.047
2026-01-13 00:00:00+00:00,4615.3,4615.49,4589.35,4602.55,2826.4613,20856,1328.0762
2026-01-13 12:00:00+00:00,4602.55,4646.99,4568.2,4604.97,5703.2461,36281,2700.7661
2026-01-14 00:00:00+00:00,4604.97,4644.99,4603.96,4636.15,4998.1895,24175,2437.4877
2026-01-14 12:00:00+00:00,4636.15,4649.16,4611.76,4628.41,4361.5809,32912,2051.6474
2026-01-15 00:00:00+00:00,4628.41,4631.15,4540,4627.76,5285.4913,34498,1873.9297
2026-01-15 12:00:00+00:00,4627.76,4634,4591.01,4623.99,3606.518,31973,2044.9884
2026-01-16 00:00:00+00:00,4623.98,4623.98,4606.24,4621.91,2628.4036,21809,910.5363
2026-01-16 12:00:00+00:00,4621.9,4629.64,4558.13,4603.15,3845.0946,29433,1938.0891
2026-01-17 00:00:00+00:00,4603.16,4613.02,4603.16,4610.5,901.8012,7643,536.8312
2026-01-17 12:00:00+00:00,4610.51,4612.75,4602.93,4611.39,1206.689,7359,451.3268
2026-01-18 00:00:00+00:00,4611.4,4624.97,4611.39,4621.03,1074.5978,7715,650.171
2026-01-18 12:00:00+00:00,4621.03,4700,4621.03,4685.6,3999.6783,22247,2193.8123
2026-01-19 00:00:00+00:00,4685.55,4692.99,4666,4672.46,6642.6201,39433,2362.6674
2026-01-19 12:00:00+00:00,4672.46,4696.1,4672.11,4683.97,1910.189,15640,1011.34
2026-01-20 00:00:00+00:00,4683.97,4759.3,4676.16,4753.43,9317.7457,52809,4473.7098
2026-01-20 12:00:00+00:00,4753.43,4840.39,4737.41,4806.7,12430.17,71562,5825.5706
2026-01-21 00:00:00+00:00,4806.79,4915,4804.28,4896.04,16567.743,98817,8183.4545
2026-01-21 12:00:00+00:00,4896.08,4914.04,4785.42,4800.05,13575.863,101783,5992.0507
2026-01-22 00:00:00+00:00,4800.05,4868.24,4790.91,4848.48,7391.9608,41861,3444.5441
2026-01-22 12:00:00+00:00,4848.45,4982.11,4827,4979.98,8599.6678,62612,4436.4584
2026-01-23 00:00:00+00:00,4980,4982.8,4918.79,4945.29,12705.418,65953,6013.8589
2026-01-23 12:00:00+00:00,4945.29,5009.96,4939.79,5007.31,9100.1041,50044,3899.289
2026-01-24 00:00:00+00:00,5007.31,5045.46,5005.23,5031.51,4469.4824,27480,2389.2222
2026-01-24 12:00:00+00:00,5031.51,5125.43,5023.72,5069.89,6996.9396,54271,4131.6931
2026-01-25 00:00:00+00:00,5069.89,5109,5031,5058.98,5503.6398,48636,2969.3282
2026-01-25 12:00:00+00:00,5058.98,5127,5035,5070.35,12773.484,106731,5056.3955
2026-01-26 00:00:00+00:00,5070.35,5150,5066.94,5119.03,13183.915,80012,5591.3555
2026-01-26 12:00:00+00:00,5119.03,5129.12,4991.1,5058.04,12336.387,96591,5200.3807
2026-01-27 00:00:00+00:00,5058.04,5116,5028.88,5097.8,6616.7102,52716,2758.5103
2026-01-27 12:00:00+00:00,5097.8,5235,5064.23,5192.99,14839.614,104861,8143.9353
2026-01-28 00:00:00+00:00,5193,5334.05,5180,5281.1,16423.883,107217,7893.1837
2026-01-28 12:00:00+00:00,5281.1,5615.97,5262,5541.45,20782.565,169252,10896.665
2026-01-29 00:00:00+00:00,5541.46,5650.86,5483.33,5557.85,27371.475,189323,12101.891
2026-01-29 12:00:00+00:00,5557.84,5590.43,5181.23,5479.54,58760.265,356048,28148.11
2026-01-30 00:00:00+00:00,5479.54,5490.34,4980,5173.16,50421.404,334255,23948
2026-01-30 12:00:00+00:00,5173.16,5182.21,4754.06,4924.45,60452.03,438844,28534.629
2026-01-31 00:00:00+00:00,4924.45,4991.03,4915.37,4925.23,11732.524,94420,6378.9508
2026-01-31 12:00:00+00:00,4925.23,4945.36,4800,4839.88,14452.519,130331,5648.1093
2026-02-01 00:00:00+00:00,4839.88,4902,4833.14,4864.09,5630.1652,74364,3139.055
2026-02-01 12:00:00+00:00,4864.1,4869.61,4715,4754.4,12120.982,134416,5796.1463
2026-02-02 00:00:00+00:00,4754.64,4895,4463.73,4790.57,50680.588,492847,22672.869
2026-02-02 12:00:00+00:00,4790.32,4851.37,4630.87,4794.36,32900.101,275081,16408.993
2026-02-03 00:00:00+00:00,4794.37,4970.13,4770.84,4940.8,28020.18,172678,13901.14
2026-02-03 12:00:00+00:00,4940.81,5018,4900.91,4962.85,24545.262,170454,12899.09
2026-02-04 00:00:00+00:00,4962.86,5118,4962.01,5070.39,20238.969,115365,9246.4935
2026-02-04 12:00:00+00:00,5070.4,5084.34,4871.44,5030.9,24803.543,184429,12294.201
2026-02-05 00:00:00+00:00,5030.99,5044.04,4810.14,4883.62,23643.187,157272,11241.34
2026-02-05 12:00:00+00:00,4883.55,4921.41,4697.54,4699.98,27506.713,200626,13025.07
2026-02-06 00:00:00+00:00,4699.97,4902.76,4600.84,4894.28,21257.501,210985,10005.874
2026-02-06 12:00:00+00:00,4894.28,4970,4878.61,4942.27,11042.725,100406,5154.7721
2026-02-07 00:00:00+00:00,4942.28,4957.49,4924.26,4949.11,3951.0073,44855,1636.7785
2026-02-07 12:00:00+00:00,4949.12,4997.74,4949.11,4992.63,2405.0618,33240,1271.094
2026-02-08 00:00:00+00:00,4992.63,5026.11,4986.69,5001,3578.1629,34268,1800.4764
2026-02-08 12:00:00+00:00,5001.01,5049.57,4983.61,5043.44,5462.4999,55870,2457.4317
2026-02-09 00:00:00+00:00,5043.41,5052.09,4973.92,5018.7,8530.7595,80432,3689.7762
2026-02-09 12:00:00+00:00,5019.04,5096.62,5002.64,5036.85,11902.467,99974,5324.3201
2026-02-10 00:00:00+00:00,5036.99,5064.39,5016.71,5060.38,11481.288,92176,4413.3619
2026-02-10 12:00:00+00:00,5060.37,5084.85,5007.88,5044.3,5256.2768,75036,2445.3682
2026-02-11 00:00:00+00:00,5044.3,5128.19,5032.59,5127.43,6321.4756,53219,3897.5706
2026-02-11 12:00:00+00:00,5127.44,5133.18,5032,5073.02,8978.0293,86347,4588.0236
2026-02-12 00:00:00+00:00,5073.1,5100.4,5054.17,5076.04,3035.9925,35708,1670.694
2026-02-12 12:00:00+00:00,5076.11,5092.79,4894.13,4928.02,14285.945,108724,6754.8775
2026-02-13 00:00:00+00:00,4928.02,5001.93,4921.42,4964.25,4330.5035,48554,2157.2621
2026-02-13 12:00:00+00:00,4963.5,5053.08,4962.81,5045.26,6301.4999,63146,3529.4033
2026-02-14 00:00:00+00:00,5045.12,5046.94,5025.01,5029.8,1495.3572,13605,705.738
2026-02-14 12:00:00+00:00,5029.8,5037.42,5021.2,5023.84,1046.2876,12274,400.1463
2026-02-15 00:00:00+00:00,5023.84,5050.32,5022.2,5043.21,2508.2082,26077,1746.7097
2026-02-15 12:00:00+00:00,5043.22,5048.1,5011.19,5024.9,1843.9543,25790,852.1953
2026-02-16 00:00:00+00:00,5024.86,5033.02,4972.82,5012.07,2765.4892,36796,1380.7331
2026-02-16 12:00:00+00:00,5012.08,5014.53,4979.43,4998.59,1688.3848,21750,723.0173
2026-02-17 00:00:00+00:00,4998.6,4999.57,4872.86,4938.13,6940.7068,64795,3488.1978
2026-02-17 12:00:00+00:00,4937.39,4950.65,4793.81,4866.71,10315.361,70271,4928.2362
2026-02-18 00:00:00+00:00,4866.71,4946.01,4866.23,4919.14,2279.0691,25307,980.948
2026-02-18 12:00:00+00:00,4919.13,5014.27,4919.13,4979.96,4731.6491,42785,2245.3194
2026-02-19 00:00:00+00:00,4979.96,5028.3,4966.07,4993.66,2953.0192,26705,1722.2881
2026-02-19 12:00:00+00:00,4993.66,5030.05,4974.58,4997.71,3900.3603,41407,2391.6319
2026-02-20 00:00:00+00:00,4997.7,5088,4995.41,5028.35,7152.6535,46977,4235.4922
2026-02-20 12:00:00+00:00,5028.36,5121.75,5007.1,5116.08,18245.184,104688,9130.6429
2026-02-21 00:00:00+00:00,5116.08,5126.79,5112.83,5126.76,1930.9763,13232,996.2215
2026-02-21 12:00:00+00:00,5126.76,5155.77,5125.88,5141.88,2531.152,18658,1414.2609
2026-02-22 00:00:00+00:00,5141.88,5142.55,5123.54,5135.12,2430.4996,17129,1075.3385
2026-02-22 12:00:00+00:00,5135.13,5192.92,5134.75,5186.69,5366.6804,37777,2410.3239
2026-02-23 00:00:00+00:00,5186.49,5194.81,5138.44,5166.42,7365.153,50371,3039.9857
2026-02-23 12:00:00+00:00,5166.37,5269.55,5157.35,5254.81,7157.9252,52130,3126.4888
2026-02-24 00:00:00+00:00,5254.8,5254.8,5159,5192.11,21719.73,133738,10121.951
2026-02-24 12:00:00+00:00,5192.1,5195.37,5116.6,5164.9,9027.5458,70972,5018.0943
2026-02-25 00:00:00+00:00,5164.91,5226.63,5156.01,5200.45,5432.5913,49615,2385.678
2026-02-25 12:00:00+00:00,5200.5,5228,5157.58,5175.31,8171.2789,73137,4444.128
2026-02-26 00:00:00+00:00,5175.74,5210.25,5167.27,5175.88,3834.2649,43837,1588.3511
2026-02-26 12:00:00+00:00,5176.08,5210,5143,5195.26,3646.4204,42769,1615.8569
2026-02-27 00:00:00+00:00,5195.26,5212.06,5181.39,5201.4,5427.3291,35260,2608.5104
2026-02-27 12:00:00+00:00,5201.46,5306.18,5198.19,5290.66,10712.424,85500,4555.0811
2026-02-28 00:00:00+00:00,5290.66,5600,5284.61,5460.36,34736.845,273919,21349.306
2026-02-28 12:00:00+00:00,5460.37,5506.41,5357,5369.78,17355.994,174935,8359.3093
2026-03-01 00:00:00+00:00,5369.79,5419.18,5286.25,5384.64,10529.796,78449,4938.2117
2026-03-01 12:00:00+00:00,5384.85,5448.09,5380,5436.45,13540.834,116142,7161.2447
2026-03-02 00:00:00+00:00,5436.6,5459.65,5351.84,5418.38,9239.6624,74193,4641.1486
2026-03-02 12:00:00+00:00,5418.38,5441.14,5275.22,5360.01,19301.378,148513,9314.5905
2026-03-03 00:00:00+00:00,5360.44,5400,5102,5167.15,18126.017,173273,7642.0571
2026-03-03 12:00:00+00:00,5167.15,5236.85,5027.33,5142.55,29531.219,241403,15216.468
2026-03-04 00:00:00+00:00,5143.32,5213.84,5125.14,5203.38,11472.387,123844,5004.5966
2026-03-04 12:00:00+00:00,5203.39,5216.7,5116.05,5179,12844.485,100053,5954.7433
2026-03-05 00:00:00+00:00,5179,5202,5132.54,5169.75,6837.2807,50323,3701.6975
2026-03-05 12:00:00+00:00,5169.75,5178.5,5064,5098.75,8491.8782,69012,3661.0334
2026-03-06 00:00:00+00:00,5098.74,5150.68,5075.41,5088.69,4629.1234,57410,1888.6114
2026-03-06 12:00:00+00:00,5088.74,5189.69,5076.25,5182.45,6354.2515,84425,3329.8557
2026-03-07 00:00:00+00:00,5182.44,5188.67,5162,5183.01,2760.149,32339,1523.8116
2026-03-07 12:00:00+00:00,5183.02,5188.85,5162.29,5172.35,3738.942,22543,2397.6697
2026-03-08 00:00:00+00:00,5172.34,5180.72,5167.86,5176.28,1841.3745,16490,735.5511
2026-03-08 12:00:00+00:00,5176.28,5191.28,5056.1,5085.29,7507.3364,68735,2809.956
2026-03-09 00:00:00+00:00,5085.01,5150,5030,5096.75,10937.778,82620,4032.6274
2026-03-09 12:00:00+00:00,5097.25,5158.91,5071.82,5143.8,4845.2466,50537,2158.3361
2026-03-10 00:00:00+00:00,5143.8,5199.01,5129.57,5181.39,10707.213,74310,3381.0381
2026-03-10 12:00:00+00:00,5181.5,5239.8,5165.09,5197.87,7561.4077,74208,3604.9962
2026-03-11 00:00:00+00:00,5197.87,5221.34,5176.31,5180.27,3640.2621,39418,1785.0007
2026-03-11 12:00:00+00:00,5180.27,5207.5,5136.37,5136.84,6350.6899,48843,2748.9232
2026-03-12 00:00:00+00:00,5137.28,5188.72,5128.78,5176.32,5862.0488,41276,2380.2199
2026-03-12 12:00:00+00:00,5176.32,5184.57,5069.11,5109.98,5532.1471,71557,2974.1487
2026-03-13 00:00:00+00:00,5109.97,5131.43,5066.61,5105,6596.6546,54357,2626.4748
2026-03-13 12:00:00+00:00,5105,5118.85,5005.54,5028.83,9329.3673,57113,4419.1167
2026-03-14 00:00:00+00:00,5028.83,5047.18,5028.32,5030.02,1453.3012,12560,757.979
2026-03-14 12:00:00+00:00,5030.02,5030.82,5018.51,5020.6,949.6649,8799,440.0512
2026-03-15 00:00:00+00:00,5020.6,5027.62,5004.37,5014.47,1395.4051,12668,599.1384
2026-03-15 12:00:00+00:00,5014.48,5025.06,4960.42,4989.59,4415.7672,36068,1655.2348
2026-03-16 00:00:00+00:00,4989.59,5030.82,4962.82,4989.36,6802.1475,53608,3535.2878
2026-03-16 12:00:00+00:00,4989.5,5029.63,4970,5001.04,4036.9383,40409,1979.6779
2026-03-17 00:00:00+00:00,5001.04,5029.87,4982.89,4995.9,3356.3108,28668,1612.0127
2026-03-17 12:00:00+00:00,4995.65,5022.29,4972,4992.9,1680.445,21024,741.1963
2026-03-18 00:00:00+00:00,4992.9,5006.75,4921,4925.64,3457.2456,34334,1490.1561
2026-03-18 12:00:00+00:00,4925.64,4927.09,4800,4829.04,21150.051,113634,7548.2928
2026-03-19 00:00:00+00:00,4829.03,4855.42,4645.46,4648.49,11895.761,90254,5248.1034
2026-03-19 12:00:00+00:00,4649.02,4685.21,4511,4652.38,20665.089,144236,11071.983
2026-03-20 00:00:00+00:00,4652.39,4739.74,4641.43,4673.7,7729.3164,80822,4086.3168
2026-03-20 12:00:00+00:00,4673.71,4696.96,4497.35,4509.76,15058.427,117012,6556.4893
2026-03-21 00:00:00+00:00,4509.76,4531.76,4504.78,4506.6,2325.973,19002,1269.9853
2026-03-21 12:00:00+00:00,4506.61,4515.71,4501.17,4503.29,1528.591,13975,806.4901
2026-03-22 00:00:00+00:00,4503.3,4510.28,4469.25,4478.61,2767.5346,19938,980.9357
2026-03-22 12:00:00+00:00,4478.61,4541.88,4450.48,4474.61,6166.679,43177,3033.753
2026-03-23 00:00:00+00:00,4474.96,4482.5,4141.06,4383.04,68822.105,448310,32305.88
2026-03-23 12:00:00+00:00,4383.35,4511.36,4344.3,4447.45,21719.308,142318,11861.2
2026-03-24 00:00:00+00:00,4447.5,4452.78,4319.46,4416.92,11146.193,93877,5436.0282
2026-03-24 12:00:00+00:00,4416.65,4554.99,4361.01,4549.65,14219.769,120322,7185.5928
2026-03-25 00:00:00+00:00,4549.7,4601.84,4528.01,4577.25,10050.249,64453,5378.7472
2026-03-25 12:00:00+00:00,4577.35,4581.74,4494.35,4502.38,9407.3502,58674,4067.1192
2026-03-26 00:00:00+00:00,4502.38,4545.11,4418.56,4427.99,7415.5178,54158,3195.9415
2026-03-26 12:00:00+00:00,4428.03,4483.14,4361.07,4411.6,8952.9606,66370,4198.5204
2026-03-27 00:00:00+00:00,4411.61,4478,4382.74,4422.33,4782.5089,48357,1887.724
2026-03-27 12:00:00+00:00,4422.32,4554.54,4415.25,4501.27,6137.3758,52212,3201.3971
2026-03-28 00:00:00+00:00,4501.27,4510.6,4487.11,4502.21,1563.5496,14986,797.862
2026-03-28 12:00:00+00:00,4502.22,4513.58,4497,4501.78,1599.8595,11992,985.1656
2026-03-29 00:00:00+00:00,4501.78,4503.24,4491,4499.88,1197.7447,12308,513.5543
2026-03-29 12:00:00+00:00,4500.3,4524.72,4450.74,4454.73,4161.0657,34784,1982.5023
2026-03-30 00:00:00+00:00,4454.94,4581.02,4425.78,4560.25,6286.3211,73824,3132.4541
2026-03-30 12:00:00+00:00,4560.44,4578.43,4492.54,4512.8,4781.6919,56991,2590.9035
2026-03-31 00:00:00+00:00,4512.79,4613.33,4480.02,4581.9,4431.932,50416,2307.7489
2026-03-31 12:00:00+00:00,4582.08,4691.19,4568.22,4687.74,7642.99,59900,3681.8883
2026-04-01 00:00:00+00:00,4687.56,4750.02,4659.17,4740.75,6643.4875,55721,3479.5924
2026-04-01 12:00:00+00:00,4740.75,4783.67,4706.59,4768.56,6388.6017,55303,2792.9797
2026-04-02 00:00:00+00:00,4768.56,4783.19,4550.62,4593.61,9224.5425,73066,4590.0467
2026-04-02 12:00:00+00:00,4593.96,4689.78,4573.64,4668.14,4465.7781,41035,2045.883
2026-04-03 00:00:00+00:00,4668.15,4670.08,4657.65,4661.29,827.0497,7418,479.5925
2026-04-03 12:00:00+00:00,4661.3,4667.22,4642,4648.94,2032.6188,11927,766.5912
2026-04-04 00:00:00+00:00,4648.91,4655.84,4646.95,4652.63,524.8225,5325,300.9808
2026-04-04 12:00:00+00:00,4652.63,4658.74,4648.36,4648.59,567.3657,16606,281.3397
2026-04-05 00:00:00+00:00,4648.6,4651.91,4630.05,4637.52,1324.9372,35791,381.3404
2026-04-05 12:00:00+00:00,4637.66,4653.18,4595,4598.82,6658.09,77011,3428.5137
2026-04-06 00:00:00+00:00,4599.39,4692.8,4588.55,4665.8,4621.6414,45780,2199.7401
2026-04-06 12:00:00+00:00,4665.73,4681.61,4633.04,4644.39,2535.995,25076,969.0832
2026-04-07 00:00:00+00:00,4643.8,4678.15,4602.93,4645.69,2908.0765,34987,1595.2159
2026-04-07 12:00:00+00:00,4645.62,4812.14,4596.24,4809.74,8290.72,70979,4463.7019
2026-04-08 00:00:00+00:00,4809.75,4834.28,4754.86,4780.16,5324.3472,51420,2372.6007
2026-04-08 12:00:00+00:00,4780.17,4789.18,4683.8,4702.52,5824.5591,47231,2517.0553
2026-04-09 00:00:00+00:00,4702.53,4744.62,4684,4744.45,2976.0724,29870,1748.3122
2026-04-09 12:00:00+00:00,4744.37,4788.88,4724.81,4747.51,3945.9036,36441,1878.4137
2026-04-10 00:00:00+00:00,4748.04,4759.91,4716.24,4751.46,1422.8473,18130,804.3214
2026-04-10 12:00:00+00:00,4751.46,4777.44,4725.67,4734,2639.6123,26623,1462.8965
2026-04-11 00:00:00+00:00,4734,4734.99,4726.55,4731.02,581.741,6638,321.4566
2026-04-11 12:00:00+00:00,4731.02,4740,4727.64,4731.88,1264.5174,11037,301.4729
2026-04-12 00:00:00+00:00,4731.88,4735.29,4698,4709.37,1306.9385,14218,360.4596
2026-04-12 12:00:00+00:00,4709.37,4709.48,4629.36,4655.92,3927.01,31460,1861.3486
2026-04-13 00:00:00+00:00,4656,4719.93,4649.8,4690.81,3447.5916,29556,1862.5333
2026-04-13 12:00:00+00:00,4690.57,4750.84,4682,4741.09,6911.5106,42330,5023.1022
2026-04-14 00:00:00+00:00,4741.09,4781.35,4735.67,4759.38,2112.6906,25014,980.3317
2026-04-14 12:00:00+00:00,4759.21,4840,4748.64,4827.05,10670.16,50137,3459.0917
2026-04-15 00:00:00+00:00,4827.31,4861.14,4780,4805.28,2912.2647,35268,1147.1204
2026-04-15 12:00:00+00:00,4805.28,4823,4779.44,4810.84,2924.5813,24150,939.3022
2026-04-16 00:00:00+00:00,4810.85,4825,4795.45,4809.99,2088.3732,24372,845.2758
2026-04-16 12:00:00+00:00,4810,4812.29,4747.2,4775.61,5078.4316,39577,1605.3031
2026-04-17 00:00:00+00:00,4775.4,4793.94,4753.34,4785.1,2462.7241,21627,1640.8671
2026-04-17 12:00:00+00:00,4785.3,4872.86,4783.87,4820.59,6260.14,49373,3403.4947
2026-04-18 00:00:00+00:00,4820.58,4831.9,4792.03,4792.98,1238.9926,12576,513.6557
2026-04-18 12:00:00+00:00,4792.97,4798.62,4774.79,4775.26,1487.9771,13274,741.7868
2026-04-19 00:00:00+00:00,4775.26,4792.46,4766,4781.51,1142.3244,14893,653.0684
2026-04-19 12:00:00+00:00,4781.5,4797.84,4726.74,4740,2632.6385,26437,1176.4184
2026-04-20 00:00:00+00:00,4739.99,4795,4730.26,4794.73,1473.8086,22583,683.6605
2026-04-20 12:00:00+00:00,4794.65,4815.52,4777.9,4806.48,6248.6847,40169,4871.1684
2026-04-21 00:00:00+00:00,4806.48,4814.44,4761.28,4782,1286.1807,21473,595.3116
2026-04-21 12:00:00+00:00,4782.01,4784.11,4656.71,4728,4799.2898,48543,2368.5928
2026-04-22 00:00:00+00:00,4728.6,4758.99,4724.4,4737.61,2443.263,21281,1157.4341
2026-04-22 12:00:00+00:00,4737.61,4745.8,4710,4713.8,2380.3807,25521,1190.8004
2026-04-23 00:00:00+00:00,4713.8,4737.59,4673.23,4707.9,1687.0075,23189,760.5948
2026-04-23 12:00:00+00:00,4707.9,4728.69,4657.87,4684.89,2053.4286,26596,956.0708
2026-04-24 00:00:00+00:00,4685.1,4706.39,4651.5,4696.38,1412.583,22136,618.1398
2026-04-24 12:00:00+00:00,4696.38,4726,4680.93,4696.12,1580.5987,18650,725.5744
2026-04-25 00:00:00+00:00,4696.13,4702.8,4694.5,4700.57,253.8483,5568,94.6334
2026-04-25 12:00:00+00:00,4700.56,4700.57,4689.01,4689.63,402.0321,8961,169.1043
2026-04-26 00:00:00+00:00,4689.62,4696.31,4688.03,4696.3,373.157,10537,144.2711
2026-04-26 12:00:00+00:00,4696.3,4710,4668.01,4673.25,1167.4791,22052,561.3435
2026-04-27 00:00:00+00:00,4673.24,4717.53,4665.48,4692.96,1039.8392,16930,490.2214
2026-04-27 12:00:00+00:00,4692.96,4700,4658.44,4683.83,1415.4993,18151,869.8096
2026-04-28 00:00:00+00:00,4683.64,4690.49,4552.2,4559.51,4084.3716,53350,1626.8284
2026-04-28 12:00:00+00:00,4559.52,4596.24,4552.08,4589.54,2169.8713,36518,1226.1554
2026-04-29 00:00:00+00:00,4589.53,4604.08,4547.26,4557.56,1930.4977,28987,932.6101
2026-04-29 12:00:00+00:00,4557.06,4562.44,4508.14,4555.97,2810.9925,33851,1173.3161
2026-04-30 00:00:00+00:00,4556.01,4641.49,4535.91,4622.56,1690.7689,24480,978.6739
2026-04-30 12:00:00+00:00,4623.05,4637.94,4598.23,4618.2,1119.415,17676,636.2662
2026-05-01 00:00:00+00:00,4618,4626.05,4557.01,4576.54,1128.1337,18869,636.1263
2026-05-01 12:00:00+00:00,4576.53,4652.13,4572.87,4603.82,1941.8266,31566,1002.3186
2026-05-02 00:00:00+00:00,4603.83,4605,4599.91,4602.75,295.3206,5222,102.7889
2026-05-02 12:00:00+00:00,4602.75,4605,4595.91,4597.94,382.6018,4777,131.6091
2026-05-03 00:00:00+00:00,4597.94,4612.96,4595.79,4612.2,452.7268,7667,294.262
2026-05-03 12:00:00+00:00,4612.2,4638.74,4605.18,4605.79,1186.4185,15932,679.2735
2026-05-04 00:00:00+00:00,4605.79,4611.42,4522.62,4556.89,2343.61,35540,1330.6286
2026-05-04 12:00:00+00:00,4556.89,4575.69,4500.55,4516.67,3582.7772,40296,1726.9129
2026-05-05 00:00:00+00:00,4516.68,4557.5,4511.65,4555.31,1359.2641,17289,706.486
2026-05-05 12:00:00+00:00,4555.32,4585.92,4538.69,4584.31,2199.2417,24986,1202.4258
2026-05-06 00:00:00+00:00,4584.31,4712.39,4578.29,4682.57,4724.4103,39865,2703.4895
2026-05-06 12:00:00+00:00,4682.57,4704.66,4652.31,4687.19,2397.8173,26115,1017.4267
2026-05-07 00:00:00+00:00,4687.2,4748.06,4674.36,4733.25,5742.956,48308,3831.3005
2026-05-07 12:00:00+00:00,4733.26,4756,4674.61,4696.64,6599.9885,71329,2622.6697
2026-05-08 00:00:00+00:00,4697,4724.98,4687.75,4708.8,2216.2722,24109,1193.1676
2026-05-08 12:00:00+00:00,4708.45,4741.2,4695,4706.72,2318.0343,28047,1358.0191
2026-05-09 00:00:00+00:00,4706.72,4712.75,4703.68,4704.45,376.4452,5411,144.5406
2026-05-09 12:00:00+00:00,4704.45,4716.38,4702.96,4712.54,397.3204,8386,186.3244
2026-05-10 00:00:00+00:00,4712.54,4717.97,4707.45,4716.66,452.2265,7028,214.5039
2026-05-10 12:00:00+00:00,4716.45,4724.5,4676,4686.76,1940.1699,15505,891.5479
2026-05-11 00:00:00+00:00,4687.19,4699.65,4645.29,4670.45,2490.9931,31758,771.451
2026-05-11 12:00:00+00:00,4670.46,4758.66,4664.7,4757.62,4190.2329,29409,2561.1305
2026-05-12 00:00:00+00:00,4757.58,4762.5,4679,4699.98,1820.3634,21666,657.4472
2026-05-12 12:00:00+00:00,4699.81,4719.97,4638.01,4712.4,4644.3105,33042,2121.5591
2026-05-13 00:00:00+00:00,4712.18,4721.83,4682.22,4694.75,1158.7962,16245,656.9702
2026-05-13 12:00:00+00:00,4694.36,4702.99,4666.08,4689,2935.0961,22548,1347.9016
2026-05-14 00:00:00+00:00,4689.19,4710,4662.86,4688.64,1087.3878,16940,611.1888
2026-05-14 12:00:00+00:00,4688.46,4701.87,4643.01,4650.74,1899.2383,21301,896.5306
2026-05-15 00:00:00+00:00,4650.41,4654.8,4536,4556.76,4858.8884,46729,2447.6284
2026-05-15 12:00:00+00:00,4556.25,4568.42,4518.22,4543.1,2450.1,26414,1177.598
2026-05-16 00:00:00+00:00,4543.11,4547.03,4514.99,4526.31,2778.2466,16417,1946.8459
2026-05-16 12:00:00+00:00,4526.31,4539.73,4525.08,4537,441.3266,5312,207.6639
2026-05-17 00:00:00+00:00,4537.01,4538.69,4526,4537.81,361.3687,5044,176.5218
2026-05-17 12:00:00+00:00,4537.81,4554.99,4527.3,4535.6,1290.495,11326,619.3545
2026-05-18 00:00:00+00:00,4535.6,4564.2,4480.02,4548.96,3210.859,35602,1432.0395
2026-05-18 12:00:00+00:00,4548.96,4584,4529.42,4577.41,2460.9469,24219,1207.4176
2026-05-19 00:00:00+00:00,4577.42,4584.41,4526.17,4531.52,1100.1324,16215,534.6992
2026-05-19 12:00:00+00:00,4531.52,4546.14,4470,4491.76,2541.7177,26773,1240.7029
2026-05-20 00:00:00+00:00,4491.75,4510.16,4460,4500,2109.3529,21432,972.4564
2026-05-20 12:00:00+00:00,4499.99,4550,4470.67,4541.5,1841.0204,20981,873.3419
2026-05-21 00:00:00+00:00,4541.75,4564,4503.99,4510.5,1196.313,15479,451.6019
2026-05-21 12:00:00+00:00,4510.66,4553.94,4489.01,4529.71,1367.9098,16633,691.0259
2026-05-22 00:00:00+00:00,4529.72,4534.14,4505.79,4516.03,815.5046,11265,278.0652
2026-05-22 12:00:00+00:00,4516.04,4530.99,4488,4499.27,1582.4123,15803,769.5913
2026-05-23 00:00:00+00:00,4499.28,4512,4497.67,4499.75,537.6219,9076,235.9032
2026-05-23 12:00:00+00:00,4499.76,4529.03,4498.1,4528.07,938.8703,10918,441.6898
2026-05-24 00:00:00+00:00,4528.07,4548.36,4528.01,4535.49,1756.3186,15887,986.3733
2026-05-24 12:00:00+00:00,4535.49,4573.63,4517,4561.78,2054.4327,14679,1454.8522
2026-05-25 00:00:00+00:00,4561.79,4573.74,4543.78,4562,1110.3969,13431,557.3776
2026-05-25 12:00:00+00:00,4562,4571,4547.79,4551.68,758.251,11162,348.0602
2026-05-26 00:00:00+00:00,4551.4,4551.4,4503.41,4506.43,2250.7006,16935,667.3698
2026-05-26 12:00:00+00:00,4506.54,4527.63,4484.71,4520.62,1735.4905,17952,765.6042
2026-05-27 00:00:00+00:00,4520.36,4526.08,4431.25,4433.37,3435.2111,27176,1426.2922
2026-05-27 12:00:00+00:00,4433.68,4467.61,4410.5,4448.64,3120.228,29345,1592.0844
2026-05-28 00:00:00+00:00,4448.63,4459.55,4374,4391.98,3701.3071,31014,1297.5442
2026-05-28 12:00:00+00:00,4391.52,4507,4384.61,4487.89,3892.2843,34346,2245.8724
2026-05-29 00:00:00+00:00,4487.6,4536,4485.58,4532.2,2397.7678,21358,1209.01
2026-05-29 12:00:00+00:00,4532.5,4584.62,4508.18,4534.99,2106.2641,24897,1016.5755
2026-05-30 00:00:00+00:00,4535,4538.72,4525,4530.03,540.4885,7163,181.6531
2026-05-30 12:00:00+00:00,4530.03,4533.5,4522.53,4523.42,269.8432,5014,114.9701
2026-05-31 00:00:00+00:00,4523.43,4536.24,4520.7,4533.08,405.4094,5545,205.7685
2026-05-31 12:00:00+00:00,4533.09,4539.48,4514.72,4535,623.7354,7997,334.7917
2026-06-01 00:00:00+00:00,4534.99,4540.56,4487.51,4503.1,2119.9953,17203,1038.574
2026-06-01 12:00:00+00:00,4503.09,4505.68,4448.33,4482.21,2269.1332,21376,996.1987
2026-06-02 00:00:00+00:00,4481.76,4534.99,4462.29,4521.37,2063.1566,18496,1208.6439
2026-06-02 12:00:00+00:00,4521.76,4528.31,4456.53,4470.86,2073.1619,26135,817.9057
2026-06-03 00:00:00+00:00,4471.04,4491.2,4437,4459.26,1551.6555,20173,808.0521
2026-06-03 12:00:00+00:00,4459.26,4462.76,4422,4452.41,2118.2301,22153,982.9393
2026-06-04 00:00:00+00:00,4452.45,4507.44,4438.65,4505.88,2589.5067,29507,1106.4901
2026-06-04 12:00:00+00:00,4505.7,4514.01,4455,4456.21,2250.4667,19567,1334.1681
2026-06-05 00:00:00+00:00,4456.21,4467.06,4422.81,4462.08,2747.3488,24225,1113.3725
2026-06-05 12:00:00+00:00,4462.09,4468.74,4310.59,4321.34,4780.9559,48596,1965.1103
2026-06-06 00:00:00+00:00,4321.6,4333.19,4291,4298.44,1362.5387,15304,618.0053
2026-06-06 12:00:00+00:00,4298.44,4300,4290.01,4299.99,874.2517,21439,383.2373
2026-06-07 00:00:00+00:00,4300,4323.77,4296,4311.1,1466.083,25924,797.5772
2026-06-07 12:00:00+00:00,4311.1,4338.53,4294.25,4336.87,2064.4242,28892,1061.7474
2026-06-08 00:00:00+00:00,4336.86,4345.78,4264.1,4323.75,2311.8338,35417,1179.8482
2026-06-08 12:00:00+00:00,4323.74,4338.31,4307.42,4310.54,1254.1913,17308,741.8477
2026-06-09 00:00:00+00:00,4310.73,4342.77,4307.01,4331.66,1220.7534,17569,668.3751
2026-06-09 12:00:00+00:00,4331.6,4354.58,4208.3,4218.22,2586.1431,37661,1205.6987
2026-06-10 00:00:00+00:00,4218.28,4223.88,4146.23,4147.94,3125.3992,41660,1440.9213
2026-06-10 12:00:00+00:00,4147.94,4184.61,4026.48,4052.1,4681.8619,56934,2384.0597
2026-06-11 00:00:00+00:00,4051.85,4121.39,4041.71,4085,2598.4853,37884,1199.3622
2026-06-11 12:00:00+00:00,4085.01,4242.05,4058.56,4215.12,3267.5366,46587,1820.9281
2026-06-12 00:00:00+00:00,4215.38,4224.97,4166.44,4203.41,1864.1696,22856,1045.4422
2026-06-12 12:00:00+00:00,4202.51,4230.47,4175.18,4212.35,1560.3096,17498,723.8487
2026-06-13 00:00:00+00:00,4212.35,4217.9,4208.39,4213.45,186.1871,4466,84.6983
2026-06-13 12:00:00+00:00,4213.45,4229.21,4203.05,4222.73,651.9997,14422,317.5459
2026-06-14 00:00:00+00:00,4222.73,4234.43,4221.01,4227.37,683.4532,15506,324.2107
2026-06-14 12:00:00+00:00,4227.37,4304.85,4217.56,4289.62,2447.8977,28866,1286.0532
2026-06-15 00:00:00+00:00,4289.18,4340.48,4282.4,4328.79,1520.8765,17515,900.7114
2026-06-15 12:00:00+00:00,4328.79,4361.22,4298.46,4308.66,1713.055,18788,749.4692
2026-06-16 00:00:00+00:00,4307.7,4341.63,4299.07,4333.81,1770.1375,13437,1402.1403
2026-06-16 12:00:00+00:00,4333.35,4347.2,4305.15,4323.01,1081.9332,14403,529.9316
2026-06-17 00:00:00+00:00,4323.02,4342.15,4310.6,4316.16,978.6487,12842,499.9949
2026-06-17 12:00:00+00:00,4316.16,4373.95,4216.86,4273.45,4010.9965,47246,2132.8971
2026-06-18 00:00:00+00:00,4273.46,4323.72,4234.48,4235.74,1463.3501,20260,651.5411
2026-06-18 12:00:00+00:00,4236.04,4270.83,4183.37,4184.64,1742.0157,22055,810.7593
2026-06-19 00:00:00+00:00,4184.72,4193.71,4120.04,4150.65,1737.0776,20437,784.5096
2026-06-19 12:00:00+00:00,4150.65,4179.77,4142.64,4154.95,868.4581,13743,435.3216
2026-06-20 00:00:00+00:00,4154.94,4160.07,4152.36,4154.97,288.5352,5824,146.5164
2026-06-20 12:00:00+00:00,4154.97,4162.6,4148.59,4154.2,386.8223,6705,166.5599
2026-06-21 00:00:00+00:00,4154.2,4166.77,4152.03,4156.35,222.5921,3942,113.115
2026-06-21 12:00:00+00:00,4156.35,4164.17,4134.45,4137.03,650.0254,8449,304.7222
2026-06-22 00:00:00+00:00,4137.03,4216.86,4137.03,4203.62,1162.0254,15465,552.6457
2026-06-22 12:00:00+00:00,4203.63,4207.2,4166.27,4183.46,1299.0238,15429,724.1035
2026-06-23 00:00:00+00:00,4183.22,4193.14,4090.41,4118.2,2605.5435,19312,1565.7604
2026-06-23 12:00:00+00:00,4118.2,4139.56,4079.01,4096.15,1690.531,17649,817.3349
2026-06-24 00:00:00+00:00,4097.39,4108.42,4040.27,4048.39,3337.1828,31394,921.434
2026-06-24 12:00:00+00:00,4048.28,4050.06,3959,4014.13,4743.4642,46129,2076.015
2026-06-25 00:00:00+00:00,4014.07,4018.25,3965.1,3982,1911.5031,21676,1047.0892
2026-06-25 12:00:00+00:00,3981.59,4042.75,3980.58,4014.32,2383.1733,33597,1220.2657
2026-06-26 00:00:00+00:00,4013.64,4052.15,3982.76,4041.37,1870.9146,15904,1019.5305
2026-06-26 12:00:00+00:00,4041.75,4091.28,4032.29,4082.38,1871.7332,15078,1099.1162
2026-06-27 00:00:00+00:00,4082.38,4083.98,4075.84,4081.43,288.2984,4971,110.605
2026-06-27 12:00:00+00:00,4081.43,4082,4071.21,4075.86,347.426,7020,172.1448
2026-06-28 00:00:00+00:00,4075.87,4079.56,4073.4,4074.94,371.048,9298,254.7221
2026-06-28 12:00:00+00:00,4074.93,4081.64,4048.6,4059.57,993.4633,17618,332.2598
2026-06-29 00:00:00+00:00,4059.47,4072,4023.6,4037.78,925.7591,15770,380.5711
2026-06-29 12:00:00+00:00,4037.78,4048.64,3998.45,4013.73,1003.5694,14601,440.6441
2026-06-30 00:00:00+00:00,4013.71,4035.98,3944.57,4031.4,6372.6598,36668,3194.3098
2026-06-30 12:00:00+00:00,4032.16,4060.41,4004.3,4004.47,1638.3552,15882,756.0397
2026-07-01 00:00:00+00:00,4004.47,4032.24,3956.89,4027.91,1824.9117,16302,823.4216
2026-07-01 12:00:00+00:00,4028.14,4110.89,4011.23,4032.89,3238.1424,31645,1791.5279
2026-07-02 00:00:00+00:00,4032.85,4077.84,4029.92,4064.85,1249.0259,19044,565.2028
2026-07-02 12:00:00+00:00,4064.85,4138.9,4060.91,4124.31,2487.4136,29477,1214.82
2026-07-03 00:00:00+00:00,4124.3,4188.74,4121.22,4174.52,1650.7827,23119,703.9856
2026-07-03 12:00:00+00:00,4174.83,4177.3,4151.37,4168.71,927.347,9733,499.8823
2026-07-04 00:00:00+00:00,4168.72,4170.52,4158.91,4165.92,272.9333,5018,145.2255
2026-07-04 12:00:00+00:00,4165.93,4171.88,4163.28,4168,282.3555,4151,150.4977
2026-07-05 00:00:00+00:00,4168.01,4170.95,4163.51,4170.94,168.8568,2996,67.0097
2026-07-05 12:00:00+00:00,4170.95,4196.06,4167.36,4179.65,817.0266,7688,597.3621
2026-07-06 00:00:00+00:00,4178.41,4197.02,4133.46,4150.22,1543.1558,16876,638.3799
2026-07-06 12:00:00+00:00,4150.22,4168.17,4125.04,4152.03,895.4026,12176,424.9386
2026-07-07 00:00:00+00:00,4152.02,4156.98,4114.29,4152.26,1118.5851,11850,457.1312
2026-07-07 12:00:00+00:00,4152.66,4174.81,4089,4094.25,2446.8027,23885,727.6827
2026-07-08 00:00:00+00:00,4095.03,4129.03,4039.01,4059.3,1831.4645,21439,850.3541
2026-07-08 12:00:00+00:00,4060.65,4086.73,4021.15,4073.01,1118.2683,14188,558.594
2026-07-09 00:00:00+00:00,4073.01,4111.87,4051.62,4103.15,1170.987,12800,623.4699
2026-07-09 12:00:00+00:00,4103.39,4131.28,4101.22,4117.45,769.3142,9430,471.7027
2026-07-10 00:00:00+00:00,4117.81,4128.12,4088.17,4097.16,1140.7828,19889,623.9123
2026-07-10 12:00:00+00:00,4097.17,4116.65,4070.1,4113.34,1044.9984,15259,482.1844
2026-07-11 00:00:00+00:00,4113.34,4116.02,4110.4,4113.83,118.8698,3041,55.1778
2026-07-11 12:00:00+00:00,4113.83,4115.49,4100.4,4102.09,320.194,4714,172.769
2026-07-12 00:00:00+00:00,4102.1,4103.1,4099.45,4099.59,203.0875,3859,128.5778
2026-07-12 12:00:00+00:00,4099.6,4101.35,4066.05,4080.47,622.8862,9011,311.9944
2026-07-13 00:00:00+00:00,4080.48,4086.66,4040.99,4054.5,1078.9536,11061,489.4563
2026-07-13 12:00:00+00:00,4054.39,4062.84,3988.38,3998.89,1621.8917,16351,712.1139
2026-07-14 00:00:00+00:00,3999.12,4030.47,3983.25,4027.43,1323.9514,17268,506.3606
2026-07-14 12:00:00+00:00,4027.43,4097.58,4020.63,4048.07,2558.8806,28015,1162.6448
2026-07-15 00:00:00+00:00,4048.26,4057.68,4015.23,4035.16,850.1258,10753,383.1385
2026-07-15 12:00:00+00:00,4034.75,4074.78,4022.28,4051.77,1200.0629,11123,534.8736
2026-07-16 00:00:00+00:00,4051.57,4054.03,4018.27,4033.68,575.4449,6776,288.5543
2026-07-16 12:00:00+00:00,4033.77,4037.13,3970.73,3986.13,2844.9312,20023,1510.526
2026-07-17 00:00:00+00:00,3986.13,4006.49,3972,3992.4,1041.3861,9440,449.0552
2026-07-17 12:00:00+00:00,3992.4,4017.83,3960.53,4006.1,1030.5342,11675,478.3732
2026-07-18 00:00:00+00:00,4006.1,4014,4006.09,4013.1,203.8744,4469,100.9483
2026-07-18 12:00:00+00:00,4013.1,4015,4005.15,4012.29,236.0077,5523,94.4728
2026-07-19 00:00:00+00:00,4012.29,4013.02,4005.47,4006.71,187.4502,4733,45.7684
2026-07-19 12:00:00+00:00,4006.7,4010.96,3987.89,3993.01,502.1607,5945,174.6355
2026-07-20 00:00:00+00:00,3993.02,4036.1,3982.03,4022.13,953.5149,13093,538.677
2026-07-20 12:00:00+00:00,4021.92,4021.92,3997.4,4007.5,1085.0394,13418,620.3765
2026-07-21 00:00:00+00:00,4007.49,4076.33,4001.76,4052.22,2088.5655,13579,1063.9944
2026-07-21 12:00:00+00:00,4052.21,4080,4040.49,4074.01,1501.2152,17527,662.5899
2026-07-22 00:00:00+00:00,4074.13,4132.58,4071.38,4115.22,1909.9411,14955,1134.93
2026-07-22 12:00:00+00:00,4115.22,4157.63,4101.27,4127,2209.0592,23782,1347.7166
2026-07-23 00:00:00+00:00,4127.13,4134.03,4069.58,4081.95,1317.394,16697,657.5441
2026-07-23 12:00:00+00:00,4081.94,4081.95,4038.4,4045.13,1121.3858,13112,493.1341
2026-07-24 00:00:00+00:00,4045.6,4057.16,4020.76,4052.65,1351.813,21928,755.5304
2026-07-24 12:00:00+00:00,4051.79,4078.8,4039.02,4054.43,1054.692,12889,467.4343
2026-07-25 00:00:00+00:00,4054.43,4055.24,4049.92,4051.54,107.5509,2587,39.0086
2026-07-25 12:00:00+00:00,4051.54,4056.73,4051.53,4055.48,153.3845,2814,73.3981
2026-07-26 00:00:00+00:00,4055.48,4059.98,4054.23,4058.13,205.4079,4372,125.4116
2026-07-26 12:00:00+00:00,4058.14,4091.48,4057.42,4087.85,1078.702,8784,681.8348
2026-07-27 00:00:00+00:00,4087.85,4109.58,4080.19,4088.26,1099.4427,9157,537.0826
2026-07-27 12:00:00+00:00,4088.27,4091.21,4060.69,4066.84,2673.68,18411,1106.5806
2026-07-28 00:00:00+00:00,4067.06,4067.55,4015.12,4024.2,1091.6902,10026,430.0555
2026-07-28 12:00:00+00:00,4024.61,4044.22,4009.18,4021.98,1486.8524,15679,624.2721
2026-07-29 00:00:00+00:00,4021.99,4043.48,4008.23,4029.48,902.9451,10375,464.4402
2026-07-29 12:00:00+00:00,4029.48,4107.94,3996.65,4081.59,2466.318,24787,1267.2172
2026-07-30 00:00:00+00:00,4081.6,4087.39,4030.48,4076.21,1087.5513,11995,486.2475
2026-07-30 12:00:00+00:00,4076.21,4113,4065.72,4100.72,2031.8208,18960,920.9971
2026-07-31 00:00:00+00:00,4100.82,4101.64,4050.41,4053.43,892.8973,9126,387.9237
2026-07-31 12:00:00+00:00,4053.27,4058.24,4023.13,4048.09,1888.7306,15617,772.89
2026-08-01 00:00:00+00:00,4048.09,4048.09,4044.6,4046.57,134.7819,2829,77.2096
2026-08-01 12:00:00+00:00,4046.57,4050.08,4037.41,4048.4,234.0137,3391,81.3549
2026-08-02 00:00:00+00:00,4048.5,4062.07,4048.3,4059.64,342.9592,4219,169.3911
2026-08-02 12:00:00+00:00,4059.65,4082.88,4055.92,4072.23,1032.2336,7651,461.9758
2026-08-03 00:00:00+00:00,4072.23,4075.99,4046.01,4059.93,994.7297,8852,541.8656
2026-08-03 12:00:00+00:00,4059.93,4061.5,4021,4052.2,1016.7737,9885,441.8865
2026-08-04 00:00:00+00:00,4052.27,4079.08,4043.1,4071.49,1289.423,11087,743.6349
2026-08-04 12:00:00+00:00,4071.17,4099.22,4058.32,4068.67,1521.389,14118,799.0026
2026-08-05 00:00:00+00:00,4068.13,4183.95,4066.3,4181.23,2992.959,24023,1409.7651
2026-08-05 12:00:00+00:00,4181.31,4274.99,4176.42,4272.06,4996.8369,65606,2868.6605
2026-08-06 00:00:00+00:00,4272.05,4296.98,4242.91,4259.76,2178.5291,32914,1228.2834
2026-08-06 12:00:00+00:00,4259.76,4269.81,4220.36,4248.73,1442.1383,17278,723.0728
2026-08-07 00:00:00+00:00,4248.72,4321.71,4226.29,4316.28,2207.517,22068,1111.0944
2026-08-07 12:00:00+00:00,4316.27,4362.93,4288.88,4344.47,2479.5635,23870,1514.8068
2026-08-08 00:00:00+00:00,4344.46,4347.91,4333.27,4340.24,693.9443,7582,314.8192
2026-08-08 12:00:00+00:00,4340.71,4348.37,4339.03,4347.04,442.6323,5705,252.208
2026-08-09 00:00:00+00:00,4347.05,4355.69,4342.76,4351.05,452.8852,4088,258.8428
2026-08-09 12:00:00+00:00,4351.05,4362,4329.42,4330.07,911.253,9615,492.4623
2026-08-10 00:00:00+00:00,4329.42,4354.89,4307.93,4329.23,1275.7372,14027,481.5075
2026-08-10 12:00:00+00:00,4328.89,4397.13,4313.81,4397.13,2407.4435,28321,1548.4077
2026-08-11 00:00:00+00:00,4397.13,4429.42,4357.14,4385.96,2524.7323,36492,1347.856
2026-08-11 12:00:00+00:00,4385.95,4401.39,4358.55,4369.65,1536.4513,18470,672.9026
2026-08-12 00:00:00+00:00,4368.35,4421.49,4365.32,4412.23,1303.3182,17099,780.2884
2026-08-12 12:00:00+00:00,4412.01,4438.32,4385.55,4409.58,2297.2011,34868,1086.1311
2026-08-13 00:00:00+00:00,4409.56,4442.95,4364.2,4386.04,1672.1468,20677,658.3686
2026-08-13 12:00:00+00:00,4385.74,4399.38,4345.14,4356.83,1377.7933,15453,562.9017
2026-08-14 00:00:00+00:00,4356.34,4369.61,4316.28,4369.61,1983.1052,18565,745.2751
2026-08-14 12:00:00+00:00,4369.62,4394.11,4366.67,4380.4,884.6778,12220,359.4043
2026-08-15 00:00:00+00:00,4380.4,4382.39,4372.01,4376.01,262.5843,3645,118.2871
2026-08-15 12:00:00+00:00,4376,4379.82,4375.02,4378.94,157.5926,2628,61.0403
2026-08-16 00:00:00+00:00,4378.95,4382.96,4377.18,4377.18,151.8776,1961,88.8212
2026-08-16 12:00:00+00:00,4377.18,4383.64,4366.17,4368.81,499.1781,4774,244.5852
2026-08-17 00:00:00+00:00,4368.83,4412.5,4365.54,4396.72,1061.336,11455,502.5682
2026-08-17 12:00:00+00:00,4396.73,4423.08,4378.72,4419.51,2067.9176,20240,1141.4225
2026-08-18 00:00:00+00:00,4419.53,4430.88,4384.96,4394,775.1204,9382,314.4832
2026-08-18 12:00:00+00:00,4394.7,4403.86,4330.85,4336.39,1862.9301,17191,700.3082
2026-08-19 00:00:00+00:00,4336.38,4371.36,4326.38,4362.98,1451.9085,15397,669.7831
2026-08-19 12:00:00+00:00,4362.79,4517.76,4361.03,4497.12,6253.9263,49405,3144.5738
2026-08-20 00:00:00+00:00,4497.12,4506.2,4455.46,4456.34,3250.3586,24474,1577.293
2026-08-20 12:00:00+00:00,4456.65,4528.97,4443.01,4514.1,2099.7084,17626,1075.3742
2026-08-21 00:00:00+00:00,4514.11,4594.27,4498,4587.08,4065.9483,34488,1912.3332
2026-08-21 12:00:00+00:00,4587.09,4619,4555.01,4600,2181.9009,24074,1391.207
2026-08-22 00:00:00+00:00,4599.85,4599.99,4573,4587.17,1480.1435,13181,765.5646
2026-08-22 12:00:00+00:00,4587.17,4590.24,4583.63,4589.16,626.722,5324,317.2736
2026-08-23 00:00:00+00:00,4589.17,4610,4585.97,4603.89,1034.0198,6888,632.946
2026-08-23 12:00:00+00:00,4603.9,4615.71,4596.64,4615.45,1728.4552,13221,801.2788
2026-08-24 00:00:00+00:00,4615.46,4662.39,4589.06,4650.5,2082.6493,26492,907.1067
2026-08-24 12:00:00+00:00,4650.95,4675,4620.51,4673.67,1999.9179,22559,942.8069
2026-08-25 00:00:00+00:00,4674.58,4689,4611.42,4634.04,1855.3569,20660,781.0953
2026-08-25 12:00:00+00:00,4634.05,4665.71,4597.31,4647.16,1825.4539,16660,901.3481
2026-08-26 00:00:00+00:00,4647.4,4661.39,4609.51,4620,976.9871,12113,402.8592
2026-08-26 12:00:00+00:00,4620,4629.81,4580.01,4616.51,1540.5737,13694,780.2079
2026-08-27 00:00:00+00:00,4617.09,4635,4565.71,4593.73,1271.2561,10483,567.2422
2026-08-27 12:00:00+00:00,4593.73,4610.41,4560.16,4586.62,1254.1145,10919,516.5163
2026-08-28 00:00:00+00:00,4586.61,4607.9,4566,4584.82,1337.1265,11375,507.7228
2026-08-28 12:00:00+00:00,4585.59,4623.92,4447.48,4461.92,4861.4732,40921,2393.6077
2026-08-29 00:00:00+00:00,4461.79,4464.85,4454.57,4457.21,480.3925,4173,282.5514
2026-08-29 12:00:00+00:00,4457.21,4467.1,4455.88,4464.85,478.0202,3575,297.864
2026-08-30 00:00:00+00:00,4464.86,4465.76,4460.5,4462.39,249.8668,3312,119.1091
2026-08-30 12:00:00+00:00,4462.39,4478.09,4431.76,4454.25,1840.6481,12917,933.0282
2026-08-31 00:00:00+00:00,4453.69,4468.2,4397.06,4454.57,2163.8556,17583,942.7173
2026-08-31 12:00:00+00:00,4454.95,4461.15,4417.51,4451.13,1193.1122,10057,488.4232
2026-09-01 00:00:00+00:00,4451.13,4460.77,4371.48,4381.52,1621.2794,13475,735.1616
2026-09-01 12:00:00+00:00,4381.01,4382.86,4335.23,4337.89,2919.5626,21783,1351.076
2026-09-02 00:00:00+00:00,4337.48,4347.07,4286.97,4343.29,5236.7535,24427,2264.6511
2026-09-02 12:00:00+00:00,4343.3,4405.35,4340.86,4394.57,2408.5641,16637,976.6925
2026-09-03 00:00:00+00:00,4394.56,4451.2,4391.91,4450.61,1155.0008,11284,608.0153
2026-09-03 12:00:00+00:00,4450.61,4512.33,4445.69,4482.51,3063.6554,26921,1608.775
2026-09-04 00:00:00+00:00,4481.95,4489.97,4461.22,4468.5,998.5205,9167,511.9243
2026-09-04 12:00:00+00:00,4469.49,4479.89,4375,4431.81,4746.0077,33818,2192.6618
2026-09-05 00:00:00+00:00,4431.8,4436.35,4431.13,4433.43,266.4505,3363,129.4903
2026-09-05 12:00:00+00:00,4433.43,4435.28,4427.92,4432,420.7058,3293,183.8544
2026-09-06 00:00:00+00:00,4432,4434.69,4421.74,4430.03,470.3027,3560,249.9178
2026-09-06 12:00:00+00:00,4430.03,4434.3,4414.52,4421.1,843.6759,4666,500.3347
2026-09-07 00:00:00+00:00,4421.1,4426.52,4383.85,4386.85,978.2304,7862,530.9652
2026-09-07 12:00:00+00:00,4386.83,4427.77,4386.83,4423.43,786.2243,6072,419.9875
2026-09-08 00:00:00+00:00,4424.45,4442.99,4384.27,4407.87,1512.297,11844,617.7179
2026-09-08 12:00:00+00:00,4407.86,4413.58,4350,4354.48,1922.6233,14158,743.8489
2026-09-09 00:00:00+00:00,4354.49,4417.21,4347.11,4409.57,1785.6238,15149,1218.9611
2026-09-09 12:00:00+00:00,4409.14,4433.72,4378.12,4395.04,1391.1632,12132,482.2209
2026-09-10 00:00:00+00:00,4394,4433,4370.69,4376.19,1532.4356,11723,705.86
2026-09-10 12:00:00+00:00,4376.07,4378.51,4318.04,4320.03,3147.1262,22940,1599.392
2026-09-11 00:00:00+00:00,4320.24,4365.26,4310.31,4337.56,1698.6107,14507,843.7503
2026-09-11 12:00:00+00:00,4338.51,4405.02,4302,4356.1,2865.6787,22147,1246.121
2026-09-12 00:00:00+00:00,4356.11,4357.67,4353.51,4353.51,184.0118,2953,86.3292
2026-09-12 12:00:00+00:00,4353.52,4357.05,4353.1,4355.4,143.6672,2594,73.9349
2026-09-13 00:00:00+00:00,4355.39,4360.45,4350.45,4354.01,298.2993,4121,161.6929
2026-09-13 12:00:00+00:00,4354.02,4358.49,4330,4337.18,892.7098,6257,296.64
2026-09-14 00:00:00+00:00,4336.3,4359.25,4288.71,4296.24,1325.903,13448,666.8495
2026-09-14 12:00:00+00:00,4296.24,4324.31,4265.44,4294.99,1864.2461,17428,967.027
2026-09-15 00:00:00+00:00,4294.93,4319.5,4266.67,4288.89,1628.5359,16853,693.033
2026-09-15 12:00:00+00:00,4288.88,4311.78,4276.04,4286.3,2491.315,17188,1311.4977
2026-09-16 00:00:00+00:00,4287.08,4357.22,4281.67,4346.6,2595.5828,19529,1418.6039
2026-09-16 12:00:00+00:00,4346.6,4373.52,4230,4277.01,4934.0288,51345,2516.0889
2026-09-17 00:00:00+00:00,4277.02,4353.03,4271.15,4351.05,2723.7886,25995,1712.532
2026-09-17 12:00:00+00:00,4350.83,4379.23,4341.03,4345.87,2314.1018,17046,1302.3668
2026-09-18 00:00:00+00:00,4345.38,4398.47,4334.35,4377.13,3080.3064,20825,1594.9702
2026-09-18 12:00:00+00:00,4377.08,4390,4343.88,4370.33,2164.5533,17304,1115.3658
2026-09-19 00:00:00+00:00,4370.32,4370.32,4364.11,4367.23,410.2086,4318,228.921
2026-09-19 12:00:00+00:00,4367.24,4372.17,4364.16,4366.29,623.6836,3957,326.4714
2026-09-20 00:00:00+00:00,4366.29,4367.28,4361,4361.57,547.1343,4649,189.8167
2026-09-20 12:00:00+00:00,4361.57,4373.92,4360,4364.26,787.5448,6982,408.8207
2026-09-21 00:00:00+00:00,4364.25,4375,4338,4366.1,2016.5895,18131,1220.4517
2026-09-21 12:00:00+00:00,4364.89,4370.49,4323.26,4365.53,2829.8005,20460,1605.4913
2026-09-22 00:00:00+00:00,4365.25,4371.07,4295.22,4325.81,3015.7216,19481,1379.5763
2026-09-22 12:00:00+00:00,4325.81,4367.74,4316.75,4360.86,2719.3364,18583,1176.9132
2026-09-23 00:00:00+00:00,4360.73,4365.37,4298,4311.34,1487.3585,11932,750.906
2026-09-23 12:00:00+00:00,4311.34,4320,4270,4288.04,4295.7301,26356,2254.8732
2026-09-24 00:00:00+00:00,4287.61,4301.71,4243.22,4263.17,2710.3621,29980,1571.0745
2026-09-24 12:00:00+00:00,4263.45,4285.52,4243.71,4260,2208.3324,19494,1489.0582
2026-09-25 00:00:00+00:00,4260,4308.84,4252.83,4298.03,1502.6938,12066,1014.7545
2026-09-25 12:00:00+00:00,4297.74,4301.66,4252.16,4282.22,1617.9698,13552,646.6026
2026-09-26 00:00:00+00:00,4282.22,4285.28,4277.1,4281.39,668.0364,4724,488.809
2026-09-26 12:00:00+00:00,4281.33,4281.34,4276.55,4281.01,237.3392,3091,97.5102
