time,open,high,low,close,volume,trades,taker_buy_volume
2023-09-23 18:00:00+00:00,26621.98,26632.81,26581.91,26587.75,794.66402,45627,331.41786
2023-09-23 21:00:00+00:00,26587.75,26594.26,26558.07,26575.96,825.41224,41329,351.84014
2023-09-24 00:00:00+00:00,26575.97,26590.01,26558.85,26586.05,729.00648,42495,325.49522
2023-09-24 03:00:00+00:00,26586.05,26586.06,26550,26557.99,986.0662,37697,312.38349
2023-09-24 06:00:00+00:00,26557.99,26590.01,26549.31,26590,1044.3375,42045,600.30218
2023-09-24 09:00:00+00:00,26590,26611.8,26574.91,26596.71,1112.5435,47151,616.81331
2023-09-24 12:00:00+00:00,26596.71,26628.8,26573.14,26588.1,1258.214,55298,599.41397
2023-09-24 15:00:00+00:00,26588.09,26719.63,26563.17,26673.07,1716.4076,60538,957.37234
2023-09-24 18:00:00+00:00,26673.07,26738.54,26335.81,26502,5689.802,158024,2653.7445
2023-09-24 21:00:00+00:00,26502.01,26521.67,26122.08,26248.38,3170.2804,101797,1481.5384
2023-09-25 00:00:00+00:00,26248.39,26343.1,26000,26207.39,5611.4975,158762,2839.0659
2023-09-25 03:00:00+00:00,26207.39,26238.85,26077,26113.81,1927.4832,80131,915.76217
2023-09-25 06:00:00+00:00,26113.81,26233.43,26040.12,26142.99,2703.7419,97895,1374.1154
2023-09-25 09:00:00+00:00,26142.99,26146.46,26020.01,26075.41,2663.7726,93392,1179.7918
2023-09-25 12:00:00+00:00,26075.4,26190.91,25990.46,26133.9,3739.4547,126416,1722.7707
2023-09-25 15:00:00+00:00,26133.89,26425.63,26133.89,26358.41,5600.1826,161673,2754.6188
2023-09-25 18:00:00+00:00,26358.41,26446.15,26269.59,26287.56,2929.7803,105692,1394.3581
2023-09-25 21:00:00+00:00,26287.56,26316.27,26263.83,26304.81,1090.2911,49527,474.09909
2023-09-26 00:00:00+00:00,26304.8,26360,26234.37,26357.14,1742.2959,71805,940.67952
2023-09-26 03:00:00+00:00,26357.14,26397.46,26307.67,26320.9,1672.6707,60974,830.77522
2023-09-26 06:00:00+00:00,26320.91,26339.06,26253.64,26274.29,1709.9467,70004,802.04387
2023-09-26 09:00:00+00:00,26274.28,26334.75,26188.26,26273.83,2557.3185,93283,1119.51
2023-09-26 12:00:00+00:00,26273.82,26306.39,26120.11,26196.39,3704.2498,123705,1952.448
2023-09-26 15:00:00+00:00,26196.4,26295.99,26088.34,26175.01,3352.2333,113521,1487.4133
2023-09-26 18:00:00+00:00,26175,26288.68,26144.96,26164.19,2131.7398,87198,923.75706
2023-09-26 21:00:00+00:00,26164.19,26240,26100,26221.67,1624.8961,77237,757.1345
2023-09-27 00:00:00+00:00,26221.68,26277.54,26202.96,26228.04,1554.5874,67046,724.41131
2023-09-27 03:00:00+00:00,26228.03,26289.5,26227.72,26255.89,1216.9383,56018,488.33082
2023-09-27 06:00:00+00:00,26255.89,26271.3,26223.72,26259.81,1379.0048,62171,657.04195
2023-09-27 09:00:00+00:00,26259.81,26848.07,26257.73,26766.7,9933.301,216655,5186.9612
2023-09-27 12:00:00+00:00,26766.69,26850,26169.38,26192.91,11277.262,238117,4948.2069
2023-09-27 15:00:00+00:00,26192.91,26332.35,26158.63,26231.39,4538.0652,123780,2407.749
2023-09-27 18:00:00+00:00,26231.39,26294.82,26112.06,26257.75,2920.2694,100729,1419.2773
2023-09-27 21:00:00+00:00,26257.75,26385,26242.5,26372.99,1952.152,75174,981.77656
2023-09-28 00:00:00+00:00,26373,26557.75,26349.75,26386.26,3701.3626,124375,1827.5581
2023-09-28 03:00:00+00:00,26386.27,26486.85,26342.4,26449.95,2302.7507,84372,1147.6206
2023-09-28 06:00:00+00:00,26449.96,26513.46,26400.28,26410,2909.5686,95898,1585.2254
2023-09-28 09:00:00+00:00,26410.01,26623.84,26389.29,26476.93,4045.5402,125905,2042.1665
2023-09-28 12:00:00+00:00,26476.93,26913.47,26460,26793.37,8323.6911,200892,3974.3523
2023-09-28 15:00:00+00:00,26793.36,27308.48,26788.35,27160.13,13924.696,268914,7338.701
2023-09-28 18:00:00+00:00,27160.14,27231.94,26848.71,27082.26,6939.2338,166737,3482.2027
2023-09-28 21:00:00+00:00,27082.27,27100.67,26895,27021.39,2370.9921,91881,1065.3659
2023-09-29 00:00:00+00:00,27021.39,27134.16,26859.7,26895.21,4210.173,112395,2255.3955
2023-09-29 03:00:00+00:00,26895.21,26985,26885.01,26977.11,1867.692,65617,973.49163
2023-09-29 06:00:00+00:00,26977.12,27244.89,26950,27003.58,5061.7535,127195,2832.6229
2023-09-29 09:00:00+00:00,27003.58,27083.57,26963.7,26970.78,2382.3988,90724,1165.7678
2023-09-29 12:00:00+00:00,26970.78,27149.05,26665.16,26908.12,7906.1018,209198,3956.9978
2023-09-29 15:00:00+00:00,26908.12,26933.91,26791.48,26840.95,3214.1162,117391,1479.3645
2023-09-29 18:00:00+00:00,26840.95,26984.99,26750,26910.48,2549.9058,95773,1179.9111
2023-09-29 21:00:00+00:00,26910.47,26926.56,26866.13,26906.96,1286.6211,60317,565.80435
2023-09-30 00:00:00+00:00,26906.96,26946.98,26886.31,26909.42,1043.2091,57625,481.83632
2023-09-30 03:00:00+00:00,26909.41,26955.91,26893.63,26934.9,891.35016,45664,494.47466
2023-09-30 06:00:00+00:00,26934.91,26958.04,26919.36,26929.09,1553.5911,58646,703.94459
2023-09-30 09:00:00+00:00,26929.09,26997,26923.54,26936.02,1484.2762,64137,701.55981
2023-09-30 12:00:00+00:00,26936.02,27006.41,26903.01,26992.38,2281.267,76132,1203.5485
2023-09-30 15:00:00+00:00,26992.39,27094.99,26970.72,27017.55,2618.0065,100106,1293.3418
2023-09-30 18:00:00+00:00,27017.54,27073.11,26987.78,27064.15,1474.5414,66031,711.43447
2023-09-30 21:00:00+00:00,27064.15,27081.78,26946.73,26962.56,1458.3817,66567,631.10263
2023-10-01 00:00:00+00:00,26962.57,27047.75,26954.09,27025.89,1078.129,60915,563.24807
2023-10-01 03:00:00+00:00,27025.89,27072.75,27010.23,27071.72,1181.816,54461,583.12615
2023-10-01 06:00:00+00:00,27071.73,27158.59,27071.72,27135.47,2403.5628,84426,1259.3712
2023-10-01 09:00:00+00:00,27135.47,27289.08,27135.47,27187.71,3310.3577,128762,1700.1174
2023-10-01 12:00:00+00:00,27187.71,27229.29,27083.24,27119.79,2488.2194,112005,1220.0186
2023-10-01 15:00:00+00:00,27119.79,27155.85,27035.78,27072.35,1857.148,93899,814.41686
2023-10-01 18:00:00+00:00,27072.34,27147,27033.1,27109.75,1570.865,78272,734.58086
2023-10-01 21:00:00+00:00,27109.75,28065.51,27091.78,27992.57,10712.717,270853,5941.1078
2023-10-02 00:00:00+00:00,27992.58,28062.43,27826.65,27982.6,5726.6309,157223,2910.6566
2023-10-02 03:00:00+00:00,27982.61,28210,27910.95,27977.38,6078.2094,160210,2934.1446
2023-10-02 06:00:00+00:00,27977.39,28484.28,27963.35,28280.94,9512.4972,216639,5224.3721
2023-10-02 09:00:00+00:00,28280.94,28368.76,28187.69,28198.04,4994.9848,146999,2355.4915
2023-10-02 12:00:00+00:00,28198.05,28580,28178.4,28307.69,8698.0404,221510,4454.0894
2023-10-02 15:00:00+00:00,28307.69,28419.88,27853.49,28055.25,7781.6567,220485,3738.3859
2023-10-02 18:00:00+00:00,28055.26,28104.1,27631.41,27843.68,6615.9131,185005,3111.7665
2023-10-02 21:00:00+00:00,27843.68,27873.4,27281.44,27494.51,7663.2098,156087,3694.7035
2023-10-03 00:00:00+00:00,27494.51,27613.78,27381.48,27584.2,4563.1748,128018,1810.466
2023-10-03 03:00:00+00:00,27584.2,27648.05,27536,27572.37,2290.242,105388,1189.0286
2023-10-03 06:00:00+00:00,27572.37,27676.52,27521.43,27595.14,2503.3627,114135,1128.5739
2023-10-03 09:00:00+00:00,27595.14,27635.8,27475,27559.99,3031.2876,145902,1406.1841
2023-10-03 12:00:00+00:00,27560,27579.7,27258.05,27350.59,6225.6733,257096,2958.7171
2023-10-03 15:00:00+00:00,27350.59,27486.2,27234.55,27435.4,3807.9744,195691,1915.9221
2023-10-03 18:00:00+00:00,27435.4,27447.75,27160.5,27394.25,3868.8291,156555,1782.0912
2023-10-03 21:00:00+00:00,27394.24,27469.65,27270,27426.46,2638.4217,99592,1371.0522
2023-10-04 00:00:00+00:00,27426.45,27510.29,27202,27412.14,6341.1998,218082,3623.6873
2023-10-04 03:00:00+00:00,27412.14,27465.14,27357.1,27407.18,1463.2466,81327,657.74989
2023-10-04 06:00:00+00:00,27407.18,27574.11,27350.75,27519.93,2319.995,113597,1210.7548
2023-10-04 09:00:00+00:00,27519.93,27643.09,27507.31,27572.43,3558.7757,131039,1657.888
2023-10-04 12:00:00+00:00,27572.43,27633.42,27329.85,27386.94,4698.3969,200553,2251.3925
2023-10-04 15:00:00+00:00,27386.93,27597.45,27363.69,27539.51,3440.9431,163343,1676.5442
2023-10-04 18:00:00+00:00,27539.5,27839.72,27522,27648.98,5681.6651,193822,2807.832
2023-10-04 21:00:00+00:00,27648.99,27831.51,27647.65,27778.57,2311.9197,86618,1191.8531
2023-10-05 00:00:00+00:00,27778.57,27896.07,27660.89,27677.67,2698.5918,136543,1415.9992
2023-10-05 03:00:00+00:00,27677.67,27709.53,27638.36,27641.31,1423.7653,79338,754.76392
2023-10-05 06:00:00+00:00,27641.31,27666,27550.77,27649.63,2251.5695,100480,1171.0945
2023-10-05 09:00:00+00:00,27649.62,27774.55,27635.38,27725.68,2321.1375,99815,1120.2965
2023-10-05 12:00:00+00:00,27725.68,28120.39,27677.33,27960.61,7940.8696,284037,4194.9807
2023-10-05 15:00:00+00:00,27960.61,27970,27352,27483.43,9729.4405,331284,4450.1934
2023-10-05 18:00:00+00:00,27483.43,27535.52,27410,27472.65,2600.4956,111688,1208.0226
2023-10-05 21:00:00+00:00,27472.65,27509.45,27388,27410.39,1715.6265,67212,670.64316
2023-10-06 00:00:00+00:00,27410.39,27590,27389.99,27541.63,2754.6564,92142,1381.0531
2023-10-06 03:00:00+00:00,27541.63,27577,27477.84,27499.99,1642.4648,66805,811.22936
2023-10-06 06:00:00+00:00,27499.99,27668.2,27464.48,27616.68,2861.4503,109108,1516.0955
2023-10-06 09:00:00+00:00,27616.68,27801,27588.53,27760,4163.5603,145887,2085.4846
2023-10-06 12:00:00+00:00,27760,27768.2,27175.94,27670,10349.396,346486,5059.1265
2023-10-06 15:00:00+00:00,27670,28044.86,27632.55,27958.52,8481.1053,280411,4254.9886
2023-10-06 18:00:00+00:00,27958.53,28038,27866.66,27977.6,3657.0125,140979,1963.1456
2023-10-06 21:00:00+00:00,27977.59,28295,27877.6,27931.09,4073.5967,144882,2020.1167
2023-10-07 00:00:00+00:00,27931.1,27955.9,27842.08,27878.83,2252.8457,97598,1095.3894
2023-10-07 03:00:00+00:00,27878.84,27944.84,27871.69,27900.44,1280.7631,68409,638.14829
2023-10-07 06:00:00+00:00,27900.45,28020.32,27875,28006.61,1892.1406,81675,971.15228
2023-10-07 09:00:00+00:00,28006.61,28029.67,27927.95,27942.12,2007.7944,87709,970.13816
2023-10-07 12:00:00+00:00,27942.12,27986.27,27895.28,27952.48,1377.4417,84966,658.48523
2023-10-07 15:00:00+00:00,27952.47,27971.82,27898.71,27933.15,1543.3018,83330,716.42894
2023-10-07 18:00:00+00:00,27933.16,27946.6,27850,27925.55,1809.7775,84206,863.06425
2023-10-07 21:00:00+00:00,27925.55,27959.75,27913.31,27956.67,1184.7735,53730,479.54431
2023-10-08 00:00:00+00:00,27956.67,28092.21,27943.9,28012.64,1704.2483,78870,925.70133
2023-10-08 03:00:00+00:00,28012.64,28095.14,27878.06,27933.91,5304.5129,133162,2190.8295
2023-10-08 06:00:00+00:00,27933.92,27953.21,27867.43,27911.55,1429.5823,65811,639.31845
2023-10-08 09:00:00+00:00,27911.55,27934.08,27775,27811.63,2500.1224,105595,1131.9506
2023-10-08 12:00:00+00:00,27811.63,27999.72,27687.5,27930.72,3191.2031,156283,1587.6875
2023-10-08 15:00:00+00:00,27930.73,27952.61,27870.96,27878.8,1941.5912,94290,945.8911
2023-10-08 18:00:00+00:00,27878.79,27930,27807.82,27904.04,1577.5388,85299,807.06591
2023-10-08 21:00:00+00:00,27904.04,27980,27800,27917.05,2044.7701,103420,987.63833
2023-10-09 00:00:00+00:00,27917.06,27987.93,27796.53,27938.22,2193.6861,109026,1050.7966
2023-10-09 03:00:00+00:00,27938.22,27962.08,27860,27864.2,1352.8222,60887,509.62252
2023-10-09 06:00:00+00:00,27864.21,27913.9,27715,27745.76,3045.0767,123300,1357.2707
2023-10-09 09:00:00+00:00,27745.77,27797.51,27412.21,27468.92,8123.629,245425,3926.0321
2023-10-09 12:00:00+00:00,27468.91,27578.81,27374.73,27498.19,5000.8428,191745,2511.5631
2023-10-09 15:00:00+00:00,27498.19,27589.76,27260,27589.76,7104.5506,243596,3429.6019
2023-10-09 18:00:00+00:00,27589.76,27750.03,27529.99,27569.6,3541.7247,119751,1789.2658
2023-10-09 21:00:00+00:00,27569.61,27638.24,27556.2,27590.12,1172.4143,62795,503.27729
2023-10-10 00:00:00+00:00,27590.12,27697.56,27492.6,27680.52,2124.5227,98286,1094.1825
2023-10-10 03:00:00+00:00,27680.53,27691.81,27579.87,27607.23,1429.9269,62610,596.59913
2023-10-10 06:00:00+00:00,27607.24,27735,27607.23,27677.1,1905.2538,88093,929.20244
2023-10-10 09:00:00+00:00,27677.1,27682.24,27500,27508.87,2634.9115,107878,1162.4213
2023-10-10 12:00:00+00:00,27508.86,27630,27338.87,27440.68,5805.7104,225796,2860.0208
2023-10-10 15:00:00+00:00,27440.68,27511.96,27329.62,27369.2,4620.6737,224060,2144.3731
2023-10-10 18:00:00+00:00,27369.19,27428,27298,27399.99,2910.8592,133722,1432.9021
2023-10-10 21:00:00+00:00,27399.99,27470.01,27379.88,27390.12,1344.9858,61827,631.52185
2023-10-11 00:00:00+00:00,27390.12,27477.39,27034,27120.93,4799.5361,149758,1985.6625
2023-10-11 03:00:00+00:00,27120.93,27158.81,26964.89,27113.68,4216.9903,145910,2109.9164
2023-10-11 06:00:00+00:00,27113.69,27119.84,27017,27108.43,3155.3438,107664,1433.3821
2023-10-11 09:00:00+00:00,27108.44,27332,27090.01,27196.26,3849.8233,164149,1765.1314
2023-10-11 12:00:00+00:00,27196.26,27262.45,27030,27091.88,4094.689,212666,1877.5559
2023-10-11 15:00:00+00:00,27091.89,27100,26538.66,26632.26,11057.951,307730,4899.8934
2023-10-11 18:00:00+00:00,26632.27,26795.63,26585.51,26725.28,4278.6026,153921,2387.0604
2023-10-11 21:00:00+00:00,26725.28,26885.41,26680,26875.52,1896.5111,94681,1001.4753
2023-10-12 00:00:00+00:00,26875.52,26947.04,26735.83,26903.29,3367.0359,115390,2002.2727
2023-10-12 03:00:00+00:00,26903.29,26916.89,26783.14,26876.85,1733.6625,78433,830.63466
2023-10-12 06:00:00+00:00,26876.85,26920.81,26771.19,26802.8,2620.115,125070,1157.0605
2023-10-12 09:00:00+00:00,26802.81,26867.14,26655.6,26837.84,4125.5234,154591,1699.6577
2023-10-12 12:00:00+00:00,26837.84,26862.74,26633.57,26701.94,3563.9908,188639,1593.4804
2023-10-12 15:00:00+00:00,26701.93,26804.99,26555,26641.9,4435.2517,217558,2090.3472
2023-10-12 18:00:00+00:00,26641.89,26759.01,26596.45,26745,2186.8751,115786,1065.9132
2023-10-12 21:00:00+00:00,26744.99,26775,26706.44,26759.63,1396.1869,70615,689.493
2023-10-13 00:00:00+00:00,26759.63,26876.06,26750,26809.2,1745.892,92310,849.6906
2023-10-13 03:00:00+00:00,26809.2,26830.77,26768.7,26821.92,1590.9205,65795,744.47922
2023-10-13 06:00:00+00:00,26821.92,26943,26787.6,26796.02,3311.9694,113865,1337.9345
2023-10-13 09:00:00+00:00,26796.01,26854.39,26737.4,26820.92,2023.3648,94304,956.70831
2023-10-13 12:00:00+00:00,26820.91,26966.85,26734.65,26757.09,4117.4516,208085,1821.045
2023-10-13 15:00:00+00:00,26757.08,26807.1,26685,26768.26,3015.9169,133139,1428.9824
2023-10-13 18:00:00+00:00,26768.26,27074.07,26723,26981.36,3035.2562,120064,1602.0883
2023-10-13 21:00:00+00:00,26981.37,27130,26755.01,26862,5274.9935,207760,2468.7254
2023-10-14 00:00:00+00:00,26862,26933.88,26845,26905,1482.3493,74619,751.52177
2023-10-14 03:00:00+00:00,26905,26989.58,26882.2,26885.07,1430.2242,64103,629.43525
2023-10-14 06:00:00+00:00,26885.06,26897.18,26841.76,26866.04,2306.6001,73651,602.3669
2023-10-14 09:00:00+00:00,26866.04,26900,26849.82,26872.35,863.93031,51279,396.1114
2023-10-14 12:00:00+00:00,26872.35,26913.87,26850.44,26885.24,1034.6547,64641,468.42222
2023-10-14 15:00:00+00:00,26885.24,26953.18,26880.12,26889.51,1370.1809,75177,638.05119
2023-10-14 18:00:00+00:00,26889.51,26890.33,26815,26845.32,1113.7969,58274,541.99119
2023-10-14 21:00:00+00:00,26845.31,26883.57,26789,26852.48,815.5193,56093,350.95227
2023-10-15 00:00:00+00:00,26852.48,26916.77,26815.76,26883.6,1003.2128,58055,559.63119
2023-10-15 03:00:00+00:00,26883.6,26907.16,26871.86,26882.44,688.87691,44635,276.64341
2023-10-15 06:00:00+00:00,26882.45,26910,26873.91,26905.79,756.00917,47989,346.10797
2023-10-15 09:00:00+00:00,26905.78,26919,26843.79,26852.47,919.46576,51038,341.44633
2023-10-15 12:00:00+00:00,26852.48,26965.28,26808.25,26873.37,2257.9929,109468,1213.2814
2023-10-15 15:00:00+00:00,26873.38,27017.44,26851.98,26982.49,1843.0284,84888,929.0334
2023-10-15 18:00:00+00:00,26982.49,27234.99,26956.17,27206.21,3706.5297,128309,2031.5687
2023-10-15 21:00:00+00:00,27206.2,27293.33,27034.65,27154.15,4099.5762,158560,2104.98
2023-10-16 00:00:00+00:00,27154.14,27285.91,27112.66,27191.29,3688.5851,120615,2148.8878
2023-10-16 03:00:00+00:00,27191.28,27980,27160.01,27916.44,9972.9089,233967,5480.8135
2023-10-16 06:00:00+00:00,27916.43,27971.34,27789,27809.84,7126.2932,185465,3699.8302
2023-10-16 09:00:00+00:00,27809.83,27810.94,27641.72,27749.6,4181.8969,164521,1974.7749
2023-10-16 12:00:00+00:00,27749.61,30000,27709.04,28193.83,34668.165,1004467,17986.402
2023-10-16 15:00:00+00:00,28193.83,28241.63,28034.11,28234.99,5655.0903,210217,2731.4903
2023-10-16 18:00:00+00:00,28235,28808.51,28231.04,28407.4,9456.4591,270366,4901.6772
2023-10-16 21:00:00+00:00,28407.39,28558.7,28230.37,28500.78,3649.8257,99721,1814.1658
2023-10-17 00:00:00+00:00,28500.77,28549.34,28231.01,28368.27,4994.6621,135464,2057.9022
2023-10-17 03:00:00+00:00,28368.28,28369.99,28069.32,28220.44,3868.4332,125269,1784.3827
2023-10-17 06:00:00+00:00,28220.44,28520,28120.5,28437.35,7174.076,198715,4170.0176
2023-10-17 09:00:00+00:00,28437.34,28609.38,28364.21,28422.63,3520.0786,157269,1720.6535
2023-10-17 12:00:00+00:00,28422.63,28510,28135.35,28464.57,7470.3991,300914,3538.4069
2023-10-17 15:00:00+00:00,28464.57,28613.65,28359.89,28427.27,5475.2752,210012,2707.9313
2023-10-17 18:00:00+00:00,28427.27,28540,28306.42,28445.65,3912.766,143002,2047.6458
2023-10-17 21:00:00+00:00,28445.66,28556.56,28373.33,28395.91,2012.7552,75165,967.12804
2023-10-18 00:00:00+00:00,28395.91,28508.83,28320.29,28471.15,2327.1181,115834,1062.917
2023-10-18 03:00:00+00:00,28471.15,28982.36,28439.8,28695.5,6945.4931,213086,3639.8351
2023-10-18 06:00:00+00:00,28695.51,28742.23,28469.99,28561.51,3811.9851,162855,1860.8057
2023-10-18 09:00:00+00:00,28561.52,28599,28236.41,28340.64,4034.3067,160510,1900.1482
2023-10-18 12:00:00+00:00,28340.65,28405.29,28142.87,28190.49,5778.5305,211256,2464.0484
2023-10-18 15:00:00+00:00,28190.49,28437.41,28157.83,28330.04,4686.6525,163255,2488.4092
2023-10-18 18:00:00+00:00,28330.04,28364.54,28190.81,28252.31,2868.4531,115429,1327.244
2023-10-18 21:00:00+00:00,28252.31,28374.27,28215,28320,1709.9368,73010,846.73685
2023-10-19 00:00:00+00:00,28320,28418,28100.66,28210,4470.1974,140557,2253.117
2023-10-19 03:00:00+00:00,28209.99,28349.39,28199.83,28308.38,2198.9344,83626,1114.2005
2023-10-19 06:00:00+00:00,28308.39,28375.47,28242.67,28325.21,2435.4123,98736,1104.4952
2023-10-19 09:00:00+00:00,28325.22,28514.21,28280.96,28450.69,4321.5099,160649,2465.4233
2023-10-19 12:00:00+00:00,28450.7,28750.57,28420,28680.45,6958.4064,245273,3786.0147
2023-10-19 15:00:00+00:00,28680.45,28916.89,28457.56,28547.24,8833.4217,336987,4407.193
2023-10-19 18:00:00+00:00,28547.24,28882.07,28525,28715.38,4177.9631,166227,2138.4845
2023-10-19 21:00:00+00:00,28715.39,28739.73,28598.6,28713.71,2499.6566,98201,1158.3092
2023-10-20 00:00:00+00:00,28713.71,29123,28578.29,28980,4821.0893,187243,2693.4557
2023-10-20 03:00:00+00:00,28980,29400,28920,29221.75,10515.373,324396,4955.6161
2023-10-20 06:00:00+00:00,29221.75,29845.17,29179.96,29731.84,9343.1206,288362,4788.7429
2023-10-20 09:00:00+00:00,29731.84,30207.55,29651.68,29839.99,13573.426,426439,7181.4286
2023-10-20 12:00:00+00:00,29839.99,29910,29380,29586.19,10662.892,346060,4887.8414
2023-10-20 15:00:00+00:00,29586.2,29600,29321,29516.38,4688.3137,144581,2064.0146
2023-10-20 18:00:00+00:00,29516.38,29641.36,29400,29580.92,3616.6543,105505,1767.5579
2023-10-20 21:00:00+00:00,29580.93,29790.59,29577.83,29669.04,2201.2313,93162,1128.1021
2023-10-21 00:00:00+00:00,29669.05,29699.68,29465.53,29486.96,2257.1379,101206,1225.9105
2023-10-21 03:00:00+00:00,29486.96,29627.8,29464.77,29578.66,1782.089,77738,905.49775
2023-10-21 06:00:00+00:00,29578.65,29730.88,29578.65,29662.3,2042.3817,103108,1017.4375
2023-10-21 09:00:00+00:00,29662.29,29878.83,29634.56,29804.99,3975.8668,143734,1964.5292
2023-10-21 12:00:00+00:00,29804.99,29921.68,29678.69,29884.1,3670.5353,141660,1681.7484
2023-10-21 15:00:00+00:00,29884.1,30180,29771.46,30146.68,5602.5542,219600,2993.1393
2023-10-21 18:00:00+00:00,30146.67,30379.99,29931.38,30015.7,6377.7358,267678,3238.4205
2023-10-21 21:00:00+00:00,30015.69,30057.4,29850,29909.8,1809.2184,97413,809.4412
2023-10-22 00:00:00+00:00,29909.8,30075,29843.2,29862.46,2792.5097,121184,1361.8179
2023-10-22 03:00:00+00:00,29862.45,30248,29843.49,30114.51,3534.0978,119810,1867.4962
2023-10-22 06:00:00+00:00,30114.52,30215.09,29640,29832.09,4980.1823,211581,2274.2465
2023-10-22 09:00:00+00:00,29832.09,29991.05,29820,29909.67,2294.3977,122982,1070.3486
2023-10-22 12:00:00+00:00,29909.66,29974.46,29781,29875,2312.5507,104793,1039.4965
2023-10-22 15:00:00+00:00,29874.99,29946.77,29785.52,29914.51,2205.232,105842,1169.3255
2023-10-22 18:00:00+00:00,29914.51,29932.4,29825,29848.15,1368.5079,73644,544.57902
2023-10-22 21:00:00+00:00,29848.15,30051.79,29714.28,29992.46,3365.0675,148463,1834.1583
2023-10-23 00:00:00+00:00,29992.46,30637.77,29883.6,30378.23,8848.8193,329122,4814.1335
2023-10-23 03:00:00+00:00,30378.22,30943.15,30291.43,30788.62,9799.7774,331010,4950.62
2023-10-23 06:00:00+00:00,30788.62,30985.12,30426.82,30686.78,6981.7071,254133,3260.6171
2023-10-23 09:00:00+00:00,30686.78,30784.54,30355.06,30657.04,5693.2153,200628,2701.0554
2023-10-23 12:00:00+00:00,30657.04,30850,30395.01,30779.39,6051.4137,232254,2851.5966
2023-10-23 15:00:00+00:00,30779.39,31317.22,30757.01,30979.74,13129.278,352920,6903.5756
2023-10-23 18:00:00+00:00,30979.74,31826.03,30777,31522.88,14868.582,375148,7490.8468
2023-10-23 21:00:00+00:00,31522.89,34741.91,31419.42,33069.99,28140.85,764723,14866.786
2023-10-24 00:00:00+00:00,33069.99,35280,32832.34,34569.45,26355.945,706680,14249.096
2023-10-24 03:00:00+00:00,34569.45,34722.01,33824.35,33901.12,17169.126,455508,7785.9457
2023-10-24 06:00:00+00:00,33901.11,34229.44,33706.32,34124.68,12609.348,340913,6444.2494
2023-10-24 09:00:00+00:00,34124.68,34876.4,34048.04,34542.91,12545.157,274149,6698.0199
2023-10-24 12:00:00+00:00,34542.9,34835.74,34065.73,34424.38,11006.231,279397,5147.2494
2023-10-24 15:00:00+00:00,34424.38,34549.75,33200,33786.34,21585.592,436827,10256.018
2023-10-24 18:00:00+00:00,33786.35,33970,33380.01,33659.52,6462.5416,163708,3121.1063
2023-10-24 21:00:00+00:00,33659.52,34250,33485.1,33922.73,7531.0844,192978,3707.6352
2023-10-25 00:00:00+00:00,33922.73,34399.82,33773.74,33999.4,6500.317,182665,2963.3242
2023-10-25 03:00:00+00:00,33999.4,34204.78,33900.5,34011.61,4353.3485,137539,1956.4049
2023-10-25 06:00:00+00:00,34011.6,34199.98,33679.05,33948.54,5585.2892,198188,2333.332
2023-10-25 09:00:00+00:00,33948.55,34446.42,33880,34199.2,6309.3507,197794,2856.6943
2023-10-25 12:00:00+00:00,34199.2,34820,34199.19,34769.68,10020.234,279961,5180.9699
2023-10-25 15:00:00+00:00,34769.68,35132.85,34380.85,34660.15,12460.583,347602,6262.0604
2023-10-25 18:00:00+00:00,34660.16,34850.23,34429.83,34671.17,5435.5215,168570,2598.1207
2023-10-25 21:00:00+00:00,34671.17,34757.68,34250,34496.05,4222.3821,131657,1999.5974
2023-10-26 00:00:00+00:00,34496.05,34796.79,34421.98,34746.9,3486.2025,135514,1824.7485
2023-10-26 03:00:00+00:00,34746.9,34824.13,34510.17,34521.06,3707.7194,121020,1448.6073
2023-10-26 06:00:00+00:00,34521.06,34784.61,34410.02,34520.85,5769.0095,185518,2919.9387
2023-10-26 09:00:00+00:00,34520.86,34585.77,33960.39,34102.66,7305.9225,236062,3282.509
2023-10-26 12:00:00+00:00,34102.66,34370,33862,34199.64,7268.557,260427,3368.6065
2023-10-26 15:00:00+00:00,34199.65,34263.29,33751,33943.13,6341.1073,237181,2833.7655
2023-10-26 18:00:00+00:00,33943.12,34200,33905.24,34183.99,3881.7893,127685,1937.9351
2023-10-26 21:00:00+00:00,34183.99,34278,34079.71,34151.66,1984.3549,79378,912.32007
2023-10-27 00:00:00+00:00,34151.66,34171.28,33780,34088.57,3402.2916,149195,1523.9048
2023-10-27 03:00:00+00:00,34088.57,34185.15,33968.45,34084.2,2279.991,93926,911.988
2023-10-27 06:00:00+00:00,34084.21,34245,33921.84,34084.72,4103.4061,126385,1698.76
2023-10-27 09:00:00+00:00,34084.73,34177,33970,34047.01,3103.7954,105837,1198.4746
2023-10-27 12:00:00+00:00,34047,34195.21,33850,33900,7097.106,235695,3068.7622
2023-10-27 15:00:00+00:00,33900,34117.64,33390.95,33600.15,5883.089,201128,2742.7365
2023-10-27 18:00:00+00:00,33600.14,33864.05,33401,33828.61,4396.399,131166,2294.559
2023-10-27 21:00:00+00:00,33828.61,33941.11,33769.04,33892.02,2064.323,68908,871.13922
2023-10-28 00:00:00+00:00,33892.01,34146,33860,34092.35,1790.0292,72189,971.21379
2023-10-28 03:00:00+00:00,34092.35,34185,34006.33,34086.22,1856.7579,71764,895.3268
2023-10-28 06:00:00+00:00,34086.22,34117.7,34031.26,34090,1481.7908,61844,632.19519
2023-10-28 09:00:00+00:00,34090,34493.33,34058.82,34175.84,4390.5938,120112,2231.8962
2023-10-28 12:00:00+00:00,34175.85,34209.35,33907.79,34096.99,3169.726,112388,1444.6519
2023-10-28 15:00:00+00:00,34096.99,34239.7,34070.9,34134.09,2032.9375,70639,1116.8522
2023-10-28 18:00:00+00:00,34134.08,34219.58,34077,34126.1,1135.5193,51911,543.56297
2023-10-28 21:00:00+00:00,34126.1,34190,34060.78,34081,1022.777,46591,477.60856
2023-10-29 00:00:00+00:00,34081.01,34099.62,33952,34032.2,1640.5774,73446,745.34506
2023-10-29 03:00:00+00:00,34032.2,34048.77,33930,34032.35,1078.9106,46742,426.7714
2023-10-29 06:00:00+00:00,34032.36,34259.21,34017.39,34241.64,1425.4558,61460,761.59129
2023-10-29 09:00:00+00:00,34241.65,34321.89,34152,34253.81,2145.166,87288,1014.2158
2023-10-29 12:00:00+00:00,34253.81,34511.62,34253.8,34479.99,3935.0586,126433,2032.828
2023-10-29 15:00:00+00:00,34479.99,34744.38,34372,34562.41,4548.471,130548,2334.1795
2023-10-29 18:00:00+00:00,34562.41,34750.11,34511.26,34573.45,3096.3996,94651,1391.2761
2023-10-29 21:00:00+00:00,34573.46,34720,34400.61,34525.89,2815.4828,96912,1347.7539
2023-10-30 00:00:00+00:00,34525.88,34570.51,34181.47,34324.58,3562.5225,119089,1698.179
2023-10-30 03:00:00+00:00,34324.59,34348.55,34225,34250.99,2138.6501,72609,913.97233
2023-10-30 06:00:00+00:00,34250.98,34437.11,34114.74,34385.32,4089.8143,141120,1784.0652
2023-10-30 09:00:00+00:00,34385.33,34679.81,34383.79,34608.51,4450.3251,150019,2284.3029
2023-10-30 12:00:00+00:00,34608.51,34856,34470,34611.69,7382.8816,230257,3567.7562
2023-10-30 15:00:00+00:00,34611.69,34760,34062.84,34307.78,6978.4313,203388,2908.2585
2023-10-30 18:00:00+00:00,34307.79,34439.83,34264.57,34414.96,2726.6808,113656,1151.205
2023-10-30 21:00:00+00:00,34414.95,34569.68,34359.9,34474.73,2328.6541,87589,929.82869
2023-10-31 00:00:00+00:00,34474.74,34600,34260.02,34352.01,3901.2097,127421,1603.5579
2023-10-31 03:00:00+00:00,34352.02,34375.78,34166,34282.21,3413,112438,1619.8539
2023-10-31 06:00:00+00:00,34282.21,34416.66,34025,34400.92,5038.8507,185935,2546.7683
2023-10-31 09:00:00+00:00,34400.92,34535.75,34337.97,34488.27,3445.5139,129734,1723.1021
2023-10-31 12:00:00+00:00,34488.26,34514,34130,34315.84,5173.8251,190246,2301.2662
2023-10-31 15:00:00+00:00,34315.85,34500,34150,34381.03,3911.7184,167369,1905.2869
2023-10-31 18:00:00+00:00,34381.04,34710,34335.29,34632.66,4361.2488,146155,2417.2172
2023-10-31 21:00:00+00:00,34632.66,34720.49,34430,34639.77,3492.5317,119755,1726.7425
2023-11-01 00:00:00+00:00,34639.78,34668.05,34426.09,34450.03,2975.2396,113612,1302.2522
2023-11-01 03:00:00+00:00,34450.04,34466.03,34333,34348.39,2327.4475,85364,1058.6437
2023-11-01 06:00:00+00:00,34348.4,34498.57,34316,34440.17,2490.3383,94847,1112.9614
2023-11-01 09:00:00+00:00,34440.17,34493.48,34345,34424.07,2522.3703,96511,991.26594
2023-11-01 12:00:00+00:00,34424.07,35200,34097.39,34183.96,16267.935,423238,7707.3032
2023-11-01 15:00:00+00:00,34183.97,34543.13,34161.73,34510.28,6815.9169,196986,3345.5201
2023-11-01 18:00:00+00:00,34510.28,35478,34432.76,35406.08,10767.137,338380,5870.7971
2023-11-01 21:00:00+00:00,35406.08,35582,35086.57,35421.43,9306.8968,275697,4390.2593
2023-11-02 00:00:00+00:00,35421.43,35984.99,35362,35678.85,7202.5277,216226,3686.4643
2023-11-02 03:00:00+00:00,35678.85,35819.81,35152,35196.7,5890.0264,178887,2598.0319
2023-11-02 06:00:00+00:00,35196.69,35352.88,35063.25,35318.14,4892.3573,142373,2443.39
2023-11-02 09:00:00+00:00,35318.14,35478.02,35253.02,35373.56,3858.7908,130500,1853.6918
2023-11-02 12:00:00+00:00,35373.56,35457.96,34680,34924.74,9076.829,262243,4383.8731
2023-11-02 15:00:00+00:00,34924.74,34932.53,34300,34771.99,9056.0697,260059,4490.651
2023-11-02 18:00:00+00:00,34772,35097.19,34720.83,34903.64,5363.0953,159537,2687.5093
2023-11-02 21:00:00+00:00,34903.65,34973.64,34706.51,34941.59,2675.8811,101012,1159.7423
2023-11-03 00:00:00+00:00,34941.58,34946.5,34366.7,34677.59,5654.4103,179788,2719.5141
2023-11-03 03:00:00+00:00,34677.59,34702.93,34310,34540.72,3494.8522,119557,1534.8836
2023-11-03 06:00:00+00:00,34540.72,34626.12,34212,34428.07,4947.4391,149354,2475.4506
2023-11-03 09:00:00+00:00,34428.07,34448.67,34120,34252.4,6407.6009,180784,3457.1956
2023-11-03 12:00:00+00:00,34252.39,34788,34150.68,34712.69,6515.6965,210466,3453.8762
2023-11-03 15:00:00+00:00,34712.69,34848.79,34323.37,34425.2,6308.157,183783,2827.4324
2023-11-03 18:00:00+00:00,34425.21,34659.66,34351.18,34593.9,3498.5865,130223,1684.8157
2023-11-03 21:00:00+00:00,34593.9,34740,34563.54,34716.78,2244.464,83418,1015.6886
2023-11-04 00:00:00+00:00,34716.78,34786.68,34632.47,34673.75,1929.8093,91762,892.4528
2023-11-04 03:00:00+00:00,34673.76,34760,34585.18,34760,1641.4792,83649,805.83458
2023-11-04 06:00:00+00:00,34759.99,35000,34709.92,34854.42,3692.5938,150483,1998.7392
2023-11-04 09:00:00+00:00,34854.43,34869.48,34680.13,34712.37,2000.0734,88625,843.02253
2023-11-04 12:00:00+00:00,34712.37,34803.97,34656.01,34733.14,2007.3246,92424,963.59687
2023-11-04 15:00:00+00:00,34733.14,34772.53,34644,34761.17,1544.5547,83103,763.70713
2023-11-04 18:00:00+00:00,34761.16,34795.46,34708.54,34754.85,997.49272,58260,424.38123
2023-11-04 21:00:00+00:00,34754.84,35255,34754.8,35062.07,4564.2278,146481,2537.4322
2023-11-05 00:00:00+00:00,35062.06,35086.31,34935,35049.74,2339.9874,107974,1115.5058
2023-11-05 03:00:00+00:00,35049.73,35305.75,35016.09,35163.98,3417.5924,128247,1833.1977
2023-11-05 06:00:00+00:00,35163.99,35188.68,35000.2,35024.2,2606.8282,105876,1165.627
2023-11-05 09:00:00+00:00,35024.2,35150,35024.2,35085.98,2459.9285,96422,1025.8852
2023-11-05 12:00:00+00:00,35085.97,35172.2,34757.47,34897.19,3577.2245,163252,1690.6373
2023-11-05 15:00:00+00:00,34897.2,35278.54,34804.21,35066.92,3019.4754,142305,1580.8432
2023-11-05 18:00:00+00:00,35066.91,35110,34965.83,35014.53,1694.8035,87944,796.50762
2023-11-05 21:00:00+00:00,35014.53,35380,34448,35011.88,5412.8938,206448,2662.1282
2023-11-06 00:00:00+00:00,35011.89,35118.71,34832,34901.89,3036.3509,127089,1436.0287
2023-11-06 03:00:00+00:00,34901.88,35024.99,34725.9,34808.17,2716.4734,111562,1235.3927
2023-11-06 06:00:00+00:00,34808.17,34959,34762.28,34955.34,1578.442,87954,758.94329
2023-11-06 09:00:00+00:00,34955.34,35276.33,34938.16,35232.45,3657.159,147616,1906.5807
2023-11-06 12:00:00+00:00,35232.45,35250,34902.06,35200,4502.3971,180241,2155.7497
2023-11-06 15:00:00+00:00,35200,35210,34900.43,34981.66,2745.7442,132164,1331.6239
2023-11-06 18:00:00+00:00,34981.67,35090.2,34810.64,35022.45,2309.4597,109073,1112.4593
2023-11-06 21:00:00+00:00,35022.45,35150,34892.03,35046.09,1800.4446,92547,833.499
2023-11-07 00:00:00+00:00,35046.09,35053.41,34801,34814.33,2621.693,134530,1175.5814
2023-11-07 03:00:00+00:00,34814.32,34941.57,34790.64,34913.02,2174.2461,89847,1033.5524
2023-11-07 06:00:00+00:00,34913.02,34975.9,34860,34906.03,1798.0831,88181,821.97148
2023-11-07 09:00:00+00:00,34906.04,34920.01,34551,34627.83,5229.8731,198886,2365.6653
2023-11-07 12:00:00+00:00,34627.83,34840.88,34523.06,34822.47,3602.4835,143608,1837.4382
2023-11-07 15:00:00+00:00,34822.48,34859,34560,34850,3608.105,154755,1758.2743
2023-11-07 18:00:00+00:00,34850,35888,34839.19,35618.54,14000.42,367201,7662.9681
2023-11-07 21:00:00+00:00,35618.53,35698.93,35200.18,35399.12,5653.8329,175788,2719.8175
2023-11-08 00:00:00+00:00,35399.13,35419.29,35250,35306.6,2281.8995,86101,1080.6692
2023-11-08 03:00:00+00:00,35306.61,35361.7,35231.02,35259.19,1765.9988,73046,755.5306
2023-11-08 06:00:00+00:00,35259.18,35332.94,35167.78,35299.92,2787.732,103582,1449.6462
2023-11-08 09:00:00+00:00,35299.92,35437.09,35272.7,35330.79,3294.2391,105154,1798.796
2023-11-08 12:00:00+00:00,35330.8,35469.29,35258,35310.34,3110.7694,119624,1615.5077
2023-11-08 15:00:00+00:00,35310.34,35479.45,35100,35313.72,4499.8874,151213,2424.9254
2023-11-08 18:00:00+00:00,35313.72,35768.84,35288.2,35616.93,5585.3248,189862,2804.6431
2023-11-08 21:00:00+00:00,35616.92,36106,35390,35624.72,10075.49,303986,5263.1063
2023-11-09 00:00:00+00:00,35624.72,36550,35534.05,36363.44,9202.7591,288420,4809.093
2023-11-09 03:00:00+00:00,36363.44,36863.91,36172.4,36576.84,8326.5066,222648,4180.9359
2023-11-09 06:00:00+00:00,36576.84,36799,36500,36664.19,5683.7277,140901,2568.6863
2023-11-09 09:00:00+00:00,36664.19,36990,36575.08,36805.71,6110.3638,154124,3202.29
2023-11-09 12:00:00+00:00,36805.71,37965,36759,37854.73,16378.905,343729,9427.6609
2023-11-09 15:00:00+00:00,37854.33,37972.24,35600,36625.27,25487.33,616957,11930.083
2023-11-09 18:00:00+00:00,36625.28,36630.33,36139.57,36552.23,5750.559,203644,3081.7189
2023-11-09 21:00:00+00:00,36552.22,36784.57,36447.33,36701.09,5597.7371,168342,2956.3448
2023-11-10 00:00:00+00:00,36701.1,36870,36446.2,36858.11,4174.7085,160558,2288.2866
2023-11-10 03:00:00+00:00,36858.1,36919.06,36636.45,36754.5,4252.8714,124146,2286.9189
2023-11-10 06:00:00+00:00,36754.5,36770,36324.71,36516.3,5298.0997,151270,2119.7317
2023-11-10 09:00:00+00:00,36516.3,37147.2,36458.45,37071.09,5840.7796,177898,3290.2954
2023-11-10 12:00:00+00:00,37071.1,37260.19,36822,37056.69,7341.1053,223798,3731.5827
2023-11-10 15:00:00+00:00,37056.69,37455,36935.2,37200.47,7967.4791,205937,3717.9796
2023-11-10 18:00:00+00:00,37200.46,37424.22,37070.19,37231.86,4628.8764,130404,2027.2972
2023-11-10 21:00:00+00:00,37231.86,37526,37161.1,37301.63,3910.129,123718,1926.4768
2023-11-11 00:00:00+00:00,37301.63,37408.26,36900.1,37106.28,4466.6454,148807,1969.0766
2023-11-11 03:00:00+00:00,37106.29,37131.35,36920.73,37074.64,2666.7519,107749,1206.6605
2023-11-11 06:00:00+00:00,37074.64,37134.85,36928.4,36967.16,2468.4351,99502,1155.6643
2023-11-11 09:00:00+00:00,36967.17,37056.25,36910,36988.52,1859.1808,82181,909.6721
2023-11-11 12:00:00+00:00,36988.51,37274.3,36951.1,37236.83,3018.6772,114256,1493.6756
2023-11-11 15:00:00+00:00,37236.84,37240.2,37021.32,37109.99,2996.8542,137082,1394.5814
2023-11-11 18:00:00+00:00,37109.99,37175,36980,37000.66,2102.2978,98290,1013.2399
2023-11-11 21:00:00+00:00,37000.66,37155,36666.93,37130,3406.13,135433,1586.0875
2023-11-12 00:00:00+00:00,37129.99,37180,36731.1,36898.51,2945.0511,136793,1303.7334
2023-11-12 03:00:00+00:00,36898.51,37118.34,36861.1,37108.05,1789.5184,79936,996.82794
2023-11-12 06:00:00+00:00,37108.06,37171.1,37052.73,37095.84,2527.312,110246,1135.4355
2023-11-12 09:00:00+00:00,37095.85,37132.36,37026.69,37055.5,1925.9958,92759,928.50306
2023-11-12 12:00:00+00:00,37055.49,37189,36931.1,37145.55,2900.6162,123851,1429.4961
2023-11-12 15:00:00+00:00,37145.55,37222.22,37059.94,37076.68,1981.2754,99531,957.70911
2023-11-12 18:00:00+00:00,37076.68,37200,37051.95,37131.98,1696.3471,81270,861.96471
2023-11-12 21:00:00+00:00,37131.98,37202.09,36938.23,37064.13,1921.0728,86499,892.79062
2023-11-13 00:00:00+00:00,37064.13,37417.99,36952.86,37142.13,4003.1611,145473,2074.3678
2023-11-13 03:00:00+00:00,37142.14,37155.2,36812.39,36916.94,3620.9438,138295,1643.3563
2023-11-13 06:00:00+00:00,36916.93,37050,36755,37023.33,3064.4875,107698,1549.8652
2023-11-13 09:00:00+00:00,37023.32,37034.97,36692.58,36810.02,3404.8372,126981,1490.9247
2023-11-13 12:00:00+00:00,36810.02,36945.89,36534.04,36787.23,5059.966,187481,2384.1737
2023-11-13 15:00:00+00:00,36787.23,37031.45,36622.57,36670.09,5362.069,202717,2501.7152
2023-11-13 18:00:00+00:00,36670.09,36875,36601,36785.18,2566.4932,111349,1239.5502
2023-11-13 21:00:00+00:00,36785.18,36788.79,36333,36462.93,5716.2247,197197,2558.492
2023-11-14 00:00:00+00:00,36462.93,36470,36190.17,36426.99,4178.2244,144516,1858.6586
2023-11-14 03:00:00+00:00,36426.99,36630,36381.1,36627.79,1781.2219,78158,925.57372
2023-11-14 06:00:00+00:00,36627.78,36744,36590,36733.34,2778.0445,93849,1206.8797
2023-11-14 09:00:00+00:00,36733.34,36741.1,36236.36,36259.18,4669.3472,158744,2059.6805
2023-11-14 12:00:00+00:00,36259.17,36693.01,36205.81,36594.81,5953.1553,201383,3037.1875
2023-11-14 15:00:00+00:00,36594.8,36619.89,35889,36091.09,7850.4436,240540,3627.5386
2023-11-14 18:00:00+00:00,36091.1,36125.74,34800,35285.99,14185.26,374544,6327.9203
2023-11-14 21:00:00+00:00,35285.99,35673.14,35216,35551.19,4107.9868,112694,2161.7472
2023-11-15 00:00:00+00:00,35551.2,35665.45,35360,35480.6,4478.6126,109572,2188.6048
2023-11-15 03:00:00+00:00,35480.6,35614.51,35370,35600,1999.0986,73783,1018.4347
2023-11-15 06:00:00+00:00,35600.01,35837.51,35522.46,35792.11,3781.5856,108791,1915.9094
2023-11-15 09:00:00+00:00,35792.1,36278.62,35748.74,36240.94,5423.8098,153272,2901.8547
2023-11-15 12:00:00+00:00,36240.95,36397.3,36002.35,36111.1,5718.9002,169697,2948.2367
2023-11-15 15:00:00+00:00,36111.11,36554.99,36104.7,36491.04,5886.628,180706,3196.0977
2023-11-15 18:00:00+00:00,36491.05,37841.1,36450,37531.08,20061.557,555118,10847.325
2023-11-15 21:00:00+00:00,37531.09,37980,37409.02,37858.2,6218.942,194488,3125.6797
2023-11-16 00:00:00+00:00,37858.2,37929.54,37337.57,37507.25,5234.7657,182632,2253.4321
2023-11-16 03:00:00+00:00,37507.25,37540.71,37307.55,37455.32,2550.5655,97922,1262.2786
2023-11-16 06:00:00+00:00,37455.33,37621.1,37181.18,37300.4,3514.58,141686,1601.0443
2023-11-16 09:00:00+00:00,37300.4,37544,37121.09,37247.48,4287.2493,165497,2122.738
2023-11-16 12:00:00+00:00,37247.49,37319.99,36426.28,36708.18,9515.1907,280368,4353.3852
2023-11-16 15:00:00+00:00,36708.18,36912.83,36256.15,36313.27,6672.4405,217332,3184.958
2023-11-16 18:00:00+00:00,36313.28,36398.61,35500,35955.01,10635.789,304970,4925.3267
2023-11-16 21:00:00+00:00,35955.02,36273.32,35828.6,36163.51,5079.8154,152039,2510.8863
2023-11-17 00:00:00+00:00,36163.51,36673.69,36101.44,36451.99,4645.2061,142348,2348.5029
2023-11-17 03:00:00+00:00,36451.99,36521.44,36145.55,36355.57,3912.2199,116787,1638.0518
2023-11-17 06:00:00+00:00,36355.57,36450,36164.48,36402.63,3877.8759,120176,1872.7616
2023-11-17 09:00:00+00:00,36402.62,36464,36121,36372.83,3706.1023,146264,1728.2735
2023-11-17 12:00:00+00:00,36372.82,36620,35861.1,36015.53,6106.1794,237560,2927.1699
2023-11-17 15:00:00+00:00,36015.53,36800,35909.17,36499.99,9396.7417,337963,4613.6474
2023-11-17 18:00:00+00:00,36500,36576.55,36227.87,36483.27,3890.9391,138442,1900.8764
2023-11-17 21:00:00+00:00,36483.26,36723.59,36342.48,36613.92,2748.3466,109782,1374.0806
2023-11-18 00:00:00+00:00,36613.91,36613.92,36377.88,36408.09,1854.805,81204,841.21167
2023-11-18 03:00:00+00:00,36408.1,36426.51,36303.98,36334,1452.3263,79700,675.19053
2023-11-18 06:00:00+00:00,36334.01,36479.22,36178.58,36448.01,2407.4345,101085,1169.4209
2023-11-18 09:00:00+00:00,36448,36538.61,36392,36402.8,1549.304,76780,762.46421
2023-11-18 12:00:00+00:00,36402.79,36568.76,36347.69,36507.03,2204.0942,105545,1083.232
2023-11-18 15:00:00+00:00,36507.04,36845.49,36505.14,36620,4044.0002,151001,1980.3923
2023-11-18 18:00:00+00:00,36620.01,36768,36536.08,36598,1961.6326,103265,881.98862
2023-11-18 21:00:00+00:00,36597.99,36611.78,36443.1,36568.1,1628.6451,85918,707.64735
2023-11-19 00:00:00+00:00,36568.11,36573.44,36388.27,36453.99,1638.0453,84511,736.03393
2023-11-19 03:00:00+00:00,36454,36548.41,36422.6,36510.96,1098.4262,57848,542.5985
2023-11-19 06:00:00+00:00,36510.95,36716,36500,36615.99,1997.5852,105500,1066.8919
2023-11-19 09:00:00+00:00,36616,36660.36,36384.02,36453.62,2014.1701,91864,950.23808
2023-11-19 12:00:00+00:00,36453.63,36515.5,36385.7,36457.99,1896.7921,101031,837.78767
2023-11-19 15:00:00+00:00,36457.99,36640,36406.53,36603.04,1869.0122,84092,944.21648
2023-11-19 18:00:00+00:00,36603.04,37027.9,36597.49,36916.8,5164.2849,156164,2607.5777
2023-11-19 21:00:00+00:00,36916.81,37500,36845.64,37359.86,5568.0304,181390,2889.9087
2023-11-20 00:00:00+00:00,37359.85,37382.68,37138,37303.92,3214.4232,127992,1461.876
2023-11-20 03:00:00+00:00,37303.93,37315.77,37038.3,37132.88,2377.7121,99634,1023.3835
2023-11-20 06:00:00+00:00,37132.88,37257.08,37060.4,37123.95,2464.1253,107537,1147.5916
2023-11-20 09:00:00+00:00,37123.94,37420,37076.06,37147.5,4039.2119,156082,2062.9302
2023-11-20 12:00:00+00:00,37147.51,37489.39,36677,37411.11,5733.0257,227204,2893.8061
2023-11-20 15:00:00+00:00,37411.11,37750,36812.13,37576.66,10384.251,370869,5357.3105
2023-11-20 18:00:00+00:00,37576.65,37746,37302.02,37548.69,4882.5525,233750,2293.2142
2023-11-20 21:00:00+00:00,37548.68,37605.76,37271.1,37448.78,2927.4013,161982,1351.1145
2023-11-21 00:00:00+00:00,37448.79,37649.44,37304.72,37452.34,2943.0516,150438,1393.6594
2023-11-21 03:00:00+00:00,37452.33,37555.99,37316,37355.89,1942.8078,98989,860.91096
2023-11-21 06:00:00+00:00,37355.9,37418,37241.25,37407.62,2037.7581,97015,974.34624
2023-11-21 09:00:00+00:00,37407.63,37407.63,37150,37174.97,2244.4446,104662,943.01826
2023-11-21 12:00:00+00:00,37174.97,37229.97,36450,36635.97,7456.2467,254018,3276.0961
2023-11-21 15:00:00+00:00,36635.97,37500,36250,36901.99,15764.327,563308,7822.1799
2023-11-21 18:00:00+00:00,36901.99,37170,36700,36935.9,5663.0786,306240,2751.8656
2023-11-21 21:00:00+00:00,36935.89,37023.01,35735,35741.65,9594.834,362225,4349.3442
2023-11-22 00:00:00+00:00,35741.65,36306.71,35632.01,36294.13,6536.806,212932,3749.1469
2023-11-22 03:00:00+00:00,36294.12,36479.84,36260,36358.99,4135.4184,130348,2376.2209
2023-11-22 06:00:00+00:00,36358.99,36562.06,36358.99,36560.22,2978.7977,136265,1497.6033
2023-11-22 09:00:00+00:00,36560.23,36773.53,36436.64,36463.93,3718.6017,161923,1890.8613
2023-11-22 12:00:00+00:00,36463.94,36650,36276.06,36397.39,4610.5577,184046,2135.7018
2023-11-22 15:00:00+00:00,36397.39,36638.91,36239.2,36586.75,4508.6693,225386,2295.4458
2023-11-22 18:00:00+00:00,36586.76,37618,36562.57,37615.99,10167.957,341699,5477.7445
2023-11-22 21:00:00+00:00,37615.98,37861.1,37250.55,37408.34,8394.4991,255775,3623.9872
2023-11-23 00:00:00+00:00,37408.35,37535.1,37288.74,37335.98,3241.9566,131826,1564.4923
2023-11-23 03:00:00+00:00,37335.97,37411.59,37240,37323.11,2145.5155,90616,963.45397
2023-11-23 06:00:00+00:00,37323.11,37514.11,37268.25,37500,2437.7267,99931,1044.0142
2023-11-23 09:00:00+00:00,37500.01,37653.44,37159.95,37370,4562.9364,148314,1981.7056
2023-11-23 12:00:00+00:00,37370,37530,37123.77,37204.11,3442.0747,146892,1719.2562
2023-11-23 15:00:00+00:00,37204.1,37245.52,36870,37169.78,4336.1731,179355,2099.7993
2023-11-23 18:00:00+00:00,37169.77,37385,37163.55,37278.95,2056.4113,112973,963.98563
2023-11-23 21:00:00+00:00,37278.95,37385,37203.65,37294.28,1605.1346,82377,749.64412
2023-11-24 00:00:00+00:00,37294.27,37494.57,37251.51,37383.51,2049.6982,101622,1059.8883
2023-11-24 03:00:00+00:00,37383.51,37425.65,37300.39,37425.64,1293.9791,70196,571.07879
2023-11-24 06:00:00+00:00,37425.65,37570,37356.01,37437.9,2878.215,105035,1359.914
2023-11-24 09:00:00+00:00,37437.91,38035.46,37436.51,37741.99,10059.035,281398,5427.6649
2023-11-24 12:00:00+00:00,37741.99,37971.76,37600,37791.72,5949.8412,195725,2845.8331
2023-11-24 15:00:00+00:00,37791.73,38414,37550.32,37850,16024.022,380593,8117.0706
2023-11-24 18:00:00+00:00,37850,37891.7,37570.52,37827.57,3370.4517,129842,1612.8999
2023-11-24 21:00:00+00:00,37827.57,37943.6,37580,37713.57,3055.5646,115003,1354.8227
2023-11-25 00:00:00+00:00,37713.57,37822.58,37676.03,37821.58,1824.0103,81246,886.49232
2023-11-25 03:00:00+00:00,37821.57,37839.44,37720,37812.77,1267.0759,66995,579.84331
2023-11-25 06:00:00+00:00,37812.77,37828.93,37740,37761.1,1173.8172,69018,523.6669
2023-11-25 09:00:00+00:00,37761.09,37775,37591.1,37652.51,1895.4708,88272,834.1593
2023-11-25 12:00:00+00:00,37652.51,37734.99,37636.21,37677.22,1294.8858,73067,573.67266
2023-11-25 15:00:00+00:00,37677.22,37796.79,37620,37765.37,1276.9343,67271,544.98537
2023-11-25 18:00:00+00:00,37765.37,37888,37756.24,37788.99,1596.1151,65749,755.53094
2023-11-25 21:00:00+00:00,37788.99,37809.93,37711.76,37780.67,1067.8351,57830,455.56036
2023-11-26 00:00:00+00:00,37780.67,37784.63,37662.18,37744,1145.5844,64010,524.49298
2023-11-26 03:00:00+00:00,37744.01,37773.22,37694.48,37773.21,782.25908,49147,348.84297
2023-11-26 06:00:00+00:00,37773.22,37814.63,37729,37755.48,1167.3666,58544,551.1169
2023-11-26 09:00:00+00:00,37755.48,37783.29,37666.8,37679.31,1337.3498,74080,610.52828
2023-11-26 12:00:00+00:00,37679.3,37679.31,37287,37341.1,5704.1909,197163,2554.2613
2023-11-26 15:00:00+00:00,37341.1,37508,37150,37275.22,5168.8045,169841,2553.0665
2023-11-26 18:00:00+00:00,37275.21,37649.99,37163.72,37588.57,2814.3744,108803,1460.4731
2023-11-26 21:00:00+00:00,37588.57,37748,37320.3,37447.43,3144.6075,126432,1601.7344
2023-11-27 00:00:00+00:00,37447.42,37569.23,37230,37314.94,2295.5435,106096,1015.5502
2023-11-27 03:00:00+00:00,37314.93,37393.57,37200,37306.32,1835.982,97076,865.24973
2023-11-27 06:00:00+00:00,37306.32,37419.56,37051,37338.14,2844.1148,143135,1261.0552
2023-11-27 09:00:00+00:00,37338.14,37466,36900,37035.95,5779.9416,195294,2740.1221
2023-11-27 12:00:00+00:00,37035.95,37100,36715,36807.99,6230.6213,214693,3087.7864
2023-11-27 15:00:00+00:00,36807.99,37143.43,36707,36923.62,5252.9767,205045,2733.0792
2023-11-27 18:00:00+00:00,36923.62,37078.12,36787.92,36800.02,3177.8598,157472,1447.6655
2023-11-27 21:00:00+00:00,36800.01,37284,36792.51,37242.7,2584.0341,119206,1308.13
2023-11-28 00:00:00+00:00,37242.7,37343.57,37123,37179.11,2120.1306,99201,942.11516
2023-11-28 03:00:00+00:00,37179.1,37199.91,36868.41,36913.76,2509.5716,107172,1046.1288
2023-11-28 06:00:00+00:00,36913.75,37152.31,36893.08,36940.54,2910.9733,129588,1404.6227
2023-11-28 09:00:00+00:00,36940.54,37262.02,36931.1,37251.42,2370.5039,111571,1206.3357
2023-11-28 12:00:00+00:00,37251.43,37457,37142.81,37367.36,3498.0086,158395,1823.494
2023-11-28 15:00:00+00:00,37367.36,38240,37302,38210.75,10291.129,310395,5420.4751
2023-11-28 18:00:00+00:00,38210.75,38377,37875,38198.4,9170.0378,222744,4292.4229
2023-11-28 21:00:00+00:00,38198.4,38234.04,37670.97,37818.87,4674.1119,133713,2032.9677
2023-11-29 00:00:00+00:00,37818.88,38093.72,37677.96,37931.59,3937.7068,118320,1778.8193
2023-11-29 03:00:00+00:00,37931.59,38040.03,37871.1,38035.73,2188.2661,72519,1002.9273
2023-11-29 06:00:00+00:00,38035.72,38370,37982.2,38338,4443.7748,130270,2321.9872
2023-11-29 09:00:00+00:00,38338.01,38450,37878.17,38104.65,6314.9066,203948,2977.9333
2023-11-29 12:00:00+00:00,38104.65,38280,37782,37823.81,5181.4765,186281,2339.6403
2023-11-29 15:00:00+00:00,37823.81,37890.27,37570,37777.01,5771.7554,198151,2669.8725
2023-11-29 18:00:00+00:00,37777,37932.77,37631.1,37675,3050.3197,132669,1400.4088
2023-11-29 21:00:00+00:00,37672.89,37865,37580.85,37854.64,2105.9851,89195,1097.3761
2023-11-30 00:00:00+00:00,37854.65,37916,37686.84,37876.05,2111.9507,101144,1061.6348
2023-11-30 03:00:00+00:00,37876.04,38145.85,37840.35,37885.63,3417.7861,123914,1526.1556
2023-11-30 06:00:00+00:00,37885.63,37950,37553.6,37668.87,4261.5574,148616,1603.0129
2023-11-30 09:00:00+00:00,37668.86,37905.26,37610.48,37885.15,2523.2032,112695,1356.3126
2023-11-30 12:00:00+00:00,37885.15,37966.94,37500,37655.09,5703.0977,205263,2661.3424
2023-11-30 15:00:00+00:00,37655.08,37757.77,37520.01,37740.86,3210.6893,143358,1634.7914
2023-11-30 18:00:00+00:00,37740.86,37807.37,37689.56,37730.94,1912.062,93549,863.29677
2023-11-30 21:00:00+00:00,37730.93,37809.99,37604,37723.96,1599.945,79252,777.90768
2023-12-01 00:00:00+00:00,37723.97,38082.42,37615.86,37990.8,3934.6213,146160,2039.2231
2023-12-01 03:00:00+00:00,37990.79,38243.3,37950.54,38120.84,4527.8999,152142,2223.471
2023-12-01 06:00:00+00:00,38120.84,38358,38070.1,38313.47,5176.6117,175174,2498.8822
2023-12-01 09:00:00+00:00,38313.47,38833,38313.47,38580.17,9661.298,267599,5462.6172
2023-12-01 12:00:00+00:00,38580.17,38629.65,38219,38324.57,4917.7843,192728,2271.5859
2023-12-01 15:00:00+00:00,38324.58,38999,38293.04,38799.01,8461.1006,291700,4485.3806
2023-12-01 18:00:00+00:00,38799.02,38920,38625.61,38749.62,4170.5688,183831,2143.3543
2023-12-01 21:00:00+00:00,38749.62,38900,38645,38682.52,2565.7785,114083,1283.7588
2023-12-02 00:00:00+00:00,38682.51,38795.05,38641.61,38720.7,1860.1191,94467,880.3868
2023-12-02 03:00:00+00:00,38720.69,38821.59,38718.65,38750.01,1406.547,82896,650.49996
2023-12-02 06:00:00+00:00,38750.01,38826.94,38651.1,38713.19,1715.4724,95937,768.18711
2023-12-02 09:00:00+00:00,38713.2,38789.52,38704,38740.16,1435.0433,89687,584.24262
2023-12-02 12:00:00+00:00,38740.17,38869.36,38728.4,38782,2290.4043,108102,1161.1161
2023-12-02 15:00:00+00:00,38782,38827.05,38703.44,38795.09,2179.7204,103389,1012.6784
2023-12-02 18:00:00+00:00,38795.09,39705,38775,39574.61,11221.825,327167,6012.372
2023-12-02 21:00:00+00:00,39574.61,39717.14,39292.35,39450.35,4587.7906,133045,2097.171
2023-12-03 00:00:00+00:00,39450.35,39555.53,39352,39364.16,2483.5567,92513,1045.0057
2023-12-03 03:00:00+00:00,39364.15,39440,39274.86,39422.78,1838.9443,85121,893.31493
2023-12-03 06:00:00+00:00,39422.78,39490,39369.23,39400.01,1551.069,84021,695.86237
2023-12-03 09:00:00+00:00,39400.01,39544,39400,39479.7,1635.938,102206,811.32341
2023-12-03 12:00:00+00:00,39479.69,39771.87,39381.34,39544.08,4184.0785,217412,2148.9751
2023-12-03 15:00:00+00:00,39544.07,39841.1,39459.73,39526.7,4349.0242,203266,2110.5206
2023-12-03 18:00:00+00:00,39526.7,39637.94,39430.01,39567.95,1826.5028,103828,811.76146
2023-12-03 21:00:00+00:00,39567.95,40250,39567.94,39972.26,8841.5399,263157,4816.5326
2023-12-04 00:00:00+00:00,39972.26,40872.42,39972.26,40679.97,10157.864,311713,5241.0426
2023-12-04 03:00:00+00:00,40679.98,41531,40669.99,41500,9984.983,243685,5517.7786
2023-12-04 06:00:00+00:00,41500.01,41750,41308.41,41681.9,8609.3365,258760,4069.3606
2023-12-04 09:00:00+00:00,41681.89,42154.83,41350,41596.01,16946.981,377629,7414.1741
2023-12-04 12:00:00+00:00,41596.01,41914.16,41477,41645.93,9326.5191,271083,4415.8632
2023-12-04 15:00:00+00:00,41645.94,41800,41144.87,41614.66,9758.4497,235041,4272.862
2023-12-04 18:00:00+00:00,41614.65,42049.97,41513.33,41764.36,6557.0531,203704,3384.7286
2023-12-04 21:00:00+00:00,41764.36,42420,41717.64,41991.1,7931.144,210604,4279.8094
2023-12-05 00:00:00+00:00,41991.1,41991.1,41622.21,41741.09,4585.9503,212950,2222.3458
2023-12-05 03:00:00+00:00,41741.09,41918,41708.01,41911.09,2653.8089,137714,1363.1362
2023-12-05 06:00:00+00:00,41911.1,41919.08,41414,41614.13,6416.4713,238576,2686.6398
2023-12-05 09:00:00+00:00,41614.12,41758.77,41565.13,41726.09,3697.3348,149387,1792.0963
2023-12-05 12:00:00+00:00,41726.09,42250,41694,42194,7381.2937,219270,4052.9709
2023-12-05 15:00:00+00:00,42194.01,43990,42092,43377.87,20208.187,515760,11229.174
2023-12-05 18:00:00+00:00,43377.87,44100,43316,43779.78,11954.585,336863,6021.6656
2023-12-05 21:00:00+00:00,43779.77,44488,43673.25,44073.32,10593.115,262180,5447.7791
2023-12-06 00:00:00+00:00,44073.82,44146.08,43565.62,43903.9,6781.9091,224400,3319.8941
2023-12-06 03:00:00+00:00,43903.91,43915.52,43545.03,43676.33,4756.8367,202350,2316.6464
2023-12-06 06:00:00+00:00,43676.33,43874,43444,43825.84,5557.6038,242480,2598.8399
2023-12-06 09:00:00+00:00,43825.83,44297.21,43335.28,43839.21,10170.067,347327,5220.9559
2023-12-06 12:00:00+00:00,43839.22,44279.98,43780,44050.02,8428.14,310917,4294.6319
2023-12-06 15:00:00+00:00,44050.01,44146.71,43721.73,43961.12,7544.6541,254484,3551.4982
2023-12-06 18:00:00+00:00,43961.13,44120,43751,43755.79,4093.5494,148783,1978.3294
2023-12-06 21:00:00+00:00,43755.78,43959.34,43600.78,43762.69,4098.3451,145541,1811.8292
2023-12-07 00:00:00+00:00,43762.69,43994.79,43710,43970.99,2239.4674,99069,1042.5729
2023-12-07 03:00:00+00:00,43970.99,44047.33,43875.11,44007.25,2692.2067,104038,1303.9056
2023-12-07 06:00:00+00:00,44007.24,44030.01,43536.59,43585.6,5774.0615,173815,2443.3335
2023-12-07 09:00:00+00:00,43585.61,43633.99,42821.1,43188.03,10462.17,291855,4939.9145
2023-12-07 12:00:00+00:00,43188.03,43526,42955,43485.8,6058.3462,185891,3048.7653
2023-12-07 15:00:00+00:00,43485.79,43925,43201.01,43419.02,9608.9506,269981,4704.7661
2023-12-07 18:00:00+00:00,43419.03,43457.65,43058.42,43235.74,6226.6939,169343,3067.3953
2023-12-07 21:00:00+00:00,43235.74,43456.06,43135.72,43273.14,4041.372,120767,2085.0235
2023-12-08 00:00:00+00:00,43273.15,43524.99,43261.1,43497.38,3362.4111,99082,1750.3433
2023-12-08 03:00:00+00:00,43497.39,43550,43360,43421.9,3585.9648,105317,1724.2618
2023-12-08 06:00:00+00:00,43421.91,43490,43103.74,43212.94,6395.0275,147079,2981.6726
2023-12-08 09:00:00+00:00,43212.93,43729.73,43081.1,43653.82,4852.5622,151305,2340.5138
2023-12-08 12:00:00+00:00,43653.82,44030.16,43453.02,43962.98,7289.4503,257411,3793.7919
2023-12-08 15:00:00+00:00,43962.99,43995.66,43638.68,43735.82,5983.1496,205276,2562.5195
2023-12-08 18:00:00+00:00,43735.82,44400,43735,44363.99,4689.3405,150633,2327.5077
2023-12-08 21:00:00+00:00,44363.99,44700,44120.62,44170.99,6742.4694,195165,3338.068
2023-12-09 00:00:00+00:00,44171,44281.23,44043.61,44120.01,3103.0952,108925,1436.8284
2023-12-09 03:00:00+00:00,44120.01,44358.02,44106.19,44274.99,2111.3077,92150,1087.4058
2023-12-09 06:00:00+00:00,44275,44332.64,43720,43834.35,4761.6262,171080,2208.9471
2023-12-09 09:00:00+00:00,43834.34,43958.14,43731.48,43817.35,3070.3676,121714,1452.8934
2023-12-09 12:00:00+00:00,43817.35,44136.52,43741.52,43935.58,3681.8119,148535,1807.134
2023-12-09 15:00:00+00:00,43935.57,44114.78,43861.1,43891.46,3219.0951,137438,1505.5389
2023-12-09 18:00:00+00:00,43891.46,44010.03,43864.86,43979.79,1630.649,83585,733.26567
2023-12-09 21:00:00+00:00,43979.8,44084.55,43584.51,43713.6,3348.0172,123925,1365.9945
2023-12-10 00:00:00+00:00,43713.59,43864.04,43672,43744.71,2025.3202,81518,1030.7221
2023-12-10 03:00:00+00:00,43744.7,43965,43717,43884.4,1373.9506,68167,663.66802
2023-12-10 06:00:00+00:00,43884.4,44049,43734.03,43775.51,2404.3602,117598,1029.8017
2023-12-10 09:00:00+00:00,43775.51,43818,43603.88,43738.02,2620.7679,121985,1216.443
2023-12-10 12:00:00+00:00,43738.03,43906.34,43731.84,43832.25,2368.3038,122295,1043.7668
2023-12-10 15:00:00+00:00,43832.25,43973.76,43777,43821.09,2185.9052,111232,944.55842
2023-12-10 18:00:00+00:00,43821.08,43970.16,43750,43960.01,2100.5344,90916,1023.6471
2023-12-10 21:00:00+00:00,43960.01,44046,43563,43789.51,3877.4753,116956,1889.2994
2023-12-11 00:00:00+00:00,43789.5,43804.5,40400,41952.99,15182.753,441345,6580.6797
2023-12-11 03:00:00+00:00,41952.99,42550,41620,42053.41,9304.959,224798,4635.2991
2023-12-11 06:00:00+00:00,42053.41,42321.03,41716.68,42242.97,8982.5902,280954,4644.906
2023-12-11 09:00:00+00:00,42242.97,42481.1,42161.1,42344.01,5381.6554,165511,2608.2128
2023-12-11 12:00:00+00:00,42344.01,42390.32,41806,41850,7335.0233,211619,3361.7245
2023-12-11 15:00:00+00:00,41850.01,42038.73,41291.1,41347.83,10235.254,260621,4967.2148
2023-12-11 18:00:00+00:00,41347.83,41347.84,40222,40858.02,15531.703,354664,7193.5163
2023-12-11 21:00:00+00:00,40858.01,41349.97,40844,41253.4,4709.9603,147630,2507.6895
2023-12-12 00:00:00+00:00,41253.41,41938.8,41178.28,41862.01,5498.4662,192770,2960.5604
2023-12-12 03:00:00+00:00,41862,41885,41376.19,41565.99,3688.3226,142226,1769.0622
2023-12-12 06:00:00+00:00,41566,42104.12,41401.92,42036.86,6349.6166,216054,3257.5138
2023-12-12 09:00:00+00:00,42036.86,42038.29,41545.54,41584.57,3740.5927,139934,1673.4658
2023-12-12 12:00:00+00:00,41584.58,42070.23,41295.94,41474.87,6288.8033,236770,3056.4629
2023-12-12 15:00:00+00:00,41474.87,41588,40700,40702.99,8452.0059,281777,3949.2504
2023-12-12 18:00:00+00:00,40702.99,41421.14,40680,41229.61,4713.5788,187213,2602.6177
2023-12-12 21:00:00+00:00,41229.61,41555,41042.08,41492.39,3991.3117,129667,2125.9783
2023-12-13 00:00:00+00:00,41492.38,41506,40555,41001.95,6073.0949,184499,2832.4886
2023-12-13 03:00:00+00:00,41001.94,41041.1,40628.64,41019.66,3410.5767,133888,1657.426
2023-12-13 06:00:00+00:00,41019.65,41280,40800,41267.88,3774.7646,163848,1827.61
2023-12-13 09:00:00+00:00,41267.87,41267.88,40953.17,41004.69,2942.4373,137215,1256.8364
2023-12-13 12:00:00+00:00,41004.69,41490,40984,41432,4693.4937,245976,2407.2791
2023-12-13 15:00:00+00:00,41432,42215.63,41430.19,42118.6,8651.1691,338303,4419.6051
2023-12-13 18:00:00+00:00,42118.6,42888,41988.2,42874.87,8551.5865,309967,4232.519
2023-12-13 21:00:00+00:00,42874.88,43475.2,42717.43,42869.03,7768.8749,210963,3721.2098
2023-12-14 00:00:00+00:00,42869.03,42948.55,42648.95,42765.99,4209.6664,131912,1949.0704
2023-12-14 03:00:00+00:00,42766,42815.91,42659.75,42808.48,2708.803,124689,1232.0033
2023-12-14 06:00:00+00:00,42808.48,43110,42755.01,42761.82,3573.6831,172953,1715.5943
2023-12-14 09:00:00+00:00,42761.82,43311.1,42685.2,43267.06,4509.0036,191155,2238.866
2023-12-14 12:00:00+00:00,43267.07,43367.83,41400,42655.3,11464.034,420235,5764.8071
2023-12-14 15:00:00+00:00,42655.3,43420,42200.2,43202.18,7981.2589,281470,4103.4754
2023-12-14 18:00:00+00:00,43202.17,43208.68,42806.61,42920.76,4512.1178,159199,2154.0077
2023-12-14 21:00:00+00:00,42920.77,43179.7,42884.2,43022.26,3088.4906,117923,1421.9693
2023-12-15 00:00:00+00:00,43022.26,43080.81,42824.71,42876.68,2729.996,119513,1185.3985
2023-12-15 03:00:00+00:00,42876.68,42888.44,42479.14,42592.63,3892.3049,160682,1740.9868
2023-12-15 06:00:00+00:00,42592.62,42872,42515.94,42870.57,3463.871,147524,1778.636
2023-12-15 09:00:00+00:00,42870.58,43026.33,42701.1,42776.03,3374.6783,156240,1709.4369
2023-12-15 12:00:00+00:00,42776.04,42787.24,42001.11,42181.1,6715.2571,244445,3115.9275
2023-12-15 15:00:00+00:00,42181.11,42267.4,41666,41855.06,6769.9546,246275,3640.8053
2023-12-15 18:00:00+00:00,41855.05,42264.03,41832.28,42220.01,3463.7568,124974,1883.7233
2023-12-15 21:00:00+00:00,42220,42246,41896.92,41940.3,3011.9745,123975,1266.2221
2023-12-16 00:00:00+00:00,41940.29,42198,41605,42148.88,3140.8909,122214,1571.2023
2023-12-16 03:00:00+00:00,42148.89,42410.99,42106.56,42266.09,2552.3314,108550,1309.1738
2023-12-16 06:00:00+00:00,42266.09,42320.02,42097.18,42179.13,2390.2338,112633,1193.073
2023-12-16 09:00:00+00:00,42179.13,42339.55,42179.12,42331.99,2120.6035,133461,1214.3422
2023-12-16 12:00:00+00:00,42332,42548,42243,42361.63,3402.6066,172262,1606.6368
2023-12-16 15:00:00+00:00,42361.64,42724.43,42309.87,42506.89,3644.8047,208288,1886.6325
2023-12-16 18:00:00+00:00,42506.88,42520.01,42245,42333.88,4713.9263,211093,2365.209
2023-12-16 21:00:00+00:00,42333.89,42373.7,42118.45,42278.03,2153.4603,112385,1047.2355
2023-12-17 00:00:00+00:00,42278.02,42298.82,41860.21,41874.01,2531.1586,144817,1163.5509
2023-12-17 03:00:00+00:00,41874,42061.1,41771.62,41902.7,2454.1734,116463,1122.1954
2023-12-17 06:00:00+00:00,41902.7,42038,41661.36,41894.32,3291.8373,148672,1544.7656
2023-12-17 09:00:00+00:00,41894.31,42016.83,41830.69,41960.07,2417.8457,142426,1199.8505
2023-12-17 12:00:00+00:00,41960.07,42020.17,41510,41624,3783.2789,174006,1699.7677
2023-12-17 15:00:00+00:00,41624,42424.07,41565.05,42091.37,5693.9586,224611,3038.1433
2023-12-17 18:00:00+00:00,42091.38,42237.48,41802.7,42122.8,3022.6265,134083,1494.7563
2023-12-17 21:00:00+00:00,42122.81,42122.81,41252,41374.65,4527.2354,142556,1982.8344
2023-12-18 00:00:00+00:00,41374.64,41470.1,40801,40900.57,6623.3449,214799,2959.7692
2023-12-18 03:00:00+00:00,40900.57,41200,40861.1,41004.18,3808.311,151413,1849.1202
2023-12-18 06:00:00+00:00,41004.19,41312.39,40999,41196.18,4202.9341,182160,2224.8112
2023-12-18 09:00:00+00:00,41196.19,41205,40542.93,41105.12,8463.3835,285670,4119.8306
2023-12-18 12:00:00+00:00,41105.12,41750,40888,41605.31,6807.0366,270868,3596.2988
2023-12-18 15:00:00+00:00,41605.31,41667.48,41146.83,41385.01,5425.0521,197898,2749.2626
2023-12-18 18:00:00+00:00,41385.01,42041.06,41335.83,41971.09,3663.2873,171734,1785.1582
2023-12-18 21:00:00+00:00,41971.09,42757.81,41962.21,42657.8,7740.7431,267105,3971.548
2023-12-19 00:00:00+00:00,42657.8,43497,42567.69,43076.71,8096.8218,254592,4377.683
2023-12-19 03:00:00+00:00,43076.71,43136,42840.04,42958.78,3698.2242,142065,1708.2437
2023-12-19 06:00:00+00:00,42958.79,43186.01,42815.27,43088.06,3881.5131,157236,1890.4545
2023-12-19 09:00:00+00:00,43088.06,43268.74,42942,42976.11,4931.8339,200221,2157.5586
2023-12-19 12:00:00+00:00,42976.1,43041.1,42232,42367.03,5952.619,238353,2813.2499
2023-12-19 15:00:00+00:00,42367.03,42739.61,41834.87,41854.06,7178.8112,283242,3590.4293
2023-12-19 18:00:00+00:00,41854.07,42482.2,41811.1,42228.15,4551.9951,202904,2329.512
2023-12-19 21:00:00+00:00,42228.16,42528.67,42209,42275.99,2636.046,130575,1296.5283
2023-12-20 00:00:00+00:00,42275.99,42493.2,42206,42428.01,2669.7106,137880,1246.4208
2023-12-20 03:00:00+00:00,42428.01,42880.08,42356.91,42709.17,3669.4474,173045,1767.3559
2023-12-20 06:00:00+00:00,42709.17,43041,42634.08,42776.99,4356.1783,204395,2170.8184
2023-12-20 09:00:00+00:00,42777,42993.2,42675,42864.44,3499.2981,170585,1647.499
2023-12-20 12:00:00+00:00,42864.43,44200.01,42757.32,43867.05,13839.272,473768,7211.3298
2023-12-20 15:00:00+00:00,43867.04,44283,43486,43996.8,9596.5338,332008,4572.4765
2023-12-20 18:00:00+00:00,43996.81,44250,43230.17,43441.82,7712.7779,298326,3652.6883
2023-12-20 21:00:00+00:00,43441.83,43743.57,43336.34,43668.93,3367.0762,144581,1643.5481
2023-12-21 00:00:00+00:00,43668.92,43731.08,43286.72,43389.95,3672.9165,142456,1587.0675
2023-12-21 03:00:00+00:00,43389.94,43707.42,43367.48,43511.11,2609.6492,121024,1312.8498
2023-12-21 06:00:00+00:00,43511.11,43937.71,43476.35,43678.61,4101.314,169397,2191.0273
2023-12-21 09:00:00+00:00,43678.62,44100,43579.22,43931.6,5031.6079,201539,2668.8792
2023-12-21 12:00:00+00:00,43931.6,44242.35,43459.2,43519.73,6135.7377,281586,2930.2907
2023-12-21 15:00:00+00:00,43519.73,43931.23,43370.4,43449.1,5973.3507,259525,2833.0686
2023-12-21 18:00:00+00:00,43449.11,43867.19,43411.1,43796.8,3942.7343,180970,1993.1338
2023-12-21 21:00:00+00:00,43796.8,44119.2,43719.77,43861.8,3156.9836,144205,1542.5786
2023-12-22 00:00:00+00:00,43861.79,44251,43722.46,43966.08,4251.2808,157981,2310.8525
2023-12-22 03:00:00+00:00,43966.07,44230.22,43890.94,44138,2546.4945,109357,1276.0315
2023-12-22 06:00:00+00:00,44138.01,44398.26,43534.47,43610.01,7206.3134,312149,3442.5053
2023-12-22 09:00:00+00:00,43610,43839.22,43463,43753.94,4093.2418,191268,1843.8257
2023-12-22 12:00:00+00:00,43753.95,43809.4,43412.54,43636.39,4547.7071,194726,2123.2791
2023-12-22 15:00:00+00:00,43636.38,43736.54,43481.14,43686.9,3158.179,157999,1582.8331
2023-12-22 18:00:00+00:00,43686.89,43992,43613.02,43645.22,4459.3888,164622,2126.3577
2023-12-22 21:00:00+00:00,43645.22,44048.16,43645.22,43969.04,2520.591,116007,1343.5379
2023-12-23 00:00:00+00:00,43969.04,43988.68,43461.13,43490.85,3124.2636,146881,1341.8095
2023-12-23 03:00:00+00:00,43490.86,43620,43291.1,43605.97,2704.929,119804,1377.6485
2023-12-23 06:00:00+00:00,43605.97,43650.1,43537.85,43620.42,1576.7767,76857,775.00185
2023-12-23 09:00:00+00:00,43620.43,43669.88,43490.01,43547.78,1797.8011,90677,788.88297
2023-12-23 12:00:00+00:00,43547.78,43800,43547.77,43784.31,2064.7053,110708,1039.0692
2023-12-23 15:00:00+00:00,43784.32,43856,43706.7,43746.88,1779.4333,99913,862.33908
2023-12-23 18:00:00+00:00,43746.88,43850,43632.77,43711.33,1596.014,98597,752.1582
2023-12-23 21:00:00+00:00,43711.33,43835.94,43661.81,43702.16,1913.2064,106221,828.39628
2023-12-24 00:00:00+00:00,43702.15,43907.57,43606.18,43856.85,2358.4772,119091,1124.5193
2023-12-24 03:00:00+00:00,43856.86,43946,43420.01,43490.01,3623.6295,152243,1644.5745
2023-12-24 06:00:00+00:00,43490.01,43664.34,43401,43623.9,2217.2841,108339,1088.3474
2023-12-24 09:00:00+00:00,43623.9,43694.72,43405,43634.2,2568.5995,139798,1254.2586
2023-12-24 12:00:00+00:00,43634.19,43864.08,43560.74,43726.05,2577.8072,135871,1256.7822
2023-12-24 15:00:00+00:00,43726.04,43803.69,43550,43627.63,2441.8936,140952,1153.3785
2023-12-24 18:00:00+00:00,43627.62,43678,43426.47,43499.25,2046.0991,97025,983.5325
2023-12-24 21:00:00+00:00,43499.25,43560,42500,42991.5,7310.5446,244359,3335.8731
2023-12-25 00:00:00+00:00,42991.5,43110,42720.43,43063.59,3215.1595,140721,1612.4328
2023-12-25 03:00:00+00:00,43063.59,43252.71,43011.1,43238,2003.6206,92623,1076.812
2023-12-25 06:00:00+00:00,43238,43335.13,43100.49,43114.55,2652.3776,115159,1319.3564
2023-12-25 09:00:00+00:00,43114.55,43248,43045.43,43171.11,2544.1917,118811,1216.3731
2023-12-25 12:00:00+00:00,43171.11,43802.32,43080.01,43674.09,5624.6594,244920,2952.2732
2023-12-25 15:00:00+00:00,43674.1,43750,43413.37,43554.21,4126.6808,198369,1983.6922
2023-12-25 18:00:00+00:00,43554.21,43650,43328.14,43418,3751.5968,143885,1844.7631
2023-12-25 21:00:00+00:00,43418,43720.96,43328.65,43576.13,3102.9535,113940,1685.5366
2023-12-26 00:00:00+00:00,43576.12,43592.68,43392.12,43407.61,2455.8375,113445,1198.1256
2023-12-26 03:00:00+00:00,43407.62,43480.44,42650,42764.85,5683.3737,203990,2612.1667
2023-12-26 06:00:00+00:00,42764.85,42837.05,42545,42706.42,5675.5954,179258,2926.5284
2023-12-26 09:00:00+00:00,42706.41,42754.73,42150,42685.55,7297.9945,225621,3999.0229
2023-12-26 12:00:00+00:00,42685.56,42827.68,42543.5,42600,3571.0683,145507,1883.4227
2023-12-26 15:00:00+00:00,42599.99,42750.01,41637.6,42009.99,9070.0918,320530,4353.8268
2023-12-26 18:00:00+00:00,42010,42306.45,41832.42,42135.13,4188.5683,170772,2170.4911
2023-12-26 21:00:00+00:00,42135.47,42591.89,42114.6,42508.93,3067.5134,116693,1952.5821
2023-12-27 00:00:00+00:00,42508.93,42541.1,42159.07,42215.98,2770.6617,121903,1302.9994
2023-12-27 03:00:00+00:00,42215.99,42458.24,42098.69,42454.27,2278.0415,107206,1120.256
2023-12-27 06:00:00+00:00,42454.28,42757.97,42394.4,42714,3415.9037,136947,2006.2335
2023-12-27 09:00:00+00:00,42714,43220,42628.01,43019.11,6154.4531,213025,3336.3774
2023-12-27 12:00:00+00:00,43019.11,43150,42706,42912.9,6057.7202,221789,3243.6383
2023-12-27 15:00:00+00:00,42912.89,43191.1,42777.77,43021.99,5782.0364,236688,2720.3075
2023-12-27 18:00:00+00:00,43022,43565.45,42928.75,43445.32,4716.8684,224791,2714.0203
2023-12-27 21:00:00+00:00,43445.32,43677,43252.72,43428.85,5015.5264,177421,2539.0003
2023-12-28 00:00:00+00:00,43428.86,43787.57,43304.27,43358.31,5279.313,187190,2531.8621
2023-12-28 03:00:00+00:00,43358.32,43624.74,43140.88,43222.01,3594.3277,160745,1784.6083
2023-12-28 06:00:00+00:00,43222,43222.01,42794.11,42931.1,4646.5813,184311,2325.7215
2023-12-28 09:00:00+00:00,42931.1,43192.17,42868.36,43059.98,3222.177,149309,1698.675
2023-12-28 12:00:00+00:00,43059.98,43125.03,42430,42664,6232.4416,260998,3006.016
2023-12-28 15:00:00+00:00,42664,42710.44,42241.79,42539.6,5819.3605,203887,3036.9633
2023-12-28 18:00:00+00:00,42539.61,42725.3,42370.81,42506.43,3211.6122,131641,1595.365
2023-12-28 21:00:00+00:00,42506.42,42745.97,42334.99,42563.76,3144.7116,113745,1443.6078
2023-12-29 00:00:00+00:00,42563.76,42685.18,42088.92,42574.71,5850.3515,221065,2924.5867
2023-12-29 03:00:00+00:00,42574.72,42800,42456.26,42677.71,2858.2219,119376,1442.1709
2023-12-29 06:00:00+00:00,42677.71,42689.77,42222,42472.88,4945.0562,163011,2410.3622
2023-12-29 09:00:00+00:00,42472.88,42934,42419.95,42862.01,3894.6792,169554,2096.1033
2023-12-29 12:00:00+00:00,42862,43111,42706.18,43021.87,3872.0945,170702,2025.8962
2023-12-29 15:00:00+00:00,43021.88,43038,41650,41806.43,11482.636,380088,5282.4944
2023-12-29 18:00:00+00:00,41806.42,42158.65,41759.92,42026.98,3927.8179,146545,2159.951
2023-12-29 21:00:00+00:00,42026.97,42240,41300,42066.95,5766.3323,200796,2853.7766
2023-12-30 00:00:00+00:00,42066.94,42209.22,41844.86,41905.8,2574.071,101629,1334.5878
2023-12-30 03:00:00+00:00,41905.81,42131.1,41820,42104,1785.5342,81799,954.39105
2023-12-30 06:00:00+00:00,42104.01,42160,41540.85,41575.91,2822.3496,116294,1267.5743
2023-12-30 09:00:00+00:00,41575.91,41965.51,41520.3,41893.96,3078.5964,116238,1552.5546
2023-12-30 12:00:00+00:00,41893.96,42300,41882.71,42244.12,3256.4276,133287,1652.2946
2023-12-30 15:00:00+00:00,42244.11,42612.32,42183.09,42489,5027.6823,198488,2759.6088
2023-12-30 18:00:00+00:00,42489,42515.26,42199.98,42283.95,2329.1232,98887,1143.044
2023-12-30 21:00:00+00:00,42283.95,42329.77,42079.97,42140.28,2032.7939,89923,1063.6413
2023-12-31 00:00:00+00:00,42140.29,42433.49,41965.84,42084.48,2563.0207,114454,1327.0566
2023-12-31 03:00:00+00:00,42084.48,42325.66,42026,42198,1748.3668,91644,907.18586
2023-12-31 06:00:00+00:00,42198,42693,42192,42480.79,3556.7146,136464,2054.4301
2023-12-31 09:00:00+00:00,42480.79,42899,42441.48,42518.36,3817.6607,140245,2015.8473
2023-12-31 12:00:00+00:00,42518.36,42646.27,42352.76,42526.96,2567.2295,123865,1237.2487
2023-12-31 15:00:00+00:00,42526.97,42700,42361.1,42616.23,2486.0591,129018,1199.96
2023-12-31 18:00:00+00:00,42616.24,42719.8,42504.56,42558.01,2401.6952,113914,1179.5373
2023-12-31 21:00:00+00:00,42558.02,42670.44,42056,42283.58,4445.1695,166880,2075.8828
2024-01-01 00:00:00+00:00,42283.58,42775,42261.02,42581.1,3153.2794,127393,1683.8867
2024-01-01 03:00:00+00:00,42581.09,42586.64,42180.77,42234.01,2246.753,106858,1068.1853
2024-01-01 06:00:00+00:00,42234.01,42556.5,42208.68,42549.99,1682.2433,85360,876.64598
2024-01-01 09:00:00+00:00,42550,42762.39,42537.18,42690.2,2521.6091,112438,1320.5904
2024-01-01 12:00:00+00:00,42690.21,42780,42580,42612.24,1993.7424,101128,985.56188
2024-01-01 15:00:00+00:00,42612.24,42856,42586.51,42812.7,2538.749,117478,1290.2365
2024-01-01 18:00:00+00:00,42812.71,43829.99,42812.7,43687.86,6995.9973,260590,3823.9351
2024-01-01 21:00:00+00:00,43687.85,44184.1,43361.6,44179.55,6041.9255,203378,3282.6898
2024-01-02 00:00:00+00:00,44179.55,45381.42,44148.34,45378.96,14400.166,463220,8319.6074
2024-01-02 03:00:00+00:00,45378.96,45500,45121.96,45179.48,6578.6807,204517,3340.4267
2024-01-02 06:00:00+00:00,45179.48,45852.93,45130,45759.3,7826.0802,258159,3994.3079
2024-01-02 09:00:00+00:00,45759.3,45879.63,45200,45433.99,6704.1775,231484,3138.2858
2024-01-02 12:00:00+00:00,45433.99,45800,44970,45258.73,8935.0926,299839,4549.7981
2024-01-02 15:00:00+00:00,45258.73,45399.84,44833.33,44966.15,9893.2775,342272,4921.5538
2024-01-02 18:00:00+00:00,44966.16,45271.2,44742.96,44788.28,6093.3884,253541,3082.5181
2024-01-02 21:00:00+00:00,44788.27,45297.26,44600,44946.91,4715.5439,194500,2470.6467
2024-01-03 00:00:00+00:00,44946.91,45410.91,44862.11,45274.57,4011.3163,156599,1798.0209
2024-01-03 03:00:00+00:00,45274.57,45310,45115.59,45172.13,2385.544,105186,1070.0035
2024-01-03 06:00:00+00:00,45172.12,45384.84,44940.93,45200,4507.8929,163210,2125.9904
2024-01-03 09:00:00+00:00,45200,45500,43500,43702.88,11774.576,412174,5105.6973
2024-01-03 12:00:00+00:00,43702.89,43716,40750,42179.99,30308.804,910283,14532.423
2024-01-03 15:00:00+00:00,42180,43567.92,42175.14,42906,15094.341,472375,7860.6321
2024-01-03 18:00:00+00:00,42906,43050,42000,42721.02,8907.8893,285439,4592.8164
2024-01-03 21:00:00+00:00,42721.02,42966.27,42581.1,42845.23,4204.1889,152775,2018.4081
2024-01-04 00:00:00+00:00,42845.23,43219.36,42613.77,43138.49,4213.9804,157803,2079.4588
2024-01-04 03:00:00+00:00,43138.5,43273.08,42955.5,43183.74,3325.4745,135061,1524.2656
2024-01-04 06:00:00+00:00,43183.74,43261.64,42699.83,42849.66,5042.4085,228492,2158.1568
2024-01-04 09:00:00+00:00,42849.67,43233.81,42616.28,43176.32,5096.0809,202219,2417.3787
2024-01-04 12:00:00+00:00,43176.33,43753.15,43097.06,43676.07,6547.5315,244596,3422.4955
2024-01-04 15:00:00+00:00,43676.07,44329.99,43608,43990.01,10326.821,374694,5069.8173
2024-01-04 18:00:00+00:00,43990.01,44690,43881.31,44113.68,7167.5692,260986,3684.7958
2024-01-04 21:00:00+00:00,44113.68,44729.58,44050,44151.1,6318.1973,216093,3249.5321
2024-01-05 00:00:00+00:00,44151.1,44284,42450,43506,10177.831,358387,4872.3931
2024-01-05 03:00:00+00:00,43506.01,43770,43187.89,43644.15,4281.0768,193602,2071.1581
2024-01-05 06:00:00+00:00,43644.16,43947.99,43578.08,43911.44,3201.7614,169654,1652.2347
2024-01-05 09:00:00+00:00,43911.44,44324.8,43433,43771.34,6066.0809,281974,3017.3416
2024-01-05 12:00:00+00:00,43771.34,44110.07,43100,43486.04,7443.5338,372570,3684.5129
2024-01-05 15:00:00+00:00,43488.21,43801.1,43100.46,43609.53,7542.9138,307522,3857.6774
2024-01-05 18:00:00+00:00,43609.52,44357.46,43418,43955.07,5018.6066,202365,2683.7373
2024-01-05 21:00:00+00:00,43955.07,44318.61,43580.51,44145.11,4343.4488,178771,2176.0091
2024-01-06 00:00:00+00:00,44145.12,44214.42,43823.06,43909.31,2455.1796,124077,1067.7486
2024-01-06 03:00:00+00:00,43909.31,44018.57,43588,43698.72,2265.2999,115248,1108.0551
2024-01-06 06:00:00+00:00,43698.72,43744.37,43397.05,43692.33,3459.4468,165567,1759.5052
2024-01-06 09:00:00+00:00,43692.33,43771.1,43584,43671.96,1635.8832,111006,849.65338
2024-01-06 12:00:00+00:00,43671.97,43920.08,43527.27,43828.21,2003.2653,114635,1111.5711
2024-01-06 15:00:00+00:00,43828.2,44000,43791.1,43963.72,1988.0898,106403,1118.1953
2024-01-06 18:00:00+00:00,43963.73,44148.58,43611.19,43826.44,2317.3468,130179,1197.5534
2024-01-06 21:00:00+00:00,43826.45,43980,43723.76,43968.32,1710.5501,89527,836.28864
2024-01-07 00:00:00+00:00,43968.32,44259.29,43833.4,43930.28,2769.5905,123662,1396.7274
2024-01-07 03:00:00+00:00,43930.28,44067.84,43843.52,43885.47,1692.8808,89607,851.55617
2024-01-07 06:00:00+00:00,43885.48,44167.81,43858,44017.99,2148.5378,103729,1088.0386
2024-01-07 09:00:00+00:00,44018,44118.19,43880.65,44061.1,2157.2815,110940,1081.1255
2024-01-07 12:00:00+00:00,44061.1,44480.59,43969.62,44402,4300.0397,191033,2303.1323
2024-01-07 15:00:00+00:00,44402,44431.1,43700,44064.84,4156.884,196685,1996.5661
2024-01-07 18:00:00+00:00,44064.83,44269.92,44035.25,44120.01,1634.7978,91084,850.11474
2024-01-07 21:00:00+00:00,44120.01,44249,43572.09,43929.02,4163.8386,202519,2046.2626
2024-01-08 00:00:00+00:00,43929.01,43986,43175,43371.09,5249.0659,201939,2381.0888
2024-01-08 03:00:00+00:00,43371.09,43650,43225,43641.74,4372.2164,163226,2246.1208
2024-01-08 06:00:00+00:00,43641.74,44341.8,43584.87,43868.53,5737.3835,241250,3010.8331
2024-01-08 09:00:00+00:00,43868.53,44688,43641.73,44635.99,5807.025,233116,3285.6008
2024-01-08 12:00:00+00:00,44636,45200,44350,44783.91,13129.153,453385,6952.2097
2024-01-08 15:00:00+00:00,44783.9,45668.88,44667.22,45648,10909.358,355861,6056.0778
2024-01-08 18:00:00+00:00,45648.01,47248.99,45648,46774.01,21083.642,563324,11502.52
2024-01-08 21:00:00+00:00,46774.01,47207.16,46653.84,46951.04,6526.7316,152363,3294.3549
2024-01-09 00:00:00+00:00,46951.04,47150,46230,46779.81,8454.631,268890,4063.3653
2024-01-09 03:00:00+00:00,46779.82,46974.42,46599.43,46714.67,4227.4852,166748,2161.4242
2024-01-09 06:00:00+00:00,46714.66,46931.7,46510,46544.65,3458.5299,157632,1598.0481
2024-01-09 09:00:00+00:00,46544.65,46694.61,46381.1,46615.99,4687.7278,192022,2339.6195
2024-01-09 12:00:00+00:00,46616,47051.21,45450,46561.1,12457.981,517807,6331.6936
2024-01-09 15:00:00+00:00,46561.11,47010,46429.31,46715.99,7048.7938,294763,3663.3169
2024-01-09 18:00:00+00:00,46716,46930.74,46500,46642.54,5043.1995,222678,2207.0114
2024-01-09 21:00:00+00:00,46642.53,47972,44748.67,46110,24549.317,817205,12460.975
2024-01-10 00:00:00+00:00,46110,46249.14,45622,45971.09,5961.7879,195352,2856.1377
2024-01-10 03:00:00+00:00,45971.1,46211.95,45890.58,45975.99,3216.8256,116549,1543.4769
2024-01-10 06:00:00+00:00,45975.99,46065.85,45320.53,45329.94,4744.3611,187150,2137.2497
2024-01-10 09:00:00+00:00,45329.94,45731.1,45000,45515.89,5853.9659,235892,3045.2591
2024-01-10 12:00:00+00:00,45515.88,45662.01,44300.36,44884,13352.531,620761,6652.6134
2024-01-10 15:00:00+00:00,44884.01,46449,44800,46401.89,13115.928,417588,7333.565
2024-01-10 18:00:00+00:00,46401.88,46666,44800,46127,19533.834,713223,10061.027
2024-01-10 21:00:00+00:00,46127,47695.93,45080,46653.99,24132.18,647073,13281.466
2024-01-11 00:00:00+00:00,46654,46750,46296.46,46559,5874.7619,215197,3089.3091
2024-01-11 03:00:00+00:00,46559,46590.81,45896.23,46070,5888.4506,249314,2604.5252
2024-01-11 06:00:00+00:00,46070,46318.1,45618.1,46277,5222.1583,246083,2740.6842
2024-01-11 09:00:00+00:00,46277,47150,46210,47060,7069.903,300379,3933.4755
2024-01-11 12:00:00+00:00,47059.99,48969.48,46762.86,48571.22,23451.102,678720,13208.402
2024-01-11 15:00:00+00:00,48571.21,48657.98,45606.06,46497.14,27718.98,794964,13021.826
2024-01-11 18:00:00+00:00,46497.14,46975,46120,46241.92,8842.0208,336232,3960.5361
2024-01-11 21:00:00+00:00,46241.91,46491.93,46084.69,46339.16,3402.9535,177562,1517.4096
2024-01-12 00:00:00+00:00,46339.16,46515.53,45898,46144.01,4173.1412,202031,2001.2026
2024-01-12 03:00:00+00:00,46144.01,46209.98,45858,46194.01,3723.6957,164309,1858.1184
2024-01-12 06:00:00+00:00,46194.01,46366,45632,45860.01,4644.1736,203356,2316.2011
2024-01-12 09:00:00+00:00,45860,46267,45537.37,45954.35,5641.4039,258111,2923.0678
2024-01-12 12:00:00+00:00,45954.35,46109,45250.01,45442.02,9710.8075,366149,4967.6442
2024-01-12 15:00:00+00:00,45442.01,45459.28,43212,43803.99,28544.708,859691,13420.26
2024-01-12 18:00:00+00:00,43803.98,43981.1,43250,43653.38,12227.287,282267,6196.9475
2024-01-12 21:00:00+00:00,43653.39,43861.1,41500,42782.73,17662.721,473278,8024.1392
2024-01-13 00:00:00+00:00,42782.74,42997.29,42514.89,42530,8123.2252,231834,3848.0903
2024-01-13 03:00:00+00:00,42530,43138,42436.12,43101.09,5008.3777,172714,2599.9889
2024-01-13 06:00:00+00:00,43101.09,43254.96,42950.64,43170.01,4219.6564,162608,2067.1049
2024-01-13 09:00:00+00:00,43170.01,43193.46,42509.11,42624,5794.3977,215818,2643.8193
2024-01-13 12:00:00+00:00,42624.01,42961.1,42505,42856.92,4247.7985,207848,2225.9342
2024-01-13 15:00:00+00:00,42856.92,43257,42769.38,42898.33,4458.742,206853,2166.2296
2024-01-13 18:00:00+00:00,42898.95,42996.64,42699.52,42870,2410.7256,137240,1259.325
2024-01-13 21:00:00+00:00,42870,43040.01,42800.3,42847.99,1855.5516,99328,937.60608
2024-01-14 00:00:00+00:00,42847.99,42890.23,42657.58,42779.06,2063.3883,103150,1053.8872
2024-01-14 03:00:00+00:00,42779.07,42815.17,42562.56,42749.99,1916.9937,93525,997.21257
2024-01-14 06:00:00+00:00,42749.99,43060,42749.99,42996.25,2395.2621,102850,1268.2305
2024-01-14 09:00:00+00:00,42996.26,43079,42759.34,42829.99,2315.559,118392,1038.6399
2024-01-14 12:00:00+00:00,42829.99,43005.25,42710,42811.99,2760.214,130987,1427.2304
2024-01-14 15:00:00+00:00,42811.99,43010.84,42804.01,42973.27,2824.3244,151021,1470.5801
2024-01-14 18:00:00+00:00,42973.27,43003.99,42183.68,42507.92,4959.3744,260596,2232.9904
2024-01-14 21:00:00+00:00,42507.91,42649,41720,41732.35,8993.2931,275206,4201.5375
2024-01-15 00:00:00+00:00,41732.35,42411.62,41718.05,42399.72,4688.2587,151113,2653.3804
2024-01-15 03:00:00+00:00,42399.71,42824.68,42389.27,42739.85,3444.3587,138756,1869.8662
2024-01-15 06:00:00+00:00,42739.85,42797.06,42513.14,42680.44,3161.8897,128430,1506.2005
2024-01-15 09:00:00+00:00,42680.43,42762.11,42540,42697.99,2729.8313,134973,1294.457
2024-01-15 12:00:00+00:00,42698,42958.03,42172.14,42199,6459.1833,284024,3195.2931
2024-01-15 15:00:00+00:00,42199.01,42779.78,42163.32,42696.58,4538.252,210215,2370.8851
2024-01-15 18:00:00+00:00,42696.57,43400.43,42696.57,42960,11175.508,438024,5082.6708
2024-01-15 21:00:00+00:00,42959.99,42960,42342.18,42511.1,4072.6117,172076,1952.0074
2024-01-16 00:00:00+00:00,42511.1,42732.45,42466.88,42710,2849.838,136190,1600.8909
2024-01-16 03:00:00+00:00,42710,42946.05,42702,42773.82,2906.9555,153405,1511.9596
2024-01-16 06:00:00+00:00,42773.82,43022,42606.92,43014.53,3338.7256,125396,1809.9368
2024-01-16 09:00:00+00:00,43014.53,43153.66,42753.55,42900.54,3427.2555,163903,1719.3934
2024-01-16 12:00:00+00:00,42900.55,43174.48,42050,42690,12401.955,349289,7118.7468
2024-01-16 15:00:00+00:00,42690,43434,42543.01,43051.74,10597.318,396428,5576.9675
2024-01-16 18:00:00+00:00,43051.74,43370.11,42834.29,43200.01,5022.5343,212665,2547.1337
2024-01-16 21:00:00+00:00,43200.01,43578.01,43112,43137.95,4501.1635,179304,2179.5279
2024-01-17 00:00:00+00:00,43137.94,43198,42918.11,42997.25,2875.5575,106062,1289.0401
2024-01-17 03:00:00+00:00,42997.26,43025.71,42765.41,42783.39,2289.0434,94601,1096.1758
2024-01-17 06:00:00+00:00,42783.39,42876.34,42564,42728.76,3347.7766,128220,1677.5869
2024-01-17 09:00:00+00:00,42728.76,42850.55,42622.36,42680.16,3224.5584,142523,1519.0568
2024-01-17 12:00:00+00:00,42680.16,42926.02,42365.58,42576.01,7159.0059,285904,3636.6505
2024-01-17 15:00:00+00:00,42576.02,42768,42200.69,42371.1,6104.1751,263292,3042.9105
2024-01-17 18:00:00+00:00,42371.1,42876.48,42278.98,42722.9,5503.9282,265895,3010.2687
2024-01-17 21:00:00+00:00,42722.9,42822.96,42450,42776.1,2762.1688,151675,1376.516
2024-01-18 00:00:00+00:00,42776.09,42784.4,42502.19,42653.82,2255.0471,98148,963.10976
2024-01-18 03:00:00+00:00,42653.81,42784.99,42550,42772.87,1869.7998,83537,907.23405
2024-01-18 06:00:00+00:00,42772.86,42930,42724,42742,2916.0005,118148,1345.3996
2024-01-18 09:00:00+00:00,42742,42871.85,42387.68,42544.59,3996.6545,171673,1909.0987
2024-01-18 12:00:00+00:00,42544.6,42742,42353.8,42738.7,3917.4001,184036,2010.0002
2024-01-18 15:00:00+00:00,42738.7,42810,41500,41816.71,10251.698,316236,4818.8356
2024-01-18 18:00:00+00:00,41816.71,41916.07,40683.28,40835.6,13090.314,334279,6080.7649
2024-01-18 21:00:00+00:00,40835.6,41366.99,40757.85,41327.5,5610.6015,160030,3050.7006
2024-01-19 00:00:00+00:00,41327.51,41370.99,41084.03,41119.44,3504.4387,127979,1720.6349
2024-01-19 03:00:00+00:00,41119.44,41238.56,40752.26,41210.5,3850.4752,126412,1906.5465
2024-01-19 06:00:00+00:00,41210.51,41576,41143.33,41289.99,4769.4021,144085,2700.4556
2024-01-19 09:00:00+00:00,41290,41509.69,41248.1,41475.37,3308.2805,129766,1672.4937
2024-01-19 12:00:00+00:00,41475.37,41488.2,40841.1,40969.31,5778.7934,190793,2600.6251
2024-01-19 15:00:00+00:00,40969.31,41250,40280,41239.57,12904.084,431789,6371.2919
2024-01-19 18:00:00+00:00,41239.57,42196.86,41006.61,41620,10909.575,341539,5686.9574
2024-01-19 21:00:00+00:00,41619.99,41791.7,41532.89,41659.03,3317.697,149065,1688.4952
2024-01-20 00:00:00+00:00,41659.03,41700,41456.3,41621.23,2424.4549,125325,1220.1967
2024-01-20 03:00:00+00:00,41621.23,41659.03,41524,41627.63,1452.1692,80012,727.53971
2024-01-20 06:00:00+00:00,41627.62,41774,41522.38,41590,2275.8796,108259,1034.7295
2024-01-20 09:00:00+00:00,41590.01,41643.06,41459.02,41580.83,2051.6703,98697,908.15472
2024-01-20 12:00:00+00:00,41580.82,41700,41491.16,41542.99,2094.7616,99076,994.74144
2024-01-20 15:00:00+00:00,41542.98,41688.53,41478,41591.11,1934.7477,113231,966.58824
2024-01-20 18:00:00+00:00,41591.1,41822.99,41526.36,41751.36,1851.9709,97557,893.73216
2024-01-20 21:00:00+00:00,41751.37,41872.56,41610.54,41696.04,1838.3408,85167,811.68386
2024-01-21 00:00:00+00:00,41696.05,41727,41629.87,41699.8,1223.223,81258,570.18961
2024-01-21 03:00:00+00:00,41699.8,41730,41628.46,41628.47,941.54526,63231,400.66174
2024-01-21 06:00:00+00:00,41628.46,41710,41564.29,41663.96,1058.6234,65366,520.45735
2024-01-21 09:00:00+00:00,41663.96,41826.97,41663.96,41719.89,1549.0666,85523,773.57636
2024-01-21 12:00:00+00:00,41719.9,41881.39,41700.91,41787.5,1831.7185,99800,968.02257
2024-01-21 15:00:00+00:00,41787.49,41860,41525,41678,2251.2972,103998,1082.6435
2024-01-21 18:00:00+00:00,41677.99,41772.75,41618.68,41643.91,1514.2815,84567,650.54181
2024-01-21 21:00:00+00:00,41643.9,41811.1,41500.98,41580.33,1360.4076,74074,610.46751
2024-01-22 00:00:00+00:00,41580.32,41689.65,41258.1,41317.98,3763.1813,150252,1809.0695
2024-01-22 03:00:00+00:00,41317.97,41343.99,40684,41138.46,5499.4889,220844,2663.2536
2024-01-22 06:00:00+00:00,41138.47,41321.17,40761.87,40959,4638.9788,207328,2204.9267
2024-01-22 09:00:00+00:00,40958.99,41047.51,40364.63,40815.99,6793.8131,332260,3479.0915
2024-01-22 12:00:00+00:00,40815.92,41244.06,40515.9,40694.75,6124.9853,313764,3039.1931
2024-01-22 15:00:00+00:00,40694.76,40874.99,40350,40708,7240.5835,319301,3731.3733
2024-01-22 18:00:00+00:00,40707.99,40800.01,39431.58,40181.2,15199.246,436515,6854.1705
2024-01-22 21:00:00+00:00,40181.2,40206.34,39480,39568.02,6165.9223,166986,3007.0617
2024-01-23 00:00:00+00:00,39568.02,40067.99,39511.1,40060.46,3492.1412,112726,1895.8053
2024-01-23 03:00:00+00:00,40060.47,40176.74,39979.52,40069.34,2302.6698,83318,1278.7969
2024-01-23 06:00:00+00:00,40069.35,40129.12,39328,39464.96,5491.1602,174107,2599.6747
2024-01-23 09:00:00+00:00,39464.97,39492.57,38657,38845.56,13340.988,417112,6490.9033
2024-01-23 12:00:00+00:00,38845.56,39088.01,38555,38767.74,8393.3862,443664,4230.9405
2024-01-23 15:00:00+00:00,38767.75,39634.29,38766,39398.89,13288.843,419117,8210.956
2024-01-23 18:00:00+00:00,39398.88,39654.34,38981.1,39175.06,6363.9156,227780,3173.6566
2024-01-23 21:00:00+00:00,39175.07,39907.23,39070,39897.6,5283.5303,166101,3033.2385
2024-01-24 00:00:00+00:00,39897.59,40250,39701.34,39763.49,6215.7436,191435,3274.3861
2024-01-24 03:00:00+00:00,39763.5,39847.46,39557.01,39798.85,4076.1342,132380,2248.6285
2024-01-24 06:00:00+00:00,39798.85,40191.97,39661.91,39954.53,5050.517,198082,2878.9802
2024-01-24 09:00:00+00:00,39954.53,40555,39910.38,40209.34,5107.9024,249239,2698.0348
2024-01-24 12:00:00+00:00,40209.34,40298.86,39766,39914.01,6240.2471,331994,3028.6658
2024-01-24 15:00:00+00:00,39914,40207,39840,40141.98,4710.4031,217229,2548.6156
2024-01-24 18:00:00+00:00,40141.98,40150.18,39511.61,39544.4,4811.321,205889,2354.5287
2024-01-24 21:00:00+00:00,39544.4,40175.11,39484.19,40084.88,3081.5601,149367,1641.2176
2024-01-25 00:00:00+00:00,40084.89,40178.84,39914,39939.84,2775.7059,107370,1288.452
2024-01-25 03:00:00+00:00,39939.84,40099.87,39792.01,39876.47,2558.754,99339,1127.4137
2024-01-25 06:00:00+00:00,39876.47,40177.68,39876.46,40080.23,2582.6005,130887,1293.6877
2024-01-25 09:00:00+00:00,40080.23,40300.24,39957.44,40178.07,3839.6057,142907,1984.4256
2024-01-25 12:00:00+00:00,40178.07,40283.82,39731.64,40012.94,5746.3913,241402,2869.7142
2024-01-25 15:00:00+00:00,40012.93,40046.07,39550,39803.16,5943.7569,253405,3006.2338
2024-01-25 18:00:00+00:00,39803.16,40044.91,39637.99,39838.31,5297.4964,202141,2905.3265
2024-01-25 21:00:00+00:00,39838.3,39984.32,39792.02,39961.09,2277.8078,113782,1209.9958
2024-01-26 00:00:00+00:00,39961.09,40245,39822.52,40144.31,2565.7333,103605,1460.3079
2024-01-26 03:00:00+00:00,40144.3,40220,40067.52,40102.4,1739.0125,77999,907.67746
2024-01-26 06:00:00+00:00,40102.4,40176.47,39896.84,40133.8,3309.0317,121222,1544.6372
2024-01-26 09:00:00+00:00,40133.79,41348.13,40037.5,41289.52,10485.123,370328,5701.1337
2024-01-26 12:00:00+00:00,41289.52,41588,40914.5,41588,8532.7836,277357,4464.9988
2024-01-26 15:00:00+00:00,41588,42010.02,41218,41915.16,10560.733,335431,5615.527
2024-01-26 18:00:00+00:00,41915.17,42246.82,41838.83,41977.18,6694.9369,230366,3406.7946
2024-01-26 21:00:00+00:00,41977.18,42048,41800.02,41823.51,3497.6136,108553,1573.6787
2024-01-27 00:00:00+00:00,41823.51,41933.17,41708,41838.59,1943.3751,92325,905.58671
2024-01-27 03:00:00+00:00,41838.6,41890,41738.59,41762.48,1759.5658,73815,691.922
2024-01-27 06:00:00+00:00,41762.49,41812,41421.21,41470.01,2826.6965,108878,1308.2404
2024-01-27 09:00:00+00:00,41470.01,41800,41394.34,41761.23,2379.1352,108477,1319.5113
2024-01-27 12:00:00+00:00,41761.22,41818.39,41714,41766,1525.364,93491,684.52786
2024-01-27 15:00:00+00:00,41765.99,41895.74,41733.6,41779.28,1638.6761,87369,749.48116
2024-01-27 18:00:00+00:00,41779.28,42076.7,41745.26,42059.93,1863.7626,96504,971.90911
2024-01-27 21:00:00+00:00,42059.94,42200,42022.92,42120.63,2287.8414,90289,854.47122
2024-01-28 00:00:00+00:00,42120.63,42244,41925,42102.22,3330.9169,98565,1101.4942
2024-01-28 03:00:00+00:00,42102.21,42842.68,42100,42562.44,5634.2223,175024,3008.2947
2024-01-28 06:00:00+00:00,42562.45,42614.18,42293.66,42491.1,4120.6091,155979,1819.7589
2024-01-28 09:00:00+00:00,42491.09,42698,42357.88,42471.98,3148.1408,126346,1571.9959
2024-01-28 12:00:00+00:00,42471.98,42544,42240.22,42288,3008.5014,120430,1413.7877
2024-01-28 15:00:00+00:00,42288,42411.1,42100,42168.17,2481.8364,111581,1243.6738
2024-01-28 18:00:00+00:00,42168.16,42170.4,41681.72,41945.09,3448.1935,139677,1697.5384
2024-01-28 21:00:00+00:00,41945.09,42073.81,41620.81,42031.06,2122.5779,104891,1114.6445
2024-01-29 00:00:00+00:00,42031.05,42328.67,41874.94,42237.56,2318.7596,107234,1233.5855
2024-01-29 03:00:00+00:00,42237.56,42504,42131.1,42144.23,2335.7016,110903,1104.8208
2024-01-29 06:00:00+00:00,42144.23,42251.75,41966.02,42122.85,2230.3805,99284,1056.4349
2024-01-29 09:00:00+00:00,42122.85,42381.1,41961.1,42246.95,2493.6223,135707,1193.5843
2024-01-29 12:00:00+00:00,42246.95,42371.1,41804.88,41951.86,4171.6881,154120,1907.3251
2024-01-29 15:00:00+00:00,41951.86,43313.8,41882.33,42996.57,10944.837,344956,5875.1134
2024-01-29 18:00:00+00:00,42996.56,43199.99,42883.72,43147.6,4204.0436,140810,2142.525
2024-01-29 21:00:00+00:00,43147.61,43333,43061.66,43302.7,2843.7096,104842,1483.4974
2024-01-30 00:00:00+00:00,43302.71,43787.35,43133.9,43615.15,5268.8516,168772,2936.6703
2024-01-30 03:00:00+00:00,43615.15,43685.2,43342,43365.04,2961.5908,105120,1376.7808
2024-01-30 06:00:00+00:00,43365.03,43467.03,43215.76,43432.1,3119.9135,110554,1414.5099
2024-01-30 09:00:00+00:00,43432.1,43564.85,43295.55,43537.74,2888.6754,107895,1596.8116
2024-01-30 12:00:00+00:00,43537.75,43882.36,43114.13,43473.99,7191.6014,263079,3783.2107
2024-01-30 15:00:00+00:00,43474,43622,43224,43398.31,5974.1783,209609,3198.863
2024-01-30 18:00:00+00:00,43398.31,43760,43282.94,43561.1,5045.2972,170241,2631.6829
2024-01-30 21:00:00+00:00,43561.1,43694.15,42683.99,42941.1,5169.1373,181340,2378.7707
2024-01-31 00:00:00+00:00,42941.1,43107.77,42655.07,42883,4171.3068,157441,2126.76
2024-01-31 03:00:00+00:00,42883.01,43050.04,42861.1,42980,2037.3988,82733,1004.5817
2024-01-31 06:00:00+00:00,42980,43091.1,42909.2,42978.01,2245.8473,87587,1012.1943
2024-01-31 09:00:00+00:00,42978,42978.01,42355,42647.98,5414.6627,184476,2618.2554
2024-01-31 12:00:00+00:00,42647.98,42988.97,42521.31,42882.08,4861.3418,223957,2670.0066
2024-01-31 15:00:00+00:00,42882.08,43745.1,42691.1,43715.04,7488.7845,299842,3874.1271
2024-01-31 18:00:00+00:00,43715.04,43745.11,42519.92,42541.18,7978.0946,299945,3933.8981
2024-01-31 21:00:00+00:00,42541.19,42707.68,42276.84,42580,5673.7004,163578,3050.1249
2024-02-01 00:00:00+00:00,42580,42687.63,41884.28,42162.56,5144.9987,195917,2525.2472
2024-02-01 03:00:00+00:00,42162.55,42198,41889.95,42156.5,3746.7578,160861,1874.8355
2024-02-01 06:00:00+00:00,42156.5,42300,42123.35,42244.54,2899.3862,113324,1577.0325
2024-02-01 09:00:00+00:00,42244.54,42331.1,42026.52,42087.52,3183.6245,123436,1679.5121
2024-02-01 12:00:00+00:00,42087.52,42657.48,41944.89,42651.1,4977.3116,228073,2765.1449
2024-02-01 15:00:00+00:00,42651.1,43169.23,42364,42924,7449.0625,279922,3662.0152
2024-02-01 18:00:00+00:00,42923.99,43285.13,42771.82,43011.83,5141.1862,183103,2604.5957
2024-02-01 21:00:00+00:00,43011.83,43220,42872.91,43082.94,2688.7193,107633,1446.46
2024-02-02 00:00:00+00:00,43082.95,43432.63,43039,43080.41,3790.1606,123844,1972.6323
2024-02-02 03:00:00+00:00,43080.4,43140.25,42943.71,43103.97,1713.1517,68475,910.01568
2024-02-02 06:00:00+00:00,43103.98,43271.1,42957.7,43015.99,3919.4614,116358,2162.9261
2024-02-02 09:00:00+00:00,43015.99,43199,42941.1,43148.41,2982.6892,102437,1772.9016
2024-02-02 12:00:00+00:00,43148.42,43239.57,42546.79,42805.35,5800.235,195879,3119.5865
2024-02-02 15:00:00+00:00,42805.35,43488,42750,42958.47,6980.5549,281635,3602.1025
2024-02-02 18:00:00+00:00,42958.47,43089.91,42783.09,42952.65,2858.0671,120659,1361.2883
2024-02-02 21:00:00+00:00,42952.65,43238.01,42950.63,43200,1627.8243,77055,744.11822
2024-02-03 00:00:00+00:00,43199.99,43380.01,43151.11,43187.98,1882.0055,82795,862.42513
2024-02-03 03:00:00+00:00,43187.98,43234.03,43095.56,43168.78,1069.0753,58741,454.83463
2024-02-03 06:00:00+00:00,43168.78,43168.82,43004,43016.79,1004.7142,62850,392.02846
2024-02-03 09:00:00+00:00,43016.78,43125.28,42973.66,42995.04,1423.9684,67590,677.57186
2024-02-03 12:00:00+00:00,42995.04,43093.52,42974.99,43042.27,1201.8715,63845,614.74675
2024-02-03 15:00:00+00:00,43042.28,43270,42880,43230.01,2767.0934,136026,1460.5986
2024-02-03 18:00:00+00:00,43230,43243.52,43007.44,43065.15,1555.6751,78009,731.20649
2024-02-03 21:00:00+00:00,43065.15,43093.04,42953.33,43011.09,1129.0066,60106,498.37377
2024-02-04 00:00:00+00:00,43011.1,43068.79,42880.01,43022.65,1299.2091,61138,604.83832
2024-02-04 03:00:00+00:00,43022.64,43047.98,42862.51,42892.38,1024.6732,67502,481.5643
2024-02-04 06:00:00+00:00,42892.39,42932.74,42720.07,42795.25,1731.2939,82563,792.59707
2024-02-04 09:00:00+00:00,42795.24,43119.04,42741.6,43060.1,2188.0655,118416,1151.6391
2024-02-04 12:00:00+00:00,43060.09,43115.76,42850,42874,1970.1134,81917,919.44988
2024-02-04 15:00:00+00:00,42874,42969.79,42841.1,42899.45,1659.6083,84285,887.06431
2024-02-04 18:00:00+00:00,42899.44,42942.95,42541.4,42880.78,3923.6286,227536,2032.813
2024-02-04 21:00:00+00:00,42880.79,42985.73,42222,42582.88,3270.3022,207878,1557.1607
2024-02-05 00:00:00+00:00,42582.88,42629.41,42258.1,42447.06,2924.2711,122953,1450.4684
2024-02-05 03:00:00+00:00,42447.07,42825,42447.06,42777.24,2388.6151,121986,1297.2994
2024-02-05 06:00:00+00:00,42777.24,43195.36,42697.52,43033.53,3764.8556,200459,1961.3116
2024-02-05 09:00:00+00:00,43033.53,43268.98,42954.54,43194.08,2888.1287,134872,1449.6349
2024-02-05 12:00:00+00:00,43194.08,43569.76,43122.23,43195.28,5095.9144,213123,2676.7829
2024-02-05 15:00:00+00:00,43195.28,43195.29,42501,42720.94,6343.5526,269644,3132.6618
2024-02-05 18:00:00+00:00,42720.94,42869.66,42333.33,42426.01,3629.2603,151482,1685.5693
2024-02-05 21:00:00+00:00,42426,42722.3,42330.52,42708.7,2433.1613,102878,1330.3415
2024-02-06 00:00:00+00:00,42708.7,42941.47,42574,42852.19,2218.8622,104132,1252.007
2024-02-06 03:00:00+00:00,42852.18,42960.01,42753.99,42785.28,1635.8552,80602,776.64042
2024-02-06 06:00:00+00:00,42785.27,43089.38,42667,43069.02,2640.528,123296,1482.277
2024-02-06 09:00:00+00:00,43069.02,43119.9,42670.61,42826.96,4182.8905,195130,2093.2262
2024-02-06 12:00:00+00:00,42826.96,43093.83,42658,42942.8,3798.1344,200769,2014.8845
2024-02-06 15:00:00+00:00,42942.79,43399.98,42897.97,43180.66,5379.8729,191106,2848.909
2024-02-06 18:00:00+00:00,43180.67,43322,43000,43095.67,2801.6942,129383,1333.3845
2024-02-06 21:00:00+00:00,43095.67,43273.06,43032.71,43098.95,2018.0169,96342,1009.6534
2024-02-07 00:00:00+00:00,43098.96,43192,43001.1,43049.04,1790.3399,85239,880.05064
2024-02-07 03:00:00+00:00,43049.04,43051.1,42788,43029.12,2532.4465,120566,1140.8925
2024-02-07 06:00:00+00:00,43029.12,43030.61,42872.37,42942.83,1615.2493,79797,679.29161
2024-02-07 09:00:00+00:00,42942.82,43200,42838.01,42928.29,2804.7308,148473,1292.9624
2024-02-07 12:00:00+00:00,42928.28,43325.03,42890.51,43028.6,3877.6883,158036,2043.8955
2024-02-07 15:00:00+00:00,43028.59,43710,42921.1,43499.91,7263.8746,326991,4115.4465
2024-02-07 18:00:00+00:00,43499.91,44261.1,43431.1,44131.37,9044.2473,289545,4713.2882
2024-02-07 21:00:00+00:00,44131.37,44396.5,44113.96,44349.6,5464.0224,170162,2890.0499
2024-02-08 00:00:00+00:00,44349.6,44780,44331.1,44648.32,7248.3063,235691,3818.9714
2024-02-08 03:00:00+00:00,44648.33,44727.42,44480.53,44552.9,3451.5423,138968,1646.2814
2024-02-08 06:00:00+00:00,44552.89,44744,44427.01,44718.33,2961.4381,155368,1351.6441
2024-02-08 09:00:00+00:00,44718.33,44885,44612.66,44698.97,4507.7023,231106,2193.9957
2024-02-08 12:00:00+00:00,44698.97,45241.4,44606,45077.99,7876.4095,293005,4240.8977
2024-02-08 15:00:00+00:00,45077.99,45498,44890,45042.53,9976.4377,384302,4710.4658
2024-02-08 18:00:00+00:00,45042.54,45614.3,44991.1,45496.21,5882.9514,257767,3067.084
2024-02-08 21:00:00+00:00,45496.2,45501.1,45227,45288.65,3534.8347,167443,1702.184
2024-02-09 00:00:00+00:00,45288.66,46384.27,45242.12,46285.23,6688.96,246278,3909.3668
2024-02-09 03:00:00+00:00,46285.22,46350,45855,46267.15,6297.3673,224840,3231.0705
2024-02-09 06:00:00+00:00,46267.15,46675.86,46132.17,46639.99,5870.1931,241124,2834.3337
2024-02-09 09:00:00+00:00,46640,47299.88,46482.35,47180.02,9010.1655,308898,4648.6797
2024-02-09 12:00:00+00:00,47180.01,47719.44,46652,47062.01,16538.113,460468,7809.6373
2024-02-09 15:00:00+00:00,47062,47661.99,46765.44,47652.24,11359.263,329353,5995.4305
2024-02-09 18:00:00+00:00,47652.24,48200,47248.04,47511.29,13271.497,360848,6965.6691
2024-02-09 21:00:00+00:00,47511.3,47600,47035.92,47132.77,4467.922,152075,1966.7766
2024-02-10 00:00:00+00:00,47132.78,47355.23,47044.88,47311.39,2752.9775,141061,1470.1104
2024-02-10 03:00:00+00:00,47311.4,47504,47255.39,47326.83,2171.7127,129492,1174.5818
2024-02-10 06:00:00+00:00,47326.82,47352.98,47068.35,47087.7,1963.9393,130059,802.99222
2024-02-10 09:00:00+00:00,47087.69,47228.07,46800,47182,3714.6357,173951,1702.7021
2024-02-10 12:00:00+00:00,47182.01,47378.41,47105.44,47270,2954.4118,185913,1596.8503
2024-02-10 15:00:00+00:00,47270,47358.17,47154.52,47196.48,2033.4693,132491,925.26005
2024-02-10 18:00:00+00:00,47196.49,48170,47182.31,47878,4811.7992,227663,2814.4206
2024-02-10 21:00:00+00:00,47878,48149.81,47606.28,47751.09,4399.4139,202791,2253.7816
2024-02-11 00:00:00+00:00,47751.08,47779.57,47557.16,47774.23,1973.6423,141624,1034.6164
2024-02-11 03:00:00+00:00,47774.23,48592.66,47774.22,48224.7,7066.4735,293850,3961.366
2024-02-11 06:00:00+00:00,48224.71,48355,48061.1,48140,2965.7595,149090,1547.2935
2024-02-11 09:00:00+00:00,48139.99,48438.81,47922.33,48411.71,3106.4888,175136,1633.2819
2024-02-11 12:00:00+00:00,48411.71,48469.07,47931.82,48234.56,4565.6569,204642,2329.31
2024-02-11 15:00:00+00:00,48234.55,48394.29,47948.38,48292,3502.8294,162148,1738.7803
2024-02-11 18:00:00+00:00,48292.01,48388,47981.1,48034.55,3452.3714,154585,1734.6663
2024-02-11 21:00:00+00:00,48034.55,48300,47971.18,48299.99,3325.5865,126195,1762.0685
2024-02-12 00:00:00+00:00,48300,48826.81,48009.52,48151.1,6969.366,234296,3826.8478
2024-02-12 03:00:00+00:00,48151.1,48231.1,48022.8,48073.18,1883.526,109929,886.11526
2024-02-12 06:00:00+00:00,48073.18,48382.27,47755.81,48114.01,4302.4926,195042,2037.1866
2024-02-12 09:00:00+00:00,48114,48129.47,47710.01,47903.03,4457.9917,191058,2112.0319
2024-02-12 12:00:00+00:00,47903.04,48798,47841,48798,5876.9186,237397,3338.385
2024-02-12 15:00:00+00:00,48797.99,50334.82,48669.39,49854.48,23419.507,602694,12631.575
2024-02-12 18:00:00+00:00,49854.49,50240,49500,50162.96,7394.5908,221824,3687.3896
2024-02-12 21:00:00+00:00,50162.97,50271.02,49805.71,49917.27,4705.5745,147154,2277.9026
2024-02-13 00:00:00+00:00,49917.28,50368.61,49840,49947.57,4967.9143,157956,2710.5521
2024-02-13 03:00:00+00:00,49947.57,50050,49724.33,50050,2804.9486,102421,1434.2467
2024-02-13 06:00:00+00:00,50049.99,50151.1,49900.1,50117.98,3988.6557,134391,1912.6971
2024-02-13 09:00:00+00:00,50117.99,50247,49650,49988.12,7293.6536,222013,3505.2794
2024-02-13 12:00:00+00:00,49988.12,49996,48400,48692.16,14734.473,418828,7181.6624
2024-02-13 15:00:00+00:00,48692.17,49009.95,48300.95,48844.19,10589.871,316085,5446.1877
2024-02-13 18:00:00+00:00,48844.18,49500,48825,49399.41,7171.8014,237274,4033.7915
2024-02-13 21:00:00+00:00,49399.4,49775,49315.69,49699.59,4000.2498,152843,2185.3764
2024-02-14 00:00:00+00:00,49699.6,49712.94,49333,49490.48,2611.0068,115353,1139.0658
2024-02-14 03:00:00+00:00,49490.47,49633.77,49225.01,49539.05,2302.3714,108350,1033.9154
2024-02-14 06:00:00+00:00,49539.05,50800,49512.4,50758,6456.0309,238903,3825.9278
2024-02-14 09:00:00+00:00,50758,51723.08,50626.53,51555.12,15737.094,419475,8568.7449
2024-02-14 12:00:00+00:00,51555.12,52043.71,51411.77,51908.45,10705.965,333003,5759.717
2024-02-14 15:00:00+00:00,51908.45,51989.99,51200.24,51663.99,9852.5293,317939,4776.4102
2024-02-14 18:00:00+00:00,51663.99,51866.01,51202.44,51686.14,5955.3935,194743,2943.2901
2024-02-14 21:00:00+00:00,51686.15,51888,51464,51795.17,3425.9837,131626,1617.4471
2024-02-15 00:00:00+00:00,51795.17,52500,51717.58,52048.46,8113.7837,236011,4266.2559
2024-02-15 03:00:00+00:00,52048.45,52390,51814.14,51955.66,4205.8101,159647,1891.1556
2024-02-15 06:00:00+00:00,51955.67,52100,51634.01,51934.01,4648.3766,180083,2284.2368
2024-02-15 09:00:00+00:00,51934.01,52498.12,51870,52330,5457.0937,227972,2701.4743
2024-02-15 12:00:00+00:00,52330,52816.62,52078,52621.31,8492.4405,317722,4363.4409
2024-02-15 15:00:00+00:00,52621.31,52660,51721.31,51875.59,11005.172,318503,5387.3018
2024-02-15 18:00:00+00:00,51875.6,52060,51569.81,51686,6637.72,193125,3228.5423
2024-02-15 21:00:00+00:00,51686,51973.48,51314,51880,5255.634,153506,2600.179
2024-02-16 00:00:00+00:00,51880.01,52200,51803.6,52168.15,3606.9363,141517,1727.5918
2024-02-16 03:00:00+00:00,52168.14,52343.28,52009.63,52064.38,3444.0868,149863,1657.3833
2024-02-16 06:00:00+00:00,52064.39,52164,51688.44,51829.3,5517.3891,207443,2203.009
2024-02-16 09:00:00+00:00,51829.29,52435.86,51566,52213.86,6991.2573,258704,3564.8223
2024-02-16 12:00:00+00:00,52213.87,52572.08,51758,51920.31,7211.8648,304226,3542.003
2024-02-16 15:00:00+00:00,51920.32,52245,51592.88,52016.78,6283.0032,259644,3146.6808
2024-02-16 18:00:00+00:00,52016.78,52037.57,51655,51838,2859.7687,157567,1438.4991
2024-02-16 21:00:00+00:00,51838,52208.43,51759.1,52124.11,1857.947,104747,1029.9097
2024-02-17 00:00:00+00:00,52124.1,52162.82,51846.84,51935.85,1442.3772,102946,637.84974
2024-02-17 03:00:00+00:00,51935.84,52057.54,51792,51918.98,1343.4143,95578,604.61379
2024-02-17 06:00:00+00:00,51918.98,51960,51702.37,51740.01,1614.5221,123146,691.97869
2024-02-17 09:00:00+00:00,51740.01,51800,51500,51690.48,2973.3634,148019,1409.0155
2024-02-17 12:00:00+00:00,51690.47,51735.68,50625,50841.09,7482.1508,333777,3453.2863
2024-02-17 15:00:00+00:00,50841.09,51272.72,50642.85,51215.58,4948.7056,317296,2727.518
2024-02-17 18:00:00+00:00,51215.58,51561.01,51146,51514,2350.2948,143380,1340.8814
2024-02-17 21:00:00+00:00,51514.01,52030.18,51444.42,51642.64,3519.178,163631,1790.3725
2024-02-18 00:00:00+00:00,51642.64,51798.99,51163.28,51277.99,2781.784,133720,1336.3217
2024-02-18 03:00:00+00:00,51277.99,51688.87,51256.93,51656.87,1814.7769,130413,963.34569
2024-02-18 06:00:00+00:00,51656.88,51795.04,51405.52,51790.01,2105.9331,164179,1051.1121
2024-02-18 09:00:00+00:00,51790,52069,51661.1,51832.01,2753.7206,209128,1327.0081
2024-02-18 12:00:00+00:00,51832.01,51948.57,51535.01,51882,2737.831,196890,1383.5367
2024-02-18 15:00:00+00:00,51882,51980.73,51649.19,51837.94,2553.2793,152987,1338.0657
2024-02-18 18:00:00+00:00,51837.93,51872.85,51587.4,51776,2253.6792,183473,1178.9506
2024-02-18 21:00:00+00:00,51776.01,52377,51754.94,52137.67,4991.0996,204632,2703.0063
2024-02-19 00:00:00+00:00,52137.68,52428.78,51904.83,52148.6,3859.9363,167677,1939.5286
2024-02-19 03:00:00+00:00,52148.6,52221.1,51977.12,52130.42,2429.529,131771,1230.641
2024-02-19 06:00:00+00:00,52130.43,52488.77,52063.52,52098.5,3921.4952,217444,2081.7979
2024-02-19 09:00:00+00:00,52098.5,52450,52098.49,52336.22,3506.3106,163974,1783.8241
2024-02-19 12:00:00+00:00,52336.22,52454.11,52027,52100,4322.3108,211630,2281.4554
2024-02-19 15:00:00+00:00,52100,52346.05,51677,52151.73,5499.5827,320057,2894.3613
2024-02-19 18:00:00+00:00,52151.72,52200,51761.1,51798.99,3052.2449,161178,1572.6496
2024-02-19 21:00:00+00:00,51799,52110,51705.11,51774.73,2943.5847,169259,1482.1043
2024-02-20 00:00:00+00:00,51774.74,51832.01,51311,51711.09,4551.117,207267,2187.9333
2024-02-20 03:00:00+00:00,51711.09,51984.03,51510,51909.1,2563.0125,152865,1385.2373
2024-02-20 06:00:00+00:00,51909.1,52039.91,51586.22,51776.8,3049.7767,174404,1461.9767
2024-02-20 09:00:00+00:00,51776.8,52380,51560,52286.8,6265.2161,286034,3181.1306
2024-02-20 12:00:00+00:00,52286.8,52985,51769.23,52048.74,12402.485,483835,6284.6734
2024-02-20 15:00:00+00:00,52048.74,52086.56,50760.37,51324.99,11738.077,339783,5707.0164
2024-02-20 18:00:00+00:00,51325,52215.85,51241.81,51990.63,5292.0195,190908,2892.0456
2024-02-20 21:00:00+00:00,51990.62,52517.3,51901.1,52258.82,3752.7693,136816,1894.2373
2024-02-21 00:00:00+00:00,52258.82,52366.8,52041.1,52067.99,2652.0937,137656,1297.9264
2024-02-21 03:00:00+00:00,52067.99,52113.39,51817.25,51837.95,2353.6827,137807,1105.1997
2024-02-21 06:00:00+00:00,51837.95,51901.85,51452.45,51667.84,3782.0936,193475,1799.995
2024-02-21 09:00:00+00:00,51667.85,51698,50813,50965.53,8026.0792,328072,3687.1147
2024-02-21 12:00:00+00:00,50965.53,51442.26,50625,50929.99,8835.0733,344335,4707.7352
2024-02-21 15:00:00+00:00,50930,51427.43,50841.1,50931.35,6812.5115,290646,3832.9266
2024-02-21 18:00:00+00:00,50931.35,51129.18,50649.28,50957.94,5687.6782,207247,3033.3574
2024-02-21 21:00:00+00:00,50957.94,51950.01,50945.46,51849.39,4930.1883,185622,2775.4779
2024-02-22 00:00:00+00:00,51849.38,51878.18,51153.69,51418.36,4015.7002,184117,2019.1463
2024-02-22 03:00:00+00:00,51418.37,51684.51,51352,51524.88,2436.8385,162430,1183.6231
2024-02-22 06:00:00+00:00,51524.89,51937.89,51524.88,51888.52,4255.2056,240580,2137.8259
2024-02-22 09:00:00+00:00,51888.52,52034.12,51517.63,51622.04,3909.0218,185395,1918.7532
2024-02-22 12:00:00+00:00,51622.05,51733.05,50940.78,51374,6467.8342,296930,3107.2371
2024-02-22 15:00:00+00:00,51374,51750.01,51286.2,51697.4,4946.0144,239947,2574.9467
2024-02-22 18:00:00+00:00,51697.4,52065.78,51460.8,51995.58,5618.0365,212029,2990.7422
2024-02-22 21:00:00+00:00,51995.59,52007.65,51184.04,51288.42,3660.7946,166756,1898.1926
2024-02-23 00:00:00+00:00,51288.42,51548.54,51035.52,51096.39,2636.0009,123647,1318.9651
2024-02-23 03:00:00+00:00,51096.38,51321.92,50971.11,51236.01,3838.0092,178478,1551.7447
2024-02-23 06:00:00+00:00,51236,51313.99,50830,50958.54,3774.6698,170145,1501.7255
2024-02-23 09:00:00+00:00,50958.55,51263.22,50870.1,51218.95,3167.8674,186636,1584.6673
2024-02-23 12:00:00+00:00,51218.94,51333.47,50800.32,51126,6002.6845,281968,3038.2741
2024-02-23 15:00:00+00:00,51126,51172.91,50629.33,51139.14,6180.9229,298897,3300.0019
2024-02-23 18:00:00+00:00,51139.13,51195.18,50961.1,51079.21,2686.6667,130981,1311.4036
2024-02-23 21:00:00+00:00,51079.2,51094.64,50521,50744.15,2258.9741,116287,1004.0267
2024-02-24 00:00:00+00:00,50744.15,50907.14,50585,50799.99,2186.204,113387,1087.1528
2024-02-24 03:00:00+00:00,50799.98,51062,50682,51047.36,1685.6733,90859,919.7172
2024-02-24 06:00:00+00:00,51047.36,51118.09,50938.78,50994.92,1924.1544,102970,912.36421
2024-02-24 09:00:00+00:00,50994.92,51172.06,50986.82,51119.79,1854.0913,98322,928.4102
2024-02-24 12:00:00+00:00,51119.79,51180.41,51032.34,51139.3,1548.3998,94301,803.87704
2024-02-24 15:00:00+00:00,51139.31,51698,51094.99,51533.99,3099.6149,143682,1678.6969
2024-02-24 18:00:00+00:00,51533.99,51694.16,51407.07,51511.54,2585.5116,114972,1227.3906
2024-02-24 21:00:00+00:00,51511.54,51666,51468.24,51568.22,1676.7718,96522,904.54729
2024-02-25 00:00:00+00:00,51568.21,51898.72,51438.88,51602.05,2786.3139,127295,1511.1521
2024-02-25 03:00:00+00:00,51602.06,51726.23,51456.98,51669.32,1843.9517,91423,973.27675
2024-02-25 06:00:00+00:00,51669.33,51800.03,51582.81,51606.36,1828.4191,93610,854.43525
2024-02-25 09:00:00+00:00,51606.35,51700.01,51531.73,51645,1448.5788,89973,716.73403
2024-02-25 12:00:00+00:00,51645,51780,51554.53,51741.22,1974.9328,114309,1052.2104
2024-02-25 15:00:00+00:00,51741.22,51759.73,51279.8,51559.97,3339.7751,152604,1596.8272
2024-02-25 18:00:00+00:00,51559.97,51958.55,51498.83,51735.8,3470.6224,152707,1832.3098
2024-02-25 21:00:00+00:00,51735.8,51860,51640.88,51728.85,2029.0377,102071,1007.2313
2024-02-26 00:00:00+00:00,51728.85,51796.5,51428,51432.92,2173.2865,102003,972.93845
2024-02-26 03:00:00+00:00,51432.92,51598.06,51400,51569,2025.7087,86714,1292.6508
2024-02-26 06:00:00+00:00,51569,51598.06,51250.15,51250.16,2621.3754,121641,1327.0679
2024-02-26 09:00:00+00:00,51250.16,51304.23,50901.44,51090.01,4423.7071,187966,2204.7043
2024-02-26 12:00:00+00:00,51090.01,51718.6,50957,51687.02,4137.9915,237276,2050.6522
2024-02-26 15:00:00+00:00,51687.03,53647.71,51642.08,53502.6,19040.035,588931,10410.182
2024-02-26 18:00:00+00:00,53502.61,54910,53294.39,54448.09,12422.861,337642,6745.8822
2024-02-26 21:00:00+00:00,54448.1,54807.4,54313.65,54476.47,4411.7563,146736,2194.7574
2024-02-27 00:00:00+00:00,54476.48,57073.84,54450.13,56298.48,13353.431,420931,7388.1432
2024-02-27 03:00:00+00:00,56298.47,56530.09,55517.44,56066.01,8164.4605,346443,3977.7987
2024-02-27 06:00:00+00:00,56066.02,56456.77,55805,56235.99,6429.3495,237684,3163.4999
2024-02-27 09:00:00+00:00,56235.99,56818.02,56161.6,56527.79,6350.9931,287770,3221.594
2024-02-27 12:00:00+00:00,56527.8,57416.93,56457.26,56976.33,11974.349,417677,6478.2359
2024-02-27 15:00:00+00:00,56976.34,57299,56209,56759.99,9642.8004,308229,4932.1863
2024-02-27 18:00:00+00:00,56759.99,57588.15,56676,56967.89,7498.4032,250324,3872.3731
2024-02-27 21:00:00+00:00,56967.89,57105.45,56579.84,57037.34,3781.1996,145227,1936.4278
2024-02-28 00:00:00+00:00,57037.35,57101.1,56691.85,56925.1,2946.9944,137015,1365.4381
2024-02-28 03:00:00+00:00,56925.1,57271.44,56842.01,57080.68,2704.9097,145812,1492.522
2024-02-28 06:00:00+00:00,57080.67,59487.88,57053.02,59448.42,12678.269,477495,7304.2672
2024-02-28 09:00:00+00:00,59448.42,59494.06,58500,58941.11,12134.447,397040,5960.3903
2024-02-28 12:00:00+00:00,58941.11,61184.64,58891.1,60971.11,19894.35,605500,10739.279
2024-02-28 15:00:00+00:00,60971.11,64000,58700,61358.6,36391.58,1110223,18448.38
2024-02-28 18:00:00+00:00,61358.59,61500.02,59200,60403.21,21276.553,658001,10620.693
2024-02-28 21:00:00+00:00,60403.2,62647.04,59797.57,62432.1,10736.366,363976,6135.6688
2024-02-29 00:00:00+00:00,62432.11,62438.22,61021.1,61740.29,8213.1921,332674,3990.5978
2024-02-29 03:00:00+00:00,61740.3,62675.22,61132.05,62540.91,7763.0088,375769,4191.4095
2024-02-29 06:00:00+00:00,62540.91,63676.35,62318.38,62785.28,13257.157,518306,6891.5598
2024-02-29 09:00:00+00:00,62785.29,63340.95,62111.1,62936.02,7700.6299,298848,3998.7281
2024-02-29 12:00:00+00:00,62936.02,63531.88,62051.11,62902.77,10416.311,411541,5239.8787
2024-02-29 15:00:00+00:00,62902.78,63288,60501,60982.35,13427.319,526373,6177.8761
2024-02-29 18:00:00+00:00,60982.35,62285.47,60364.7,61934.73,10006.573,390032,5343.1753
2024-02-29 21:00:00+00:00,61934.73,61999.75,60584.07,61130.98,7640.8854,315862,3629.8439
2024-03-01 00:00:00+00:00,61130.99,61749,60781.25,60980,5020.9648,184918,2493.5726
2024-03-01 03:00:00+00:00,60980,61546.35,60777,61312.01,3461.8754,147943,1825.9066
2024-03-01 06:00:00+00:00,61312.01,62243.53,61201.1,61908.62,6742.6318,313608,3388.3231
2024-03-01 09:00:00+00:00,61908.63,62188,61811.01,61863.72,5291.7893,184338,2556.5739
2024-03-01 12:00:00+00:00,61863.71,62677.06,61525.66,61948.3,7126.2937,349562,3606.579
2024-03-01 15:00:00+00:00,61948.3,62181.81,61131.01,61909.98,7251.7125,298109,3661.6912
2024-03-01 18:00:00+00:00,61909.98,63114.23,61822.82,62861.11,7007.0616,244805,3759.7229
2024-03-01 21:00:00+00:00,62861.1,62884.36,62258.83,62387.9,5835.6056,224161,2903.3332
2024-03-02 00:00:00+00:00,62387.9,62433.19,61949.03,62111.18,3976.4345,190381,1909.161
2024-03-02 03:00:00+00:00,62111.18,62426.7,61752.3,62006.55,4028.847,188612,1956.1568
2024-03-02 06:00:00+00:00,62006.55,62256,61779.61,61939.64,3384.8587,235960,1634.7916
2024-03-02 09:00:00+00:00,61939.63,62040,61641.1,61826.32,3309.7001,255182,1538.9186
2024-03-02 12:00:00+00:00,61826.32,62167.79,61561.12,61840.12,3053.6257,249565,1489.3212
2024-03-02 15:00:00+00:00,61840.12,61981.71,61625,61761.11,2973.6059,219959,1524.0963
2024-03-02 18:00:00+00:00,61761.12,62200,61741.1,61873.2,2856.1696,177925,1643.9329
2024-03-02 21:00:00+00:00,61873.19,62071.76,61685.01,61987.28,1951.4951,124224,994.99884
2024-03-03 00:00:00+00:00,61987.28,61996.17,61642.39,61808.73,2310.6713,163467,1087.0968
2024-03-03 03:00:00+00:00,61808.73,62100,61785.86,61900,2314.3483,168309,1276.6489
2024-03-03 06:00:00+00:00,61900,62043,61320,61597.11,4809.148,372298,2316.9136
2024-03-03 09:00:00+00:00,61597.1,61890.96,61556,61831.1,2467.2427,161507,1189.9725
2024-03-03 12:00:00+00:00,61831.1,62640.18,61821.09,62102.68,5923.7892,467818,3116.1
2024-03-03 15:00:00+00:00,62102.68,62989,62088,62570.01,4612.7733,259177,2511.1828
2024-03-03 18:00:00+00:00,62570.01,62863.68,62570,62757.99,2615.5422,171970,1282.0463
2024-03-03 21:00:00+00:00,62758,63231.88,62623.76,63113.97,3941.3941,227465,2125.225
2024-03-04 00:00:00+00:00,63113.97,64268.24,62300,63687.43,11171.648,509855,6086.0734
2024-03-04 03:00:00+00:00,63687.42,63775,63210,63358,3986.8506,280118,2055.6039
2024-03-04 06:00:00+00:00,63357.99,65500,63326.98,65241.08,11693.384,631126,6559.3074
2024-03-04 09:00:00+00:00,65241.08,65555,64625.59,65230,8369.2735,428530,4347.4926
2024-03-04 12:00:00+00:00,65229.99,66382.19,64533.67,66169.41,12858.214,552529,7327.9654
2024-03-04 15:00:00+00:00,66169.41,67524.99,65843.17,66858.74,14091.387,562346,7324.9527
2024-03-04 18:00:00+00:00,66858.74,67770,66100,67427.16,11172.64,471125,5625.4244
2024-03-04 21:00:00+00:00,67427.17,68499,66755.79,68245.71,11491.763,452224,5992.2665
2024-03-05 00:00:00+00:00,68245.71,68686.8,67741.55,68137.81,9107.2174,422515,4482.84
2024-03-05 03:00:00+00:00,68137.81,68384.54,65089,66961.09,13426.259,684099,6183.7237
2024-03-05 06:00:00+00:00,66961.1,67465.2,65515.15,66866.75,11246.173,476546,5708.4617
2024-03-05 09:00:00+00:00,66866.75,67150,66052,66656.31,7387.8131,344373,3883.6674
2024-03-05 12:00:00+00:00,66656.32,68789,66581.81,68710.41,11685.218,508814,6693.5369
2024-03-05 15:00:00+00:00,68710.41,69000,63370.56,65575.2,32731.423,1190106,15851.524
2024-03-05 18:00:00+00:00,65575.21,65575.21,59005,61886.32,32932.42,1128322,15540.195
2024-03-05 21:00:00+00:00,61886.32,64367.27,61870,63724.01,14180.258,555931,7647.8964
2024-03-06 00:00:00+00:00,63724.01,64146.45,62779.14,62795,7559.8995,280914,3562.2614
2024-03-06 03:00:00+00:00,62795,66414.79,62785.97,66406.8,10773.12,566287,6026.2101
2024-03-06 06:00:00+00:00,66406.8,67641.1,65500,66941.23,11813.998,453345,6286.2569
2024-03-06 09:00:00+00:00,66941.22,67361.1,66041.63,67301.31,8873.9067,377913,4393.1259
2024-03-06 12:00:00+00:00,67301.31,67592.31,64664.92,65896.75,16685.7,695653,8293.9178
2024-03-06 15:00:00+00:00,65896.76,67347,65280.99,67324.84,10014.527,423484,5162.2445
2024-03-06 18:00:00+00:00,67324.84,67465,66610,66888.24,7956.6315,301594,4229.6943
2024-03-06 21:00:00+00:00,66888.23,66888.24,65714.17,66074.04,5061.0713,203791,2390.6152
2024-03-07 00:00:00+00:00,66074.04,66467.88,65551,66101.1,6155.4692,253124,3362.6962
2024-03-07 03:00:00+00:00,66101.1,66374.7,65657.59,65800,4716.7001,224010,2570.207
2024-03-07 06:00:00+00:00,65800,67014,65675.1,66665.41,6353.5559,318693,3479.2119
2024-03-07 09:00:00+00:00,66665.4,67275.2,66456.27,66905.34,5765.0463,322014,2994.8831
2024-03-07 12:00:00+00:00,66905.34,67899,66541.1,67024.98,10122.379,472521,5217.1575
2024-03-07 15:00:00+00:00,67024.99,67980,66750,67592.92,9590.8369,385907,4915.5899
2024-03-07 18:00:00+00:00,67592.92,67914.74,67215.7,67537.67,5747.0738,255734,3009.3611
2024-03-07 21:00:00+00:00,67537.67,67574.62,66810.32,66823.17,4608.8255,196224,2386.5563
2024-03-08 00:00:00+00:00,66823.18,67256.18,66757,67117.37,4433.0881,194385,2179.7908
2024-03-08 03:00:00+00:00,67117.37,67254.22,66782.22,66909.99,3026.1643,154132,1628.4386
2024-03-08 06:00:00+00:00,66910,67640.45,66841.1,67208.55,4966.9157,229391,2394.1452
2024-03-08 09:00:00+00:00,67208.56,67753.4,67040.76,67741.21,5146.3479,226939,2513.0619
2024-03-08 12:00:00+00:00,67741.22,68600,67300,68422,9023.923,418012,5059.3188
2024-03-08 15:00:00+00:00,68422,69990,66082.66,68340.01,29440.19,1065894,14940.034
2024-03-08 18:00:00+00:00,68340,69379,68065.82,69071.99,11662.683,399990,5832.8516
2024-03-08 21:00:00+00:00,69071.99,69181.1,67807.58,68124.19,6562.6203,255184,3163.8737
2024-03-09 00:00:00+00:00,68124.2,68279,67861.1,68156.02,3275.6692,173415,1684.6341
2024-03-09 03:00:00+00:00,68156.02,68370,68080.08,68244.98,2147.9381,137381,1254.8847
2024-03-09 06:00:00+00:00,68244.99,68541.1,68150.26,68300,3008.1276,170775,1560.5959
2024-03-09 09:00:00+00:00,68300,68365.64,67933.93,68299.99,3102.7575,204447,1497.0685
2024-03-09 12:00:00+00:00,68300,68521.1,68100.01,68138.68,2535.6492,182759,1291.492
2024-03-09 15:00:00+00:00,68138.69,68350,68000,68153.86,2464.2965,197394,1134.8913
2024-03-09 18:00:00+00:00,68153.86,68350,68121.69,68333.24,1795.3462,154294,834.33868
2024-03-09 21:00:00+00:00,68333.24,68433.17,68209.59,68313.27,1543.1132,124876,747.68681
2024-03-10 00:00:00+00:00,68313.28,69216,68200,68822.58,5994.725,294751,3132.1237
2024-03-10 03:00:00+00:00,68822.57,69659.47,68710,69330.32,4821.9389,284662,2602.3011
2024-03-10 06:00:00+00:00,69330.33,69686.94,69071.69,69635.35,2978.0665,189297,1478.1007
2024-03-10 09:00:00+00:00,69635.35,69887.61,69162,69568.46,6458.5524,385756,3184.1595
2024-03-10 12:00:00+00:00,69568.45,69833.33,68641.1,69270,6486.8345,351616,3054.8791
2024-03-10 15:00:00+00:00,69269.99,69768.58,68965.66,69413.53,4224.996,229409,2105.4874
2024-03-10 18:00:00+00:00,69413.53,69471.56,69111.89,69310,2162.4987,138880,1098.7671
2024-03-10 21:00:00+00:00,69310,69386.45,68094.75,68955.88,5277.0563,265147,2532.9806
2024-03-11 00:00:00+00:00,68955.88,68955.9,67024.96,68314.71,7875.3886,357265,3786.6824
2024-03-11 03:00:00+00:00,68314.72,68812.21,68283.6,68550.4,3316.6704,160995,1825.8435
2024-03-11 06:00:00+00:00,68550.4,71658,68445.91,71190,20399.563,818245,11398.367
2024-03-11 09:00:00+00:00,71190,72226.3,71150,71487.2,10902.522,397550,5570.9137
2024-03-11 12:00:00+00:00,71487.21,72380,71304.2,72170.68,11515.936,503905,6165.6916
2024-03-11 15:00:00+00:00,72170.69,72661.1,71795.29,72481.11,9991.5325,380272,5073.9634
2024-03-11 18:00:00+00:00,72481.11,72800,71760,72115.76,6953.9508,249441,3492.6454
2024-03-11 21:00:00+00:00,72115.77,72750,72038.31,72078.1,4337.2625,175741,2121.7487
2024-03-12 00:00:00+00:00,72078.1,72470.41,71900,72183.97,4005.4017,163315,2040.4181
2024-03-12 03:00:00+00:00,72183.97,72241.85,71301,71981.11,5952.5945,224462,2930.7265
2024-03-12 06:00:00+00:00,71981.1,72355.15,71388,71677.32,6451.748,387428,3289.566
2024-03-12 09:00:00+00:00,71677.32,72376,71647.14,72023.82,4777.7118,244792,2688.7351
2024-03-12 12:00:00+00:00,72023.82,73000,71470,71666.79,12958.952,603751,6767.9106
2024-03-12 15:00:00+00:00,71666.8,72083.61,68620.82,71092.55,20356.56,845765,9443.0564
2024-03-12 18:00:00+00:00,71092.55,71655,70500,71037.63,10025.15,373347,5164.7253
2024-03-12 21:00:00+00:00,71037.64,71550.05,70607.86,71452.01,4255.4285,205030,2192.0749
2024-03-13 00:00:00+00:00,71452,72100,71333.31,71980,4873.8075,218885,2462.319
2024-03-13 03:00:00+00:00,71980,72217.79,71881.42,72152.39,3759.9812,180527,1890.1583
2024-03-13 06:00:00+00:00,72152.39,73650.25,72110,73433.5,10014.982,474087,5592.3333
2024-03-13 09:00:00+00:00,73433.49,73607.8,73041.43,73065.41,5752.8097,269854,2853.9393
2024-03-13 12:00:00+00:00,73065.4,73180,71634.52,72352.8,11170.293,575020,5212.5165
2024-03-13 15:00:00+00:00,72352.79,73180,72289.03,72820.61,7514.0616,339977,3981.4896
2024-03-13 18:00:00+00:00,72820.61,73410.22,72721.16,73088.73,5794.1312,251725,2906.6555
2024-03-13 21:00:00+00:00,73088.72,73361.01,72788.15,73072.41,3779.6459,191122,1887.6707
2024-03-14 00:00:00+00:00,73072.4,73220,72500,73012.73,4130.4064,205451,2044.7719
2024-03-14 03:00:00+00:00,73012.74,73658,72680,73143.98,5256.5769,235857,2705.8581
2024-03-14 06:00:00+00:00,73143.98,73777,73100,73321.11,5168.134,273666,2592.1476
2024-03-14 09:00:00+00:00,73321.1,73500,72627,72884,5056.6957,251116,2177.3499
2024-03-14 12:00:00+00:00,72884.01,73047.16,71215,71690,13200.825,564225,6607.4795
2024-03-14 15:00:00+00:00,71689.99,72068.96,69880,71036.01,14531.968,568581,7373.117
2024-03-14 18:00:00+00:00,71036,71199,68555,70744.9,18486.292,658711,8913.1674
2024-03-14 21:00:00+00:00,70744.9,71709.9,70288.2,71388.94,5926.7303,237262,3262.8568
2024-03-15 00:00:00+00:00,71388.94,72419.71,68000,69035.38,12020.935,501580,5561.0436
2024-03-15 03:00:00+00:00,69035.39,69440.91,66699,67441.1,21127.31,776046,9862.2185
2024-03-15 06:00:00+00:00,67441.09,68861.1,67024,67066.26,11495.653,411514,5616.3727
2024-03-15 09:00:00+00:00,67066.25,68103.44,65600,67757.76,17729.873,660489,8424.8614
2024-03-15 12:00:00+00:00,67757.75,68667.61,67424.79,68622.81,9653.7553,446152,4988.6482
2024-03-15 15:00:00+00:00,68622.81,68746.69,67520.01,68221.1,9359.6969,355167,4585.7418
2024-03-15 18:00:00+00:00,68221.09,70650,67413.8,67871.99,15554.24,515493,7511.2721
2024-03-15 21:00:00+00:00,67871.98,69750,67832.46,69499.85,6392.572,238004,3294.5068
2024-03-16 00:00:00+00:00,69499.84,70043,68932.01,69073.14,5790.8258,275128,2693.4195
2024-03-16 03:00:00+00:00,69073.15,69435.99,68600,68984.91,4240.1142,300412,2256.6178
2024-03-16 06:00:00+00:00,68984.91,69460.91,68932,69021.96,3907.1766,212251,2104.156
2024-03-16 09:00:00+00:00,69021.97,69155.13,67725.53,68256.01,6194.4571,356701,2861.8216
2024-03-16 12:00:00+00:00,68256,68457.13,67524,68194.2,6731.3881,391631,3423.1614
2024-03-16 15:00:00+00:00,68194.19,68499.1,67121.14,67275.86,6009.8447,311741,3001.886
2024-03-16 18:00:00+00:00,67275.85,67699,66670,67129.19,10195.59,413307,5023.09
2024-03-16 21:00:00+00:00,67129.19,67241.1,64780,65300.63,12857.557,467848,5876.0466
2024-03-17 00:00:00+00:00,65300.64,66565,65122.23,66364.17,9098.0872,345013,4939.3446
2024-03-17 03:00:00+00:00,66364.17,66576.39,66000,66235.68,3181.1586,191631,1440.5199
2024-03-17 06:00:00+00:00,66235.67,66714.99,64533,66521.1,10410.347,502989,5132.035
2024-03-17 09:00:00+00:00,66521.11,67515,66260,66955.49,6123.6708,320443,3228.2206
2024-03-17 12:00:00+00:00,66955.49,67609.99,66436.92,67609.99,5933.2263,349838,3030.329
2024-03-17 15:00:00+00:00,67609.99,68693.75,67242.77,68550.22,6540.8674,317519,3486.6023
2024-03-17 18:00:00+00:00,68550.22,68666,68029.85,68269.06,3682.459,210624,1736.5239
2024-03-17 21:00:00+00:00,68269.05,68904.4,67953.35,68393.48,4772.4,211099,2334.7191
2024-03-18 00:00:00+00:00,68393.47,68425.97,66800,67764.25,7585.2537,288461,3627.45
2024-03-18 03:00:00+00:00,67764.25,68956,67704.01,68693.43,5282.1408,200894,3027.3036
2024-03-18 06:00:00+00:00,68693.43,68717.29,67300,68035.46,5795.4554,275511,2710.3088
2024-03-18 09:00:00+00:00,68035.46,68483.96,67650,68253.4,5204.4808,280221,2682.8183
2024-03-18 12:00:00+00:00,68253.39,68627.81,66644.15,66996.69,10155.766,447261,4811.6159
2024-03-18 15:00:00+00:00,66996.68,68079.52,66565.2,67388.27,10812.86,409664,5907.2068
2024-03-18 18:00:00+00:00,67388.28,67467.94,66870.95,67358.17,5812.0799,291360,3022.2295
2024-03-18 21:00:00+00:00,67358.17,67999,67294.02,67609.99,5043.044,271143,2740.7393
2024-03-19 00:00:00+00:00,67610,68124.11,65501,65875.88,11551.835,441364,5249.4083
2024-03-19 03:00:00+00:00,65875.87,66041.78,64628,65214.3,11602.59,412206,5420.8371
2024-03-19 06:00:00+00:00,65214.3,65435.61,63129,63464,14933.806,532704,6877.2919
2024-03-19 09:00:00+00:00,63463.64,64200,62505,63081.34,16030.366,591085,7745.364
2024-03-19 12:00:00+00:00,63081.34,63861.1,62410.78,62888,13531.774,487052,6448.0002
2024-03-19 15:00:00+00:00,62888,65756,62600,64868.01,16263.143,484790,8826.9958
2024-03-19 18:00:00+00:00,64868.01,65306.72,63547.38,63770.38,7779.9715,295808,3681.9814
2024-03-19 21:00:00+00:00,63770.37,64109.98,61555,61937.4,9311.8393,348823,3955.4055
2024-03-20 00:00:00+00:00,61937.41,63386.14,61840,62881.4,10692.643,404483,5253.4521
2024-03-20 03:00:00+00:00,62881.4,63466.21,60775,61549.53,13426.36,472189,6277.4124
2024-03-20 06:00:00+00:00,61549.54,63295,61520.64,62684.71,9939.0648,367050,5029.7729
2024-03-20 09:00:00+00:00,62684.71,63957.74,62640,63392.94,7709.0162,388427,3938.2282
2024-03-20 12:00:00+00:00,63392.95,64353.57,63066.6,64227.38,10520.507,478484,5421.9534
2024-03-20 15:00:00+00:00,64227.38,64776.72,62022,64107.58,15272.791,555442,7747.1794
2024-03-20 18:00:00+00:00,64107.58,67793,63952.39,67057.56,14392.26,533358,7542.5469
2024-03-20 21:00:00+00:00,67057.56,68100,66913.93,67840.51,8467.9439,350360,4313.2974
2024-03-21 00:00:00+00:00,67840.51,68240.47,67430,67531.96,6364.4899,277901,3163.9613
2024-03-21 03:00:00+00:00,67531.96,67740,66072.2,67009.51,7696.6196,307473,4164.1646
2024-03-21 06:00:00+00:00,67009.51,67659.53,66911.27,67283.55,5597.1712,236950,2876.5611
2024-03-21 09:00:00+00:00,67283.54,67360,66650,67044,4491.7105,241778,2169.2768
2024-03-21 12:00:00+00:00,67044.01,67693.6,66531.53,66860.07,6848.9369,323788,3739.201
2024-03-21 15:00:00+00:00,66860.07,67000,65666,65724.99,8129.3763,383400,4053.4113
2024-03-21 18:00:00+00:00,65724.99,65946.66,64529.01,65479.93,10854.728,410182,4971.2832
2024-03-21 21:00:00+00:00,65479.94,65857.27,65100,65501.27,3374.4471,206918,1512.2386
2024-03-22 00:00:00+00:00,65501.28,65985.44,65120.01,65644,5004.2977,271315,2279.3702
2024-03-22 03:00:00+00:00,65644,66434.48,65570.89,66430.01,4178.7864,232196,2192.5735
2024-03-22 06:00:00+00:00,66430.01,66649.62,65805.23,65858.68,4074.0746,242484,2017.2036
2024-03-22 09:00:00+00:00,65858.68,66053.7,64065.72,64233.9,6973.396,340985,3050.1282
2024-03-22 12:00:00+00:00,64233.9,64674.06,62601.11,62739.99,11683.347,456895,5375.0998
2024-03-22 15:00:00+00:00,62739.99,64341.89,62634.58,63579.37,9030.3175,391586,4668.2519
2024-03-22 18:00:00+00:00,63579.36,64126.09,63355.85,63501.66,4683.6013,250482,2297.9624
2024-03-22 21:00:00+00:00,63501.67,63812,62260,63796.64,5854.5579,306938,2698.29
2024-03-23 00:00:00+00:00,63796.64,64374.91,63536.3,63861.79,4039.9501,233888,1980.0051
2024-03-23 03:00:00+00:00,63861.78,64132.71,63000,64075.12,2852.8086,215098,1301.2759
2024-03-23 06:00:00+00:00,64075.13,64857.14,63984,64521.99,3267.8547,206328,1609.2464
2024-03-23 09:00:00+00:00,64522,64712.33,64186.21,64629.62,2326.4421,192458,1089.9869
2024-03-23 12:00:00+00:00,64629.61,65414.69,64278.15,65248,4263.5216,264381,2198.0669
2024-03-23 15:00:00+00:00,65247.79,65999,64733.15,65652.7,4857.9048,281015,2455.325
2024-03-23 18:00:00+00:00,65652.7,65681.72,64672.93,65009.78,2428.5192,186071,1150.8999
2024-03-23 21:00:00+00:00,65009.79,65199.97,63861.66,63990.01,2373.1131,174327,964.20219
2024-03-24 00:00:00+00:00,63990.02,64723.16,63954.85,64278.06,2067.6871,169996,1025.6547
2024-03-24 03:00:00+00:00,64278.05,64379.62,63772.29,64304.57,2142.602,179118,1048.6254
2024-03-24 06:00:00+00:00,64304.57,65259.42,64027.77,65244,3235.5389,198746,1807.5493
2024-03-24 09:00:00+00:00,65244,65368.66,64800,65334.01,2663.743,194882,1448.0181
2024-03-24 12:00:00+00:00,65334,65925.19,65177.28,65649.99,4492.074,293371,2246.2154
2024-03-24 15:00:00+00:00,65650,65838.88,64600.01,65345.99,4320.023,261967,2005.8551
2024-03-24 18:00:00+00:00,65345.99,66450,65340,66161.86,5358.4218,279319,2874.3426
2024-03-24 21:00:00+00:00,66161.87,67628.69,66161.86,67209.99,7115.6903,303375,4233.3956
2024-03-25 00:00:00+00:00,67210,67318.18,66385.06,66700.01,3854.8244,237672,1986.9944
2024-03-25 03:00:00+00:00,66700.01,67740,66575.76,67350,4267.0517,235157,2180.7557
2024-03-25 06:00:00+00:00,67350,67400,66710,66938.67,3298.1651,201824,1663.282
2024-03-25 09:00:00+00:00,66938.68,67344.23,66747.65,66810.15,3411.9191,216465,1594.1348
2024-03-25 12:00:00+00:00,66810.15,69450,66780,69377.19,13150.777,605490,7332.4841
2024-03-25 15:00:00+00:00,69377.2,70844.44,69136.88,70559.09,13100.847,546169,6973.6198
2024-03-25 18:00:00+00:00,70559.08,71150,70364.8,70907.21,6966.3271,300541,3632.29
2024-03-25 21:00:00+00:00,70907.21,70941.1,69562.09,69880.01,5381.2338,288902,2452.027
2024-03-26 00:00:00+00:00,69880,70549.54,69732.8,70530,3457.0567,204597,1684.906
2024-03-26 03:00:00+00:00,70529.99,70665.83,70274.55,70300,2716.6587,186823,1228.5365
2024-03-26 06:00:00+00:00,70300,71561.1,70260.3,70693.66,6559.691,345372,3376.736
2024-03-26 09:00:00+00:00,70693.66,71280,70578,70693.16,4189.3671,261093,2083.3686
2024-03-26 12:00:00+00:00,70693.17,71136.63,69280,70310,9171.2842,440275,4772.2702
2024-03-26 15:00:00+00:00,70310.01,70499,69412,70066.55,6196.0492,317017,3172.4716
2024-03-26 18:00:00+00:00,70066.54,70400,69401.72,69827.76,4305.8762,243468,1941.639
2024-03-26 21:00:00+00:00,69827.76,70305.33,69652.01,69988,2338.4011,178162,1238.9287
2024-03-27 00:00:00+00:00,69987.99,70739.65,69840,70575.94,3549.8266,216960,1954.9943
2024-03-27 03:00:00+00:00,70575.94,70687.73,70034.45,70475.07,2664.9385,188392,1232.9163
2024-03-27 06:00:00+00:00,70475.06,70598,69510,69547.91,3475.7564,245414,1621.9969
2024-03-27 09:00:00+00:00,69547.91,70359.97,69407,70220.73,4047.369,265880,2039.7347
2024-03-27 12:00:00+00:00,70220.73,71769.54,68534.01,70050.74,18447.694,733994,9289.9163
2024-03-27 15:00:00+00:00,70050.74,70078.5,68359.18,68680.01,8573.3283,404680,4155.3379
2024-03-27 18:00:00+00:00,68680.01,69163.01,68410,68906.02,4467.8936,230697,2236.4205
2024-03-27 21:00:00+00:00,68906.01,69637.66,68900,69469.99,3892.5505,167349,2371.0177
2024-03-28 00:00:00+00:00,69469.99,69980,68903.62,69146.89,3437.2575,204130,1607.9047
2024-03-28 03:00:00+00:00,69146.9,69939.42,69068,69714.2,2616.9014,151609,1400.2057
2024-03-28 06:00:00+00:00,69714.21,70865.58,69646,70578.1,5319.7583,225023,2814.2875
2024-03-28 09:00:00+00:00,70578.1,70962.63,70337.43,70647.18,4546.7366,222542,2168.4342
2024-03-28 12:00:00+00:00,70647.18,71552.06,70348.75,71537.97,8875.0196,395614,4837.8092
2024-03-28 15:00:00+00:00,71537.97,71537.98,70450,70791.17,5424.6425,239302,2561.2246
2024-03-28 18:00:00+00:00,70791.16,70975.99,70404,70674.08,2985.6856,205701,1486.8789
2024-03-28 21:00:00+00:00,70674.08,71074.03,70541.9,70780.6,2233.0309,155976,1130.524
2024-03-29 00:00:00+00:00,70780.6,70916.16,70580.34,70619.27,2005.4027,162684,950.56585
2024-03-29 03:00:00+00:00,70619.28,70714,70176.97,70180.7,2557.8275,181273,1172.5295
2024-03-29 06:00:00+00:00,70180.71,70498.08,69712,69932.99,3937.8217,207540,1747.3217
2024-03-29 09:00:00+00:00,69933,70318,69566,70142.78,3258.62,183539,1570.1671
2024-03-29 12:00:00+00:00,70142.78,70636.04,69852.08,70061.83,3862.0946,222098,1825.9672
2024-03-29 15:00:00+00:00,70061.83,70129.22,69009,69404.29,6114.8207,274062,2641.4017
2024-03-29 18:00:00+00:00,69404.29,69711.06,69322.02,69615.59,1773.5919,134346,911.57856
2024-03-29 21:00:00+00:00,69615.59,69916.5,69290,69850.54,1934.9044,157065,1019.5613
2024-03-30 00:00:00+00:00,69850.53,70177.87,69710,69934,2084.7375,187689,965.43162
2024-03-30 03:00:00+00:00,69934.01,70321.1,69750,70006.81,2108.0983,156081,1015.3079
2024-03-30 06:00:00+00:00,70006.8,70098.39,69811.37,69966.01,1563.0343,130353,764.08089
2024-03-30 09:00:00+00:00,69966,70183.67,69907.87,70183.55,1521.0236,117990,760.34011
2024-03-30 12:00:00+00:00,70183.54,70269.15,69985.3,70038.01,1482.5289,120407,626.66598
2024-03-30 15:00:00+00:00,70038.01,70280.06,69900,70036.01,1602.6366,146113,855.85496
2024-03-30 18:00:00+00:00,70036.02,70036.02,69670,69812.5,1796.549,130801,745.08897
2024-03-30 21:00:00+00:00,69812.5,69850,69540,69582.18,1486.0031,121054,691.12325
2024-03-31 00:00:00+00:00,69582.17,70165.86,69562.99,69990.01,2536.1098,138716,1391.0207
2024-03-31 03:00:00+00:00,69990.01,70460,69764.71,70345.64,2539.3564,127278,1363.6694
2024-03-31 06:00:00+00:00,70345.63,70470,70163.45,70266,2057.6765,120523,980.69191
2024-03-31 09:00:00+00:00,70266,70426.47,70147.77,70369.99,1303.5324,116524,634.30013
2024-03-31 12:00:00+00:00,70369.99,70759.1,70340.17,70535.48,2841.6375,184641,1443.035
2024-03-31 15:00:00+00:00,70535.48,70666,70289.72,70509.11,1865.9677,145627,918.70901
2024-03-31 18:00:00+00:00,70509.11,71227.22,70440.49,70840,3269.9685,194488,1779.7066
2024-03-31 21:00:00+00:00,70840,71366,70639.93,71280.01,2982.0956,154129,1631.3472
2024-04-01 00:00:00+00:00,71280,71288.23,70759.39,70866.98,2627.5305,155456,1292.4165
2024-04-01 03:00:00+00:00,70866.99,70880,69000,69167.48,5417.6415,270848,2219.5783
2024-04-01 06:00:00+00:00,69167.47,69786,68888,69388.64,6925.8149,265119,3434.1928
2024-04-01 09:00:00+00:00,69388.64,69799.98,69280.01,69460.01,2932.0707,157101,1547.9029
2024-04-01 12:00:00+00:00,69460,70080,68611.45,68906.07,6307.0441,279914,3071.9969
2024-04-01 15:00:00+00:00,68906.07,69021.66,68062.86,68750.01,8511.9007,343278,3947.6469
2024-04-01 18:00:00+00:00,68750,69816.24,68450,69730.06,5815.0169,255296,3315.9207
2024-04-01 21:00:00+00:00,69730.06,69900,69552.1,69649.8,2908.3011,166426,1381.4952
2024-04-02 00:00:00+00:00,69649.81,69674.23,66000,66996,11075.317,415500,4642.2354
2024-04-02 03:00:00+00:00,66996.01,67278.78,66120.75,66764.65,8878.045,340597,4303.3376
2024-04-02 06:00:00+00:00,66764.64,67120,66106.58,66240.02,5679.8374,254126,2866.0113
2024-04-02 09:00:00+00:00,66240.02,66536.05,65075,65622.69,10959.357,387333,5397.2119
2024-04-02 12:00:00+00:00,65622.69,66249.83,64588.58,65702.31,13076.518,431721,6864.9852
2024-04-02 15:00:00+00:00,65702.31,66111.55,64550,65608.01,9968.9304,371659,4845.8663
2024-04-02 18:00:00+00:00,65608.02,66200,65386.96,65650.43,8677.6807,285549,4901.7934
2024-04-02 21:00:00+00:00,65650.42,65933.76,65200,65463.99,3484.1426,175925,1698.7329
2024-04-03 00:00:00+00:00,65463.99,66052,64493.07,65906.49,8085.0707,328372,3866.5958
2024-04-03 03:00:00+00:00,65906.49,66478.59,65764,66077.1,3830.3357,194046,2116.8319
2024-04-03 06:00:00+00:00,66077.11,66642.36,65990,66518.04,3939.8641,199364,2189.9452
2024-04-03 09:00:00+00:00,66518.05,66637.43,65538.06,66059.76,4507.5928,233707,2218.7356
2024-04-03 12:00:00+00:00,66059.75,66903.63,65635.01,66627.93,5389.1283,287083,2926.8542
2024-04-03 15:00:00+00:00,66627.93,66648,65715.67,65952.01,5000.9246,348223,2795.0358
2024-04-03 18:00:00+00:00,65952,66150,65451.62,65712.01,5424.0828,406595,2519.9758
2024-04-03 21:00:00+00:00,65712,66297.4,65476.63,65963.28,3710.2187,174706,1984.6131
2024-04-04 00:00:00+00:00,65963.27,66354.83,65454.55,65744.38,2936.1653,191963,1308.4675
2024-04-04 03:00:00+00:00,65744.38,65796.59,65064.52,65591.57,3172.8912,176249,1379.609
2024-04-04 06:00:00+00:00,65591.57,66435.02,65548.67,66220.01,3402.1975,204939,1620.2129
2024-04-04 09:00:00+00:00,66220.02,66468.99,66108.85,66353.67,2426.8396,195487,1373.7003
2024-04-04 12:00:00+00:00,66353.68,67927.69,66330.56,67691.97,8954.6808,349782,4901.5514
2024-04-04 15:00:00+00:00,67691.98,68896.1,67428.57,68849.18,6200.6742,297621,3194.7813
2024-04-04 18:00:00+00:00,68849.18,69309.91,67320,67931.26,10791.01,406463,5292.8652
2024-04-04 21:00:00+00:00,67931.26,68565.54,67495,68487.79,3626.0261,178441,1942.1341
2024-04-05 00:00:00+00:00,68487.8,68756.67,67435.67,67600,4560.8942,239182,2119.5276
2024-04-05 03:00:00+00:00,67599.99,68033.33,66380,66888.04,4835.6192,236438,2307.3788
2024-04-05 06:00:00+00:00,66888.03,67684.26,66770.86,67151.21,3501.3744,206065,1959.0251
2024-04-05 09:00:00+00:00,67151.2,67213.84,66383.01,66478,4455.411,273662,2144.3694
2024-04-05 12:00:00+00:00,66478,68566.66,65952.56,68139.39,10140.196,407355,5368.7986
2024-04-05 15:00:00+00:00,68139.39,68380,67358.93,67442.49,4185.8144,211731,2060.2707
2024-04-05 18:00:00+00:00,67442.49,68096,67316,67643.48,4432.9229,194427,2040.7198
2024-04-05 21:00:00+00:00,67643.48,67966.67,67503.31,67820.62,1802.9988,133120,889.89459
2024-04-06 00:00:00+00:00,67820.63,68065.2,67447.83,67574.59,2654.0693,136348,979.34052
2024-04-06 03:00:00+00:00,67574.6,68232.14,67574.59,68038.74,2207.675,159262,1044.2832
2024-04-06 06:00:00+00:00,68038.75,68189.33,67845.2,68012.14,2160.8546,107888,1026.3596
2024-04-06 09:00:00+00:00,68012.15,68120,67615.22,67668.16,1867.4712,111057,934.47486
2024-04-06 12:00:00+00:00,67668.16,68109.13,67527.78,67993.99,2338.8846,145096,1152.1646
2024-04-06 15:00:00+00:00,67994,68484.09,67896.48,68287.3,2642.168,172749,1307.9134
2024-04-06 18:00:00+00:00,68287.3,68415,68163.62,68390,1387.7351,95979,745.04887
2024-04-06 21:00:00+00:00,68390,69692,68286.33,68896,4875.4314,243081,2784.2791
2024-04-07 00:00:00+00:00,68896,69777,68824,69300,3275.7661,169437,1727.3386
2024-04-07 03:00:00+00:00,69300.01,69510,69053.97,69397.76,2031.2821,131470,969.11533
2024-04-07 06:00:00+00:00,69397.76,69555,69110.81,69479.99,2060.5675,125860,1065.1087
2024-04-07 09:00:00+00:00,69479.99,69495.15,69199.01,69357,1618.5098,110051,737.48869
2024-04-07 12:00:00+00:00,69357,69664.67,69210,69578.44,2109.7358,136942,1146.1452
2024-04-07 15:00:00+00:00,69578.44,70326.29,69360.44,69798.01,5310.7065,267619,3059.1553
2024-04-07 18:00:00+00:00,69798.02,69828,68849.77,69309.69,3058.6939,179716,1447.734
2024-04-07 21:00:00+00:00,69309.7,69477.18,68901,69360.39,2069.4826,147953,997.81823
2024-04-08 00:00:00+00:00,69360.38,69841.03,69043.24,69228,2266.5476,162821,1043.6545
2024-04-08 03:00:00+00:00,69228,69801,69134.99,69701.99,1519.409,109708,746.63379
2024-04-08 06:00:00+00:00,69702,72111.99,69632.73,71968,11360.453,447590,6773.4806
2024-04-08 09:00:00+00:00,71968,72650,71650.32,72404,10964.597,423831,6337.4958
2024-04-08 12:00:00+00:00,72404,72797.99,71245.17,71726,9623.0799,442167,5230.7124
2024-04-08 15:00:00+00:00,71725.99,72021.56,71300,71699.23,4362.6518,197555,2226.8137
2024-04-08 18:00:00+00:00,71699.23,72104.05,71500.37,71711.99,3617.822,147770,2007.3026
2024-04-08 21:00:00+00:00,71711.98,72000,71599.9,71620,2009.3163,105583,943.81153
2024-04-09 00:00:00+00:00,71620,71758.19,70833.33,71477.44,3437.5335,167826,1765.7361
2024-04-09 03:00:00+00:00,71477.44,71641.97,70917.2,71056,2639.4766,145082,1172.6075
2024-04-09 06:00:00+00:00,71055.99,71265.47,69576.61,70500.01,7566.4923,333858,3458.8495
2024-04-09 09:00:00+00:00,70500.01,70905.26,70234.99,70794.85,3811.3138,165407,1820.7378
2024-04-09 12:00:00+00:00,70794.84,70977,68611,69358.32,9265.415,413541,4316.6194
2024-04-09 15:00:00+00:00,69358.32,69360,68210,68823.99,7650.1574,334157,3756.3467
2024-04-09 18:00:00+00:00,68823.99,69208.2,68656.08,69171.19,2676.6226,124930,1507.1513
2024-04-09 21:00:00+00:00,69171.18,69439.6,68888.47,69146,2246.8913,119356,1098.4892
2024-04-10 00:00:00+00:00,69146,69594.15,68466.63,68651.98,3626.99,206931,1717.8875
2024-04-10 03:00:00+00:00,68651.98,69414.2,68625.61,69255.82,2438.1046,128129,1288.3115
2024-04-10 06:00:00+00:00,69255.82,69515,68800,69011.92,2769.4518,162461,1251.0072
2024-04-10 09:00:00+00:00,69011.92,69180,68629.99,69043,3158.9422,158016,1443.4602
2024-04-10 12:00:00+00:00,69043,69204.28,67518,68703.05,12066.689,460510,5531.6772
2024-04-10 15:00:00+00:00,68703.04,69910.96,68264,69350.11,7182.5307,324271,3590.3786
2024-04-10 18:00:00+00:00,69350.1,70136,69071,69812.01,5015.5399,200674,2332.7547
2024-04-10 21:00:00+00:00,69812.01,71172.08,69581.03,70631.08,5747.7761,211178,3113.8711
2024-04-11 00:00:00+00:00,70631.08,71062,70285.13,70995.66,3327.9433,169343,1809.0759
2024-04-11 03:00:00+00:00,70995.66,71027.99,70378.11,70583.99,2136.1906,126871,929.68438
2024-04-11 06:00:00+00:00,70583.99,71305.89,70564,71039.39,3765.4435,184340,1910.6825
2024-04-11 09:00:00+00:00,71039.4,71053.61,69881.31,69983.16,3712.8228,206435,1705.7572
2024-04-11 12:00:00+00:00,69983.16,71100,69584,69600.54,9813.5506,468007,5125.6323
2024-04-11 15:00:00+00:00,69600.55,70446.03,69567.21,70203.99,4082.3804,207711,2134.8609
2024-04-11 18:00:00+00:00,70203.99,70746.09,69951.18,70499.62,3228.351,195737,1536.8204
2024-04-11 21:00:00+00:00,70499.63,70504.99,69804.87,70006.23,1850.5737,100551,755.97775
2024-04-12 00:00:00+00:00,70006.22,70775,70002.22,70635.93,2041.8172,110370,978.07114
2024-04-12 03:00:00+00:00,70635.92,71227.46,70635.92,70956.32,4198.8601,173385,2253.8282
2024-04-12 06:00:00+00:00,70956.32,71012,70566.02,70759.99,2996.7931,149625,1248.8521
2024-04-12 09:00:00+00:00,70759.99,70972,70509.58,70904.01,2923.2619,168663,1339.7835
2024-04-12 12:00:00+00:00,70904,70975.54,69236.95,69270.01,8236.8427,431300,3518.8829
2024-04-12 15:00:00+00:00,69270.02,69718.35,67444,68140.02,12921.152,520665,5978.6152
2024-04-12 18:00:00+00:00,68140.01,68383.63,65086.86,67120,18490.806,736322,8557.1149
2024-04-12 21:00:00+00:00,67119.99,67270.53,66680.84,67116.52,4263.3292,206287,2060.7167
2024-04-13 00:00:00+00:00,67116.52,67142.86,65731.27,66535.99,6274.5945,357083,2819.6771
2024-04-13 03:00:00+00:00,66536,67929,66483.87,67345.48,5519.1813,333351,2449.3006
2024-04-13 06:00:00+00:00,67345.48,67563.66,67090.83,67176,2778.0331,178726,1200.3671
2024-04-13 09:00:00+00:00,67175.99,67825.91,67136.14,67360,2427.7406,162960,1123.7733
2024-04-13 12:00:00+00:00,67360.01,67774.2,67169.97,67559.56,2430.6087,195480,1052.1128
2024-04-13 15:00:00+00:00,67559.57,67926,66500,66730.87,5233.1224,339100,2273.4409
2024-04-13 18:00:00+00:00,66730.86,67243.47,60660.57,61816.02,28232.38,1093094,12843.725
2024-04-13 21:00:00+00:00,61816.01,65608.09,61693,63924.51,18499.56,681546,9459.2722
2024-04-14 00:00:00+00:00,63924.52,64303.87,62888,63084.18,10148.728,377281,4950.1673
2024-04-14 03:00:00+00:00,63084.18,64466,62134,64383.99,9447.3801,384920,4429.6598
2024-04-14 06:00:00+00:00,64384,64887.99,64107.09,64530.67,6343.6303,265616,2691.1996
2024-04-14 09:00:00+00:00,64530.67,64721.65,63855.45,64166.05,5506.44,250317,2461.5635
2024-04-14 12:00:00+00:00,64166.05,64848.49,63437.55,63918.01,8985.1871,355414,4407.6892
2024-04-14 15:00:00+00:00,63918.02,64747.25,62573.66,63868.58,8858.407,430987,4323.3643
2024-04-14 18:00:00+00:00,63868.57,64695.4,63699.2,63842.36,4488.7934,230307,2298.5554
2024-04-14 21:00:00+00:00,63842.35,65840,63326.42,65661.84,7820.6127,363111,4170.0972
2024-04-15 00:00:00+00:00,65661.85,65867.45,64937.01,65129.74,5352.9291,256137,2519.8783
2024-04-15 03:00:00+00:00,65129.73,65512.2,64683.01,65466.74,3335.1859,188476,1672.0319
2024-04-15 06:00:00+00:00,65466.73,66582.84,65355.45,66287.21,8047.4639,374279,3848.2256
2024-04-15 09:00:00+00:00,66287.22,66867.07,65807.25,65860.12,4970.9118,216534,2230.0425
2024-04-15 12:00:00+00:00,65860.12,66399,64183.99,64235.24,7877.6538,379142,3674.1321
2024-04-15 15:00:00+00:00,64235.25,64868.28,63310.99,63908.48,10342.853,507431,5339.6459
2024-04-15 18:00:00+00:00,63908.48,64060.34,62274.4,63112.96,8460.9132,384917,3988.4792
2024-04-15 21:00:00+00:00,63112.96,63558,62632,63419.99,4001.6199,232132,1934.2446
2024-04-16 00:00:00+00:00,63419.99,63899.69,62750,63401.55,4577.2721,259264,2212.8385
2024-04-16 03:00:00+00:00,63401.56,63554.99,61680,62700.41,9488.8544,379874,4598.0598
2024-04-16 06:00:00+00:00,62700.41,63800,62636.73,63288.48,5047.0607,234196,2664.8374
2024-04-16 09:00:00+00:00,63288.48,63578.34,61600,63094.77,8121.3019,417139,3838.9318
2024-04-16 12:00:00+00:00,63094.76,63422.97,62020.01,62092.13,8479.2548,473593,3928.8874
2024-04-16 15:00:00+00:00,62092.12,63280.75,61694.02,62490.36,9162.2275,455690,4564.6552
2024-04-16 18:00:00+00:00,62490.37,63094.8,62427.24,63019.72,4511.3733,211549,2187.2954
2024-04-16 21:00:00+00:00,63019.73,64365,62973.83,63793.39,4047.9485,173049,2045.7608
2024-04-17 00:00:00+00:00,63793.4,64295,63581.16,63840.08,3804.2058,177803,1996.6988
2024-04-17 03:00:00+00:00,63840.09,64499,63672.26,63928.01,2793.3218,156827,1368.2067
2024-04-17 06:00:00+00:00,63928.01,64000,63150.1,63325.75,3646.1276,244063,1919.3561
2024-04-17 09:00:00+00:00,63325.76,63539.99,62541.13,62595.04,3464.1515,191833,1621.9836
2024-04-17 12:00:00+00:00,62595.04,62974.88,60741,61279.66,11488.535,510726,5141.8913
2024-04-17 15:00:00+00:00,61279.65,61538.35,59678.16,61275.37,16509.811,720163,7742.253
2024-04-17 18:00:00+00:00,61275.36,61956.42,60727.38,60846.79,6000.9502,282504,2968.4907
2024-04-17 21:00:00+00:00,60846.79,61763.07,60846.78,61277.37,2903.4418,174408,1587.8664
2024-04-18 00:00:00+00:00,61277.38,61920,60939.92,61666.43,3565.0403,187406,1676.6738
2024-04-18 03:00:00+00:00,61666.42,62229.9,60992,61072.02,4208.0937,197876,1950.6536
2024-04-18 06:00:00+00:00,61072.02,61550,60803.35,61335.99,4433.9606,222255,2101.4554
2024-04-18 09:00:00+00:00,61335.99,63072.27,61320.34,62597.92,7148.6136,298120,3930.1954
2024-04-18 12:00:00+00:00,62597.92,63970.81,61580.71,63816.57,10171.766,469861,4860.4482
2024-04-18 15:00:00+00:00,63816.56,64117.09,62628.6,62782.75,6718.6095,346074,3220.1927
2024-04-18 18:00:00+00:00,62782.74,63637.5,62310.03,63490.98,4936.1962,270210,2130.309
2024-04-18 21:00:00+00:00,63490.99,63825.74,63162.77,63470.08,2419.3292,150709,1000.279
2024-04-19 00:00:00+00:00,63470.09,63470.09,59600.01,61359.58,15012.194,531234,6816.0392
2024-04-19 03:00:00+00:00,61359.57,62800.07,61140,62073.38,9158.9809,330184,4757.171
2024-04-19 06:00:00+00:00,62073.39,65179,61809.93,64639.02,14950.793,532611,7857.9311
2024-04-19 09:00:00+00:00,64639.02,65450,64420,64870.74,6863.5533,296352,3603.4573
2024-04-19 12:00:00+00:00,64870.73,65440.57,63820.57,64452.12,8855.4533,370339,4371.4586
2024-04-19 15:00:00+00:00,64452.12,64808.54,63506.57,64627.8,6675.0889,311878,3353.8472
2024-04-19 18:00:00+00:00,64627.8,64660.86,63677.36,64044.11,3758.6109,200377,1882.1863
2024-04-19 21:00:00+00:00,64044.12,64494.03,62953.9,63818.01,4499.6287,255309,2299.4114
2024-04-20 00:00:00+00:00,63818.01,64263.41,63090.07,63834.02,4273.8392,235662,2353.4504
2024-04-20 03:00:00+00:00,63834.01,64268.58,63766,64159,2132.4725,118129,1107.2935
2024-04-20 06:00:00+00:00,64159.01,64222.22,63661.54,63729.45,1832.1538,109469,835.03083
2024-04-20 09:00:00+00:00,63729.44,63924.05,63277,63707.17,2568.3452,159187,1232.6861
2024-04-20 12:00:00+00:00,63707.18,64047.92,63575.83,63935.33,1882.5185,128598,912.07001
2024-04-20 15:00:00+00:00,63935.33,65419,63790,65200,5430.3048,319232,2897.3726
2024-04-20 18:00:00+00:00,65199.99,65310.99,64622.12,64727.64,3580.3964,202722,1735.5136
2024-04-20 21:00:00+00:00,64727.63,64988.92,64555,64940.59,1437.3994,103713,738.42727
2024-04-21 00:00:00+00:00,64940.58,65377,64608,65297.99,2057.5905,134981,1189.0232
2024-04-21 03:00:00+00:00,65298,65695.56,64843.98,65027.81,2666.3685,173426,1310.6365
2024-04-21 06:00:00+00:00,65027.82,65222.07,64899.84,64926.83,2287.1091,169451,984.00582
2024-04-21 09:00:00+00:00,64926.83,65440.95,64763.15,65234.01,2533.3315,183390,1417.5427
2024-04-21 12:00:00+00:00,65234.02,65375.41,64778.69,64893.5,2195.3351,190077,1051.0306
2024-04-21 15:00:00+00:00,64893.49,65132.07,64237.5,64822,3826.7207,237397,1884.9126
2024-04-21 18:00:00+00:00,64822,64862.5,64362.5,64646.17,1566.9619,111984,723.04091
2024-04-21 21:00:00+00:00,64646.16,65167.19,64569.07,64941.15,2183.0043,189447,1174.5252
2024-04-22 00:00:00+00:00,64941.15,65640,64500,64806.69,4514.6414,269599,2542.1943
2024-04-22 03:00:00+00:00,64806.69,66414.81,64754,66377.99,6816.2295,338397,3931.0267
2024-04-22 06:00:00+00:00,66377.99,66479.8,65905.73,65961.59,3600.9837,235234,1741.435
2024-04-22 09:00:00+00:00,65961.58,66154.87,65702,65877.47,2492.0525,137235,1162.499
2024-04-22 12:00:00+00:00,65877.47,66477.53,65626.87,66031.77,4270.6526,253601,2127.0843
2024-04-22 15:00:00+00:00,66031.78,66824.28,65665.86,66540,4041.729,272170,2023.9302
2024-04-22 18:00:00+00:00,66540.01,66760.56,66141.07,66509.5,2455.6293,135489,1178.9243
2024-04-22 21:00:00+00:00,66509.5,67232.35,66342.1,66819.32,3206.0758,174866,1758.9612
2024-04-23 00:00:00+00:00,66819.32,67183.01,66558.31,66615.79,2572.8463,141940,1209.744
2024-04-23 03:00:00+00:00,66615.79,66756,66181.1,66490.01,2523.3463,144321,1108.8473
2024-04-23 06:00:00+00:00,66490.01,66646,65963.4,66215.07,2627.4652,171158,1215.3656
2024-04-23 09:00:00+00:00,66215.06,66310.44,65852.35,66043.99,2689.288,167419,1395.595
2024-04-23 12:00:00+00:00,66043.99,67130,65765.81,66909.78,5846.3254,332767,3029.0438
2024-04-23 15:00:00+00:00,66909.79,66930.47,66328.44,66753.71,2846.915,202901,1256.5243
2024-04-23 18:00:00+00:00,66753.72,66846,65980,66352.94,2293.3475,163344,1070.7111
2024-04-23 21:00:00+00:00,66352.94,66464,66120,66414,1200.3665,110065,568.34299
2024-04-24 00:00:00+00:00,66414,66900,66390,66530.01,2416.8002,162065,1125.3729
2024-04-24 03:00:00+00:00,66530.01,67070.43,66514.44,66735.06,2482.9937,180753,1308.143
2024-04-24 06:00:00+00:00,66735.06,66883.68,66485.3,66533.99,2239.3664,164234,1200.706
2024-04-24 09:00:00+00:00,66533.98,66631.01,66203.05,66571.52,2250.4623,138247,1146.0741
2024-04-24 12:00:00+00:00,66571.52,66737,64732.34,65234.85,8465.1593,394621,3999.2705
2024-04-24 15:00:00+00:00,65234.86,65243.73,64348,64889.47,6679.0698,298587,3565.4812
2024-04-24 18:00:00+00:00,64889.47,64920,63606.06,64110,6256.8961,313241,3121.3433
2024-04-24 21:00:00+00:00,64110.01,64447.91,63825.72,64289.59,2804.9485,133149,1433.1188
2024-04-25 00:00:00+00:00,64289.58,64741.47,63860,64299.98,3012.5288,155844,1443.142
2024-04-25 03:00:00+00:00,64299.98,64464.29,64025.5,64223.36,2006.8799,117268,963.39265
2024-04-25 06:00:00+00:00,64223.36,64391.99,63708.2,63948.78,2644.0562,124144,1187.1155
2024-04-25 09:00:00+00:00,63948.78,64192,63337.25,63861.23,4455.0985,187126,2193.6596
2024-04-25 12:00:00+00:00,63861.24,64302.99,62794,63384.96,7928.9426,297714,3574.0076
2024-04-25 15:00:00+00:00,63384.96,64856.85,63265.95,64704,5573.0823,245632,2770.6032
2024-04-25 18:00:00+00:00,64703.99,64992,64452.21,64794.29,2998.5096,130139,1463.7236
2024-04-25 21:00:00+00:00,64794.28,65297.94,64447.75,64498.34,2722.3657,117457,1212.9854
2024-04-26 00:00:00+00:00,64498.33,64662.53,63890.82,64499.91,3611.5408,147418,1842.3173
2024-04-26 03:00:00+00:00,64499.92,64574.32,64000.02,64553.99,2700.1998,93100,1285.0808
2024-04-26 06:00:00+00:00,64553.99,64610.82,64234.19,64412.5,2915.6399,102284,1469.9185
2024-04-26 09:00:00+00:00,64412.5,64581.52,64059.8,64244.02,2656.8925,97639,1258.9961
2024-04-26 12:00:00+00:00,64244.03,64820.01,63685.94,63854.16,6979.1491,234972,3433.5933
2024-04-26 15:00:00+00:00,63854.15,64115.12,63297.48,64008.4,5272.1834,189974,2784.8658
2024-04-26 18:00:00+00:00,64008.4,64162.5,63727.89,63966.39,1744.1391,87147,868.67739
2024-04-26 21:00:00+00:00,63966.39,64080.56,63689.22,63770.01,1205.4487,73027,626.78727
2024-04-27 00:00:00+00:00,63770,63923.41,62391.24,62929.97,6079.6069,229603,2677.0201
2024-04-27 03:00:00+00:00,62929.98,63175,62808,62988.25,1875.3965,89718,922.71089
2024-04-27 06:00:00+00:00,62988.25,63160.71,62865.46,63016.01,1399.9511,80418,647.55032
2024-04-27 09:00:00+00:00,63016.01,63055.49,62673.37,62862.14,1624.91,85855,748.198
2024-04-27 12:00:00+00:00,62862.13,63408.53,62810.29,63131.65,3018.4118,121924,1478.123
2024-04-27 15:00:00+00:00,63131.65,63650,62750,63416.21,2977.0917,127760,1453.1917
2024-04-27 18:00:00+00:00,63416.22,63619.96,62821.82,63277.99,2831.6196,112913,1418.8933
2024-04-27 21:00:00+00:00,63277.99,63555.56,63157.98,63461.98,1126.0729,64231,558.26581
2024-04-28 00:00:00+00:00,63461.98,64050,63456.86,63950,1911.5497,90563,981.92262
2024-04-28 03:00:00+00:00,63950.01,64370,63810,63953.99,2618.2691,105189,1245.413
2024-04-28 06:00:00+00:00,63954,64060,63639.17,63709.98,1982.4252,93473,793.27374
2024-04-28 09:00:00+00:00,63709.99,63823.79,63345.55,63484.01,1933.1971,97599,831.44378
2024-04-28 12:00:00+00:00,63484,63869.09,63415.6,63607.19,1937.3006,95963,887.43086
2024-04-28 15:00:00+00:00,63607.2,63814,63460,63768.47,1422.5386,87783,696.13264
2024-04-28 18:00:00+00:00,63768.47,63976,63588.72,63686,1147.6985,72858,537.50238
2024-04-28 21:00:00+00:00,63686,63745.86,62781,63118.62,3996.2213,147224,1968.2191
2024-04-29 00:00:00+00:00,63118.62,63367.05,62570,62706.33,2446.487,115726,1075.3989
2024-04-29 03:00:00+00:00,62706.34,62764.84,62059.27,62444.88,3620.0756,150781,1727.9581
2024-04-29 06:00:00+00:00,62444.88,62498.61,61923.13,62398,3904.5798,157664,1947.7835
2024-04-29 09:00:00+00:00,62397.99,62673.18,62179.99,62256,2223.0445,107622,1205.5876
2024-04-29 12:00:00+00:00,62256,63014.67,61765.53,62834.99,6929.9293,223433,3625.1545
2024-04-29 15:00:00+00:00,62834.99,63221.74,62735.55,63033.23,3291.4904,136255,1562.3735
2024-04-29 18:00:00+00:00,63033.24,63134.12,62546.37,62968.82,2035.6048,106059,871.05937
2024-04-29 21:00:00+00:00,62968.83,64228.35,62820,63866,3699.0181,154756,1971.2789
2024-04-30 00:00:00+00:00,63866,64734,62995.7,63780.91,6015.0399,216499,3089.1438
2024-04-30 03:00:00+00:00,63780.92,63820.58,63069.68,63330,2195.1959,111815,1037.6376
2024-04-30 06:00:00+00:00,63330,63465.1,61816.46,61919.32,5752.8985,212869,2629.2997
2024-04-30 09:00:00+00:00,61919.32,62148,61000,61204.42,9782.0708,297625,5146.7746
2024-04-30 12:00:00+00:00,61204.41,61559.36,60546.22,61247.87,8059.0069,327105,3889.034
2024-04-30 15:00:00+00:00,61247.87,61395.66,60080,60368.81,8330.3871,305165,3846.0475
2024-04-30 18:00:00+00:00,60368.82,60538.38,59191.6,59958.62,10793.483,343099,4642.4662
2024-04-30 21:00:00+00:00,59958.62,61070.71,59952.49,60672,4019.5731,171494,2105.0127
2024-05-01 00:00:00+00:00,60672.01,60841.63,59590,59927.99,5685.576,200846,2398.9037
2024-05-01 03:00:00+00:00,59927.99,60361.09,59903.17,60050,2573.5979,106645,1189.3555
2024-05-01 06:00:00+00:00,60049.99,60113.24,56552.82,57169.69,24526.267,624912,11064.467
2024-05-01 09:00:00+00:00,57169.7,57909,56888,57898.47,8089.2178,261868,4144.7751
2024-05-01 12:00:00+00:00,57898.46,58275.87,57101.1,57482,8425.7517,276921,4176.9343
2024-05-01 15:00:00+00:00,57482.01,57700.86,56625.09,57424.65,7645.9319,254823,3856.5377
2024-05-01 18:00:00+00:00,57424.64,59468,56760.02,57361.7,18478.701,487477,8765.518
2024-05-01 21:00:00+00:00,57361.71,58575.32,57257.99,58364.97,5741.4241,187597,2607.0828
2024-05-02 00:00:00+00:00,58364.97,58610.55,56911.84,57463.87,10313.818,257908,5015.4562
2024-05-02 03:00:00+00:00,57463.88,57705.08,57202.49,57484.57,2647.3024,113088,1442.1916
2024-05-02 06:00:00+00:00,57484.57,57981.46,57404.08,57834.82,3600.0114,141858,1931.855
2024-05-02 09:00:00+00:00,57834.82,58689.55,57561.14,58559.66,5951.7266,193748,3113.4054
2024-05-02 12:00:00+00:00,58559.66,59300,58222,59055.25,11791.807,312525,5701.7577
2024-05-02 15:00:00+00:00,59055.26,59455,58943.38,59190.24,6153.5802,222129,2895.7047
2024-05-02 18:00:00+00:00,59190.24,59575.29,58637.62,58727.45,4032.856,182530,1758.9359
2024-05-02 21:00:00+00:00,58727.45,59625,58701.1,59060.61,3092.7189,149112,1381.4471
2024-05-03 00:00:00+00:00,59060.6,59916.12,58811.32,59543.76,3541.5369,156955,1868.1047
2024-05-03 03:00:00+00:00,59543.75,59999,59468.89,59522.67,3168.5173,125029,1465.5409
2024-05-03 06:00:00+00:00,59522.68,59574.6,59061.63,59225.99,2899.6318,123929,1346.537
2024-05-03 09:00:00+00:00,59225.99,59575.48,58849.94,59291.09,3049.6096,131885,1559.2665
2024-05-03 12:00:00+00:00,59291.1,62115.64,58991.99,61618.17,16758.63,464983,8606.8895
2024-05-03 15:00:00+00:00,61618.16,62179.99,61335.69,61805.85,5179.1109,192814,2547.0319
2024-05-03 18:00:00+00:00,61805.84,63202.97,61597.14,62900,5245.6209,200579,2904.2101
2024-05-03 21:00:00+00:00,62899.99,63333,62361.96,62882.01,3785.7443,162487,1847.8627
2024-05-04 00:00:00+00:00,62882.01,63595.14,62541.03,62699.07,3999.6186,169935,2086.1721
2024-05-04 03:00:00+00:00,62699.07,63450,62662,63384.01,2696.8115,125043,1578.2028
2024-05-04 06:00:00+00:00,63384.01,63390.06,62851.96,63160.95,1935.8328,106009,834.42129
2024-05-04 09:00:00+00:00,63160.95,64540,63055.55,63873.31,5926.5355,227781,3307.2043
2024-05-04 12:00:00+00:00,63873.3,64158.19,63434.53,63819.09,2955.6818,141546,1386.9762
2024-05-04 15:00:00+00:00,63819.08,63846,63300.58,63463.3,3198.1613,137666,1570.6689
2024-05-04 18:00:00+00:00,63463.3,64240.76,63388.12,63867.73,1890.0726,105492,1050.0903
2024-05-04 21:00:00+00:00,63867.74,64112.51,63550,63892.04,1765.9787,100037,857.47009
2024-05-05 00:00:00+00:00,63892.03,64188,62822.17,63141.71,3521.3063,155652,1577.1498
2024-05-05 03:00:00+00:00,63141.7,63493.55,63001,63211.67,1273.3894,80555,631.01945
2024-05-05 06:00:00+00:00,63211.66,63959,63162,63668,2215.3034,140955,1071.9101
2024-05-05 09:00:00+00:00,63668,63937.17,63550.28,63859.63,1430.1044,101349,658.78303
2024-05-05 12:00:00+00:00,63859.63,64279.99,63618.91,64100,3060.0352,142815,1598.6108
2024-05-05 15:00:00+00:00,64100.01,64646,63989.23,64218,3974.2371,185960,2052.6587
2024-05-05 18:00:00+00:00,64218,64249.42,63582.08,63738.78,1742.628,99598,675.75207
2024-05-05 21:00:00+00:00,63738.77,64227.51,63600,64012,1309.7463,86037,689.05053
2024-05-06 00:00:00+00:00,64012,64465,63826.08,63826.09,2514.9,108732,1301.8045
2024-05-06 03:00:00+00:00,63826.08,64331.58,63708.58,64186.93,2462.1578,111226,1348.379
2024-05-06 06:00:00+00:00,64186.93,65500,64137.92,65143.04,6072.9502,227067,3272.9267
2024-05-06 09:00:00+00:00,65143.04,65360.12,63815.38,64203.56,5595.5709,215361,2581.6823
2024-05-06 12:00:00+00:00,64203.55,64319.86,63211.66,63271.97,7710.916,286324,3631.4179
2024-05-06 15:00:00+00:00,63271.97,63760,62909.61,63169.93,5709.1719,206805,2788.3583
2024-05-06 18:00:00+00:00,63169.92,63532.05,62700,63308.28,3033.9286,151151,1529.4935
2024-05-06 21:00:00+00:00,63308.28,63611.85,63134.85,63165.19,1575.3242,85891,725.49804
2024-05-07 00:00:00+00:00,63165.18,63967.19,62960,63702.76,2529.2314,122701,1247.5041
2024-05-07 03:00:00+00:00,63702.76,63733.16,62832.6,63563.48,3001.4814,139086,1402.951
2024-05-07 06:00:00+00:00,63563.47,64422.41,63394.28,64232,3160.5458,138972,1598.4348
2024-05-07 09:00:00+00:00,64231.99,64362.7,63358,63490.43,3187.3273,152544,1422.602
2024-05-07 12:00:00+00:00,63490.43,64088.53,63050.77,64024.47,3396.4336,195769,1744.8149
2024-05-07 15:00:00+00:00,64024.47,64320,63310.84,63391.79,3493.7622,177854,1763.8209
2024-05-07 18:00:00+00:00,63391.79,63393.52,62789.89,62974.94,2667.5368,165379,1253.066
2024-05-07 21:00:00+00:00,62974.94,63162.28,62261,62312.08,4162.4762,180593,2069.189
2024-05-08 00:00:00+00:00,62312.07,62849.03,62111,62756.01,2691.0983,130586,1471.7536
2024-05-08 03:00:00+00:00,62756,63020.22,62358.09,62617.71,2161.5105,107415,1044.3964
2024-05-08 06:00:00+00:00,62617.71,62709.63,62020.09,62375.99,3377.53,148703,1520.8453
2024-05-08 09:00:00+00:00,62375.99,62519.7,62082.3,62243.4,2481.0399,127346,1251.7502
2024-05-08 12:00:00+00:00,62243.4,62828,61761,62560.01,4481.3264,226731,2240.1094
2024-05-08 15:00:00+00:00,62560,62685.7,61886.86,62594.18,3199.0771,227500,1603.7017
2024-05-08 18:00:00+00:00,62594.19,62760,61429.62,61570.01,3675.4288,242403,1700.989
2024-05-08 21:00:00+00:00,61570,61763.37,60888,61193.03,4054.1791,204468,1836.0362
2024-05-09 00:00:00+00:00,61193.03,61694.91,61144.33,61664.64,1933.3265,119750,909.51003
2024-05-09 03:00:00+00:00,61664.64,61806.98,61420,61580.01,2322.6967,122609,1173.8551
2024-05-09 06:00:00+00:00,61580.01,61780.6,61129,61310,2298.227,147782,1051.8283
2024-05-09 09:00:00+00:00,61309.99,61361.94,60630,61053.99,4435.0903,192536,2002.7793
2024-05-09 12:00:00+00:00,61053.99,61631.03,60882.19,61540.61,4661.7813,191449,2276.9213
2024-05-09 15:00:00+00:00,61540.6,62668.67,61465.36,61946.29,8341.3443,297825,4183.7949
2024-05-09 18:00:00+00:00,61946.3,62659.51,61890,62624.7,2830.3904,140239,1501.8498
2024-05-09 21:00:00+00:00,62624.7,63429.03,62426.82,63074.01,3837.9497,169767,2019.476
2024-05-10 00:00:00+00:00,63074,63094.01,62662.07,62910.61,2149.7369,116889,1092.7331
2024-05-10 03:00:00+00:00,62910.62,63008,62660.42,62767.99,1801.6668,93236,848.53679
2024-05-10 06:00:00+00:00,62768,63380,62743.88,63039.99,4480.3662,152461,2612.9775
2024-05-10 09:00:00+00:00,63040,63320,62800,63299.63,2305.9934,112627,1246.7057
2024-05-10 12:00:00+00:00,63299.63,63469.13,60690,61063.87,9284.3665,348234,4256.762
2024-05-10 15:00:00+00:00,61063.87,61326.01,60187.12,60383.72,10475.555,395048,5012.9327
2024-05-10 18:00:00+00:00,60383.71,60977.17,60220.87,60516.92,4423.3751,184814,2173.3844
2024-05-10 21:00:00+00:00,60516.91,61003,60466.52,60799.99,1608.28,97334,822.79952
2024-05-11 00:00:00+00:00,60799.99,61096.27,60650,60895.23,2025.9227,98911,1032.9577
2024-05-11 03:00:00+00:00,60895.22,60939.18,60699.92,60922,1353.0473,87062,574.69017
2024-05-11 06:00:00+00:00,60921.99,61080,60780,60790,1447.1024,91178,599.03983
2024-05-11 09:00:00+00:00,60790.01,60904.43,60487.09,60684.01,2117.8555,98386,854.56047
2024-05-11 12:00:00+00:00,60684,61000.01,60643.94,60840.01,1372.9561,84885,663.12621
2024-05-11 15:00:00+00:00,60840.01,61515,60840,61099.05,2973.9719,145033,1550.2178
2024-05-11 18:00:00+00:00,61099.04,61300,60784.39,61016.58,1226.673,79522,559.69686
2024-05-11 21:00:00+00:00,61016.57,61016.58,60743.51,60825.99,857.04037,68304,388.80647
2024-05-12 00:00:00+00:00,60825.99,61104.05,60804,60929.85,1024.8385,66774,450.08866
2024-05-12 03:00:00+00:00,60929.86,61120,60863.81,61050.01,805.13531,54975,394.37161
2024-05-12 06:00:00+00:00,61050.01,61110,60610,61049.97,1393.3375,82164,643.13717
2024-05-12 09:00:00+00:00,61049.97,61366.59,60950,61146,1798.4097,82309,908.04511
2024-05-12 12:00:00+00:00,61145.99,61313.82,61090,61168.82,1097.4867,70526,522.65606
2024-05-12 15:00:00+00:00,61168.83,61888,61109.67,61616.3,3859.8081,193167,2087.075
2024-05-12 18:00:00+00:00,61616.3,61652.7,61209.59,61284.03,1212.9958,83594,588.37167
2024-05-12 21:00:00+00:00,61284.03,61551.43,60910.58,61483.99,1561.1208,93604,823.16577
2024-05-13 00:00:00+00:00,61484,61812,60944.71,61044.26,3188.9683,185038,1573.1877
2024-05-13 03:00:00+00:00,61044.26,61220.79,60749.21,60858.97,3579.0756,144135,1668.0596
2024-05-13 06:00:00+00:00,60858.96,63080,60797.79,62767.18,7986.6616,265030,4644.4161
2024-05-13 09:00:00+00:00,62767.19,63295.48,62378.84,62738,4575.4703,188230,2128.2155
2024-05-13 12:00:00+00:00,62737.99,63100,62399.35,62747.87,4569.0719,200761,2273.7264
2024-05-13 15:00:00+00:00,62747.88,63450,62610,62810.51,4649.7937,200102,2323.8606
2024-05-13 18:00:00+00:00,62810.51,63193.59,62566.36,63091.89,2664.5268,110298,1425.4662
2024-05-13 21:00:00+00:00,63091.88,63120,62715.57,62940.08,1519.8502,77839,680.97644
2024-05-14 00:00:00+00:00,62940.09,63118.36,62500,62541.99,2929.801,123035,1415.7516
2024-05-14 03:00:00+00:00,62541.99,62780.73,62401.07,62717.22,2599.97,113065,1361.6964
2024-05-14 06:00:00+00:00,62717.22,62717.22,61404.34,61861,5911.5912,185527,2696.4342
2024-05-14 09:00:00+00:00,61861.01,61954.9,61520.89,61798.57,1852.5805,85341,797.21341
2024-05-14 12:00:00+00:00,61798.57,62300,61142.77,61803.74,7387.4468,270503,3603.8292
2024-05-14 15:00:00+00:00,61803.74,62063.56,61159.34,61314.98,5502.2117,199519,2563.4994
2024-05-14 18:00:00+00:00,61314.99,61710,61224.07,61610.04,1508.146,78874,714.23635
2024-05-14 21:00:00+00:00,61610.04,61789.99,61472.41,61577.49,1396.9733,72075,663.15384
2024-05-15 00:00:00+00:00,61577.49,61908.47,61319.47,61774.01,1696.4941,74901,787.31448
2024-05-15 03:00:00+00:00,61774.01,62082.64,61772.44,61928.68,1507.7051,75429,607.19473
2024-05-15 06:00:00+00:00,61928.67,62280.01,61829.96,62143.51,2171.5217,116133,960.63309
2024-05-15 09:00:00+00:00,62143.51,62999.44,61923.2,62467.18,5117.7392,227520,2524.0129
2024-05-15 12:00:00+00:00,62467.18,64663.56,62402.03,64500,14670.576,529432,7803.5629
2024-05-15 15:00:00+00:00,64499.99,65150,64367.14,65046.56,7502.7441,283756,3777.9285
2024-05-15 18:00:00+00:00,65046.56,66419.15,64960.99,65930.87,7513.7923,301189,3668.8311
2024-05-15 21:00:00+00:00,65930.88,66444.16,65779.88,66206.5,3379.1741,121094,1668.3633
2024-05-16 00:00:00+00:00,66206.51,66666,65746.42,65909.51,3798.2442,135774,1829.8471
2024-05-16 03:00:00+00:00,65909.51,66074.03,65746.12,65781.99,1968.6928,95452,933.3205
2024-05-16 06:00:00+00:00,65781.99,66460.71,65652.92,66297.12,3357.6234,137114,1762.4856
2024-05-16 09:00:00+00:00,66297.12,66585.7,66000,66503.8,2668.2109,135142,1333.4614
2024-05-16 12:00:00+00:00,66503.81,66752.01,65555,65598.7,6549.892,286713,3448.4056
2024-05-16 15:00:00+00:00,65598.7,65900,64602.77,64994.99,7669.5268,283519,3826.1116
2024-05-16 18:00:00+00:00,64995,65580,64831.63,65273.9,3245.6333,114481,1614.2646
2024-05-16 21:00:00+00:00,65273.9,65500,65140.61,65235.21,1848.5437,81598,897.21634
2024-05-17 00:00:00+00:00,65235.21,65510.22,65106.38,65386.01,1481.8915,82348,755.81816
2024-05-17 03:00:00+00:00,65386,65901.46,65354.23,65700,2573.539,107109,1363.8243
2024-05-17 06:00:00+00:00,65699.99,66500,65580.66,66146.01,5088.0856,182313,2790.4419
2024-05-17 09:00:00+00:00,66146,66564.23,66072.43,66218,2392.5656,110605,1242.8384
2024-05-17 12:00:00+00:00,66217.99,66850,65828.03,66806.66,4094.6605,181204,2015.3423
2024-05-17 15:00:00+00:00,66806.67,67451.2,66552.53,66702.52,6322.2316,249663,2993.6886
2024-05-17 18:00:00+00:00,66702.51,67070,66214.67,66890,2986.1549,136889,1464.2847
2024-05-17 21:00:00+00:00,66890,67089.72,66669.72,67024,1353.1055,67123,674.85698
2024-05-18 00:00:00+00:00,67024,67095.88,66725.53,66907.84,2004.7978,100225,1011.9633
2024-05-18 03:00:00+00:00,66907.85,67008.41,66800,66854.71,1181.2293,68801,579.04942
2024-05-18 06:00:00+00:00,66854.7,67240.69,66730,67027.59,1836.5583,92583,977.06479
2024-05-18 09:00:00+00:00,67027.59,67400.01,66999.99,67190.82,3110.5904,131604,1485.9201
2024-05-18 12:00:00+00:00,67190.81,67227.97,66600.09,66793.66,2802.2349,130451,1172.0411
2024-05-18 15:00:00+00:00,66793.66,66992.53,66600,66866.51,1671.0318,94245,755.32167
2024-05-18 18:00:00+00:00,66866.52,67014.88,66771.76,66964.01,740.29789,61886,395.80738
2024-05-18 21:00:00+00:00,66964.01,67039.92,66810,66915.2,1094.5174,54272,533.96648
2024-05-19 00:00:00+00:00,66915.2,67250,66837.39,67211.61,1384.9509,75011,731.76603
2024-05-19 03:00:00+00:00,67211.6,67294.35,66994.22,67097.62,1166.1912,64954,584.15233
2024-05-19 06:00:00+00:00,67097.63,67339.91,66930.4,67160.01,1642.4378,84580,859.66432
2024-05-19 09:00:00+00:00,67160,67700,66950,67330,3702.5684,142742,1901.7354
2024-05-19 12:00:00+00:00,67330.01,67330.01,66677,66928,2929.1423,131715,1392.6119
2024-05-19 15:00:00+00:00,66928,66990,66521.38,66720.01,2336.233,109453,1124.5258
2024-05-19 18:00:00+00:00,66720.01,66757.21,65857.25,66163.99,3512.3502,138168,1395.3191
2024-05-19 21:00:00+00:00,66164,66463,66000,66274.01,1351.4303,77106,702.40022
2024-05-20 00:00:00+00:00,66274,66763,66060.31,66674.02,2325.8246,107941,1216.5422
2024-05-20 03:00:00+00:00,66674.02,67295.99,66563.95,67136.36,2715.479,109058,1464.8377
2024-05-20 06:00:00+00:00,67136.36,67160,66279.64,66762,3059.9478,133464,1380.9313
2024-05-20 09:00:00+00:00,66762.01,67349,66753.18,66994.2,3154.7039,126550,1420.2561
2024-05-20 12:00:00+00:00,66994.2,67184.71,66753.42,67006.01,3665.0107,127299,1972.5448
2024-05-20 15:00:00+00:00,67006,68649.98,66902,68331.51,8886.545,351519,4622.8915
2024-05-20 18:00:00+00:00,68331.51,70421.24,68292.6,69500,15626.653,577426,8498.7394
2024-05-20 21:00:00+00:00,69499.99,71515.56,68905.67,71446.62,11382.537,397682,6215.7869
2024-05-21 00:00:00+00:00,71446.62,71979,70706,71283.8,11133.171,470820,5682.081
2024-05-21 03:00:00+00:00,71283.81,71401.68,70826.92,71209.86,5104.3814,194012,2488.3521
2024-05-21 06:00:00+00:00,71209.87,71394.2,70839.63,70916,4905.1227,188500,2368.6975
2024-05-21 09:00:00+00:00,70916.01,71474.92,70880.68,71130,5840.6399,248183,3210.2205
2024-05-21 12:00:00+00:00,71130,71455.09,70187.76,70213.2,8445.3632,310091,4015.2349
2024-05-21 15:00:00+00:00,70213.21,70487.82,69550,69857.05,7823.7985,409921,3873.2026
2024-05-21 18:00:00+00:00,69857.05,69950.19,69162.94,69727.01,3659.9524,159471,1750.0481
2024-05-21 21:00:00+00:00,69727,70377.77,69460.38,70148.34,2695.0046,156450,1298.4426
2024-05-22 00:00:00+00:00,70148.34,70368.6,69922.77,70003.01,2967.5032,117743,1290.0776
2024-05-22 03:00:00+00:00,70003.01,70050,69165,69898.12,2846.8219,144724,1277.0769
2024-05-22 06:00:00+00:00,69898.12,70200,69587.62,70010.27,2621.7716,117661,1278.3447
2024-05-22 09:00:00+00:00,70010.26,70275.14,69736.13,69736.13,2176.7875,137862,1052.0863
2024-05-22 12:00:00+00:00,69736.14,70180,69435.3,70114.63,4688.3232,263192,2296.4938
2024-05-22 15:00:00+00:00,70114.63,70666,69669.19,69863.52,4142.9169,185609,2091.6978
2024-05-22 18:00:00+00:00,69863.52,69976,69228.64,69442.01,5025.8452,201009,2331.8809
2024-05-22 21:00:00+00:00,69442.02,69665.61,68842.19,69166.62,3203.2108,204173,1507.1293
2024-05-23 00:00:00+00:00,69166.62,69626.87,69166.61,69505.86,1903.5081,104270,992.23072
2024-05-23 03:00:00+00:00,69505.85,69590,69311.76,69478.89,1819.8117,99635,774.74651
2024-05-23 06:00:00+00:00,69478.89,69862.44,69382.73,69687.99,2065.7702,122463,1026.9648
2024-05-23 09:00:00+00:00,69687.99,70061,69520.02,69982.72,3092.3693,187466,1467.1807
2024-05-23 12:00:00+00:00,69982.72,70096.12,67610.95,67748.63,10869.854,464602,5256.7511
2024-05-23 15:00:00+00:00,67748.62,68313.79,67618.98,67639.25,4031.2098,185617,2085.4859
2024-05-23 18:00:00+00:00,67639.25,67952.39,66312.16,67802.89,9594.8903,369983,4647.4016
2024-05-23 21:00:00+00:00,67802.89,68365.81,66958.4,67969.65,7135.76,293819,3540.39
2024-05-24 00:00:00+00:00,67969.66,68000.95,67628.01,67978.37,2604.1697,112758,1338.4388
2024-05-24 03:00:00+00:00,67978.38,68017.56,67080.99,67299.99,3304.462,144700,1766.2644
2024-05-24 06:00:00+00:00,67299.99,67603.6,66600.12,67190.15,4867.5484,205029,2417.4222
2024-05-24 09:00:00+00:00,67190.15,67523.78,67039.52,67349.99,2145.0408,110899,1099.6206
2024-05-24 12:00:00+00:00,67350,68031.62,66921.97,67869.48,5171.1138,193120,2599.1173
2024-05-24 15:00:00+00:00,67869.49,68931.31,67869.48,68919.02,5560.007,206851,2938.8749
2024-05-24 18:00:00+00:00,68919.02,69250,68738.33,68836.96,3297.6019,124991,1665.3137
2024-05-24 21:00:00+00:00,68836.96,68995.77,68524.94,68549.99,1145.8931,67559,519.24689
2024-05-25 00:00:00+00:00,68549.99,68830,68500,68817.22,1101.7551,69660,561.46418
2024-05-25 03:00:00+00:00,68817.22,68910,68652.59,68718.21,1259.2712,83071,635.14699
2024-05-25 06:00:00+00:00,68718.21,69059.35,68615.56,68876.69,1320.6794,83425,695.80245
2024-05-25 09:00:00+00:00,68876.69,69610,68850,69104.67,2452.8351,135718,1212.3294
2024-05-25 12:00:00+00:00,69104.68,69299.99,68882.43,69021.65,2654.1282,116236,1296.8311
2024-05-25 15:00:00+00:00,69021.65,69212.58,68847.65,69065.14,1533.8115,91620,622.42526
2024-05-25 18:00:00+00:00,69065.15,69266.66,69065.14,69100.01,862.07107,64271,368.56451
2024-05-25 21:00:00+00:00,69100,69356.6,69050.01,69290.57,945.84267,59802,459.39603
2024-05-26 00:00:00+00:00,69290.56,69319.31,68808.37,68904.01,1136.1703,69635,554.34049
2024-05-26 03:00:00+00:00,68904,69139.6,68880.6,69139.6,958.02258,65854,508.47748
2024-05-26 06:00:00+00:00,69139.59,69562.23,69052,69160.33,1738.9637,95299,902.76491
2024-05-26 09:00:00+00:00,69160.32,69254,68974.55,69134.91,1587.3057,88919,766.70018
2024-05-26 12:00:00+00:00,69134.91,69312.3,68950,69287.12,1559.948,94063,827.51016
2024-05-26 15:00:00+00:00,69287.11,69399,68668.6,68778.14,2383.2357,145114,1133.7595
2024-05-26 18:00:00+00:00,68778.14,68916.22,68717.61,68720.84,781.58984,68682,392.20837
2024-05-26 21:00:00+00:00,68720.85,68720.85,68128.01,68507.67,1726.8823,95283,848.85976
2024-05-27 00:00:00+00:00,68507.67,69298,68481.31,69111.35,1991.6042,102494,1107.9504
2024-05-27 03:00:00+00:00,69111.34,69212,68321.95,68524.61,2399.3851,145787,1039.6673
2024-05-27 06:00:00+00:00,68524.6,68944.2,68341.84,68624,2102.6931,137957,1092.2624
2024-05-27 09:00:00+00:00,68624.01,68679.8,68250,68434.26,2111.3565,104302,992.07226
2024-05-27 12:00:00+00:00,68434.26,69500,68384,69500,3349.0331,172755,1864.1748
2024-05-27 15:00:00+00:00,69500,70687.56,69499.99,70184.01,6531.2891,298556,3405.6603
2024-05-27 18:00:00+00:00,70184,70250,69069,69660.01,3047.7963,165167,1392.1887
2024-05-27 21:00:00+00:00,69660,69887.9,69324,69436.43,1603.7699,92323,815.64566
2024-05-28 00:00:00+00:00,69436.43,69591.81,68420.03,68680,4232.6649,215078,1764.1997
2024-05-28 03:00:00+00:00,68680.01,68738.48,67486.65,68049.67,5282.9684,237797,2081.7389
2024-05-28 06:00:00+00:00,68049.67,68250,67582.13,68159.99,3766.8558,133561,1986.542
2024-05-28 09:00:00+00:00,68160,68902.71,68024.57,68389.87,4230.1793,164913,2142.6231
2024-05-28 12:00:00+00:00,68389.87,68559.99,67529.62,67969,5868.9773,236829,2889.9524
2024-05-28 15:00:00+00:00,67968.99,68460.53,67640.46,67782.67,3956.9465,211193,2065.0051
2024-05-28 18:00:00+00:00,67782.68,68598.33,67277.91,68325.86,3846.8952,181187,1873.9929
2024-05-28 21:00:00+00:00,68325.86,68661.28,68257.81,68398.39,1437.483,78793,739.0437
2024-05-29 00:00:00+00:00,68398.4,68923,68266.04,68684.6,2072.5143,111789,1058.6122
2024-05-29 03:00:00+00:00,68684.6,68935.68,68572.66,68584.73,2198.4603,117769,1050.283
2024-05-29 06:00:00+00:00,68584.72,68667.72,67602.34,67872.41,3599.3786,197209,1686.7465
2024-05-29 09:00:00+00:00,67872.41,68033.33,67685.45,67763.59,2442.5443,139504,1134.1666
2024-05-29 12:00:00+00:00,67763.59,68280,67500,67635.01,5173.1704,220190,2907.3657
2024-05-29 15:00:00+00:00,67635.01,67855.69,67124.65,67611.12,4319.6188,233555,2284.4358
2024-05-29 18:00:00+00:00,67611.12,67742,67151.35,67485.76,1936.2951,111070,964.69474
2024-05-29 21:00:00+00:00,67485.76,67826.09,67325.08,67652.42,1417.8499,89958,662.25504
2024-05-30 00:00:00+00:00,67652.41,68199.97,67471.67,67949.1,2126.8615,102266,1042.3072
2024-05-30 03:00:00+00:00,67949.11,68422.89,67924,68134.14,1885.7346,98463,870.80902
2024-05-30 06:00:00+00:00,68134.13,68180.46,67128,67688.96,5037.2938,227099,2235.6112
2024-05-30 09:00:00+00:00,67688.96,68100,67459.96,67817.01,2653.5984,114987,1416.1842
2024-05-30 12:00:00+00:00,67817.01,68826.31,67755,68359.6,5513.4432,221219,2723.961
2024-05-30 15:00:00+00:00,68359.6,69500,68144,69315.1,5577.0622,239835,3077.5366
2024-05-30 18:00:00+00:00,69315.1,69420,68050.01,68475.99,4469.3705,188675,2079.09
2024-05-30 21:00:00+00:00,68475.99,68534,68241.79,68352.17,1214.8542,80307,628.86741
2024-05-31 00:00:00+00:00,68352.17,68729.73,68274,68539.99,1808.4733,102315,928.96876
2024-05-31 03:00:00+00:00,68539.99,68654.33,68290,68442.72,1575.4419,84713,673.84341
2024-05-31 06:00:00+00:00,68442.72,68456.23,68075.99,68136,2061.4773,103821,1047.1079
2024-05-31 09:00:00+00:00,68136.01,68461,67876,68349.73,2737.5243,120271,1369.1115
2024-05-31 12:00:00+00:00,68349.73,69044.1,67264.46,67501.76,8176.6678,307732,3974.5671
2024-05-31 15:00:00+00:00,67501.76,67548.38,66670,67342.77,5430.4487,246477,2708.8858
2024-05-31 18:00:00+00:00,67342.77,67999,67170,67709.04,3121.8614,126848,1726.9278
2024-05-31 21:00:00+00:00,67709.04,67710,67239.19,67540.01,1778.4272,85683,828.68954
2024-06-01 00:00:00+00:00,67540.01,67740,67428.44,67729.05,1464.1501,68777,684.62011
2024-06-01 03:00:00+00:00,67729.05,67810,67603,67686.35,945.88925,71100,412.23905
2024-06-01 06:00:00+00:00,67686.35,67741.06,67575.23,67704,994.49375,70036,457.63494
2024-06-01 09:00:00+00:00,67704,67760,67627.32,67660.57,916.70554,86162,464.38459
2024-06-01 12:00:00+00:00,67660.57,67872.5,67640,67803.34,1206.5034,71453,667.69879
2024-06-01 15:00:00+00:00,67803.33,67900,67556.72,67791.02,1803.5265,109509,843.1792
2024-06-01 18:00:00+00:00,67791.02,67821.73,67685.72,67796.54,788.82262,69149,356.64755
2024-06-01 21:00:00+00:00,67796.54,67885,67710,67766.85,717.57025,92298,348.86622
2024-06-02 00:00:00+00:00,67766.84,67910.55,67643.33,67733.26,1047.1222,76708,502.96282
2024-06-02 03:00:00+00:00,67733.25,67867.6,67726.31,67728.4,627.58467,73016,287.20681
2024-06-02 06:00:00+00:00,67728.41,67852.33,67671.81,67750.67,1026.8462,70210,528.32874
2024-06-02 09:00:00+00:00,67750.68,68320.08,67367.2,68251.52,2601.2331,135819,1327.7875
2024-06-02 12:00:00+00:00,68251.53,68460,67800,68252.5,3749.3519,142645,2061.2515
2024-06-02 15:00:00+00:00,68252.51,68297.12,67808.66,67879.28,2088.0477,110136,1009.6358
2024-06-02 18:00:00+00:00,67879.27,67879.28,67257.47,67831.2,3410.9778,147250,1622.5406
2024-06-02 21:00:00+00:00,67831.21,67984.01,67755,67765.63,875.16175,56564,420.5201
2024-06-03 00:00:00+00:00,67765.62,68793.97,67612.48,68416.08,3086.4835,131082,1658.6715
2024-06-03 03:00:00+00:00,68416.09,68780,68201,68700,2335.1156,102123,1142.4811
2024-06-03 06:00:00+00:00,68699.99,69333,68632.01,69142.55,5170.5914,208764,2812.1378
2024-06-03 09:00:00+00:00,69142.54,69248.99,68824,69080,2568.9832,112528,1258.4216
2024-06-03 12:00:00+00:00,69080,70288,68500,68776.01,8368.002,343646,4474.5682
2024-06-03 15:00:00+00:00,68776.01,69715.61,68760,69268.97,4257.6696,184017,2104.4485
2024-06-03 18:00:00+00:00,69268.98,69509.38,69021.77,69101.28,2246.6768,89996,1122.9097
2024-06-03 21:00:00+00:00,69101.28,69191.86,68730.51,68809.9,1599.8519,81633,735.03441
2024-06-04 00:00:00+00:00,68809.89,69306.67,68629.9,69139.57,1807.3288,84446,940.77296
2024-06-04 03:00:00+00:00,69139.58,69370.01,68914.28,68956.01,1224.4132,67233,599.09584
2024-06-04 06:00:00+00:00,68956.01,69191.99,68745.68,68836.54,2434.3691,105855,1166.7582
2024-06-04 09:00:00+00:00,68836.54,69030,68567.32,68955.85,2423.9169,133844,1145.1054
2024-06-04 12:00:00+00:00,68955.84,70089.99,68843.73,69651.49,6692.9488,273248,3407.661
2024-06-04 15:00:00+00:00,69651.49,70999,69463.83,70564,8362.983,355494,4316.7285
2024-06-04 18:00:00+00:00,70564.01,71063.45,70092.5,70402.69,4874.3677,156752,2482.3477
2024-06-04 21:00:00+00:00,70402.69,70736,70340.41,70537.84,1799.4575,77643,864.49759
2024-06-05 00:00:00+00:00,70537.83,71275,70423.51,70837.96,3961.0951,145606,2125.5549
2024-06-05 03:00:00+00:00,70837.96,71260,70768,70999.99,2949.1895,111532,1513.7857
2024-06-05 06:00:00+00:00,70999.99,71379.21,70850,70927.57,3625.1838,116758,1815.7943
2024-06-05 09:00:00+00:00,70927.57,71093.96,70694.61,70971.71,2359.783,95268,1077.6759
2024-06-05 12:00:00+00:00,70971.7,71169.99,70383.66,70867.99,4956.7413,169169,2390.7734
2024-06-05 15:00:00+00:00,70867.99,71758,70775,71628.98,5656.0943,199879,2923.742
2024-06-05 18:00:00+00:00,71628.98,71748.22,70871.2,71196.02,3415.9852,133019,1550.0218
2024-06-05 21:00:00+00:00,71196.02,71294.47,70700,71108,1779.1086,83884,812.88595
2024-06-06 00:00:00+00:00,71108,71237.02,70900,71160,1417.1013,72971,629.77873
2024-06-06 03:00:00+00:00,71160.01,71188,70800,70895.45,1681.7233,83130,693.70484
2024-06-06 06:00:00+00:00,70895.45,71069.62,70804,70904.01,1699.3937,74654,863.65651
2024-06-06 09:00:00+00:00,70904.01,71204.59,70892.5,71170.01,1792.8996,93146,931.77601
2024-06-06 12:00:00+00:00,71170.01,71535.95,71000,71464.57,4893.1392,177050,2451.8003
2024-06-06 15:00:00+00:00,71464.56,71700,70800,71098.31,5031.1148,175589,2331.1768
2024-06-06 18:00:00+00:00,71098.3,71158.87,70117.64,70720.01,3657.0252,149665,1545.1479
2024-06-06 21:00:00+00:00,70720.01,70958.89,70664,70799.06,1669.6073,74021,840.34992
2024-06-07 00:00:00+00:00,70799.06,70900,70663.59,70824.08,1366.4421,63966,651.81205
2024-06-07 03:00:00+00:00,70824.09,71449.98,70741.2,71290.6,3186.0758,111113,1814.8053
2024-06-07 06:00:00+00:00,71290.6,71353.06,71048.12,71117.2,2197.7874,87440,1075.935
2024-06-07 09:00:00+00:00,71117.2,71700,71060.5,71699.99,2421.8485,109464,1347.9154
2024-06-07 12:00:00+00:00,71700,71997.02,70633.21,71430.94,8206.428,340955,4074.3372
2024-06-07 15:00:00+00:00,71430.93,71430.93,69800.37,69803.59,5361.7769,244516,2378.1452
2024-06-07 18:00:00+00:00,69803.59,69887.99,68420,69307.99,11338.012,485758,5198.3985
2024-06-07 21:00:00+00:00,69308,69585.96,69184,69355.6,1520.0798,73203,777.43181
2024-06-08 00:00:00+00:00,69355.6,69482.75,69287.28,69422.11,1406.584,80724,700.3831
2024-06-08 03:00:00+00:00,69422.11,69525,69232.15,69319.99,1164.5291,72297,617.14316
2024-06-08 06:00:00+00:00,69320,69582.2,69296.26,69436.42,1306.1011,81789,702.44801
2024-06-08 09:00:00+00:00,69436.43,69515,69318.19,69365.93,1261.7537,100276,506.66222
2024-06-08 12:00:00+00:00,69365.94,69462.25,69168.02,69461.69,1777.135,146287,828.28296
2024-06-08 15:00:00+00:00,69461.68,69491.36,69292.22,69439.99,1400.8163,110046,713.51374
2024-06-08 18:00:00+00:00,69440,69490,69313.31,69372.73,822.71983,66728,398.38101
2024-06-08 21:00:00+00:00,69372.74,69424.47,69290.28,69310.46,634.19076,55956,305.41616
2024-06-09 00:00:00+00:00,69310.46,69346.9,69139.93,69174.93,873.36152,63282,412.20095
2024-06-09 03:00:00+00:00,69174.92,69360.4,69130.24,69293.47,728.00653,49426,405.35787
2024-06-09 06:00:00+00:00,69293.48,69425.7,69273.47,69352.15,825.42036,60433,307.40647
2024-06-09 09:00:00+00:00,69352.15,69397.19,69333,69367.69,658.4617,49520,251.06058
2024-06-09 12:00:00+00:00,69367.68,69777,69250.01,69490.12,3061.8374,121683,1675.4925
2024-06-09 15:00:00+00:00,69490.13,69698.48,69420.42,69660.51,1384.4153,79011,662.54279
2024-06-09 18:00:00+00:00,69660.52,69857.14,69590.33,69686.85,1629.4887,89034,813.62182
2024-06-09 21:00:00+00:00,69686.86,69821.53,69596.01,69648.14,729.57556,63194,356.01
2024-06-10 00:00:00+00:00,69648.15,69801.34,69426,69716,1649.1432,91899,986.42349
2024-06-10 03:00:00+00:00,69716.01,69767.41,69530,69580.48,962.35305,89774,452.84143
2024-06-10 06:00:00+00:00,69580.47,69618.76,69249.99,69387.5,2031.0971,108898,840.99778
2024-06-10 09:00:00+00:00,69387.5,69550,69172.29,69473.89,1672.6595,100180,839.59718
2024-06-10 12:00:00+00:00,69473.89,69662.1,69201.59,69662.09,2113.7622,126380,1032.9011
2024-06-10 15:00:00+00:00,69662.1,70195.94,69612.26,70043,3839.8969,167912,2039.2517
2024-06-10 18:00:00+00:00,70043.01,70141.1,69334.46,69632.51,3803.788,177078,1682.916
2024-06-10 21:00:00+00:00,69632.51,69694.68,69400.01,69540,1049.9694,74610,537.07381
2024-06-11 00:00:00+00:00,69540,69590.01,67900,68268.62,6780.6367,333641,2945.89
2024-06-11 03:00:00+00:00,68268.62,68488,67617,67903.57,5947.3445,203016,2895.8298
2024-06-11 06:00:00+00:00,67903.58,67974.49,67284.38,67516.74,4641.3343,180882,2373.0239
2024-06-11 09:00:00+00:00,67516.75,67662.49,66732,66890.01,5779.6507,248897,2727.8627
2024-06-11 12:00:00+00:00,66890,67278.88,66568.35,66851.26,5550.9933,227717,2782.6933
2024-06-11 15:00:00+00:00,66851.27,67076,66051,66770.99,7323.0163,347963,3641.7691
2024-06-11 18:00:00+00:00,66771,67586.64,66652.39,67290.07,3866.7775,162321,1791.2042
2024-06-11 21:00:00+00:00,67290.07,67588.22,67202.26,67314.24,1546.2626,77978,681.55033
2024-06-12 00:00:00+00:00,67314.23,67596.15,66905,67415.25,2332.3287,148410,991.13185
2024-06-12 03:00:00+00:00,67415.26,67624.89,67195.97,67243.21,2140.9255,98305,1172.0923
2024-06-12 06:00:00+00:00,67243.21,67532.64,67229.78,67393.46,1691.8018,83727,891.60391
2024-06-12 09:00:00+00:00,67393.47,68059.01,67353.02,67778.43,2828.4358,137981,1607.4014
2024-06-12 12:00:00+00:00,67778.43,69980,67736,69960.57,10549.875,422238,5836.0153
2024-06-12 15:00:00+00:00,69960.56,69999,69289.5,69799.99,4369.5737,205577,2303.7601
2024-06-12 18:00:00+00:00,69800,69808.47,67250,68103.97,11281.958,472376,5208.1612
2024-06-12 21:00:00+00:00,68103.96,68667.44,68097.91,68263.99,1980.4251,102131,965.72478
2024-06-13 00:00:00+00:00,68263.98,68393.63,67690.95,67734.81,2719.3639,165447,1219.337
2024-06-13 03:00:00+00:00,67734.8,67850.08,66969.98,67604.04,4141.0364,204559,1898.2098
2024-06-13 06:00:00+00:00,67604.04,67752.06,67300.3,67565.56,1881.7339,111523,993.05565
2024-06-13 09:00:00+00:00,67565.57,67971.2,67168,67739.99,3152.4938,145455,1682.9541
2024-06-13 12:00:00+00:00,67740,68449.3,67150,67365.62,6794.9584,339239,3277.6695
2024-06-13 15:00:00+00:00,67365.62,67537.87,66251.78,66920,6837.586,349727,3106.3319
2024-06-13 18:00:00+00:00,66919.99,66976.87,66530.84,66712.98,2230.4929,110034,1121.7455
2024-06-13 21:00:00+00:00,66712.97,66980,66680.14,66773.01,1321.8904,92218,586.83667
2024-06-14 00:00:00+00:00,66773.01,67027.32,66480,66952,2159.4288,139666,991.04693
2024-06-14 03:00:00+00:00,66952.01,67221.32,66676.28,67052.49,1799.3649,91435,961.90784
2024-06-14 06:00:00+00:00,67052.5,67256.32,66863.46,67152.04,2874.3823,272037,1531.3975
2024-06-14 09:00:00+00:00,67152.04,67152.04,66746.4,67036,2198.7399,149741,1023.5723
2024-06-14 12:00:00+00:00,67035.99,67370.24,66561.3,66982.98,4117.6425,240730,2028.8291
2024-06-14 15:00:00+00:00,66982.98,67059.46,65078.31,65416.01,8750.9112,432802,3838.1729
2024-06-14 18:00:00+00:00,65416.01,65970.23,65078,65766.41,3447.0573,169932,1720.8007
2024-06-14 21:00:00+00:00,65766.41,66627.52,65725.77,66043.99,3060.6611,239971,1523.6814
2024-06-15 00:00:00+00:00,66043.99,66290,65967.5,66215.35,1526.3878,80204,756.94594
2024-06-15 03:00:00+00:00,66215.34,66389.1,66192,66231.82,1450.9146,80919,631.48121
2024-06-15 06:00:00+00:00,66231.81,66416.66,66065.8,66221.31,2208.3793,118877,993.99912
2024-06-15 09:00:00+00:00,66221.31,66348,66086.51,66319.95,1207.817,68169,580.78644
2024-06-15 12:00:00+00:00,66319.94,66360,66153.84,66220.52,1247.0954,88775,610.10466
2024-06-15 15:00:00+00:00,66220.51,66478.48,66133.92,66250.01,1690.7065,117646,844.10921
2024-06-15 18:00:00+00:00,66250,66250,65857.1,66048.02,1305.8333,89026,642.67427
2024-06-15 21:00:00+00:00,66048.02,66287.76,66042.85,66228.25,814.66857,57270,434.91998
2024-06-16 00:00:00+00:00,66228.25,66269.74,66102.03,66142.86,629.71452,57463,271.40992
2024-06-16 03:00:00+00:00,66142.86,66264,66034.5,66264,656.77446,76665,336.14228
2024-06-16 06:00:00+00:00,66264,66360.18,66178.77,66272.51,899.44897,58071,415.51346
2024-06-16 09:00:00+00:00,66272.51,66770,66172.5,66492.83,2180.3973,115996,1159.9254
2024-06-16 12:00:00+00:00,66492.83,66793.72,66480,66519.02,1527.8863,104123,747.94751
2024-06-16 15:00:00+00:00,66519.01,66744.71,66512.06,66578.02,1051.9887,91139,545.36641
2024-06-16 18:00:00+00:00,66578.02,66669.95,66461.25,66517.55,723.91882,64226,349.43454
2024-06-16 21:00:00+00:00,66517.54,66998.7,66460,66676.87,1722.3932,135612,924.31211
2024-06-17 00:00:00+00:00,66676.86,66913.69,66213.71,66344.02,2774.2069,140049,1409.8981
2024-06-17 03:00:00+00:00,66344.01,66567.68,66155,66351.62,1506.9027,107197,747.96314
2024-06-17 06:00:00+00:00,66351.62,66398,65939.67,66194.51,2599.5801,165615,1204.9624
2024-06-17 09:00:00+00:00,66194.5,66250.01,65556,65817.2,3365.1755,212305,1623.3875
2024-06-17 12:00:00+00:00,65817.2,65827.9,65130,65472.98,3996.9312,287725,2000.6158
2024-06-17 15:00:00+00:00,65472.98,66607.28,65138,66607.28,5358.1887,271494,2830.088
2024-06-17 18:00:00+00:00,66607.27,67298.81,66164.01,66397.94,5704.1482,254674,2825.334
2024-06-17 21:00:00+00:00,66397.94,66717.9,66306.46,66504.33,2081.0353,103561,1074.6453
2024-06-18 00:00:00+00:00,66504.33,66588.23,64569,65467.43,9879.0041,464698,4188.1246
2024-06-18 03:00:00+00:00,65467.42,65845.47,65268,65596.01,3312.5674,175347,1515.318
2024-06-18 06:00:00+00:00,65596.01,65800,65389.44,65727.53,2719.1721,190955,1396.5276
2024-06-18 09:00:00+00:00,65727.54,65727.54,65100,65366,3203.1062,244728,1540.199
2024-06-18 12:00:00+00:00,65366,65433.97,64359.92,64633.99,8774.5745,488256,4331.6354
2024-06-18 15:00:00+00:00,64634,64929.95,64261.12,64610,6166.1739,232362,3199.8676
2024-06-18 18:00:00+00:00,64609.99,65048.21,64060,64936.51,5624.0985,229419,2598.2635
2024-06-18 21:00:00+00:00,64936.5,65305,64797.48,65175.32,2671.4058,125946,1306.4779
2024-06-19 00:00:00+00:00,65175.32,65500,64810.62,65327.94,4183.3464,194445,2310.9938
2024-06-19 03:00:00+00:00,65327.94,65727.54,65282,65413.09,2869.2183,135042,1533.7708
2024-06-19 06:00:00+00:00,65413.09,65656.24,65102,65183.89,2501.6653,116346,1152.4229
2024-06-19 09:00:00+00:00,65183.89,65544,65000,65210,3158.8709,123036,1530.5706
2024-06-19 12:00:00+00:00,65210,65310.02,64832.57,64952.02,2432.1879,139964,1302.1183
2024-06-19 15:00:00+00:00,64952.02,65284.37,64756.28,65083.99,2473.6397,174403,1298.2815
2024-06-19 18:00:00+00:00,65083.99,65158.79,64666,64874.76,1503.1145,121051,666.50427
2024-06-19 21:00:00+00:00,64874.76,65087.76,64805.01,64974.37,938.75283,74171,495.11964
2024-06-20 00:00:00+00:00,64974.37,65407.4,64818.72,65197.45,2387.948,133726,1199.8375
2024-06-20 03:00:00+00:00,65197.45,65613.3,65070.91,65513.93,1653.7031,90198,868.41913
2024-06-20 06:00:00+00:00,65513.93,65967.39,65386,65690.63,2641.1096,136850,1308.2672
2024-06-20 09:00:00+00:00,65690.63,66482.94,65559.45,66169.85,3016.5522,167207,1560.7796
2024-06-20 12:00:00+00:00,66169.86,66300.5,64658.06,64952.02,5912.9994,321171,2671.2992
2024-06-20 15:00:00+00:00,64952.02,65126.91,64559.15,64970.02,3750.1118,194312,1818.3275
2024-06-20 18:00:00+00:00,64970.01,65217.21,64830,65099.99,3653.852,143273,1915.2761
2024-06-20 21:00:00+00:00,65100,65188.23,64848.7,64869.99,1249.0142,95950,486.67306
2024-06-21 00:00:00+00:00,64869.99,65066.66,64635.49,64786,2245.7958,145894,988.65742
2024-06-21 03:00:00+00:00,64786,64832.75,64318,64661.47,2261.5682,103580,952.89563
2024-06-21 06:00:00+00:00,64661.47,64739.09,63522.75,63639.64,4010.8074,183082,1580.2282
2024-06-21 09:00:00+00:00,63639.64,64300,63564.37,63770,3766.2801,176411,1833.3847
2024-06-21 12:00:00+00:00,63770.01,64360,63379.35,64222.84,5914.7265,269053,3071.1601
2024-06-21 15:00:00+00:00,64222.83,64353.54,63445.41,63671.04,4103.5122,209586,2163.0514
2024-06-21 18:00:00+00:00,63671.04,64460.14,63648.02,64200.52,2584.8379,160060,1411.2996
2024-06-21 21:00:00+00:00,64200.52,64224,63828.09,64143.56,1106.0364,114951,542.58261
2024-06-22 00:00:00+00:00,64143.56,64342.54,63943.82,64303.4,1317.4443,88117,654.88997
2024-06-22 03:00:00+00:00,64303.41,64427.98,64253.07,64424.21,1138.7555,84422,648.82578
2024-06-22 06:00:00+00:00,64424.21,64546.81,64284,64289.15,1755.8728,101092,911.19466
2024-06-22 09:00:00+00:00,64289.16,64372.66,64214.43,64265.26,901.01585,70620,398.12627
2024-06-22 12:00:00+00:00,64265.27,64397.82,64246.52,64287.96,762.58437,69275,388.80738
2024-06-22 15:00:00+00:00,64287.96,64362,64255,64256.37,522.93315,55592,283.72654
2024-06-22 18:00:00+00:00,64256.38,64328.94,64218.5,64283.99,501.1693,50855,286.76576
2024-06-22 21:00:00+00:00,64284,64330,64260,64262.01,409.18022,42859,183.95409
2024-06-23 00:00:00+00:00,64262.01,64521,64262,64507.17,1040.1976,67117,562.17152
2024-06-23 03:00:00+00:00,64507.17,64519.57,64349.49,64380,461.44784,39832,180.31303
2024-06-23 06:00:00+00:00,64380.01,64435.72,64376.41,64395.43,394.04738,39172,194.45155
2024-06-23 09:00:00+00:00,64395.44,64437.28,64252.85,64341.45,799.36474,59965,366.99679
2024-06-23 12:00:00+00:00,64341.46,64429.1,64140.9,64192.01,855.66555,73392,400.44476
2024-06-23 15:00:00+00:00,64192,64200,63918.58,64120.39,1574.2346,110349,865.6549
2024-06-23 18:00:00+00:00,64120.39,64187.62,63601.01,63740.01,1124.2147,76904,549.98621
2024-06-23 21:00:00+00:00,63740.02,63860,63178.32,63210.01,1975.2821,126028,854.66088
2024-06-24 00:00:00+00:00,63210.01,63369.8,62695.02,62880.94,3928.6539,213730,1637.6644
2024-06-24 03:00:00+00:00,62880.95,63077.44,62258.01,62314.01,3339.7178,212221,1531.3064
2024-06-24 06:00:00+00:00,62314.01,62975.6,62160.72,62730.92,3798.5974,167390,1989.5736
2024-06-24 09:00:00+00:00,62730.92,62867,60567.01,61291.95,10764.528,445653,4888.9152
2024-06-24 12:00:00+00:00,61291.95,61700,60915.93,61303.41,4189.3514,221823,2238.5489
2024-06-24 15:00:00+00:00,61303.41,61368,59859,60244.89,12420.479,428464,5644.5452
2024-06-24 18:00:00+00:00,60244.89,60487,58402,59514,10129.037,350792,4697.9796
2024-06-24 21:00:00+00:00,59514,60442.71,59411.11,60293.3,3590.9902,150714,1867.0611
2024-06-25 00:00:00+00:00,60293.3,60725.05,60257.06,60676.01,2343.8184,121771,1315.7319
2024-06-25 03:00:00+00:00,60676.01,61598.87,60624.22,61024.01,4306.7817,213616,2036.3941
2024-06-25 06:00:00+00:00,61024.01,61255.6,60624.63,60860.12,3135.2561,124017,1500.09
2024-06-25 09:00:00+00:00,60860.11,61583.18,60838.48,61187.64,3789.2593,134046,1884.5765
2024-06-25 12:00:00+00:00,61187.64,62134,60953.23,61763.44,5946.0117,226555,2779.3777
2024-06-25 15:00:00+00:00,61763.44,61960,61314.66,61381.44,5620.3409,216754,2711.0206
2024-06-25 18:00:00+00:00,61381.44,62420,61135.37,61924.01,4409.103,163172,2285.2474
2024-06-25 21:00:00+00:00,61924,62162.49,61664,61806.01,1638.6725,77550,847.64628
2024-06-26 00:00:00+00:00,61806.01,62487.81,61643.48,62028.01,2962.3357,107543,1688.3375
2024-06-26 03:00:00+00:00,62028.01,62079.99,61553.95,61562.01,2429.5282,96206,1171.7339
2024-06-26 06:00:00+00:00,61562.01,61800,61370.44,61472.48,2499.4458,102581,1107.547
2024-06-26 09:00:00+00:00,61472.48,61561.47,61149.64,61445.26,2633.0324,107472,1259.5594
2024-06-26 12:00:00+00:00,61445.26,61980,61338,61728.13,3450.0309,158666,1856.5514
2024-06-26 15:00:00+00:00,61728.13,61766,60855,61242,3957.3776,216411,1900.7694
2024-06-26 18:00:00+00:00,61242,61245.92,60712,60993.36,3425.833,246776,1827.2307
2024-06-26 21:00:00+00:00,60993.36,61080,60783.13,60864.99,1128.0811,76497,623.29726
2024-06-27 00:00:00+00:00,60864.98,61150,60764.73,61029.49,1685.889,111617,888.99545
2024-06-27 03:00:00+00:00,61029.49,61300,60792,60805.5,1716.2657,95462,859.91559
2024-06-27 06:00:00+00:00,60805.5,60914.51,60606.63,60866,2138.8053,111937,1212.5609
2024-06-27 09:00:00+00:00,60866,61455.15,60818,61196.02,2192.8383,127765,1162.4634
2024-06-27 12:00:00+00:00,61196.01,62389.22,61154.6,61729.99,5057.164,300033,2529.7629
2024-06-27 15:00:00+00:00,61730,62015.52,61532.45,61842.11,2561.4745,132429,1209.3621
2024-06-27 18:00:00+00:00,61842.11,61930,61338.56,61493.11,1745.3974,107539,747.88297
2024-06-27 21:00:00+00:00,61493.11,61719.92,61472.01,61706.47,1246.452,75394,687.32155
2024-06-28 00:00:00+00:00,61706.46,62225.31,61472.37,61730.67,3335.3668,160314,1892.5046
2024-06-28 03:00:00+00:00,61730.67,61919.33,61500,61604.01,1688.9631,96777,802.3947
2024-06-28 06:00:00+00:00,61604,61669.41,61212.11,61480.21,2284.263,113949,1190.5091
2024-06-28 09:00:00+00:00,61480.21,61792.34,61349.99,61690,2718.8984,115178,1334.1165
2024-06-28 12:00:00+00:00,61690,61875,60780.01,60928.02,6301.7597,355865,3082.8616
2024-06-28 15:00:00+00:00,60928.01,61191.62,60650,60826.63,3760.3607,282936,2054.6254
2024-06-28 18:00:00+00:00,60826.63,60870,60063,60229.92,3529.4966,270419,1678.8805
2024-06-28 21:00:00+00:00,60229.92,60450,60132.83,60427.84,1202.0844,84188,625.64665
2024-06-29 00:00:00+00:00,60427.84,61009.29,60383.77,60766.05,2804.0337,145280,1345.0543
2024-06-29 03:00:00+00:00,60766.05,60811.45,60704.46,60762.02,802.31179,72955,354.3686
2024-06-29 06:00:00+00:00,60762.02,61146.64,60742.08,60982.03,1617.2462,91196,913.80173
2024-06-29 09:00:00+00:00,60982.03,61224,60890.03,61102.33,1834.8983,96116,911.13002
2024-06-29 12:00:00+00:00,61102.33,61182.7,60949.67,61018.01,1632.6459,118002,682.35111
2024-06-29 15:00:00+00:00,61018.01,61124,60915.12,61040.77,1090.8593,88010,499.14045
2024-06-29 18:00:00+00:00,61040.77,61088.4,60933.98,61050,843.21595,72557,384.42601
2024-06-29 21:00:00+00:00,61050,61090,60839.51,60986.68,884.34793,83553,371.4169
2024-06-30 00:00:00+00:00,60986.68,61078.01,60740.94,60834.27,1482.5419,119114,668.92783
2024-06-30 03:00:00+00:00,60834.27,60949.36,60712.21,60789.26,886.82048,72192,407.03832
2024-06-30 06:00:00+00:00,60789.26,61782,60771.33,61556.01,3296.5404,179794,1641.6429
2024-06-30 09:00:00+00:00,61556,61713.65,61504.42,61560,1637.611,108259,612.29101
2024-06-30 12:00:00+00:00,61560,61860,61346,61587.11,2152.6961,123941,876.46774
2024-06-30 15:00:00+00:00,61587.11,61864.01,61587.1,61707.99,1674.5195,98583,738.10333
2024-06-30 18:00:00+00:00,61707.99,62412.42,61674.25,61990.01,2731.1694,182746,1459.0679
2024-06-30 21:00:00+00:00,61990,63058.76,61835.2,62772.01,3464.4026,224283,1820.9069
2024-07-01 00:00:00+00:00,62772.01,63818.33,62573.32,63435.86,5594.8605,295503,3007.6189
2024-07-01 03:00:00+00:00,63435.86,63536.47,63223.2,63432.94,2199.8805,117439,1017.6856
2024-07-01 06:00:00+00:00,63432.94,63464.74,62836.47,62923.91,2402.3416,147363,945.56615
2024-07-01 09:00:00+00:00,62923.91,62997.98,62593.07,62662.09,2356.2244,157200,1148.8477
2024-07-01 12:00:00+00:00,62662.09,63081.11,62497.2,62826.02,3436.7693,254067,1813.1487
2024-07-01 15:00:00+00:00,62826.02,63697.66,62815.63,63697.66,3764.6691,213615,2182.2955
2024-07-01 18:00:00+00:00,63697.66,63861.76,63071.36,63292.53,3336.5322,182273,1630.9407
2024-07-01 21:00:00+00:00,63292.53,63292.53,62804.6,62899.99,1455.8277,94048,642.50334
2024-07-02 00:00:00+00:00,62900,63127.1,62787.42,62999.56,1209.4112,106730,587.259
2024-07-02 03:00:00+00:00,62999.56,63288.83,62991.03,63024,1267.2472,96368,652.56474
2024-07-02 06:00:00+00:00,63024,63048.86,62401.23,62670.01,2861.9947,154102,1446.3573
2024-07-02 09:00:00+00:00,62670.01,62866.2,62485.63,62832.01,2997.8266,146827,1488.3819
2024-07-02 12:00:00+00:00,62832.01,63152,61867.29,62035.43,4857.3058,280192,2434.4588
2024-07-02 15:00:00+00:00,62035.43,62160.04,61806.28,62147.98,2460.578,237692,1339.0894
2024-07-02 18:00:00+00:00,62147.99,62368.81,61875.55,62012.01,1948.8078,173873,955.07469
2024-07-02 21:00:00+00:00,62012.01,62181.24,61903.41,62135.47,969.94752,113032,549.99345
2024-07-03 00:00:00+00:00,62135.46,62285.94,61228.8,61362,3419.7152,228071,1466.9039
2024-07-03 03:00:00+00:00,61362.01,61371.19,60600,61121.52,2882.0128,191362,1297.6932
2024-07-03 06:00:00+00:00,61121.52,61181.84,60390,60497.59,4159.0013,186022,1675.1967
2024-07-03 09:00:00+00:00,60497.6,60667.18,59600,60386.01,5887.5292,321133,2854.9398
2024-07-03 12:00:00+00:00,60386.01,60740.2,59752.29,60281.15,5736.5875,315723,2967.7445
2024-07-03 15:00:00+00:00,60281.16,60655.56,59972.72,60371.34,3818.3825,225432,1831.0387
2024-07-03 18:00:00+00:00,60371.34,60446.06,59581.71,59609.26,3827.2101,223350,1719.5564
2024-07-03 21:00:00+00:00,59609.25,60374.82,59400,60208.58,2429.6726,148279,1242.3818
2024-07-04 00:00:00+00:00,60208.57,60498.19,57800.01,58972.13,12554.752,607367,5765.4665
2024-07-04 03:00:00+00:00,58972.13,59155.8,58724.98,58902,2354.1465,143196,1102.3684
2024-07-04 06:00:00+00:00,58902,59076.18,57238.68,57688.46,8083.2906,346523,3374.0818
2024-07-04 09:00:00+00:00,57688.46,58118.96,56952,57761.94,8734.8157,316992,3984.6593
2024-07-04 12:00:00+00:00,57761.95,57761.95,56771,57450.25,9275.4099,392547,4451.5433
2024-07-04 15:00:00+00:00,57450.25,58397.6,57356.78,58240,5506.2899,251526,2819.5439
2024-07-04 18:00:00+00:00,58239.99,58676.24,57938,58358.99,2901.3741,177335,1310.9827
2024-07-04 21:00:00+00:00,58358.99,58813.13,56866,57050.01,5158.6939,287750,2174.3423
2024-07-05 00:00:00+00:00,57050.02,57546,55458.7,55766.32,11539.741,636041,4994.678
2024-07-05 03:00:00+00:00,55766.32,55992.58,53485.93,54806.02,19124.832,754648,8934.4804
2024-07-05 06:00:00+00:00,54806.02,54818.3,53871.16,54088,8532.1348,418551,4148.5142
2024-07-05 09:00:00+00:00,54088,55650,53900,55486.5,12052.771,479939,5657.633
2024-07-05 12:00:00+00:00,55486.51,55950,54828.52,55753.98,11484.868,471007,5435.5758
2024-07-05 15:00:00+00:00,55753.99,57040.02,55663.89,56453.18,11547.629,577595,5569.4513
2024-07-05 18:00:00+00:00,56453.19,56746.89,55779.33,56351.1,4920.6149,268219,2171.085
2024-07-05 21:00:00+00:00,56351.09,56866,56345.6,56628.79,2145.6556,143255,1015.2339
2024-07-06 00:00:00+00:00,56628.79,56998,56170.5,56440,3898.2664,212073,1623.1361
2024-07-06 03:00:00+00:00,56439.99,56520,56018,56362.54,2100.0982,162450,1137.4316
2024-07-06 06:00:00+00:00,56362.54,56683.9,56346.84,56557.81,2035.5497,155277,1111.4093
2024-07-06 09:00:00+00:00,56557.81,56876.33,56436.78,56731.42,1848.0347,163938,871.66627
2024-07-06 12:00:00+00:00,56731.42,57299,56500,57058.91,3387.6152,181218,1849.767
2024-07-06 15:00:00+00:00,57058.9,58113,56927.81,57965.19,4808.8745,243774,2706.4273
2024-07-06 18:00:00+00:00,57965.2,58225.14,57732,57971.99,1702.3971,180652,874.19151
2024-07-06 21:00:00+00:00,57971.99,58475,57806.92,58230.13,1870.4799,111683,909.47491
2024-07-07 00:00:00+00:00,58230.13,58449.46,57838,58359.99,2237.1449,155251,1084.8257
2024-07-07 03:00:00+00:00,58359.99,58364,57416,57648,2861.5706,181596,1249.3095
2024-07-07 06:00:00+00:00,57647.99,57789.18,57073.36,57650.45,2295.0263,143273,1094.464
2024-07-07 09:00:00+00:00,57650.45,57911.71,57350.94,57460,1533.3291,128338,736.03644
2024-07-07 12:00:00+00:00,57460,57631.02,56563.46,56771.51,3275.7731,217602,1712.0165
2024-07-07 15:00:00+00:00,56771.51,57285.91,56728.92,57231.1,1985.0387,169939,1111.0014
2024-07-07 18:00:00+00:00,57231.1,57392,57022.53,57274.18,1021.6426,92459,518.93511
2024-07-07 21:00:00+00:00,57274.18,57285.29,55724.37,55857.81,3909.4139,200771,1575.08
2024-07-08 00:00:00+00:00,55857.81,56023.07,54260.16,55384.79,10314.946,473067,4565.1105
2024-07-08 03:00:00+00:00,55384.79,55711.1,54868,55478.7,3545.6352,298426,1762.3955
2024-07-08 06:00:00+00:00,55478.71,57891.81,55207.17,57792,6835.7779,386054,3826.0206
2024-07-08 09:00:00+00:00,57791.99,58236.73,56705.94,57154.01,7109.6192,349701,3318.4816
2024-07-08 12:00:00+00:00,57154.01,57621.1,54800,56185.24,10779.938,515821,5540.929
2024-07-08 15:00:00+00:00,56185.24,56785.59,55425.74,56287.38,4846.1278,258905,2515.0519
2024-07-08 18:00:00+00:00,56287.38,56574.99,56155.63,56259.9,2676.164,142301,1415.3094
2024-07-08 21:00:00+00:00,56259.9,56971.94,56200,56714.62,1981.997,130114,1020.6083
2024-07-09 00:00:00+00:00,56714.61,57362.66,56289.45,57261.9,3497.4281,183473,1934.2766
2024-07-09 03:00:00+00:00,57261.9,57432.93,56877.25,57291.49,2349.0079,155906,1064.5388
2024-07-09 06:00:00+00:00,57291.48,57900,57011.5,57615.54,4392.9795,226495,2353.8671
2024-07-09 09:00:00+00:00,57615.54,57689.04,57220,57428.01,2042.2316,167384,920.47981
2024-07-09 12:00:00+00:00,57428.01,58131.09,56920,57060,7204.7427,399818,3558.8974
2024-07-09 15:00:00+00:00,57060,57869.36,56903,57523.01,3608.7271,271652,1835.0977
2024-07-09 18:00:00+00:00,57523,58296,57442.62,57929.25,3005.7851,228956,1601.7788
2024-07-09 21:00:00+00:00,57929.26,58260,57720,58050,1631.3058,124009,874.31385
2024-07-10 00:00:00+00:00,58050,58050,57309.09,57882.55,2198.4523,174335,1024.5811
2024-07-10 03:00:00+00:00,57882.55,59470,57840,58975.01,5189.857,308293,2715.2766
2024-07-10 06:00:00+00:00,58975.01,59313.06,58602.84,58756.01,2329.5346,199007,1106.6836
2024-07-10 09:00:00+00:00,58756.01,58769.4,58311.66,58492,3153.3089,203561,1600.9031
2024-07-10 12:00:00+00:00,58492,58550,57471.12,57713.03,5618.2218,356586,2710.843
2024-07-10 15:00:00+00:00,57713.03,58047.07,57439.67,57627.81,3259.5285,276018,1505.0951
2024-07-10 18:00:00+00:00,57627.81,57783.55,57157.79,57409.23,1792.13,146048,913.63818
2024-07-10 21:00:00+00:00,57409.23,57879.58,57264.7,57725.85,1410.7048,102848,846.51091
2024-07-11 00:00:00+00:00,57725.85,58407.05,57358.2,57869.99,2437.1361,217604,1336.9228
2024-07-11 03:00:00+00:00,57870,58100,57050,57994.01,3540.5934,245393,1668.3052
2024-07-11 06:00:00+00:00,57994.01,58328,57872.89,58159.09,2211.2931,189598,1084.4019
2024-07-11 09:00:00+00:00,58159.09,58936.52,58067.25,58777.99,3532.1595,255841,2066.6958
2024-07-11 12:00:00+00:00,58777.99,59650,57555,57790.01,9872.5235,579986,5019.1838
2024-07-11 15:00:00+00:00,57790.01,58125.8,57178,57797.32,4043.815,291419,2041.3106
2024-07-11 18:00:00+00:00,57797.32,58000.61,57205.45,57554,2536.255,227078,1051.301
2024-07-11 21:00:00+00:00,57554,57636,57150,57339.89,1587.2817,150742,751.1801
2024-07-12 00:00:00+00:00,57339.89,57571.86,56542.47,57332.88,3147.5859,273039,1391.8809
2024-07-12 03:00:00+00:00,57332.88,57368,56716.68,57026,1594.9144,142547,721.47336
2024-07-12 06:00:00+00:00,57026.01,57416.13,56836.29,57323.02,2787.3216,178607,1457.204
2024-07-12 09:00:00+00:00,57323.03,57325.6,56767.05,57203.54,2277.5269,164215,1024.5403
2024-07-12 12:00:00+00:00,57203.54,58020,57000,57820.01,5122.6215,332269,2454.3856
2024-07-12 15:00:00+00:00,57820,58428.91,57775.27,58161.82,3796.5654,256226,2052.0778
2024-07-12 18:00:00+00:00,58161.82,58526.68,57150.06,57542.01,3838.0012,320943,1794.2564
2024-07-12 21:00:00+00:00,57542,57906.1,57502,57889.1,1087.92,81892,593.00702
2024-07-13 00:00:00+00:00,57889.09,57969.7,57762.39,57946.43,1121.1743,107622,662.57126
2024-07-13 03:00:00+00:00,57946.43,58179.92,57756.63,58076.02,1353.2727,94726,767.53429
2024-07-13 06:00:00+00:00,58076.02,58216.08,57940.1,57949.93,945.41826,85671,399.20024
2024-07-13 09:00:00+00:00,57950.2,58854.98,57900.57,58534,2724.3229,165549,1435.7045
2024-07-13 12:00:00+00:00,58534,58899.46,58434.38,58800,2089.7981,168704,983.25642
2024-07-13 15:00:00+00:00,58800,58964.89,58572.98,58708,2039.6891,135213,957.95616
2024-07-13 18:00:00+00:00,58708,58800,58554.69,58596.01,812.82534,72676,367.48157
2024-07-13 21:00:00+00:00,58596.01,59850,58288.19,59204.02,4271.2446,284230,2315.658
2024-07-14 00:00:00+00:00,59204.01,59838,59194.01,59356,2761.3742,204493,1367.9825
2024-07-14 03:00:00+00:00,59356,60296,59340,60265.38,3589.3886,286131,1981.8844
2024-07-14 06:00:00+00:00,60265.39,60400,59786.69,60202,2675.6368,152151,1304.2733
2024-07-14 09:00:00+00:00,60201.99,60359.57,59904,60099.1,1929.4741,150667,794.02389
2024-07-14 12:00:00+00:00,60099.1,60236.13,59466.67,60012,2594.2921,174615,1190.7333
2024-07-14 15:00:00+00:00,60012,60184.99,59876,60005.56,1527.0328,115071,710.33826
2024-07-14 18:00:00+00:00,60005.56,60400,59880,60084,1107.728,76703,552.21029
2024-07-14 21:00:00+00:00,60084,61420.69,60026,60797.91,4993.4124,296257,2578.0142
2024-07-15 00:00:00+00:00,60797.91,62610,60632.3,62482,6860.0544,386699,3481.7716
2024-07-15 03:00:00+00:00,62482,62968.15,62322,62799.99,3796.8393,275994,1928.7375
2024-07-15 06:00:00+00:00,62800,63243.71,62706.01,62879.54,3806.3013,324777,1815.3075
2024-07-15 09:00:00+00:00,62879.53,62900,62290,62454,2907.5501,227763,1247.5133
2024-07-15 12:00:00+00:00,62454,63236.28,62444.67,63218.06,4297.9619,325532,2051.324
2024-07-15 15:00:00+00:00,63218.06,63730,62852,63081.97,6847.9404,443625,3188.928
2024-07-15 18:00:00+00:00,63081.97,63820.15,62993.33,63731.36,5093.3111,319869,2530.9113
2024-07-15 21:00:00+00:00,63731.36,64900,63495.71,64724.14,5081.0196,296166,2832.0489
2024-07-16 00:00:00+00:00,64724.06,64955.49,64436.2,64819.91,3651.3947,212515,1995.9755
2024-07-16 03:00:00+00:00,64819.67,64993.95,63464.9,63654.92,5268.2967,270298,2487.4548
2024-07-16 06:00:00+00:00,63654.92,63880.61,62373.24,62820.67,7638.3281,448085,3595.566
2024-07-16 09:00:00+00:00,62820.67,63872.2,62686.25,63746.11,4094.4489,255867,2313.1631
2024-07-16 12:00:00+00:00,63746.11,64265.33,63063.83,63836.09,5325.716,332252,2624.4264
2024-07-16 15:00:00+00:00,63836.09,65200,63799,64547.52,8150.6632,477139,4239.3183
2024-07-16 18:00:00+00:00,64547.52,65182.99,64405.1,64651.82,4488.6034,269398,2342.3117
2024-07-16 21:00:00+00:00,64651.82,65388.97,64115,65043.99,3913.078,219229,1996.8322
2024-07-17 00:00:00+00:00,65044,66128.63,64932.31,65612.86,4903.2909,230466,2642.7395
2024-07-17 03:00:00+00:00,65612.85,65993.14,65375.33,65624.01,2760.5865,183374,1345.6647
2024-07-17 06:00:00+00:00,65624,65790,64807.49,65179.63,4308.607,251218,2152.0405
2024-07-17 09:00:00+00:00,65179.62,65500,64560,64723.73,2901.0073,219722,1373.1582
2024-07-17 12:00:00+00:00,64723.73,65339.86,64537.41,65032.09,4355.7934,317318,2162.0196
2024-07-17 15:00:00+00:00,65032.1,65400,63854,64278.83,6265.115,351051,3113.5113
2024-07-17 18:00:00+00:00,64278.83,64756.02,64214.01,64510.31,1920.7085,127574,899.10161
2024-07-17 21:00:00+00:00,64510.31,64558.03,64058,64087.99,2152.421,187948,927.93476
2024-07-18 00:00:00+00:00,64087.99,65133.3,63910,64701.35,3302.9965,205144,1600.1996
2024-07-18 03:00:00+00:00,64701.34,64959.99,64402.35,64756.77,2009.3375,131132,828.15746
2024-07-18 06:00:00+00:00,64756.76,65061.5,64640,64936.9,2291.5346,162019,1279.6151
2024-07-18 09:00:00+00:00,64936.89,64943.32,64441.94,64758,1812.4365,175228,756.58665
2024-07-18 12:00:00+00:00,64758,65111.29,63701,63995.4,4324.3261,427187,2063.5361
2024-07-18 15:00:00+00:00,63995.4,63995.4,63333,63555.52,5275.9252,328020,2858.118
2024-07-18 18:00:00+00:00,63555.52,63842.91,63238.48,63826.01,1994.2096,159575,1065.4767
2024-07-18 21:00:00+00:00,63826.01,64122.43,63714,63987.92,1557.9564,108437,836.66229
2024-07-19 00:00:00+00:00,63987.92,64030.94,63300.67,63828,2081.7526,150398,845.27219
2024-07-19 03:00:00+00:00,63828,64383.9,63813.98,64164,2106.282,127659,996.69579
2024-07-19 06:00:00+00:00,64164,64486,63409.01,63809,4121.9718,307185,1846.8905
2024-07-19 09:00:00+00:00,63809,64182.77,63640.2,64116,2364.1342,171161,1051.9242
2024-07-19 12:00:00+00:00,64115.99,65888,64005.57,65747.04,8339.2153,525908,4677.8306
2024-07-19 15:00:00+00:00,65747.04,66829.82,65268,66755.42,7905.5258,462866,4301.2556
2024-07-19 18:00:00+00:00,66755.42,67386,66417.66,66931.8,6531.6018,321684,3189.282
2024-07-19 21:00:00+00:00,66931.81,67352.44,66616.19,66660,2184.2438,118028,1061.9185
2024-07-20 00:00:00+00:00,66660.01,66822.22,66222.46,66570.57,2417.3345,145909,1024.8764
2024-07-20 03:00:00+00:00,66570.57,66750,66436,66537.32,1100.3607,79864,479.95069
2024-07-20 06:00:00+00:00,66537.31,66775.11,66458.83,66510.71,1590.6683,97897,719.75695
2024-07-20 09:00:00+00:00,66510.72,66733.09,66474,66483.69,910.75196,76375,472.67215
2024-07-20 12:00:00+00:00,66483.69,66700,66273.62,66590,1080.3852,111469,540.37265
2024-07-20 15:00:00+00:00,66589.99,67598,66589.99,67403.01,3466.9072,232483,1823.2674
2024-07-20 18:00:00+00:00,67403.01,67577.57,67137.78,67339.28,1447.4414,121589,656.37499
2024-07-20 21:00:00+00:00,67339.28,67342.7,66790.9,67139.96,2373.0751,129507,1151.3633
2024-07-21 00:00:00+00:00,67139.97,67436.22,66962,67287.01,1239.7555,96498,718.11372
2024-07-21 03:00:00+00:00,67287.01,67375,66890,67046,965.04285,74094,386.32722
2024-07-21 06:00:00+00:00,67046,67093.42,66592.1,66796.01,1614.1205,106105,731.94739
2024-07-21 09:00:00+00:00,66796,67062.77,66754,66879.99,947.96085,75879,459.48984
2024-07-21 12:00:00+00:00,66879.99,67392.68,66616,67290.76,1865.9426,130915,1030.4608
2024-07-21 15:00:00+00:00,67290.75,67713,66484.55,66648.01,4101.1264,264152,2078.7336
2024-07-21 18:00:00+00:00,66648.01,68209.16,65777,67723.91,8345.6275,421792,4604.4744
2024-07-21 21:00:00+00:00,67723.91,68366.66,67564.2,68165.34,2739.5358,153507,1402.5076
2024-07-22 00:00:00+00:00,68165.35,68474.55,67753.72,68070.62,2376.2207,148799,1148.5341
2024-07-22 03:00:00+00:00,68070.63,68102,67520,67626.01,1685.5765,151163,735.49962
2024-07-22 06:00:00+00:00,67626.01,67743.66,67030,67080.48,2535.3173,190767,1039.8876
2024-07-22 09:00:00+00:00,67080.48,67599,66944.1,67516.01,1755.1677,123757,901.31594
2024-07-22 12:00:00+00:00,67516.01,67952.39,66616.68,66712,4404.6233,264132,2054.9702
2024-07-22 15:00:00+00:00,66712,67468,66559.97,67468,2453.5655,249478,1368.167
2024-07-22 18:00:00+00:00,67467.99,68256,67322.5,68124,3503.9204,256242,1766.5724
2024-07-22 21:00:00+00:00,68123.99,68166.01,67224.11,67532.01,2736.6516,173802,1249.0034
2024-07-23 00:00:00+00:00,67532,67750.98,67183.98,67647.65,1915.0333,131608,928.8786
2024-07-23 03:00:00+00:00,67647.65,67710.01,66326,66428,3489.8046,179757,1379.3042
2024-07-23 06:00:00+00:00,66428.01,66999,66256.39,66888,3830.1363,222159,1933.8257
2024-07-23 09:00:00+00:00,66888,67166.01,66454,66676.01,3337.6746,183605,1701.0303
2024-07-23 12:00:00+00:00,66676,67349.03,65962,67227.8,6378.9198,372052,3195.5369
2024-07-23 15:00:00+00:00,67227.81,67246.01,65744.94,65940.29,5716.3614,350698,2774.5039
2024-07-23 18:00:00+00:00,65940.29,66105.32,65441.08,65836.01,4806.9743,218905,2292.7722
2024-07-23 21:00:00+00:00,65836,66054,65782,65936.01,1931.2488,113305,962.99619
2024-07-24 00:00:00+00:00,65936,66146.01,65476.84,65878.16,1831.3312,120867,881.42762
2024-07-24 03:00:00+00:00,65878.16,66111.5,65610,65814.01,1846.5182,93363,890.06329
2024-07-24 06:00:00+00:00,65814.01,66470.01,65762.01,66437.01,2541.2704,120487,1329.5607
2024-07-24 09:00:00+00:00,66437.01,66600,66301,66367.99,1929.4305,114623,875.53792
2024-07-24 12:00:00+00:00,66368,67102.01,66146.7,66760.01,4052.6993,291724,1980.0869
2024-07-24 15:00:00+00:00,66760.01,66812,65963.17,66586.01,4470.6665,254183,1922.9792
2024-07-24 18:00:00+00:00,66586.01,66650,65558.89,66044.01,3475.2216,200337,1528.1632
2024-07-24 21:00:00+00:00,66044.01,66066.66,65111,65376,2935.425,195469,1419.9367
2024-07-25 00:00:00+00:00,65376.01,65620,63950,64208.01,7736.9504,349778,3279.2836
2024-07-25 03:00:00+00:00,64208,64348.94,63800,64263.01,3963.8555,157474,1783.1319
2024-07-25 06:00:00+00:00,64263.01,64419.71,63878,64352.01,3224.5777,154105,1653.1606
2024-07-25 09:00:00+00:00,64352.01,64480,63973.46,64096,2554.3005,141567,1147.4468
2024-07-25 12:00:00+00:00,64096.01,64851.01,63456.7,64835,6339.7461,332987,2985.113
2024-07-25 15:00:00+00:00,64834.99,65170,64532,65051.98,4118.5013,250034,2109.2588
2024-07-25 18:00:00+00:00,65051.98,65298.01,64388.46,65298.01,4326.9717,271939,2161.4937
2024-07-25 21:00:00+00:00,65298.01,66175.49,65214,65799.95,2861.5262,172476,1460.5641
2024-07-26 00:00:00+00:00,65799.95,67198.99,65722.63,67014.01,4270.621,241601,2227.2337
2024-07-26 03:00:00+00:00,67014,67480,66870.82,66924,2942.7482,165566,1550.8554
2024-07-26 06:00:00+00:00,66924.01,67190,66874.01,67106.01,2592.5196,121496,1379.6868
2024-07-26 09:00:00+00:00,67106,67498,67085.77,67322,2398.0031,121340,1229.9059
2024-07-26 12:00:00+00:00,67321.99,68000,66892,67328.01,5005.2308,286316,2551.1191
2024-07-26 15:00:00+00:00,67328,67751.01,67286,67372,2366.3065,173453,1086.319
2024-07-26 18:00:00+00:00,67372,68144.01,67336.08,67435.17,3037.4903,185656,1566.5077
2024-07-26 21:00:00+00:00,67435.16,68200,67419.81,67907.99,1631.4407,111554,852.89375
2024-07-27 00:00:00+00:00,67908,68070.01,67630,68028,1070.6965,83164,489.23753
2024-07-27 03:00:00+00:00,68028,68081.57,67773.01,67895.21,939.54073,66121,396.41001
2024-07-27 06:00:00+00:00,67895.21,68295.39,67886.46,67986,2044.6028,115228,1070.8618
2024-07-27 09:00:00+00:00,67985.99,68275.64,67946.82,68209.88,1240.9836,74413,593.77994
2024-07-27 12:00:00+00:00,68209.88,69399.99,68195.43,68981.69,4976.8628,263871,2759.7799
2024-07-27 15:00:00+00:00,68981.69,69086,68428.18,68540.01,2649.956,174983,1286.4618
2024-07-27 18:00:00+00:00,68540,68990.03,66650,67791.22,13281.953,641488,6421.5817
2024-07-27 21:00:00+00:00,67791.21,69182.94,67596,67896.5,5505.6236,271323,2820.8156
2024-07-28 00:00:00+00:00,67896.49,68285.43,67260.54,68149.45,1928.1707,132035,925.57051
2024-07-28 03:00:00+00:00,68149.44,68149.45,67066.66,67422,1803.5263,113206,763.95025
2024-07-28 06:00:00+00:00,67422.01,67590.82,67220,67380,1285.9854,76923,685.26653
2024-07-28 09:00:00+00:00,67380,68000,67329.6,67836,1367.2814,88567,811.23097
2024-07-28 12:00:00+00:00,67836.01,68123.32,67634.7,67746,1443.0789,108516,741.36514
2024-07-28 15:00:00+00:00,67746,67998.42,67577.63,67988.47,885.6257,112249,421.82773
2024-07-28 18:00:00+00:00,67988.47,68318.43,67939.81,68007.99,1172.4645,99996,595.50206
2024-07-28 21:00:00+00:00,68008,68277.83,67801.62,68249.88,982.56103,89718,458.77375
2024-07-29 00:00:00+00:00,68249.88,69635.14,68168,69559,4768.4323,257949,2619.583
2024-07-29 03:00:00+00:00,69558.99,69800,69263.07,69662.07,3241.8887,167768,1823.5517
2024-07-29 06:00:00+00:00,69662.07,69888,69375,69457.5,2766.2317,163518,1333.4175
2024-07-29 09:00:00+00:00,69457.51,69838.62,69378.8,69580.01,2357.1143,127800,1189.4185
2024-07-29 12:00:00+00:00,69580.01,70079.99,68071.98,68228.01,8817.2363,413932,4574.4533
2024-07-29 15:00:00+00:00,68228.01,68304,66428,67015.08,9628.8997,507926,4300.6931
2024-07-29 18:00:00+00:00,67015.09,67549.73,66940,67369.99,2493.9175,152952,1252.0313
2024-07-29 21:00:00+00:00,67370,67553.66,66600,66784.69,2393.5759,160967,1103.0848
2024-07-30 00:00:00+00:00,66784.68,66886,65862,66418.01,5257.3748,261068,2382.7765
2024-07-30 03:00:00+00:00,66418,66808.04,66322.49,66484.01,1994.3308,124283,979.15469
2024-07-30 06:00:00+00:00,66484.01,67000,66464.17,66772.01,1921.9937,133404,1018.4568
2024-07-30 09:00:00+00:00,66772.01,66900.56,66404.53,66574.01,1639.5886,136338,769.79889
2024-07-30 12:00:00+00:00,66574,66948,65660.89,65810,4682.39,297432,2155.2485
2024-07-30 15:00:00+00:00,65810.01,66550.01,65555,65868.01,3046.2655,248298,1515.9932
2024-07-30 18:00:00+00:00,65868.01,66240,65302.67,66186.01,3588.4472,279545,1822.0231
2024-07-30 21:00:00+00:00,66186,66356.89,65942,66188,1001.8637,141715,453.37395
2024-07-31 00:00:00+00:00,66188,66413.28,65881.96,66122.16,1352.7923,135344,607.27247
2024-07-31 03:00:00+00:00,66122.17,66228.86,65496,66175.52,2178.4662,148126,1081.7178
2024-07-31 06:00:00+00:00,66175.53,66554.4,66044,66312.01,2180.3812,139961,1093.1684
2024-07-31 09:00:00+00:00,66312.01,66374.01,65954.54,66094.01,1220.1371,102525,590.32983
2024-07-31 12:00:00+00:00,66094.01,66849.24,65963.25,66440,3703.5025,255938,1838.9617
2024-07-31 15:00:00+00:00,66440.01,66836.3,66287.87,66686,2058.2775,168025,1065.0153
2024-07-31 18:00:00+00:00,66686.01,66733.99,64543.57,64595.81,7065.3797,462949,3112.7015
2024-07-31 21:00:00+00:00,64595.81,65136.04,64530,64628,2866.5025,197108,1429.318
2024-08-01 00:00:00+00:00,64628.01,64841.29,63900,64110.01,4495.242,286635,1860.4244
2024-08-01 03:00:00+00:00,64110,64357.38,63584,64303.99,4105.6117,244059,1916.4681
2024-08-01 06:00:00+00:00,64304,64560.01,64124,64507.17,1946.854,146079,1023.8832
2024-08-01 09:00:00+00:00,64507.18,64701.41,64299.87,64674.25,1983.2944,128326,1024.0293
2024-08-01 12:00:00+00:00,64674.26,64949.58,63928.1,63935.83,3138.9658,244634,1401.6434
2024-08-01 15:00:00+00:00,63935.83,63962,62302,63220,9945.7767,623492,4511.9218
2024-08-01 18:00:00+00:00,63220,64776,62811.26,64760,5810.6701,449761,3059.6448
2024-08-01 21:00:00+00:00,64760.01,65659.78,64628.01,65354.02,4115.8537,274271,2088.9181
2024-08-02 00:00:00+00:00,65354.02,65596.14,63668,64359.91,3408.8167,240725,1522.7906
2024-08-02 03:00:00+00:00,64359.92,64655.17,64078,64170.01,2246.2414,160510,964.64535
2024-08-02 06:00:00+00:00,64170.01,64640,63807.29,64598.01,3336.3868,250572,1711.6914
2024-08-02 09:00:00+00:00,64598.01,64974,64350,64660.01,2297.3619,145457,1117.7211
2024-08-02 12:00:00+00:00,64660.01,65524.01,63102,63157.95,9712.4872,553640,4614.2665
2024-08-02 15:00:00+00:00,63157.95,63636.46,62432.9,63098.01,7071.551,458160,3346.1756
2024-08-02 18:00:00+00:00,63098.01,63220,62088,62622.01,5130.4839,344746,2357.1632
2024-08-02 21:00:00+00:00,62622.01,62736.01,61230.01,61498.33,5617.1006,303925,2567.9042
2024-08-03 00:00:00+00:00,61498.34,61725.78,60505,61450.01,5892.243,278850,2768.0175
2024-08-03 03:00:00+00:00,61450.01,61981.43,61310.9,61693.99,2209.4379,116127,1119.9205
2024-08-03 06:00:00+00:00,61694,61906.37,61480,61629.68,1519.5582,91684,733.34774
2024-08-03 09:00:00+00:00,61629.68,62002.39,61457.89,61919.38,1460.1339,97691,712.73711
2024-08-03 12:00:00+00:00,61919.38,62198.22,61844.49,61990,1830.2866,125703,831.30858
2024-08-03 15:00:00+00:00,61990,62088.38,60387,60576,7102.3211,443313,3054.4431
2024-08-03 18:00:00+00:00,60575.99,60840,59920,60395.97,4945.3172,322990,2201.3703
2024-08-03 21:00:00+00:00,60395.97,60849.93,59850,60697.99,3075.4178,193197,1526.8131
2024-08-04 00:00:00+00:00,60697.99,61117.63,60320,60886.95,2041.9515,140432,1011.5608
2024-08-04 03:00:00+00:00,60886.96,60938.54,60542.5,60792,1328.934,87590,629.78262
2024-08-04 06:00:00+00:00,60792,60871.5,60081.57,60565.41,1966.5248,146182,1028.0852
2024-08-04 09:00:00+00:00,60566,61000,60504,60896,1317.7428,94580,647.93879
2024-08-04 12:00:00+00:00,60896,61097.55,59317,59586.7,4455.3453,291319,1792.4084
2024-08-04 15:00:00+00:00,59586.69,59600,57122.77,57864.43,10690.883,542931,4729.8978
2024-08-04 18:00:00+00:00,57864.43,59583,57748.85,59158,6276.997,335372,3106.1409
2024-08-04 21:00:00+00:00,59158.01,59163.52,58001.81,58161,3538.1416,247789,1610.8103
2024-08-05 00:00:00+00:00,58161,58305.59,52300.17,54697.98,32306.097,1253505,14410.508
2024-08-05 03:00:00+00:00,54697.98,54713.99,52300,52718,17822.967,818515,8049.2308
2024-08-05 06:00:00+00:00,52717.99,53218.37,49000,52752,34665.024,1369175,16012.466
2024-08-05 09:00:00+00:00,52752,52935.63,50633.47,51340,13950.775,806165,6561.2752
2024-08-05 12:00:00+00:00,51340,54516.01,49542.83,54061.68,33578.383,1504677,16839.681
2024-08-05 15:00:00+00:00,54061.67,55600,53500,54707.99,15381.634,794507,8392.9607
2024-08-05 18:00:00+00:00,54708,54717.14,52555,54393.85,9222.2861,632467,4577.9782
2024-08-05 21:00:00+00:00,54393.85,55200,53876.47,54018.81,5138.4255,389486,2519.1633
2024-08-06 00:00:00+00:00,54018.82,56276,53950,55845.44,9100.6541,485687,4811.9735
2024-08-06 03:00:00+00:00,55845.44,55999,55255,55925.97,4761.5261,320656,2393.6291
2024-08-06 06:00:00+00:00,55925.96,56169.48,54600.01,54992,8036.0085,452934,3783.5547
2024-08-06 09:00:00+00:00,54992.01,55440.47,54602.21,55210.01,5726.0362,426421,2811.24
2024-08-06 12:00:00+00:00,55210,56605.55,54371.94,56132.01,11577.095,661225,5828.4091
2024-08-06 15:00:00+00:00,56132.01,56988.83,55735,56494,7597.6786,446668,3964.282
2024-08-06 18:00:00+00:00,56492.01,57040.99,56172.09,56541.99,4936.8062,358207,2385.0944
2024-08-06 21:00:00+00:00,56542,56935.56,55800,56022.01,4148.9717,282026,1956.0101
2024-08-07 00:00:00+00:00,56022,57287.99,55557.88,56762.01,5881.1351,376758,3062.959
2024-08-07 03:00:00+00:00,56762.01,57250,56590,56796.01,4012.4304,235454,2012.0042
2024-08-07 06:00:00+00:00,56796.01,57448.9,56544.7,57348,3807.1822,203480,1916.4845
2024-08-07 09:00:00+00:00,57348,57736.05,56870.39,56963.38,5104.369,242326,2683.1522
2024-08-07 12:00:00+00:00,56963.39,57479.6,55650,56085.83,8058.7992,413982,3840.9863
2024-08-07 15:00:00+00:00,56085.83,56400,55435,55570.59,6068.8946,330462,2751.12
2024-08-07 18:00:00+00:00,55570.59,55623.48,54643.02,55141.31,7369.5081,382764,3632.1062
2024-08-07 21:00:00+00:00,55141.31,55566.24,54558.62,55134.16,3967.0582,212278,1998.3376
2024-08-08 00:00:00+00:00,55133.76,57636.36,54730,57364,7371.8243,362292,3978.8311
2024-08-08 03:00:00+00:00,57364,57636.35,56670.47,56955.62,3022.7848,189524,1457.7497
2024-08-08 06:00:00+00:00,56955.62,57434.35,56794.35,57230,2860.5726,178568,1325.4643
2024-08-08 09:00:00+00:00,57230,57670.04,56978.52,57320.51,2752.4504,168719,1311.3248
2024-08-08 12:00:00+00:00,57320.51,58998.98,56700,58922.25,10546.511,642203,5523.2089
2024-08-08 15:00:00+00:00,58922.25,59863,58640,59469.88,8419.6966,390373,4674.4277
2024-08-08 18:00:00+00:00,59469.89,59819.6,59237.59,59506.29,2715.5997,160988,1229.3164
2024-08-08 21:00:00+00:00,59506.3,62745.14,59500,61685.99,10660.091,510375,6175.9725
2024-08-09 00:00:00+00:00,61686,61744.37,60720,61235.51,4629.9423,235669,2176.0435
2024-08-09 03:00:00+00:00,61235.51,61573.27,60588.63,60989,2788.6319,161927,1246.9593
2024-08-09 06:00:00+00:00,60988.99,61225,60600.34,61095.73,3327.0557,157526,1828.7477
2024-08-09 09:00:00+00:00,61095.73,61210.31,60170.16,60655.24,3341.9203,213566,1541.4132
2024-08-09 12:00:00+00:00,60655.25,61115.11,59535,60341.07,7305.8441,419509,3516.8713
2024-08-09 15:00:00+00:00,60346.98,60747.53,59700,60197.5,3846.9663,241574,2047.4463
2024-08-09 18:00:00+00:00,60197.5,60986.03,59835.38,60745.96,2067.8821,161349,970.90885
2024-08-09 21:00:00+00:00,60745.96,60985,59909.16,60837.99,3664.2375,236689,1694.6605
2024-08-10 00:00:00+00:00,60837.99,61470.58,60287.51,60536.25,2487.5695,180238,1165.0966
2024-08-10 03:00:00+00:00,60536.25,60536.25,60242,60355.46,865.38701,72539,445.84263
2024-08-10 06:00:00+00:00,60355.46,60900.43,60330,60733.58,1084.4994,91714,537.48606
2024-08-10 09:00:00+00:00,60733.59,61116.65,60646,60920.88,1199.3534,102435,610.20903
2024-08-10 12:00:00+00:00,60920.88,60949.99,60400,60585.38,1040.5103,93267,441.1674
2024-08-10 15:00:00+00:00,60585.39,60860.92,60400,60767.8,1249.3473,95686,653.4461
2024-08-10 18:00:00+00:00,60767.81,61196.63,60735.28,60986.19,1338.4979,99866,677.23954
2024-08-10 21:00:00+00:00,60986.19,61160,60757.39,60923.51,730.04142,64754,363.15114
2024-08-11 00:00:00+00:00,60923.51,61243.99,60892,61026.78,798.55521,78423,399.28877
2024-08-11 03:00:00+00:00,61026.77,61382.73,60881.36,61114.29,1180.2886,84873,563.35182
2024-08-11 06:00:00+00:00,61114.29,61426.97,61013.49,61260.42,1088.325,91164,566.60021
2024-08-11 09:00:00+00:00,61260.43,61858,60425,60669.15,3079.767,215446,1407.9565
2024-08-11 12:00:00+00:00,60669.14,60761.09,60167.22,60350,2815.0188,177145,1475.8288
2024-08-11 15:00:00+00:00,60350,60431.58,59941,60265.07,2290.9035,158530,1036.107
2024-08-11 18:00:00+00:00,60265.07,60345.88,58286.73,58504.92,4506.8176,288836,1956.2418
2024-08-11 21:00:00+00:00,58504.91,59349.04,58317,58712.59,3430.1694,225052,1689.3703
2024-08-12 00:00:00+00:00,58712.59,59088.33,58100.06,58717.25,3458.1825,232377,1799.5669
2024-08-12 03:00:00+00:00,58717.24,58818.78,58363.08,58571.57,1707.2344,120341,861.94453
2024-08-12 06:00:00+00:00,58571.57,59025.66,57642.21,58317.43,4830.7848,320941,2337.9173
2024-08-12 09:00:00+00:00,58317.43,59990,58125.75,59851.7,5204.9917,301146,2684.9804
2024-08-12 12:00:00+00:00,59851.71,60711.09,57800,60299.98,9231.411,495273,4594.9395
2024-08-12 15:00:00+00:00,60299.99,60510.2,59230,59296.11,5705.796,347836,2780.2957
2024-08-12 18:00:00+00:00,59296.12,59490,58440.54,58841.96,4170.3279,271533,1804.9486
2024-08-12 21:00:00+00:00,58841.96,59745.99,58555.26,59346.64,2701.1892,204390,1414.673
2024-08-13 00:00:00+00:00,59346.64,59923.28,59269.85,59481.99,2613.7291,213251,1348.1852
2024-08-13 03:00:00+00:00,59482,59520,58830.23,59211.99,2670.4868,156943,1315.4167
2024-08-13 06:00:00+00:00,59212,59476,58919.86,59099.98,2432.286,139012,1191.8417
2024-08-13 09:00:00+00:00,59099.99,59103.99,58392.88,58830,2545.5032,165284,1122.1884
2024-08-13 12:00:00+00:00,58830.01,59776.7,58709.57,59643.63,4837.0437,321466,2358.0698
2024-08-13 15:00:00+00:00,59643.63,61578.1,59352.36,61167.58,7185.8811,376541,3638.0133
2024-08-13 18:00:00+00:00,61167.58,61214.95,60243.77,60569.14,3654.8338,210234,1778.8386
2024-08-13 21:00:00+00:00,60569.15,61138.87,60389.75,60587.15,1919.1949,130754,894.66969
2024-08-14 00:00:00+00:00,60587.16,60855.27,60425.01,60805.49,1527.3026,106797,702.60279
2024-08-14 03:00:00+00:00,60805.5,61302.88,60796,60834.64,1810.6397,109901,960.86426
2024-08-14 06:00:00+00:00,60834.64,60940,60637.3,60896,1487.0098,121130,721.60252
2024-08-14 09:00:00+00:00,60896,61453,60818.99,61296.87,2842.5889,179712,1378.5766
2024-08-14 12:00:00+00:00,61296.88,61800,58823.52,59502.67,10605.784,539776,4881.8805
2024-08-14 15:00:00+00:00,59502.67,59841.73,58615.06,59168.36,5982.757,378916,2776.6656
2024-08-14 18:00:00+00:00,59168.37,59462.61,58710.02,59149.16,2348.3097,163461,1054.3253
2024-08-14 21:00:00+00:00,59149.15,59156,58433.18,58683.39,1818.3717,129649,787.37862
2024-08-15 00:00:00+00:00,58683.39,59044.44,58010,58412.25,4496.7305,327779,1901.968
2024-08-15 03:00:00+00:00,58412.75,58639,58160,58315.01,1938.7687,136133,922.20291
2024-08-15 06:00:00+00:00,58315.01,58390.21,57713.88,58378.3,3731.5867,183363,1684.556
2024-08-15 09:00:00+00:00,58378.3,58872.85,58298.6,58745.36,2321.5662,162877,1243.269
2024-08-15 12:00:00+00:00,58745.36,59743.13,58532.42,59416.35,6136.8049,436814,3061.9594
2024-08-15 15:00:00+00:00,59416.36,59849.38,58782.9,58875.1,4428.7434,327864,1973.2791
2024-08-15 18:00:00+00:00,58875.1,58878.15,56078.54,56671.06,10133.851,670008,4284.6383
2024-08-15 21:00:00+00:00,56671.06,57885,56606.12,57541.06,4498.1253,263020,2183.3506
2024-08-16 00:00:00+00:00,57541.05,58517.47,57098.62,58199.99,3251.6878,219104,1737.4133
2024-08-16 03:00:00+00:00,58199.98,58350.45,57800.47,58196.01,2192.2603,153281,1229.8723
2024-08-16 06:00:00+00:00,58196.01,58666.77,58059.73,58360,2442.8505,164530,1243.1341
2024-08-16 09:00:00+00:00,58360.01,58683.47,58218.71,58400,1954.9382,153864,935.83905
2024-08-16 12:00:00+00:00,58400,58915.18,57526.31,58018.86,7045.1663,530896,3252.7372
2024-08-16 15:00:00+00:00,58018.85,59360.23,57647.05,59215.85,4256.6532,342023,2298.4418
2024-08-16 18:00:00+00:00,59215.85,59817.76,59081.42,59257.06,4846.9685,308562,2492.4439
2024-08-16 21:00:00+00:00,59256.89,59314.91,58703.99,58874.6,1620.3186,127279,773.63661
2024-08-17 00:00:00+00:00,58874.59,59389.18,58785.05,59146.36,1450.341,129608,844.47683
2024-08-17 03:00:00+00:00,59146.36,59263.47,59000,59163.17,883.74782,74992,434.19872
2024-08-17 06:00:00+00:00,59163.16,59287.85,59051.98,59279.08,835.40381,71454,464.81388
2024-08-17 09:00:00+00:00,59279.09,59477.16,59060,59137.12,1034.3214,116204,473.0051
2024-08-17 12:00:00+00:00,59137.12,59571.99,59100.28,59535.37,1031.6958,112567,547.06394
2024-08-17 15:00:00+00:00,59535.37,59700,59363.64,59428.57,1196.4293,143811,521.2155
2024-08-17 18:00:00+00:00,59428.57,59541.93,59294.31,59397.12,599.39873,82806,266.41922
2024-08-17 21:00:00+00:00,59397.13,59492,59113.68,59491.99,690.39149,75717,320.45991
2024-08-18 00:00:00+00:00,59491.99,60259.01,59393.1,60126,1846.6984,142084,1082.323
2024-08-18 03:00:00+00:00,60125.99,60254.77,59256.56,59490,1929.4582,148556,893.63585
2024-08-18 06:00:00+00:00,59490,59717.89,59436,59706.02,937.37109,94842,477.71829
2024-08-18 09:00:00+00:00,59706.01,60200,59651.68,60024.01,2215.3825,170506,1162.5066
2024-08-18 12:00:00+00:00,60024,60284.99,59669.85,59806.01,1954.7106,141190,915.37505
2024-08-18 15:00:00+00:00,59806,59945.83,59377.14,59527.58,1163.6138,126750,538.18682
2024-08-18 18:00:00+00:00,59527.58,59869.77,59468.19,59814.53,792.70349,85666,437.17073
2024-08-18 21:00:00+00:00,59814.53,59814.53,58408.92,58427.35,2794.9191,190136,1153.6662
2024-08-19 00:00:00+00:00,58427.35,58748,58210.03,58670.51,4505.0801,249701,2044.3927
2024-08-19 03:00:00+00:00,58670.51,58763.83,58359.5,58475.18,1526.069,130298,687.47774
2024-08-19 06:00:00+00:00,58475.19,58745.82,58388.85,58608.27,1589.4386,114453,778.51287
2024-08-19 09:00:00+00:00,58608.28,58671.38,57787.3,58396.95,4188.0612,243337,2155.5374
2024-08-19 12:00:00+00:00,58396.94,58970,58029.77,58617.42,3873.6795,303384,2086.6701
2024-08-19 15:00:00+00:00,58617.42,59290,58380,59021.61,2790.9373,248551,1400.6926
2024-08-19 18:00:00+00:00,59021.61,59342.11,58732,59080.01,1815.292,194249,866.82264
2024-08-19 21:00:00+00:00,59080.02,59617.63,58967.53,59438.5,2520.7548,152322,1330.2017
2024-08-20 00:00:00+00:00,59438.5,60910.55,59363.31,60528.83,5744.2214,350006,3254.1738
2024-08-20 03:00:00+00:00,60528.84,61400,60422.37,61119.99,4230.5188,250509,2439.3633
2024-08-20 06:00:00+00:00,61120,61144.02,60679.36,60765.13,2692.3147,155336,1367.4457
2024-08-20 09:00:00+00:00,60765.14,60975,60401.9,60518.82,2210.0052,134307,1133.0936
2024-08-20 12:00:00+00:00,60518.83,60955.99,59446.03,59461.8,6604.3183,348325,3096.8511
2024-08-20 15:00:00+00:00,59461.81,59483.52,58548.23,59039.48,5908.526,350739,2771.6597
2024-08-20 18:00:00+00:00,59039.47,59722.72,59000,59317.57,2334.2589,173564,1212.9334
2024-08-20 21:00:00+00:00,59317.58,59545.51,58802.35,59013.8,1753.2822,141733,765.69956
2024-08-21 00:00:00+00:00,59013.8,59519.99,58783.47,59363.32,1920.1535,145100,927.27384
2024-08-21 03:00:00+00:00,59363.32,59419.49,59183.13,59379.99,1114.3167,88992,466.93495
2024-08-21 06:00:00+00:00,59379.99,59924.13,59231.33,59443,2419.0291,171442,1249.8271
2024-08-21 09:00:00+00:00,59443,59509.34,59085.88,59361.14,1859.4695,132004,815.27231
2024-08-21 12:00:00+00:00,59361.14,60201.98,58850,59410.41,6938.7288,471423,3391.6827
2024-08-21 15:00:00+00:00,59410.41,60046,59300.99,59928.42,2812.1377,267659,1494.3001
2024-08-21 18:00:00+00:00,59928.42,61820.93,59843.23,61236,8131.639,526818,4407.1725
2024-08-21 21:00:00+00:00,61236,61500,60928,61156.03,2788.1679,178087,1404.4463
2024-08-22 00:00:00+00:00,61156.03,61229,59724.87,60186.48,3136.731,223436,1381.8353
2024-08-22 03:00:00+00:00,60186.49,60850,60074,60724,2334.1702,196970,1136.4186
2024-08-22 06:00:00+00:00,60724.01,61114.23,60682.41,60926.81,2056.4552,180846,1013.5106
2024-08-22 09:00:00+00:00,60926.81,61400,60802.38,61336.09,2358.6618,174132,1215.08
2024-08-22 12:00:00+00:00,61336.09,61398.18,60300,60510.48,5309.5002,397002,2470.2406
2024-08-22 15:00:00+00:00,60510.48,60833,60100,60164.7,2953.5321,286617,1398.1099
2024-08-22 18:00:00+00:00,60164.7,60691.2,60131,60680.01,2074.0503,168051,1155.7235
2024-08-22 21:00:00+00:00,60680,60707.88,60297.5,60375.84,1018.1051,91226,498.4152
2024-08-23 00:00:00+00:00,60375.83,60968.24,60342.14,60625.7,1818.6825,127599,928.16261
2024-08-23 03:00:00+00:00,60625.69,61089.6,60572.94,60856.26,1728.971,124739,912.22305
2024-08-23 06:00:00+00:00,60856.26,61367.74,60832.27,61321.4,2168.0022,160364,1041.2085
2024-08-23 09:00:00+00:00,61321.4,61337.57,60691.11,60741.68,1719.4976,141352,730.96162
2024-08-23 12:00:00+00:00,60741.68,62320.36,60741.68,60994.91,9222.4745,613947,5125.2502
2024-08-23 15:00:00+00:00,60994.91,63015.99,60916.41,62999.89,6748.4537,492687,3833.2112
2024-08-23 18:00:00+00:00,62999.88,63819.16,62659.09,63627.74,8334.7566,496648,4435.6722
2024-08-23 21:00:00+00:00,63627.74,64955,63598.96,64037.24,6377.2329,398346,3366.1939
2024-08-24 00:00:00+00:00,64037.24,64206.7,63626.58,63949.99,2237.6922,177997,1038.3808
2024-08-24 03:00:00+00:00,63949.99,64032.95,63759.01,63987.98,1931.4162,224488,828.24163
2024-08-24 06:00:00+00:00,63987.98,64450.63,63924.56,64416,2317.1818,149115,1248.2645
2024-08-24 09:00:00+00:00,64416,64494.5,63868,63905.01,1806.2107,151598,835.22069
2024-08-24 12:00:00+00:00,63905,64244,63902,64171.84,1722.4083,177618,859.05747
2024-08-24 15:00:00+00:00,64171.84,64413.01,63872,64050.99,2228.263,237631,1079.5319
2024-08-24 18:00:00+00:00,64051,64444,63938,64131,1566.054,201300,772.24639
2024-08-24 21:00:00+00:00,64131,64172.01,63531,64157.01,2047.93,232109,982.0835
2024-08-25 00:00:00+00:00,64157.02,64507.04,64042.42,64137,2093.0626,205050,1121.9859
2024-08-25 03:00:00+00:00,64137,64196,64000,64137.5,1169.2381,146175,561.00905
2024-08-25 06:00:00+00:00,64137.5,64163.64,63785.76,63931,1401.7029,147694,625.70969
2024-08-25 09:00:00+00:00,63931,64009.83,63773.27,63873.91,1333.3652,107311,635.45778
2024-08-25 12:00:00+00:00,63873.92,64251,63805,64148.01,1450.3464,149592,799.29018
2024-08-25 15:00:00+00:00,64148,64288,64000,64140.99,1026.3073,122600,510.979
2024-08-25 18:00:00+00:00,64141,64264,64065.25,64206.99,733.01818,83256,377.76474
2024-08-25 21:00:00+00:00,64207,65000,64200,64220,3098.4391,301387,1683.526
2024-08-26 00:00:00+00:00,64219.99,64481,63790,64070,2115.3752,236613,952.77255
2024-08-26 03:00:00+00:00,64070,64205.31,63885,63950.01,1111.5441,120574,477.51556
2024-08-26 06:00:00+00:00,63950.01,64012.92,63420,63738,2534.2815,228761,1128.3334
2024-08-26 09:00:00+00:00,63737.99,64039.2,63220.95,63859,2371.2271,250154,1095.3214
2024-08-26 12:00:00+00:00,63859,63958.95,63125.53,63500.6,3663.0482,463045,1740.2296
2024-08-26 15:00:00+00:00,63500.6,63878.78,63061,63375.99,3192.3866,356682,1562.4159
2024-08-26 18:00:00+00:00,63376,63703,63192.04,63417.01,2162.6677,274712,1055.1929
2024-08-26 21:00:00+00:00,63417,63423.89,62800,62834,2319.5223,222300,983.89487
2024-08-27 00:00:00+00:00,62834,63212,62657,62900.07,2637.7796,228679,1348.0541
2024-08-27 03:00:00+00:00,62900.07,63200,62716,63150.02,2228.7919,155807,970.36952
2024-08-27 06:00:00+00:00,63150.02,63151.26,62700,62813.38,2332.7574,198948,1007.374
2024-08-27 09:00:00+00:00,62813.38,62952.41,62230,62417,3671.7645,296466,1633.079
2024-08-27 12:00:00+00:00,62416.99,62495,61801.01,61851.01,5708.6092,540951,2718.2768
2024-08-27 15:00:00+00:00,61851.01,61989.9,61473.03,61933.32,4448.9099,377210,2030.6917
2024-08-27 18:00:00+00:00,61933.31,62196.75,61846.33,61859,1552.3211,193617,736.48445
2024-08-27 21:00:00+00:00,61858.99,61956.17,58034.01,59415,12555.008,1003603,5428.824
2024-08-28 00:00:00+00:00,59415,59459.45,58917.12,59336.02,4719.609,388903,2281.9245
2024-08-28 03:00:00+00:00,59336.02,59661,59250.42,59287.94,2902.3524,224022,1278.5321
2024-08-28 06:00:00+00:00,59287.93,59356.66,58516,59223.99,4117.8641,394717,2015.0446
2024-08-28 09:00:00+00:00,59224,60234.98,59136.18,59935,4832.4489,417931,2378.63
2024-08-28 12:00:00+00:00,59934.99,60160,58926,59195.26,5607.0821,571382,2374.7919
2024-08-28 15:00:00+00:00,59195.26,59255,57860,58650,7915.5325,863389,3481.9569
2024-08-28 18:00:00+00:00,58650,59849.99,58597.66,59312.01,4925.3118,585285,2485.0912
2024-08-28 21:00:00+00:00,59312,59483.88,58844.59,59034.9,1848.3419,218505,839.94054
2024-08-29 00:00:00+00:00,59034.9,59320,58878.46,59137,1863.1877,197190,867.528
2024-08-29 03:00:00+00:00,59137.01,59460,59032.48,59436.17,1540.0954,140084,781.2245
2024-08-29 06:00:00+00:00,59436.17,59764,59370,59551.97,2316.4911,238482,1099.734
2024-08-29 09:00:00+00:00,59551.97,60477,59551.2,60067.06,3459.7444,298260,1930.6592
2024-08-29 12:00:00+00:00,60067.06,60949,59990,60814.99,5984.9601,625203,2897.4809
2024-08-29 15:00:00+00:00,60815,61166.99,60174.2,60533,4181.2272,439816,1993.9289
2024-08-29 18:00:00+00:00,60533,60548.99,58915.01,59529,5284.9234,572375,2484.6539
2024-08-29 21:00:00+00:00,59529,59638.37,58713.09,59359.01,2390.2782,232490,1097.1766
2024-08-30 00:00:00+00:00,59359,59487.64,58953.7,59202.51,1840.8415,195650,836.24239
2024-08-30 03:00:00+00:00,59202.5,59206,58685,58784,2706.7403,204756,1213.9354
2024-08-30 06:00:00+00:00,58783.99,59587.12,58705.01,59445,3104.5064,228182,1702.7391
2024-08-30 09:00:00+00:00,59445,59674.42,59318,59396,2412.5028,209866,1222.229
2024-08-30 12:00:00+00:00,59396,59944.07,58441.31,58462.89,6329.9922,664755,3024.5899
2024-08-30 15:00:00+00:00,58462.89,58811.04,57701.1,58630.91,7692.7792,768615,3569.9246
2024-08-30 18:00:00+00:00,58630.91,59371,58625,59048,3289.8639,408938,1652.5227
2024-08-30 21:00:00+00:00,59048,59298.89,58975.4,59123.99,1142.0958,164934,561.16444
2024-08-31 00:00:00+00:00,59123.99,59462.38,59070.4,59196.5,1444.304,158016,788.95759
2024-08-31 03:00:00+00:00,59196.5,59350,59129.33,59212,772.64218,92884,393.62684
2024-08-31 06:00:00+00:00,59212.01,59264.95,58981.1,58985.01,976.19029,83686,415.95812
2024-08-31 09:00:00+00:00,58985.01,59188.9,58831.88,59120.99,1089.4269,99331,520.50217
2024-08-31 12:00:00+00:00,59120.99,59244.04,58892.15,59126,1251.6378,115311,609.88094
2024-08-31 15:00:00+00:00,59126.01,59155,58744,59013.16,1346.7952,142592,558.04102
2024-08-31 18:00:00+00:00,59013.17,59140.01,58763.29,58951.08,1076.4536,125083,477.0955
2024-08-31 21:00:00+00:00,58951.09,59141.72,58900,58973.99,840.95907,79041,431.86861
2024-09-01 00:00:00+00:00,58974,59076.59,58276.01,58540.25,1876.1189,179130,886.45488
2024-09-01 03:00:00+00:00,58540.25,58672.01,57777,57986,2825.844,231280,1221.7581
2024-09-01 06:00:00+00:00,57986,58504.81,57952,58233.99,1366.5781,163102,735.05509
2024-09-01 09:00:00+00:00,58234,58400,57840,58240.52,2132.2203,188372,959.55789
2024-09-01 12:00:00+00:00,58240.51,58320.15,57201,57879.99,4739.7886,408671,2159.522
2024-09-01 15:00:00+00:00,57879.99,58360.38,57714.35,58127.98,2265.5776,292500,1085.7642
2024-09-01 18:00:00+00:00,58127.98,58788.93,58122,58431.1,1909.6469,264918,939.48049
2024-09-01 21:00:00+00:00,58431.1,58431.1,57205,57301.86,3589.383,425207,1663.9126
2024-09-02 00:00:00+00:00,57301.77,57721,57128,57509.01,3662.8624,316076,1899.6917
2024-09-02 03:00:00+00:00,57509.01,57987.99,57445.91,57785.01,2408.2759,233063,1264.4518
2024-09-02 06:00:00+00:00,57785,58300,57362.06,58056.01,2966.1967,222192,1507.3005
2024-09-02 09:00:00+00:00,58056.01,58680.76,57901.2,58422.01,3256.4819,303584,1717.4593
2024-09-02 12:00:00+00:00,58422.01,58808,58104,58597,3301.7564,263265,1629.5635
2024-09-02 15:00:00+00:00,58597,58741.1,58293.12,58514.01,2011.1803,206161,863.24735
2024-09-02 18:00:00+00:00,58514.01,59243,58318.33,58992,2758.9925,206327,1272.2621
2024-09-02 21:00:00+00:00,58992.01,59425.69,58875.03,59132.13,2529.2685,215451,1141.2784
2024-09-03 00:00:00+00:00,59132.12,59809.65,59021.62,59311.01,2644.655,206800,1392.0494
2024-09-03 03:00:00+00:00,59311.01,59327.71,58988,59186,2044.6555,133784,943.55551
2024-09-03 06:00:00+00:00,59186,59186,58717,58789.02,2142.9451,178911,864.40639
2024-09-03 09:00:00+00:00,58789.01,59195.63,58783,59072,1577.09,152622,790.44933
2024-09-03 12:00:00+00:00,59072.01,59350,57568,57672.84,6970.3395,627819,3376.887
2024-09-03 15:00:00+00:00,57672.84,58100,57630,57698,3217.9975,416871,1615.2862
2024-09-03 18:00:00+00:00,57698,58251.09,57589.01,58228,2335.3582,292112,1197.7659
2024-09-03 21:00:00+00:00,58228.01,58238,57415,57487.73,1895.1437,199839,799.39233
2024-09-04 00:00:00+00:00,57487.74,57943.53,55606,56648.01,9115.2909,638506,3938.8763
2024-09-04 03:00:00+00:00,56648.01,56850,56201,56252.01,2931.7347,229947,1051.6484
2024-09-04 06:00:00+00:00,56252.01,56909.94,56209.99,56783.01,4271.6373,281185,2359.5911
2024-09-04 09:00:00+00:00,56783.01,56855,56453,56573,2272.8398,232147,1065.418
2024-09-04 12:00:00+00:00,56573,57581.4,56187.61,57511.1,6071.9623,641026,3083.2611
2024-09-04 15:00:00+00:00,57511.11,58519,57365,57878,7561.5652,674697,3705.0506
2024-09-04 18:00:00+00:00,57878.01,58181,57646,58048.01,2154.052,309460,1123.6359
2024-09-04 21:00:00+00:00,58048,58390,57889.81,57970.9,1181.7393,170581,534.27345
2024-09-05 00:00:00+00:00,57970.9,58327.07,57653.13,57692.99,2217.7417,259946,916.28916
2024-09-05 03:00:00+00:00,57693,57693,56891.07,57194.99,3722.2664,342517,1541.3323
2024-09-05 06:00:00+00:00,57195,57245.03,56541.68,57004,2743.1125,314827,1300.1394
2024-09-05 09:00:00+00:00,57004,57012,56623,56698.01,2197.4517,275862,1078.062
2024-09-05 12:00:00+00:00,56698.01,57350,56318,56558.01,6601.3381,844008,3292.762
2024-09-05 15:00:00+00:00,56558,56674.83,55817.51,56602.99,5715.1545,661310,2618.3238
2024-09-05 18:00:00+00:00,56603,56710,55800,56094,2854.377,417573,1423.4572
2024-09-05 21:00:00+00:00,56094,56253.44,55643.65,56180,1755.4724,252015,785.52383
2024-09-06 00:00:00+00:00,56180,56858.88,55989,56738,2449.5632,337971,1180.8487
2024-09-06 03:00:00+00:00,56738,56840.88,56295.49,56491.01,1917.8571,217814,848.79521
2024-09-06 06:00:00+00:00,56491.01,56518,55280,55783.01,5922.0325,558059,2697.2054
2024-09-06 09:00:00+00:00,55783.01,56262.11,55676.72,55999.09,2859.8142,282934,1506.0979
2024-09-06 12:00:00+00:00,55999.09,57008,54424.24,54733.24,15749.727,1433888,7094.0701
2024-09-06 15:00:00+00:00,54734,55000,53632.83,53935,11146.751,1045720,5329.782
2024-09-06 18:00:00+00:00,53935.01,53997,52650,52887.99,10168.324,962868,4538.4302
2024-09-06 21:00:00+00:00,52888,53969.99,52550,53962.97,4233.6994,448027,2129.959
2024-09-07 00:00:00+00:00,53962.97,54095.65,53745.54,53802,1908.9972,252764,877.23607
2024-09-07 03:00:00+00:00,53802,54381.1,53791.42,54185.01,1912.7139,217983,1018.9119
2024-09-07 06:00:00+00:00,54185.01,54405.37,54028.22,54370.99,3468.1695,267784,1628.0593
2024-09-07 09:00:00+00:00,54371,54492.98,54168.23,54326,1494.0023,174283,696.75208
2024-09-07 12:00:00+00:00,54326.01,54691.1,54326,54632.17,1778.5118,260541,981.35302
2024-09-07 15:00:00+00:00,54632.17,54850,54000,54134,2518.8992,339357,1151.6431
2024-09-07 18:00:00+00:00,54134,54457.82,54037,54166.01,1743.495,202278,787.01397
2024-09-07 21:00:00+00:00,54166.01,54196.64,53814.01,54160.86,1869.2589,205933,882.93738
2024-09-08 00:00:00+00:00,54160.86,54509,53964,54337.43,1589.2167,149223,798.02908
2024-09-08 03:00:00+00:00,54337.44,54575,54266.88,54344.01,1130.6326,117497,600.92413
2024-09-08 06:00:00+00:00,54344.01,54525,54261.1,54480,1286.6455,154910,643.57393
2024-09-08 09:00:00+00:00,54480,54722.85,54440,54556.08,1460.9706,155673,671.58779
2024-09-08 12:00:00+00:00,54556.08,54567,54041.61,54149.5,2055.9588,256422,929.41162
2024-09-08 15:00:00+00:00,54149.51,54519.3,53629.01,54510.01,3036.3636,323515,1510.1597
2024-09-08 18:00:00+00:00,54510,54531.1,54184,54379.02,1061.5733,155569,495.51468
2024-09-08 21:00:00+00:00,54379.01,55318,54299.89,54869.95,4652.7867,483283,2382.5599
2024-09-09 00:00:00+00:00,54869.95,55370.23,54688.69,55113,3869.503,459369,1897.6766
2024-09-09 03:00:00+00:00,55113.01,55215.74,54591.96,54668,2810.98,271850,1250.869
2024-09-09 06:00:00+00:00,54668,55341.78,54644.01,55244,2410.4518,250839,1296.8565
2024-09-09 09:00:00+00:00,55244,55555,55100,55264.87,2328.9947,235812,1169.2323
2024-09-09 12:00:00+00:00,55264.87,55799,54804,54840.01,5033.832,601473,2481.1039
2024-09-09 15:00:00+00:00,54840,56775.24,54828,56514,6878.285,685435,3633.6888
2024-09-09 18:00:00+00:00,56514,57177,56264,57007.98,4472.4583,459011,2215.8997
2024-09-09 21:00:00+00:00,57007.98,58088,56998.19,57042,4580.0125,392123,2467.5047
2024-09-10 00:00:00+00:00,57042.01,57065.34,56624.5,56775.28,2911.6569,263333,1429.6053
2024-09-10 03:00:00+00:00,56775.27,56966,56386.4,56945.45,2105.2436,181819,1016.0167
2024-09-10 06:00:00+00:00,56945.45,57378,56771.1,57046.99,2731.7212,248781,1300.1156
2024-09-10 09:00:00+00:00,57046.99,57273.52,56878.65,57228,2334.3719,235290,1132.3263
2024-09-10 12:00:00+00:00,57228.01,57468.98,56502.31,56941.09,4783.6503,645772,2291.0283
2024-09-10 15:00:00+00:00,56941.09,57380,56566,57175.96,3241.9132,564461,1713.7202
2024-09-10 18:00:00+00:00,57175.96,58044.36,57175.96,57567.89,3911.1577,513293,2038.4191
2024-09-10 21:00:00+00:00,57567.89,57870,57453,57635.99,1607.0664,190399,769.14371
2024-09-11 00:00:00+00:00,57635.99,57750,56681.32,56921.1,3809.9261,474171,1657.6465
2024-09-11 03:00:00+00:00,56921.11,56971.1,56100,56244,3419.9576,423888,1504.5227
2024-09-11 06:00:00+00:00,56244,56783.1,56174,56398,2537.8492,252044,1305.629
2024-09-11 09:00:00+00:00,56398.01,56895.82,56328.26,56797.99,3523.1254,329119,1764.2242
2024-09-11 12:00:00+00:00,56798,57166.66,55545.19,55974,8521.2231,1083666,4093.2313
2024-09-11 15:00:00+00:00,55974,57868.47,55852,57694,6683.2825,920381,3469.5296
2024-09-11 18:00:00+00:00,57694,57981.71,57325.38,57486,3390.7246,432709,1660.3532
2024-09-11 21:00:00+00:00,57486.01,57558,57211.1,57338,1140.479,129125,524.17129
2024-09-12 00:00:00+00:00,57338,58470.01,57324,57946.28,4222.4637,479199,2360.728
2024-09-12 03:00:00+00:00,57946.29,58430.56,57909.92,57968.01,2759.7127,281643,1216.7748
2024-09-12 06:00:00+00:00,57968.01,58350,57836.28,58171.06,2848.7497,283969,1375.9856
2024-09-12 09:00:00+00:00,58171.06,58250,57894,58057.99,2302.766,195019,987.9128
2024-09-12 12:00:00+00:00,58058,58588,57345.23,57541.29,7307.4685,931122,3617.1402
2024-09-12 15:00:00+00:00,57541.3,58410,57408.41,58389.1,3748.7405,616249,1875.5031
2024-09-12 18:00:00+00:00,58389.11,58450.99,57949.18,58199.99,5819.674,644314,2279.1571
2024-09-12 21:00:00+00:00,58199.99,58385.81,57781.1,58132.32,2064.8311,275249,1069.8027
2024-09-13 00:00:00+00:00,58132.31,58290.4,57876.9,58050.8,1678.0719,242371,855.46987
2024-09-13 03:00:00+00:00,58050.8,58070,57798.49,57946,1534.9313,162884,668.54752
2024-09-13 06:00:00+00:00,57946.01,58150,57742,57953.64,1730.9491,195908,767.99322
2024-09-13 09:00:00+00:00,57953.63,58350,57815,57871.1,2091.6637,262448,963.27874
2024-09-13 12:00:00+00:00,57871.1,58553.01,57632.62,58456.89,5295.3183,659161,2782.7858
2024-09-13 15:00:00+00:00,58456.89,59971.17,58362,59584,8973.0286,930716,5062.7361
2024-09-13 18:00:00+00:00,59584,59999,59478,59838.52,3044.4482,390798,1496.7096
2024-09-13 21:00:00+00:00,59838.52,60625,59822,60498,5476.8222,533726,2797.6165
2024-09-14 00:00:00+00:00,60497.99,60610.45,60285.55,60287.99,1810.1795,202147,762.30499
2024-09-14 03:00:00+00:00,60288,60431.98,59900.32,59926,2060.3994,139914,893.58295
2024-09-14 06:00:00+00:00,59926,60174,59900,59973.99,1406.4768,117283,571.84528
2024-09-14 09:00:00+00:00,59973.99,60070.21,59605.98,59706.39,1723.1202,177328,797.25572
2024-09-14 12:00:00+00:00,59706.4,60010,59626.01,59914,1401.2,170863,748.14128
2024-09-14 15:00:00+00:00,59914,59983.39,59828.07,59885.26,824.04769,119660,391.75045
2024-09-14 18:00:00+00:00,59885.26,60134.13,59400,60024.01,2188.1674,255378,1096.0317
2024-09-14 21:00:00+00:00,60024.02,60125,59936.91,59993.03,724.31811,106211,309.30863
2024-09-15 00:00:00+00:00,59993.02,60280.06,59986.01,60238.01,1061.7631,115334,526.8487
2024-09-15 03:00:00+00:00,60238.01,60238.57,60032.9,60160,817.7016,69113,322.54156
2024-09-15 06:00:00+00:00,60160,60214.34,60044,60069.99,649.05207,81463,307.26092
2024-09-15 09:00:00+00:00,60069.99,60105.74,59880,60000.51,892.7513,118809,417.84292
2024-09-15 12:00:00+00:00,60000.51,60350.98,59871,60279.52,1585.0076,217188,908.0643
2024-09-15 15:00:00+00:00,60279.51,60395.8,59707.08,59814.07,2442.4574,308456,1040.4866
2024-09-15 18:00:00+00:00,59814.07,60181.8,59691.1,59795.99,1830.0815,218261,841.38107
2024-09-15 21:00:00+00:00,59796,59797.15,58691.05,59132,4479.1091,424326,2066.8209
2024-09-16 00:00:00+00:00,59132,59210.7,58112,58263.99,4425.4708,549024,1898.6914
2024-09-16 03:00:00+00:00,58263.99,58670.01,58218,58670,2807.5029,223776,1522.6264
2024-09-16 06:00:00+00:00,58670,59179.35,58628,58924.98,2404.8199,232091,1205.8956
2024-09-16 09:00:00+00:00,58924.98,59032.2,58506,58663.99,2436.8502,270409,1180.3753
2024-09-16 12:00:00+00:00,58664,58789.93,57555,57604,5592.9498,709156,2536.9815
2024-09-16 15:00:00+00:00,57604,58263.84,57493.3,58176.01,4395.5504,502486,2307.2236
2024-09-16 18:00:00+00:00,58176,58192,57642,57687.99,2630.8389,423062,1318.4539
2024-09-16 21:00:00+00:00,57688,58410,57608,58213.99,1783.5812,235148,889.51061
2024-09-17 00:00:00+00:00,58213.99,58343.99,57610.01,58115.52,1990.8876,315021,946.37255
2024-09-17 03:00:00+00:00,58115.53,58779.08,58011.1,58642.76,1607.0874,193988,835.72678
2024-09-17 06:00:00+00:00,58642.62,58863,58450,58792,1937.5297,225998,885.17003
2024-09-17 09:00:00+00:00,58792,59300,58702.01,59080.99,2668.9408,384353,1304.9862
2024-09-17 12:00:00+00:00,59080.99,60406.18,58872.02,60265.17,8581.6233,922445,4483.4671
2024-09-17 15:00:00+00:00,60265.99,61320,60220.9,60958.37,9670.7155,913599,4839.5183
2024-09-17 18:00:00+00:00,60958.37,61075.39,59618.26,60120,5082.8825,709508,2298.0487
2024-09-17 21:00:00+00:00,60119.99,60424.25,60005.31,60313.99,1576.5918,253297,797.37031
2024-09-18 00:00:00+00:00,60313.99,60361,59854.6,60352,2171.9217,357940,1085.5475
2024-09-18 03:00:00+00:00,60352,60769,60199.68,60241.07,2845.4448,313119,1085.1175
2024-09-18 06:00:00+00:00,60241.07,60541.65,60086.54,60198.05,1438.7646,231046,643.19153
2024-09-18 09:00:00+00:00,60198.05,60198.06,59348.88,59846,3897.1621,406605,2100.1767
2024-09-18 12:00:00+00:00,59846,60160,59308.61,59487.6,4126.0649,657730,2129.0575
2024-09-18 15:00:00+00:00,59487.61,60247.69,59174.8,60013.01,3711.3792,652787,1925.3183
2024-09-18 18:00:00+00:00,60013.02,61318.6,59473.68,60230.01,14008.978,2086632,7221.479
2024-09-18 21:00:00+00:00,60230.01,61786.24,60168.04,61759.99,3887.3098,461812,2239.7092
2024-09-19 00:00:00+00:00,61759.98,62589.52,61555,62204.32,7627.1025,857641,4110.8872
2024-09-19 03:00:00+00:00,62204.32,62278,61892.1,61990.42,2048.0004,289132,974.38598
2024-09-19 06:00:00+00:00,61990.42,62197.39,61814,61932,2697.941,320914,1310.7389
2024-09-19 09:00:00+00:00,61932.01,62727.52,61892,62645.44,3017.1591,369662,1588.8153
2024-09-19 12:00:00+00:00,62645.44,63500.84,62582.14,62935.83,8863.6056,1024010,4716.1999
2024-09-19 15:00:00+00:00,62935.84,63850,62810.68,63709.22,5178.3094,795375,2701.6529
2024-09-19 18:00:00+00:00,63709.22,63776.99,62961.2,63016.74,2843.6568,524161,1236.8019
2024-09-19 21:00:00+00:00,63016.75,63168.75,62650,62947.99,2056.7513,257389,970.14748
2024-09-20 00:00:00+00:00,62948,63184.54,62606,63125.01,2441.9746,373923,1168.9081
2024-09-20 03:00:00+00:00,63125.01,64133.32,63086.95,63809.99,5342.1595,706481,2846.255
2024-09-20 06:00:00+00:00,63810,63925.32,63090.43,63298.91,3779.9774,416505,1597.2657
2024-09-20 09:00:00+00:00,63298.91,63700,63264.01,63440,2439.8099,275882,1283.1674
2024-09-20 12:00:00+00:00,63440.01,63544.37,62553.9,63037.53,5102.9939,880576,2367.2495
2024-09-20 15:00:00+00:00,63037.53,63359.99,62622.01,62704,3098.6901,705799,1560.5126
2024-09-20 18:00:00+00:00,62704.01,63030.01,62350,62814,2067.5071,410089,980.40307
2024-09-20 21:00:00+00:00,62814,63300,62809.68,63201.05,1193.2655,200041,607.56095
2024-09-21 00:00:00+00:00,63201.05,63310.37,62816.47,62917.11,1439.8817,303305,660.15667
2024-09-21 03:00:00+00:00,62917.11,63000,62758,62908.82,809.70809,136289,352.58118
2024-09-21 06:00:00+00:00,62908.82,63134,62890,63028,966.26222,122697,391.12026
2024-09-21 09:00:00+00:00,63028.01,63136,62966.01,63089.77,670.23917,97206,313.07076
2024-09-21 12:00:00+00:00,63089.76,63300,63036.92,63300,1099.0269,149806,574.10467
2024-09-21 15:00:00+00:00,63300,63400,63061.97,63279.99,1833.0514,195497,846.92999
2024-09-21 18:00:00+00:00,63279.99,63340,63132.3,63139.99,584.44758,104165,202.45365
2024-09-21 21:00:00+00:00,63139.99,63559.9,63058,63348.96,972.72908,174646,537.32025
2024-09-22 00:00:00+00:00,63348.97,63450,62830.01,62957.31,1479.6533,256385,645.25
2024-09-22 03:00:00+00:00,62957.31,63208.82,62910.05,62938.51,791.12891,129364,404.1342
2024-09-22 06:00:00+00:00,62938.52,63044.63,62838,63025.35,846.5872,126300,376.84266
2024-09-22 09:00:00+00:00,63025.35,63025.35,62544.94,62784,1555.2256,204703,678.33261
2024-09-22 12:00:00+00:00,62784,62930,62429.16,62668,1855.2986,239940,779.38474
2024-09-22 15:00:00+00:00,62668,63134,62468.01,63062.66,1791.8607,233116,1000.665
2024-09-22 18:00:00+00:00,63062.66,63315.99,62806.24,63208,1397.4527,226840,700.28277
2024-09-22 21:00:00+00:00,63208,64000,62357.93,63578.76,4524.9919,729088,2338.2817
2024-09-23 00:00:00+00:00,63578.76,63985,62538.75,63940.47,4075.224,816395,2047.5767
2024-09-23 03:00:00+00:00,63940.47,64745.88,63668.98,63754,4839.3475,656425,2652.3331
2024-09-23 06:00:00+00:00,63754,63774.4,63300,63492.01,2642.1609,356436,1218.9428
2024-09-23 09:00:00+00:00,63492,63710,63374.14,63435.04,1954.5189,257687,1024.9117
2024-09-23 12:00:00+00:00,63435.03,63806,63059.93,63394.5,4512.8678,802925,2370.5071
2024-09-23 15:00:00+00:00,63394.5,63825.96,63098.97,63318.01,3006.4602,681187,1509.3372
2024-09-23 18:00:00+00:00,63318.01,63559.08,63256,63308,1508.4696,270985,747.62423
2024-09-23 21:00:00+00:00,63308,63489,63088.69,63339.99,1539.004,157147,759.8436
2024-09-24 00:00:00+00:00,63339.99,63401.21,62700,63123.99,3448.3509,410528,1704.2443
2024-09-24 03:00:00+00:00,63124,63226.33,62898.3,63215.99,2064.6697,188502,965.34787
2024-09-24 06:00:00+00:00,63216,63948,63215.99,63851.05,2140.3949,297598,1087.3594
2024-09-24 09:00:00+00:00,63851.05,63893.51,63380,63478.34,1939.1296,317651,923.25445
2024-09-24 12:00:00+00:00,63478.35,63768,62731.1,63194.89,4769.9768,936255,2268.4047
2024-09-24 15:00:00+00:00,63194.89,64000,62999.9,63775.86,3009.8952,668753,1553.7499
2024-09-24 18:00:00+00:00,63775.54,64596.53,63540.48,64215.01,3731.7125,639105,1966.1225
2024-09-24 21:00:00+00:00,64215.02,64688,63966.66,64262.7,2080.918,411765,1054.4104
2024-09-25 00:00:00+00:00,64262.7,64817.99,63990.41,64422.52,2932.6557,469685,1531.2062
2024-09-25 03:00:00+00:00,64422.52,64461.95,64140.12,64170.63,1128.5716,219511,527.89869
2024-09-25 06:00:00+00:00,64170.63,64170.63,63645.49,63819.1,2149.8515,282123,966.78973
2024-09-25 09:00:00+00:00,63819.09,63873.5,63407.7,63838.01,2268.0512,257422,1047.7819
2024-09-25 12:00:00+00:00,63838.01,63946,63283.37,63936.5,2613.1652,637878,1211.4651
2024-09-25 15:00:00+00:00,63936.51,63999,63000,63168,3247.6506,695518,1468.7477
2024-09-25 18:00:00+00:00,63168.01,63548.24,63128.97,63505.78,1729.9992,433006,932.4991
2024-09-25 21:00:00+00:00,63505.78,63551.81,62947.08,63152.01,1743.1667,360388,698.29145
2024-09-26 00:00:00+00:00,63152.01,63400,62670,63353.99,2715.054,482862,1386.5598
2024-09-26 03:00:00+00:00,63353.99,63724.45,63304.54,63594,1272.7216,233337,616.53612
2024-09-26 06:00:00+00:00,63593.99,63892.59,63590.23,63709.5,1804.0078,248006,879.04152
2024-09-26 09:00:00+00:00,63709.5,64500,63595.67,64393.99,3635.2376,399056,1956.8659
2024-09-26 12:00:00+00:00,64393.98,65200,64150,64426.64,7627.1593,1011469,4395.5808
2024-09-26 15:00:00+00:00,64426.64,65839,64319.9,65132.54,6767.4257,1130185,3669.1163
2024-09-26 18:00:00+00:00,65132.54,65308,64646.84,64664.26,2744.8065,539498,1229.8549
2024-09-26 21:00:00+00:00,64664.26,65244,64633.52,65173.99,1806.8935,316920,908.43318
2024-09-27 00:00:00+00:00,65173.99,65349.65,64833.33,64878.12,1747.1006,286450,727.98349
2024-09-27 03:00:00+00:00,64878.13,65459.74,64819.9,65354.58,1846.1279,286264,947.35534
2024-09-27 06:00:00+00:00,65354.59,65795.63,65228,65725.99,3469.9221,503666,1678.4246
2024-09-27 09:00:00+00:00,65726,65986,65342.78,65437.35,2798.2302,420441,1454.7248
2024-09-27 12:00:00+00:00,65437.36,66498,65314.31,66242.66,5891.7489,939375,3195.9699
2024-09-27 15:00:00+00:00,66242.65,66422.79,65698,65915.61,3745.4594,658054,1826.7425
2024-09-27 18:00:00+00:00,65915.61,65968.74,65524,65804.87,1626.4414,295165,809.7732
2024-09-27 21:00:00+00:00,65804.87,65962,65683.01,65769.95,923.77447,109114,451.88329
2024-09-28 00:00:00+00:00,65769.95,66198.72,65720,66168.74,1210.0943,182807,704.97407
2024-09-28 03:00:00+00:00,66168.74,66260,65912.75,65953.8,1002.555,130447,470.74643
2024-09-28 06:00:00+00:00,65953.81,65955.24,65578.22,65635.9,1163.1199,169412,440.02779
2024-09-28 09:00:00+00:00,65635.9,65800,65453,65798.01,1211.7801,181298,593.83518
2024-09-28 12:00:00+00:00,65798.01,65816,65422.23,65720.74,1297.1073,203179,621.58015
2024-09-28 15:00:00+00:00,65720.73,65722.7,65492.59,65633.2,996.67261,182472,447.61068
2024-09-28 18:00:00+00:00,65633.2,65823.08,65633.2,65645.99,1302.8858,113629,743.33735
2024-09-28 21:00:00+00:00,65646,65982.16,65432,65858,943.01811,178459,479.11369
2024-09-29 00:00:00+00:00,65858,65984,65647.28,65824,997.04177,181345,501.18136
2024-09-29 03:00:00+00:00,65824,65827.99,65518,65594.01,708.57638,110334,273.78398
2024-09-29 06:00:00+00:00,65594,65620,65432,65559.91,1137.3498,159697,645.47526
2024-09-29 09:00:00+00:00,65559.91,65720,65470.67,65691.92,658.44147,100040,358.36785
2024-09-29 12:00:00+00:00,65691.92,65850,65576.21,65694.07,1359.2135,193959,600.15824
2024-09-29 15:00:00+00:00,65694.07,65960.01,65584.71,65818.01,1279.0255,200936,675.95977
2024-09-29 18:00:00+00:00,65818.01,66076.12,65750,65812,948.75714,178416,501.74001
2024-09-29 21:00:00+00:00,65812.01,65973.16,65528,65602.01,1249.3356,288722,576.27133
2024-09-30 00:00:00+00:00,65602.01,65618.8,64335.36,64376.01,4230.9986,630814,1817.0912
2024-09-30 03:00:00+00:00,64376.01,64580.34,64190,64525.99,3043.1424,334332,1500.8641
2024-09-30 06:00:00+00:00,64526,64750.01,64000,64311.58,3592.6728,349991,1572.1513
2024-09-30 09:00:00+00:00,64311.58,64311.59,63249.68,63819.44,5678.3805,704551,2650.659
2024-09-30 12:00:00+00:00,63819.45,64161.08,63571.28,63740.72,3613.4548,637658,1811.3981
2024-09-30 15:00:00+00:00,63740.72,63999.5,63372.69,63696,3675.4039,550579,2041.2032
2024-09-30 18:00:00+00:00,63696,63860,63056,63809.99,3902.3099,472573,2116.8594
2024-09-30 21:00:00+00:00,63810,63831.63,62856.3,63327.59,2274.7246,298086,941.70423
2024-10-01 00:00:00+00:00,63327.6,63639.86,63006.7,63443.76,3057.1392,502186,1405.621
2024-10-01 03:00:00+00:00,63443.76,63899.99,63430,63749.99,2417.2576,295616,1478.3249
2024-10-01 06:00:00+00:00,63750,64130.63,63750,63956,2894.5125,262189,1865.725
2024-10-01 09:00:00+00:00,63955.99,64118,63707.89,63734,2256.1825,218532,1239.5898
2024-10-01 12:00:00+00:00,63734.01,63809.97,62448.01,62598,7698.0552,1154066,3557.0852
2024-10-01 15:00:00+00:00,62598,62821.76,61092,62151.99,13904.021,1792215,6169.7312
2024-10-01 18:00:00+00:00,62152,62440,60164,60809.02,8162.2794,985000,3683.9286
2024-10-01 21:00:00+00:00,60809.03,61214.73,60630.01,60805.78,3282.0338,397265,1551.739
2024-10-02 00:00:00+00:00,60804.92,61822.62,60733.81,61782.89,3343.9002,531303,1956.6195
2024-10-02 03:00:00+00:00,61782.89,61883,61350,61489.71,2311.0636,363845,1163.7762
2024-10-02 06:00:00+00:00,61489.71,61940,61359.9,61806.01,1993.5195,370583,1009.8083
2024-10-02 09:00:00+00:00,61806.01,61817.76,60888.88,61164.01,3292.3574,641349,1315.5572
2024-10-02 12:00:00+00:00,61164.01,61672,60524.21,61077.78,6050.7558,1202554,3050.4309
2024-10-02 15:00:00+00:00,61077.77,62390.31,61059.9,61628.01,4186.2616,955086,2205.6027
2024-10-02 18:00:00+00:00,61628.01,61691,60000,60924,8559.3679,1020405,4059.4118
2024-10-02 21:00:00+00:00,60923.99,60952,60438,60649.28,1797.4752,228085,958.11854
2024-10-03 00:00:00+00:00,60649.27,61274,60536,61185.17,2984.0803,607584,1705.4644
2024-10-03 03:00:00+00:00,61185.18,61477.19,61092,61176.01,1946.9144,287057,949.67693
2024-10-03 06:00:00+00:00,61176,61424.25,60138,60354,3883.1004,529894,1649.5084
2024-10-03 09:00:00+00:00,60354,61070.47,60126.56,60764.74,2601.5332,551456,1296.4595
2024-10-03 12:00:00+00:00,60764.73,60900,59828.11,60172.01,6970.6328,1508971,3464.6261
2024-10-03 15:00:00+00:00,60172.01,60781.53,59917.02,60632,4464.3213,1173418,2281.5224
2024-10-03 18:00:00+00:00,60632,61100,60531.85,60773.99,2156.7459,390997,1003.002
2024-10-03 21:00:00+00:00,60774,60984,60596.4,60752.71,1214.1065,194627,556.25501
2024-10-04 00:00:00+00:00,60752.72,61272.73,60459.9,61036.14,2138.1676,572647,1130.045
2024-10-04 03:00:00+00:00,61036.15,61238,60890,61224.34,1023.7273,210939,505.26385
2024-10-04 06:00:00+00:00,61224.34,61646.27,61068,61449.73,2473.0515,316759,1403.4991
2024-10-04 09:00:00+00:00,61449.73,61586,61266.42,61449.84,1536.3208,259374,636.56836
2024-10-04 12:00:00+00:00,61449.84,62004.48,60753.97,61239.99,6927.3984,1190922,3376.1664
2024-10-04 15:00:00+00:00,61240,62340,61224,61983.32,4166.5952,747221,2263.3801
2024-10-04 18:00:00+00:00,61983.32,62484.85,61909.09,62407.69,1961.9453,347322,915.16089
2024-10-04 21:00:00+00:00,62407.7,62463.54,61965.14,62086,1067.4537,153447,459.26117
2024-10-05 00:00:00+00:00,62086,62214,61794.62,61812,1091.247,153635,512.84663
2024-10-05 03:00:00+00:00,61812.01,62157.14,61689.26,62149.47,890.49263,153678,511.79301
2024-10-05 06:00:00+00:00,62149.48,62268.28,62076.19,62151.52,849.18806,115065,456.8736
2024-10-05 09:00:00+00:00,62151.52,62326.48,62146.16,62180,1235.3258,103879,632.25851
2024-10-05 12:00:00+00:00,62179.99,62370.56,62100,62196.01,1092.0833,152291,476.49852
2024-10-05 15:00:00+00:00,62196,62220,61908,62016.01,1006.361,159290,382.56272
2024-10-05 18:00:00+00:00,62016.01,62050,61700,61723.38,987.54372,187373,386.77742
2024-10-05 21:00:00+00:00,61723.39,62100,61706,62058,655.21993,157964,330.94495
2024-10-06 00:00:00+00:00,62058.01,62150,61888.46,61966.01,638.35968,132051,337.83796
2024-10-06 03:00:00+00:00,61966.01,62020,61798.97,61938.51,668.8317,112860,287.42005
2024-10-06 06:00:00+00:00,61938.51,62070,61879.92,61989.81,725.9329,92172,362.50705
2024-10-06 09:00:00+00:00,61989.81,62176.75,61976.52,62101.92,693.3698,94365,381.05416
2024-10-06 12:00:00+00:00,62101.92,62777,62065.31,62715.99,2151.9842,259003,1256.9467
2024-10-06 15:00:00+00:00,62716,62927.87,62444,62591.2,1984.5524,327954,1138.8165
2024-10-06 18:00:00+00:00,62591.2,62975,62585,62620.62,827.62751,227014,438.92682
2024-10-06 21:00:00+00:00,62620.62,62912.33,62302,62819.91,1216.2035,311134,594.79006
2024-10-07 00:00:00+00:00,62819.91,63970.19,62657.44,63637.29,3813.716,634436,2049.4257
2024-10-07 03:00:00+00:00,63637.29,63769.84,63300.48,63380.01,1437.456,198986,644.54419
2024-10-07 06:00:00+00:00,63380,63753.91,63312,63554.62,1849.7217,258903,829.05639
2024-10-07 09:00:00+00:00,63554.62,63554.63,62649.95,63135.44,3927.3437,533484,2064.5291
2024-10-07 12:00:00+00:00,63135.45,64478.19,62825.37,63991.89,6106.3702,1027941,3146.2669
2024-10-07 15:00:00+00:00,63991.89,63995,63427.96,63819.99,3040.7629,792567,1452.2516
2024-10-07 18:00:00+00:00,63820,63822.49,62735.9,63020,3007.0551,787692,1287.4466
2024-10-07 21:00:00+00:00,63020,63374,62128,62224,2783.7596,575333,1287.2137
2024-10-08 00:00:00+00:00,62224.01,62789.65,62156.02,62785.78,2285.1973,462071,1273.7455
2024-10-08 03:00:00+00:00,62785.79,62820,62305.78,62517.35,1760.6269,296342,733.74659
2024-10-08 06:00:00+00:00,62517.35,62531.52,62005,62409.46,2127.0538,368104,922.82883
2024-10-08 09:00:00+00:00,62409.46,62670.16,62301.14,62624.01,1416.1374,277824,786.33526
2024-10-08 12:00:00+00:00,62624.02,63200,62157.46,62778,4429.0823,859797,2218.0464
2024-10-08 15:00:00+00:00,62778,62850.24,61864.89,62393.94,4154.4276,809669,1943.932
2024-10-08 18:00:00+00:00,62393.94,62534,61860.31,62400.02,2390.932,488538,1168.0413
2024-10-08 21:00:00+00:00,62400.02,62565.95,62026.13,62160.49,1138.7665,236093,567.69363
2024-10-09 00:00:00+00:00,62160.5,62494,62002.5,62264.01,1714.1356,389231,812.81413
2024-10-09 03:00:00+00:00,62264,62542.06,62150.09,62524.09,1641.7622,205544,940.38852
2024-10-09 06:00:00+00:00,62524.09,62543.75,62046.69,62149.99,1503.6224,236358,751.98397
2024-10-09 09:00:00+00:00,62150,62275.37,62051.27,62200,1119.4106,178955,527.22239
2024-10-09 12:00:00+00:00,62199.99,62225.99,61634.61,61872.99,3794.2414,695765,1801.1943
2024-10-09 15:00:00+00:00,61872.99,62412.09,61666.98,61748,3374.0834,720376,1582.178
2024-10-09 18:00:00+00:00,61748,61818.19,60301,60420.01,4975.8095,858031,2164.223
2024-10-09 21:00:00+00:00,60420.01,60958,60362.01,60636.02,1888.0917,384103,874.69741
2024-10-10 00:00:00+00:00,60636.01,60937.99,60355,60882.08,2351.1375,413266,1174.3642
2024-10-10 03:00:00+00:00,60882.08,61052,60814.9,60941.48,1037.9066,188816,479.10123
2024-10-10 06:00:00+00:00,60941.48,61149.58,60784.75,60815.7,1561.0956,251749,641.37952
2024-10-10 09:00:00+00:00,60815.71,61321.68,60630.71,61262,1964.4838,350733,1054.4804
2024-10-10 12:00:00+00:00,61262.01,61320,60513.44,60593.95,3718.3637,832618,1683.3068
2024-10-10 15:00:00+00:00,60593.95,61030.31,59561.51,59611.01,5184.1804,731014,1828.9824
2024-10-10 18:00:00+00:00,59611,60026.08,58946,59799.83,5948.3599,829561,2708.0768
2024-10-10 21:00:00+00:00,59799.83,60329.27,59692.79,60326.39,2202.3973,274820,1258.0813
2024-10-11 00:00:00+00:00,60326.4,60768.64,60087.64,60553.31,2045.361,327249,1049.2736
2024-10-11 03:00:00+00:00,60553.32,60770,60553.31,60600,1041.2284,191490,497.07286
2024-10-11 06:00:00+00:00,60600.01,60925.16,60600,60669.39,1767.4432,192724,889.19433
2024-10-11 09:00:00+00:00,60669.39,61263.4,60654.05,61174.87,2350.197,238932,1221.6319
2024-10-11 12:00:00+00:00,61174.88,61950,61129.72,61753.65,4853.9858,825060,2451.0822
2024-10-11 15:00:00+00:00,61753.65,62934.8,61753.65,62918,5360.5083,667470,2861.0456
2024-10-11 18:00:00+00:00,62918,63417.56,62714,62993.68,3770.1368,491394,1909.1686
2024-10-11 21:00:00+00:00,62993.68,63160,62357.7,62540,2452.4916,287861,1221.0984
2024-10-12 00:00:00+00:00,62539.99,63073.78,62500,62554.97,2038.8418,270607,969.94229
2024-10-12 03:00:00+00:00,62554.98,62800,62487.23,62778.01,1151.0947,128002,501.45286
2024-10-12 06:00:00+00:00,62778,62783.06,62645.73,62725.58,738.98057,105187,300.55769
2024-10-12 09:00:00+00:00,62725.59,63260.53,62672.34,62936.91,1779.851,209614,929.42861
2024-10-12 12:00:00+00:00,62936.91,63400,62824.03,63234.99,1679.3972,313573,873.91666
2024-10-12 15:00:00+00:00,63235,63480,63048,63103.47,1824.6011,333566,819.86077
2024-10-12 18:00:00+00:00,63103.46,63177.64,62911,63043.29,932.18656,213358,363.70886
2024-10-12 21:00:00+00:00,63043.29,63388,63043.28,63206.22,766.34822,196930,438.04921
2024-10-13 00:00:00+00:00,63206.23,63285.72,62700,62867.2,1707.3868,212160,789.67188
2024-10-13 03:00:00+00:00,62867.2,62964,62654.91,62853.92,655.22824,117970,323.40921
2024-10-13 06:00:00+00:00,62853.91,62990,62729.81,62809.99,1089.0341,142951,537.82789
2024-10-13 09:00:00+00:00,62809.99,62867.57,62520.18,62561.33,1576.4183,232922,684.50318
2024-10-13 12:00:00+00:00,62561.34,62818,62200,62249.6,1646.7311,308898,784.49042
2024-10-13 15:00:00+00:00,62249.6,62887.78,62050,62515.59,2707.71,464584,1415.9331
2024-10-13 18:00:00+00:00,62515.58,62762.92,62314.13,62762.91,978.91821,318315,524.43897
2024-10-13 21:00:00+00:00,62762.92,63125,62630,62870.02,1547.7933,444729,794.77148
2024-10-14 00:00:00+00:00,62870.02,62898.43,62457.81,62614,1266.277,399432,627.45501
2024-10-14 03:00:00+00:00,62614,64500,62612,63941.54,7769.2424,852703,4156.491
2024-10-14 06:00:00+00:00,63941.54,64860,63801.89,64427.99,4038.6678,494635,2172.6887
2024-10-14 09:00:00+00:00,64427.99,65188.57,64340.98,64920.06,4007.5516,657463,2179.2591
2024-10-14 12:00:00+00:00,64920.05,66299.93,64660.56,65922,8545.3581,1042084,4760.0885
2024-10-14 15:00:00+00:00,65922,66111.16,65459,65640.01,5798.0857,685504,2671.2958
2024-10-14 18:00:00+00:00,65640,66072.3,65579.9,65925.97,2953.0309,521083,1411.3853
2024-10-14 21:00:00+00:00,65925.98,66500,65730,66083.99,3291.7387,324673,1962.4556
2024-10-15 00:00:00+00:00,66084,66330,65706.01,65759.99,2466.4255,422803,1096.4572
2024-10-15 03:00:00+00:00,65759.99,65760,65201,65363.24,2498.6593,370399,1105.9007
2024-10-15 06:00:00+00:00,65363.25,65850,65285.24,65754,2494.7064,267479,1102.0616
2024-10-15 09:00:00+00:00,65753.99,65785.33,65280,65399.69,3233.0567,464629,1630.1701
2024-10-15 12:00:00+00:00,65399.68,67950,65150.01,65376,15174.556,1634782,8097.0772
2024-10-15 15:00:00+00:00,65376.01,67218,64800.01,66808.01,10576.836,1823786,5448.2416
2024-10-15 18:00:00+00:00,66808,67390.89,66391.65,66469.41,4574.0134,879618,2065.3152
2024-10-15 21:00:00+00:00,66469.41,67156.47,66130.64,67074.14,2665.701,382123,1275.4584
2024-10-16 00:00:00+00:00,67074.14,67561.04,66750.49,67280.01,2798.0336,619467,1363.9945
2024-10-16 03:00:00+00:00,67280.01,67361.41,66885.05,67218.74,2181.4151,377511,948.90311
2024-10-16 06:00:00+00:00,67218.74,67300,66775.67,67129.82,2738.3906,521325,1263.7985
2024-10-16 09:00:00+00:00,67129.82,68424,67087.26,67894.72,7532.0841,761424,4400.9465
2024-10-16 12:00:00+00:00,67894.73,68308.91,67117.18,67671.91,7941.7437,1352882,3938.6427
2024-10-16 15:00:00+00:00,67671.91,68100,67391.01,67942,3559.5777,947145,1907.4077
2024-10-16 18:00:00+00:00,67942,68064,67630,67630.01,2011.0771,350297,838.46389
2024-10-16 21:00:00+00:00,67630.01,67860,67500,67620.01,1175.9335,179634,550.71709
2024-10-17 00:00:00+00:00,67620,67939.4,67406.99,67472.01,2025.1381,384434,931.94452
2024-10-17 03:00:00+00:00,67472.01,67700,67260,67340.82,1683.6364,235352,717.85469
2024-10-17 06:00:00+00:00,67340.81,67504.49,67087.35,67450,3093.271,391002,1341.2736
2024-10-17 09:00:00+00:00,67450,67530.01,66741.09,66872.43,4095.3449,596587,1576.027
2024-10-17 12:00:00+00:00,66872.44,67354.94,66666,67123.8,5027.9072,1061824,2625.6517
2024-10-17 15:00:00+00:00,67123.8,67680,66925.06,67290,4513.9389,667494,2488.6855
2024-10-17 18:00:00+00:00,67290,67308.82,66720,66940,2935.366,425246,1292.5516
2024-10-17 21:00:00+00:00,66940,67480,66940,67421.78,1953.6262,220021,1179.9584
2024-10-18 00:00:00+00:00,67421.78,68260.92,67192.36,68103.99,3837.3816,634338,2107.3106
2024-10-18 03:00:00+00:00,68104,68108.58,67522,68000.79,2316.5159,306746,958.38329
2024-10-18 06:00:00+00:00,68000.79,68378.95,67830,67922.45,3739.2032,371146,1554.6595
2024-10-18 09:00:00+00:00,67922.44,68045.55,67674.98,67702,2963.0764,298379,1112.676
2024-10-18 12:00:00+00:00,67702,68600,67642.71,68426.98,5810.4439,920577,3337.8891
2024-10-18 15:00:00+00:00,68426.99,68908.05,68293.04,68710.14,5958.624,848105,3308.0839
2024-10-18 18:00:00+00:00,68710.13,69000,68400,68432,2981.5895,443216,1324.8909
2024-10-18 21:00:00+00:00,68431.99,68495.45,68204.1,68428,1118.8004,188462,514.28521
2024-10-19 00:00:00+00:00,68427.99,68480,68303.03,68459.59,908.75716,153514,450.61298
2024-10-19 03:00:00+00:00,68459.58,68693.26,68326,68390.01,1015.2004,174050,473.07251
2024-10-19 06:00:00+00:00,68390.01,68475.7,68302.31,68409.99,949.01993,122057,482.29266
2024-10-19 09:00:00+00:00,68410,68436.44,68090.3,68090.3,1272.7948,140333,480.80319
2024-10-19 12:00:00+00:00,68090.3,68350,68088,68300.01,927.20925,150837,488.31179
2024-10-19 15:00:00+00:00,68300,68338,68010,68121.99,992.58907,168522,401.07097
2024-10-19 18:00:00+00:00,68121.99,68277.96,68094.4,68245.18,965.04202,88816,611.46471
2024-10-19 21:00:00+00:00,68245.18,68413.96,68203.18,68378,1163.0548,154299,683.56746
2024-10-20 00:00:00+00:00,68377.99,68446,68114.43,68177.01,875.35775,142182,441.38042
2024-10-20 03:00:00+00:00,68177.01,68316,68100,68214,593.42758,89474,291.90762
2024-10-20 06:00:00+00:00,68213.99,68500,68176.26,68394,1481.7046,106175,975.84585
2024-10-20 09:00:00+00:00,68393.99,68458.3,68355,68420.01,675.69407,82864,333.75977
2024-10-20 12:00:00+00:00,68420.01,68772.7,68198.22,68637.99,2371.9096,262032,1202.0539
2024-10-20 15:00:00+00:00,68638,68687.99,68366,68562,1315.3446,185563,630.55938
2024-10-20 18:00:00+00:00,68562.01,68900,68461.93,68781.98,957.90998,147341,501.69927
2024-10-20 21:00:00+00:00,68781.98,69400,68600,69031.99,4171.1256,548164,2395.7196
2024-10-21 00:00:00+00:00,69032,69519.52,68709.87,68710,3321.2529,457518,1969.9939
2024-10-21 03:00:00+00:00,68709.99,69185.18,68588.51,68979.97,1841.1687,241298,896.15517
2024-10-21 06:00:00+00:00,68979.96,69146.51,68290.04,68301.46,2546.8197,367236,1000.6082
2024-10-21 09:00:00+00:00,68301.47,68482.87,68119.01,68238.01,3217.3675,372270,1370.017
2024-10-21 12:00:00+00:00,68238,68328.68,67020,67268,9957.7866,891575,3291.4274
2024-10-21 15:00:00+00:00,67268,67669.62,66840.67,67526.01,5879.8508,679223,3030.6056
2024-10-21 18:00:00+00:00,67526,67941.17,67035.04,67749.99,3012.5738,435606,1468.1905
2024-10-21 21:00:00+00:00,67750,67933.79,67366.66,67377.5,1597.6019,242051,566.61068
2024-10-22 00:00:00+00:00,67377.5,67694.92,66571.42,67317.23,3978.9681,582482,1846.5608
2024-10-22 03:00:00+00:00,67317.23,67642.23,67278.02,67579.99,1543.0555,187373,715.88895
2024-10-22 06:00:00+00:00,67579.99,67800,66900,66934.07,3251.2568,340115,1529.0958
2024-10-22 09:00:00+00:00,66934.08,67526.67,66740,67299.15,4292.5732,507759,2202.1835
2024-10-22 12:00:00+00:00,67299.15,67686.67,66644.18,67559.03,5078.183,978513,2565.2278
2024-10-22 15:00:00+00:00,67559.03,67693.34,66920,67331.58,3076.7556,587032,1550.8493
2024-10-22 18:00:00+00:00,67331.58,67635.72,67246.79,67532,2155.5805,305493,1409.0336
2024-10-22 21:00:00+00:00,67532,67836.01,67292,67426,1222.59,180524,581.67885
2024-10-23 00:00:00+00:00,67426.01,67472.83,67068.28,67096,1552.791,296153,655.34826
2024-10-23 03:00:00+00:00,67095.99,67249.84,66890,67087.06,1499.564,252423,688.67454
2024-10-23 06:00:00+00:00,67087.06,67302.83,66415.62,66530,2778.5334,390652,1246.5377
2024-10-23 09:00:00+00:00,66530,66643.5,66200,66414,3244.3695,427689,1375.0817
2024-10-23 12:00:00+00:00,66414,66910.15,66105,66490,4151.3868,656917,1998.6553
2024-10-23 15:00:00+00:00,66489.99,66492,65637,65723.32,5976.7792,935339,2794.3284
2024-10-23 18:00:00+00:00,65723.31,66680,65260,66669,4902.4307,632742,2487.462
2024-10-23 21:00:00+00:00,66668.99,66807.37,66351.58,66668.65,1424.3861,215450,642.25191
2024-10-24 00:00:00+00:00,66668.65,67612.12,66510,67459.63,3562.6885,566011,1952.2252
2024-10-24 03:00:00+00:00,67459.63,67479.55,67210.26,67364,1456.1317,211977,606.48165
2024-10-24 06:00:00+00:00,67364.01,67475,66850,66852.87,1852.1083,325496,777.95915
2024-10-24 09:00:00+00:00,66852.88,67322.26,66700,67285.99,2994.0258,390472,1061.3589
2024-10-24 12:00:00+00:00,67286,67998,67262,67786.27,4313.0887,875979,2263.0094
2024-10-24 15:00:00+00:00,67786.27,67972,67350.01,67653.44,2921.5528,597563,1751.4608
2024-10-24 18:00:00+00:00,67653.45,68341.64,67627.5,68196,3286.2905,414229,1965.2482
2024-10-24 21:00:00+00:00,68196,68850,68055.75,68198.28,2203.9524,415735,1124.8419
2024-10-25 00:00:00+00:00,68198.27,68286.56,67836,68066.99,1589.7226,324802,678.26516
2024-10-25 03:00:00+00:00,68066.99,68234.34,67574.92,67757.21,1959.8664,251459,738.07507
2024-10-25 06:00:00+00:00,67757.21,67860,67250,67658.5,2724.6534,327592,1315.1451
2024-10-25 09:00:00+00:00,67658.49,68183.78,67524.91,68105.79,2501.0689,363320,1417.1311
2024-10-25 12:00:00+00:00,68105.79,68771.49,67737.61,68311.31,3918.1873,783907,1919.5213
2024-10-25 15:00:00+00:00,68311.3,68543.3,66770.7,66836.01,6310.5296,1123117,2683.1534
2024-10-25 18:00:00+00:00,66836,67585.87,66006.6,66937.99,9711.4702,1308922,4626.8699
2024-10-25 21:00:00+00:00,66938,67392.52,65596.29,66698.33,5764.2128,849474,2652.8711
2024-10-26 00:00:00+00:00,66698.32,67050.2,66439.9,66847.18,3109.7558,665558,1621.5739
2024-10-26 03:00:00+00:00,66847.19,67223.92,66700,67132,1517.2466,282753,739.35073
2024-10-26 06:00:00+00:00,67131.99,67240.02,66995.61,67134.65,905.29997,201017,380.95691
2024-10-26 09:00:00+00:00,67134.65,67264.34,66953.02,67138,1273.4432,221165,665.36027
2024-10-26 12:00:00+00:00,67138,67180,66744,66797.99,1970.5449,346807,985.42121
2024-10-26 15:00:00+00:00,66797.99,67140,66762.57,67062,1538.5092,299769,883.39417
2024-10-26 18:00:00+00:00,67062.01,67454.55,67027.14,67265.46,890.5805,221650,539.49687
2024-10-26 21:00:00+00:00,67265.46,67272,67084,67092.76,637.52758,134782,253.63575
2024-10-27 00:00:00+00:00,67092.76,67127.49,66913.73,67054,635.20611,159513,310.77707
2024-10-27 03:00:00+00:00,67054,67325.46,67000,67181.82,750.68542,151838,460.3275
2024-10-27 06:00:00+00:00,67181.81,67266.49,67128,67226,474.5804,88314,210.21069
2024-10-27 09:00:00+00:00,67226,67226,67036.85,67128.04,883.95181,144040,378.24234
2024-10-27 12:00:00+00:00,67128.03,67776.99,67121.45,67695.99,1624.6102,366320,897.51167
2024-10-27 15:00:00+00:00,67696,68000,67662,67759.7,1418.5675,279692,708.91177
2024-10-27 18:00:00+00:00,67759.7,67921.26,67540.88,67762.01,936.5,225603,414.7007
2024-10-27 21:00:00+00:00,67762,68332.05,67740.1,68021.7,1929.0945,356669,1037.0545
2024-10-28 00:00:00+00:00,68021.69,68116.78,67677.77,67803.99,1298.5925,338290,645.22776
2024-10-28 03:00:00+00:00,67804,67991.28,67618,67909.85,1294.6006,250784,499.35249
2024-10-28 06:00:00+00:00,67909.85,68680,67800,68328,3044.5527,458211,1423.0134
2024-10-28 09:00:00+00:00,68328,68833.57,68238.81,68753.78,2008.0633,316064,988.00724
2024-10-28 12:00:00+00:00,68753.78,69280,68590,68840,6142.9078,993550,3240.9182
2024-10-28 15:00:00+00:00,68840,69208.43,68426.67,68984,4088.8999,829567,1918.655
2024-10-28 18:00:00+00:00,68984,69900,68846,69644.56,6186.3773,704200,3438.1159
2024-10-28 21:00:00+00:00,69644.57,70270,69518.35,69962.21,4982.7605,541780,3065.0598
2024-10-29 00:00:00+00:00,69962.21,71587.88,69760,71190.05,7612.5726,924248,4681.4558
2024-10-29 03:00:00+00:00,71190.05,71430.96,70885.02,71039.99,3908.0728,392509,2047.6738
2024-10-29 06:00:00+00:00,71039.99,71370,70837.83,71134.01,4011.9605,390190,1924.7591
2024-10-29 09:00:00+00:00,71134,71578.95,71078.67,71452.01,3452.6308,317915,1799.531
2024-10-29 12:00:00+00:00,71452.02,71983,70929,71867.09,7178.6896,900310,3895.9307
2024-10-29 15:00:00+00:00,71867.1,72990,71654.01,72721.5,11603.48,1166505,6340.6038
2024-10-29 18:00:00+00:00,72721.49,73620.12,71864.65,72336.22,9618.8954,1167732,4834.7205
2024-10-29 21:00:00+00:00,72336.22,72978.9,72192.03,72736.42,2742.3042,386021,1373.7904
2024-10-30 00:00:00+00:00,72736.41,72785.72,72000.01,72342.99,2648.8045,387516,1242.1539
2024-10-30 03:00:00+00:00,72342.99,72513.03,72171.47,72498,2544.8861,214896,1196.2982
2024-10-30 06:00:00+00:00,72498,72610,72100,72241.35,2192.312,265498,916.73782
2024-10-30 09:00:00+00:00,72241.35,72604.97,71926.82,71983.99,2482.8547,390853,1299.8028
2024-10-30 12:00:00+00:00,71984,72470,71436,72411.79,6188.7048,1112389,3262.2412
2024-10-30 15:00:00+00:00,72411.79,72440,71641.77,71894.72,3395.7753,731805,1686.1553
2024-10-30 18:00:00+00:00,71894.73,72857.15,71644.19,72857.14,4811.6648,632854,2608.5521
2024-10-30 21:00:00+00:00,72857.14,72961,72112.7,72344.74,2620.9881,304923,1275.273
2024-10-31 00:00:00+00:00,72344.75,72588,72030.08,72553.01,2372.3552,362198,1210.9969
2024-10-31 03:00:00+00:00,72553.01,72599.99,72207.85,72282,1580.463,197891,684.9365
2024-10-31 06:00:00+00:00,72282.01,72478,72149.79,72276.05,1975.6994,235995,995.26622
2024-10-31 09:00:00+00:00,72276.06,72700,72222,72226,2457.086,328666,1218.0284
2024-10-31 12:00:00+00:00,72226,72276,70624.01,70752.02,7738.9045,1222122,3589.3985
2024-10-31 15:00:00+00:00,70752.01,71060,70355.93,70785.28,6010.0956,926352,3076.3839
2024-10-31 18:00:00+00:00,70785.28,70787.88,69685.76,70026.73,4740.4202,866695,2209.1712
2024-10-31 21:00:00+00:00,70026.74,70654.76,69856.04,70292.01,2477.0792,385623,1220.9571
2024-11-01 00:00:00+00:00,70292.01,70470,68830,69579.89,5814.269,765964,2550.0659
2024-11-01 03:00:00+00:00,69579.89,69714.45,69334,69609.29,2034.1265,298679,932.80927
2024-11-01 06:00:00+00:00,69609.28,69699.14,69080,69376.1,3610.2395,435687,1664.301
2024-11-01 09:00:00+00:00,69376.1,70228,69324,70002.01,3376.2082,378523,1891.5542
2024-11-01 12:00:00+00:00,70002.01,71632.95,69897.02,71271.17,8174.3267,881135,4014.6598
2024-11-01 15:00:00+00:00,71271.17,71360,69044,69586.01,9541.6627,1217427,4276.3163
2024-11-01 18:00:00+00:00,69586.01,69636.37,68820.14,69248.95,4312.1802,407425,2029.008
2024-11-01 21:00:00+00:00,69248.95,69627,68854.5,69496.01,1438.8547,184431,685.44788
2024-11-02 00:00:00+00:00,69496,69914.37,69479.91,69661.96,1577.7835,189732,829.76831
2024-11-02 03:00:00+00:00,69661.95,69787.74,69446,69710,922.34432,158827,458.81787
2024-11-02 06:00:00+00:00,69709.99,69838.62,69576.32,69630.95,988.05344,148162,468.44859
2024-11-02 09:00:00+00:00,69630.95,69701.68,69417.88,69608,978.54609,169576,428.43999
2024-11-02 12:00:00+00:00,69608,69711.59,69000.14,69263.48,2676.6474,411511,1334.7639
2024-11-02 15:00:00+00:00,69263.49,69616,69139.9,69401.99,1605.6151,246001,867.88535
2024-11-02 18:00:00+00:00,69401.99,69571.99,69215,69540,829.83626,150906,444.63087
2024-11-02 21:00:00+00:00,69539.99,69560,69149,69374.74,942.84628,128846,394.75228
2024-11-03 00:00:00+00:00,69374.74,69391,67864.16,68214.91,4897.0557,623948,1905.7794
2024-11-03 03:00:00+00:00,68214.91,68696.97,68018.79,68432,2038.2183,365820,1054.4291
2024-11-03 06:00:00+00:00,68432,68771.58,68299.62,68480.01,1587.0902,231342,819.30465
2024-11-03 09:00:00+00:00,68480.01,68589.5,68200.01,68358.86,1746.4903,283678,966.40128
2024-11-03 12:00:00+00:00,68358.86,68560,67588.61,67777,4160.0019,613292,1834.701
2024-11-03 15:00:00+00:00,67776.99,68547.98,67478.73,68359.98,4741.3844,768464,2618.0571
2024-11-03 18:00:00+00:00,68359.98,68979.76,67667.21,68970.07,3018.9526,424136,1609.7691
2024-11-03 21:00:00+00:00,68970.06,69358,68492.82,68775.99,2806.5089,357349,1469.1401
2024-11-04 00:00:00+00:00,68775.99,69338.58,68240.61,69305.56,2766.8711,664063,1471.3618
2024-11-04 03:00:00+00:00,69305.55,69500,68699.9,68820.01,2043.9477,442093,1054.6858
2024-11-04 06:00:00+00:00,68820.01,69175.97,68470,68699.99,2279.5532,439011,1205.8559
2024-11-04 09:00:00+00:00,68699.98,69036,68480.01,68792.71,2256.3867,533797,1032.1999
2024-11-04 12:00:00+00:00,68792.72,69264.52,68202.99,68394.01,4742.6766,821793,2380.4605
2024-11-04 15:00:00+00:00,68394.01,68814.32,67251.5,67830,6709.4673,1018645,3366.2571
2024-11-04 18:00:00+00:00,67830,68100,67316,67348,3386.9469,669663,1744.0847
2024-11-04 21:00:00+00:00,67347.99,68106.07,66835,67850.01,5614.5423,787983,2672.3351
2024-11-05 00:00:00+00:00,67850.01,68180,67476.63,67880.77,2986.2934,573100,1533.9045
2024-11-05 03:00:00+00:00,67880.78,68796.88,67880,68741.5,2350.8504,389768,1293.2546
2024-11-05 06:00:00+00:00,68741.5,69050,68565.99,69038.01,2636.4437,427826,1402.5551
2024-11-05 09:00:00+00:00,69038,69100,68615.11,68810.03,2290.5378,359125,1023.5726
2024-11-05 12:00:00+00:00,68810.03,70325.06,68666,69964,6101.6301,858361,3302.6984
2024-11-05 15:00:00+00:00,69964.01,70577.91,69216.5,69949.66,7609.4349,1274684,3965.0444
2024-11-05 18:00:00+00:00,69949.65,70267.95,68732.77,69445.99,6308.8508,771650,3015.0628
2024-11-05 21:00:00+00:00,69446,69898.02,68888.88,69372.01,3071.0278,301130,1523.7942
2024-11-06 00:00:00+00:00,69372.01,73287.21,69298,73077.05,15845.79,1322881,8513.7464
2024-11-06 03:00:00+00:00,73077.05,75000,73070.05,74768.38,24524.371,1390723,12962.161
2024-11-06 06:00:00+00:00,74768.38,75407.1,72656.31,73456.04,20633.034,1363505,10286.859
2024-11-06 09:00:00+00:00,73456.05,74475.47,73314.85,74272.01,8483.2929,1011832,4281.2806
2024-11-06 12:00:00+00:00,74272,74757.58,73488,73640,9825.4525,1388133,4649.0306
2024-11-06 15:00:00+00:00,73639.99,74666,73514,74452.01,8568.061,894453,4027.5787
2024-11-06 18:00:00+00:00,74452,76400,74404.57,76101.99,11822.87,678844,6490.0248
2024-11-06 21:00:00+00:00,76101.98,76170.13,75519.94,75571.99,4424.1234,383813,2033.2036
2024-11-07 00:00:00+00:00,75571.99,76022.79,75050,75276.01,5749.225,839351,2782.7369
2024-11-07 03:00:00+00:00,75276.01,75392.67,74611.5,74755.49,4392.5989,481444,2216.8018
2024-11-07 06:00:00+00:00,74755.49,75150,74416,75150,3772.3835,506695,1807.2507
2024-11-07 09:00:00+00:00,75149.99,75150.11,74691.74,74746,2457.5845,438713,1173.4855
2024-11-07 12:00:00+00:00,74745.99,75118,74512.19,74822,3850.0729,659192,1860.4503
2024-11-07 15:00:00+00:00,74822,76466.48,74675.05,76257.89,10082.45,903503,5426.2225
2024-11-07 18:00:00+00:00,76257.9,76849.99,75671.09,76431.48,10609.62,950555,4734.5082
2024-11-07 21:00:00+00:00,76431.49,76572,75494,75857.89,3955.4875,428269,1804.0045
2024-11-08 00:00:00+00:00,75857.89,76358,75652.65,75711.14,3415.9363,528060,1622.0827
2024-11-08 03:00:00+00:00,75711.15,76139.83,75555,75975.32,2752.5709,283603,1191.561
2024-11-08 06:00:00+00:00,75975.32,76220,75686,75802,4324.735,372262,2200.8318
2024-11-08 09:00:00+00:00,75802,76320,75777.16,75934.46,2245.9451,416118,981.7518
2024-11-08 12:00:00+00:00,75934.47,76309.13,75630.76,75752,5085.3348,790716,2163.3822
2024-11-08 15:00:00+00:00,75752.01,76584.6,75636.36,76385.99,8195.7801,1215017,4083.4384
2024-11-08 18:00:00+00:00,76386,77199.99,76342,76591.33,8138.1246,961053,4167.2503
2024-11-08 21:00:00+00:00,76591.33,76695.99,76300.23,76509.78,2362.6728,310660,1145.0953
2024-11-09 00:00:00+00:00,76509.78,76639.84,76136,76422.98,2063.0444,317465,815.95011
2024-11-09 03:00:00+00:00,76422.97,76657.13,76240.08,76552,1551.0218,308213,737.02141
2024-11-09 06:00:00+00:00,76552,76795.69,76354,76539.99,2247.9148,294463,1135.5799
2024-11-09 09:00:00+00:00,76539.99,76636.37,76358.91,76487.11,1417.8468,185848,633.87241
2024-11-09 12:00:00+00:00,76487.11,76541.53,76272.72,76355.61,2157.4945,249873,1050.276
2024-11-09 15:00:00+00:00,76355.61,76416.52,75714.66,76238.77,2597.731,380582,1027.5864
2024-11-09 18:00:00+00:00,76238.77,76700,76116,76294,2114.1408,424133,1044.8082
2024-11-09 21:00:00+00:00,76293.99,76900,76227.52,76677.46,2792.8849,424687,1587.6989
2024-11-10 00:00:00+00:00,76677.46,77498,76492,77033.99,5214.6269,779879,2958.0411
2024-11-10 03:00:00+00:00,77033.99,79788.96,76985.43,79064.16,12629.942,1254751,7417.0884
2024-11-10 06:00:00+00:00,79064.16,79249.97,78612,79130.1,5004.4115,486538,2422.765
2024-11-10 09:00:00+00:00,79130.09,80040,79122,79844.01,6309.7661,656539,3551.4093
2024-11-10 12:00:00+00:00,79844,80080,79200,79508.01,7488.6506,995481,3470.1474
2024-11-10 15:00:00+00:00,79508,80703.1,79379.9,80333.01,5929.2427,763756,3280.4683
2024-11-10 18:00:00+00:00,80333.01,81069.99,78940.77,78950.01,10431.341,1034135,5026.2557
2024-11-10 21:00:00+00:00,78950,81500,78473.13,80370.01,8822.1196,1157519,4624.837
2024-11-11 00:00:00+00:00,80370.01,81730,80216.01,81431.17,6121.6091,916717,3288.3563
2024-11-11 03:00:00+00:00,81431.18,81846.71,80432,80731.99,4652.3588,700574,2161.7542
2024-11-11 06:00:00+00:00,80731.99,81368,80590.98,81239.53,4750.0542,690650,2334.9065
2024-11-11 09:00:00+00:00,81239.52,82380.94,81166,82134,6408.2534,936037,3536.6639
2024-11-11 12:00:00+00:00,82133.99,82580,81460.19,82484.9,9558.0886,1425849,4806.0664
2024-11-11 15:00:00+00:00,82484.91,84886,82349.98,84603.99,16858.267,2150743,9058.8729
2024-11-11 18:00:00+00:00,84603.99,87386.5,84208.77,86922.65,15773.558,1363055,8247.1138
2024-11-11 21:00:00+00:00,86922.66,89530.54,86372.31,88647.99,18201.477,1165265,9403.5614
2024-11-12 00:00:00+00:00,88648,89470,86561.35,87694.53,16067.494,1591601,7814.0285
2024-11-12 03:00:00+00:00,87694.53,88983.93,87474.19,88378.46,8622.227,1014572,4629.2269
2024-11-12 06:00:00+00:00,88378.46,89940,88160.01,89280.01,11178.447,1223597,6097.7873
2024-11-12 09:00:00+00:00,89280,89372,85229,87155.55,18518.483,2305816,9004.2707
2024-11-12 12:00:00+00:00,87155.55,87860,85072,87001.51,14921.072,2014024,7811.868
2024-11-12 15:00:00+00:00,87001.51,87878,85730.35,86966.07,11329.97,1690265,5651.5597
2024-11-12 18:00:00+00:00,86966.07,89876.94,86907.26,89473.1,10466.063,1021525,5519.3281
2024-11-12 21:00:00+00:00,89472.01,89683.65,87379.59,87952.01,6196.1322,637658,3061.2643
2024-11-13 00:00:00+00:00,87952,88562.94,87004,87868,7117.1359,1478582,3328.5855
2024-11-13 03:00:00+00:00,87868.01,88150,86226.15,86545.99,8168.351,1550682,3818.8239
2024-11-13 06:00:00+00:00,86545.99,87684,86127.99,87228.68,5809.1556,1159149,2899.6195
2024-11-13 09:00:00+00:00,87228.69,88083,87082.42,87669.39,4458.9036,734216,2367.2687
2024-11-13 12:00:00+00:00,87669.4,91827.09,87502.49,91508,17056.298,1734997,9734.3701
2024-11-13 15:00:00+00:00,91508,93265.64,90432.23,92218.87,20008.023,2193933,10286.366
2024-11-13 18:00:00+00:00,92218.87,93139.93,89292,89691.99,15975.404,2197515,7739.5627
2024-11-13 21:00:00+00:00,89692,90518.89,87970.98,90375.2,8170.5833,913026,4167.7324
2024-11-14 00:00:00+00:00,90375.21,90566,89458.13,90104.01,5847.5472,1044507,3073.4693
2024-11-14 03:00:00+00:00,90104,90220,89320.37,89957.22,4151.2651,638748,2147.7463
2024-11-14 06:00:00+00:00,89957.23,91438.41,89104.54,90558.28,6099.9153,919072,3029.7386
2024-11-14 09:00:00+00:00,90558.28,91657.77,90368,91491.86,5584.7349,1444544,2800.8096
2024-11-14 12:00:00+00:00,91491.85,91790,88639.76,88720.03,8896.7048,1794607,3941.7808
2024-11-14 15:00:00+00:00,88720.03,89638.5,87526.74,89239.35,12043.035,2053649,5970.7362
2024-11-14 18:00:00+00:00,89239.35,89775.24,87565.01,87612.66,6083.3275,1072923,2901.1455
2024-11-14 21:00:00+00:00,87612.67,88360,86668.21,87325.59,8022.9809,860808,4075.4298
2024-11-15 00:00:00+00:00,87325.59,88443.83,87252,88364.07,5037.5035,951220,2743.4095
2024-11-15 03:00:00+00:00,88364.07,88473.7,87073.38,87724,4363.3596,641992,2121.9001
2024-11-15 06:00:00+00:00,87724,88391.99,87368,88082.96,4863.5358,577299,2374.5561
2024-11-15 09:00:00+00:00,88082.96,89771.99,88024.4,89741.25,5292.5576,993106,3003.0536
2024-11-15 12:00:00+00:00,89741.24,90709.74,88585.33,89107.98,7904.7975,1592849,4018.4958
2024-11-15 15:00:00+00:00,89107.97,89944,87754.45,89484.85,8580.5726,1575036,4439.1422
2024-11-15 18:00:00+00:00,89484.84,91461.01,89214.55,91447.98,7250.7239,1078228,3808.7398
2024-11-15 21:00:00+00:00,91447.99,91850,90866.72,91032.07,4634.9003,599381,2291.3138
2024-11-16 00:00:00+00:00,91032.08,91709.06,90850,91405.54,3367.1733,729019,1769.3126
2024-11-16 03:00:00+00:00,91405.54,91779.66,91053.48,91350.34,2394.1343,562439,1243.1664
2024-11-16 06:00:00+00:00,91350.34,91447.74,91025.11,91425.98,2507.9669,434387,1339.4657
2024-11-16 09:00:00+00:00,91425.98,91598.13,90993.15,91169.69,2981.6575,477964,1481.1104
2024-11-16 12:00:00+00:00,91169.69,91320,90500,90968,3238.8722,613430,1628.4026
2024-11-16 15:00:00+00:00,90968.01,91016.93,90056.17,90904.03,4169.2045,677878,2068.0774
2024-11-16 18:00:00+00:00,90904.02,91396.03,90670.6,90752.01,2153.3055,390584,1063.713
2024-11-16 21:00:00+00:00,90752.01,91067.67,90300,90586.92,1905.5626,353754,903.06559
2024-11-17 00:00:00+00:00,90587.98,90888,89364,90024.01,4260.3906,894787,1871.3117
2024-11-17 03:00:00+00:00,90024.02,90888,89775.37,90470.13,2473.4342,673274,1179.4003
2024-11-17 06:00:00+00:00,90470.13,91050.01,90368,90985.11,2311.6234,458143,1273.4383
2024-11-17 09:00:00+00:00,90985.11,91449.99,90508,90684.19,2808.4865,626079,1557.5774
2024-11-17 12:00:00+00:00,90684.19,91189.88,89925.91,90310.91,3439.6665,631477,1755.5455
2024-11-17 15:00:00+00:00,90310.92,90640.18,90076.29,90578.66,2192.3764,439769,1205.035
2024-11-17 18:00:00+00:00,90578.66,90616.78,89500,89636,2631.1886,563174,1209.3963
2024-11-17 21:00:00+00:00,89636,89863.99,88722,89855.99,3750.3898,644016,1801.0779
2024-11-18 00:00:00+00:00,89855.98,90935.44,89617.96,90493.89,2567.2476,779654,1365.0149
2024-11-18 03:00:00+00:00,90493.88,90809.36,90300,90615.71,1832.1755,381554,783.6076
2024-11-18 06:00:00+00:00,90615.72,92300,90615.71,91810.61,6442.3556,866925,3477.6995
2024-11-18 09:00:00+00:00,91810.6,92211.99,90051.1,90275.13,5277.7153,878951,2404.4708
2024-11-18 12:00:00+00:00,90275.13,91053.58,89376.9,90308.01,7375.4364,1098537,3535.0474
2024-11-18 15:00:00+00:00,90308,92594,90242.61,91564.69,11237.416,1403607,6163.0221
2024-11-18 18:00:00+00:00,91564.69,91924.04,89667.66,91473.42,7766.0416,1198624,3734.4931
2024-11-18 21:00:00+00:00,91473.43,91980,90224.02,90464.08,4046.6462,553273,2165.5157
2024-11-19 00:00:00+00:00,90464.07,91271.65,90357,91236,2740.2168,429082,1482.6837
2024-11-19 03:00:00+00:00,91236,91891.8,91163.9,91877,2808.602,360081,1477.1489
2024-11-19 06:00:00+00:00,91877,92000,91400.03,91780.99,2686.2934,335775,1228.8015
2024-11-19 09:00:00+00:00,91780.99,91950,91200,91652.02,2964.9052,510882,1600.4194
2024-11-19 12:00:00+00:00,91652.01,92788,90975.8,91824,10927.619,1243587,5662.6739
2024-11-19 15:00:00+00:00,91824,93265.8,91500,92853.76,7963.044,1003120,4411.633
2024-11-19 18:00:00+00:00,92853.75,93905.51,92165.05,92458,8827.3983,1134853,4186.6654
2024-11-19 21:00:00+00:00,92457.99,92748,91320,92310.79,4741.9685,630409,2077.8269
2024-11-20 00:00:00+00:00,92310.8,92418.68,91580,91748,2755.5172,441597,1232.1603
2024-11-20 03:00:00+00:00,91748,92516,91500,92505.47,2855.5657,394709,1428.602
2024-11-20 06:00:00+00:00,92505.47,93333.33,92300,93200,3824.3913,481203,2115.2209
2024-11-20 09:00:00+00:00,93200,93669.98,92808,93454.65,4354.6772,619556,1910.8495
2024-11-20 12:00:00+00:00,93454.65,94750,93314.49,94627.41,9417.1836,1632019,4710.0551
2024-11-20 15:00:00+00:00,94627.41,94831.97,93316,93916.34,9389.407,1890819,4337.687
2024-11-20 18:00:00+00:00,93916.34,94599.98,93138,94271.99,6815.6292,1415171,3352.3872
2024-11-20 21:00:00+00:00,94271.99,94500,93770.07,94286.56,2790.8275,490913,1338.3459
2024-11-21 00:00:00+00:00,94286.56,94977,94040,94404.13,4675.814,609822,2207.9049
2024-11-21 03:00:00+00:00,94404.14,97852,94400,97328,14120.969,1336970,7658.8001
2024-11-21 06:00:00+00:00,97328.01,97400,96723.96,97107.99,5307.4992,853706,2474.542
2024-11-21 09:00:00+00:00,97107.99,98384.86,97024,97974.99,8503.8599,1000820,5218.8625
2024-11-21 12:00:00+00:00,97975,98250,96521.73,97042.86,11067.82,1719006,4574.9519
2024-11-21 15:00:00+00:00,97042.85,98055.99,95600,98048.65,11400.318,1745693,5777.1542
2024-11-21 18:00:00+00:00,98048.65,98988,97608.18,98118.16,9609.3916,1224825,5226.6516
2024-11-21 21:00:00+00:00,98118.16,98723.65,97533.18,98317.12,4542.689,557763,2285.1959
2024-11-22 00:00:00+00:00,98317.12,98779.62,97840,98617.46,4500.4754,587409,2222.5697
2024-11-22 03:00:00+00:00,98617.46,99299.99,98422.33,98790.97,5534.7177,646648,2861.9219
2024-11-22 06:00:00+00:00,98790.97,99419.99,98624.41,98815.79,6097.3925,694295,2773.2805
2024-11-22 09:00:00+00:00,98815.79,98937,98219.84,98870.38,4323.5029,721595,2118.2123
2024-11-22 12:00:00+00:00,98870.39,98949,97122.11,97296,8174.3125,1561204,3435.738
2024-11-22 15:00:00+00:00,97296,99275,97155.68,98801.87,7422.293,1493105,3932.4677
2024-11-22 18:00:00+00:00,98801.87,99588.01,98677.37,99163.99,7013.4412,1143576,3945.9374
2024-11-22 21:00:00+00:00,99164,99369.99,98535,98892,3123.174,423479,1419.5407
2024-11-23 00:00:00+00:00,98892,98908.85,98300,98483.54,3336.7114,419819,1514.448
2024-11-23 03:00:00+00:00,98483.53,98800,98284.61,98755.15,2433.9953,462934,1118.6392
2024-11-23 06:00:00+00:00,98755.15,98800,98369,98451.98,2704.1134,350225,1109.9434
2024-11-23 09:00:00+00:00,98451.98,98564.11,98300,98429.99,1980.6256,311468,818.58201
2024-11-23 12:00:00+00:00,98430,98847.68,98415,98744.37,2789.8735,505604,1228.8398
2024-11-23 15:00:00+00:00,98744.37,98779.7,97336.06,97900.79,7379.5822,955512,3466.7957
2024-11-23 18:00:00+00:00,97900.79,98067.66,97136,97703.52,2502.1172,496709,1196.8131
2024-11-23 21:00:00+00:00,97703.53,98015.82,97402.87,97672.4,1630.8251,336867,722.18743
2024-11-24 00:00:00+00:00,97672.4,98564,97620.74,98390.66,3331.5847,410115,1718.2686
2024-11-24 03:00:00+00:00,98390.66,98428,97872.2,98264.44,1980.7075,355400,867.03354
2024-11-24 06:00:00+00:00,98264.44,98472.98,97945,98067.75,3184.2392,350117,1733.7297
2024-11-24 09:00:00+00:00,98067.75,98195.75,97239.29,97280.03,2683.3219,548375,1215.6333
2024-11-24 12:00:00+00:00,97280.04,97606.52,96403.78,97029.95,6739.3203,1256533,3021.4866
2024-11-24 15:00:00+00:00,97029.96,97091.31,95734.77,95902.83,6603.1219,1064601,2947.5908
2024-11-24 18:00:00+00:00,95902.83,96844.46,95832.36,96826.49,2420.6676,440480,1265.8096
2024-11-24 21:00:00+00:00,96826.48,98369.46,96591.17,97900.04,4258.0153,539099,2354.5695
2024-11-25 00:00:00+00:00,97900.05,98050,96888,97368.63,3174.8145,858451,1445.634
2024-11-25 03:00:00+00:00,97368.62,98239.43,97339.16,98082.69,3194.0983,548025,1669.2324
2024-11-25 06:00:00+00:00,98082.69,98376.99,97735.29,98217.77,3815.5891,673432,1857.4961
2024-11-25 09:00:00+00:00,98217.77,98871.8,98031.11,98188.09,4080.2084,700051,1907.5349
2024-11-25 12:00:00+00:00,98188.09,98313.08,95340,95385.49,7268.3374,1304887,2774.845
2024-11-25 15:00:00+00:00,95385.5,96500,94525,95238.09,12590.745,1844430,5816.8749
2024-11-25 18:00:00+00:00,95238.1,95908.59,94400,94955.89,6691.4285,1128662,3173.2492
2024-11-25 21:00:00+00:00,94955.89,95166.65,92600.19,93010.01,10032.229,1231753,4842.0607
2024-11-26 00:00:00+00:00,93010.01,94923.69,92727.9,94587.98,5209.3186,842703,2624.6844
2024-11-26 03:00:00+00:00,94587.99,94700.12,94048.49,94647.96,3008.0422,501025,1381.3281
2024-11-26 06:00:00+00:00,94647.96,94973.37,92326.31,93142.85,7201.8601,1215721,3564.1736
2024-11-26 09:00:00+00:00,93142.85,93750,91466.52,92356.85,9141.4012,1859461,4565.9547
2024-11-26 12:00:00+00:00,92356.84,93546.2,91739.7,93274.15,10079.135,1765473,5312.4231
2024-11-26 15:00:00+00:00,93274.14,94685.6,92316.71,93547.99,8292.6153,1515550,4113.8092
2024-11-26 18:00:00+00:00,93547.99,93632,90791.1,91036.01,9932.0411,1685192,4792.6841
2024-11-26 21:00:00+00:00,91036,92364,90850.45,91965.16,4994.3182,840684,2765.2104
2024-11-27 00:00:00+00:00,91965.16,93037.38,91792.14,92943.34,4148.5259,788785,2085.6876
2024-11-27 03:00:00+00:00,92943.34,93211.2,92361.66,92768.01,3846.7668,559892,1701.8122
2024-11-27 06:00:00+00:00,92768.01,93648,92768.01,93433.21,3596.6544,480098,1869.9115
2024-11-27 09:00:00+00:00,93433.2,93885.6,93109.12,93367.99,2797.9171,606105,1401.428
2024-11-27 12:00:00+00:00,93367.99,94885,92847.84,94833.41,5782.9257,1019439,2979.0448
2024-11-27 15:00:00+00:00,94833.42,96333.1,94316,96247.24,9993.8088,1594100,4956.3509
2024-11-27 18:00:00+00:00,96247.24,97208.21,95893.13,96482.75,6386.9291,1083065,3057.3935
2024-11-27 21:00:00+00:00,96482.96,96595,95731.72,95863.11,4599.8996,517206,2264.954
2024-11-28 00:00:00+00:00,95863.11,96564,95624.01,95699.79,4235.2379,585928,1968.812
2024-11-28 03:00:00+00:00,95699.79,95922.39,94822.54,95443.43,4603.6128,579170,2334.161
2024-11-28 06:00:00+00:00,95443.44,95757.08,95063.15,95456.01,3381.4505,451047,1724.5878
2024-11-28 09:00:00+00:00,95456.02,95780,94640,95452.01,3822.4264,621372,1777.5247
2024-11-28 12:00:00+00:00,95452,96221.8,95025.13,95376.04,3896.7441,1012208,1960.2429
2024-11-28 15:00:00+00:00,95376.03,95508.94,94817,94864.31,3804.1192,895901,2055.9192
2024-11-28 18:00:00+00:00,94864.32,95435.68,94698,94820.01,2337.0821,399828,1329.7738
2024-11-28 21:00:00+00:00,94820,96023.48,94809.52,95643.98,2733.8706,442707,1654.6719
2024-11-29 00:00:00+00:00,95643.99,96859,95364.99,96739.98,2451.2656,539157,1363.6718
2024-11-29 03:00:00+00:00,96739.99,96812.24,96153.85,96153.86,1861.9871,302274,774.52904
2024-11-29 06:00:00+00:00,96153.86,96416.34,95600.03,95979.99,2564.2416,403311,1213.3226
2024-11-29 09:00:00+00:00,95980,97358.21,95870.71,97237.91,3412.7,564952,2027.6812
2024-11-29 12:00:00+00:00,97237.91,98052,96768,98002.01,5036.7069,907189,2597.3597
2024-11-29 15:00:00+00:00,98002.01,98619.99,96952,96968.29,7931.0297,1258766,3608.9629
2024-11-29 18:00:00+00:00,96968.28,97624.62,96853.82,97307.98,2607.6697,715733,1329.1669
2024-11-29 21:00:00+00:00,97307.98,97486.27,96981.01,97460,1836.1817,402688,925.51746
2024-11-30 00:00:00+00:00,97460,97463.95,96309.85,96609.21,2410.9835,588606,1014.4611
2024-11-30 03:00:00+00:00,96609.2,97183.51,96394.56,97102.32,1654.4868,324573,893.72231
2024-11-30 06:00:00+00:00,97102.33,97234.02,96550.25,96953.49,2956.0957,476477,1429.1062
2024-11-30 09:00:00+00:00,96953.48,96953.49,96092.01,96267.99,1874.0149,532268,857.09819
2024-11-30 12:00:00+00:00,96267.99,96720,96242.14,96462.64,1598.3032,403882,877.11978
2024-11-30 15:00:00+00:00,96462.65,96964,96403.2,96780.38,1600.6771,529737,857.04067
2024-11-30 18:00:00+00:00,96780.38,97062.5,96764.5,96967.99,1047.6786,219900,446.89821
2024-11-30 21:00:00+00:00,96967.99,96977.69,96320.99,96407.99,1361.5932,279316,700.46855
2024-12-01 00:00:00+00:00,96407.99,96672.49,95693.88,95776.22,3182.3639,625576,1366.2635
2024-12-01 03:00:00+00:00,95776.22,96515.52,95770.03,96308.83,1207.547,334863,621.66335
2024-12-01 06:00:00+00:00,96308.82,97179.04,96284.52,97048.01,2083.8803,373452,1058.9226
2024-12-01 09:00:00+00:00,97048,97140,96535.87,97108.89,1236.5122,270685,574.24346
2024-12-01 12:00:00+00:00,97108.89,97388.78,96660.88,97289.78,2611.9713,507385,1248.4896
2024-12-01 15:00:00+00:00,97289.77,97333,96960.51,97299.97,2323.0237,475105,1178.8359
2024-12-01 18:00:00+00:00,97299.97,97523.41,96800.01,97099.99,1901.4976,360926,905.78804
2024-12-01 21:00:00+00:00,97099.99,97836,97052.16,97185.18,2391.8084,394208,1160.6892
2024-12-02 00:00:00+00:00,97185.17,98130,97068.84,97644.76,3957.4943,845558,2163.7571
2024-12-02 03:00:00+00:00,97644.75,97662.6,96077,96359.99,4253.5114,910509,1984.5243
2024-12-02 06:00:00+00:00,96359.99,96465.38,94872,95053.66,5122.093,908243,2283.0549
2024-12-02 09:00:00+00:00,95053.66,95546.21,94820.41,95128.68,3738.1572,992711,1987.1751
2024-12-02 12:00:00+00:00,95128.67,96814.73,94766,96321.27,4855.706,956147,2398.6973
2024-12-02 15:00:00+00:00,96321.27,97356.69,94395,94604.03,9339.6379,1598427,4385.7486
2024-12-02 18:00:00+00:00,94604.03,96327.87,94488,95666.66,4046.2811,837110,2030.5284
2024-12-02 21:00:00+00:00,95666.66,95869.28,95112.01,95840.62,2645.7888,511398,1588.4475
2024-12-03 00:00:00+00:00,95840.61,96305.52,95400,96035.49,3105.5692,485988,1581.9513
2024-12-03 03:00:00+00:00,96035.48,96220,95848.36,96155.18,1719.5606,255573,808.60292
2024-12-03 06:00:00+00:00,96155.17,96238.1,95277.35,95528,3172.7642,559409,1295.1626
2024-12-03 09:00:00+00:00,95528,95539.69,94595.38,94988.01,3240.4419,505459,1494.6257
2024-12-03 12:00:00+00:00,94988,95448.97,93578.17,95235.25,9430.9248,1234486,4672.0341
2024-12-03 15:00:00+00:00,95235.25,96250,94860,95828,7784.4647,1236161,3849.4213
2024-12-03 18:00:00+00:00,95828.01,95828.01,94939.77,95615.06,3782.044,598417,1962.2332
2024-12-03 21:00:00+00:00,95615.06,96140.01,95545.82,95849.69,3591.5534,486219,1675.0805
2024-12-04 00:00:00+00:00,95849.69,96614.16,95224.17,95788,4158.9079,767464,2054.5274
2024-12-04 03:00:00+00:00,95788.01,96480.23,95548.75,96480.22,2049.5111,306014,982.31473
2024-12-04 06:00:00+00:00,96480.22,96810.12,96279.8,96687.53,3152.9261,474707,1451.4961
2024-12-04 09:00:00+00:00,96687.53,96950,96172,96190.41,2814.5111,435286,1236.1428
2024-12-04 12:00:00+00:00,96190.41,96560,95352.41,95822.99,5069.5502,1039566,2439.1433
2024-12-04 15:00:00+00:00,95822.99,96386.2,94587.83,95546.62,8126.825,1488293,3987.9288
2024-12-04 18:00:00+00:00,95546.63,99000,95451,98747.97,11600.646,1320262,6418.9057
2024-12-04 21:00:00+00:00,98747.96,99000,97416.59,98587.32,6877.6603,817132,3463.1423
2024-12-05 00:00:00+00:00,98587.32,101616.22,97888.89,101248.19,17659.738,1600783,10234.942
2024-12-05 03:00:00+00:00,101248.19,104088,101248.19,102450.01,20274.471,2087559,10139.516
2024-12-05 06:00:00+00:00,102450.01,102899.99,101324.16,102764,10721.232,975155,6163.6057
2024-12-05 09:00:00+00:00,102764.01,103159.76,102237.79,102566.91,5191.4873,642918,2596.4792
2024-12-05 12:00:00+00:00,102566.91,103550,102280,103507.99,7191.9189,1079681,3605.2978
2024-12-05 15:00:00+00:00,103508,103540,100533.41,101282.36,14981.881,1703224,7479.2642
2024-12-05 18:00:00+00:00,101282.37,101521.14,97888,99072.84,13485.634,1792049,6314.5709
2024-12-05 21:00:00+00:00,99072.84,99479.72,90500,96945.63,20415.367,2130995,9701.403
2024-12-06 00:00:00+00:00,96945.63,98828.7,95981.72,97589.74,8623.0846,1013138,4707.5313
2024-12-06 03:00:00+00:00,97589.75,98266.66,97186.27,97864.01,3810.3559,698783,1774.0547
2024-12-06 06:00:00+00:00,97864.02,98705.23,97755.09,98345.38,4291.145,520614,2177.6046
2024-12-06 09:00:00+00:00,98345.38,98542.33,97622.86,98069.62,3886.8791,652927,1735.2666
2024-12-06 12:00:00+00:00,98069.61,99483.81,97512.26,99481.69,6752.055,1192489,3247.2718
2024-12-06 15:00:00+00:00,99481.68,101250,98568.82,100844.05,7492.9445,1269045,3654.1304
2024-12-06 18:00:00+00:00,100844.06,101898.99,100588.23,101360,6363.2748,996253,2891.8799
2024-12-06 21:00:00+00:00,101360,101449.99,99053.03,99740.84,3829.7941,575853,1811.8848
2024-12-07 00:00:00+00:00,99740.84,100428,99529.41,99930.01,2002.4553,390813,909.42518
2024-12-07 03:00:00+00:00,99930.01,99930.01,98844,99155.98,2570.3039,359984,945.05264
2024-12-07 06:00:00+00:00,99155.99,99561.44,99060.12,99414.76,1983.1744,324716,945.71425
2024-12-07 09:00:00+00:00,99414.76,99821.83,99414.75,99620,1791.7626,269520,864.68676
2024-12-07 12:00:00+00:00,99620,99779.34,99036.01,99465.3,1655.2819,303892,762.97952
2024-12-07 15:00:00+00:00,99465.3,99800,99336,99631.97,1673.8852,366924,766.18249
2024-12-07 18:00:00+00:00,99631.98,100380.72,99582.35,100313.57,1776.9108,329029,904.79684
2024-12-07 21:00:00+00:00,100313.57,100439.18,99595.11,99831.99,1478.1718,289688,677.71232
2024-12-08 00:00:00+00:00,99831.99,100328.88,99632.28,100146.9,1365.7197,304836,601.40839
2024-12-08 03:00:00+00:00,100146.91,100260,99370,99534.26,1237.3036,258890,532.1078
2024-12-08 06:00:00+00:00,99534.26,99863.35,98964,98980.01,1343.7685,294705,498.23421
2024-12-08 09:00:00+00:00,98980.02,99844.28,98657.7,99701.16,1889.1746,418749,890.77405
2024-12-08 12:00:00+00:00,99701.17,100500,99452,99726.73,2544.1979,493922,1276.4031
2024-12-08 15:00:00+00:00,99726.72,100142.85,99357.16,99943.98,1970.7924,494052,954.89426
2024-12-08 18:00:00+00:00,99943.99,100198,99480,99800.01,1495.1532,353072,744.67349
2024-12-08 21:00:00+00:00,99800.01,101351,99736.06,101109.59,2766.887,376483,1654.3064
2024-12-09 00:00:00+00:00,101109.6,101215.93,99009.73,99195.89,4495.989,848151,1993.6565
2024-12-09 03:00:00+00:00,99195.89,99554.89,98432.18,99435.87,3585.4239,427751,1925.7571
2024-12-09 06:00:00+00:00,99435.87,99729.88,98328,98901.15,4141.3598,834691,1952.564
2024-12-09 09:00:00+00:00,98901.15,99099.99,98035.57,98088.47,4304.7895,955304,1926.3092
2024-12-09 12:00:00+00:00,98088.47,100390,97948.01,100156.26,5455.5269,944990,2645.0846
2024-12-09 15:00:00+00:00,100156.26,100421.8,97350,97368.04,9295.8722,1542318,4403.185
2024-12-09 18:00:00+00:00,97368.05,98260,96111,96252.01,7174.0736,1214105,3447.7971
2024-12-09 21:00:00+00:00,96252,97572.52,94150.05,97276.47,15496.081,1678562,7177.7312
2024-12-10 00:00:00+00:00,97276.48,98138,96614.27,96660.01,4841.049,972433,2171.9234
2024-12-10 03:00:00+00:00,96660,97132.45,95565.41,96941.99,5812.2131,1219426,2650.9423
2024-12-10 06:00:00+00:00,96941.99,97547.52,96810.85,97385.72,3032.3117,593907,1654.6479
2024-12-10 09:00:00+00:00,97385.72,97937.5,97224.79,97722.52,2866.5381,598795,1592.3896
2024-12-10 12:00:00+00:00,97722.53,98270,96864.04,97820.01,6776.3418,1893488,3542.4704
2024-12-10 15:00:00+00:00,97820.01,98113.68,94401.76,94484.01,17758.286,3373164,7729.9447
2024-12-10 18:00:00+00:00,94484.01,96700,94256.54,96434.76,6286.1948,1853946,3066.9264
2024-12-10 21:00:00+00:00,96434.75,97200.7,96382.35,96593,4335.7544,1051030,2113.8512
2024-12-11 00:00:00+00:00,96593,97444.44,95658.24,97207.29,5021.8346,1641909,2385.9465
2024-12-11 03:00:00+00:00,97207.29,97700,97128.24,97495.19,2732.8735,831006,1358.707
2024-12-11 06:00:00+00:00,97495.2,98472.57,97248.87,98109.9,2786.7501,674593,1429.021
2024-12-11 09:00:00+00:00,98109.9,98450,97757.44,98292.61,2358.0447,590170,1098.2515
2024-12-11 12:00:00+00:00,98292.61,99539.29,98072.33,99515.98,4881.6759,1217213,2405.7598
2024-12-11 15:00:00+00:00,99515.99,101090.9,99414.72,99781.9,11013.408,1845347,5886.601
2024-12-11 18:00:00+00:00,99781.89,101674.72,99608.23,101271.56,6034.7096,1069496,3192.5559
2024-12-11 21:00:00+00:00,101271.57,101888,100866.42,101125,2924.4866,380777,1356.0029
2024-12-12 00:00:00+00:00,101125,101824.77,100331.61,101824.76,3103.2583,727830,1493.5981
2024-12-12 03:00:00+00:00,101824.77,101829,100572,100618.86,3421.9345,802412,1605.3162
2024-12-12 06:00:00+00:00,100618.87,101049.36,100402.82,100980,1780.5841,434704,893.40101
2024-12-12 09:00:00+00:00,100979.99,101126.54,100178.32,100358.42,1889.6106,526571,849.97177
2024-12-12 12:00:00+00:00,100358.42,101749.74,100348.35,101702.04,5181.8056,1389533,2612.6442
2024-12-12 15:00:00+00:00,101702.04,102540,100700.07,101617.65,6510.0236,1772860,3384.699
2024-12-12 18:00:00+00:00,101617.64,101657.75,99311.64,100028.01,5341.4978,1623338,2426.5716
2024-12-12 21:00:00+00:00,100028.02,100476.19,99513,100004.29,2003.3729,789074,909.68477
2024-12-13 00:00:00+00:00,100004.29,100356.85,99205,99484.99,2637.4537,730472,1264.5722
2024-12-13 03:00:00+00:00,99484.99,100172,99484.98,99890,1493.9519,385002,740.43544
2024-12-13 06:00:00+00:00,99889.99,100361.93,99500,100272,2322.9007,405822,1030.1
2024-12-13 09:00:00+00:00,100271.99,100789,99904.43,100353.37,1697.8722,429169,893.47797
2024-12-13 12:00:00+00:00,100353.37,101018.12,99936.25,101018.12,2056.7701,702171,1081.8879
2024-12-13 15:00:00+00:00,101018.12,101777.75,99700,101737.89,5878.4856,1563391,2773.9395
2024-12-13 18:00:00+00:00,101737.88,101895.26,101205.88,101680,3867.1707,889580,2036.5049
2024-12-13 21:00:00+00:00,101680.01,101691.46,101090.9,101424.25,1949.4344,376053,848.17563
2024-12-14 00:00:00+00:00,101424.24,102650,101148.35,102032.61,3695.3845,891697,2031.5529
2024-12-14 03:00:00+00:00,102032.61,102344,101590.9,101722.8,1483.5132,374517,646.08358
2024-12-14 06:00:00+00:00,101722.79,102000,101578.58,101803.03,1598.913,218191,767.926
2024-12-14 09:00:00+00:00,101803.04,101803.04,101321,101583.99,926.04801,225747,418.72358
2024-12-14 12:00:00+00:00,101584,101647.06,100826.38,101434.3,2337.1528,492436,1137.8697
2024-12-14 15:00:00+00:00,101434.3,101742.43,100860,100988,1611.8529,410171,673.5485
2024-12-14 18:00:00+00:00,100988.01,101411.77,100609.41,100760,1630.9593,490780,679.44643
2024-12-14 21:00:00+00:00,100760,101499.08,100760,101420,907.87944,270999,435.09606
2024-12-15 00:00:00+00:00,101420,102196.97,101237.14,101831.15,2500.9264,369788,1821.7276
2024-12-15 03:00:00+00:00,101831.16,102850,101722.31,102159.29,2490.2079,462948,1399.7716
2024-12-15 06:00:00+00:00,102159.29,102169.9,101534.01,102015.15,1251.9786,322772,578.96209
2024-12-15 09:00:00+00:00,102015.15,102691.01,101919.6,102671.44,1365.7378,273844,764.88537
2024-12-15 12:00:00+00:00,102671.44,103359.97,102473.01,102994.37,4214.1559,608120,2155.551
2024-12-15 15:00:00+00:00,102994.37,103490,102583.65,103164,2289.8023,441885,1208.9526
2024-12-15 18:00:00+00:00,103164.01,103455,102984.58,103144.83,1277.6807,247950,645.20152
2024-12-15 21:00:00+00:00,103144.83,105250,102621.5,104463.99,6838.4323,911502,4093.8426
2024-12-16 00:00:00+00:00,104463.99,106648,104324.5,104585.32,7629.009,1295122,3928.459
2024-12-16 03:00:00+00:00,104585.32,105064,104259.48,105028,2607.1562,619103,1253.0069
2024-12-16 06:00:00+00:00,105028.01,105420.76,104505.22,104535.44,2364.357,474697,1067.4148
2024-12-16 09:00:00+00:00,104535.44,104942.48,103625.78,103757.99,3258.8588,635521,1319.9846
2024-12-16 12:00:00+00:00,103758,106000,103333,105487,5838.1947,1229408,3141.2851
2024-12-16 15:00:00+00:00,105487.01,107195.58,105253.46,107078.55,8751.5186,1919358,4435.0794
2024-12-16 18:00:00+00:00,107078.55,107793.07,105762.56,105808.36,8595.9876,1320010,3951.3445
2024-12-16 21:00:00+00:00,105808.36,106301.59,105480.02,106058.66,2257.3208,554835,1252.5251
2024-12-17 00:00:00+00:00,106058.65,106590.55,105657.34,106269.14,3003.2622,775705,1552.9392
2024-12-17 03:00:00+00:00,106269.15,107000,106240.5,106817.43,1989.6312,432659,990.69932
2024-12-17 06:00:00+00:00,106817.44,107550.02,106368.45,107406.61,3158.6156,508332,1617.6182
2024-12-17 09:00:00+00:00,107406.61,107474.1,106708.86,106808.31,2292.1423,584306,1023.5626
2024-12-17 12:00:00+00:00,106808.31,108353,106534.29,108258.39,4790.6572,1098827,2340.7332
2024-12-17 15:00:00+00:00,108258.38,108258.38,105725.99,107506.37,7369.4592,1970717,3597.8161
2024-12-17 18:00:00+00:00,107506.37,107633,106156.22,106732.98,3658.2391,1067904,1781.9256
2024-12-17 21:00:00+00:00,106732.98,106799.18,105321.49,106133.74,2802.9296,774349,1282.0263
2024-12-18 00:00:00+00:00,106133.74,106524.98,104942.32,105312.91,4360.3424,1059244,1909.2927
2024-12-18 03:00:00+00:00,105312.9,105331.63,103276,103572.17,5687.7885,1311645,2288.426
2024-12-18 06:00:00+00:00,103572.16,104378.92,103137.82,103805.43,3700.6998,776288,1718.4908
2024-12-18 09:00:00+00:00,103805.42,105033.33,103804.66,105028.33,2220.3873,346508,1192.7392
2024-12-18 12:00:00+00:00,105028.33,105350,103855.07,104019.93,5073.3057,835725,2298.6311
2024-12-18 15:00:00+00:00,104019.94,104819.83,103380.43,104656.18,5334.1768,1138400,2951.0416
2024-12-18 18:00:00+00:00,104656.18,104999.98,100303.72,100846.67,16404.166,2179396,7400.1442
2024-12-18 21:00:00+00:00,100846.68,101745.45,100000,100204.01,7527.131,1114914,3549.6096
2024-12-19 00:00:00+00:00,100204.01,100986.09,98802,100534.56,8742.0199,1405983,4037.0726
2024-12-19 03:00:00+00:00,100534.56,101415.25,100456,101300.01,4039.1291,718051,2024.5811
2024-12-19 06:00:00+00:00,101300.01,101820,101015.44,101640.4,2174.888,432746,1114.1979
2024-12-19 09:00:00+00:00,101640.4,102609.72,101537.56,102449.99,3329.0548,380688,1749.055
2024-12-19 12:00:00+00:00,102450,102800.11,100694.07,100942.41,5953.8067,875529,2974.4367
2024-12-19 15:00:00+00:00,100942.41,101200,97500,98855.86,11782.585,1324227,5446.8979
2024-12-19 18:00:00+00:00,98855.86,99064.06,95700,96409.54,13047.868,1569764,6089.3027
2024-12-19 21:00:00+00:00,96409.55,98500,95828.98,97461.86,6078.0463,566953,3463.0932
2024-12-20 00:00:00+00:00,97461.86,97814.09,96000,97632.59,7670.8351,1088313,3550.0408
2024-12-20 03:00:00+00:00,97632.59,97838.98,96672.47,96734.32,3655.8318,606414,1544.5663
2024-12-20 06:00:00+00:00,96734.33,98233,95300,95473.74,7694.4116,1258998,3429.0112
2024-12-20 09:00:00+00:00,95473.74,95738.79,92612.1,92723.98,15571.54,1561207,6841.4045
2024-12-20 12:00:00+00:00,92723.99,96235.29,92232.54,95627.99,12849.145,1205586,6531.8
2024-12-20 15:00:00+00:00,95628,97700,95608.01,97206.59,8123.9881,875048,3919.3852
2024-12-20 18:00:00+00:00,97206.6,97748,96422.06,96451.88,3910.3231,552249,1886.7558
2024-12-20 21:00:00+00:00,96451.88,97816.44,95393.84,97805.44,3408.0603,281192,1760.2664
2024-12-21 00:00:00+00:00,97805.44,97813.59,97188.09,97396,2389.0788,364900,1161.2203
2024-12-21 03:00:00+00:00,97396,98692,97244,98691.98,2081.6369,314711,1186.5258
2024-12-21 06:00:00+00:00,98691.98,99540.61,98318.6,98650,4900.08,516114,2410.2093
2024-12-21 09:00:00+00:00,98650,98686.77,97800,98262.08,2409.9426,461203,1144.1024
2024-12-21 12:00:00+00:00,98262.08,98283.95,96398.39,97083.11,5274.4436,873850,2515.1052
2024-12-21 15:00:00+00:00,97083.11,97719.86,96951.41,97595.28,2469.3944,488218,1206.7721
2024-12-21 18:00:00+00:00,97595.29,98057.51,96819.36,97456.91,2002.0823,383948,968.57799
2024-12-21 21:00:00+00:00,97456.92,97577.99,96539.91,97291.99,1956.8829,314694,1134.4281
2024-12-22 00:00:00+00:00,97292,97448.08,96613.18,96719.99,1241.9166,483700,569.02183
2024-12-22 03:00:00+00:00,96719.99,97320,95890.28,96156.19,2442.1775,506557,1073.8839
2024-12-22 06:00:00+00:00,96156.19,96847.99,96080,96534.5,1649.7282,342794,816.03387
2024-12-22 09:00:00+00:00,96534.51,97351.57,96333.5,97101.28,1681.1107,298627,862.08495
2024-12-22 12:00:00+00:00,97101.29,97300,95254.77,95363.44,3009.7414,559633,1359.5923
2024-12-22 15:00:00+00:00,95363.44,95888.09,95109.13,95612.19,2962.9046,534567,1557.5421
2024-12-22 18:00:00+00:00,95612.18,96444.45,94424,95592.49,3471.9948,492881,1683.9989
2024-12-22 21:00:00+00:00,95592.49,95824,94250.35,95186.27,2894.2565,414792,1371.2396
2024-12-23 00:00:00+00:00,95186.28,95410.77,93700.42,94723.96,4579.5655,835667,2250.3789
2024-12-23 03:00:00+00:00,94723.96,96509.98,94610.76,95608.02,3681.3881,593719,2300.9029
2024-12-23 06:00:00+00:00,95608.01,95650.76,94705.07,95503.87,2299.1945,534682,1127.746
2024-12-23 09:00:00+00:00,95503.87,96538.92,95493.22,95932.42,2408.2818,514358,1279.2803
2024-12-23 12:00:00+00:00,95932.41,96423,93700.01,94389.67,5376.9765,734780,2198.973
2024-12-23 15:00:00+00:00,94389.67,94430.89,92928.82,93364.26,6624.5012,975075,3125.2509
2024-12-23 18:00:00+00:00,93364.26,93747.66,92520,93186.34,4346.4097,706009,2190.3072
2024-12-23 21:00:00+00:00,93186.34,95509.09,93181.83,94881.47,3494.4496,570629,1866.7443
2024-12-24 00:00:00+00:00,94881.47,94881.47,93569.02,93961.45,2403.0253,520412,1129.0232
2024-12-24 03:00:00+00:00,93961.45,94653.45,93810.02,94606.06,1691.7878,334955,845.92202
2024-12-24 06:00:00+00:00,94606.06,94635.7,93810.45,94495.77,1673.9599,321619,872.57917
2024-12-24 09:00:00+00:00,94495.77,94530.42,93840,94398.6,1302.6446,250894,543.24958
2024-12-24 12:00:00+00:00,94398.6,97498.64,94075.1,97465.06,4679.0474,532410,2577.7318
2024-12-24 15:00:00+00:00,97465.06,99030.72,97235.55,98797.47,6252.9874,667629,3185.6281
2024-12-24 18:00:00+00:00,98797.47,99487.99,97250,97298.01,3733.899,506093,1790.2063
2024-12-24 21:00:00+00:00,97298.02,99068.9,97277.9,98663.58,1936.8735,287537,1024.9137
2024-12-25 00:00:00+00:00,98663.58,98878.44,97725.27,98131.07,1907.2562,365678,783.16488
2024-12-25 03:00:00+00:00,98131.07,98360.65,97875.91,98279.28,1032.2365,246677,537.09899
2024-12-25 06:00:00+00:00,98279.28,98581.9,97844.18,98069.71,1252.0733,266224,579.35819
2024-12-25 09:00:00+00:00,98069.72,99349.31,97773.83,97907.61,2636.4651,541129,1242.8108
2024-12-25 12:00:00+00:00,97907.61,98832.89,97632.02,98710,2315.4359,670053,1174.2757
2024-12-25 15:00:00+00:00,98710,98724,98134.4,98570.82,1381.0329,450582,676.10632
2024-12-25 18:00:00+00:00,98570.82,99400,98544.22,99144.62,1784.1929,325659,957.69978
2024-12-25 21:00:00+00:00,99144.62,99569.15,98384.61,99429.6,2165.4722,417026,1056.0118
2024-12-26 00:00:00+00:00,99429.61,99963.7,98468.26,98750.34,2711.1058,720122,1397.5357
2024-12-26 03:00:00+00:00,98750.34,99167.12,98076.58,98375.01,1892.4516,439447,885.76182
2024-12-26 06:00:00+00:00,98375.01,98484,95616.18,95878.56,4592.6525,761744,1929.602
2024-12-26 09:00:00+00:00,95878.56,96035.5,95199.14,95695.81,2738.0158,610351,1340.0504
2024-12-26 12:00:00+00:00,95695.81,96280.25,95234.93,95449.36,3102.3839,796187,1518.9148
2024-12-26 15:00:00+00:00,95449.36,96621.95,95270,95824.27,2956.5126,1021087,1474.3642
2024-12-26 18:00:00+00:00,95824.27,96198.58,95400,95589.6,1731.5401,513674,836.83653
2024-12-26 21:00:00+00:00,95589.6,95963.86,95302,95791.6,1467.7049,340878,688.80694
2024-12-27 00:00:00+00:00,95791.6,96443.68,95401.03,96073.77,2327.0953,486110,1144.9177
2024-12-27 03:00:00+00:00,96073.77,96595.98,95982.51,96238.89,2124.5695,462710,1059.991
2024-12-27 06:00:00+00:00,96238.89,96604.24,94646.03,95724.02,4503.1863,830621,2137.6451
2024-12-27 09:00:00+00:00,95724.01,97544.58,95674,96952.38,3544.4305,864827,2015.0237
2024-12-27 12:00:00+00:00,96952.38,97035.8,95161.17,95691.99,2925.6212,832968,1332.9233
2024-12-27 15:00:00+00:00,95692,95718.13,93500.01,94291.3,7447.5788,1386340,3505.8633
2024-12-27 18:00:00+00:00,94291.3,94810.07,94212.3,94588.12,2073.866,514944,1132.6383
2024-12-27 21:00:00+00:00,94588.12,94823.09,94100.6,94299.03,1554.9166,340346,616.51408
2024-12-28 00:00:00+00:00,94299.03,94619,94135.66,94338,1101.2102,393331,496.91209
2024-12-28 03:00:00+00:00,94338,94800,94335.88,94625.64,671.17618,203517,338.53335
2024-12-28 06:00:00+00:00,94625.64,94724.88,94307,94488.01,729.48023,242055,393.71005
2024-12-28 09:00:00+00:00,94488.01,94883,94488.01,94754.83,874.52105,232094,416.72018
2024-12-28 12:00:00+00:00,94754.83,95340.36,94411.76,94583.99,1594.318,489862,827.17418
2024-12-28 15:00:00+00:00,94583.99,95245.24,94375.8,95022.57,1546.6968,525060,726.00968
2024-12-28 18:00:00+00:00,95022.58,95151.13,94715.16,95083.05,764.42185,292595,413.45906
2024-12-28 21:00:00+00:00,95083.05,95733.99,94968.86,95300,1104.0686,353547,591.08017
2024-12-29 00:00:00+00:00,95300,95340,94808,95154.5,837.3369,269376,363.43807
2024-12-29 03:00:00+00:00,95154.5,95283.99,94978.33,95118.89,563.51575,125237,205.25826
2024-12-29 06:00:00+00:00,95118.89,95315.5,94971.44,95123.33,712.77606,148645,311.47555
2024-12-29 09:00:00+00:00,95123.33,95278.85,95010,95032.57,603.91667,107126,288.83757
2024-12-29 12:00:00+00:00,95032.58,95231.58,94010,94623.67,2322.6254,478341,1018.8967
2024-12-29 15:00:00+00:00,94623.68,94794.79,93600,93945.01,2743.611,544052,998.32732
2024-12-29 18:00:00+00:00,93945,93945.01,93345,93858.55,2577.3046,491424,1069.5604
2024-12-29 21:00:00+00:00,93858.55,93949.52,93009.52,93738.2,3214.9195,701637,1395.5921
2024-12-30 00:00:00+00:00,93738.19,94274.29,93368.93,93906.41,2495.694,750206,1258.8638
2024-12-30 03:00:00+00:00,93906.41,94080,93240.03,93581.53,1439.1776,441646,676.99189
2024-12-30 06:00:00+00:00,93581.53,94060.35,93319.99,93851.11,1776.9543,449321,925.752
2024-12-30 09:00:00+00:00,93851.1,94068.56,93469.56,93923.14,1310.6895,345439,598.12143
2024-12-30 12:00:00+00:00,93923.14,94277.23,91820.46,91883.99,6067.0231,1023296,2323.2432
2024-12-30 15:00:00+00:00,91884,94200,91530.45,93832.83,6501.368,998342,3339.7045
2024-12-30 18:00:00+00:00,93832.82,95024.5,93570,94338.8,4004.5921,838595,2086.3735
2024-12-30 21:00:00+00:00,94338.8,94376.3,91901.57,92792.05,4023.9239,713718,1883.1462
2024-12-31 00:00:00+00:00,92792.05,92907.03,92033.73,92476.35,2240.7511,384771,1011.2529
2024-12-31 03:00:00+00:00,92476.35,92832.29,92250,92596.08,1272.3597,254695,693.20116
2024-12-31 06:00:00+00:00,92596.08,94741.68,92568.5,93933.38,2849.3429,399441,1555.5592
2024-12-31 09:00:00+00:00,93933.38,94285.12,93664.06,94232.68,1950.014,331499,838.77121
2024-12-31 12:00:00+00:00,94232.68,96250,94232.67,95679.17,4560.0191,614919,2460.8549
2024-12-31 15:00:00+00:00,95679.17,95982.62,93189.59,94120.94,3737.2622,760276,1620.9845
2024-12-31 18:00:00+00:00,94120.92,94416.72,93450.17,93564.04,2012.6451,412802,997.07511
2024-12-31 21:00:00+00:00,93564.01,93964.15,93375.38,93576,989.63982,189444,510.26878
2025-01-01 00:00:00+00:00,93576,94509.42,93489.03,94098.91,1619.3051,228546,863.85546
2025-01-01 03:00:00+00:00,94098.9,94098.91,93500,93792.02,709.64151,107437,376.12505
2025-01-01 06:00:00+00:00,93792.02,93800,93304,93428.46,951.92477,104421,398.43343
2025-01-01 09:00:00+00:00,93428.47,93705.08,92888,93444.64,1385.7719,200934,710.32906
2025-01-01 12:00:00+00:00,93444.65,94450.85,93407.07,94175.89,1591.627,247689,952.74103
2025-01-01 15:00:00+00:00,94175.89,94500,93760.93,94143.85,1370.2257,226431,672.97084
2025-01-01 18:00:00+00:00,94143.84,94852.7,93936.44,94786.23,1261.3367,198280,623.24817
2025-01-01 21:00:00+00:00,94786.23,95151.15,94542,94591.79,1483.4934,202818,750.03344
2025-01-02 00:00:00+00:00,94591.78,95516,94392,95234.36,2780.7819,374090,1454.0663
2025-01-02 03:00:00+00:00,95234.37,96000,94913.75,95596.48,1918.0223,237383,1037.9158
2025-01-02 06:00:00+00:00,95596.48,96211.54,95380.04,96150,1814.8571,197518,997.13761
2025-01-02 09:00:00+00:00,96150,96876.38,96036.86,96732.99,2336.4359,257219,1105.9367
2025-01-02 12:00:00+00:00,96733,97440.91,95924.6,97256.49,4587.6841,523881,2232.3664
2025-01-02 15:00:00+00:00,97256.48,97650,96040.04,96757.57,5004.8346,989524,2379.5332
2025-01-02 18:00:00+00:00,96757.57,97839.5,96400,97306.46,2273.1611,725754,1148.5668
2025-01-02 21:00:00+00:00,97306.46,97355.77,96666.66,96984.79,1254.7125,263710,560.44707
2025-01-03 00:00:00+00:00,96984.79,97342.44,96650,96966.85,1046.0089,274488,495.72937
2025-01-03 03:00:00+00:00,96966.85,97090.91,96590.28,96765.34,837.73464,158553,411.4848
2025-01-03 06:00:00+00:00,96765.35,96918.56,96100.01,96129.97,1472.6631,185071,697.96337
2025-01-03 09:00:00+00:00,96129.97,96830,96107.84,96757.58,1331.7866,190139,740.56908
2025-01-03 12:00:00+00:00,96757.57,97342.44,96472.43,97016.01,2408.9769,484963,1177.7263
2025-01-03 15:00:00+00:00,97016,98444.42,96759.12,98026,4287.228,876401,2193.9148
2025-01-03 18:00:00+00:00,98025.99,98976.91,98000,98311.52,2730.2401,475631,1256.2436
2025-01-03 21:00:00+00:00,98311.51,98512.94,98067.99,98174.18,1139.1911,205918,494.97668
2025-01-04 00:00:00+00:00,98174.17,98314.15,97800,98304.51,1126.1434,198035,552.02267
2025-01-04 03:00:00+00:00,98304.51,98304.51,97862.87,98126.21,829.16594,134372,421.39738
2025-01-04 06:00:00+00:00,98126.21,98350.04,97905.26,97906.07,970.06057,137738,506.87932
2025-01-04 09:00:00+00:00,97906.08,97980,97532.58,97889.39,1281.5883,189490,643.60272
2025-01-04 12:00:00+00:00,97889.4,98080.15,97750,98035.04,1129.4391,213353,559.09014
2025-01-04 15:00:00+00:00,98035.05,98152.02,97514.79,98016.26,1564.3503,316493,664.80333
2025-01-04 18:00:00+00:00,98016.26,98671.02,97909.85,98599.02,1009.3944,195924,517.08127
2025-01-04 21:00:00+00:00,98599.02,98778.43,98143.2,98220.5,1079.9146,174577,485.92538
2025-01-05 00:00:00+00:00,98220.51,98391.59,98050,98227.48,679.33278,138279,295.90257
2025-01-05 03:00:00+00:00,98227.49,98522.76,98069,98358.98,602.5445,116677,302.59016
2025-01-05 06:00:00+00:00,98358.98,98500,97777.77,97861.04,779.66229,144351,336.85722
2025-01-05 09:00:00+00:00,97861.04,97943.02,97600,97641.63,859.64379,153210,416.26875
2025-01-05 12:00:00+00:00,97641.62,98018.96,97276.79,97855.06,1375.0772,297782,654.74798
2025-01-05 15:00:00+00:00,97855.06,98332.54,97673.57,97731.08,1305.4505,311200,574.13159
2025-01-05 18:00:00+00:00,97731.09,98678,97577.46,98275.71,1288.6088,281561,692.51493
2025-01-05 21:00:00+00:00,98275.71,98836.85,98216.58,98363.61,1205.3173,242739,604.89665
2025-01-06 00:00:00+00:00,98363.61,99333,97920,98815.39,2675.0291,588387,1465.0479
2025-01-06 03:00:00+00:00,98815.39,99892,98759.55,99600,2107.0809,341301,1161.0498
2025-01-06 06:00:00+00:00,99600,99763.99,99000,99043.49,2034.0788,306282,835.44155
2025-01-06 09:00:00+00:00,99043.49,99410.23,98709.28,99259.99,1641.1261,268921,752.79672
2025-01-06 12:00:00+00:00,99259.99,101295.23,98711.94,100737.03,4743.2542,821168,2433.6248
2025-01-06 15:00:00+00:00,100737.03,102480,100481.99,101831.95,7327.6117,889171,3643.062
2025-01-06 18:00:00+00:00,101831.95,102318.5,101578.12,102127.38,2924.0296,411562,1380.882
2025-01-06 21:00:00+00:00,102126.9,102329.98,101600.05,102235.6,1811.2233,226910,867.6905
2025-01-07 00:00:00+00:00,102235.6,102724.38,101651.67,101677.66,1931.0859,283742,1034.5069
2025-01-07 03:00:00+00:00,101677.66,101925.77,101512.91,101743.47,1057.0173,151891,453.11214
2025-01-07 06:00:00+00:00,101743.47,102015.01,101618.04,101905.08,1317.7019,151691,574.90547
2025-01-07 09:00:00+00:00,101905.08,101914.11,100472.45,100830.86,2779.2536,342777,1054.1981
2025-01-07 12:00:00+00:00,100830.86,100960.06,99732,99979.69,3959.8981,557290,1871.8739
2025-01-07 15:00:00+00:00,99979.69,100142.99,96577,97277.31,13479.817,1656899,6060.2155
2025-01-07 18:00:00+00:00,97277.32,97541.6,96181.81,96533.35,4853.6993,926169,2390.3352
2025-01-07 21:00:00+00:00,96533.34,97220.76,96400,96954.61,2681.4019,410103,1375.9674
2025-01-08 00:00:00+00:00,96954.6,97268.65,96608.14,96878.14,2246.1339,308141,1108.8604
2025-01-08 03:00:00+00:00,96878.14,96878.14,96057.48,96492.01,3068.6921,449562,1342.1563
2025-01-08 06:00:00+00:00,96492.01,96636.37,95250.76,95945.99,4114.8977,454672,1846.2223
2025-01-08 09:00:00+00:00,95946,96098.1,94543.86,95134.92,3162.4654,470964,1503.2194
2025-01-08 12:00:00+00:00,95134.92,95865.71,94852.23,95288.01,4457.6749,885915,2235.1579
2025-01-08 15:00:00+00:00,95288,96079.32,92500.9,94030.82,9907.624,1367703,4437.6749
2025-01-08 18:00:00+00:00,94030.81,95106.33,93753.99,93980,4472.6227,834560,2169.1686
2025-01-08 21:00:00+00:00,93982.01,95310.94,93600,95060.61,2274.5683,399691,1161.3912
2025-01-09 00:00:00+00:00,95060.61,95382.32,93422.89,94776.99,4368.1407,542204,1968.0272
2025-01-09 03:00:00+00:00,94777,94800.69,93796.99,94472.58,2085.626,281733,973.828
2025-01-09 06:00:00+00:00,94472.59,94618.63,92750,93030.87,3687.4273,514821,1498.6102
2025-01-09 09:00:00+00:00,93030.88,93877.46,92970.96,93465.23,2677.1978,555803,1273.0539
2025-01-09 12:00:00+00:00,93465.23,93696.97,91800,92863.8,6547.877,981763,2770.2668
2025-01-09 15:00:00+00:00,92863.81,94685.25,92325,92693.11,6085.5226,1009057,2858.4763
2025-01-09 18:00:00+00:00,92693.11,93291.96,91203.67,91903.22,6047.7148,1281060,2577.1696
2025-01-09 21:00:00+00:00,91903.21,92720.67,91624,92552.49,3045.3307,860720,1404.1947
2025-01-10 00:00:00+00:00,92552.49,93726.87,92431.73,93364.36,2322.1693,691986,1170.7127
2025-01-10 03:00:00+00:00,93364.36,94250.07,93312.58,93956.83,1949.2632,491233,933.0077
2025-01-10 06:00:00+00:00,93956.83,95000,93733.83,94680.01,3045.8184,558615,1701.0461
2025-01-10 09:00:00+00:00,94680,95293.4,94582.03,95073.95,2059.6409,342771,1024.0727
2025-01-10 12:00:00+00:00,95073.95,95117.26,92715.85,94115.63,8059.8763,1152649,3979.1392
2025-01-10 15:00:00+00:00,94115.62,95836,92206.02,95793.05,8730.8602,1394227,4210.9552
2025-01-10 18:00:00+00:00,95793.04,95793.04,94373.85,94672.05,4228.7059,701397,2020.7623
2025-01-10 21:00:00+00:00,94669.06,94955.54,94586.03,94726.11,1086.5301,198566,577.74227
2025-01-11 00:00:00+00:00,94726.1,94746.37,94180,94424.24,1000.3611,251445,452.23775
2025-01-11 03:00:00+00:00,94424.24,94429.84,93831.73,94366.69,920.01819,194198,431.0383
2025-01-11 06:00:00+00:00,94366.7,94441.87,94031.22,94074.79,571.93901,134914,222.80646
2025-01-11 09:00:00+00:00,94074.8,94791.67,94044.82,94625.65,782.76641,163706,411.46752
2025-01-11 12:00:00+00:00,94625.66,94655.2,94307.25,94620,706.67472,174103,338.6789
2025-01-11 15:00:00+00:00,94620,94708.12,93984.55,94151.52,885.58518,213131,430.88439
2025-01-11 18:00:00+00:00,94151.51,94668.31,94084.64,94586.11,597.9689,148449,326.37319
2025-01-11 21:00:00+00:00,94586.12,95050.94,94541.66,94599.99,1582.5907,216245,798.8902
2025-01-12 00:00:00+00:00,94599.99,94670,94296.99,94625.25,773.58075,162384,343.09114
2025-01-12 03:00:00+00:00,94625.25,94699,94418.56,94571.43,435.71607,86720,226.21205
2025-01-12 06:00:00+00:00,94571.43,94616,94109,94170.01,586.27597,124758,230.05663
2025-01-12 09:00:00+00:00,94170.01,94348.64,93711.19,94255.1,1286.4102,180528,550.03852
2025-01-12 12:00:00+00:00,94255.1,94994.49,94173.48,94811,1460.585,272538,755.26254
2025-01-12 15:00:00+00:00,94811,95450.1,94675.54,95139.45,1258.4568,282497,680.83409
2025-01-12 18:00:00+00:00,95139.46,95314.12,94578.54,94687.69,914.24483,208000,301.45794
2025-01-12 21:00:00+00:00,94687.69,94727.28,93800,94545.06,1891.5966,341438,941.3774
2025-01-13 00:00:00+00:00,94545.07,95940,93899.99,94217.43,2883.4809,673276,1457.8944
2025-01-13 03:00:00+00:00,94217.43,94913.03,93972.54,94181.37,1523.8285,361519,832.94153
2025-01-13 06:00:00+00:00,94181.37,94327.35,92904.35,93039.1,2837.4009,442558,1215.304
2025-01-13 09:00:00+00:00,93039.11,93195.99,90833.12,90851.22,8964.3304,1003811,3558.1455
2025-01-13 12:00:00+00:00,90851.23,92300,89256.69,91833.03,12775.113,1125162,5697.7146
2025-01-13 15:00:00+00:00,91833.03,93100,91250,91983.96,6254.0234,863107,3047.5626
2025-01-13 18:00:00+00:00,91983.96,93783.12,91593.85,93575.53,4100.0812,788654,2075.9209
2025-01-13 21:00:00+00:00,93575.53,94727.15,93401.84,94536.1,3281.3064,482876,1588.3969
2025-01-14 00:00:00+00:00,94536.11,95280.8,94346.22,94882.65,2744.8841,420052,1446.2159
2025-01-14 03:00:00+00:00,94882.65,95464.71,94828.46,94916.08,1791.6588,239677,759.50075
2025-01-14 06:00:00+00:00,94916.08,95819.7,94753.42,95488.5,2680.7698,340613,1438.6334
2025-01-14 09:00:00+00:00,95488.51,97371,95469.51,96548.04,4940.5584,629724,2719.4655
2025-01-14 12:00:00+00:00,96548.04,97265.48,95748.93,96293.6,6049.6462,884771,3018.32
2025-01-14 15:00:00+00:00,96293.61,96974.82,95351.76,96527.96,5614.426,1060638,2954.6339
2025-01-14 18:00:00+00:00,96527.96,97088.57,96152.31,96505.04,2895.9547,708589,1404.7979
2025-01-14 21:00:00+00:00,96505.98,96780.02,96315.38,96560.86,1128.7195,248859,507.12874
2025-01-15 00:00:00+00:00,96560.85,97554.63,96500,96824.06,2648.447,434585,1375.8503
2025-01-15 03:00:00+00:00,96824.06,97724.96,96750,97029.97,2577.1783,267722,949.30975
2025-01-15 06:00:00+00:00,97029.97,97600.31,96851.5,97202.26,1901.0866,274608,785.2081
2025-01-15 09:00:00+00:00,97202.27,97366.11,96521,96762.18,1885.82,292152,835.76536
2025-01-15 12:00:00+00:00,96762.19,99499,96539.77,99434.41,8676.0748,808992,5104.3723
2025-01-15 15:00:00+00:00,99434.8,99799.98,98602.05,98645.65,5401.9032,663312,2553.7663
2025-01-15 18:00:00+00:00,98645.65,100681.94,98645.65,99566.4,5003.4396,485110,2677.1596
2025-01-15 21:00:00+00:00,99566.34,100510.05,99476.16,100497.35,2416.0425,261464,1212.747
2025-01-16 00:00:00+00:00,100497.35,100866.66,99471.48,99637.77,3897.0387,547854,1789.6634
2025-01-16 03:00:00+00:00,99637.78,99848,99170,99382.11,1735.8944,208302,674.20419
2025-01-16 06:00:00+00:00,99382.11,99921.86,98617.55,98955.8,2568.7454,242434,1242.7109
2025-01-16 09:00:00+00:00,98955.81,99405.74,98649.41,99158.71,2759.4294,287226,1447.3654
2025-01-16 12:00:00+00:00,99158.7,99517.93,97489.74,97618.89,5371.4636,767784,2623.1587
2025-01-16 15:00:00+00:00,97618.88,100361.54,97335.13,99838.54,6006.3648,953011,3188.2221
2025-01-16 18:00:00+00:00,99838.55,100641.99,99260.45,100343.99,3428.5154,473657,1634.1955
2025-01-16 21:00:00+00:00,100344,100399.33,99377,99987.3,2065.4014,282487,914.01688
2025-01-17 00:00:00+00:00,99987.3,102148.13,99950.77,101100,6131.9128,604264,3535.2619
2025-01-17 03:00:00+00:00,101100,101782.02,100943.77,101334.05,2350.9446,256798,1217.3986
2025-01-17 06:00:00+00:00,101334.06,102220.14,101302.6,102136.01,3571.9606,282508,2008.6434
2025-01-17 09:00:00+00:00,102136,102581.45,101743.19,102237.6,3415.6947,343735,1837.0489
2025-01-17 12:00:00+00:00,102237.6,103395.47,102195.9,103378.95,5326.0757,587134,2867.5391
2025-01-17 15:00:00+00:00,103379.23,105269.24,103285.79,104125.46,9687.7666,925365,5006.7857
2025-01-17 18:00:00+00:00,104125.46,105865.22,104039.05,104692.7,5867.8635,608192,2998.3613
2025-01-17 21:00:00+00:00,104692.7,105041.05,104065.25,104077.48,2819.6345,278911,1202.1741
2025-01-18 00:00:00+00:00,104077.47,104656.87,104075.34,104327.98,1904.861,238730,812.45296
2025-01-18 03:00:00+00:00,104327.99,104479.31,102666.55,102829.27,4458.0339,498935,1943.2517
2025-01-18 06:00:00+00:00,102829.27,103636.91,102277.55,103272,3588.7961,434361,1781.7109
2025-01-18 09:00:00+00:00,103271.99,103883.01,102828.95,103589.29,2618.3815,384978,1303.9338
2025-01-18 12:00:00+00:00,103589.29,104562.5,103107.65,103993.03,3362.6052,443009,1763.9216
2025-01-18 15:00:00+00:00,103993.02,104988.88,103156.02,103826.16,4394.1277,757845,2068.8428
2025-01-18 18:00:00+00:00,103826.16,104488,103765.44,104035.42,2221.0799,373599,1070.4563
2025-01-18 21:00:00+00:00,104035.42,104750,103860.91,104556.23,1759.9447,271705,862.94264
2025-01-19 00:00:00+00:00,104556.23,105458.55,104013.51,104877.96,2435.5524,314807,1245.3078
2025-01-19 03:00:00+00:00,104877.97,105267.67,104191.19,105116.52,3215.3791,404357,1590.2527
2025-01-19 06:00:00+00:00,105116.51,105634.78,104305.36,104428.24,4007.5295,415127,1993.3722
2025-01-19 09:00:00+00:00,104428.23,105496.03,103450.69,104363.23,6294.2607,775533,2955.2165
2025-01-19 12:00:00+00:00,104363.24,105706.48,104300.75,105160,4515.2633,641917,2179.6494
2025-01-19 15:00:00+00:00,105159.99,105247.4,104500.01,105115.8,3262.3759,360460,1606.2385
2025-01-19 18:00:00+00:00,105115.8,106422.43,104902.27,106275.49,3457.2789,408398,1916.0413
2025-01-19 21:00:00+00:00,106275.49,106368.33,99651.6,101331.57,16209.643,1951321,7593.4325
2025-01-20 00:00:00+00:00,101331.57,102321.42,99550,101926.42,11814.219,1664120,5710.5659
2025-01-20 03:00:00+00:00,101926.56,102825.73,101411.2,102344.2,4710.5592,840792,2229.6658
2025-01-20 06:00:00+00:00,102344.2,109588,102220.8,108320.01,21092.367,1971145,11514.037
2025-01-20 09:00:00+00:00,108320,109193.23,107548,108239.19,6537.6016,851091,3218.6134
2025-01-20 12:00:00+00:00,108239.19,108700.01,105472.95,107866.65,9274.6768,1409782,4667.0402
2025-01-20 15:00:00+00:00,107866.65,107990,100333,102963.32,24577.233,2780005,12047.873
2025-01-20 18:00:00+00:00,102963.31,104469.15,102733.77,103647.16,6923.0541,1250175,3251.9462
2025-01-20 21:00:00+00:00,103647.16,104080,101701.01,102260.01,4599.5219,830827,2130.7885
2025-01-21 00:00:00+00:00,102260,102763.33,100119.04,102545.56,8692.6497,1341437,4313.8142
2025-01-21 03:00:00+00:00,102545.57,103260.1,101339.49,101365.98,4181.6127,708058,2131.0918
2025-01-21 06:00:00+00:00,101365.98,102496.74,101111.68,102466.81,3846.9115,610365,2073.302
2025-01-21 09:00:00+00:00,102466.82,103973.02,102072.13,103758.25,5048.3385,640404,2385.0012
2025-01-21 12:00:00+00:00,103758.25,105320,103001,103260.91,6991.977,924418,3459.6658
2025-01-21 15:00:00+00:00,103260.9,106500.99,102803.43,106173.26,9005.4696,1300311,4690.3271
2025-01-21 18:00:00+00:00,106173.27,107240.81,105892,106137.51,5298.287,824730,2722.3419
2025-01-21 21:00:00+00:00,106137.51,106814.37,105420,106143.82,2875.7741,493257,1451.4834
2025-01-22 00:00:00+00:00,106143.82,106394.46,105448.99,105583.89,2418.7748,445127,1122.9162
2025-01-22 03:00:00+00:00,105583.9,105912.18,105277.24,105689.15,1834.4161,267079,853.15016
2025-01-22 06:00:00+00:00,105689.15,105952,104700,105270.03,2700.3367,402143,1117.6094
2025-01-22 09:00:00+00:00,105270.03,105464.83,104647.75,105100.39,1968.3381,317950,890.85728
2025-01-22 12:00:00+00:00,105100.38,105584.23,103662.58,104393.66,4555.0168,801702,2055.2196
2025-01-22 15:00:00+00:00,104393.67,105148.95,103339.12,104345.8,4201.5541,1007256,2145.548
2025-01-22 18:00:00+00:00,104345.8,104830.12,103756.48,104321.1,2866.8781,695613,1494.0702
2025-01-22 21:00:00+00:00,104321.11,104514.8,103611.66,103706.66,1703.3778,427165,822.22214
2025-01-23 00:00:00+00:00,103706.66,103819.99,102100,102655.34,4175.0757,550697,1897.0164
2025-01-23 03:00:00+00:00,102655.34,103007.75,101575.5,102532.52,3304.6208,449869,1498.2415
2025-01-23 06:00:00+00:00,102532.52,102968.31,102060,102215.75,2016.0774,381502,1084.0044
2025-01-23 09:00:00+00:00,102215.75,102467.73,101262.28,101944.49,2600.65,454404,1211.5987
2025-01-23 12:00:00+00:00,101944.5,106050.86,101281.62,105213.5,8024.6632,1041072,4241.1433
2025-01-23 15:00:00+00:00,105213.6,106850,102643.49,105927.78,16356.62,1753026,8251.0264
2025-01-23 18:00:00+00:00,105927.78,106421.03,102559.2,103284.48,12337.17,1605029,6233.8481
2025-01-23 21:00:00+00:00,103284.01,104700,102195.7,103910.34,5138.2427,725784,2629.0478
2025-01-24 00:00:00+00:00,103910.35,104157.98,102956.72,103016.01,2318.3947,434585,1116.713
2025-01-24 03:00:00+00:00,103016,105262.13,102750,105222.15,3277.1923,655528,1726.3449
2025-01-24 06:00:00+00:00,105222.15,105650,104628,105500.76,2270.7924,477321,1133.869
2025-01-24 09:00:00+00:00,105500.76,105759,105051.46,105420.1,2041.7455,401902,999.58764
2025-01-24 12:00:00+00:00,105420.11,106321.66,104669.17,105758,3590.3706,735028,1889.339
2025-01-24 15:00:00+00:00,105758,106699.99,105259.49,106458.46,4136.9907,925078,2146.1629
2025-01-24 18:00:00+00:00,106458.47,107120,104736.84,104859.11,4019.8938,812900,1937.3539
2025-01-24 21:00:00+00:00,104859.4,105477,104456.89,104870.5,1953.8603,356544,944.09018
2025-01-25 00:00:00+00:00,104870.51,104870.51,104361.89,104559.54,1489.3564,279411,729.5996
2025-01-25 03:00:00+00:00,104559.54,105280.82,104236.95,104365.97,1240.9412,226810,630.09844
2025-01-25 06:00:00+00:00,104365.96,104523.25,104135.71,104341.98,1066.95,223055,495.8696
2025-01-25 09:00:00+00:00,104341.99,104700.01,104106.09,104670.99,894.4122,204054,471.33751
2025-01-25 12:00:00+00:00,104670.99,104868,104456,104600.01,923.41392,202342,482.31304
2025-01-25 15:00:00+00:00,104600,105111.11,104449.75,104899.71,1511.4564,297300,746.93985
2025-01-25 18:00:00+00:00,104899.72,105286.52,104843.25,104965.71,1077.255,184756,495.59261
2025-01-25 21:00:00+00:00,104965.71,105250,104696,104746.85,864.53859,153037,410.85373
2025-01-26 00:00:00+00:00,104746.86,104841.84,104503.7,104696.25,862.15621,147580,423.36605
2025-01-26 03:00:00+00:00,104696.25,105500,104696.24,105094.12,1230.1909,212168,735.84746
2025-01-26 06:00:00+00:00,105094.13,105221.36,104863.31,105030.4,735.70967,143273,363.36316
2025-01-26 09:00:00+00:00,105030.4,105030.41,104444.01,104818.69,1057.0646,196879,464.73019
2025-01-26 12:00:00+00:00,104818.68,105126.11,104703.58,104944,931.36429,162976,556.10409
2025-01-26 15:00:00+00:00,104944,105093.22,104887.7,104945.11,553.94305,136607,259.63634
2025-01-26 18:00:00+00:00,104945.12,105260.36,104906.89,104949.99,724.69413,148853,325.54203
2025-01-26 21:00:00+00:00,104949.99,105006,102520.44,102620,3717.3895,664675,1513.5831
2025-01-27 00:00:00+00:00,102620.01,103260,100835.25,101000,7089.1555,1295104,3175.9713
2025-01-27 03:00:00+00:00,100999.99,101858.19,99713.37,100374.08,5903.5529,838676,2341.7194
2025-01-27 06:00:00+00:00,100374.07,100491.99,97777.77,99043.77,9853.3004,1297144,4462.2433
2025-01-27 09:00:00+00:00,99043.78,99533.33,98263.49,98761.13,4949.9017,989528,2386.7103
2025-01-27 12:00:00+00:00,98761.12,102317.94,98714.28,101920.89,9013.1172,1731188,4699.8557
2025-01-27 15:00:00+00:00,101920.88,102118.49,99049.98,99150.01,6424.6826,1420310,2769.9808
2025-01-27 18:00:00+00:00,99150.01,101750.4,98864,101386.5,4319.4743,990452,2005.8623
2025-01-27 21:00:00+00:00,101386.11,102405,100954,102082.83,3204.9495,806508,1686.8813
2025-01-28 00:00:00+00:00,102082.83,102892,101334.55,102402.01,2824.8747,643592,1364.4621
2025-01-28 03:00:00+00:00,102402.01,103371.24,102026.02,103014.59,2288.0001,473980,1107.0708
2025-01-28 06:00:00+00:00,103014.6,103343.65,102527.39,102851.23,1639.8654,403907,775.08567
2025-01-28 09:00:00+00:00,102851.23,103181.82,102393.94,102762.01,1623.5557,390558,808.83987
2025-01-28 12:00:00+00:00,102762.02,102988.6,101815.26,102641.99,2890.9546,777542,1414.9307
2025-01-28 15:00:00+00:00,102642,103800,101906.24,102572.82,5163.9312,1263275,2746.2384
2025-01-28 18:00:00+00:00,102572.82,103108,101197.04,101264.48,2712.7514,743432,1183.6258
2025-01-28 21:00:00+00:00,101264.02,101547.22,100272.68,101335.52,2878.1245,732358,1356.3941
2025-01-29 00:00:00+00:00,101335.52,102319.69,101328.01,101795.4,1334.9441,368311,637.21296
2025-01-29 03:00:00+00:00,101795.41,102384.61,101764.24,102262,1099.6751,251935,511.00469
2025-01-29 06:00:00+00:00,102262,103000,102237.05,102732.03,1553.645,349234,860.05117
2025-01-29 09:00:00+00:00,102732.03,102809.52,102180.65,102646,1682.0394,315882,962.39801
2025-01-29 12:00:00+00:00,102646,102842.04,101582.37,102029.93,3576.7013,698572,1565.74
2025-01-29 15:00:00+00:00,102029.94,102777.78,101675.62,102406.98,2248.4612,750169,1091.8175
2025-01-29 18:00:00+00:00,102406.97,104782.68,101400.01,104193.93,8775.656,1772785,4686.8604
2025-01-29 21:00:00+00:00,104193.92,104393.93,103405.77,103733.24,2884.2359,682811,1360.087
2025-01-30 00:00:00+00:00,103733.25,104668.35,103278.54,104663.19,2395.0477,526771,1334.3921
2025-01-30 03:00:00+00:00,104663.19,105595.81,104493.16,105375.7,3146.5887,481198,1708.3843
2025-01-30 06:00:00+00:00,105375.7,105580.16,104799.66,105060.01,1602.4898,284510,776.92868
2025-01-30 09:00:00+00:00,105060.01,105534,105021.36,105300.63,1218.0777,258348,491.25224
2025-01-30 12:00:00+00:00,105300.63,106222.08,104660,105920.57,3458.2926,650922,1881.8446
2025-01-30 15:00:00+00:00,105920.57,106457.44,104900.14,105300.01,3979.3198,886012,2099.9706
2025-01-30 18:00:00+00:00,105300.01,105821.62,104762.59,104907.15,2410.3797,629195,1269.965
2025-01-30 21:00:00+00:00,104907.1,105351.29,104693.82,104722.94,1163.8786,273119,578.19075
2025-01-31 00:00:00+00:00,104722.94,105029.72,104255.01,104341.72,1629.5596,337431,831.19717
2025-01-31 03:00:00+00:00,104341.73,104547.24,103930.09,104319.87,1635.5153,275092,785.29966
2025-01-31 06:00:00+00:00,104319.87,104814.46,104002.01,104028.78,1556.4033,284723,681.11655
2025-01-31 09:00:00+00:00,104028.79,104848.65,103936.54,104736,1550.8185,310618,868.29547
2025-01-31 12:00:00+00:00,104736.01,105036.03,104106,104442.79,2338.1718,452069,1060.2479
2025-01-31 15:00:00+00:00,104443.99,106012,104443.99,104580.87,4443.1454,799501,2518.615
2025-01-31 18:00:00+00:00,104580.87,104820,101603.23,101680.02,6434.7237,1452711,2753.9163
2025-01-31 21:00:00+00:00,101680.02,102482.94,101560,102429.56,2394.8443,419759,1198.7115
2025-02-01 00:00:00+00:00,102429.56,102783.71,102213.07,102467.77,1475.5952,267313,833.43563
2025-02-01 03:00:00+00:00,102466.96,102588.57,102118.56,102500,911.72789,184598,470.35448
2025-02-01 06:00:00+00:00,102500,102577.12,101836.43,102016.85,1124.8879,217144,362.61255
2025-02-01 09:00:00+00:00,102016.85,102055.98,101412,102028.81,1379.4949,313375,634.93893
2025-02-01 12:00:00+00:00,102028.82,102329.01,101799.9,101827.53,1331.9139,276645,653.03415
2025-02-01 15:00:00+00:00,101827.53,102297.99,101730.79,102262.49,1007.51,281052,533.18227
2025-02-01 18:00:00+00:00,102262.5,102279.52,101000,101333.34,2120.9781,482631,795.47855
2025-02-01 21:00:00+00:00,101333.34,101578.04,100279.51,100635.65,2938.8497,566028,1342.8567
2025-02-02 00:00:00+00:00,100635.66,101456.6,100425,100452.16,1693.3121,412106,805.38315
2025-02-02 03:00:00+00:00,100452.16,100755.93,99031.19,100259.53,4833.6275,918893,1986.0262
2025-02-02 06:00:00+00:00,100259.53,100515.99,99315.91,99831.04,2435.06,490148,1064.7855
2025-02-02 09:00:00+00:00,99831.05,99864.02,98645,98864.6,3189.3534,649388,1236.9745
2025-02-02 12:00:00+00:00,98864.6,99439.05,98157,99205.08,4359.5022,770838,2079.5067
2025-02-02 15:00:00+00:00,99205.08,99405.74,97019,97228.85,5572.0377,1312516,2463.0638
2025-02-02 18:00:00+00:00,97228.86,98700,96821.54,97798,6013.2886,1369057,2877.3234
2025-02-02 21:00:00+00:00,97798.01,98022.2,96150,97700.59,6523.3178,1279393,3074.1035
2025-02-03 00:00:00+00:00,97700.59,97782.79,91231,93566.01,26147.301,2982291,11894.588
2025-02-03 03:00:00+00:00,93566,94688,92646.36,94216,7758.34,1385538,3808.3513
2025-02-03 06:00:00+00:00,94215.99,95634.39,93657.33,95340,5439.2943,1069404,2832.4941
2025-02-03 09:00:00+00:00,95339.99,95950.68,94799.29,95107.89,4460.4984,834416,2083.2419
2025-02-03 12:00:00+00:00,95107.89,96702.12,94131.14,96589.5,7673.7334,1257453,3765.2818
2025-02-03 15:00:00+00:00,96589.5,99500,96190.47,99206.38,11921.185,1537507,6150.1724
2025-02-03 18:00:00+00:00,99206.38,101951.82,98941.17,101083,7883.1918,983186,4226.411
2025-02-03 21:00:00+00:00,101081.4,102500.01,100918,101328.52,3881.1946,575467,1976.0293
2025-02-04 00:00:00+00:00,101328.51,101732.31,100743.33,100839.99,2991.5133,345770,1289.951
2025-02-04 03:00:00+00:00,100839.99,101021.78,98229.82,98865.99,5507.1505,683299,2367.7324
2025-02-04 06:00:00+00:00,98866,99673.6,97860,98304.34,4576.554,671311,2335.0529
2025-02-04 09:00:00+00:00,98304.35,99445.17,98271.73,98967.7,2787.0242,580262,1531.7119
2025-02-04 12:00:00+00:00,98967.7,100415,98561.48,99984.72,5334.73,797468,2626.4443
2025-02-04 15:00:00+00:00,99984.72,100223.38,98275.98,99168.35,6102.4332,1206871,2871.5068
2025-02-04 18:00:00+00:00,99168.35,100777.93,97965.63,98652.18,6972.3371,1250970,3392.5282
2025-02-04 21:00:00+00:00,98652.18,98673.86,96150,97763.13,5996.2446,1082960,2676.654
2025-02-05 00:00:00+00:00,97763.14,98930.44,97131.43,97993.99,3388.2063,671528,1499.0929
2025-02-05 03:00:00+00:00,97994,98332.41,97681.53,98138.4,2051.5282,403174,932.08987
2025-02-05 06:00:00+00:00,98138.4,98222,97352.77,97634.24,2349.165,437885,1036.7913
2025-02-05 09:00:00+00:00,97634.25,98256,97257.05,98198,2612.5835,378946,1253.8948
2025-02-05 12:00:00+00:00,98198,99149,97941.6,98292.27,3486.5222,538088,1583.1286
2025-02-05 15:00:00+00:00,98292.27,98550,97326.99,97550.74,4081.3516,850504,1725.3378
2025-02-05 18:00:00+00:00,97550.12,97706.37,96500,97323.39,3705.0529,663685,1640.4344
2025-02-05 21:00:00+00:00,97323.4,97532.61,96155,96612.43,4558.8948,527953,1361.782
2025-02-06 00:00:00+00:00,96612.44,97458.02,96430.78,97364.08,2120.2187,444141,1096.7344
2025-02-06 03:00:00+00:00,97364.09,97885.99,97073.36,97831.47,1264.9769,213314,638.98329
2025-02-06 06:00:00+00:00,97831.47,98436.61,97704,98128.43,1657.4874,268982,731.31421
2025-02-06 09:00:00+00:00,98128.42,99120,98110.7,98877.99,2314.3633,370538,1233.4533
2025-02-06 12:00:00+00:00,98877.99,99040.09,97795.76,97835.98,3644.3064,703555,1796.5415
2025-02-06 15:00:00+00:00,97835.98,98064.34,96340.81,96715.35,5287.4896,992572,2443.491
2025-02-06 18:00:00+00:00,96715.35,97093.5,95676.64,96926.63,4413.6804,795229,2191.4437
2025-02-06 21:00:00+00:00,96926.63,96959.99,96093.35,96554.35,2812.6814,454476,1129.5691
2025-02-07 00:00:00+00:00,96554.35,97805.6,96409.65,97575.85,2759.3261,519889,1401.9131
2025-02-07 03:00:00+00:00,97575.86,97883.12,97142.13,97338.2,1177.7431,284796,492.03661
2025-02-07 06:00:00+00:00,97338.2,97362.53,96566,97021.47,2416.1478,454544,1110.8807
2025-02-07 09:00:00+00:00,97021.47,97750,97021.47,97750,1500.5109,267009,806.82741
2025-02-07 12:00:00+00:00,97749.99,100137.99,97165.51,99710.92,7099.6622,879388,3795.2936
2025-02-07 15:00:00+00:00,99710.91,99710.91,97145.81,97434.78,9814.4515,1452203,4412.6389
2025-02-07 18:00:00+00:00,97434.79,98353.1,95620.34,95764.31,4369.806,720706,1934.9676
2025-02-07 21:00:00+00:00,95764.3,96518.16,95632.23,96506.8,2656.5732,433921,1294.7957
2025-02-08 00:00:00+00:00,96506.8,96851.48,96335.42,96751.01,1706.8959,305656,612.08217
2025-02-08 03:00:00+00:00,96751.02,96880,96064.61,96211.08,1144.4689,227109,495.28511
2025-02-08 06:00:00+00:00,96211.08,96318.8,95785.09,95893.84,1363.8981,212918,649.45366
2025-02-08 09:00:00+00:00,95893.84,96289,95865.71,96120,744.62139,164624,398.83019
2025-02-08 12:00:00+00:00,96120,96517.52,95864.93,96091.34,1931.2491,254108,887.93796
2025-02-08 15:00:00+00:00,96091.34,96391.03,95688,96377.71,1471.4364,272898,699.87262
2025-02-08 18:00:00+00:00,96377.71,96750,96235.23,96455.92,897.694,178130,422.92511
2025-02-08 21:00:00+00:00,96455.92,96712,96360,96444.74,886.97904,142449,284.14
2025-02-09 00:00:00+00:00,96444.75,97042.59,96360.14,96727.31,1313.9411,198138,563.20786
2025-02-09 03:00:00+00:00,96727.32,97323.09,96690.31,97029.28,1374.7837,197128,812.54679
2025-02-09 06:00:00+00:00,97029.28,97294.46,96777.77,97086,838.98155,150013,411.12538
2025-02-09 09:00:00+00:00,97086,97086,96509.96,96554.01,1477.6408,202893,607.38763
2025-02-09 12:00:00+00:00,96554.01,96703.99,95700,96127.73,2590.2601,310880,1077.3134
2025-02-09 15:00:00+00:00,96127.51,96653.06,95900,96171.17,1588.915,283051,798.77752
2025-02-09 18:00:00+00:00,96171.18,96760,95888.88,96322.24,926.93273,229111,499.28834
2025-02-09 21:00:00+00:00,96322.23,96572.85,94713,96462.75,4009.4612,721978,1894.0818
2025-02-10 00:00:00+00:00,96462.75,97131.47,95256,95798.82,3025.6071,627740,1428.1365
2025-02-10 03:00:00+00:00,95798.83,97640.02,95762,97015.26,3568.8412,510893,1764.8148
2025-02-10 06:00:00+00:00,97015.26,97899.99,96800,97683.99,2802.3135,372163,1577.3367
2025-02-10 09:00:00+00:00,97684,97954.69,97451.73,97661.16,2281.8569,244576,967.09382
2025-02-10 12:00:00+00:00,97661.15,98345,97070,97270.64,3395.291,583263,1611.8167
2025-02-10 15:00:00+00:00,97270.65,97566.03,96866.39,97500,2666.7839,607000,1238.1526
2025-02-10 18:00:00+00:00,97499.99,97643.29,97186.04,97331.95,1780.6154,329489,588.65256
2025-02-10 21:00:00+00:00,97331.96,97490.71,97128.79,97430.82,1051.5665,200795,431.61963
2025-02-11 00:00:00+00:00,97430.82,98149.92,97416.62,97764,1720.2453,437914,884.30229
2025-02-11 03:00:00+00:00,97764,98478.42,97480.16,98412.24,1696.0269,312963,923.30611
2025-02-11 06:00:00+00:00,98412.24,98476,98109.29,98223.79,1665.7787,240607,568.64542
2025-02-11 09:00:00+00:00,98223.79,98300.05,97885.62,98151.52,1233.2525,212699,483.84331
2025-02-11 12:00:00+00:00,98151.51,98158.89,96595.33,96962.03,3134.9625,673671,1432.0609
2025-02-11 15:00:00+00:00,96962.04,97262.56,95950,96165.29,3376.5771,713368,1493.876
2025-02-11 18:00:00+00:00,96165.29,96165.29,94876.88,95305,3529.4848,640756,1614.9985
2025-02-11 21:00:00+00:00,95305.01,96512.7,95256.8,95778.2,2291.436,484608,1193.4681
2025-02-12 00:00:00+00:00,95778.21,96263.99,95384.61,95579.14,1607.5879,342884,665.39575
2025-02-12 03:00:00+00:00,95579.13,95933.3,95100,95886.54,1669.7152,369297,800.65717
2025-02-12 06:00:00+00:00,95886.54,96469.78,95684,96358.46,1550.6633,248237,887.68434
2025-02-12 09:00:00+00:00,96358.46,96377.36,95913.49,96094.65,1815.6182,266523,651.61212
2025-02-12 12:00:00+00:00,96094.65,96631.66,94088.23,95628.91,9488.1295,1445168,4341.9812
2025-02-12 15:00:00+00:00,95628.92,97700,94708.17,97354.89,7100.5425,1224681,3601.2528
2025-02-12 18:00:00+00:00,97354.88,97623.48,96353.47,97025.24,2844.6129,566985,1264.8946
2025-02-12 21:00:00+00:00,97026.53,98119.99,96854.97,97869.99,3074.2968,528962,1607.2276
2025-02-13 00:00:00+00:00,97870,98083.91,97367.45,97473.66,1750.8814,335473,725.33655
2025-02-13 03:00:00+00:00,97473.67,97631.03,96503.38,96666.38,1834.3905,326750,767.7065
2025-02-13 06:00:00+00:00,96666.37,96757.5,95649.85,95943.62,3137.5579,523470,1317.7161
2025-02-13 09:00:00+00:00,95943.62,96336,95599.57,95925.11,1943.0927,383753,809.5604
2025-02-13 12:00:00+00:00,95925.12,96301.59,95336,95857.03,3854.2468,783300,1724.011
2025-02-13 15:00:00+00:00,95857.03,96480.06,95217.36,95692.09,3567.6979,715240,1718.4039
2025-02-13 18:00:00+00:00,95692.08,96361.58,95320.75,96264.52,2376.9008,546716,1108.3456
2025-02-13 21:00:00+00:00,96264.52,96774.71,96253.33,96608.14,1457.008,294754,681.08207
2025-02-14 00:00:00+00:00,96608.13,96965.51,96356.41,96528.47,1350.6234,237116,621.14505
2025-02-14 03:00:00+00:00,96528.47,97248.6,96527.71,96683.29,1322.7173,194307,545.97864
2025-02-14 06:00:00+00:00,96683.3,97075.33,96611.11,96871.97,1259.2765,169699,634.22716
2025-02-14 09:00:00+00:00,96871.96,97196,96800,96887.56,1414.0956,207070,684.75288
2025-02-14 12:00:00+00:00,96887.55,97568.28,96450.34,97290.95,2338.664,413125,1140.7451
2025-02-14 15:00:00+00:00,97290.95,98826,96252.82,98526,5274.325,999873,2900.5699
2025-02-14 18:00:00+00:00,98525.99,98738.57,97003.28,97196.09,3447.9598,773667,1550.8441
2025-02-14 21:00:00+00:00,97196.1,97538.11,96697.56,97500.48,1765.3649,504707,983.05388
2025-02-15 00:00:00+00:00,97500.47,97918.53,97223.58,97839.04,1204.1377,276450,662.04755
2025-02-15 03:00:00+00:00,97839.05,97972.26,97450.01,97611.17,881.89863,159996,339.03029
2025-02-15 06:00:00+00:00,97611.18,97664.06,97301.77,97505.51,658.52,157134,298.62776
2025-02-15 09:00:00+00:00,97505.51,97731.09,97441.49,97615.59,665.48415,164184,312.03468
2025-02-15 12:00:00+00:00,97615.59,97962.51,97426.57,97593.61,1696.4708,305304,921.09788
2025-02-15 15:00:00+00:00,97593.62,97722.22,97304.38,97410.28,923.04492,245610,420.37939
2025-02-15 18:00:00+00:00,97410.29,97650,97368.82,97539.4,497.75317,176331,228.65969
2025-02-15 21:00:00+00:00,97539.4,97741.35,97426.56,97569.66,822.06741,209318,397.26478
2025-02-16 00:00:00+00:00,97569.67,97704.47,97469.29,97524.87,581.8759,134292,261.56849
2025-02-16 03:00:00+00:00,97524.87,97682.04,97411.11,97603.3,708.48225,119210,346.44705
2025-02-16 06:00:00+00:00,97603.3,97625.63,97131.06,97163.86,689.26976,125942,222.58989
2025-02-16 09:00:00+00:00,97163.87,97388.89,97061.58,97336,889.1537,175723,441.88891
2025-02-16 12:00:00+00:00,97335.99,97336,96645.35,96969.58,1577.2861,253524,560.79445
2025-02-16 15:00:00+00:00,96969.58,97169.15,96880,96982.95,774.85866,175852,362.14276
2025-02-16 18:00:00+00:00,96982.94,97160.74,96609.05,96909.54,1022.5975,262695,581.28558
2025-02-16 21:00:00+00:00,96909.55,97282.38,96046.18,96118.12,1947.901,349463,943.0135
2025-02-17 00:00:00+00:00,96118.12,96638.05,96023.17,96228.98,1379.9596,313608,778.06886
2025-02-17 03:00:00+00:00,96228.97,96328.14,95800,96242.66,1888.0731,247628,894.93493
2025-02-17 06:00:00+00:00,96242.67,96463.2,95900.94,96144.03,1874.2706,272305,783.64774
2025-02-17 09:00:00+00:00,96144.03,96395.68,95990,96063.18,1732.8301,282786,839.20301
2025-02-17 12:00:00+00:00,96063.17,97046.59,96059.4,96799.99,2726.2164,388273,1675.2872
2025-02-17 15:00:00+00:00,96800,96898.9,95288,95479.78,4078.6926,664396,1724.6164
2025-02-17 18:00:00+00:00,95479.78,96267.45,95205,95971.36,1681.3369,421990,848.43917
2025-02-17 21:00:00+00:00,95971.35,96413.43,95673.02,95780,1130.6658,240251,466.21831
2025-02-18 00:00:00+00:00,95780.01,96322.97,95538.01,96064.47,1322.1586,266646,706.25716
2025-02-18 03:00:00+00:00,96064.47,96300.73,95539.14,95609.49,1244.8063,261568,504.93693
2025-02-18 06:00:00+00:00,95609.5,95713.19,95050,95238.89,3183.6309,491406,1407.8047
2025-02-18 09:00:00+00:00,95238.89,95872.17,95149.04,95640.34,1511.4146,313344,718.47373
2025-02-18 12:00:00+00:00,95640.35,96753.91,95375.12,95536.83,3237.8139,618785,1666.3564
2025-02-18 15:00:00+00:00,95536.83,95730.77,94102.15,94102.16,4829.7683,985040,2005.5741
2025-02-18 18:00:00+00:00,94102.16,94458.4,93388.09,94196.02,4338.7562,809175,2143.2659
2025-02-18 21:00:00+00:00,94196.77,95685,94118.8,95671.74,3699.8459,488284,2279.8049
2025-02-19 00:00:00+00:00,95671.74,95961.54,95055,95831.76,1792.5406,369882,916.2452
2025-02-19 03:00:00+00:00,95831.76,95837.82,95029.99,95289.33,2928.8271,289760,782.02131
2025-02-19 06:00:00+00:00,95289.34,95866,95249.65,95629.99,1224.2116,185435,627.53075
2025-02-19 09:00:00+00:00,95629.99,96468.99,95629.7,96422.6,2066.1456,259037,856.32315
2025-02-19 12:00:00+00:00,96422.6,96700,95692,95766.33,2338.5419,411440,915.2322
2025-02-19 15:00:00+00:00,95766.33,96480,95536.36,96389.57,2448.4364,590554,1223.0472
2025-02-19 18:00:00+00:00,96389.57,96479.99,95407.41,96180.72,2328.2428,472466,1137.1661
2025-02-19 21:00:00+00:00,96180.72,96899.99,96058.38,96644.37,1311.5636,205651,716.05221
2025-02-20 00:00:00+00:00,96644.37,97275.54,96415.09,97134.52,1901.7942,257811,1004.6961
2025-02-20 03:00:00+00:00,97134.52,97362.83,96891.47,96909.99,2337.3671,215968,904.88064
2025-02-20 06:00:00+00:00,96909.99,97197.74,96781.57,97150.01,1220.9205,141368,599.14717
2025-02-20 09:00:00+00:00,97150.01,97384.03,97095.75,97207.92,1194.1214,153626,607.25597
2025-02-20 12:00:00+00:00,97207.93,98062.15,96877.51,96966.91,3183.1243,447637,1722.1403
2025-02-20 15:00:00+00:00,96966.92,97999.99,96799.42,97954.95,3050.3646,562539,1467.3018
2025-02-20 18:00:00+00:00,97954.95,98711.36,97943.34,98453.61,2822.6004,368199,1452.2856
2025-02-20 21:00:00+00:00,98453.61,98510.89,98000,98305,1347.0992,239825,598.72102
2025-02-21 00:00:00+00:00,98305.01,98505,98084.06,98111.12,1621.8845,239212,677.64305
2025-02-21 03:00:00+00:00,98111.13,98389.31,98085.15,98333.58,1685.1684,166682,669.73227
2025-02-21 06:00:00+00:00,98333.59,98610.17,98150,98213.41,1422.1194,159360,688.7119
2025-02-21 09:00:00+00:00,98213.41,98896.81,98111.11,98629.3,3101.6473,373561,1776.6266
2025-02-21 12:00:00+00:00,98629.31,99475,98345.69,98777.77,4236.2546,714570,2218.7249
2025-02-21 15:00:00+00:00,98777.78,99333.34,96832.01,96971.9,9704.0043,1350640,4363.3963
2025-02-21 18:00:00+00:00,96971.91,97223.4,94871.95,95066.25,7473.9125,1074054,3215.2313
2025-02-21 21:00:00+00:00,95066.24,96202.68,95006.13,96181.98,3004.2904,450446,1703.5155
2025-02-22 00:00:00+00:00,96181.99,96455.97,95770.49,96343.22,1953.3506,233783,924.9889
2025-02-22 03:00:00+00:00,96343.22,96530,96156.53,96509.83,950.82753,167352,413.71261
2025-02-22 06:00:00+00:00,96509.83,96578.99,96159.01,96219.8,1177.8427,163932,522.51333
2025-02-22 09:00:00+00:00,96219.81,96611.53,96151,96580,1620.5004,206528,845.78494
2025-02-22 12:00:00+00:00,96580,96980,96498.27,96535.9,1690.3328,230581,727.12102
2025-02-22 15:00:00+00:00,96535.91,96811.03,96455,96639.38,1756.2045,226342,909.68657
2025-02-22 18:00:00+00:00,96639.39,96823.53,96345.49,96578.01,1381.6783,156819,531.91631
2025-02-22 21:00:00+00:00,96578.01,96700,96472.22,96551.01,737.44041,121081,417.55683
2025-02-23 00:00:00+00:00,96551.01,96650,96355.17,96410.27,992.87107,124120,374.64603
2025-02-23 03:00:00+00:00,96410.28,96566.04,96194.65,96208.62,947.89611,139313,328.78351
2025-02-23 06:00:00+00:00,96208.63,96558.01,96143.99,96364.32,847.2822,139186,436.04263
2025-02-23 09:00:00+00:00,96364.32,96470.59,96083.33,96115.99,1007.3641,126922,516.53914
2025-02-23 12:00:00+00:00,96115.99,96158.5,95544,95593.89,1983.6692,304655,727.46664
2025-02-23 15:00:00+00:00,95593.88,95750,95227.94,95656.78,2352.3239,266198,859.17277
2025-02-23 18:00:00+00:00,95656.78,95876,95622.65,95777.7,1186.9681,128970,467.69274
2025-02-23 21:00:00+00:00,95777.71,96332.44,95522.78,96258,1566.4745,228004,909.58921
2025-02-24 00:00:00+00:00,96258,96500,95752.68,95829.35,1804.9098,355636,873.92344
2025-02-24 03:00:00+00:00,95829.36,95829.36,95078.01,95727.39,2803.6637,412760,1415.5259
2025-02-24 06:00:00+00:00,95727.39,95945,95375.89,95509.49,2002.3844,250658,987.44321
2025-02-24 09:00:00+00:00,95509.5,96177.18,95355,95821.45,2392.172,355134,1229.0618
2025-02-24 12:00:00+00:00,95821.45,96095.32,94578,94674.44,4072.5713,583739,1777.7376
2025-02-24 15:00:00+00:00,94674.45,95194.59,93817.06,94644,6983.1671,1110392,3268.9986
2025-02-24 18:00:00+00:00,94644.01,94852.59,93666.22,94020,3575.8407,747475,1790.0362
2025-02-24 21:00:00+00:00,94019.99,94349.22,91349.26,91552.88,7915.394,1156890,3095.907
2025-02-25 00:00:00+00:00,91552.88,92536.93,90912.01,92376.68,7621.2802,1346301,3759.7731
2025-02-25 03:00:00+00:00,92376.68,92540.69,91706.87,92070.34,3658.8265,673185,1535.6461
2025-02-25 06:00:00+00:00,92070.35,92128.51,88200,89400.53,16197.869,1675756,6804.3214
2025-02-25 09:00:00+00:00,89400.54,89598.02,86888.1,89239.39,13694.247,1765809,5876.7721
2025-02-25 12:00:00+00:00,89239.39,89544.4,87077,87157.25,10009.027,1325949,4382.4481
2025-02-25 15:00:00+00:00,87157.25,87805.4,86050.99,87259.99,14920.878,1752813,6836.2109
2025-02-25 18:00:00+00:00,87259.99,89013.66,86508.76,88161.03,7812.1758,1170341,4217.9326
2025-02-25 21:00:00+00:00,88161.03,89460.17,87761.9,88680.4,4418.8073,578991,2409.0484
2025-02-26 00:00:00+00:00,88680.39,89198.23,88148.48,89018.87,2665.3718,465687,1344.0078
2025-02-26 03:00:00+00:00,89018.86,89414.15,88392.45,88423.6,2727.8086,474483,1176.4435
2025-02-26 06:00:00+00:00,88423.59,89163.39,88138,88484.54,3021.0411,458340,1514.2245
2025-02-26 09:00:00+00:00,88484.54,89314.45,88464,88616.8,3110.0323,405006,1670.6734
2025-02-26 12:00:00+00:00,88616.8,88674,85418.72,87621.22,9659.7775,1454349,4617.6638
2025-02-26 15:00:00+00:00,87621.21,88530,85687.81,86051.33,8867.94,1772539,4311.9803
2025-02-26 18:00:00+00:00,86051.33,86498,82256.01,84385.89,18679.338,2173363,9190.844
2025-02-26 21:00:00+00:00,84384.34,85400,83464,84250.09,8162.2352,1286239,4251.347
2025-02-27 00:00:00+00:00,84250.09,85466.55,84026.96,84295.2,5726.6252,892260,2828.8775
2025-02-27 03:00:00+00:00,84295.19,85944.76,84272.91,85883.13,3967.3506,627778,2116.223
2025-02-27 06:00:00+00:00,85883.13,86737,85707.64,86078.47,3599.3451,673809,1887.8463
2025-02-27 09:00:00+00:00,86078.47,87078.46,85846.87,86698.6,3204.3098,567413,1745.6717
2025-02-27 12:00:00+00:00,86698.6,86795.9,84951.51,84968.65,7458.5453,928370,2900.7816
2025-02-27 15:00:00+00:00,84969.99,86145.52,84355.04,84597,9022.4881,1173876,3876.8939
2025-02-27 18:00:00+00:00,84597,84990.24,82716.49,83524.98,5863.9938,849208,2915.0939
2025-02-27 21:00:00+00:00,83522.02,84927.84,83223.74,84708.58,3662.7964,644867,2084.332
2025-02-28 00:00:00+00:00,84708.57,84892.85,79532,80805.5,19970.102,1873304,8918.7115
2025-02-28 03:00:00+00:00,80805.5,81539.25,79152,79973.79,13603.026,1997563,6462.921
2025-02-28 06:00:00+00:00,79973.79,80440.44,78258.52,78975.99,13220.759,1609563,6361.1327
2025-02-28 09:00:00+00:00,78975.98,80854.46,78896.22,80513.38,7262.0171,1174809,3737.5877
2025-02-28 12:00:00+00:00,80512.97,82549.47,80075.47,82105.05,10431.618,1579399,5223.7363
2025-02-28 15:00:00+00:00,82105.06,84920,81998.26,83605.12,10594.827,1463316,5313.7846
2025-02-28 18:00:00+00:00,83605.11,85120,83196.71,84191.27,6454.9555,1146288,3191.7367
2025-02-28 21:00:00+00:00,84190.51,84596,83888,84349.94,2110.7335,499974,1015.2423
2025-03-01 00:00:00+00:00,84349.95,85678.11,83824.78,85240.46,4097.4991,604037,2271.6311
2025-03-01 03:00:00+00:00,85240.45,86558,84961.44,85588.19,3535.7518,539249,2015.1481
2025-03-01 06:00:00+00:00,85588.19,85663.49,84740.15,85303.37,5731.8175,421537,1920.8109
2025-03-01 09:00:00+00:00,85303.37,85508.79,84382.62,84632.79,3748.7825,432880,1406.9297
2025-03-01 12:00:00+00:00,84632.79,84943.08,84334.39,84713.99,2927.6017,486390,1272.6935
2025-03-01 15:00:00+00:00,84714,85373.4,84560.89,85214.7,2563.5837,506669,1278.6487
2025-03-01 18:00:00+00:00,85214.69,85595.95,85075.47,85537.73,1271.5731,323586,576.9097
2025-03-01 21:00:00+00:00,85537.73,86262.74,85285.88,86064.53,1908.4451,386380,1005.3359
2025-03-02 00:00:00+00:00,86064.54,86498,85611.79,85774.01,1958.3157,489101,1027.0834
2025-03-02 03:00:00+00:00,85774.01,86219.82,85531.87,85957.51,1501.0002,316976,652.15014
2025-03-02 06:00:00+00:00,85957.51,86589.97,85708.93,85754.71,1865.5603,373379,884.9642
2025-03-02 09:00:00+00:00,85754.72,86220.22,85633.13,86105.89,1376.0645,332828,791.41094
2025-03-02 12:00:00+00:00,86105.88,86105.89,85050.6,85107.45,2323.652,497709,1099.6606
2025-03-02 15:00:00+00:00,85107.45,95000,85075.47,94093.75,30470.213,3243328,16864.87
2025-03-02 18:00:00+00:00,94093.74,94446.27,92364.39,94330,9704.7155,1243311,4869.2903
2025-03-02 21:00:00+00:00,94330,94883.51,93670.72,94270,5689.5695,906586,3084.3811
2025-03-03 00:00:00+00:00,94269.99,94416.46,92433.5,93318.24,5289.3152,929607,2519.46
2025-03-03 03:00:00+00:00,93318.23,93437.68,92450,93344,3451.8394,505413,1810.2462
2025-03-03 06:00:00+00:00,93344.78,93344.78,91142,91477.54,5727.5052,1077399,2425.2252
2025-03-03 09:00:00+00:00,91477.54,92917.99,91190.27,92739.99,4320.8764,915203,2355.7185
2025-03-03 12:00:00+00:00,92740,93721.37,89136.45,89278.88,8776.5833,1482397,4084.5368
2025-03-03 15:00:00+00:00,89264.51,91307,89117,90300.01,9509.6555,1595637,4727.2422
2025-03-03 18:00:00+00:00,90300.01,90450.47,85200.01,86074,17508.167,2381802,7749.2549
2025-03-03 21:00:00+00:00,86073.99,87038.46,85117.11,86220.61,4587.1606,910402,2243.7527
2025-03-04 00:00:00+00:00,86221.16,86807.98,82464.84,83936.41,11445.971,1971166,5178.6722
2025-03-04 03:00:00+00:00,83936.41,84581.6,83315.9,84273.99,4522.5523,1094695,2079.0344
2025-03-04 06:00:00+00:00,84274,84411.76,83040.29,83893.09,3751.734,758256,1979.7148
2025-03-04 09:00:00+00:00,83893.09,84373.84,83492.02,83937.94,2969.6458,675850,1530.9475
2025-03-04 12:00:00+00:00,83937.93,84977.65,82062.06,83201.41,9443.3783,1693946,4518.9841
2025-03-04 15:00:00+00:00,83201.4,85529.8,81500,85443.89,10083.608,2034303,5300.3106
2025-03-04 18:00:00+00:00,85443.88,88840.03,85148.68,86825.27,9429.6324,1350864,5159.5008
2025-03-04 21:00:00+00:00,86825.27,88967.52,86582.27,87281.98,3962.5851,747551,1837.5515
2025-03-05 00:00:00+00:00,87281.98,87888.88,86334.53,87466.55,3763.2011,806613,1702.9152
2025-03-05 03:00:00+00:00,87466.55,87888,86722.81,87145.98,3589.4002,624096,1448.771
2025-03-05 06:00:00+00:00,87145.99,87924.68,87000,87760,1908.6748,431026,1139.7046
2025-03-05 09:00:00+00:00,87760,90660,87673.04,89814.26,6143.6459,1195354,3570.1731
2025-03-05 12:00:00+00:00,89814.26,90933.82,88157.25,88519.93,8788.1036,1742542,4109.7524
2025-03-05 15:00:00+00:00,88519.94,90475.3,87600,89687.99,8762.3925,1794039,4501.5237
2025-03-05 18:00:00+00:00,89687.99,90555,88881.66,90499.64,3339.9666,1004473,1701.8193
2025-03-05 21:00:00+00:00,90499.64,91000,89932.13,90606.01,1968.6269,472123,1055.6252
2025-03-06 00:00:00+00:00,90606,92000,89986.73,91812,4367.9389,1109764,2344.717
2025-03-06 03:00:00+00:00,91811.99,92810.64,91405.76,92737.98,3123.2544,889845,1660.6775
2025-03-06 06:00:00+00:00,92737.99,92769.26,91121.34,91156.08,3342.7233,639334,1652.6784
2025-03-06 09:00:00+00:00,91156.08,91667.5,90613.17,91350,2892.2088,690137,1471.8037
2025-03-06 12:00:00+00:00,91350,91399.01,89117.68,89803.99,6162.8258,1317785,2883.5641
2025-03-06 15:00:00+00:00,89803.99,91457.03,88007.19,88628.01,6708.1423,1548401,3287.6757
2025-03-06 18:00:00+00:00,88628,89395.83,87836,89045.44,3928.4358,819860,2006.0243
2025-03-06 21:00:00+00:00,89047.25,90781.2,88971.09,89931.89,3816.9197,628400,1976.8535
2025-03-07 00:00:00+00:00,89931.88,91283.02,84667.03,87235,17301.28,2230290,8294.3457
2025-03-07 03:00:00+00:00,87235.01,88450,86778.57,88221.21,3432.5193,718991,1725.7974
2025-03-07 06:00:00+00:00,88221.21,88612.96,87801.47,88365.78,2641.7134,495408,1255.0506
2025-03-07 09:00:00+00:00,88365.77,89704,88357.55,88966.96,2637.4331,532214,1402.4689
2025-03-07 12:00:00+00:00,88966.96,91100,88292.46,90440.74,7904.806,1323231,3951.7734
2025-03-07 15:00:00+00:00,90440.74,90787.53,86554.77,87685.99,12323.478,1923001,6274.4246
2025-03-07 18:00:00+00:00,87685.99,89023.41,86544.27,86987.72,6113.4807,1302723,2963.4218
2025-03-07 21:00:00+00:00,86986.73,87373.13,85573.07,86801.75,5625.6467,984584,2527.133
2025-03-08 00:00:00+00:00,86801.74,86897.25,85218.47,86180.19,2873.2042,533412,1361.0713
2025-03-08 03:00:00+00:00,86180.19,86500,85456,86279.12,1502.4397,331993,790.24206
2025-03-08 06:00:00+00:00,86279.13,86662,86040.01,86071.57,1474.5633,267127,759.92687
2025-03-08 09:00:00+00:00,86071.57,86450.01,85762.72,85955.88,1326.4926,296731,573.47465
2025-03-08 12:00:00+00:00,85955.89,86626.32,85808.82,86361.69,1980.2781,357485,1027.3375
2025-03-08 15:00:00+00:00,86361.68,86627.51,85661.76,85943.08,1885.5253,380259,900.14542
2025-03-08 18:00:00+00:00,85943.07,86500,85800,86281.39,995.6295,215578,551.70597
2025-03-08 21:00:00+00:00,86281.4,86500,85852.12,86222.45,951.09788,171389,527.6621
2025-03-09 00:00:00+00:00,86222.46,86500,86001.48,86003.33,891.26639,216174,463.42164
2025-03-09 03:00:00+00:00,86003.32,86217.45,85939.85,86034.01,841.21631,223250,395.90552
2025-03-09 06:00:00+00:00,86034,86156.17,85777,85792,1163.7661,211158,485.35669
2025-03-09 09:00:00+00:00,85792,85891.64,84625.01,85024.01,2686.0376,505544,1046.8901
2025-03-09 12:00:00+00:00,85024,85058.34,83000,83602.57,4712.3843,848569,2205.7549
2025-03-09 15:00:00+00:00,83602.58,83768.34,82223,82366,5765.3399,1164844,2700.8953
2025-03-09 18:00:00+00:00,82365.99,83539.66,82264,83083.15,3360.2018,930820,1793.3305
2025-03-09 21:00:00+00:00,83083.16,83090.02,80000,80734.37,6695.1811,1088779,3002.3177
2025-03-10 00:00:00+00:00,80734.48,82744,80037.62,82198.12,5567.9276,1124101,3009.5889
2025-03-10 03:00:00+00:00,82198.12,82797.95,81791.82,82308.52,2471.729,464220,1252.1175
2025-03-10 06:00:00+00:00,82308.51,82687.5,81151,81350.46,2694.1782,662311,1248.7928
2025-03-10 09:00:00+00:00,81350.46,84123.46,81325.32,83582,5451.2319,1388709,3031.3792
2025-03-10 12:00:00+00:00,83582,83771.94,79177.03,79847.08,10005.612,1555140,4589.7278
2025-03-10 15:00:00+00:00,79847.09,81118.32,78202,78459.91,9313.0505,1449151,4183.129
2025-03-10 18:00:00+00:00,78459.9,79729.73,77459.91,79304.98,8762.2982,1384294,4124.4203
2025-03-10 21:00:00+00:00,79304.97,79886.03,78449.98,78595.86,3367.3563,673612,1459.4152
2025-03-11 00:00:00+00:00,78595.86,79650,76606,79354.53,10168.609,1552161,4794.6626
2025-03-11 03:00:00+00:00,79354.54,80457,79279.9,80261.78,3615.8409,638388,1803.3798
2025-03-11 06:00:00+00:00,80261.78,81525.62,80088,81131.16,3937.3073,532349,2332.837
2025-03-11 09:00:00+00:00,81131.15,82092.34,81129.98,81720.34,3566.1057,519600,1790.5086
2025-03-11 12:00:00+00:00,81720.33,82225.21,79058,79773.04,13078.473,1459515,6042.918
2025-03-11 15:00:00+00:00,79773.05,81900,79653.69,81305.57,7310.4209,1137154,3715.0403
2025-03-11 18:00:00+00:00,81305.58,83617.4,81288.61,82799.68,5175.6664,779027,2622.4756
2025-03-11 21:00:00+00:00,82799.68,83306.87,82550.52,82932.99,1917.6454,365116,927.34582
2025-03-12 00:00:00+00:00,82932.99,83783.26,82217.01,82430.79,3708.8019,597815,1892.9288
2025-03-12 03:00:00+00:00,82430.8,82620.01,81617,81987.43,2882.2633,485060,1402.9745
2025-03-12 06:00:00+00:00,81987.44,82841.82,81296,82689.67,3768.6673,702430,1915.6224
2025-03-12 09:00:00+00:00,82689.66,83076.79,82106.09,83004.45,3292.3283,476819,1619.1512
2025-03-12 12:00:00+00:00,83004.45,84539.85,81528.58,81535.72,9070.2671,1308410,4392.1345
2025-03-12 15:00:00+00:00,81535.72,82884.51,80607.65,81844.41,5264.0347,907180,2664.2019
2025-03-12 18:00:00+00:00,81844.41,83189.23,81723,83124.95,2271.5642,459042,1034.505
2025-03-12 21:00:00+00:00,83124.95,83887.26,82852.29,83680.12,1676.0592,316821,827.89866
2025-03-13 00:00:00+00:00,83680.12,84336.33,83312.92,83785.58,3047.0489,459631,1512.0269
2025-03-13 03:00:00+00:00,83785.59,84199.54,83077,83157.16,2207.3037,420547,981.42603
2025-03-13 06:00:00+00:00,83157.16,83559.06,82400.04,82973.35,2419.9317,406198,1039.6941
2025-03-13 09:00:00+00:00,82973.34,83522.61,82708.29,82975.86,2377.166,412815,1096.0404
2025-03-13 12:00:00+00:00,82975.86,83900,81546.52,82009.5,5455.2091,994254,2560.9678
2025-03-13 15:00:00+00:00,82009.51,82193.66,79939.9,80064,6851.7521,875802,2959.8704
2025-03-13 18:00:00+00:00,80063.99,81031.81,79996.65,80379.05,3490.6425,530983,1804.1277
2025-03-13 21:00:00+00:00,80379.05,81484.23,80280.66,81115.78,1697.2203,266863,1059.0278
2025-03-14 00:00:00+00:00,81115.78,82270.51,80818.84,82226.98,1942.7432,326416,1047.7206
2025-03-14 03:00:00+00:00,82226.98,82247.7,81708.96,82141.96,1797.5918,206138,637.62335
2025-03-14 06:00:00+00:00,82141.96,82647.21,81780.08,82593.44,1669.6627,258164,896.12956
2025-03-14 09:00:00+00:00,82593.45,83348.46,82569.31,83253.15,2698.6442,286408,1461.178
2025-03-14 12:00:00+00:00,83253.15,83888,82640.59,83524.8,5838.4466,717605,3081.995
2025-03-14 15:00:00+00:00,83524.8,85309.71,83524.8,84365.18,8700.7365,878718,4857.5661
2025-03-14 18:00:00+00:00,84365.18,84929.45,83717.69,84127.2,2540.7988,407096,1237.0365
2025-03-14 21:00:00+00:00,84127.21,84512.05,83950.06,83983.2,1669.9038,210442,863.63778
2025-03-15 00:00:00+00:00,83983.19,84632.08,83964.57,84557.95,1290.3569,208248,729.39183
2025-03-15 03:00:00+00:00,84557.96,84676.28,84266.25,84266.26,1070.7578,138086,513.86712
2025-03-15 06:00:00+00:00,84266.26,84308.16,83618,83891.36,2007.2849,185067,667.24017
2025-03-15 09:00:00+00:00,83891.37,84184.58,83667.23,84103.74,1771.8913,172262,877.15856
2025-03-15 12:00:00+00:00,84103.74,84499.74,84010.58,84131.75,2308.4813,203672,1007.8099
2025-03-15 15:00:00+00:00,84131.75,84498.72,84131.75,84422.25,1560.0365,178676,883.4781
2025-03-15 18:00:00+00:00,84422.25,84476.46,84076.92,84389.31,784.03625,131840,276.96505
2025-03-15 21:00:00+00:00,84389.31,84467.7,84237.58,84338.44,531.88809,111819,239.38054
2025-03-16 00:00:00+00:00,84338.44,84391.06,83733.86,83966.05,961.88965,173144,384.63916
2025-03-16 03:00:00+00:00,83966.05,84418,83906.26,84395.31,725.86551,110886,448.79884
2025-03-16 06:00:00+00:00,84395.31,84400,83972.57,84268.36,709.00518,112028,354.31742
2025-03-16 09:00:00+00:00,84268.36,84271.03,82381.46,82410.02,2764.588,375630,1042.6251
2025-03-16 12:00:00+00:00,82410.01,83385.97,82400,83373.16,3010.5894,438178,1555.8408
2025-03-16 15:00:00+00:00,83373.15,85117.04,82981.14,83913.22,5022.0407,696599,2688.4993
2025-03-16 18:00:00+00:00,83913.22,84094.52,82562.36,83216.98,2178.8523,447814,975.44298
2025-03-16 21:00:00+00:00,83216.99,83224.31,81981.12,82574.53,2223.2947,413668,1055.7896
2025-03-17 00:00:00+00:00,82574.52,83400,82523,83212.51,1431.4635,298679,743.53277
2025-03-17 03:00:00+00:00,83212.51,83869.77,83120,83120,1781.618,253674,814.00474
2025-03-17 06:00:00+00:00,83120.01,83719.39,82682.62,83547.17,1875.8332,303057,920.13368
2025-03-17 09:00:00+00:00,83547.16,83783.02,83220.11,83514.73,1392.3435,232328,688.84467
2025-03-17 12:00:00+00:00,83514.73,84000,82456,82913.03,4503.4945,828596,2226.7645
2025-03-17 15:00:00+00:00,82913.03,84336.89,82706.58,84197.46,2987.6114,541935,1593.8927
2025-03-17 18:00:00+00:00,84197.46,84756.83,83846.15,83954.36,2322.3682,378582,959.8596
2025-03-17 21:00:00+00:00,83954.36,84251.86,83746.12,84010.03,920.01141,177905,440.8585
2025-03-18 00:00:00+00:00,84010.02,84021.74,83015.39,83367.64,1628.9699,297128,729.51512
2025-03-18 03:00:00+00:00,83367.65,83367.65,82838.8,83010.87,1963.1197,245944,753.85069
2025-03-18 06:00:00+00:00,83010.86,83452.3,82244.68,83281.29,2953.6441,407104,1355.5634
2025-03-18 09:00:00+00:00,83281.29,83349.06,82500,82581.1,1332.8587,254673,602.47909
2025-03-18 12:00:00+00:00,82581.09,82821.6,81134.66,81854.71,4225.1051,698324,1995.8505
2025-03-18 15:00:00+00:00,81854.72,82212.93,81332.58,81466.7,2591.5166,589497,1200.2903
2025-03-18 18:00:00+00:00,81466.69,82476.26,81245.65,82050,1904.9074,399965,898.79656
2025-03-18 21:00:00+00:00,82050,82810.95,81934.76,82715.03,1010.7775,233736,510.88856
2025-03-19 00:00:00+00:00,82715.03,83280,82547.16,82868.91,2122.7462,330933,1079.9652
2025-03-19 03:00:00+00:00,82868.91,83320,82740.94,83241.99,1631.8135,244216,650.23184
2025-03-19 06:00:00+00:00,83242,83500,83039.99,83413.01,1537.9103,228198,606.61469
2025-03-19 09:00:00+00:00,83413.01,84119.09,83360.16,83881.4,2904.5655,333260,1382.7462
2025-03-19 12:00:00+00:00,83881.4,84389.71,83510.21,84318.59,4392.9268,672392,2065.1155
2025-03-19 15:00:00+00:00,84318.59,84888,83753.39,84230.97,4487.9363,525698,2245.3796
2025-03-19 18:00:00+00:00,84230.97,85950,83578.32,85353.99,8089.7018,998542,3890.1729
2025-03-19 21:00:00+00:00,85354,87000,85331.89,86845.94,2983.4533,441522,1884.0225
2025-03-20 00:00:00+00:00,86845.93,87453.67,85619.56,86065.51,3876.0615,528494,1768.4188
2025-03-20 03:00:00+00:00,86065.51,86128,85430.38,85827.28,1867.5239,227628,697.01442
2025-03-20 06:00:00+00:00,85827.27,86300,85632.08,86241.05,1532.3962,195203,916.9241
2025-03-20 09:00:00+00:00,86241.06,86268.64,84755.14,85502.17,2468.9236,352529,1099.2883
2025-03-20 12:00:00+00:00,85502.16,86532.04,85080.57,86171.86,3279.8441,553227,1628.1764
2025-03-20 15:00:00+00:00,86171.86,86219.05,83655.23,84093.43,6077.5812,870967,2603.0037
2025-03-20 18:00:00+00:00,84093.43,84609.21,83922,84530.1,1681.007,314354,822.84319
2025-03-20 21:00:00+00:00,84530.09,84601.89,83922.01,84223.39,1306.9671,210193,627.92376
2025-03-21 00:00:00+00:00,84223.38,84850.33,84180.09,84685.4,1067.3377,188121,557.43175
2025-03-21 03:00:00+00:00,84685.39,84798.93,84270.25,84469.66,954.24854,183027,313.64562
2025-03-21 06:00:00+00:00,84469.67,84476.31,83700.47,84022.32,1970.0179,290166,718.41103
2025-03-21 09:00:00+00:00,84022.31,84337.66,83801.89,84046.52,1054.5385,234874,490.6259
2025-03-21 12:00:00+00:00,84046.52,84358.51,83175.25,84240.33,2910.2708,605934,1385.3753
2025-03-21 15:00:00+00:00,84240.33,84271.74,83379,84024.11,1753.3553,434499,826.64172
2025-03-21 18:00:00+00:00,84024.12,84435.87,83800,84216.2,1374.8346,268307,720.84755
2025-03-21 21:00:00+00:00,84216.21,84584,84050.16,84088.79,872.37111,155077,453.44078
2025-03-22 00:00:00+00:00,84088.79,84338.98,83989.58,84188.96,763.00677,129719,329.4963
2025-03-22 03:00:00+00:00,84188.97,84429.09,84135.89,84323.3,605.73477,101026,300.24464
2025-03-22 06:00:00+00:00,84323.3,84400,84109,84222.01,616.97803,97590,194.17814
2025-03-22 09:00:00+00:00,84222.01,84539.17,84204.68,84239.25,647.79056,119906,328.28073
2025-03-22 12:00:00+00:00,84239.24,84296.39,84001.71,84007.23,748.87778,115667,270.22608
2025-03-22 15:00:00+00:00,84007.23,84258.42,83975.42,84238.83,667.03623,95628,326.6007
2025-03-22 18:00:00+00:00,84238.83,84320,83944.69,83944.69,665.21122,92921,267.95088
2025-03-22 21:00:00+00:00,83944.7,84103.99,83625.1,83840.59,705.58578,112024,267.21431
2025-03-23 00:00:00+00:00,83840.59,84277.07,83809.75,84233.78,586.85607,115489,281.88346
2025-03-23 03:00:00+00:00,84233.78,84250.02,84070.22,84230.1,428.80839,65838,205.10263
2025-03-23 06:00:00+00:00,84230.11,84354.2,84192.57,84347.12,464.97682,65940,216.55041
2025-03-23 09:00:00+00:00,84347.12,85027.32,84314.31,84679.99,1429.5921,153047,757.30512
2025-03-23 12:00:00+00:00,84680,85214.35,84573.4,84899.76,1525.0703,214161,798.74507
2025-03-23 15:00:00+00:00,84899.77,85413.05,84876.87,85017.66,1491.3183,235664,736.34822
2025-03-23 18:00:00+00:00,85017.67,85272.65,84800,85102.62,754.02124,112621,344.80967
2025-03-23 21:00:00+00:00,85102.61,86129.64,84923.91,86082.5,1781.3349,243773,1084.0656
2025-03-24 00:00:00+00:00,86082.5,86641.13,85519.09,85883.16,2553.245,340395,1283.3543
2025-03-24 03:00:00+00:00,85883.16,87027.32,85875.91,86899.73,3172.4259,345244,1589.9656
2025-03-24 06:00:00+00:00,86899.72,87519.38,86753.1,87416.35,3175.9736,288162,1759.0609
2025-03-24 09:00:00+00:00,87416.34,87909.99,87125.72,87689.52,2581.5494,242990,1407.1711
2025-03-24 12:00:00+00:00,87689.52,88765.43,87138.6,87961.9,6496.7919,603154,3429.5141
2025-03-24 15:00:00+00:00,87961.9,88499.98,87678.06,88461.88,5138.1137,478803,2347.274
2025-03-24 18:00:00+00:00,88461.88,88536,87807.62,87832,3455.4954,312812,1184.2745
2025-03-24 21:00:00+00:00,87832,88274,87050.6,87498.16,3542.0262,305153,1379.3412
2025-03-25 00:00:00+00:00,87498.16,87679.25,86813.16,86854.94,2037.0927,274180,826.66052
2025-03-25 03:00:00+00:00,86854.94,86984.16,86310,86656.07,2346.5332,262632,1068.5681
2025-03-25 06:00:00+00:00,86656.06,86879.77,86332.87,86714.79,2100.5007,192086,889.12723
2025-03-25 09:00:00+00:00,86714.8,87500,86642,87370.43,2089.6548,261702,1058.5562
2025-03-25 12:00:00+00:00,87370.44,88228,86929.46,88022.4,4275.143,618296,1898.6001
2025-03-25 15:00:00+00:00,88022.39,88321.27,87633.01,87937.27,3062.8066,456704,1264.1669
2025-03-25 18:00:00+00:00,87937.27,88539.63,87588.59,87849.98,3010.7344,382820,1272.1034
2025-03-25 21:00:00+00:00,87849.99,88198.12,87132.65,87392.87,3720.7871,354395,1162.7805
2025-03-26 00:00:00+00:00,87392.88,87892.14,87199.99,87324.6,1794.2013,213053,841.68616
2025-03-26 03:00:00+00:00,87324.61,87630,87030.56,87520.35,1843.1197,171633,871.74758
2025-03-26 06:00:00+00:00,87520.36,88275,87442.83,87959.73,2118.7275,194209,1134.8523
2025-03-26 09:00:00+00:00,87959.73,88259.81,87837.49,87954.96,1889.6209,165756,713.91417
2025-03-26 12:00:00+00:00,87954.97,88000,86434.36,86773.14,4448.7624,563505,1972.0198
2025-03-26 15:00:00+00:00,86773.14,87058.4,86391.3,86569.99,2507.546,421517,1152.788
2025-03-26 18:00:00+00:00,86570,87404.34,85860,87280,2583.8106,427079,1289.7006
2025-03-26 21:00:00+00:00,87280,87302,86562,86909.17,1222.9964,223402,614.26895
2025-03-27 00:00:00+00:00,86909.17,87756.39,86796.26,87575.39,1398.1566,230071,724.07487
2025-03-27 03:00:00+00:00,87575.38,87691.34,87262.55,87314.72,1380.9611,145931,521.06089
2025-03-27 06:00:00+00:00,87314.71,87597.6,87249.68,87434.82,1426.2626,167608,693.76959
2025-03-27 09:00:00+00:00,87434.82,87597.6,86787,86943.52,1656.6768,223135,729.1673
2025-03-27 12:00:00+00:00,86943.51,87321.56,85800,87297.33,5986.1037,690783,3106.4911
2025-03-27 15:00:00+00:00,87297.34,87575,86752.58,86913.05,2822.8554,431296,1201.1734
2025-03-27 18:00:00+00:00,86913.04,87429.21,86876,87307.57,1401.3599,287846,673.39924
2025-03-27 21:00:00+00:00,87307.57,87728.27,87128.01,87232.01,1025.663,199711,535.91879
2025-03-28 00:00:00+00:00,87232.01,87515.67,86929.58,86987.77,1343.34,236005,542.53578
2025-03-28 03:00:00+00:00,86987.78,87018.36,85827.97,86059.02,3069.4163,424660,1370.9148
2025-03-28 06:00:00+00:00,86059.02,86250,85050.01,85213.87,4559.6391,446318,1935.3515
2025-03-28 09:00:00+00:00,85213.87,85417.47,84800,85255.26,3561.1811,314806,1433.667
2025-03-28 12:00:00+00:00,85255.25,85609.74,84148.8,84172.01,5793.5588,671289,2389.4618
2025-03-28 15:00:00+00:00,84172.01,84530.45,83585,84008.45,4856.1768,604780,1879.9914
2025-03-28 18:00:00+00:00,84008.46,84169.52,83636.36,83794.41,2861.8002,356774,1083.8938
2025-03-28 21:00:00+00:00,83794.41,84538.69,83697.83,84424.38,1137.6194,181453,639.02133
2025-03-29 00:00:00+00:00,84424.38,84624.73,83817.23,83851.4,1105.8152,197129,487.34665
2025-03-29 03:00:00+00:00,83851.39,84258.45,83709.67,84012.64,943.30182,197057,505.22979
2025-03-29 06:00:00+00:00,84012.65,84012.65,83662.86,83934.95,920.59589,200734,468.75586
2025-03-29 09:00:00+00:00,83934.94,83947.42,82007,82293.56,3298.7237,428396,1353.767
2025-03-29 12:00:00+00:00,82293.56,82882.01,82145.22,82504.01,1664.9508,300644,955.34389
2025-03-29 15:00:00+00:00,82504.02,82683.78,81644.81,82332.63,2065.7498,380600,958.05579
2025-03-29 18:00:00+00:00,82332.62,82787.29,82209.59,82511.17,1116.1144,295906,613.38433
2025-03-29 21:00:00+00:00,82511.16,82685.45,82258.86,82648.54,581.14707,171921,279.72157
2025-03-30 00:00:00+00:00,82648.53,83372.81,82500,83330,1173.895,243380,661.65756
2025-03-30 03:00:00+00:00,83330,83503.53,82924.23,82958.3,917.78753,164181,362.82981
2025-03-30 06:00:00+00:00,82958.3,83406.14,82868.96,83378.09,1107.1169,128424,533.50912
2025-03-30 09:00:00+00:00,83378.1,83534.64,82975.36,83111.76,851.40066,204889,397.27144
2025-03-30 12:00:00+00:00,83111.76,83268.05,82543.83,82803.28,1874.2968,287977,900.79407
2025-03-30 15:00:00+00:00,82803.28,83067.9,82050.4,82415.53,1281.3968,273490,583.93259
2025-03-30 18:00:00+00:00,82415.54,82908.11,82393.74,82554.73,781.30774,183068,427.22027
2025-03-30 21:00:00+00:00,82554.73,82757.7,81565,82389.99,1877.2936,422254,857.85619
2025-03-31 00:00:00+00:00,82390,82444.89,81278.52,81922.3,2588.0719,596403,1099.8403
2025-03-31 03:00:00+00:00,81922.3,82305.57,81400,82166.99,1559.0023,319821,671.35028
2025-03-31 06:00:00+00:00,82166.99,82303.58,81730.74,81899.15,2181.0421,360741,930.62754
2025-03-31 09:00:00+00:00,81899.15,82272,81290.88,82205.51,2660.1248,428932,1077.0868
2025-03-31 12:00:00+00:00,82205.5,83746.23,81656,83499.18,5716.0175,968923,3035.0319
2025-03-31 15:00:00+00:00,83499.18,83943.08,82575.45,82680.34,2567.5884,565033,1183.415
2025-03-31 18:00:00+00:00,82680.35,83566,82350.84,82431.32,2310.1382,483625,1367.8406
2025-03-31 21:00:00+00:00,82431.32,82886.8,82265.1,82550.01,987.15358,240880,547.68947
2025-04-01 00:00:00+00:00,82550,83120,82432.74,83100,1489.8326,335507,812.28353
2025-04-01 03:00:00+00:00,83100,83329.99,82886.87,83006.67,1299.976,186569,622.38496
2025-04-01 06:00:00+00:00,83006.67,84207.55,82891.71,84121.94,2265.5385,298293,1107.5542
2025-04-01 09:00:00+00:00,84121.94,84504.74,83823.67,83930.3,2788.2766,350036,1266.2627
2025-04-01 12:00:00+00:00,83930.31,84350,82544,84195.92,4410.5341,786656,2258.6316
2025-04-01 15:00:00+00:00,84195.92,85499.55,84182.89,85117.85,4468.6781,740587,2201.0697
2025-04-01 18:00:00+00:00,85117.86,85350,84720,85231.28,2168.7452,381466,1262.9392
2025-04-01 21:00:00+00:00,85231.28,85579.46,84969.56,85158.34,1298.816,249579,715.30069
2025-04-02 00:00:00+00:00,85158.35,85255.95,84648.9,84714.36,1921.4942,309715,994.62084
2025-04-02 03:00:00+00:00,84714.36,84904,84100,84100,1470.8567,246472,605.10317
2025-04-02 06:00:00+00:00,84100,84762.72,83904.72,84677.04,1824.4618,301578,1001.056
2025-04-02 09:00:00+00:00,84677.04,85450,84547.08,84566.91,1967.2165,342605,924.29509
2025-04-02 12:00:00+00:00,84566.91,86136.36,84462.69,85877.75,5596.8648,880840,3127.6074
2025-04-02 15:00:00+00:00,85877.74,87333,85811.2,86615.33,10160.292,1226648,5650.9018
2025-04-02 18:00:00+00:00,86615.33,88500,85228.39,85659.99,9330.6413,1137829,5139.8066
2025-04-02 21:00:00+00:00,85659.99,85743.22,82320,82516.29,7659.6294,892551,3296.2872
2025-04-03 00:00:00+00:00,82516.28,83998.02,82175.98,83768.01,5006.4326,598590,2748.1799
2025-04-03 03:00:00+00:00,83768,83792.58,83263.05,83343.75,1726.2858,263882,784.87792
2025-04-03 06:00:00+00:00,83343.75,83788.23,83000,83679.99,2164.9692,377882,1135.8427
2025-04-03 09:00:00+00:00,83680,83766.69,83047,83096.01,2386.8632,384498,1269.479
2025-04-03 12:00:00+00:00,83096.01,83147.95,81314.61,81532,6576.4044,1066899,3047.8041
2025-04-03 15:00:00+00:00,81532,82448.21,81211.24,81830.01,4146.202,698870,2133.0952
2025-04-03 18:00:00+00:00,81830.01,82421.49,81540,82363.99,3527.9035,463885,1811.5347
2025-04-03 21:00:00+00:00,82363.99,83332.2,82333.87,83213.09,1802.7807,262980,1020.7145
2025-04-04 00:00:00+00:00,83213.09,83413.46,82577.63,82910.86,2625.5538,358945,1597.2525
2025-04-04 03:00:00+00:00,82910.86,83212.17,82615.36,83200,1709.3636,241630,689.93529
2025-04-04 06:00:00+00:00,83200,84650,83041.95,84415.99,3414.8696,412369,2020.8281
2025-04-04 09:00:00+00:00,84416,84720,81659,82680.45,8066.3132,960058,3081.9069
2025-04-04 12:00:00+00:00,82680.44,83510,81849.05,82573.98,6842.4955,1207390,3458.0639
2025-04-04 15:00:00+00:00,82573.98,84620.01,82488.88,84460,6678.3967,1097920,3415.3431
2025-04-04 18:00:00+00:00,84459.99,84584.91,83492.95,84164.02,2546.5651,580232,1181.9305
2025-04-04 21:00:00+00:00,84164.02,84450,83650.11,83889.87,1031.9822,134042,450.92758
2025-04-05 00:00:00+00:00,83889.87,84266,83395.46,83976.61,1229.2235,184600,517.37443
2025-04-05 03:00:00+00:00,83976.61,83976.61,83608.8,83688.67,1040.5868,184981,428.01761
2025-04-05 06:00:00+00:00,83688.68,83724.39,83297.66,83519.96,1004.7901,154528,382.19954
2025-04-05 09:00:00+00:00,83519.97,83894.7,83443.47,83452.69,945.39273,147930,454.08037
2025-04-05 12:00:00+00:00,83452.69,83550.68,82519.37,82914.67,1772.1675,304458,762.66529
2025-04-05 15:00:00+00:00,82914.67,82953.2,82379.95,82869.53,1251.1922,204326,541.30726
2025-04-05 18:00:00+00:00,82869.53,83146,82779.62,83075.47,932.07649,183307,373.47631
2025-04-05 21:00:00+00:00,83075.48,83688,82902.53,83537.99,1184.9754,211620,570.52577
2025-04-06 00:00:00+00:00,83537.99,83817.63,83274.88,83300.01,893.387,143210,452.5324
2025-04-06 03:00:00+00:00,83300.01,83533.01,83163.45,83450.01,822.48271,112977,381.87791
2025-04-06 06:00:00+00:00,83450,83468,82727.27,83034.26,951.63893,174618,391.08817
2025-04-06 09:00:00+00:00,83034.27,83172,82666,82855.99,755.15466,168065,338.30206
2025-04-06 12:00:00+00:00,82855.99,82981.14,82217.83,82667.07,2005.417,403133,1040.9727
2025-04-06 15:00:00+00:00,82667.08,82819.74,80562,80808.81,4392.0678,583613,1731.6199
2025-04-06 18:00:00+00:00,80808.81,80808.81,78539.44,78867.99,8617.434,1244186,3804.7286
2025-04-06 21:00:00+00:00,78867.99,79681.81,77153.83,78430,9505.1322,1118691,4352.7232
2025-04-07 00:00:00+00:00,78430,79347.46,77419.9,78447.42,5879.8939,963429,2942.7461
2025-04-07 03:00:00+00:00,78447.42,78507.81,76666,76942.82,7770.5796,1241340,3705.6128
2025-04-07 06:00:00+00:00,76942.82,77299.99,74508,76266.89,17503.602,1817457,8691.9796
2025-04-07 09:00:00+00:00,76266.88,77577.88,75744.08,76685.62,6149.1736,1050809,3131.5418
2025-04-07 12:00:00+00:00,76685.62,81243.58,75789.01,79033.11,22549.601,2148204,11492.456
2025-04-07 15:00:00+00:00,79033.11,79376,77313.2,79074.5,10698.535,1396667,5193.3923
2025-04-07 18:00:00+00:00,79076.08,79365.46,78019.9,78955.26,4080.325,707592,2052.5259
2025-04-07 21:00:00+00:00,78955.26,80218.88,78684.22,79163.24,3755.8215,411098,1865.5885
2025-04-08 00:00:00+00:00,79163.24,80867.99,78772.14,79947.05,4119.4094,658736,2031.1163
2025-04-08 03:00:00+00:00,79947.05,80413.49,79536,79872.25,2447.4899,398375,1051.7527
2025-04-08 06:00:00+00:00,79872.24,79872.24,78939,79154.02,2712.0619,390993,1225.2404
2025-04-08 09:00:00+00:00,79154.01,80077.65,78819.65,79982,3222.8593,460800,1518.694
2025-04-08 12:00:00+00:00,79982,80375,78474,78479.91,6642.0585,1160034,3015.9633
2025-04-08 15:00:00+00:00,78479.91,78859.85,76556.98,77349.99,7943.8988,1113961,3314.4375
2025-04-08 18:00:00+00:00,77350,77999.99,76334.65,77133.41,5887.659,865489,2532.1403
2025-04-08 21:00:00+00:00,77133.4,77285.5,76239.9,76322.42,2341.8837,464363,1015.3859
2025-04-09 00:00:00+00:00,76322.42,76868.28,74620,75674.44,8310.4995,1171926,3437.1726
2025-04-09 03:00:00+00:00,75674.45,76915.94,75000,76734.83,5597.4348,889432,2868.717
2025-04-09 06:00:00+00:00,76734.83,77979.3,76709.69,77304.35,6273.2072,694228,3262.9636
2025-04-09 09:00:00+00:00,77304.35,77574.15,75756.86,76230.01,6637.5696,805859,3174.9139
2025-04-09 12:00:00+00:00,76230.01,78318.46,76010.21,76870,8119.41,1144802,4262.4621
2025-04-09 15:00:00+00:00,76870.01,82286.11,76844.01,82202.16,17145.121,1428869,9390.2479
2025-04-09 18:00:00+00:00,82202.16,83267.57,81690.03,83204,16356.148,1090769,8846.034
2025-04-09 21:00:00+00:00,83204,83588,82530.43,82615.22,7048.8977,515367,4249.1184
2025-04-10 00:00:00+00:00,82615.22,82753.21,82056.19,82200,3979.8766,405010,2395.4466
2025-04-10 03:00:00+00:00,82201.24,82241.4,81472.84,82158.03,2863.2415,311030,1367.8918
2025-04-10 06:00:00+00:00,82158.03,82344.3,81292.99,81549.99,2981.0455,441391,1293.5026
2025-04-10 09:00:00+00:00,81550,82130.43,81349,81882.01,2342.5444,419050,1138.6739
2025-04-10 12:00:00+00:00,81882,82466.35,80634.26,81272.19,6940.4818,978406,3447.3111
2025-04-10 15:00:00+00:00,81272.19,81353.1,78464.36,79328.01,9874.9071,1164634,4509.5966
2025-04-10 18:00:00+00:00,79328.01,80058.96,79223.62,79931.55,2873.8333,568014,1443.6944
2025-04-10 21:00:00+00:00,79931.56,80035.54,79377.04,79607.3,1428.8769,242010,743.80206
2025-04-11 00:00:00+00:00,79607.3,80829.02,78969.58,80302.05,3777.4576,529765,1902.5868
2025-04-11 03:00:00+00:00,80302.05,81100,80295.72,80816,2244.9883,338459,1077.5796
2025-04-11 06:00:00+00:00,80815.99,81936.71,80782.43,81631.89,4537.9293,488656,2322.7409
2025-04-11 09:00:00+00:00,81631.89,82985.71,81450,82129.67,5467.8317,536946,2768.8298
2025-04-11 12:00:00+00:00,82129.67,83333,81341.22,81898,7082.1574,942760,3443.6953
2025-04-11 15:00:00+00:00,81898,84073,81716,83930,5420.5842,861253,3260.0368
2025-04-11 18:00:00+00:00,83930,84220,83520,83848,4030.2456,490096,2385.7813
2025-04-11 21:00:00+00:00,83848.01,84300,83162,83423.84,1874.2439,235222,858.33317
2025-04-12 00:00:00+00:00,83423.83,83572,82800.01,82804.87,1686.8319,225162,621.24428
2025-04-12 03:00:00+00:00,82804.86,83506.39,82792.95,83338.92,1354.7631,211465,692.38113
2025-04-12 06:00:00+00:00,83338.92,84031.87,83338.91,83604.77,2229.3594,251312,1213.825
2025-04-12 09:00:00+00:00,83604.77,83766.74,83305.91,83528.3,1071.8864,175404,508.44747
2025-04-12 12:00:00+00:00,83528.3,85251,83474.94,84827.75,5505.0097,601500,3257.2063
2025-04-12 15:00:00+00:00,84827.75,85402.9,84421.95,84760.71,3355.8973,446782,1595.4381
2025-04-12 18:00:00+00:00,84760.71,85905,84755.5,85517.29,1964.0968,303439,1057.2235
2025-04-12 21:00:00+00:00,85517.28,85701.6,85170,85276.9,1302.8996,286132,580.96062
2025-04-13 00:00:00+00:00,85276.91,86100,84724.91,85302.22,4428.9339,457624,2557.9724
2025-04-13 03:00:00+00:00,85302.21,85724.79,84399.42,84515.58,6020.9105,411237,2337.9086
2025-04-13 06:00:00+00:00,84515.57,84849.06,84277.03,84664.6,1497.7826,196949,659.44811
2025-04-13 09:00:00+00:00,84664.61,84949.86,84216.15,84528.66,1582.8543,254431,858.7358
2025-04-13 12:00:00+00:00,84528.66,84700,83480.67,84093.22,3084.7946,447156,1470.8736
2025-04-13 15:00:00+00:00,84093.22,84990.22,83665.3,84754.85,2553.49,390173,1271.4017
2025-04-13 18:00:00+00:00,84754.84,84943.4,83050,83499.99,3366.2337,590151,1435.6943
2025-04-13 21:00:00+00:00,83499.98,83882.77,83034.23,83760,2145.0422,528158,1066.6446
2025-04-14 00:00:00+00:00,83760,85544.3,83678,85140.7,6051.6536,703615,3650.7944
2025-04-14 03:00:00+00:00,85140.69,85166.84,84343.73,84575.18,5412.2669,395850,2054.5409
2025-04-14 06:00:00+00:00,84575.19,84957.27,84211.06,84763.18,2079.6542,314307,955.00171
2025-04-14 09:00:00+00:00,84763.18,84965.34,84250,84927.55,1900.5688,316297,912.21406
2025-04-14 12:00:00+00:00,84927.56,85799.99,84052.65,85423.6,4610.3381,674030,2586.77
2025-04-14 15:00:00+00:00,85423.6,85468.97,83709.25,84859.73,4283.3252,843807,2140.3081
2025-04-14 18:00:00+00:00,84859.73,85208.1,84539.61,84861.82,3269.8396,429680,2305.9609
2025-04-14 21:00:00+00:00,84861.82,84970.74,84424.52,84591.58,1051.4471,243936,590.99929
2025-04-15 00:00:00+00:00,84591.58,85300.01,84347.97,85232.83,1831.3432,360896,1059.2482
2025-04-15 03:00:00+00:00,85232.83,85879.1,85069.86,85545.71,2838.2054,290656,1574.0104
2025-04-15 06:00:00+00:00,85545.71,85990,85360.35,85850,2262.0982,219275,1107.1709
2025-04-15 09:00:00+00:00,85850,86000,85351,85589.23,2081.7556,263175,911.94413
2025-04-15 12:00:00+00:00,85589.23,86496.42,84829.79,85146.88,5784.1061,732519,3080.6434
2025-04-15 15:00:00+00:00,85146.89,85386,84408.39,84483.23,2107.3595,449691,960.38809
2025-04-15 18:00:00+00:00,84483.23,84608.68,83800.01,84020.01,1974.2356,331988,928.31878
2025-04-15 21:00:00+00:00,84020,84235.85,83600,83643.99,2031.8916,262333,817.6369
2025-04-16 00:00:00+00:00,83643.99,83930,83111.64,83900,2162.5898,372155,1081.933
2025-04-16 03:00:00+00:00,83900,83960,83212.64,83363,1864.494,224130,871.23053
2025-04-16 06:00:00+00:00,83362.99,84112.69,83140.89,83736.79,2782.8848,331935,1579.5698
2025-04-16 09:00:00+00:00,83736.79,84127.05,83575.96,84048.11,1557.9976,262129,769.20599
2025-04-16 12:00:00+00:00,84048.36,84849.06,83512.2,84605.31,3068.1847,464683,1577.4915
2025-04-16 15:00:00+00:00,84605.3,85500,83275,83281.21,4965.7715,684225,2308.0895
2025-04-16 18:00:00+00:00,83281.21,84657.69,83276,84295.99,3248.0282,700783,1743.4403
2025-04-16 21:00:00+00:00,84296,84679.53,84024,84030.38,1217.2947,224690,525.80835
2025-04-17 00:00:00+00:00,84030.38,84496,83932.66,84272.86,989.78806,235000,491.48889
2025-04-17 03:00:00+00:00,84272.86,84491.03,83814.48,84391.3,1157.8468,155330,470.48328
2025-04-17 06:00:00+00:00,84391.3,85053.38,84308.25,84445.54,1628.9079,206646,926.59556
2025-04-17 09:00:00+00:00,84445.55,84764.44,84191.17,84562,1015.9376,171899,490.13879
2025-04-17 12:00:00+00:00,84562,84862.93,83736.26,84087.08,2699.0891,382994,1099.39
2025-04-17 15:00:00+00:00,84087.09,85208,84087.09,85108.66,3295.9072,426309,1626.2051
2025-04-17 18:00:00+00:00,85108.67,85470.01,84495.38,85140,2183.4594,313185,977.39665
2025-04-17 21:00:00+00:00,85140,85140,84720.21,84947.91,757.9116,112042,342.71736
2025-04-18 00:00:00+00:00,84947.92,85132.08,84735.35,84888,963.06718,133657,469.64817
2025-04-18 03:00:00+00:00,84888,84897.06,84514.67,84734.97,1016.461,121471,468.2724
2025-04-18 06:00:00+00:00,84734.98,84775.07,84413.23,84647.32,1076.2414,116455,501.92675
2025-04-18 09:00:00+00:00,84647.32,84669.12,84472.25,84669.11,882.11159,97998,384.39435
2025-04-18 12:00:00+00:00,84669.11,84769.95,84368.16,84583.13,909.88011,112039,377.14342
2025-04-18 15:00:00+00:00,84583.13,84610.3,84303.96,84571.92,740.78961,113536,330.66752
2025-04-18 18:00:00+00:00,84571.91,84649.99,84466.79,84520.12,450.84425,67482,166.5106
2025-04-18 21:00:00+00:00,84520.12,84684.49,84342.15,84474.69,490.56809,77371,213.22535
2025-04-19 00:00:00+00:00,84474.7,84829.05,84364.45,84785.8,690.56863,105656,393.72041
2025-04-19 03:00:00+00:00,84785.8,85300,84779,85079.99,1796.7815,128161,1031.2318
2025-04-19 06:00:00+00:00,85080,85396,84889.96,85311.63,1180.2366,86167,678.33337
2025-04-19 09:00:00+00:00,85311.63,85436.72,85118.08,85217.4,1075.9478,97989,568.1689
2025-04-19 12:00:00+00:00,85217.4,85500,85193.51,85415.09,1064.586,91027,663.91525
2025-04-19 15:00:00+00:00,85415.1,85677.99,84694.49,85239.92,2735.8023,200278,1593.4459
2025-04-19 18:00:00+00:00,85239.92,85320.76,85015.63,85195.85,700.55524,90020,286.0013
2025-04-19 21:00:00+00:00,85195.85,85367.93,85067.07,85077.01,422.10343,75928,201.4839
2025-04-20 00:00:00+00:00,85077,85320.76,85050.27,85226.44,736.29147,95610,444.74683
2025-04-20 03:00:00+00:00,85226.44,85266.38,85088.54,85088.54,393.98832,54970,176.57944
2025-04-20 06:00:00+00:00,85088.55,85160,84617.01,84647.3,1158.7614,108495,435.47765
2025-04-20 09:00:00+00:00,84647.3,84647.31,83949.52,84129.83,1646.5995,145680,712.63783
2025-04-20 12:00:00+00:00,84129.82,84664,84099.3,84626.16,1287.6574,139513,775.63729
2025-04-20 15:00:00+00:00,84626.16,84630.99,84272.74,84581.98,922.99538,118752,412.29787
2025-04-20 18:00:00+00:00,84581.98,85250,84467.94,85127.58,973.06313,131282,499.415
2025-04-20 21:00:00+00:00,85127.58,85298,84669.73,85179.24,972.32061,149828,386.69123
2025-04-21 00:00:00+00:00,85179.24,87640,85144.76,87350.01,8507.149,688956,4912.2002
2025-04-21 03:00:00+00:00,87350,87738,87038,87550,2652.0074,226190,1406.3147
2025-04-21 06:00:00+00:00,87550,87699,87333.33,87569.28,1705.7934,153526,842.93832
2025-04-21 09:00:00+00:00,87569.28,87795.26,86644.29,86971.92,2834.0308,210952,1296.068
2025-04-21 12:00:00+00:00,86971.92,88465.99,86779.97,88208.37,6407.928,664788,3759.8933
2025-04-21 15:00:00+00:00,88208.37,88329.49,86389.78,86847.39,5491.5445,626392,2532.5711
2025-04-21 18:00:00+00:00,86847.38,87488,86637.47,87367.92,2436.0745,298629,1401.0796
2025-04-21 21:00:00+00:00,87367.92,87625.68,86887.15,87516.23,1738.845,171962,1065.3336
2025-04-22 00:00:00+00:00,87516.22,88877,87076.03,88169.21,4874.0932,462573,2560.4334
2025-04-22 03:00:00+00:00,88169.21,88413.12,87826.08,88391.27,2291.5059,203996,993.89685
2025-04-22 06:00:00+00:00,88391.27,88688,88000,88414.33,2171.8626,198544,918.4898
2025-04-22 09:00:00+00:00,88414.33,88701.93,88241.33,88614.1,1992.2199,146336,920.92027
2025-04-22 12:00:00+00:00,88614.09,90942.15,88482,90797.73,10495.335,684460,5486.2998
2025-04-22 15:00:00+00:00,90797.73,91480,90383.84,91396.14,8584.9041,559648,4000.278
2025-04-22 18:00:00+00:00,91396.14,91695,90905,91111.72,3458.8627,282571,1452.89
2025-04-22 21:00:00+00:00,91111.72,93888,91060,93442.99,10003.964,730347,6444.5624
2025-04-23 00:00:00+00:00,93442.99,93909.05,92580.18,92868.77,4597.2119,370354,2102.5224
2025-04-23 03:00:00+00:00,92868.76,93666,92689.4,93478.42,2380.3901,196148,1128.1342
2025-04-23 06:00:00+00:00,93478.43,94521.79,93420,94285.72,3357.5954,273186,1935.2317
2025-04-23 09:00:00+00:00,94285.72,94398.97,93324.45,93466.01,2943.003,241202,1181.4473
2025-04-23 12:00:00+00:00,93466.01,94696.05,92666.01,92940.06,5794.4127,706062,2781.2323
2025-04-23 15:00:00+00:00,92940.05,93959.47,91935.41,93894.37,5164.8984,589480,2594.4897
2025-04-23 18:00:00+00:00,93894.38,94219.93,92963.66,93640,2068.0902,419482,887.60935
2025-04-23 21:00:00+00:00,93640.01,93917.53,93238.1,93691.08,1098.5663,220622,517.39078
2025-04-24 00:00:00+00:00,93691.07,93787.65,93050,93101.23,1984.4959,279202,591.63074
2025-04-24 03:00:00+00:00,93101.23,93329.63,92385.12,92576.61,2312.9728,288838,991.10127
2025-04-24 06:00:00+00:00,92576.6,92666.67,91660.01,92017.75,3732.474,415638,1329.3105
2025-04-24 09:00:00+00:00,92017.75,92657.69,91976.76,92619.94,2108.627,261602,1099.1565
2025-04-24 12:00:00+00:00,92619.94,93400,92434.78,93101.83,3491.5203,552942,1756.148
2025-04-24 15:00:00+00:00,93101.84,93595.22,92666.62,93011.28,2540.905,483109,1218.4323
2025-04-24 18:00:00+00:00,93011.28,93666,92999.07,93390.66,1564.9729,284845,663.61712
2025-04-24 21:00:00+00:00,93391.3,94005,93024,93980.47,1761.0928,231207,915.78478
2025-04-25 00:00:00+00:00,93980.47,94444,92892,92992.33,3786.6137,459382,1998.299
2025-04-25 03:00:00+00:00,92992.33,93498,92855.96,93206.05,1956.6328,256163,911.53938
2025-04-25 06:00:00+00:00,93206.06,93888,93199.99,93680.01,2955.8916,257234,1443.0467
2025-04-25 09:00:00+00:00,93680.01,94660,93539.82,94635.67,2755.3198,301427,1544.4758
2025-04-25 12:00:00+00:00,94635.67,95758.04,93929.41,95368,9063.5725,955578,4201.4735
2025-04-25 15:00:00+00:00,95368,95683.31,94370.35,94527.79,3849.8735,616052,1660.3644
2025-04-25 18:00:00+00:00,94527.79,95345.45,94527.79,94869.57,2032.9627,310968,871.81359
2025-04-25 21:00:00+00:00,94869.57,95034.36,94441.61,94638.68,1099.7998,175024,441.20899
2025-04-26 00:00:00+00:00,94638.68,95199,94527.84,95000,2330.7515,218911,1010.09
2025-04-26 03:00:00+00:00,95000,95059.67,94380.72,94626.47,1035.0086,173691,407.51867
2025-04-26 06:00:00+00:00,94626.47,94794.17,94268.2,94318.04,1093.5763,179473,571.72128
2025-04-26 09:00:00+00:00,94318.03,94423.77,93990.6,94144.06,1240.9115,187665,565.4324
2025-04-26 12:00:00+00:00,94144.07,94320,93870.69,94240.01,1239.4814,231454,525.41253
2025-04-26 15:00:00+00:00,94240.01,94394,94041,94316.79,831.25292,164731,396.84016
2025-04-26 18:00:00+00:00,94316.79,94380.96,94087,94087,581.07989,125167,223.45993
2025-04-26 21:00:00+00:00,94087.01,94888,94087,94628,1063.0067,194891,455.74971
2025-04-27 00:00:00+00:00,94628,95369,94041.6,94345.86,3496.032,490688,1670.4172
2025-04-27 03:00:00+00:00,94345.86,94465,93655,93923.88,1622.8909,245197,509.07239
2025-04-27 06:00:00+00:00,93923.89,94331.85,93880,94202.51,1198.922,178463,566.52349
2025-04-27 09:00:00+00:00,94202.5,94229.21,93883.81,93920.01,809.77458,156603,359.87658
2025-04-27 12:00:00+00:00,93920,94173.91,93602.58,93985.9,1202.4898,257819,635.67884
2025-04-27 15:00:00+00:00,93985.89,94158.01,93727.08,94043.78,928.93006,184376,525.15296
2025-04-27 18:00:00+00:00,94043.79,94434.79,93991.8,94260.86,809.76557,142342,498.67919
2025-04-27 21:00:00+00:00,94260.87,94545.45,93641.7,93749.3,1094.036,262672,484.68651
2025-04-28 00:00:00+00:00,93749.29,93798.71,92800.01,93621.64,3023.3003,581093,1426.2145
2025-04-28 03:00:00+00:00,93621.64,94333,93470.01,94224.28,2636.171,306912,1683.355
2025-04-28 06:00:00+00:00,94224.28,94821.9,94224.27,94706.39,1860.5093,268498,925.25369
2025-04-28 09:00:00+00:00,94706.4,95550,94339.48,95319.99,3890.5461,420188,2206.5031
2025-04-28 12:00:00+00:00,95319.99,95630,93850,94417.73,5862.1326,750829,2974.1484
2025-04-28 15:00:00+00:00,94417.73,94523.81,93444,94100.39,2196.9115,558866,990.39917
2025-04-28 18:00:00+00:00,94100.39,94920,93787.61,94469.67,1379.3037,305903,650.18113
2025-04-28 21:00:00+00:00,94469.66,95180,94305.95,95011.18,1308.659,232451,770.72091
2025-04-29 00:00:00+00:00,95011.18,95461.53,94504.81,94615.68,1979.5828,472654,1003.0122
2025-04-29 03:00:00+00:00,94615.69,94872,94200,94276.49,2733.0021,298031,570.09326
2025-04-29 06:00:00+00:00,94276.49,95093.55,94258.41,95030,1241.9507,226011,632.46444
2025-04-29 09:00:00+00:00,95030.01,95285.71,94743.01,95129.74,1868.7032,261768,791.07916
2025-04-29 12:00:00+00:00,95129.74,95300,94531.85,95040.8,2443.1905,454795,1144.0026
2025-04-29 15:00:00+00:00,95040.81,95459.99,94658.99,95231.37,2389.4695,506738,1115.7969
2025-04-29 18:00:00+00:00,95231.37,95448.84,94820,94839.32,1493.0532,302812,713.16764
2025-04-29 21:00:00+00:00,94839.31,94968,93742.54,94256.82,2806.3882,498066,1143.0685
2025-04-30 00:00:00+00:00,94256.82,94785,94136.48,94641.99,1188.3557,286136,610.60326
2025-04-30 03:00:00+00:00,94641.99,95180,94496.87,94894,1665.0172,290750,800.56631
2025-04-30 06:00:00+00:00,94894,94970.31,94500,94718.18,1091.9509,184400,388.90152
2025-04-30 09:00:00+00:00,94718.19,95228.45,94667.69,95176.66,1328.5357,184435,733.28953
2025-04-30 12:00:00+00:00,95176.66,95214.9,92910,93705.04,7535.0573,1047640,3518.9695
2025-04-30 15:00:00+00:00,93705.04,94267.14,93528.71,94100.39,1815.5233,482385,898.5434
2025-04-30 18:00:00+00:00,94100.39,94739.14,93757.63,94555.99,1838.935,455574,943.69907
2025-04-30 21:00:00+00:00,94556,94784.1,94005,94172,1197.9,282829,498.64361
2025-05-01 00:00:00+00:00,94172,94972.5,94130.43,94867.46,1719.8001,259597,979.61472
2025-05-01 03:00:00+00:00,94867.46,95178.11,94688.75,95147.96,2093.6816,218440,1268.3663
2025-05-01 06:00:00+00:00,95147.97,95210.16,94800,95210.16,1367.8696,151656,649.09055
2025-05-01 09:00:00+00:00,95210.16,96396.31,95140.18,96180.01,3813.5213,425915,2264.8519
2025-05-01 12:00:00+00:00,96180.01,96908.28,95769.66,96827.99,5330.5443,679879,2287.455
2025-05-01 15:00:00+00:00,96828,97424.02,96514.24,96794.17,3805.0819,586621,1992.7453
2025-05-01 18:00:00+00:00,96794.18,96975.3,96312.24,96407.9,2283.0646,397160,1037.2526
2025-05-01 21:00:00+00:00,96407.91,96774.73,96184.19,96489.91,966.89011,206448,446.49672
2025-05-02 00:00:00+00:00,96489.9,97179.97,96466.21,96952.58,1699.6086,345884,925.86736
2025-05-02 03:00:00+00:00,96952.59,97309.78,96631.74,96707.54,1548.2648,237165,766.48545
2025-05-02 06:00:00+00:00,96707.54,96892.34,96350,96636.2,1827.3095,275321,832.40432
2025-05-02 09:00:00+00:00,96636.2,97100,96460.73,96928.97,1352.1596,210253,713.60976
2025-05-02 12:00:00+00:00,96928.97,97895.68,96650.94,97748.4,4092.259,662762,2323.352
2025-05-02 15:00:00+00:00,97748.41,97891.19,97053.46,97402.55,2311.5073,543127,913.31058
2025-05-02 18:00:00+00:00,97402.55,97619,96769.84,97022.31,1219.6319,261932,543.96536
2025-05-02 21:00:00+00:00,97022.31,97038.79,96561.57,96887.14,855.00744,161819,421.34045
2025-05-03 00:00:00+00:00,96887.13,96935.67,96435.16,96533.51,1297.109,155666,540.84639
2025-05-03 03:00:00+00:00,96533.5,96593,96300.02,96417.14,1321.2159,123975,431.32475
2025-05-03 06:00:00+00:00,96417.15,96421.91,96132.67,96281,1548.9295,166356,729.93965
2025-05-03 09:00:00+00:00,96281,96396.23,95852.29,95942.02,2022.7822,190969,704.86862
2025-05-03 12:00:00+00:00,95942.01,96459.67,95880.65,96380.95,1259.2722,141004,606.13722
2025-05-03 15:00:00+00:00,96380.96,96509.44,95869.68,96191.56,845.44639,161296,319.16345
2025-05-03 18:00:00+00:00,96191.57,96388.89,96100,96341.29,347.46699,96606,151.08251
2025-05-03 21:00:00+00:00,96341.29,96441.49,95753.01,95856.42,1081.1262,145367,446.04231
2025-05-04 00:00:00+00:00,95856.42,96304.48,95588,95892.28,1344.1792,291262,660.95408
2025-05-04 03:00:00+00:00,95892.28,96134.93,95667.94,96042.72,776.41768,201220,358.13835
2025-05-04 06:00:00+00:00,96042.71,96142.86,95423.16,95647.27,1709.9898,202518,546.79607
2025-05-04 09:00:00+00:00,95647.27,95689.65,95286.78,95423.2,1619.7301,185294,567.53027
2025-05-04 12:00:00+00:00,95423.19,95647.8,95209.07,95611.07,1682.6344,161783,593.98681
2025-05-04 15:00:00+00:00,95611,95690.48,95239.33,95410.08,805.08248,149638,324.31444
2025-05-04 18:00:00+00:00,95410.08,95735,95348.3,95719.99,516.46085,92640,276.92813
2025-05-04 21:00:00+00:00,95719.99,95758.08,94151.38,94277.62,2581.8889,390371,1056.6867
2025-05-05 00:00:00+00:00,94277.61,94808.4,93514.1,94236.67,3431.2729,495621,1879.2634
2025-05-05 03:00:00+00:00,94236.66,94757.62,94016.6,94732.77,1784.8899,224249,859.45219
2025-05-05 06:00:00+00:00,94732.77,94825.46,94489.93,94559.19,2000.8633,198567,880.04907
2025-05-05 09:00:00+00:00,94559.2,94648.47,93888,94038.18,1799.9551,195370,805.71094
2025-05-05 12:00:00+00:00,94038.19,94531.74,93635.78,93879.37,3465.8952,588091,1728.3424
2025-05-05 15:00:00+00:00,93879.37,94625,93613.66,94500,2201.3886,391363,981.93886
2025-05-05 18:00:00+00:00,94500.01,94900,93876,94242.02,1189.6282,278660,550.45724
2025-05-05 21:00:00+00:00,94242.01,95199,94242.01,94733.68,1377.2887,251379,714.43445
2025-05-06 00:00:00+00:00,94733.68,94926.99,94012.78,94334.99,1143.4232,279620,488.12705
2025-05-06 03:00:00+00:00,94334.99,94603.03,94233.96,94345.56,1124.0881,158616,597.44675
2025-05-06 06:00:00+00:00,94345.57,94638.01,94003,94375.9,1380.3085,180913,557.62112
2025-05-06 09:00:00+00:00,94375.89,94375.9,93720.63,93812.54,1915.723,219256,695.72799
2025-05-06 12:00:00+00:00,93812.53,94705.17,93377,94147.02,3267.0133,492292,1384.7487
2025-05-06 15:00:00+00:00,94147.01,94856.53,94080.09,94535.93,1885.8571,403181,959.68917
2025-05-06 18:00:00+00:00,94535.93,95157,94504.84,94682.23,1440.8852,226712,761.42126
2025-05-06 21:00:00+00:00,94682.23,96920.65,94452.75,96834.02,3965.3467,552370,2061.1753
2025-05-07 00:00:00+00:00,96834.02,97732,96464,96619.05,4146.2288,480625,2041.2578
2025-05-07 03:00:00+00:00,96619.04,96714.28,96208.1,96380.96,1970.4779,243090,927.91146
2025-05-07 06:00:00+00:00,96380.96,97083.47,96361.75,97024.45,1639.8904,197075,945.5037
2025-05-07 09:00:00+00:00,97024.46,97111,96833.33,97047.43,893.52985,144136,460.90222
2025-05-07 12:00:00+00:00,97047.43,97478.27,96713.14,96938,2215.3526,387032,1125.2846
2025-05-07 15:00:00+00:00,96937.99,97152.18,96190.47,96307.54,1710.3402,375500,783.35304
2025-05-07 18:00:00+00:00,96307.54,96880.43,95784.61,96766.8,2827.2518,751180,1413.4088
2025-05-07 21:00:00+00:00,96766.8,97390,96651.96,97030.5,1241.767,270501,619.12311
2025-05-08 00:00:00+00:00,97030.5,98847,96876.29,98681.99,4944.6452,646945,2965.1821
2025-05-08 03:00:00+00:00,98681.99,99419,98532.02,98740.61,4389.7786,464647,2081.3193
2025-05-08 06:00:00+00:00,98740.6,99800,98723.25,99666.66,2734.7141,258680,1482.6983
2025-05-08 09:00:00+00:00,99666.67,99888,99406.54,99409.14,2172.8726,216865,921.25715
2025-05-08 12:00:00+00:00,99409.15,99822.6,99090.66,99371.95,2768.8838,494773,1292.7592
2025-05-08 15:00:00+00:00,99371.95,101707.02,99316,101027.13,8541.3098,1163396,4822.2181
2025-05-08 18:00:00+00:00,101027.14,102851,100970,102607.8,4071.7495,681482,2188.4555
2025-05-08 21:00:00+00:00,102607.79,104145.76,102114.66,103261.6,5338.0749,1064359,2793.3404
2025-05-09 00:00:00+00:00,103261.61,103268.44,102500.48,102595.5,2846.6469,512267,1388.2473
2025-05-09 03:00:00+00:00,102595.5,102979.36,102364,102979.35,2302.1761,309249,1152.1394
2025-05-09 06:00:00+00:00,102979.35,104361.3,102652.33,102968.25,7679.6147,786266,3998.0602
2025-05-09 09:00:00+00:00,102968.25,103500,102421,102958.31,5280.0046,803891,3122.744
2025-05-09 12:00:00+00:00,102958.31,103793.66,102411.99,103155.99,5091.8364,905932,2926.0636
2025-05-09 15:00:00+00:00,103156,103313,102315.14,103199.99,2321.0232,695250,1084.5015
2025-05-09 18:00:00+00:00,103199.99,103408,102894,103183.94,1128.8914,270060,487.46244
2025-05-09 21:00:00+00:00,103183.93,103215.46,102727.25,102971.99,967.20587,124014,365.98532
2025-05-10 00:00:00+00:00,102971.99,103265.82,102818.76,103147.96,1395.7472,206898,684.74706
2025-05-10 03:00:00+00:00,103147.95,103361,102972.17,103361,1083.8345,149629,579.38941
2025-05-10 06:00:00+00:00,103361,104100,103355.35,103634.92,2629.4991,393632,1410.8038
2025-05-10 09:00:00+00:00,103634.93,103911.78,103366,103434.94,2028.8047,297160,1166.3801
2025-05-10 12:00:00+00:00,103434.94,103825.4,103421.49,103520.41,1399.9163,185318,797.61607
2025-05-10 15:00:00+00:00,103520.41,103619.68,103100,103176.88,1983.2644,279718,926.52016
2025-05-10 18:00:00+00:00,103176.88,103317.47,103005.33,103193.43,1090.7898,164913,603.53057
2025-05-10 21:00:00+00:00,103193.43,104984.57,103166,104809.53,3712.93,550577,2089.2477
2025-05-11 00:00:00+00:00,104809.53,104972,103466.05,103781.06,3262.318,651839,1538.2012
2025-05-11 03:00:00+00:00,103781.06,104400,103653.6,103840,1528.9068,290145,745.95716
2025-05-11 06:00:00+00:00,103840,104028,103345.06,103825.39,2590.6922,339406,1479.909
2025-05-11 09:00:00+00:00,103825.39,104777,103820,104652.01,1899.0796,247495,920.41125
2025-05-11 12:00:00+00:00,104652.01,104888,103775.91,104160,3523.2049,435246,1595.6141
2025-05-11 15:00:00+00:00,104160,104682.54,103750,104036.7,2123.4258,423726,1061.9062
2025-05-11 18:00:00+00:00,104036.7,104832.82,103857.14,104269.85,1458.1516,315975,859.69874
2025-05-11 21:00:00+00:00,104269.85,104578.62,103569.77,104118,1601.3431,396344,870.25825
2025-05-12 00:00:00+00:00,104118,105086.42,103710.66,103885.72,3471.4186,595461,1875.1904
2025-05-12 03:00:00+00:00,103885.73,104164.77,103702.15,103940,1485.0564,246551,718.73056
2025-05-12 06:00:00+00:00,103939.99,105819.45,103800,104614.04,7118.4641,913245,4111.3759
2025-05-12 09:00:00+00:00,104614.05,104682.68,103625,103762.9,3123.579,468654,1530.4435
2025-05-12 12:00:00+00:00,103762.89,104629.96,102544.25,102799.99,6071.8258,1074374,3110.0739
2025-05-12 15:00:00+00:00,102799.99,103206.35,102388,102556.19,3466.1977,804189,1836.9299
2025-05-12 18:00:00+00:00,102556.2,102881.39,100718.37,102678.51,5185.8694,925572,2539.6351
2025-05-12 21:00:00+00:00,102678.52,103127.92,102352.86,102791.32,1350.3669,270361,733.61874
2025-05-13 00:00:00+00:00,102791.32,102791.32,101696.84,102067.99,2390.065,623944,1108.982
2025-05-13 03:00:00+00:00,102067.98,102767.24,101429.7,102477.15,3095.511,449102,1737.7766
2025-05-13 06:00:00+00:00,102477.16,102958.81,102333.33,102722,1988.5567,268839,1009.1663
2025-05-13 09:00:00+00:00,102722,103822.03,102722,103729.2,2222.5669,322709,1303.166
2025-05-13 12:00:00+00:00,103729.2,103966,102811.32,103191.65,3606.082,722416,1678.6909
2025-05-13 15:00:00+00:00,103191.64,104394.61,103132.15,104268.17,2879.3313,541009,1580.9688
2025-05-13 18:00:00+00:00,104268.17,104976.25,104081.85,104562.39,3621.3746,490413,1642.5976
2025-05-13 21:00:00+00:00,104562.4,104613.32,103869.01,104103.72,1449.9365,285099,644.63026
2025-05-14 00:00:00+00:00,104103.72,104115.86,103496.82,103713.27,2594.9715,437692,1172.1644
2025-05-14 03:00:00+00:00,103713.27,103971,103453.26,103896.71,1350.4526,209642,619.48916
2025-05-14 06:00:00+00:00,103896.7,103952.39,103187,103200,2224.1818,363507,1068.0767
2025-05-14 09:00:00+00:00,103200,104145,102875.22,103944.93,2479.1295,363314,1383.3824
2025-05-14 12:00:00+00:00,103944.93,104356.95,102902,103265.46,4345.8929,698735,2185.3466
2025-05-14 15:00:00+00:00,103265.47,103614.61,102602.05,103246.79,1926.9526,519220,816.95064
2025-05-14 18:00:00+00:00,103246.78,103720.44,103029.45,103555.51,981.31012,259693,508.86588
2025-05-14 21:00:00+00:00,103555.52,103667.52,103357.77,103507.82,550.01711,173418,271.7575
2025-05-15 00:00:00+00:00,103507.83,103866.51,102916.05,103047.62,1331.3885,348492,483.11494
2025-05-15 03:00:00+00:00,103047.62,103142.86,102336.7,102375.31,1337.5966,368584,561.37115
2025-05-15 06:00:00+00:00,102375.31,102686.1,101724.17,102274.65,2077.3268,467357,994.34899
2025-05-15 09:00:00+00:00,102274.65,102441,101500,102371.61,2017.2546,403664,1042.5865
2025-05-15 12:00:00+00:00,102371.62,102838.82,101383.07,101987.65,3228.974,843563,1489.2489
2025-05-15 15:00:00+00:00,101987.64,104192.7,101931.86,103968.24,3491.3307,687809,1776.4451
2025-05-15 18:00:00+00:00,103968.24,104012.49,102552.35,103443.51,2700.9812,597986,1127.83
2025-05-15 21:00:00+00:00,103443.51,103980.84,102708.46,103763.71,1814.1336,422022,1000.2348
2025-05-16 00:00:00+00:00,103763.71,104466.01,103467.91,104199.8,2750.6435,529373,1381.1679
2025-05-16 03:00:00+00:00,104199.8,104328.32,103816.6,103898.52,1420.705,261060,694.11216
2025-05-16 06:00:00+00:00,103898.52,104190.48,103100.49,103388.6,2723.3448,396765,1271.2029
2025-05-16 09:00:00+00:00,103388.6,103900,103388.6,103651.71,1856.9951,384741,860.32355
2025-05-16 12:00:00+00:00,103651.72,104099.88,103343.07,103578.7,2307.7841,527083,1171.8665
2025-05-16 15:00:00+00:00,103578.71,104550.33,103578.71,103867.96,2854.644,598636,1436.826
2025-05-16 18:00:00+00:00,103867.96,104094.9,103526.47,103692.48,979.87221,303952,403.60186
2025-05-16 21:00:00+00:00,103692.48,103791.94,103397.5,103463.9,789.89146,235832,336.05705
2025-05-17 00:00:00+00:00,103463.9,103539.69,102612.5,103286.01,2295.4611,491243,1003.1254
2025-05-17 03:00:00+00:00,103286.01,103709.86,103173.85,103342.79,1124.4524,266847,667.66375
2025-05-17 06:00:00+00:00,103342.79,103640.14,103120,103426.06,1443.0596,223891,888.14321
2025-05-17 09:00:00+00:00,103426.06,103549.92,102753.67,102994.17,2035.095,373513,889.62225
2025-05-17 12:00:00+00:00,102994.18,103180,102640.02,103124.8,1015.8069,332035,492.23053
2025-05-17 15:00:00+00:00,103124.8,103292.88,102761.9,103130.43,913.53632,310663,402.18355
2025-05-17 18:00:00+00:00,103130.43,103433.78,102928.3,103372.04,917.30327,261629,475.80104
2025-05-17 21:00:00+00:00,103372.03,103477.87,102900.72,103126.65,1506.1817,308776,516.34556
2025-05-18 00:00:00+00:00,103126.65,103409.98,103105.09,103346.7,666.94233,193925,341.95816
2025-05-18 03:00:00+00:00,103346.7,103685.03,103140.32,103648.2,825.66446,134090,401.87354
2025-05-18 06:00:00+00:00,103648.2,104088.2,103368.36,103912.82,1515.6345,253796,853.78102
2025-05-18 09:00:00+00:00,103912.82,104022,103800,103800.54,894.56085,153076,495.11369
2025-05-18 12:00:00+00:00,103800.55,105548,103701.4,105270.97,3586.7108,363753,2351.8011
2025-05-18 15:00:00+00:00,105270.98,105980,104836.66,104836.67,3896.8893,496733,2049.7613
2025-05-18 18:00:00+00:00,104836.66,104923.17,103285.71,104053.05,4697.775,619490,2345.2981
2025-05-18 21:00:00+00:00,104053.05,106660,103963.63,106454.26,5515.8101,978437,2825.3122
2025-05-19 00:00:00+00:00,106454.27,107108.62,104569,104645.15,4536.8167,892800,2389.9248
2025-05-19 03:00:00+00:00,104645.15,104645.15,102513.87,103032.01,5757.3419,918316,2258.2356
2025-05-19 06:00:00+00:00,103032,103357.6,102000,103233.9,4145.4468,637606,1846.2439
2025-05-19 09:00:00+00:00,103233.9,103425.53,102782.6,102963.41,1973.1854,391491,938.68495
2025-05-19 12:00:00+00:00,102963.4,104369,102126.16,104328.11,4234.602,662398,2145.5819
2025-05-19 15:00:00+00:00,104328.11,105550.01,104266.14,105380.95,4621.0808,640062,2343.8073
2025-05-19 18:00:00+00:00,105380.96,105788.87,104633.55,105468,2402.9817,442054,1138.5762
2025-05-19 21:00:00+00:00,105468,105829.99,105016.27,105573.74,2588.5798,296644,1147.2544
2025-05-20 00:00:00+00:00,105573.73,106853.27,105554.31,106099.99,4474.6853,707631,2411.538
2025-05-20 03:00:00+00:00,106100,106399,105533.01,106105.26,2406.1415,350161,1243.3837
2025-05-20 06:00:00+00:00,106105.26,106219.99,104847.16,105223.01,2581.22,378953,1231.9143
2025-05-20 09:00:00+00:00,105223,105416.66,104913.04,105203.76,1650.6022,221906,862.5001
2025-05-20 12:00:00+00:00,105203.75,105203.76,104184.72,104519.84,3116.5948,469648,1686.5126
2025-05-20 15:00:00+00:00,104519.84,106336.37,104482.68,106200.31,2814.3546,494952,1572.5356
2025-05-20 18:00:00+00:00,106200.32,107320,105220,106909.09,4334.0048,712104,2259.1883
2025-05-20 21:00:00+00:00,106909.09,107225.68,105935.83,106849.99,2327.8796,542996,1082.8901
2025-05-21 00:00:00+00:00,106850,107206.94,106186.79,106859.04,1875.7755,473242,779.06156
2025-05-21 03:00:00+00:00,106859.05,107718.68,106742.85,107542,3418.5113,537184,1638.7833
2025-05-21 06:00:00+00:00,107542.01,107985.05,106347.05,106372.45,4103.1697,700197,2239.9586
2025-05-21 09:00:00+00:00,106372.46,106741.71,106100.01,106546.44,1959.9517,358776,1180.3501
2025-05-21 12:00:00+00:00,106546.43,109000,106329.47,108999.99,6796.9288,961896,4331.2361
2025-05-21 15:00:00+00:00,108999.99,109845,106117.67,106592.79,14710.372,1868638,6887.8769
2025-05-21 18:00:00+00:00,106592.8,108857.19,106317,108238.09,6395.201,1104423,2824.9756
2025-05-21 21:00:00+00:00,108238.09,110797.38,107940,109643.99,6271.1308,830923,3779.4073
2025-05-22 00:00:00+00:00,109643.99,110981.96,109177.37,110471.51,6040.2022,1105192,3201.3123
2025-05-22 03:00:00+00:00,110471.52,111880,110339.87,110879.99,7407.7861,1099005,4088.4193
2025-05-22 06:00:00+00:00,110880,111185.82,110381.46,110409.09,3851.6375,696069,1999.7919
2025-05-22 09:00:00+00:00,110409.1,111326.2,110272.72,110981.97,2835.6972,532774,1532.4982
2025-05-22 12:00:00+00:00,110981.98,111626.43,110550,110897.9,4885.3406,936368,2503.0129
2025-05-22 15:00:00+00:00,110897.89,111980,110787.8,111502.31,2898.7085,662359,1436.8058
2025-05-22 18:00:00+00:00,111502.32,111953.85,110831.52,111076.24,2355.8161,483640,1115.8433
2025-05-22 21:00:00+00:00,111076.24,111717.34,110763.27,111696.21,1355.5849,278809,706.87928
2025-05-23 00:00:00+00:00,111696.22,111800,111193.9,111272.72,2345.251,513458,1212.2748
2025-05-23 03:00:00+00:00,111272.73,111374.54,110547.98,110855.47,1770.5338,332834,726.52643
2025-05-23 06:00:00+00:00,110855.47,111030.12,110407.89,110935.24,2470.4568,333627,1163.0377
2025-05-23 09:00:00+00:00,110935.24,111381.61,108888,109076.35,3678.7545,613264,1663.0423
2025-05-23 12:00:00+00:00,109076.36,109992.75,107316,109672.01,12010.067,1456894,5156.746
2025-05-23 15:00:00+00:00,109672.01,109850.02,108001,109413.03,4586.7871,880442,2202.6122
2025-05-23 18:00:00+00:00,109413.02,109494.8,108186.55,108236.53,2109.9765,493409,969.08401
2025-05-23 21:00:00+00:00,108236.53,108664.65,106800,107318.3,2765.896,627264,1215.9931
2025-05-24 00:00:00+00:00,107318.3,107900.11,106875.41,107803.84,1747.9509,530740,856.12861
2025-05-24 03:00:00+00:00,107803.84,108582.33,107750.64,108235.68,1414.9628,289528,672.8131
2025-05-24 06:00:00+00:00,108235.69,108342.53,107566.37,108251.23,1660.6866,313180,743.11191
2025-05-24 09:00:00+00:00,108251.23,109506.03,108152.01,109208.56,4897.0393,446366,3084.0499
2025-05-24 12:00:00+00:00,109208.57,109282.81,108540,108959.09,2284.0594,353669,1109.7749
2025-05-24 15:00:00+00:00,108959.1,109212.76,108682.36,108920.03,930.35568,265239,423.35572
2025-05-24 18:00:00+00:00,108920.03,109125,108781.54,108863.63,687.75821,151207,451.51322
2025-05-24 21:00:00+00:00,108863.63,108863.64,107500,107761.91,3159.7184,455489,1446.1601
2025-05-25 00:00:00+00:00,107761.9,108130.44,107206,107928.8,2073.1565,501680,1020.0841
2025-05-25 03:00:00+00:00,107928.8,108288.69,107923.6,108103.98,835.83674,211523,447.29769
2025-05-25 06:00:00+00:00,108103.99,108136.37,106926.14,107109.41,1829.4168,338772,698.47465
2025-05-25 09:00:00+00:00,107109.4,107390.89,106708.98,107260,2450.5394,471441,1060.859
2025-05-25 12:00:00+00:00,107259.99,107743.34,107137.56,107355,1947.5694,362971,1056.6779
2025-05-25 15:00:00+00:00,107355,107420.98,106600.64,107363.37,4805.9755,505926,1617.3111
2025-05-25 18:00:00+00:00,107363.36,107940.95,107272.72,107677.35,803.87838,161909,369.69405
2025-05-25 21:00:00+00:00,107677.36,109299.99,107176,109004.19,2963.6742,596946,1596.7686
2025-05-26 00:00:00+00:00,109004.2,109844.91,108670.58,109387.72,2527.3876,503887,1290.6565
2025-05-26 03:00:00+00:00,109387.73,109765.74,109273.51,109650.01,1638.4191,205697,691.85057
2025-05-26 06:00:00+00:00,109650,110228.11,109519.4,109666.4,1925.5604,349974,1013.4006
2025-05-26 09:00:00+00:00,109666.39,109996.2,109556.69,109772.72,1126.1147,224248,568.62686
2025-05-26 12:00:00+00:00,109772.73,110086.96,109494.74,109652.51,1695.8233,359611,777.53954
2025-05-26 15:00:00+00:00,109652.51,110422.22,108871.21,109171.91,3827.022,712798,2008.661
2025-05-26 18:00:00+00:00,109171.9,109624.85,108858.28,109606.5,966.84299,289072,461.33921
2025-05-26 21:00:00+00:00,109606.5,109888.89,109057.74,109434.79,941.94582,242576,489.03854
2025-05-27 00:00:00+00:00,109434.78,109666,107516.57,108272.72,3603.512,688502,1515.7199
2025-05-27 03:00:00+00:00,108272.73,109355.11,108268,108923.36,2394.7812,430351,1222.4763
2025-05-27 06:00:00+00:00,108923.36,109777.77,108826.08,109695.65,2613.5125,420639,1343.9123
2025-05-27 09:00:00+00:00,109695.66,109899,109428.98,109585.49,1319.1147,196900,612.76119
2025-05-27 12:00:00+00:00,109585.49,110718,108670.29,109374.75,5328.203,789953,2512.4259
2025-05-27 15:00:00+00:00,109374.75,110499.64,109010.33,110232.46,2916.8946,547055,1270.6925
2025-05-27 18:00:00+00:00,110232.46,110409.11,109551.69,109551.69,1439.4351,296466,540.63383
2025-05-27 21:00:00+00:00,109551.69,109690.94,108600,108938.17,1661.2032,365643,951.27076
2025-05-28 00:00:00+00:00,108938.17,109284.7,108400,108627.42,1633.8404,364599,766.79825
2025-05-28 03:00:00+00:00,108627.41,109089.68,108569.09,109000,1032.8533,201027,513.15384
2025-05-28 06:00:00+00:00,108999.99,109130.44,108602.9,109040.45,1204.053,221758,514.77276
2025-05-28 09:00:00+00:00,109040.45,109076.61,108258.01,108870.38,1415.8549,282369,685.95395
2025-05-28 12:00:00+00:00,108870.39,109053.39,107466.02,107522.72,3524.1647,598864,1359.9288
2025-05-28 15:00:00+00:00,107522.71,107832.38,107045.45,107679.01,3742.8139,491280,1577.7423
2025-05-28 18:00:00+00:00,107679.01,107842.29,106769.43,107318.18,1760.2423,435285,723.89822
2025-05-28 21:00:00+00:00,107318.19,108043.95,107150,107781.78,1319.9658,338080,735.02532
2025-05-29 00:00:00+00:00,107781.78,108484.61,107421.12,108426.94,2400.5653,491839,1214.0678
2025-05-29 03:00:00+00:00,108426.93,108430.76,106948.01,107681.81,2145.6193,357296,969.21497
2025-05-29 06:00:00+00:00,107681.81,108553.62,107643.18,108492.49,1476.0852,223907,756.68073
2025-05-29 09:00:00+00:00,108492.5,108891.91,108320,108779.84,1802.17,296993,903.12447
2025-05-29 12:00:00+00:00,108779.83,108797.25,106474,107622.54,4314.2341,750614,1973.4913
2025-05-29 15:00:00+00:00,107622.53,107737.7,106117.51,106303.6,3344.647,790537,1585.0898
2025-05-29 18:00:00+00:00,106303.6,106617.77,105639.3,106180,2783.1999,562146,1434.0641
2025-05-29 21:00:00+00:00,106180,106470.69,105322.86,105589.75,1568.1804,301594,621.76041
2025-05-30 00:00:00+00:00,105589.75,106214.93,104600.5,106000,3782.278,705461,1681.6766
2025-05-30 03:00:00+00:00,106000.01,106313.12,105904.76,106083.42,1606.9048,251239,609.16333
2025-05-30 06:00:00+00:00,106083.43,106135.17,104727.72,105177.33,4104.3702,544785,2009.7322
2025-05-30 09:00:00+00:00,105177.34,105981.75,104606.01,105880.51,2548.1336,470405,1245.6079
2025-05-30 12:00:00+00:00,105880.5,106000,105047.61,105346.33,3334.351,729670,1584.9241
2025-05-30 15:00:00+00:00,105346.34,105831,103706.71,104183.15,4514.3561,771420,2135.5838
2025-05-30 18:00:00+00:00,104183.15,104988.97,104065.08,104580,1931.414,358156,1016.9133
2025-05-30 21:00:00+00:00,104579.99,104878.05,103621,103985.48,1884.6903,476436,787.38613
2025-05-31 00:00:00+00:00,103985.47,104292.69,103102.59,103189.83,2597.5184,803410,1085.1925
2025-05-31 03:00:00+00:00,103189.83,103911.1,103068.55,103538.94,1471.0867,342697,696.98948
2025-05-31 06:00:00+00:00,103538.93,103903.54,103513.84,103648.32,902.55016,139795,459.26038
2025-05-31 09:00:00+00:00,103648.32,103737.49,103285.71,103498.18,1161.9702,214928,543.36281
2025-05-31 12:00:00+00:00,103498.17,104583.48,103480.11,104573.92,2148.016,301667,1189.0101
2025-05-31 15:00:00+00:00,104573.91,104846.15,104261.39,104349.06,1552.8639,254612,618.65887
2025-05-31 18:00:00+00:00,104349.06,104807.94,104349.05,104781.83,549.22837,113498,270.36885
2025-05-31 21:00:00+00:00,104781.84,104900,104473.2,104591.88,906.12559,173180,416.10879
2025-06-01 00:00:00+00:00,104591.88,104647.11,103924.52,104195.12,1073.263,246289,444.85659
2025-06-01 03:00:00+00:00,104195.13,104729.99,103971.7,104536.57,745.93415,150861,412.00654
2025-06-01 06:00:00+00:00,104536.57,104536.58,104195.12,104386.6,695.93123,150225,338.22838
2025-06-01 09:00:00+00:00,104386.6,104459.07,103752.49,104082.68,1268.2241,287528,557.0675
2025-06-01 12:00:00+00:00,104082.67,104773.59,103783.01,104599.7,1459.9211,259616,745.02279
2025-06-01 15:00:00+00:00,104599.7,105299.21,104502.99,105066.33,1902.9168,303454,897.25329
2025-06-01 18:00:00+00:00,105066.34,105300,104319.79,104948.91,1261.8277,254208,588.3684
2025-06-01 21:00:00+00:00,104948.91,105866.91,104926.82,105642.93,1301.682,287178,657.54721
2025-06-02 00:00:00+00:00,105642.93,105735.42,105019.05,105026.98,1300.8055,276343,629.02888
2025-06-02 03:00:00+00:00,105026.97,105055.1,104571.42,104833.79,1094.2376,201055,474.84346
2025-06-02 06:00:00+00:00,104833.79,105935.63,104732.38,105328.43,1522.3238,308223,756.23768
2025-06-02 09:00:00+00:00,105328.43,105335.99,103941,104047.64,2428.7458,430721,1065.4149
2025-06-02 12:00:00+00:00,104047.63,104679.25,103659.88,104176.62,2877.499,652631,1524.4504
2025-06-02 15:00:00+00:00,104176.61,104565.32,103905.1,104399.89,1453.6837,440754,702.39499
2025-06-02 18:00:00+00:00,104399.89,104995.93,104050.96,104878.62,1148.3881,319332,543.04159
2025-06-02 21:00:00+00:00,104878.61,105931.44,104575.37,105857.99,1628.3046,368597,799.24315
2025-06-03 00:00:00+00:00,105858,106500,105577.36,105612.46,1929.3501,391142,909.32605
2025-06-03 03:00:00+00:00,105612.47,105712.72,105116.2,105452.08,1340.6071,196826,651.11053
2025-06-03 06:00:00+00:00,105452.09,105463.19,104872.5,105094.93,1488.9369,182909,660.98938
2025-06-03 09:00:00+00:00,105094.93,105349.94,105067.74,105287.24,1001.6557,125548,552.90417
2025-06-03 12:00:00+00:00,105287.24,106692.43,105031.6,106550.01,2823.9848,535446,1453.6989
2025-06-03 15:00:00+00:00,106550.01,106794.67,105758.25,105943.98,2311.295,458118,1003.5101
2025-06-03 18:00:00+00:00,105943.99,106428.58,105353.5,105738.69,1329.1162,323820,587.97034
2025-06-03 21:00:00+00:00,105738.7,105902.93,105266.02,105376.89,1034.5805,256889,440.71491
2025-06-04 00:00:00+00:00,105376.9,105839.63,105132.27,105476.22,1187.8766,269636,517.95493
2025-06-04 03:00:00+00:00,105476.22,105745.29,105340.66,105354.14,1662.4927,190473,770.723
2025-06-04 06:00:00+00:00,105354.14,105585.45,105250,105435.93,1212.8487,148592,726.69341
2025-06-04 09:00:00+00:00,105435.93,106000,105080.26,105084.36,3489.4283,297594,1943.1653
2025-06-04 12:00:00+00:00,105084.36,105272.3,104179,105033.3,2967.536,503591,1542.7362
2025-06-04 15:00:00+00:00,105033.3,105542,104928.65,105051.1,1807.1336,393655,740.97476
2025-06-04 18:00:00+00:00,105051.11,105300,104407.16,104609.87,1068.268,265889,423.09802
2025-06-04 21:00:00+00:00,104609.88,105045.79,104549.83,104696.86,639.31093,205034,314.60346
2025-06-05 00:00:00+00:00,104696.86,105240.84,104651.16,104989.48,927.77237,207757,381.83013
2025-06-05 03:00:00+00:00,104989.48,105226.14,104570.43,104649.23,1054.5912,183665,472.10551
2025-06-05 06:00:00+00:00,104649.22,104696.73,104380,104675.36,1015.3153,170797,452.62346
2025-06-05 09:00:00+00:00,104675.36,104920,104517.43,104827.8,784.31673,138771,342.82118
2025-06-05 12:00:00+00:00,104827.79,105909.71,103900,104639.2,4354.0947,713443,2031.6523
2025-06-05 15:00:00+00:00,104639.21,104871.31,103140,103240.04,3066.9865,670919,1301.854
2025-06-05 18:00:00+00:00,103240.04,103354.56,100372.26,100483.91,7217.6537,1211133,3006.1195
2025-06-05 21:00:00+00:00,100483.92,101835.7,100428,101508.68,3900.7711,666810,2016.3541
2025-06-06 00:00:00+00:00,101508.69,102208.28,101095.8,102203.52,1977.8421,369056,1075.8104
2025-06-06 03:00:00+00:00,102203.53,102954.24,102056.23,102954.24,1829.059,250872,886.92709
2025-06-06 06:00:00+00:00,102954.23,103589,102896.1,103510.25,1716.212,246472,801.13126
2025-06-06 09:00:00+00:00,103510.25,103991.45,103510.24,103927.99,1726.1779,238219,811.00378
2025-06-06 12:00:00+00:00,103927.99,104880.88,103513.7,104776.7,3325.3691,613119,1630.4948
2025-06-06 15:00:00+00:00,104776.7,105333,104390.18,104922.14,3154.4433,546330,1466.3032
2025-06-06 18:00:00+00:00,104922.14,104982.38,104013.21,104478.07,1276.4297,294977,578.37681
2025-06-06 21:00:00+00:00,104478.07,104488.38,104193.32,104288.44,833.54074,150282,405.55942
2025-06-07 00:00:00+00:00,104288.43,104611.68,103871.09,104531.57,917.95297,220653,472.2174
2025-06-07 03:00:00+00:00,104531.58,105000,104484.52,104877.36,1037.5974,177352,488.60078
2025-06-07 06:00:00+00:00,104877.37,105319.13,104689.81,104746.44,987.40329,158431,446.05818
2025-06-07 09:00:00+00:00,104746.44,105264,104746.43,105150.01,946.6289,163436,389.43806
2025-06-07 12:00:00+00:00,105150.01,105800,105150,105431.61,1933.3846,243187,1042.2944
2025-06-07 15:00:00+00:00,105431.61,105666.66,105279.06,105393.21,727.14734,159097,286.1431
2025-06-07 18:00:00+00:00,105393.21,105900,105393.2,105846.98,1265.4701,168658,625.86759
2025-06-07 21:00:00+00:00,105846.98,105900,105534.88,105552.15,529.34739,111680,219.39959
2025-06-08 00:00:00+00:00,105552.15,105786.33,105400.57,105441.87,891.79441,127195,484.70304
2025-06-08 03:00:00+00:00,105441.86,105653.13,105394.03,105438.34,492.94886,83197,222.49589
2025-06-08 06:00:00+00:00,105438.34,105599.32,105367.88,105373.81,515.70718,88473,227.05855
2025-06-08 09:00:00+00:00,105373.82,105720.94,104964.14,105686.71,1479.308,209302,850.51606
2025-06-08 12:00:00+00:00,105686.71,106160.19,105520.25,105829.66,1861.0758,262537,1262.9496
2025-06-08 15:00:00+00:00,105829.66,106360,105818.18,106082.95,1070.5985,200745,528.96476
2025-06-08 18:00:00+00:00,106082.95,106335.9,106020.46,106147.66,643.26595,92246,309.89565
2025-06-08 21:00:00+00:00,106147.65,106488.14,105545.71,105734,1093.3643,231459,474.83907
2025-06-09 00:00:00+00:00,105734.01,105966.33,105427.53,105560.89,1269.8203,269094,496.04036
2025-06-09 03:00:00+00:00,105560.9,105717.3,105318.37,105379.11,1346.4913,145310,674.29908
2025-06-09 06:00:00+00:00,105379.12,105949.09,105319,105926.39,1110.1798,141808,558.67609
2025-06-09 09:00:00+00:00,105926.4,107806,105832,107759.21,3963.8548,470993,2400.3565
2025-06-09 12:00:00+00:00,107759.21,108000,106860,107610.33,2916.4827,456678,1495.4409
2025-06-09 15:00:00+00:00,107610.32,108422.28,107522.79,108337.56,2185.6629,418397,1020.266
2025-06-09 18:00:00+00:00,108337.57,108767.24,108284.5,108706.74,1457.7914,296483,701.65934
2025-06-09 21:00:00+00:00,108706.74,110530.17,108706.73,110263.02,5725.0914,641083,3277.1438
2025-06-10 00:00:00+00:00,110263.02,110311.82,109381.24,109650.94,1987.4725,314605,832.05467
2025-06-10 03:00:00+00:00,109650.95,109737.68,109200,109310.49,1268.0125,200096,595.35959
2025-06-10 06:00:00+00:00,109310.49,109650,109056.9,109082.65,1940.8018,257257,750.40447
2025-06-10 09:00:00+00:00,109082.65,109851.8,109065.14,109541.28,1822.3114,283510,1038.1053
2025-06-10 12:00:00+00:00,109541.93,109900.81,108468.29,108620.01,3803.3002,590276,1597.85
2025-06-10 15:00:00+00:00,108620,109251.41,108331.03,108711.37,2339.6402,474706,1140.6307
2025-06-10 18:00:00+00:00,108711.37,110400,108518.86,109960,2353.545,520216,1299.3905
2025-06-10 21:00:00+00:00,109960.01,110299.73,109420,110274.39,1556.7448,362754,755.50058
2025-06-11 00:00:00+00:00,110274.39,110274.4,109533.97,109677.03,1142.4348,273548,406.10518
2025-06-11 03:00:00+00:00,109677.03,109858.23,109430.38,109468.03,622.46278,144313,245.1346
2025-06-11 06:00:00+00:00,109468.04,109745.29,109373.67,109576.02,1042.9345,164782,378.60552
2025-06-11 09:00:00+00:00,109576.03,109603.57,109193.89,109252.09,1220.0106,133210,411.72094
2025-06-11 12:00:00+00:00,109252.1,110392.01,109008.82,109866.69,3590.8077,679724,1964.8334
2025-06-11 15:00:00+00:00,109866.69,110042.9,108964.16,108984.72,2222.9059,454934,1150.2169
2025-06-11 18:00:00+00:00,108984.72,109072.91,108412.01,108906.44,1783.3584,455974,837.93265
2025-06-11 21:00:00+00:00,108906.45,109219.51,108064,108645.12,1491.0017,360529,636.41942
2025-06-12 00:00:00+00:00,108645.13,108813.55,108258.49,108400.52,1823.1182,321850,1087.1009
2025-06-12 03:00:00+00:00,108400.52,108448.03,107320,107746.91,3131.126,352012,1117.0402
2025-06-12 06:00:00+00:00,107746.91,107993.58,107438.65,107731.67,1547.1906,226500,832.68451
2025-06-12 09:00:00+00:00,107731.67,107771.55,106874.47,106900.95,1459.509,294296,654.42527
2025-06-12 12:00:00+00:00,106900.95,107721.17,106600,107612.69,2546.2818,425137,1309.7183
2025-06-12 15:00:00+00:00,107612.7,108450.16,106890.88,108287.4,1986.834,569727,1050.8306
2025-06-12 18:00:00+00:00,108287.4,108419.21,105772.73,105973.62,3543.1616,790732,1383.2576
2025-06-12 21:00:00+00:00,105973.61,106430.39,105671.72,105671.73,1741.4511,537166,856.16918
2025-06-13 00:00:00+00:00,105671.74,105694,102664.31,103641.21,10243.087,1686544,4415.3491
2025-06-13 03:00:00+00:00,103641.2,104590,103605.12,104002.25,2642.781,546638,1321.3079
2025-06-13 06:00:00+00:00,104002.26,105434.34,103825.11,104739.45,3409.0783,545654,2184.237
2025-06-13 09:00:00+00:00,104739.44,105045.79,104425.79,105039.48,1742.1067,422553,829.89141
2025-06-13 12:00:00+00:00,105039.48,105300,104118,104970.74,2760.4022,723319,1275.6011
2025-06-13 15:00:00+00:00,104970.74,105981,104860,105390.94,3003.2441,717340,1561.0332
2025-06-13 18:00:00+00:00,105390.94,105508.34,104668.73,105424,1473.0587,594897,705.16818
2025-06-13 21:00:00+00:00,105424,106179.53,105326.41,106066.59,907.05939,215632,501.1192
2025-06-14 00:00:00+00:00,106066.59,106252,105312.88,105374.17,2758.2877,282315,1262.1693
2025-06-14 03:00:00+00:00,105374.18,105440,105197.96,105288.3,680.61481,120812,318.52247
2025-06-14 06:00:00+00:00,105288.3,105321.82,104792.98,105095.03,796.61137,133201,346.47678
2025-06-14 09:00:00+00:00,105095.04,105117.07,104836.06,105082.01,571.42234,110749,263.48139
2025-06-14 12:00:00+00:00,105082.01,105131.25,104745.1,104913.01,688.28702,151737,301.58211
2025-06-14 15:00:00+00:00,104913.01,104983.05,104359.5,104608.17,1372.171,234092,525.82278
2025-06-14 18:00:00+00:00,104608.18,105045.78,104300,104894.29,1044.9385,294138,443.77235
2025-06-14 21:00:00+00:00,104894.3,105480,104867.14,105414.64,886.60696,194732,386.72784
2025-06-15 00:00:00+00:00,105414.63,105680,105264.75,105481.02,657.48977,120534,337.39971
2025-06-15 03:00:00+00:00,105481.03,106100,105463.54,106073.94,492.93921,79853,314.0153
2025-06-15 06:00:00+00:00,106073.95,106128.57,105134.69,105197.19,1250.1,176016,573.754
2025-06-15 09:00:00+00:00,105197.18,105197.19,104867.64,104970.51,797.57135,170678,362.97581
2025-06-15 12:00:00+00:00,104970.51,105838.24,104955.48,105657.64,944.14281,240719,492.29371
2025-06-15 15:00:00+00:00,105657.63,105794.12,105332,105689.64,825.18348,185349,345.69083
2025-06-15 18:00:00+00:00,105689.65,105689.65,104600.13,104729.53,905.62355,217085,335.71431
2025-06-15 21:00:00+00:00,104729.53,105617.82,104494.53,105594.01,1291.1503,374534,594.62545
2025-06-16 00:00:00+00:00,105594.02,105970.59,104980.37,105785.51,1416.522,411194,698.75915
2025-06-16 03:00:00+00:00,105785.51,106785.71,105708.93,106559.98,1515.4884,248890,823.62953
2025-06-16 06:00:00+00:00,106559.99,107262.31,106510.61,107180,2012.8411,249549,1030.0101
2025-06-16 09:00:00+00:00,107180,107255.01,106582.25,106883.99,1662.3237,190673,757.6334
2025-06-16 12:00:00+00:00,106884,107784.26,106495.09,107533.5,1992.9156,486151,1076.2819
2025-06-16 15:00:00+00:00,107533.5,108017.98,107307.81,107755,1803.049,387000,939.36795
2025-06-16 18:00:00+00:00,107755.01,108888,107686.56,108782.68,2056.4073,398363,1079.9406
2025-06-16 21:00:00+00:00,108782.68,108952.38,106700,106794.53,2463.1184,557178,1036.7266
2025-06-17 00:00:00+00:00,106794.53,107600,106115.35,107482.39,2468.4633,635816,1285.8203
2025-06-17 03:00:00+00:00,107482.4,107771.34,107040,107122.02,1349.1509,299882,606.92532
2025-06-17 06:00:00+00:00,107122.01,107234.94,106481.6,106568.06,1268.1638,265953,557.63306
2025-06-17 09:00:00+00:00,106568.06,106655.82,105508.23,105641.47,2045.674,318739,958.86621
2025-06-17 12:00:00+00:00,105641.48,105862.03,104777.48,104847.33,2532.4348,505116,1063.5009
2025-06-17 15:00:00+00:00,104847.33,104968.69,103371.02,103814.01,4882.5951,887707,2049.3465
2025-06-17 18:00:00+00:00,103814,105336.82,103626.05,104362.39,2244.5998,531486,1076.4591
2025-06-17 21:00:00+00:00,104362.39,104822.31,104203.85,104551.17,1075.2485,278311,484.10156
2025-06-18 00:00:00+00:00,104551.17,105176.61,104379.52,104856.06,1044.3009,255070,507.72855
2025-06-18 03:00:00+00:00,104856.06,105550.27,104849.13,105423.5,1037.0382,163662,466.08224
2025-06-18 06:00:00+00:00,105423.51,105527.88,104713.24,104949.9,1417.9381,229018,550.55215
2025-06-18 09:00:00+00:00,104949.91,105142,104175.87,104840.59,1506.4906,302933,730.81255
2025-06-18 12:00:00+00:00,104840.58,105325.83,103814.04,104619.88,3155.2367,736953,1567.1072
2025-06-18 15:00:00+00:00,104619.87,104973.79,103615.33,104331.83,2296.7592,599604,1064.4462
2025-06-18 18:00:00+00:00,104332,104988.88,103500,104822.33,2491.7836,905151,1239.8078
2025-06-18 21:00:00+00:00,104822.34,105139.87,104378.62,104886.78,1019.0944,275779,529.77798
2025-06-19 00:00:00+00:00,104886.79,105226.17,104457.12,104722.51,1246.0391,285089,620.41498
2025-06-19 03:00:00+00:00,104722.5,105220,104722.5,104892.86,808.11682,154723,334.73827
2025-06-19 06:00:00+00:00,104892.86,104989.34,104617.69,104746.12,848.59822,160155,367.74906
2025-06-19 09:00:00+00:00,104746.11,105073.53,104720.1,104776.23,658.19377,142400,274.29005
2025-06-19 12:00:00+00:00,104776.23,104917.05,104109.06,104148.6,1099.3586,249027,435.33802
2025-06-19 15:00:00+00:00,104148.61,104814.73,103929.27,104521.31,1557.403,315686,874.482
2025-06-19 18:00:00+00:00,104521.32,104694.01,104126.98,104266.82,724.09455,195956,361.84396
2025-06-19 21:00:00+00:00,104266.83,104898.31,104228.53,104658.59,736.80327,215009,314.34102
2025-06-20 00:00:00+00:00,104658.59,104820,104391.38,104628,796.39486,188506,311.79686
2025-06-20 03:00:00+00:00,104628,104700,104238.02,104584.68,789.36005,130201,287.09535
2025-06-20 06:00:00+00:00,104584.68,106524.65,104584.68,105959.68,2887.5782,373660,1610.3849
2025-06-20 09:00:00+00:00,105959.68,106172.06,105757.48,105977.82,1293.9811,229475,632.20514
2025-06-20 12:00:00+00:00,105977.82,106149.17,103888,103940.01,2543.2445,585003,1003.2942
2025-06-20 15:00:00+00:00,103940.01,104623.34,102345,103279.26,5122.6574,879780,2016.0888
2025-06-20 18:00:00+00:00,103279.26,103828,103010.41,103693.5,1942.9829,406581,806.97044
2025-06-20 21:00:00+00:00,103693.51,103719.99,102963.67,103297.99,1042.8639,236198,446.13469
2025-06-21 00:00:00+00:00,103297.98,103538.6,103127.48,103499.98,605.13625,126572,279.39997
2025-06-21 03:00:00+00:00,103499.99,103691.67,103333,103421.21,391.1692,85087,170.51946
2025-06-21 06:00:00+00:00,103421.21,103830.48,103330,103826.03,776.57708,89106,268.44877
2025-06-21 09:00:00+00:00,103826.03,103982.64,103653.14,103874.64,853.02481,112284,314.29223
2025-06-21 12:00:00+00:00,103874.63,103946.47,103382.97,103549.99,922.1327,210413,311.87954
2025-06-21 15:00:00+00:00,103550,103680,103174.12,103182.98,1078.0495,229929,423.57608
2025-06-21 18:00:00+00:00,103182.98,103423.21,102206,102782.08,2269.0855,435394,956.98739
2025-06-21 21:00:00+00:00,102782.09,102836,100837.9,102120.01,4259.0383,883793,1907.8336
2025-06-22 00:00:00+00:00,102120.02,103399.62,101839.96,102347.64,3875.1911,915096,1897.7922
2025-06-22 03:00:00+00:00,102347.63,102919.46,102127.34,102853.89,1262.3482,329185,627.29014
2025-06-22 06:00:00+00:00,102853.89,102946.47,102269.18,102712.34,1037.8035,189533,449.59068
2025-06-22 09:00:00+00:00,102712.34,102804.05,102080,102739.48,1447.604,247516,566.3569
2025-06-22 12:00:00+00:00,102739.47,102831,99066.36,99628.28,10182.983,1149680,3988.018
2025-06-22 15:00:00+00:00,99628.29,100380,98673.66,99480,5494.9306,880757,2810.9108
2025-06-22 18:00:00+00:00,99480.01,99777.61,98200,99536,2717.5515,712632,1270.4873
2025-06-22 21:00:00+00:00,99536,101034.65,99004.72,100963.87,2727.9984,696910,1531.5836
2025-06-23 00:00:00+00:00,100963.87,101620,100494.25,101301.2,2525.1014,431762,1291.174
2025-06-23 03:00:00+00:00,101301.2,101890,100980,101771.02,1535.4301,246035,696.92746
2025-06-23 06:00:00+00:00,101771.01,102137,101645.47,101881.37,1989.9149,285896,1024.4097
2025-06-23 09:00:00+00:00,101881.38,101881.38,101102.76,101289.01,1916.367,250764,727.62426
2025-06-23 12:00:00+00:00,101289,102613.09,100792.16,101624.39,3735.7535,812678,1738.6018
2025-06-23 15:00:00+00:00,101624.39,102690,99613.33,102484.02,5720.9757,1169205,2556.9454
2025-06-23 18:00:00+00:00,102484.02,103915.5,102387.72,103739.99,3885.0807,768670,2142.9754
2025-06-23 21:00:00+00:00,103740,106074.2,103624.19,105333.93,6357.8827,979197,3229.5435
2025-06-24 00:00:00+00:00,105333.94,105500,104729.69,104753.8,2334.4244,375371,979.70212
2025-06-24 03:00:00+00:00,104753.8,105426.48,104704.91,105396.54,1677.592,265965,814.32706
2025-06-24 06:00:00+00:00,105396.54,105811,104622.02,104996.77,2898.7986,504176,1338.3714
2025-06-24 09:00:00+00:00,104996.78,105571.4,104968.25,105170,1347.1719,312321,651.07066
2025-06-24 12:00:00+00:00,105169.99,105665.52,104800.98,105517.5,2240.3221,552255,1045.4638
2025-06-24 15:00:00+00:00,105517.5,106290,105153.01,106046.69,2407.905,459233,1217.5381
2025-06-24 18:00:00+00:00,106046.69,106098,105270.48,106087.3,955.06945,291956,448.34197
2025-06-24 21:00:00+00:00,106087.3,106119.11,105729.95,106083,790.41003,212204,353.50652
2025-06-25 00:00:00+00:00,106083,106791.18,105808.03,106474.58,2058.6462,431698,1116.4589
2025-06-25 03:00:00+00:00,106474.58,106599.9,106001,106213.72,1096.0401,220026,398.8767
2025-06-25 06:00:00+00:00,106213.72,106702,106125.05,106635.76,859.55426,178593,407.62619
2025-06-25 09:00:00+00:00,106635.76,107237.44,106449.61,107198.02,1961.293,330643,1126.9456
2025-06-25 12:00:00+00:00,107198.02,108135.3,106927.8,107629.59,5250.9639,709587,3221.352
2025-06-25 15:00:00+00:00,107629.58,107638,106752.36,107402.53,3309.6236,519201,1258.4272
2025-06-25 18:00:00+00:00,107402.54,107905.37,107177.52,107781.2,1327.0316,344480,649.81711
2025-06-25 21:00:00+00:00,107781.2,108000,107079.9,107340.58,838.00284,254664,396.6333
2025-06-26 00:00:00+00:00,107340.59,108039.05,107105.43,107920.47,1338.4604,358343,731.58688
2025-06-26 03:00:00+00:00,107920.47,108272.45,107520,107632.09,1097.5767,288945,477.74012
2025-06-26 06:00:00+00:00,107632.09,108174.86,107553.11,107753.07,1255.7292,235835,584.43777
2025-06-26 09:00:00+00:00,107753.07,107786.53,107117.65,107325.41,1506.3325,246126,573.44438
2025-06-26 12:00:00+00:00,107325.42,107765.55,106817.64,107436.6,1895.2872,485306,845.89317
2025-06-26 15:00:00+00:00,107436.6,107515.5,106562.5,107192.99,1329.777,415713,652.45266
2025-06-26 18:00:00+00:00,107192.99,108000,107137.03,107766.29,1148.628,280491,630.84303
2025-06-26 21:00:00+00:00,107766.3,107799.99,106850,106947.06,1001.4817,286983,486.69197
2025-06-27 00:00:00+00:00,106947.06,107300,106438.33,107253.6,1100.3916,267678,508.46448
2025-06-27 03:00:00+00:00,107253.59,107568.68,107168.79,107267.74,939.81678,129581,396.28398
2025-06-27 06:00:00+00:00,107267.73,107735.34,106679.98,106998.53,2134.6521,283466,732.31627
2025-06-27 09:00:00+00:00,106998.54,107159.95,106786.47,106983.6,1561.5789,190981,508.45611
2025-06-27 12:00:00+00:00,106983.6,107200,106356.76,106557.79,3209.2207,531008,1114.4783
2025-06-27 15:00:00+00:00,106557.79,107709.22,106477.34,106875.75,1675.2641,455729,847.36723
2025-06-27 18:00:00+00:00,106875.75,107130.36,106446.45,107119.5,1062.0568,319107,466.50692
2025-06-27 21:00:00+00:00,107119.5,107277.99,106961.7,107047.59,549.45938,126949,288.40682
2025-06-28 00:00:00+00:00,107047.58,107200,106811.51,107110,632.7562,129317,298.83571
2025-06-28 03:00:00+00:00,107110.01,107347.1,107080.27,107294.8,362.50425,69171,196.64458
2025-06-28 06:00:00+00:00,107294.81,107496.12,107294.8,107379.99,378.04534,64166,176.58996
2025-06-28 09:00:00+00:00,107380,107380,107252.6,107373.39,315.66124,54612,133.88111
2025-06-28 12:00:00+00:00,107373.39,107373.4,107084.15,107204.8,460.56833,80398,163.98669
2025-06-28 15:00:00+00:00,107204.81,107577.75,107190.21,107465.12,585.86665,119078,322.1082
2025-06-28 18:00:00+00:00,107465.13,107465.13,107154.62,107169.52,247.93534,69255,86.87744
2025-06-28 21:00:00+00:00,107169.52,107378.37,107169.52,107296.79,298.83617,67308,135.4959
2025-06-29 00:00:00+00:00,107296.79,107500,107172.52,107307.48,460.83517,72897,251.64743
2025-06-29 03:00:00+00:00,107307.47,107310,107189.86,107309.99,194.84074,39295,90.04347
2025-06-29 06:00:00+00:00,107310,107719.58,107309.99,107693.85,536.42294,66995,314.86318
2025-06-29 09:00:00+00:00,107693.85,108484,107627.49,108477.11,1671.44,231323,1026.1896
2025-06-29 12:00:00+00:00,108477.12,108528.5,107777.77,107948.08,975.19754,187896,462.03287
2025-06-29 15:00:00+00:00,107948.07,108034.13,107316.46,107544.44,1231.6449,230216,676.36724
2025-06-29 18:00:00+00:00,107544.44,107718.02,107359.78,107359.79,430.05471,98145,223.4167
2025-06-29 21:00:00+00:00,107359.79,108436.47,107250,108356.93,1331.3004,296435,726.54848
2025-06-30 00:00:00+00:00,108356.93,108789.99,108255.81,108479.81,1333.5271,240534,677.75272
2025-06-30 03:00:00+00:00,108479.99,108580,108168.48,108280.65,725.93253,107431,283.10663
2025-06-30 06:00:00+00:00,108280.66,108299.99,107459,107512.89,1454.6631,197449,656.87716
2025-06-30 09:00:00+00:00,107512.89,107964.33,107400,107654.2,873.52542,121508,405.34502
2025-06-30 12:00:00+00:00,107654.21,107858.79,106777.77,106803.32,2074.3343,368301,745.4084
2025-06-30 15:00:00+00:00,106803.32,107807.94,106733.33,107462.94,1665.3022,378452,839.00417
2025-06-30 18:00:00+00:00,107462.95,107794.19,107116.4,107577.89,742.39292,194401,377.97941
2025-06-30 21:00:00+00:00,107577.88,107589,106900.02,107146.5,884.44722,165409,345.90779
2025-07-01 00:00:00+00:00,107146.51,107540,107026.93,107101.69,680.33542,190514,276.58266
2025-07-01 03:00:00+00:00,107101.68,107223,106740,106932.49,957.36562,142143,433.68741
2025-07-01 06:00:00+00:00,106932.49,107178.99,106615.97,106710.12,886.08863,174345,380.60217
2025-07-01 09:00:00+00:00,106710.12,106794.09,106301.86,106605.8,1152.465,201909,523.44437
2025-07-01 12:00:00+00:00,106605.79,107179.99,105717.84,105925,3098.5908,470391,1394.6502
2025-07-01 15:00:00+00:00,105925.01,106287.95,105623.39,106253.79,1499.54,373343,710.48832
2025-07-01 18:00:00+00:00,106253.8,106269.6,105250.85,105920.01,1499.0544,287801,611.14889
2025-07-01 21:00:00+00:00,105920.01,106100,105361.33,105681.14,732.18452,172843,318.31322
2025-07-02 00:00:00+00:00,105681.13,105920.11,105100.19,105908.7,1090.7294,214950,464.76468
2025-07-02 03:00:00+00:00,105908.71,106667.57,105871.07,106638.83,1097.333,165562,598.09718
2025-07-02 06:00:00+00:00,106638.83,107745,106633.83,107728.99,1971.8796,228161,974.6738
2025-07-02 09:00:00+00:00,107729,107860.23,107338.15,107479.99,1344.8922,148386,538.30381
2025-07-02 12:00:00+00:00,107479.98,108171.8,107186.1,108139.99,1896.5295,397845,951.91276
2025-07-02 15:00:00+00:00,108140,109730,108120,109129.67,5143.4838,704753,2904.5056
2025-07-02 18:00:00+00:00,109129.68,109681.81,108989.9,109136.3,2418.4226,352687,1562.5914
2025-07-02 21:00:00+00:00,109136.31,109542.31,108720,108849.6,2728.6258,232364,1253.5811
2025-07-03 00:00:00+00:00,108849.59,109115.03,108530.4,108721.52,1213.305,238248,609.32869
2025-07-03 03:00:00+00:00,108721.52,109381.12,108566.14,109340.37,972.33908,182754,516.84403
2025-07-03 06:00:00+00:00,109340.37,109580,109146.2,109377.57,1372.9151,190129,693.56668
2025-07-03 09:00:00+00:00,109377.57,110273.21,109377.57,109599.19,2691.5749,332384,1740.694
2025-07-03 12:00:00+00:00,109599.18,110529.18,108749.99,109718.57,3547.233,820225,1878.5143
2025-07-03 15:00:00+00:00,109718.57,109833.3,109020.8,109556,1649.954,448531,770.77465
2025-07-03 18:00:00+00:00,109556,109947.11,109332.1,109947.11,880.92463,213565,496.17395
2025-07-03 21:00:00+00:00,109947.1,110000,109510,109584.78,718.83647,143108,256.00052
2025-07-04 00:00:00+00:00,109584.77,109767.59,109103.71,109180.54,745.92995,197847,311.38283
2025-07-04 03:00:00+00:00,109180.54,109373.08,108921,109012,966.30627,172547,395.09288
2025-07-04 06:00:00+00:00,109012,109144.33,108518.83,108763.28,1297.0652,209795,529.93336
2025-07-04 09:00:00+00:00,108763.29,109111,108763.28,108888,688.87323,144295,315.33287
2025-07-04 12:00:00+00:00,108888,108978.64,107505,107810,2560.3495,458294,1160.1021
2025-07-04 15:00:00+00:00,107809.99,107939.03,107333.33,107875.37,2834.6927,454718,1138.7873
2025-07-04 18:00:00+00:00,107875.37,107875.37,107245,107692.01,1881.3824,208347,479.23737
2025-07-04 21:00:00+00:00,107692.01,108279.33,107689.91,107984.24,819.267,129369,457.92957
2025-07-05 00:00:00+00:00,107984.25,108224.56,107756.31,108067.87,577.44025,111003,316.04953
2025-07-05 03:00:00+00:00,108067.88,108420.56,108000,108125.63,508.46563,105284,268.27139
2025-07-05 06:00:00+00:00,108125.63,108287.48,107922.8,108029.97,481.29864,93427,145.9004
2025-07-05 09:00:00+00:00,108029.96,108219.19,107870.42,108112.21,534.94349,84525,208.60737
2025-07-05 12:00:00+00:00,108112.2,108232.29,107971,108193.23,405.06765,94203,191.4786
2025-07-05 15:00:00+00:00,108193.23,108193.24,107864.75,108090.08,504.39774,90904,279.75744
2025-07-05 18:00:00+00:00,108090.08,108167.23,107953.03,108096.75,341.05928,65961,152.03619
2025-07-05 21:00:00+00:00,108096.74,108250,108048.25,108198.12,384.30302,64713,241.58436
2025-07-06 00:00:00+00:00,108198.12,108268.35,108060.02,108060.02,319.44493,57296,158.05069
2025-07-06 03:00:00+00:00,108060,108100,107930.45,108003.35,278.52456,46350,118.39196
2025-07-06 06:00:00+00:00,108003.36,108218,107969.31,108005.27,535.73737,63199,321.74366
2025-07-06 09:00:00+00:00,108005.27,108111,107800.01,108076.01,502.44065,69817,218.70193
2025-07-06 12:00:00+00:00,108076,109127.03,108045.76,108933.25,1699.8318,287340,869.26922
2025-07-06 15:00:00+00:00,108933.25,109000.12,108665.86,108919.22,876.23561,145785,411.15742
2025-07-06 18:00:00+00:00,108919.23,108928,108266.67,108665.47,667.59396,183060,337.93113
2025-07-06 21:00:00+00:00,108665.48,109700,108665.47,109203.84,1567.7981,403744,774.11301
2025-07-07 00:00:00+00:00,109203.85,109499.99,108679.75,109364.52,987.09557,240609,479.76449
2025-07-07 03:00:00+00:00,109364.53,109700,109035.21,109079.99,695.49594,141559,330.94988
2025-07-07 06:00:00+00:00,109079.99,109174.87,108654.94,109011.7,911.45943,139441,523.16848
2025-07-07 09:00:00+00:00,109011.7,109011.71,108572.52,108642.01,1581.9429,167357,496.44814
2025-07-07 12:00:00+00:00,108642.01,108660,107970,108223.14,2152.2331,431155,772.96626
2025-07-07 15:00:00+00:00,108223.14,108621.45,107811,107943.15,1386.3067,439682,558.18282
2025-07-07 18:00:00+00:00,107943.16,108314.72,107513.2,107886.85,1024.4784,263700,417.45739
2025-07-07 21:00:00+00:00,107886.85,108300,107800.01,108262.94,666.364,138437,341.98483
2025-07-08 00:00:00+00:00,108262.94,108525,107429.57,107766.2,1828.2889,317946,662.15719
2025-07-08 03:00:00+00:00,107766.2,108220.39,107686.92,108210.94,529.75337,126597,273.2178
2025-07-08 06:00:00+00:00,108210.94,108525,108135.25,108262.36,905.97457,146550,428.53307
2025-07-08 09:00:00+00:00,108262.35,109005,108229.15,108756.37,1071.8468,153290,518.53592
2025-07-08 12:00:00+00:00,108756.37,109216.56,108250,108376,1417.7058,337653,692.37655
2025-07-08 15:00:00+00:00,108376,109100,108096.55,108991,1877.6202,361392,1014.5426
2025-07-08 18:00:00+00:00,108991.01,109147.56,108630.53,108630.54,1139.9923,175907,584.87817
2025-07-08 21:00:00+00:00,108630.53,108974,108624,108922.98,444.83892,103909,197.74733
2025-07-09 00:00:00+00:00,108922.99,109136,108600,108611.53,638.31229,136353,285.34357
2025-07-09 03:00:00+00:00,108611.53,108942.2,108324.53,108778.1,965.11461,146650,461.8876
2025-07-09 06:00:00+00:00,108778.1,108876.3,108654.15,108654.16,652.44262,116288,275.58234
2025-07-09 09:00:00+00:00,108654.15,109117,108553.18,109058.27,1016.5281,117266,613.81183
2025-07-09 12:00:00+00:00,109058.27,109769.39,108503,108900.29,3441.5108,472794,1758.5604
2025-07-09 15:00:00+00:00,108900.29,109475.29,108816.52,109168,1306.4232,267820,601.58022
2025-07-09 18:00:00+00:00,109168.01,111999.79,109137.42,110714.97,7376.7249,737492,4054.0912
2025-07-09 21:00:00+00:00,110714.97,111521,110682.39,111233.99,1885.2301,333821,884.84609
2025-07-10 00:00:00+00:00,111234,111581,110880,111213.91,1370.0026,211343,727.40865
2025-07-10 03:00:00+00:00,111213.91,111221.14,110898,111086.14,1087.0672,133106,474.96293
2025-07-10 06:00:00+00:00,111086.14,111432.46,111086.14,111233.33,1298.8435,192442,550.92601
2025-07-10 09:00:00+00:00,111233.34,111258,110870.33,111019.99,1006.7285,158379,479.99778
2025-07-10 12:00:00+00:00,111019.99,111319.24,110500,111247.57,1631.6115,387699,833.22566
2025-07-10 15:00:00+00:00,111247.56,113788.23,110969.51,113722.82,5793.3672,735295,3218.935
2025-07-10 18:00:00+00:00,113722.83,113760.97,112985.64,113493.16,2812.0904,351887,1258.6743
2025-07-10 21:00:00+00:00,113493.16,116868,113385.36,116010,9883.7398,1056866,5356.0052
2025-07-11 00:00:00+00:00,116010.01,116800,115222.22,116672.57,3180.4597,464687,1670.855
2025-07-11 03:00:00+00:00,116672.57,118404.22,116390.25,117860.37,4587.1108,535840,2762.3841
2025-07-11 06:00:00+00:00,117860.38,118400,117468.53,117964.76,5630.1028,478644,2090.4072
2025-07-11 09:00:00+00:00,117964.75,118869.98,117583.16,117821.91,3663.233,418216,1680.3083
2025-07-11 12:00:00+00:00,117821.91,118259.24,117273.45,117858.16,3399.5836,635855,1787.2482
2025-07-11 15:00:00+00:00,117858.15,117960,116604.87,117640,3018.2818,593778,1406.7473
2025-07-11 18:00:00+00:00,117640.01,118138.75,117300,117664.46,1403.8951,309466,665.05359
2025-07-11 21:00:00+00:00,117664.46,117880.01,117146.8,117527.66,990.8544,271708,439.9275
2025-07-12 00:00:00+00:00,117527.66,117800.43,117141.13,117599.99,1033.6821,171764,488.41486
2025-07-12 03:00:00+00:00,117599.98,117876.57,117506.37,117689.68,694.4544,143721,349.14793
2025-07-12 06:00:00+00:00,117689.68,118054.79,117625.63,117929.65,1125.2586,165114,505.07772
2025-07-12 09:00:00+00:00,117929.66,118200,117625,117810,1032.4852,184717,431.07039
2025-07-12 12:00:00+00:00,117810,117861.19,117238.88,117389.47,2104.4773,296987,997.18281
2025-07-12 15:00:00+00:00,117389.47,117548.69,116900.05,117478.4,1274.9086,240786,514.88198
2025-07-12 18:00:00+00:00,117478.4,117639.98,117023.35,117023.36,624.06794,109034,228.22802
2025-07-12 21:00:00+00:00,117023.36,117563.75,117000.01,117420,557.27033,129728,270.54848
2025-07-13 00:00:00+00:00,117420,117817.16,117224.79,117620,558.3786,136291,277.4345
2025-07-13 03:00:00+00:00,117620,117904.75,117600.81,117759.99,511.09304,85251,206.09458
2025-07-13 06:00:00+00:00,117759.99,118054.79,117742.31,117895.78,660.66348,86877,390.63653
2025-07-13 09:00:00+00:00,117895.78,118086.66,117689.63,118072.01,519.70511,90552,259.34555
2025-07-13 12:00:00+00:00,118072.01,119376,117989.53,118766.94,3324.5722,452802,1748.9504
2025-07-13 15:00:00+00:00,118766.94,119124,118382.56,118699.6,1399.0058,256375,641.3579
2025-07-13 18:00:00+00:00,118699.6,119488,118592.01,119083.6,1207.1978,258098,625.81928
2025-07-13 21:00:00+00:00,119083.6,119198,118243.68,119086.64,1370.177,284037,616.83558
2025-07-14 00:00:00+00:00,119086.65,119999,118905.18,119647.88,2199.064,382230,1286.6558
2025-07-14 03:00:00+00:00,119647.88,122666,119592.7,122461.99,7267.8309,817128,4067.1358
2025-07-14 06:00:00+00:00,122461.99,123218,122017.81,122578,3784.4602,478084,1848.0058
2025-07-14 09:00:00+00:00,122578.01,122582.97,121355.55,121467.24,2428.3133,384989,1099.6582
2025-07-14 12:00:00+00:00,121467.23,122120,120600,121158.89,3938.5123,762814,2006.4555
2025-07-14 15:00:00+00:00,121158.88,121176.26,119202,119896.42,4725.6098,698557,2198.0422
2025-07-14 18:00:00+00:00,119896.42,120447,119522.72,120167.07,2063.2085,380347,1184.5176
2025-07-14 21:00:00+00:00,120167.06,120300,119766.05,119841.18,862.34984,171984,409.10988
2025-07-15 00:00:00+00:00,119841.17,119940.83,117827.46,118251.05,4257.6937,579035,1943.4248
2025-07-15 03:00:00+00:00,118251.04,118251.04,116250,117335.12,5380.9531,612040,2422.5588
2025-07-15 06:00:00+00:00,117335.12,117335.12,116300,116777.47,3549.8686,358986,1702.6716
2025-07-15 09:00:00+00:00,116777.47,117224.08,116338.3,117113.98,2526.035,262686,1339.3854
2025-07-15 12:00:00+00:00,117113.98,118490.71,115736.92,116008.19,6362.504,801000,3162.3757
2025-07-15 15:00:00+00:00,116008.2,117800.6,115800,117372.99,4920.1833,536735,2533.3108
2025-07-15 18:00:00+00:00,117373,117380,116019.05,116419.02,3379.2145,437910,1535.2628
2025-07-15 21:00:00+00:00,116419.01,117972.86,116350,117758.09,1642.0086,216982,1028.3151
2025-07-16 00:00:00+00:00,117758.08,118195,117017.29,117317.27,1672.0108,256210,861.93507
2025-07-16 03:00:00+00:00,117317.27,118000,117211.25,117869.82,1203.5205,174420,674.46348
2025-07-16 06:00:00+00:00,117869.82,118794.64,117760,118699.99,1697.3213,179242,911.11639
2025-07-16 09:00:00+00:00,118700,119310.75,118650,118769.06,1799.9584,214997,842.12698
2025-07-16 12:00:00+00:00,118769.06,119260,118181.14,119056.8,2617.5272,407609,1213.6499
2025-07-16 15:00:00+00:00,119056.81,119794.8,118328.48,119073.35,3559.8892,656570,1731.523
2025-07-16 18:00:00+00:00,119073.35,119933.89,118822.72,119921.96,2157.5283,302002,1060.7289
2025-07-16 21:00:00+00:00,119921.97,120063.84,118420,118630.43,2332.1529,238575,1060.4251
2025-07-17 00:00:00+00:00,118630.44,119158.28,117683.53,118330.57,1781.5156,304571,803.53934
2025-07-17 03:00:00+00:00,118330.58,118643.59,117761.11,118587.03,1206.6777,196851,596.59231
2025-07-17 06:00:00+00:00,118587.03,118772,117857.03,118330.93,1743.3521,249619,796.74261
2025-07-17 09:00:00+00:00,118330.93,119192,117974.99,117995,1625.0336,246781,748.84984
2025-07-17 12:00:00+00:00,117995,118834.2,117453.57,118770.94,2583.2963,382711,1384.7849
2025-07-17 15:00:00+00:00,118770.94,119328.89,118333.6,119261.5,1698.8086,269359,848.16361
2025-07-17 18:00:00+00:00,119261.51,119880.13,118383.97,119436.86,1911.0299,265008,942.76653
2025-07-17 21:00:00+00:00,119436.86,120998.71,119170.52,119177.56,3178.8627,433085,1574.7401
2025-07-18 00:00:00+00:00,119177.56,120785.49,119020.48,120096.43,2194.825,391463,1081.857
2025-07-18 03:00:00+00:00,120096.42,120635.97,119750,120589.95,1820.6628,269928,842.90674
2025-07-18 06:00:00+00:00,120589.94,120820.71,118395,118642.01,3762.7549,424343,1480.3426
2025-07-18 09:00:00+00:00,118642.02,119281.93,118442.84,119171.34,2358.3008,262662,1091.7806
2025-07-18 12:00:00+00:00,119171.35,119531.48,117315.69,118139.99,3984.8039,507666,1884.806
2025-07-18 15:00:00+00:00,118139.99,118265.96,117377,117600.01,2246.7275,418888,1014.6582
2025-07-18 18:00:00+00:00,117600.01,117874,116812.76,117405,2325.1512,337131,928.20895
2025-07-18 21:00:00+00:00,117404.99,118021.62,117368.01,117924.84,1231.4365,193155,626.81857
2025-07-19 00:00:00+00:00,117924.84,118297.72,117613.35,118201.03,940.46564,176425,418.45884
2025-07-19 03:00:00+00:00,118201.04,118371.42,118044.19,118205.98,885.85315,127904,439.29905
2025-07-19 06:00:00+00:00,118205.98,118326.8,117943.25,118101.82,585.22505,106559,242.18514
2025-07-19 09:00:00+00:00,118101.83,118499.9,118069.22,118327.06,863.61343,111244,450.83202
2025-07-19 12:00:00+00:00,118327.05,118327.06,117627.71,117668.14,1312.5486,187661,471.6285
2025-07-19 15:00:00+00:00,117668.14,118240.01,117661.04,117808.17,738.21621,142335,389.3651
2025-07-19 18:00:00+00:00,117808.17,118141,117605.26,117720.01,598.93205,125358,239.68803
2025-07-19 21:00:00+00:00,117720,117935.76,117277.34,117840,710.9489,155896,326.92652
2025-07-20 00:00:00+00:00,117840.01,118131.2,117650,117970.49,701.32419,132576,358.0289
2025-07-20 03:00:00+00:00,117970.5,118165.38,117706.9,117846.91,987.11124,132016,411.19199
2025-07-20 06:00:00+00:00,117846.92,118255.14,117760.67,118151.14,1127.6003,102341,542.05165
2025-07-20 09:00:00+00:00,118151.15,118277.17,117819.88,117878.46,1141.01,134381,589.69221
2025-07-20 12:00:00+00:00,117878.46,118799.8,117723.23,118468.41,2858.8127,261164,1583.6445
2025-07-20 15:00:00+00:00,118468.41,118856.8,117960,118018.69,1619.2465,261563,815.95573
2025-07-20 18:00:00+00:00,118018.7,118563.93,117852.72,118087.67,1380.62,173095,851.36673
2025-07-20 21:00:00+00:00,118087.67,118153.88,116467.02,117265.12,3147.2041,418799,1429.402
2025-07-21 00:00:00+00:00,117265.11,118183.93,116515,118183.92,2041.1926,361891,956.72359
2025-07-21 03:00:00+00:00,118183.92,118634.57,118131.75,118430.22,1630.6782,194762,820.14007
2025-07-21 06:00:00+00:00,118430.22,119676.73,118290.24,119016.83,2607.0102,272999,1213.6133
2025-07-21 09:00:00+00:00,119016.84,119086.05,118070.16,118070.17,1811.2968,229689,923.88949
2025-07-21 12:00:00+00:00,118070.17,119233.71,117778.7,118828.99,2835.6813,451350,1293.3953
2025-07-21 15:00:00+00:00,118828.99,119119.59,117321.84,117847.82,2670.1838,455378,1341.7635
2025-07-21 18:00:00+00:00,117847.83,118213.24,116656.88,116939.4,2514.2393,377986,1311.097
2025-07-21 21:00:00+00:00,116939.4,117633.66,116879.1,117380.36,997.04905,165488,565.69587
2025-07-22 00:00:00+00:00,117380.36,117950,116128,117027.81,2901.8157,390391,1323.1815
2025-07-22 03:00:00+00:00,117027.81,117357.21,116552.18,117329.27,2620.3638,367796,1316.9217
2025-07-22 06:00:00+00:00,117329.28,118594.55,117275.47,118289.99,3396.7755,376636,1886.4505
2025-07-22 09:00:00+00:00,118290,119188.3,117873.42,119154.99,2445.1422,283609,1260.546
2025-07-22 12:00:00+00:00,119154.99,119573.53,117550,119060,3831.5807,531137,1894.0664
2025-07-22 15:00:00+00:00,119060.01,119350.01,118368.19,119199.39,1818.6958,356030,821.42233
2025-07-22 18:00:00+00:00,119199.39,120183.96,119044.06,119703.28,2554.1305,316910,1472.1263
2025-07-22 21:00:00+00:00,119703.29,120247.8,119385.21,119954.42,1390.6255,156224,836.74036
2025-07-23 00:00:00+00:00,119954.43,120090,118983.34,119090.73,1514.0347,224665,706.56096
2025-07-23 03:00:00+00:00,119090.73,119116.68,118532.96,118645.04,1324.2826,162551,704.42167
2025-07-23 06:00:00+00:00,118645.04,118717.12,118222.71,118423.21,1209.9774,162536,519.00277
2025-07-23 09:00:00+00:00,118423.21,118619.79,117844.24,118538.46,1385.1615,182784,633.7904
2025-07-23 12:00:00+00:00,118538.46,118655,117301,118204.99,3295.5512,422005,1551.3791
2025-07-23 15:00:00+00:00,118204.99,118708.24,117331.63,118131.99,2401.7695,400431,1277.8265
2025-07-23 18:00:00+00:00,118131.99,118498.76,117559.91,117900,1616.7114,317162,686.25296
2025-07-23 21:00:00+00:00,117900,118756,117381.8,118755.99,1811.2625,229270,990.85262
2025-07-24 00:00:00+00:00,118756,119138.57,118571.17,118960.6,1237.3236,182846,618.33754
2025-07-24 03:00:00+00:00,118960.6,119273.36,117500,117604.55,2304.0017,302349,1188.2903
2025-07-24 06:00:00+00:00,117604.54,118811.09,117103.1,118775.28,2951.1369,328569,1367.3082
2025-07-24 09:00:00+00:00,118775.29,118814.47,117955.59,118600,1576.9117,197058,717.92495
2025-07-24 12:00:00+00:00,118600,119109.74,117832.32,119057.11,2692.4284,346692,1529.5578
2025-07-24 15:00:00+00:00,119057.12,119450,118350,119122.94,2719.6664,353236,1124.977
2025-07-24 18:00:00+00:00,119122.95,119395.81,118722.02,118722.02,1165.8351,206465,495.8097
2025-07-24 21:00:00+00:00,118722.03,118790.44,118166.94,118340.99,1159.5866,164220,609.5344
2025-07-25 00:00:00+00:00,118340.98,118451.57,116353.66,116353.67,6645.7756,413502,2569.9299
2025-07-25 03:00:00+00:00,116353.67,116428.55,115115,115500,8500.2038,718874,3664.8223
2025-07-25 06:00:00+00:00,115500,115980.82,114723.16,115202.55,8462.9304,578175,3279.3301
2025-07-25 09:00:00+00:00,115202.55,116782.13,115020.59,116543.58,3569.7582,350054,1945.4145
2025-07-25 12:00:00+00:00,116543.59,116656.99,114908,114960.01,5115.1841,535064,2443.1517
2025-07-25 15:00:00+00:00,114960.01,116345.74,114916.48,116042.5,2867.181,365432,1563.1773
2025-07-25 18:00:00+00:00,116042.51,117306,116042.5,117040.01,2206.4909,205907,1074.9558
2025-07-25 21:00:00+00:00,117040.01,117630,116956,117614.31,1038.8248,115347,501.99193
2025-07-26 00:00:00+00:00,117614.31,117750,117138.38,117469,1046.9049,137630,404.06228
2025-07-26 03:00:00+00:00,117469.01,117603,117396.95,117444.99,513.87513,77981,205.35696
2025-07-26 06:00:00+00:00,117444.99,117615.12,117304.46,117557.14,927.9048,75559,369.68256
2025-07-26 09:00:00+00:00,117557.14,118217.45,117458,117776.11,1289.3476,124882,692.33923
2025-07-26 12:00:00+00:00,117776.1,118220,117772.13,118064.99,868.83016,115690,420.87308
2025-07-26 15:00:00+00:00,118064.99,118188.97,117818.2,118039.98,925.70798,98995,401.84944
2025-07-26 18:00:00+00:00,118039.99,118297.35,117883.86,117956.32,809.61512,79574,409.64209
2025-07-26 21:00:00+00:00,117956.32,118276.66,117888.2,117919.99,609.4864,80061,264.07791
2025-07-27 00:00:00+00:00,117919.99,118358.18,117825.5,118309.99,821.83004,91492,501.84147
2025-07-27 03:00:00+00:00,118309.99,118309.99,118080.92,118274.73,627.85153,73651,295.70284
2025-07-27 06:00:00+00:00,118274.73,118438.83,117950.47,117950.47,567.33425,79144,262.12348
2025-07-27 09:00:00+00:00,117950.47,118292.86,117859.98,118072.71,634.67287,92975,295.76848
2025-07-27 12:00:00+00:00,118072.71,118499,117890,118422.16,984.49659,119765,526.56357
2025-07-27 15:00:00+00:00,118422.16,119540.01,118236.84,119196.69,3523.7939,332486,2361.4309
2025-07-27 18:00:00+00:00,119196.68,119372.87,118713.74,118754.13,780.72415,131363,325.66167
2025-07-27 21:00:00+00:00,118754.13,119766.65,118724,119415.55,1387.6058,174204,669.21117
2025-07-28 00:00:00+00:00,119415.56,119800,118960.5,119434.14,1519.9391,241105,704.31233
2025-07-28 03:00:00+00:00,119434.14,119701.07,119128.46,119526.13,1433.2623,163560,792.99076
2025-07-28 06:00:00+00:00,119526.13,119600,118774.31,119072.45,1790.1665,177516,994.80099
2025-07-28 09:00:00+00:00,119072.45,119072.45,118475.47,118827.49,1501.4081,153390,868.00218
2025-07-28 12:00:00+00:00,118827.49,119093.68,117895.73,117985.93,3178.9308,425127,1642.4992
2025-07-28 15:00:00+00:00,117985.94,118500,117653.39,117667.86,1875.8514,255165,887.61703
2025-07-28 18:00:00+00:00,117667.86,118244.46,117427.5,118044.93,1713.3168,251921,817.34872
2025-07-28 21:00:00+00:00,118044.93,118350.01,117762.51,118062.32,948.87248,156993,517.34654
2025-07-29 00:00:00+00:00,118062.32,118450,117450,118095.6,1363.854,250151,632.80952
2025-07-29 03:00:00+00:00,118095.59,118852,118095.59,118800,1795.8091,199851,892.86219
2025-07-29 06:00:00+00:00,118799.99,119273.36,118731.74,118923.8,1965.97,190002,1046.2691
2025-07-29 09:00:00+00:00,118923.81,118985,118160.87,118592.38,1660.1907,199074,1008.9113
2025-07-29 12:00:00+00:00,118592.38,119080.81,117701,117823.67,2773.0072,381903,1484.8465
2025-07-29 15:00:00+00:00,117823.66,118057.05,116950.75,117773.69,3038.5983,369756,1539.2875
2025-07-29 18:00:00+00:00,117773.69,118000,117094.96,117514.28,1627.2147,246614,838.96857
2025-07-29 21:00:00+00:00,117514.49,118000,117190.83,117950.76,913.29036,119343,544.98273
2025-07-30 00:00:00+00:00,117950.75,118119,117412.53,118024.11,811.85972,161854,370.95238
2025-07-30 03:00:00+00:00,118024.1,118275.18,117667.33,117992.26,950.6456,128331,434.1092
2025-07-30 06:00:00+00:00,117992.26,118481.81,117939.99,118372.73,1162.6534,130762,652.3681
2025-07-30 09:00:00+00:00,118372.73,118471.69,117358.84,117579.99,1761.334,215348,1059.6634
2025-07-30 12:00:00+00:00,117579.99,118728.15,117358.84,118714.35,2681.1375,389425,1438.9139
2025-07-30 15:00:00+00:00,118714.35,118792,117635.3,117802.1,2415.6596,306601,1041.0917
2025-07-30 18:00:00+00:00,117802.11,118037.18,115796.23,117175.71,4935.0323,549116,2288.1188
2025-07-30 21:00:00+00:00,117175.72,117908.4,116955.64,117840.3,868.41423,115932,518.3968
2025-07-31 00:00:00+00:00,117840.29,118542.39,117781.87,118447.52,1849.2526,190275,920.62682
2025-07-31 03:00:00+00:00,118447.52,118600,118331.63,118362,1095.4744,104306,409.86633
2025-07-31 06:00:00+00:00,118362.01,118922.45,118287.63,118593.94,1581.098,137479,901.88538
2025-07-31 09:00:00+00:00,118593.95,118719.42,118278.91,118371.25,979.92194,100821,483.80166
2025-07-31 12:00:00+00:00,118371.25,118702.1,117807.35,117913.18,2286.314,333163,1275.9091
2025-07-31 15:00:00+00:00,117913.19,118879.14,117702.42,117728,3080.122,325794,1585.934
2025-07-31 18:00:00+00:00,117728,117998.38,116450,116514,3294.9427,351193,1501.9455
2025-07-31 21:00:00+00:00,116514,116909.67,115500,115764.08,2842.8816,316501,1233.5474
2025-08-01 00:00:00+00:00,115764.07,116019.3,114313.13,115966.12,4887.8834,581872,2297.7139
2025-08-01 03:00:00+00:00,115966.11,116052,115266.64,115568,1634.8822,253391,695.41468
2025-08-01 06:00:00+00:00,115568,115658.09,114116,114615.99,3302.6281,388459,1540.1556
2025-08-01 09:00:00+00:00,114615.98,115340,114555.41,115305.65,1905.9685,300546,889.05886
2025-08-01 12:00:00+00:00,115305.64,116019.3,113988.47,115619.8,4455.7024,842004,2132.8127
2025-08-01 15:00:00+00:00,115619.8,115695.52,114345,114420,2530.4339,611323,1158.3947
2025-08-01 18:00:00+00:00,114420,114496.59,113168.22,113951.09,3432.5053,725863,1720.1315
2025-08-01 21:00:00+00:00,113951.1,114094.08,112722.58,113297.93,2337.0982,457371,1053.5393
2025-08-02 00:00:00+00:00,113297.92,113909.3,113198.63,113702.24,1148.768,295735,571.08941
2025-08-02 03:00:00+00:00,113702.24,114063.49,113702.24,113981.06,866.52369,128257,430.84375
2025-08-02 06:00:00+00:00,113981.07,114040.29,113469.43,113682.01,1422.5916,209537,674.19726
2025-08-02 09:00:00+00:00,113682.01,113914.25,113425.58,113787.12,794.8416,162585,329.51325
2025-08-02 12:00:00+00:00,113787.11,113787.12,112939.39,113099.89,1387.6688,225577,565.62965
2025-08-02 15:00:00+00:00,113099.9,113420,112584.23,112724.03,1719.2645,304268,706.2623
2025-08-02 18:00:00+00:00,112724.04,112945.62,112003,112780,2754.5053,566431,1075.0696
2025-08-02 21:00:00+00:00,112780,113058.82,112280.86,112546.35,1413.1708,273324,707.40309
2025-08-03 00:00:00+00:00,112546.35,113517.58,111920,113517.58,1753.4778,372533,766.5549
2025-08-03 03:00:00+00:00,113517.58,113740.69,113341.06,113618.52,794.48354,120270,383.5009
2025-08-03 06:00:00+00:00,113618.52,113790,113472.54,113692,605.24449,87103,328.74956
2025-08-03 09:00:00+00:00,113692.01,114260.31,113630.3,113862.18,977.82403,125486,569.47953
2025-08-03 12:00:00+00:00,113862.19,114098.45,113579.69,113792.28,915.0509,197022,430.66917
2025-08-03 15:00:00+00:00,113792.29,114165.09,113674.05,114117.42,662.13316,141597,381.40246
2025-08-03 18:00:00+00:00,114117.42,114799.97,114060.36,114423.77,1010.1675,205645,551.31334
2025-08-03 21:00:00+00:00,114423.77,114612.24,114066.56,114208.8,679.37908,169625,326.51345
2025-08-04 00:00:00+00:00,114208.81,115000,114107.6,114797.9,1282.9851,264505,647.92072
2025-08-04 03:00:00+00:00,114797.9,114799,114188,114391.26,776.98222,131182,317.90116
2025-08-04 06:00:00+00:00,114391.26,114778.5,114148.58,114546.25,1097.4659,184237,496.27087
2025-08-04 09:00:00+00:00,114546.25,114744.2,114217.97,114493.09,777.49065,169293,329.85268
2025-08-04 12:00:00+00:00,114493.09,115466,114121,114736.78,2447.8354,416984,1253.6291
2025-08-04 15:00:00+00:00,114736.78,115720,114560.33,115193.41,1596.7929,360631,804.88999
2025-08-04 18:00:00+00:00,115193.41,115312.76,114616.33,114811.96,1047.3661,252123,564.02644
2025-08-04 21:00:00+00:00,114811.95,115340,114810.75,115055.03,640.76097,175275,300.80259
2025-08-05 00:00:00+00:00,115055.03,115127.81,114614.94,114719.27,895.23546,208718,449.4587
2025-08-05 03:00:00+00:00,114719.27,114737.82,114149.95,114405.99,1418.8877,194104,545.21702
2025-08-05 06:00:00+00:00,114406,114540,113725.72,114281.09,1670.6628,236813,804.49387
2025-08-05 09:00:00+00:00,114281.09,115096.73,114281.08,114827.07,1133.2435,226302,612.7792
2025-08-05 12:00:00+00:00,114827.07,114893.13,112650,113037.12,3696.3062,763832,1651.9741
2025-08-05 15:00:00+00:00,113037.12,113661.96,112692.3,113640.01,1758.9431,517914,878.94544
2025-08-05 18:00:00+00:00,113640.01,113989.97,113261.79,113690.71,812.20799,267453,361.8075
2025-08-05 21:00:00+00:00,113690.71,114228.88,113304,114129.75,657.30396,165916,317.99167
2025-08-06 00:00:00+00:00,114129.75,114139.38,113491.76,113623.22,794.64272,228300,315.18276
2025-08-06 03:00:00+00:00,113623.23,114417.02,113355.13,114148.01,1118.5818,223320,493.25541
2025-08-06 06:00:00+00:00,114148.01,114300,113727.57,113948.22,967.7001,209711,481.95108
2025-08-06 09:00:00+00:00,113948.23,114404.23,113899.2,114226.69,897.94135,197455,493.07259
2025-08-06 12:00:00+00:00,114226.68,115200,113579.9,115187.96,2018.9338,494323,1142.7522
2025-08-06 15:00:00+00:00,115187.96,115515.09,114832.38,115500,2526.117,390156,1307.552
2025-08-06 18:00:00+00:00,115500,115716,114987.68,115045.64,903.09412,158129,390.59142
2025-08-06 21:00:00+00:00,115045.65,115221.14,114793.01,114992.27,534.14226,125106,247.89006
2025-08-07 00:00:00+00:00,114992.27,115185.58,114404.22,114565.28,1020.1752,164875,482.99816
2025-08-07 03:00:00+00:00,114564.76,114648,114259,114568.73,847.07869,131987,403.38817
2025-08-07 06:00:00+00:00,114568.74,115179.99,114511.96,114948.74,919.24352,170019,528.90225
2025-08-07 09:00:00+00:00,114948.74,116828.93,114844.78,116519.53,3395.4869,433289,1975.2192
2025-08-07 12:00:00+00:00,116519.54,116741.05,116035.84,116363.16,2259.5354,427504,1137.375
2025-08-07 15:00:00+00:00,116363.16,116791.11,115632.31,116511.54,1760.1375,438530,840.21354
2025-08-07 18:00:00+00:00,116511.55,117520,116123.72,117182.19,1973.5076,327019,987.84846
2025-08-07 21:00:00+00:00,117182.19,117621,117012,117472.01,1293.3979,221448,652.79268
2025-08-08 00:00:00+00:00,117472.02,117630,116694.28,116700,1786.1656,435617,742.01586
2025-08-08 03:00:00+00:00,116700,116980,116505,116530.63,1279.9604,168785,562.22401
2025-08-08 06:00:00+00:00,116530.64,116973.3,116401,116620.63,1119.5483,222987,536.59339
2025-08-08 09:00:00+00:00,116620.63,116899.78,116317.08,116891.51,773.50048,177429,338.00082
2025-08-08 12:00:00+00:00,116891.51,117271.73,116381.32,116491.53,1631.7188,411516,775.28494
2025-08-08 15:00:00+00:00,116491.53,116708.86,115878.71,116708.86,1703.9397,323249,841.65173
2025-08-08 18:00:00+00:00,116708.86,116900,116319.06,116888.52,1144.6145,258127,565.36931
2025-08-08 21:00:00+00:00,116888.52,116980,116657.26,116674.74,605.865,97594,223.76568
2025-08-09 00:00:00+00:00,116674.74,116750,116400,116404,489.84588,100159,210.92278
2025-08-09 03:00:00+00:00,116404,116980,116299.13,116739.23,1872.0529,225437,848.9478
2025-08-09 06:00:00+00:00,116739.23,117181,116532.77,117106.65,1004.1972,144926,592.93503
2025-08-09 09:00:00+00:00,117106.66,117944.05,117045.54,117110,1980.1804,297869,1076.1646
2025-08-09 12:00:00+00:00,117110,117238.04,116748.2,116972.87,964.7724,168929,493.19839
2025-08-09 15:00:00+00:00,116972.87,117132.75,116619.77,116670.22,958.4567,163316,536.43165
2025-08-09 18:00:00+00:00,116670.22,117021.16,116500,116778.07,1224.2941,148092,659.01396
2025-08-09 21:00:00+00:00,116778.07,116794.4,116359.89,116462.25,1020.3319,142223,452.23998
2025-08-10 00:00:00+00:00,116462.25,117318,116460.63,117317.99,1144.4675,168561,655.29976
2025-08-10 03:00:00+00:00,117317.99,118741.77,117250.41,118045,4295.891,528229,2454.797
2025-08-10 06:00:00+00:00,118045,118400,117466.34,118308.85,1272.3674,306022,604.84975
2025-08-10 09:00:00+00:00,118308.86,118500,117940,118330.58,1130.3662,245645,617.87206
2025-08-10 12:00:00+00:00,118330.58,118850,118232,118779,1762.4308,307251,871.96154
2025-08-10 15:00:00+00:00,118778.99,119113.94,118453.48,118520.32,1679.8373,265838,938.3437
2025-08-10 18:00:00+00:00,118520.33,118765.71,118074.99,118323.16,1122.3652,202956,673.7251
2025-08-10 21:00:00+00:00,118323,119311.11,118092,119294.01,1915.0454,292563,1206.5862
2025-08-11 00:00:00+00:00,119294.27,121894.64,118972.59,121876,5892.7028,805302,3372.7574
2025-08-11 03:00:00+00:00,121875.99,122335.16,121559.11,122059.34,4012.0793,516937,1898.0725
2025-08-11 06:00:00+00:00,122059.34,122332.98,121207.34,121679.13,2890.4198,390100,1335.274
2025-08-11 09:00:00+00:00,121679.13,121704.78,120286.4,120561.54,3327.146,438860,1567.4337
2025-08-11 12:00:00+00:00,120561.53,120667.54,119382.91,120243.59,4428.1227,753585,2344.5035
2025-08-11 15:00:00+00:00,120243.6,120794.05,119461.97,119500,2259.9987,461089,1023.9882
2025-08-11 18:00:00+00:00,119500.01,119870.2,118565.69,118824.34,1914.0853,339757,872.0001
2025-08-11 21:00:00+00:00,118824.33,119172.63,118050.11,118686,1769.7798,316113,829.4002
2025-08-12 00:00:00+00:00,118686,119275.46,118593.39,119054.13,1423.0016,230921,811.77689
2025-08-12 03:00:00+00:00,119054.14,119158.06,118424.86,118819.99,1676.8017,218911,685.08573
2025-08-12 06:00:00+00:00,118820,119150,118607.85,118814.7,2645.4907,197513,1890.8221
2025-08-12 09:00:00+00:00,118814.71,118893.29,118207.47,118522.22,1631.1043,251711,850.76969
2025-08-12 12:00:00+00:00,118522.22,119712.6,118285,119437.12,4013.2101,761472,2113.8695
2025-08-12 15:00:00+00:00,119437.12,120192.1,119172.62,119269.99,2313.6937,461546,1230.0181
2025-08-12 18:00:00+00:00,119270,120324.43,119267,120192.1,1734.381,376599,983.32851
2025-08-12 21:00:00+00:00,120192.09,120299.99,119650,120134.08,1282.4258,239168,699.38908
2025-08-13 00:00:00+00:00,120134.09,120192.1,119094.28,119549.37,1704.8022,281798,708.6737
2025-08-13 03:00:00+00:00,119549.37,119820.18,118920.92,119070.69,2078.2796,287785,938.03835
2025-08-13 06:00:00+00:00,119070.68,120044.5,118955.99,120044.49,1776.7645,255663,1043.6965
2025-08-13 09:00:00+00:00,120044.5,120732.94,119771.88,120570.41,2338.4432,309452,1211.2519
2025-08-13 12:00:00+00:00,120570.41,122200,120106.02,120890.73,5776.6615,886998,2807.1373
2025-08-13 15:00:00+00:00,120890.74,121887.53,120309.73,121823.24,3091.6292,667849,1695.1454
2025-08-13 18:00:00+00:00,121823.25,122973,121429.36,122904.01,3367.7869,523138,1913.4944
2025-08-13 21:00:00+00:00,122904.01,123667.79,122298.2,123306.43,3075.7039,500134,1613.8307
2025-08-14 00:00:00+00:00,123306.44,124474,123250.5,123662.53,2997.0209,537441,1388.0595
2025-08-14 03:00:00+00:00,123662.53,123849.98,122080,122134.76,1888.0588,306569,797.89387
2025-08-14 06:00:00+00:00,122134.76,122134.76,121313.86,121637.78,3309.1911,413224,1829.906
2025-08-14 09:00:00+00:00,121637.78,121918.8,120694,120949.67,2499.3517,340617,1070.7366
2025-08-14 12:00:00+00:00,120949.66,121183.06,117632,118799.01,10165.186,1425818,4748.9724
2025-08-14 15:00:00+00:00,118799.02,118899.64,117407.09,117920.13,3594.8009,696288,1814.3466
2025-08-14 18:00:00+00:00,117920.14,118535,117180,117866.16,1998.0547,362190,986.34204
2025-08-14 21:00:00+00:00,117866.16,118516.81,117302.33,118295.09,1529.2834,268302,765.82147
2025-08-15 00:00:00+00:00,118295.09,118888,118032.32,118698,1410.9075,352122,664.38016
2025-08-15 03:00:00+00:00,118698,119199.2,118604.41,118984.29,1331.0546,230751,551.33118
2025-08-15 06:00:00+00:00,118984.29,119216.82,118758.8,118878.72,1125.8798,228591,530.82287
2025-08-15 09:00:00+00:00,118878.72,119121.31,118600,119006.01,878.44539,207719,440.78739
2025-08-15 12:00:00+00:00,119006.01,119130.77,117260,117400,3126.7601,661844,1306.8162
2025-08-15 15:00:00+00:00,117400,117882.35,116803.99,117586.92,3621.3308,794656,1672.0542
2025-08-15 18:00:00+00:00,117586.92,117662.41,116862.5,117280,1022.6353,253127,427.70317
2025-08-15 21:00:00+00:00,117280.01,117761.88,117000,117342.05,1106.3252,166206,547.52195
2025-08-16 00:00:00+00:00,117342.04,117898.99,117231.14,117505.51,1203.3512,224065,589.28606
2025-08-16 03:00:00+00:00,117505.52,117884,117389.56,117595.78,641.23536,155264,338.86897
2025-08-16 06:00:00+00:00,117595.78,117677.06,117278,117631.09,686.28259,138918,346.8334
2025-08-16 09:00:00+00:00,117631.09,117703.92,117143.98,117378.52,1020.9536,184254,462.93881
2025-08-16 12:00:00+00:00,117378.52,117799.99,117327.63,117771.39,966.53826,168954,453.99644
2025-08-16 15:00:00+00:00,117771.4,117825,117621.1,117693,796.2429,109159,409.3561
2025-08-16 18:00:00+00:00,117692.99,117771.4,117522.01,117655.41,402.08356,83332,156.60095
2025-08-16 21:00:00+00:00,117655.41,117655.42,117219.34,117380.66,676.99369,115896,237.34792
2025-08-17 00:00:00+00:00,117380.66,117624.55,117172.21,117606,561.16202,148708,265.55436
2025-08-17 03:00:00+00:00,117606,118230.82,117505.93,118000.01,878.87138,136884,508.43587
2025-08-17 06:00:00+00:00,118000,118399.99,117843.74,118366.06,777.99662,119200,410.54485
2025-08-17 09:00:00+00:00,118366.05,118484,118190,118308.01,669.85973,147555,321.964
2025-08-17 12:00:00+00:00,118308,118575,118059.12,118150.01,769.44464,142782,317.12559
2025-08-17 15:00:00+00:00,118150.01,118316.01,117645.04,117900,906.20152,187191,401.24003
2025-08-17 18:00:00+00:00,117900.01,117947.98,117321.53,117599.44,766.00146,147885,330.31102
2025-08-17 21:00:00+00:00,117599.44,117995.37,117371.65,117405.01,569.10455,147358,249.55541
2025-08-18 00:00:00+00:00,117405.01,117543.75,115292.67,115453.24,4547.4429,769134,1932.6092
2025-08-18 03:00:00+00:00,115452,115688,115000,115687.99,2614.9866,426052,1105.8726
2025-08-18 06:00:00+00:00,115687.99,115712.49,114878.71,115135.43,2654.6228,472927,1050.812
2025-08-18 09:00:00+00:00,115135.43,115261.69,114640.14,114947.27,2211.7847,361829,932.17933
2025-08-18 12:00:00+00:00,114947.27,115736.54,114825,115633.73,1975.9446,489512,953.75146
2025-08-18 15:00:00+00:00,115633.72,116800,115402,116428.99,2005.9185,427493,1003.3325
2025-08-18 18:00:00+00:00,116428.98,116639.35,115980.32,116407.99,870.81251,223139,350.20692
2025-08-18 21:00:00+00:00,116407.99,116980,116089,116227.05,864.42697,176194,318.94264
2025-08-19 00:00:00+00:00,116227.05,116725.69,115516.82,115747.08,1403.3558,426060,574.44463
2025-08-19 03:00:00+00:00,115747.09,115771.98,114366,114972.9,2367.5337,545204,1053.389
2025-08-19 06:00:00+00:00,114972.9,115300,114600.74,115186.48,1608.9052,310132,814.0538
2025-08-19 09:00:00+00:00,115186.47,115650,115185.92,115508.71,981.26874,209655,537.01195
2025-08-19 12:00:00+00:00,115508.71,115875.84,113770.34,113882.66,3531.1001,612392,1665.3468
2025-08-19 15:00:00+00:00,113882.66,114177.58,113107.07,113520.11,3807.6597,600858,1920.0261
2025-08-19 18:00:00+00:00,113520.11,113570.44,112767.06,113570.44,2236.5795,322524,1226.2088
2025-08-19 21:00:00+00:00,113570.44,113589.48,112732.58,112872.94,2129.0715,264357,818.93263
2025-08-20 00:00:00+00:00,112872.95,113500,112566.01,113438.29,2524.9002,430198,966.25804
2025-08-20 03:00:00+00:00,113438.29,113767.44,113319.45,113708,1248.2461,186243,522.65812
2025-08-20 06:00:00+00:00,113707.99,114016.77,113401,114010,1732.5003,225228,866.62898
2025-08-20 09:00:00+00:00,114010,114010.01,113060.08,113666.68,1330.9804,272856,558.50637
2025-08-20 12:00:00+00:00,113666.69,113944,112380,113465.84,3321.4691,746487,1439.7099
2025-08-20 15:00:00+00:00,113465.84,114444,113229.43,114197.53,2630.7044,572885,1400.49
2025-08-20 18:00:00+00:00,114197.54,114375.27,113264.01,114370,1661.9559,365381,830.06424
2025-08-20 21:00:00+00:00,114370,114615.38,114000,114271.24,1185.5855,199092,625.27008
2025-08-21 00:00:00+00:00,114271.23,114821.76,113906.01,114038,1310.505,294654,658.3258
2025-08-21 03:00:00+00:00,114038,114531.29,113637,113995.12,954.2907,214533,411.33765
2025-08-21 06:00:00+00:00,113995.12,113995.12,113582.43,113588.45,1311.0607,231721,789.62583
2025-08-21 09:00:00+00:00,113588.46,113616.58,113000,113148.66,1172.8856,252423,454.25347
2025-08-21 12:00:00+00:00,113148.65,113995.11,112913.39,113281.99,1591.0627,406640,785.92986
2025-08-21 15:00:00+00:00,113282,113386.31,112201,112410.91,2447.385,432327,1192.7625
2025-08-21 18:00:00+00:00,112410.92,112870.94,112015.67,112450.3,1287.9193,324528,674.22796
2025-08-21 21:00:00+00:00,112450.31,112734.51,112100,112500,764.5833,200554,380.01698
2025-08-22 00:00:00+00:00,112500,113525,112335.6,113153.96,1316.2382,303091,861.57987
2025-08-22 03:00:00+00:00,113153.96,113441.45,112708.81,113241.99,898.12625,201564,455.73106
2025-08-22 06:00:00+00:00,113241.98,113394.76,112844,112980.34,1500.8699,271841,813.53834
2025-08-22 09:00:00+00:00,112980.34,113128,112177.27,112320,1483.6538,240249,676.34678
2025-08-22 12:00:00+00:00,112320.01,116116.11,111684.79,115808.23,8974.6321,1305576,4656.1401
2025-08-22 15:00:00+00:00,115808.24,117296.12,115808.23,117024,5587.4508,636562,2924.007
2025-08-22 18:00:00+00:00,117024.01,117429.05,116520,117052.65,1796.8199,298189,852.994
2025-08-22 21:00:00+00:00,117052.65,117174.43,116550.96,116935.99,1570.2995,181446,603.25998
2025-08-23 00:00:00+00:00,116936,117030,115500,115927.98,2143.2414,402868,813.73696
2025-08-23 03:00:00+00:00,115927.98,116044.55,115458.2,115954.51,1846.3825,239415,942.78416
2025-08-23 06:00:00+00:00,115954.51,116015.69,115607.46,115746.12,1257.7279,168991,515.1775
2025-08-23 09:00:00+00:00,115746.12,115782.03,115223.43,115310.13,972.31005,114949,471.08624
2025-08-23 12:00:00+00:00,115310.13,115486.97,114620,114621.47,2427.7818,289442,992.99325
2025-08-23 15:00:00+00:00,114621.48,115167.78,114560,115087.97,1375.8114,182366,602.15969
2025-08-23 18:00:00+00:00,115087.97,115325.82,115035.11,115325.81,510.71887,83032,251.24707
2025-08-23 21:00:00+00:00,115325.81,115454.12,115001.88,115438.05,795.38816,78506,494.16527
2025-08-24 00:00:00+00:00,115438.06,115666.68,115000,115005.15,1514.6175,203371,797.81337
2025-08-24 03:00:00+00:00,115005.15,115283.21,114930.65,114996.01,1524.5535,195414,515.02914
2025-08-24 06:00:00+00:00,114996.01,115124.86,114750.01,114838.02,1619.9929,170342,609.34901
2025-08-24 09:00:00+00:00,114838.02,115060.99,114600,114730.22,1275.927,196048,667.98667
2025-08-24 12:00:00+00:00,114730.22,114869.41,114350.57,114514.05,1796.3692,233756,712.88978
2025-08-24 15:00:00+00:00,114514.05,114865.32,114236,114423.42,2636.0131,311236,1089.2875
2025-08-24 18:00:00+00:00,114423.43,114917.1,110680,112770.39,8554.6701,813005,3799.0105
2025-08-24 21:00:00+00:00,112770.39,113692.97,112369.16,113493.59,2253.8414,450734,1133.7012
2025-08-25 00:00:00+00:00,113493.59,113640.01,112159,113412.36,1835.3686,538290,888.85671
2025-08-25 03:00:00+00:00,113412.36,113667.28,112309.99,112310,1980.6204,400097,856.89023
2025-08-25 06:00:00+00:00,112310,112459.18,110991.28,111414.3,3901.9504,593573,1911.72
2025-08-25 09:00:00+00:00,111414.3,111850.13,110929.48,111214.97,2749.3166,425853,1319.8593
2025-08-25 12:00:00+00:00,111214.97,112307.69,110588,112260,3704.2979,720880,1965.6849
2025-08-25 15:00:00+00:00,112260.01,112937.26,111828.24,112431.4,2344.6608,519375,1091.1154
2025-08-25 18:00:00+00:00,112431.4,112618.89,109390.01,109561.96,5751.8389,947635,2140.5427
2025-08-25 21:00:00+00:00,109561.96,110599.07,109274.1,110111.98,2914.7403,550015,1212.9124
2025-08-26 00:00:00+00:00,110111.98,110111.98,108666.66,109710.96,3755.2658,975800,1764.0709
2025-08-26 03:00:00+00:00,109710.96,110375.58,109432,110196.01,1226.3358,372986,659.98928
2025-08-26 06:00:00+00:00,110196,110547.31,109765.93,110102.02,1532.4418,465626,829.79946
2025-08-26 09:00:00+00:00,110102.02,110413.54,109570.34,109876.52,1403.5025,251998,624.87765
2025-08-26 12:00:00+00:00,109876.53,110818.6,109393.93,110358.13,3426.8629,862077,1867.3651
2025-08-26 15:00:00+00:00,110358.13,110561.76,109450,109988.07,2856.8951,492531,1447.3864
2025-08-26 18:00:00+00:00,109988.07,111380.03,109966.64,111321.58,2529.8395,357911,1756.2588
2025-08-26 21:00:00+00:00,111321.57,112371,111113.67,111763.22,1721.2953,298545,913.68394
2025-08-27 00:00:00+00:00,111763.22,111825.16,111092.8,111135.37,1563.583,295570,631.45534
2025-08-27 03:00:00+00:00,111135.37,111737.26,110918.26,111372.18,1354.5767,306484,663.11439
2025-08-27 06:00:00+00:00,111372.18,111372.19,110345.42,110756.01,1671.5368,281400,608.63727
2025-08-27 09:00:00+00:00,110756,111374.45,110720.06,111322.07,986.64705,214249,570.50125
2025-08-27 12:00:00+00:00,111322.07,112625,111019.02,111815.94,2525.1106,647806,1258.5435
2025-08-27 15:00:00+00:00,111815.94,112444.1,111505,112345.29,1784.7944,430684,904.64317
2025-08-27 18:00:00+00:00,112345.3,112600,110921.79,112419.07,2320.9403,586141,1120.8524
2025-08-27 21:00:00+00:00,112419.08,112452.05,111051,111262.01,1185.4198,349162,504.09823
2025-08-28 00:00:00+00:00,111262.01,111761.58,110862.42,111500,853.35671,299990,410.64415
2025-08-28 03:00:00+00:00,111499.99,113160,111408,112853.24,1829.7826,319385,994.9533
2025-08-28 06:00:00+00:00,112853.24,113360,112716,113128.49,1422.8494,210267,617.06324
2025-08-28 09:00:00+00:00,113128.49,113152.97,112826.22,112909.18,998.75111,105689,353.47769
2025-08-28 12:00:00+00:00,112909.18,113485.9,112528.15,113153.06,2365.8227,463403,1094.7198
2025-08-28 15:00:00+00:00,113153.07,113250,112215.32,112387.99,1833.9427,347246,773.19899
2025-08-28 18:00:00+00:00,112388,112718.2,111872.06,111902.49,928.0368,193745,423.40728
2025-08-28 21:00:00+00:00,111902.5,112575.98,111900,112566.9,871.73544,127055,472.00059
2025-08-29 00:00:00+00:00,112566.9,112638.64,111361.35,111419.98,1713.5854,332207,745.57605
2025-08-29 03:00:00+00:00,111419.98,111850.56,111133.64,111315.42,1314.7583,219456,541.17141
2025-08-29 06:00:00+00:00,111315.42,111401.06,109610,109628.02,4618.0728,522913,2332.9703
2025-08-29 09:00:00+00:00,109628.02,110161.93,109414.18,110098.81,1585.8719,278782,878.85191
2025-08-29 12:00:00+00:00,110098.81,111517.07,108103,108198.67,5962.5292,1006911,2767.5624
2025-08-29 15:00:00+00:00,108198.66,108832,108140,108466.01,3257.068,563183,1658.3866
2025-08-29 18:00:00+00:00,108466.01,108744,107506,107770.78,2978.747,454703,1097.647
2025-08-29 21:00:00+00:00,107770.78,108549.99,107463.9,108377.4,1149.6781,228804,594.19079
2025-08-30 00:00:00+00:00,108377.4,108410.73,107350.1,107782.01,2095.9695,310366,917.10354
2025-08-30 03:00:00+00:00,107782.01,108697.28,107769.48,108347.2,3171.3627,286520,1949.3653
2025-08-30 06:00:00+00:00,108347.2,108777.43,108120,108568,1316.555,172650,785.18933
2025-08-30 09:00:00+00:00,108568,108714.35,108400,108680.01,1129.5294,114156,653.03333
2025-08-30 12:00:00+00:00,108680.01,108740.16,108190.52,108661.99,1194.3687,207153,536.99768
2025-08-30 15:00:00+00:00,108662,108926.15,108551.08,108784.71,796.0019,141871,467.51461
2025-08-30 18:00:00+00:00,108784.71,108900,108580.93,108648,396.21183,93007,145.68507
2025-08-30 21:00:00+00:00,108648,108816.34,108468.77,108816.33,608.39267,85317,342.28902
2025-08-31 00:00:00+00:00,108816.33,109480.02,108801.35,109224.87,1452.12,215600,696.3067
2025-08-31 03:00:00+00:00,109224.88,109378.93,108572,108756.85,1012.1882,148211,487.10111
2025-08-31 06:00:00+00:00,108756.85,109030.51,108523.49,109011.67,687.519,106934,262.40023
2025-08-31 09:00:00+00:00,109011.67,109100,108303.21,108389.76,1373.1582,194075,514.86507
2025-08-31 12:00:00+00:00,108389.77,108515.68,108191.29,108467.33,1795.3446,201315,782.73148
2025-08-31 15:00:00+00:00,108467.32,108993.88,108462.6,108993.87,1454.8371,190503,972.78136
2025-08-31 18:00:00+00:00,108993.88,109237.51,108880,109117.99,614.74995,105242,329.18978
2025-08-31 21:00:00+00:00,109118,109230,108076.93,108246.35,1099.599,204753,528.23485
2025-09-01 00:00:00+00:00,108246.36,108482.98,107425.42,107617.05,2419.8545,563631,1044.8578
2025-09-01 03:00:00+00:00,107617.05,107987.4,107255,107866.12,1980.1077,334779,862.11815
2025-09-01 06:00:00+00:00,107866.13,109820.02,107594.42,109590,2814.3081,439239,1551.3057
2025-09-01 09:00:00+00:00,109590,109912.4,108186.41,108782.88,2007.5347,333863,898.42216
2025-09-01 12:00:00+00:00,108782.89,109520,108635.39,109146.6,1852.3226,307437,814.08113
2025-09-01 15:00:00+00:00,109146.59,109373.1,108391.3,108927.61,1359.3171,285702,634.69728
2025-09-01 18:00:00+00:00,108927.61,109329.65,108284,108877.38,1481.3862,185011,679.35623
2025-09-01 21:00:00+00:00,108877.39,109442.95,107459.49,109237.42,2138.7713,279722,1048.1526
2025-09-02 00:00:00+00:00,109237.43,110272.06,108883.8,110246.01,2249.8241,263026,1287.4177
2025-09-02 03:00:00+00:00,110246,110623.97,110045.01,110209.32,1768.0321,275592,890.27617
2025-09-02 06:00:00+00:00,110209.33,110711.1,110000,110360,1657.9162,303629,884.94587
2025-09-02 09:00:00+00:00,110360.01,110699.58,109563.87,109733.34,1904.9796,247274,738.98061
2025-09-02 12:00:00+00:00,109733.33,111771.52,108393.39,111360.01,5703.839,737423,2836.8948
2025-09-02 15:00:00+00:00,111360,111540.3,110469.7,110914,2695.7462,376054,1218.6133
2025-09-02 18:00:00+00:00,110914.01,111419.18,110200,111418.49,1539.9668,267924,767.18537
2025-09-02 21:00:00+00:00,111418.49,111538.17,110870.27,111240.01,989.98349,125406,464.40346
2025-09-03 00:00:00+00:00,111240.01,111782.21,110901.06,111372,1871.9188,318956,875.81722
2025-09-03 03:00:00+00:00,111372,111411.24,110666,110685.57,988.11581,204299,339.40808
2025-09-03 06:00:00+00:00,110685.57,111279.48,110528.71,111019.99,1308.4078,196267,577.08966
2025-09-03 09:00:00+00:00,111019.99,111708,110889.29,111437.77,1149.7114,227989,626.75337
2025-09-03 12:00:00+00:00,111437.77,112500,111031.61,112261.37,2783.3315,628715,1459.3625
2025-09-03 15:00:00+00:00,112261.37,112575.27,111686.24,112312.64,1945.5686,305610,922.86806
2025-09-03 18:00:00+00:00,112312.64,112516.35,111781.63,112211.31,1007.572,209865,447.87386
2025-09-03 21:00:00+00:00,112211.3,112250,111613.98,111705.71,719.09487,122548,290.12188
2025-09-04 00:00:00+00:00,111705.72,112180,111406.79,111450.15,954.89312,216375,438.30391
2025-09-04 03:00:00+00:00,111450.16,111728.57,110569.36,110653.07,2026.2799,288789,738.1694
2025-09-04 06:00:00+00:00,110653.08,110858.6,110279.68,110640.97,1133.2196,201201,575.06142
2025-09-04 09:00:00+00:00,110640.96,111154.93,110546.48,110810,915.09569,185146,464.91596
2025-09-04 12:00:00+00:00,110810,111123.99,109705.48,109842.01,2141.7725,474565,1048.7084
2025-09-04 15:00:00+00:00,109842.01,109914.01,109329.12,109786.48,2052.4198,343006,1275.5252
2025-09-04 18:00:00+00:00,109786.48,110409.46,109699.15,110408.02,1385.027,267267,776.95423
2025-09-04 21:00:00+00:00,110408.01,111765.31,110328.96,110730.87,1594.4278,253906,753.14293
2025-09-05 00:00:00+00:00,110730.87,111482.09,110435.75,111340.65,1400.8207,266976,739.81869
2025-09-05 03:00:00+00:00,111340.64,111710.49,111096.67,111574.5,1416.3397,153092,603.84355
2025-09-05 06:00:00+00:00,111574.51,112999,111501.94,112618.51,2942.1368,386792,1589.9859
2025-09-05 09:00:00+00:00,112618.51,112619.98,112131.02,112354,1344.2827,194073,700.02087
2025-09-05 12:00:00+00:00,112354,113384.62,110487.65,110569.99,8589.8378,1113969,4272.7759
2025-09-05 15:00:00+00:00,110569.99,111017.8,110206.96,110608.18,2228.4625,395771,1209.3651
2025-09-05 18:00:00+00:00,110608.19,111679.79,110569.43,111630.3,1743.6617,223613,801.64548
2025-09-05 21:00:00+00:00,111630.31,111700,110375.6,110659.99,1921.8669,236133,870.35572
2025-09-06 00:00:00+00:00,110660,111216.25,110552.56,111216.15,605.41722,101677,259.93081
2025-09-06 03:00:00+00:00,111216.14,111307.7,110687.69,110714,700.06602,104748,240.67962
2025-09-06 06:00:00+00:00,110714,110968,110714,110952.76,273.79255,44585,151.74214
2025-09-06 09:00:00+00:00,110952.77,110952.77,110675.58,110781.02,530.79256,77631,262.48287
2025-09-06 12:00:00+00:00,110781.03,110999.83,110753.97,110807.77,458.1444,78709,272.19105
2025-09-06 15:00:00+00:00,110807.78,110840,109977,110157.41,1507.0332,237335,629.94524
2025-09-06 18:00:00+00:00,110157.41,110285.65,110000,110167,452.58265,82152,243.48274
2025-09-06 21:00:00+00:00,110167.01,110282.82,110074.95,110187.97,472.47041,68364,248.3785
2025-09-07 00:00:00+00:00,110187.98,110692.52,110180,110666.24,757.08839,90740,304.88174
2025-09-07 03:00:00+00:00,110666.24,110733.12,110489.96,110649.44,495.55753,73311,171.79524
2025-09-07 06:00:00+00:00,110649.45,111377.19,110463.1,111071.25,1092.9979,143528,597.97229
2025-09-07 09:00:00+00:00,111071.25,111292.13,110876.88,111292.13,690.15422,108864,248.71487
2025-09-07 12:00:00+00:00,111292.12,111412,111042.6,111145.59,669.31252,113265,263.72759
2025-09-07 15:00:00+00:00,111145.59,111373.43,110888.07,110962.83,718.94233,106628,327.97766
2025-09-07 18:00:00+00:00,110962.84,111371.26,110861.2,111330.3,568.7483,100802,314.25306
2025-09-07 21:00:00+00:00,111330.31,111600,111001.45,111137.34,688.4982,137823,341.52954
2025-09-08 00:00:00+00:00,111137.35,111372,110621.78,111240,1269.9057,241981,688.10549
2025-09-08 03:00:00+00:00,111239.99,111349.24,110899.69,111027.16,939.30545,150064,412.16992
2025-09-08 06:00:00+00:00,111027.15,111910.48,110917.45,111684.25,1689.4769,196652,939.16598
2025-09-08 09:00:00+00:00,111684.26,112186.98,111591.06,112052.43,1856.5959,213454,817.00258
2025-09-08 12:00:00+00:00,112052.43,112779.5,111877.64,112645.05,2403.2552,351593,1260.1489
2025-09-08 15:00:00+00:00,112645.06,112924.37,112075.2,112214.4,1570.1805,296660,654.75688
2025-09-08 18:00:00+00:00,112214.41,112515.59,111896,111958.04,1015.4787,181852,383.09689
2025-09-08 21:00:00+00:00,111958.04,112512.71,111930.73,112065.23,838.20395,112342,377.21302
2025-09-09 00:00:00+00:00,112065.23,112104.41,111111,111330.71,1777.024,312645,912.98874
2025-09-09 03:00:00+00:00,111330.72,112248.84,111234.16,112200,1161.8762,172929,642.71897
2025-09-09 06:00:00+00:00,112200.01,113293.29,112151.16,112992.69,2583.8163,287365,1253.3103
2025-09-09 09:00:00+00:00,112992.69,113057.99,112403.91,112433.59,1324.5685,154716,482.44383
2025-09-09 12:00:00+00:00,112433.59,112950,111511.11,111767.45,3012.2025,525566,1383.9404
2025-09-09 15:00:00+00:00,111767.45,111847.23,110766.66,111025.44,2998.313,360665,1549.6439
2025-09-09 18:00:00+00:00,111025.43,111530.16,110900.02,111530.16,1534.1421,178236,776.43559
2025-09-09 21:00:00+00:00,111530.15,111745.69,111266.11,111546.39,987.33991,151120,595.89868
2025-09-10 00:00:00+00:00,111546.38,111572.57,110917.45,111411.13,1403.1254,243295,688.86312
2025-09-10 03:00:00+00:00,111411.13,111729.65,111372.08,111577.31,1005.0444,149220,417.04052
2025-09-10 06:00:00+00:00,111577.31,112859.8,111396.08,112370.08,2741.5124,272801,1371.7697
2025-09-10 09:00:00+00:00,112370.07,112428.29,112097.2,112299.99,1574.2164,181780,627.87716
2025-09-10 12:00:00+00:00,112300,114313.13,112299.99,113899.99,5948.2786,673299,3108.3865
2025-09-10 15:00:00+00:00,113900,114095.66,113415.2,113738.01,1877.4891,274956,701.80678
2025-09-10 18:00:00+00:00,113738.01,113900,113155.03,113566.39,2044.4984,254147,880.73112
2025-09-10 21:00:00+00:00,113566.4,114025.78,113528.01,113960,923.25353,133036,478.16507
2025-09-11 00:00:00+00:00,113960,114176.66,113669.82,113819.02,1043.8934,190115,600.40787
2025-09-11 03:00:00+00:00,113819.02,114434.23,113819.01,114266,1632.0166,201170,926.51933
2025-09-11 06:00:00+00:00,114266,114459.65,113957.2,114049.39,1182.4144,166426,505.18542
2025-09-11 09:00:00+00:00,114049.39,114119.4,113776,113999.99,1205.0506,186498,542.02562
2025-09-11 12:00:00+00:00,113999.99,114715.02,113430,114463.73,4590.3079,737791,2195.8018
2025-09-11 15:00:00+00:00,114463.73,114699.25,113996.19,114589.84,1226.3063,270855,497.34729
2025-09-11 18:00:00+00:00,114589.84,114605.54,114102,114395.99,1073.1566,175991,476.7474
2025-09-11 21:00:00+00:00,114395.98,115488.09,114395.98,115482.69,1723.5855,237513,1000.2652
2025-09-12 00:00:00+00:00,115482.69,116331.81,115256.64,115391,3146.0206,485114,1671.5201
2025-09-12 03:00:00+00:00,115391,115656.87,115045.45,115612.84,1389.967,234692,662.50319
2025-09-12 06:00:00+00:00,115612.84,115612.85,114950,115048,1728.5417,176189,834.48654
2025-09-12 09:00:00+00:00,115047.99,115148,114888.01,114913.45,1027.6796,162966,530.29078
2025-09-12 12:00:00+00:00,114913.45,115500.95,114740.99,115260,1712.2979,421103,918.71806
2025-09-12 15:00:00+00:00,115260,115939.39,114939.53,115815.16,1810.5543,367259,972.92162
2025-09-12 18:00:00+00:00,115815.16,116665.63,115769.88,116157.33,3281.4017,379525,1858.9423
2025-09-12 21:00:00+00:00,116157.34,116360.43,115752.68,116029.42,1227.6443,254643,546.19014
2025-09-13 00:00:00+00:00,116029.41,116298.78,115576.26,115886.17,1431.0381,219893,568.76399
2025-09-13 03:00:00+00:00,115886.16,116012.91,115657.81,115704.04,1391.5103,137246,461.08152
2025-09-13 06:00:00+00:00,115704.03,116056.17,115662.2,115978.01,845.84322,100675,413.63595
2025-09-13 09:00:00+00:00,115978.01,116166.71,115871.26,115974.11,877.03032,110373,460.00301
2025-09-13 12:00:00+00:00,115974.11,116060,115603.98,115797.68,1082.886,183005,478.94478
2025-09-13 15:00:00+00:00,115797.67,115924.6,115127.27,115571.78,1456.5243,287682,646.88021
2025-09-13 18:00:00+00:00,115571.79,115991.29,115433.09,115905.88,644.59203,107939,341.64232
2025-09-13 21:00:00+00:00,115905.88,115979.99,115809.9,115918.29,539.9797,76822,219.14181
2025-09-14 00:00:00+00:00,115918.29,116109,115744.67,115852.95,606.72987,141026,313.63617
2025-09-14 03:00:00+00:00,115852.95,115924.69,115449.59,115860.01,778.8528,117265,410.47802
2025-09-14 06:00:00+00:00,115860.01,115983.02,115693.95,115933.4,546.14868,80439,297.30189
2025-09-14 09:00:00+00:00,115933.4,116165.19,115748.78,115794.91,703.10131,123311,296.51804
2025-09-14 12:00:00+00:00,115794.92,115878.49,115141.8,115401.75,1684.7974,302002,820.49824
2025-09-14 15:00:00+00:00,115401.75,115657.5,115193.9,115557.65,926.57697,169271,583.57357
2025-09-14 18:00:00+00:00,115557.65,115851.26,115330.99,115802.16,410.38349,91110,211.04462
2025-09-14 21:00:00+00:00,115802.16,116087.35,115135,115268.01,1051.0114,212794,473.85722
2025-09-15 00:00:00+00:00,115268.01,115443.29,114825,115362.35,1068.0064,274170,534.21388
2025-09-15 03:00:00+00:00,115362.35,116583.47,115347.91,116520,1703.36,236835,941.48383
2025-09-15 06:00:00+00:00,116519.13,116757.99,114709.18,114737.27,2491.4462,507695,1169.4398
2025-09-15 09:00:00+00:00,114737.28,115195.86,114625.87,115070,2171.4171,349562,1028.8949
2025-09-15 12:00:00+00:00,115070.01,115099,114384,114679.56,2430.723,581083,1277.8196
2025-09-15 15:00:00+00:00,114679.55,115130,114404.43,115120.03,1213.0113,429113,596.66845
2025-09-15 18:00:00+00:00,115120.02,115570,114904.16,115379.99,1549.9693,344625,850.48386
2025-09-15 21:00:00+00:00,115380,115605.07,115221.68,115349.71,584.57804,134906,222.35922
2025-09-16 00:00:00+00:00,115349.71,115520,114945.01,115034.47,628.44449,200111,233.6738
2025-09-16 03:00:00+00:00,115034.48,115957.23,114930,115936.65,1367.4768,216985,670.21238
2025-09-16 06:00:00+00:00,115936.65,116009.62,115526.5,115658.76,1231.5622,193606,548.19709
2025-09-16 09:00:00+00:00,115658.76,115720,115206.15,115287.83,882.52464,173313,432.07055
2025-09-16 12:00:00+00:00,115287.84,115558.06,114737.11,115296.86,1968.8577,417015,956.8779
2025-09-16 15:00:00+00:00,115296.86,116870.76,115010.66,116461.54,2597.47,445927,1358.4171
2025-09-16 18:00:00+00:00,116461.55,116908.83,116226.12,116839.47,1378.9267,263517,685.91655
2025-09-16 21:00:00+00:00,116839.47,116964.27,116584.45,116788.96,871.64681,136584,406.81823
2025-09-17 00:00:00+00:00,116788.96,117077.16,116516.92,116686.43,1279.9225,221640,677.53101
2025-09-17 03:00:00+00:00,116686.43,117214,116160.22,117108.3,1534.8776,237156,787.13163
2025-09-17 06:00:00+00:00,117108.31,117286.73,116683.99,116860,1963.7194,264666,797.78615
2025-09-17 09:00:00+00:00,116860.01,116860.01,116253.27,116258.13,1019.3548,174259,414.55354
2025-09-17 12:00:00+00:00,116258.12,116516.93,115432,115606.61,2266.4392,481959,1070.8101
2025-09-17 15:00:00+00:00,115606.62,116288.27,115386.21,115504.48,1938.2716,370502,1006.8797
2025-09-17 18:00:00+00:00,115504.49,116333.33,114720.81,115621.47,4837.6967,1104875,2385.7147
2025-09-17 21:00:00+00:00,115621.47,116990.68,115307.33,116447.59,1913.9637,372361,834.59511
2025-09-18 00:00:00+00:00,116447.6,116959.96,116092.76,116950.47,1201.9802,311301,633.61601
2025-09-18 03:00:00+00:00,116950.46,117896,116896.93,117273.36,2832.2808,380324,1280.5924
2025-09-18 06:00:00+00:00,117273.37,117413.04,116888.02,117229.59,1220.7136,273304,525.40838
2025-09-18 09:00:00+00:00,117229.58,117350,117013.77,117063.4,782.08638,182239,415.69563
2025-09-18 12:00:00+00:00,117063.41,117843.83,116977.59,117640.54,1608.2334,367456,859.53769
2025-09-18 15:00:00+00:00,117640.54,117789,117322.41,117579.93,1770.8402,309074,941.71147
2025-09-18 18:00:00+00:00,117579.94,117900,117196.33,117521.14,1058.3539,237923,576.43752
2025-09-18 21:00:00+00:00,117521.14,117521.14,116612.03,117073.53,1182.7451,191033,484.34626
2025-09-19 00:00:00+00:00,117073.53,117459.99,117020,117112.8,993.05865,237389,405.25452
2025-09-19 03:00:00+00:00,117112.81,117291.01,116700.02,116894.83,1017.057,228584,388.24144
2025-09-19 06:00:00+00:00,116894.83,117090.36,116633.86,116915.88,1138.2211,172421,435.38532
2025-09-19 09:00:00+00:00,116915.88,116979.86,116300,116394.72,959.97045,166937,367.41458
2025-09-19 12:00:00+00:00,116394.72,116529.08,115800,115899.99,1770.2562,314792,837.66208
2025-09-19 15:00:00+00:00,115899.99,116136,115464.19,115542.73,1603.5581,308443,812.64106
2025-09-19 18:00:00+00:00,115542.73,115644.73,115100,115342.57,1036.5645,194517,525.11196
2025-09-19 21:00:00+00:00,115342.56,115657.28,115306.07,115632.38,473.40468,109388,249.10387
2025-09-20 00:00:00+00:00,115632.39,115730.41,115444,115606.39,554.12393,98404,283.13799
2025-09-20 03:00:00+00:00,115606.4,115717.5,115408.47,115717.49,531.38941,75281,312.84375
2025-09-20 06:00:00+00:00,115717.49,115985.2,115625.85,115701.43,574.71872,95077,278.45736
2025-09-20 09:00:00+00:00,115701.43,115909.54,115664.11,115894.06,609.33804,102143,299.47968
2025-09-20 12:00:00+00:00,115894.05,116036,115804.47,115970.36,489.04773,84962,209.56851
2025-09-20 15:00:00+00:00,115970.36,116121.81,115817.28,115821.72,763.18336,119819,331.64569
2025-09-20 18:00:00+00:00,115821.73,115821.73,115689.91,115721.1,646.10756,81148,307.55114
2025-09-20 21:00:00+00:00,115721.1,115944.7,115603.42,115685.63,507.01877,83617,253.48071
2025-09-21 00:00:00+00:00,115685.63,115732.94,115441.83,115690.76,719.16496,107051,282.24701
2025-09-21 03:00:00+00:00,115690.76,115723.43,115487.56,115663.48,558.55833,92406,266.10635
2025-09-21 06:00:00+00:00,115663.48,115819.06,115560.94,115629.6,631.12175,114765,298.48073
2025-09-21 09:00:00+00:00,115629.6,115708.33,115329.03,115603.45,604.00693,128698,275.33605
2025-09-21 12:00:00+00:00,115603.45,115747.23,115500,115500.01,513.08349,104425,204.84072
2025-09-21 15:00:00+00:00,115500,115629.58,115209.02,115628.18,632.79113,163129,299.72117
2025-09-21 18:00:00+00:00,115628.19,115665.52,115307.51,115307.51,400.11731,108589,185.34021
2025-09-21 21:00:00+00:00,115307.52,115545.43,115188,115232.29,452.67829,126902,204.65265
2025-09-22 00:00:00+00:00,115232.29,115379.25,114150,114187.81,2751.9223,639178,1244.2905
2025-09-22 03:00:00+00:00,114187.8,114654.36,113623,113691.19,1288.4747,247070,632.97905
2025-09-22 06:00:00+00:00,113691.18,113698.38,111800,112629.07,7139.0105,713187,3151.3203
2025-09-22 09:00:00+00:00,112629.06,112976.02,112173.52,112876.97,2242.2163,298122,1179.2262
2025-09-22 12:00:00+00:00,112876.97,113432.76,112380,112933.16,2703.9253,413417,1164.1246
2025-09-22 15:00:00+00:00,112933.16,113024.23,112250.89,112398.66,1563.672,327131,695.60895
2025-09-22 18:00:00+00:00,112398.65,112977.41,111936.4,112781.88,2374.2627,287921,854.64029
2025-09-22 21:00:00+00:00,112781.87,112970,112592.2,112650.99,718.22966,119850,390.16781
2025-09-23 00:00:00+00:00,112650.99,112833.09,111674,111811.88,1558.061,262463,633.74942
2025-09-23 03:00:00+00:00,111811.88,112894.49,111478,112665.44,2015.6792,378431,955.33012
2025-09-23 06:00:00+00:00,112665.44,113177.72,112616.93,113133.84,1986.8354,358355,930.34364
2025-09-23 09:00:00+00:00,113133.84,113281.5,112683.33,112975.99,1156.9129,205157,524.35317
2025-09-23 12:00:00+00:00,112975.99,113290.5,112571.81,112652.91,1482.1132,339683,609.5143
2025-09-23 15:00:00+00:00,112652.91,113072.89,111888,111957.76,1585.4126,385810,670.90455
2025-09-23 18:00:00+00:00,111957.76,112200,111458.73,111985.77,1771.3983,399055,829.17039
2025-09-23 21:00:00+00:00,111985.78,112220.54,111879.73,111998.8,744.90754,126775,389.99531
2025-09-24 00:00:00+00:00,111998.8,112500,111816.86,112111.62,1766.9625,328205,782.68637
2025-09-24 03:00:00+00:00,112111.62,112666.74,111042.66,112636.84,2940.0112,424622,1496.7222
2025-09-24 06:00:00+00:00,112636.85,112779.37,112405.62,112622.8,1416.0773,185970,710.17298
2025-09-24 09:00:00+00:00,112622.81,113162.17,112501.38,113029.46,1198.4006,185432,682.13856
2025-09-24 12:00:00+00:00,113029.45,113890,112808,113720.64,1817.3063,375018,951.22353
2025-09-24 15:00:00+00:00,113720.64,113940,113163.21,113761.3,1527.313,371927,766.62849
2025-09-24 18:00:00+00:00,113761.31,113830.66,113292.25,113501.52,742.50628,174833,299.99555
2025-09-24 21:00:00+00:00,113501.52,113647.58,113204.71,113307,960.68239,183830,411.12722
2025-09-25 00:00:00+00:00,113307.01,113510.23,112446.15,112907.38,2276.2642,506541,1028.1922
2025-09-25 03:00:00+00:00,112907.38,112907.39,111584.23,111749.91,2816.4457,525750,1347.1697
2025-09-25 06:00:00+00:00,111749.91,112031.18,111450.42,111727.21,1425.0239,324320,680.84089
2025-09-25 09:00:00+00:00,111727.2,112246.46,111283.63,111348,1749.8522,303844,724.54269
2025-09-25 12:00:00+00:00,111347.99,111729.52,110629.99,111540,4135.1738,881175,1768.1433
2025-09-25 15:00:00+00:00,111540.01,111672.58,108654,108833.63,4084.3924,866545,1482.859
2025-09-25 18:00:00+00:00,108833.63,109973.4,108631.51,109163.44,3069.3348,583105,1569.9858
2025-09-25 21:00:00+00:00,109163.45,109685.72,108765,108994.49,1674.6626,418673,909.34592
2025-09-26 00:00:00+00:00,108994.49,109798.84,108809.24,109621.7,1818.2055,452614,858.94378
2025-09-26 03:00:00+00:00,109621.7,109635.8,109085.78,109252.79,1192.0931,235256,509.83429
2025-09-26 06:00:00+00:00,109252.79,109624.16,108913,109567.2,2944.5793,441263,1635.0719
2025-09-26 09:00:00+00:00,109567.2,109690.98,108620.07,109133.5,2099.678,413371,767.79235
2025-09-26 12:00:00+00:00,109133.5,109779.73,108764.76,108836,2755.809,787542,1406.8494
2025-09-26 15:00:00+00:00,108836,110000,108802.04,109899.99,1404.5067,430361,755.30513
2025-09-26 18:00:00+00:00,109900,110300,109030.41,109288.44,1420.2674,363761,714.47352
2025-09-26 21:00:00+00:00,109288.45,109687.69,109189.17,109643.46,607.87696,132987,330.01999
2025-09-27 00:00:00+00:00,109643.46,109660.88,109324.42,109408.18,779.40348,126196,369.35384
2025-09-27 03:00:00+00:00,109408.18,109743.91,109384.63,109635.72,639.31235,103719,339.19594
2025-09-27 06:00:00+00:00,109635.73,109635.73,109252,109252.01,911.01701,113204,383.71476
2025-09-27 09:00:00+00:00,109252.01,109477.69,109064.4,109310.21,977.0578,140596,420.71159
2025-09-27 12:00:00+00:00,109310.22,109477.59,109227.14,109287.89,946.47489,122323,427.69064
2025-09-27 15:00:00+00:00,109287.89,109427.76,109193,109382.47,564.62278,160672,244.52028
2025-09-27 18:00:00+00:00,109382.48,109440,109345.11,109390,291.28963,57123,96.5866
2025-09-27 21:00:00+00:00,109390,109699.98,109389.47,109635.85,392.60849,95761,241.48521
2025-09-28 00:00:00+00:00,109635.85,109787.75,109325.05,109447.55,699.08804,199599,341.95593
2025-09-28 03:00:00+00:00,109447.54,109535,109356.42,109356.43,346.42614,63155,195.98622
2025-09-28 06:00:00+00:00,109356.44,109585.39,109260,109509.91,561.96332,94854,270.57119
2025-09-28 09:00:00+00:00,109509.91,109559.89,109250,109369.02,646.65614,142052,319.07412
2025-09-28 12:00:00+00:00,109369.02,109888,109189.99,109850.01,1010.2794,220344,399.13666
2025-09-28 15:00:00+00:00,109850,110393.63,109712.23,110203.52,1229.9588,240825,610.70175
2025-09-28 18:00:00+00:00,110203.53,110945,110060.88,110803.8,834.80706,143059,460.66131
2025-09-28 21:00:00+00:00,110803.8,112350,110640.81,112163.95,2213.1527,380978,1183.7889
2025-09-29 00:00:00+00:00,112163.96,112310,111632.72,111750.02,1987.3506,369481,885.61883
2025-09-29 03:00:00+00:00,111750.02,111904.34,111575.38,111753.34,937.65785,200989,431.30028
2025-09-29 06:00:00+00:00,111753.34,112421.99,111560.65,112099.75,1991.8021,287313,1228.9793
2025-09-29 09:00:00+00:00,112099.74,112225,111923.13,112100,1338.2652,208760,584.43195
2025-09-29 12:00:00+00:00,112100,114231.56,111901.26,114033.53,4206.3722,646959,2299.4076
2025-09-29 15:00:00+00:00,114033.54,114151,113449.74,114043.91,2430.0057,319811,1040.1534
2025-09-29 18:00:00+00:00,114043.92,114400,113848.63,114258.29,1642.2753,264291,825.02251
2025-09-29 21:00:00+00:00,114258.29,114395.92,114020,114311.96,1007.3911,145049,541.77383
2025-09-30 00:00:00+00:00,114311.97,114792,114040.35,114455.96,2106.1024,379696,965.3334
2025-09-30 03:00:00+00:00,114455.96,114514.5,113827.24,113904,1442.0254,238560,535.06677
2025-09-30 06:00:00+00:00,113904,114084.22,113350.35,113451.89,1926.5377,265776,901.70854
2025-09-30 09:00:00+00:00,113451.89,113451.89,112656.27,113055.01,2215.8286,356636,1202.789
2025-09-30 12:00:00+00:00,113055,113677.23,112866.11,113595.05,2081.4178,648286,1037.8821
2025-09-30 15:00:00+00:00,113595.04,113598.27,112800,113246.11,1891.2301,515585,733.76819
2025-09-30 18:00:00+00:00,113246.12,114723.57,113177.37,114626.36,2114.1747,349217,1222.1957
2025-09-30 21:00:00+00:00,114626.36,114754.87,113765.42,114048.93,1266.8397,264575,586.97787
2025-10-01 00:00:00+00:00,114048.94,114551.76,113966.67,114272.15,1540.268,272877,698.30632
2025-10-01 03:00:00+00:00,114272.16,114740,114096.58,114569.84,1659.9516,321761,809.49345
2025-10-01 06:00:00+00:00,114569.84,116591.8,114224.88,116111.28,3782.8512,582957,2077.7295
2025-10-01 09:00:00+00:00,116111.27,116795.85,115950,116789.58,2273.8644,371709,1163.0757
2025-10-01 12:00:00+00:00,116789.57,117441.26,116363.38,117292.74,3510.3293,681884,1647.4464
2025-10-01 15:00:00+00:00,117292.73,118199,116724.56,116768.07,3810.7856,563667,1812.4122
2025-10-01 18:00:00+00:00,116768.08,117623.59,116768.07,117536.12,1424.3883,254960,729.06835
2025-10-01 21:00:00+00:00,117536.13,118649.1,117339.54,118594.99,2033.9568,380528,1133.5089
2025-10-02 00:00:00+00:00,118594.99,119456.92,118368.05,118753.73,3591.4907,632255,1844.6229
2025-10-02 03:00:00+00:00,118753.73,119058.82,118279.31,118377.34,1491.13,288339,676.7833
2025-10-02 06:00:00+00:00,118377.34,118680,118295.87,118668.89,1186.1082,227533,468.01695
2025-10-02 09:00:00+00:00,118668.89,118926.49,118537.1,118765.73,1150.9917,200499,616.60416
2025-10-02 12:00:00+00:00,118765.72,119788,118642.2,118814.09,3693.4147,709781,2022.6563
2025-10-02 15:00:00+00:00,118814.09,120300,118516.39,119917.52,3602.0182,665576,1953.1871
2025-10-02 18:00:00+00:00,119917.52,121022.07,119907.01,120652.01,3505.8629,497128,1639.0066
2025-10-02 21:00:00+00:00,120652.01,120774.97,120072.46,120529.35,1449.8186,250962,532.20124
2025-10-03 00:00:00+00:00,120529.35,120550.9,119820,120157.82,1765.2389,338902,600.72747
2025-10-03 03:00:00+00:00,120157.82,120472.12,119746.81,119920.4,1247.4741,233712,576.2152
2025-10-03 06:00:00+00:00,119920.41,120075.62,119248.3,120038.6,2917.9058,321898,950.95067
2025-10-03 09:00:00+00:00,120038.6,120515.89,120008.6,120334.5,2099.3569,279372,936.99434
2025-10-03 12:00:00+00:00,120334.51,120975,119881.24,120917.85,2371.3486,680732,1258.5992
2025-10-03 15:00:00+00:00,120917.1,123894.99,120641.27,122073.25,10169.437,1555107,5456.3642
2025-10-03 18:00:00+00:00,122073.26,122961.63,121466.25,122447.94,2453.9634,632648,1125.9247
2025-10-03 21:00:00+00:00,122447.94,122665,121999.33,122232,911.60355,204449,382.84782
2025-10-04 00:00:00+00:00,122232.21,122295.56,121684.97,121854.53,1374.1737,343556,590.44582
2025-10-04 03:00:00+00:00,121854.53,122800,121829.54,122522.7,1260.6996,262012,689.15985
2025-10-04 06:00:00+00:00,122522.7,122606.86,122197.63,122267.57,1110.9214,189539,500.44515
2025-10-04 09:00:00+00:00,122267.58,122457.17,121962.81,121973.26,769.69423,148245,370.7092
2025-10-04 12:00:00+00:00,121973.26,122509.52,121945,122000.01,763.2254,206350,359.189
2025-10-04 15:00:00+00:00,122000.01,122144.28,121595.67,121747.37,1642.2194,315943,658.6795
2025-10-04 18:00:00+00:00,121747.36,122079.65,121510,121892.89,713.09239,131350,309.07876
2025-10-04 21:00:00+00:00,121892.89,122410,121871.01,122391,574.14077,106595,290.09607
2025-10-05 00:00:00+00:00,122390.99,124362.28,122136,124031.44,3134.0348,428519,1907.7957
2025-10-05 03:00:00+00:00,124031.44,125708.42,123344.98,125127.99,6701.3131,983358,3937.4241
2025-10-05 06:00:00+00:00,125127.99,125225.54,124558,124595.99,2251.5154,376811,837.45686
2025-10-05 09:00:00+00:00,124596,124665.37,122520.24,123464.64,3923.0217,700475,1910.089
2025-10-05 12:00:00+00:00,123464.64,123464.65,122770.32,123034.67,1812.1112,286652,957.24242
2025-10-05 15:00:00+00:00,123034.67,123464,122301.63,123057.05,1825.8876,346259,870.85755
2025-10-05 18:00:00+00:00,123057.05,123220.3,122473.62,122705.32,1328.96,325695,761.52139
2025-10-05 21:00:00+00:00,122705.31,123548.83,122489.85,123482.31,1066.2538,242901,598.28535
2025-10-06 00:00:00+00:00,123482.32,124358.46,123084,124110.61,2721.7571,708198,1382.2848
2025-10-06 03:00:00+00:00,124110.61,124126.31,123294.93,123586,1236.9898,317625,491.03156
2025-10-06 06:00:00+00:00,123586.01,124165.56,123280.49,123846.55,1833.9448,358552,859.38326
2025-10-06 09:00:00+00:00,123846.56,124531.66,123735.73,124215,2211.4328,334604,1353.4061
2025-10-06 12:00:00+00:00,124215,125330,124178,124530,3715.5183,962924,1916.3182
2025-10-06 15:00:00+00:00,124529.99,125819.2,124513.35,125284,3215.0555,662707,1727.2449
2025-10-06 18:00:00+00:00,125284.01,126199.63,125032.01,125211.02,2871.6137,521173,1533.6754
2025-10-06 21:00:00+00:00,125211.03,125298.43,124511.15,124658.54,1688.3167,340384,699.66406
2025-10-07 00:00:00+00:00,124658.54,125082.27,124159.22,124259.9,1394.4496,385487,680.92941
2025-10-07 03:00:00+00:00,124259.91,124654.47,124101.26,124414.17,1241.7106,316530,573.67575
2025-10-07 06:00:00+00:00,124414.17,124460,123322.9,123861.75,2765.6083,436033,1116.1801
2025-10-07 09:00:00+00:00,123861.75,124509.6,123861.74,124453.38,1271.8013,277323,694.94832
2025-10-07 12:00:00+00:00,124453.37,125126,122568,122725.36,4561.3413,966310,1954.6051
2025-10-07 15:00:00+00:00,122725.36,122865.36,120800.02,121130.02,6091.4159,1031805,2636.5135
2025-10-07 18:00:00+00:00,121130.02,122196.48,120574.94,121943.61,2927.7815,592567,1487.8567
2025-10-07 21:00:00+00:00,121943.61,122292.62,121258.08,121332.95,1379.8853,384730,554.64218
2025-10-08 00:00:00+00:00,121332.96,122229.66,121276,122048.28,1705.4153,521987,934.89942
2025-10-08 03:00:00+00:00,122048.28,122048.28,121066.14,121374.01,2122.6674,466826,888.24669
2025-10-08 06:00:00+00:00,121374.02,122850,121068.96,122381.85,2711.898,548973,1630.5401
2025-10-08 09:00:00+00:00,122381.84,123200,122381.84,122884.14,1946.3874,420590,1058.7698
2025-10-08 12:00:00+00:00,122884.14,123350,121649.68,122320,2813.904,825576,1492.6126
2025-10-08 15:00:00+00:00,122319.99,124164.36,121954.34,124033.19,2537.8762,702501,1416.9143
2025-10-08 18:00:00+00:00,124033.19,124197.25,122814,122856.69,2490.7238,518935,1283.8451
2025-10-08 21:00:00+00:00,122856.7,123537.11,122794.4,123306,683.74582,179609,333.23417
2025-10-09 00:00:00+00:00,123306.01,123348.32,121475.98,121617.81,1864.6084,437662,770.33799
2025-10-09 03:00:00+00:00,121617.81,122264,121603.59,122100.92,1177.791,292526,664.34431
2025-10-09 06:00:00+00:00,122100.92,122185.98,121145.49,121261.62,1679.169,374910,732.24374
2025-10-09 09:00:00+00:00,121261.62,122833.02,121261.62,122737.57,1738.1989,408743,894.91671
2025-10-09 12:00:00+00:00,122737.56,123762.94,120736.96,121315,5329.8876,981890,2513.5152
2025-10-09 15:00:00+00:00,121315.01,121734.27,119651.47,120974,5739.001,915327,2655.2389
2025-10-09 18:00:00+00:00,120971.22,121199.97,120396,121109.09,2414.9041,503220,914.54015
2025-10-09 21:00:00+00:00,121109.08,121900,121065.77,121662.4,1615.8001,316889,999.01668
2025-10-10 00:00:00+00:00,121662.41,121874.13,120900,121059.73,1458.4383,356316,664.1896
2025-10-10 03:00:00+00:00,121059.73,121604.49,120909.15,121583.89,1619.7126,409683,731.75288
2025-10-10 06:00:00+00:00,121583.89,121754.34,120855.41,121631.54,2016.1933,478938,874.13852
2025-10-10 09:00:00+00:00,121631.54,121777.07,121228.83,121554.55,1120.7239,314361,573.57328
2025-10-10 12:00:00+00:00,121554.55,122550,120479.2,120493.17,3076.9028,831735,1569.0218
2025-10-10 15:00:00+00:00,120493.16,120626.55,117579.79,117623.8,8963.0678,1896444,4072.2207
2025-10-10 18:00:00+00:00,117623.8,117851.5,113039,114266.82,8636.7266,1603099,3911.2508
2025-10-10 21:00:00+00:00,114266.82,115112.69,102000,112774.5,37280.174,5513946,18105.995
2025-10-11 00:00:00+00:00,112774.49,113297.92,111019.43,113196.48,9343.3136,1576039,4311.0882
2025-10-11 03:00:00+00:00,113196.48,113322.39,111700,112389.48,4893.8226,970772,2100.057
2025-10-11 06:00:00+00:00,112389.48,112753.91,110090.29,111328.38,6420.3502,1074968,2630.5428
2025-10-11 09:00:00+00:00,111328.38,112359.67,111274.41,112280,3947.943,650749,1806.3222
2025-10-11 12:00:00+00:00,112280.01,112500,111890.29,111991.97,3029.595,493049,1077.3713
2025-10-11 15:00:00+00:00,111991.97,112385.93,111442.91,112005.57,2164.9509,467371,973.41536
2025-10-11 18:00:00+00:00,112005.56,112025.4,109653.65,110244.98,3378.147,772865,1410.3622
2025-10-11 21:00:00+00:00,110244.98,111291.61,109561.59,110644.4,2270.3943,656116,1066.7889
2025-10-12 00:00:00+00:00,110644.4,110708.89,109565.06,110119.02,3424.0102,790896,1719.8195
2025-10-12 03:00:00+00:00,110119.02,111957.14,110002.2,111700.38,2786.9072,689056,1504.3518
2025-10-12 06:00:00+00:00,111700.38,112125.51,111300,111310.9,1879.4636,382934,1041.8193
2025-10-12 09:00:00+00:00,111310.9,112133.33,111139.87,111848.36,2237.3218,456855,1330.4572
2025-10-12 12:00:00+00:00,111848.35,112990.9,111177.75,112338.1,4977.1395,764814,2517.4557
2025-10-12 15:00:00+00:00,112338.11,114700,112078,113799.99,9258.1806,1409852,5016.2709
2025-10-12 18:00:00+00:00,113799.99,115468.65,113553.81,114927.97,3237.808,646141,1760.9404
2025-10-12 21:00:00+00:00,114927.97,115770,114217.75,114958.8,4454.4718,908027,2024.3306
2025-10-13 00:00:00+00:00,114958.81,115963.81,114766.69,115319.97,3277.5762,916010,1792.0071
2025-10-13 03:00:00+00:00,115319.98,115613.7,114398.24,114611.82,2767.0202,614019,992.13502
2025-10-13 06:00:00+00:00,114611.82,115554.83,114417.77,115254.23,2160.8772,517423,1142.811
2025-10-13 09:00:00+00:00,115254.23,115254.23,113616.5,114180,3916.0106,727317,1629.9295
2025-10-13 12:00:00+00:00,114180,115530,113800.01,114036.63,4459.5531,1275487,2038.4584
2025-10-13 15:00:00+00:00,114036.63,115174,113968.02,115040.55,2733.5189,819607,1443.3067
2025-10-13 18:00:00+00:00,115040.55,115891.3,114710,115713.37,2133.3374,571401,1197.3799
2025-10-13 21:00:00+00:00,115713.37,115835.04,115005.44,115166,1109.3467,298088,474.86967
2025-10-14 00:00:00+00:00,115166,115409.96,113647.05,113647.05,2315.7597,592476,831.04639
2025-10-14 03:00:00+00:00,113647.05,113700,112390,112493.11,4127.2518,850137,1759.5332
2025-10-14 06:00:00+00:00,112493.1,112699.21,111355.01,111803.33,4280.0165,1001166,1931.6258
2025-10-14 09:00:00+00:00,111803.33,112000,110012.24,111313.98,4301.9506,1041354,2033.7197
2025-10-14 12:00:00+00:00,111313.98,112200,109866,111435.21,5505.5774,1407718,2792.4693
2025-10-14 15:00:00+00:00,111435.2,113187.62,111062.15,112774.97,6142.366,1333174,3079.8648
2025-10-14 18:00:00+00:00,112774.98,113544.53,112021.59,112992.87,3539.9131,827661,1851.1418
2025-10-14 21:00:00+00:00,112992.88,113577,112683.58,113028.14,1657.4947,371956,664.79103
2025-10-15 00:00:00+00:00,113028.13,113612.35,112326.26,112809.94,2764.1506,709981,1056.8487
2025-10-15 03:00:00+00:00,112809.94,112866.77,111746.76,112431.95,2531.4954,621133,1043.1182
2025-10-15 06:00:00+00:00,112431.95,113520.88,111896.07,112944.85,2909.9233,523445,1555.8668
2025-10-15 09:00:00+00:00,112944.84,113127.39,111693.26,111905.73,2462.2669,464976,1106.899
2025-10-15 12:00:00+00:00,111905.72,112238.41,110725.4,111059.76,4754.317,998077,2139.2063
2025-10-15 15:00:00+00:00,111059.77,111588.69,110164,111186.78,4001.3769,955734,1924.6621
2025-10-15 18:00:00+00:00,111186.77,111557.7,110515.84,111109.76,2005.3191,535457,958.20203
2025-10-15 21:00:00+00:00,111109.77,111424.69,110500,110763.28,1557.6389,434338,714.51525
2025-10-16 00:00:00+00:00,110763.28,111562.24,110361,111510.43,2074.6667,553345,862.7602
2025-10-16 03:00:00+00:00,111510.43,111867.17,110750,110951.14,2045.3798,400988,1001.919
2025-10-16 06:00:00+00:00,110951.13,111773.7,110405,110817.5,2591.0271,510634,1192.7374
2025-10-16 09:00:00+00:00,110817.5,111728.7,109635.15,111404.72,4383.6118,676422,1802.1115
2025-10-16 12:00:00+00:00,111404.73,111982.45,109728,110529.34,4389.3012,930414,2047.2708
2025-10-16 15:00:00+00:00,110529.35,110727.35,107577.57,108276.7,9064.1294,1534481,3846.0403
2025-10-16 18:00:00+00:00,108276.69,108751.02,107427,107838.01,3995.6929,1082424,1752.7411
2025-10-16 21:00:00+00:00,107838,108500,107592,108194.28,1313.3637,438386,621.37091
2025-10-17 00:00:00+00:00,108194.27,109115.08,107934.4,108972.97,1879.9714,524655,977.52709
2025-10-17 03:00:00+00:00,108972.98,109240,108299.12,108381.76,1826.2518,401623,873.16031
2025-10-17 06:00:00+00:00,108381.75,108519.49,104505,104884.38,11364.729,1582392,4878.7403
2025-10-17 09:00:00+00:00,104884.38,106651.22,103528.23,105683.72,9275.3499,1506585,4522.1686
2025-10-17 12:00:00+00:00,105683.71,106166,104533.21,105163.42,5619.1862,1405119,2816.4092
2025-10-17 15:00:00+00:00,105163.41,107575.6,105087.29,106453.27,4860.7142,1182437,2443.0642
2025-10-17 18:00:00+00:00,106453.26,107177.08,106233.65,107021.37,1786.7242,642742,945.34759
2025-10-17 21:00:00+00:00,107021.38,107440.02,106392.08,106431.68,1307.7421,325132,540.58212
2025-10-18 00:00:00+00:00,106431.68,107306.06,106322.2,106597.98,1920.4162,371058,828.9174
2025-10-18 03:00:00+00:00,106597.97,107126.55,106439.38,106812.52,1843.4986,262987,752.03632
2025-10-18 06:00:00+00:00,106812.52,107499,106605.93,106719.2,3085.3611,364347,1173.329
2025-10-18 09:00:00+00:00,106719.2,107222,106629.66,107208.6,1132.0907,232748,616.69852
2025-10-18 12:00:00+00:00,107208.61,107300,106739.33,107028.36,1088.6359,280654,503.31834
2025-10-18 15:00:00+00:00,107028.37,107146.18,106484,106880.03,936.06402,257941,432.90691
2025-10-18 18:00:00+00:00,106880.04,107339.03,106722.72,107018.51,574.80835,171865,267.45729
2025-10-18 21:00:00+00:00,107018.5,107283.71,106851.84,107185.01,542.31269,163850,271.19265
2025-10-19 00:00:00+00:00,107185,107267.2,106734.17,106847.02,699.96566,225473,349.22089
2025-10-19 03:00:00+00:00,106847.03,107367.16,106794.23,106888.59,1131.6908,234087,416.67673
2025-10-19 06:00:00+00:00,106888.6,107203.29,106278.74,106443.95,1443.0072,321408,543.06577
2025-10-19 09:00:00+00:00,106443.96,108260.5,106103.36,107783.47,4090.203,745087,2057.312
2025-10-19 12:00:00+00:00,107783.47,108508,107355.02,108405.47,3085.6672,583206,1296.3746
2025-10-19 15:00:00+00:00,108405.47,109437.43,108240,109113.52,2139.7505,452669,1190.0871
2025-10-19 18:00:00+00:00,109113.53,109450.07,108800.57,108845.06,1503.0503,332056,595.72175
2025-10-19 21:00:00+00:00,108845.07,109370.99,108471.1,108642.78,1387.3295,311654,651.85124
2025-10-20 00:00:00+00:00,108642.77,108970.51,107402.52,108767.02,2407.5776,638730,1169.9036
2025-10-20 03:00:00+00:00,108767.03,111111,108571.59,111033.79,3133.1327,670875,1789.0255
2025-10-20 06:00:00+00:00,111033.79,111679.25,110943.4,111097.15,3036.5918,483853,1415.6961
2025-10-20 09:00:00+00:00,111097.16,111200,110608.27,111016.75,2527.0968,450153,1011.5038
2025-10-20 12:00:00+00:00,111016.75,111395.84,110588.23,111210.86,2002.6416,558632,1087.7274
2025-10-20 15:00:00+00:00,111210.86,111705.56,109855.83,110282.76,3798.8589,787451,1711.0622
2025-10-20 18:00:00+00:00,110282.76,111272,110220,111091.46,1402.3594,452386,719.66954
2025-10-20 21:00:00+00:00,111091.46,111243.64,110418.25,110532.09,885.18292,241462,375.91257
2025-10-21 00:00:00+00:00,110532.09,110532.09,109303.86,109514.92,1887.9327,467807,751.67834
2025-10-21 03:00:00+00:00,109514.92,109620.31,107473.72,107537.12,3986.1283,763423,1887.6275
2025-10-21 06:00:00+00:00,107537.12,108200,107484.22,107695.79,2266.2903,473020,1107.6623
2025-10-21 09:00:00+00:00,107695.79,108811.47,107540.09,108580.01,2185.5155,403645,1208.4897
2025-10-21 12:00:00+00:00,108580,112290.31,107922.06,112170.52,5826.5479,1090215,3140.7944
2025-10-21 15:00:00+00:00,112170.52,114000,111716.91,111973.42,12361.377,1293753,5257.2331
2025-10-21 18:00:00+00:00,111973.41,112297.14,110554.22,110787.56,3711.8234,661740,1518.6816
2025-10-21 21:00:00+00:00,110787.56,111111,108045.81,108297.67,5002.4016,850460,2161.9047
2025-10-22 00:00:00+00:00,108297.66,108678.21,107841.2,108198.85,3730.5276,686425,1704.3263
2025-10-22 03:00:00+00:00,108198.85,108638.99,107860.92,108166.81,3251.9319,449135,1564.3253
2025-10-22 06:00:00+00:00,108166.82,108358.76,107610,108229.3,2257.9264,427812,1127.8283
2025-10-22 09:00:00+00:00,108229.3,108274.43,106708.18,107555.05,3506.9982,618806,1615.889
2025-10-22 12:00:00+00:00,107555.04,109014.34,107443.01,108947.5,5971.6558,1114851,3239.0601
2025-10-22 15:00:00+00:00,108947.49,109163.88,107566.65,107778.45,4457.8256,1100514,2040.2401
2025-10-22 18:00:00+00:00,107778.45,108411.61,107463.29,107696.03,2507.9179,551191,1112.2562
2025-10-22 21:00:00+00:00,107696.03,107946.15,106666.69,107567.44,2926.0011,599169,1362.6633
2025-10-23 00:00:00+00:00,107567.45,108500,107500,108410.29,1769.0028,351025,972.75942
2025-10-23 03:00:00+00:00,108410.29,108991.81,108323.59,108940.58,1447.7653,267763,870.94008
2025-10-23 06:00:00+00:00,108940.58,110298.29,108849.07,109505.44,3208.9376,572499,1561.7595
2025-10-23 09:00:00+00:00,109505.45,109701.9,109100.4,109253.89,1466.5943,346352,613.41802
2025-10-23 12:00:00+00:00,109253.88,109851.62,108685.72,109594.9,3351.3216,744858,1548.1025
2025-10-23 15:00:00+00:00,109594.9,111293.61,109486.38,111241.71,3422.8573,729803,1749.0723
2025-10-23 18:00:00+00:00,111241.71,111289.36,109341.28,109524.81,1779.9406,450772,711.78226
2025-10-23 21:00:00+00:00,109524.81,110158.37,109380.12,110078.18,1126.6735,258542,547.5031
2025-10-24 00:00:00+00:00,110078.19,110829.67,109983.93,110570.12,1206.7682,353141,652.75578
2025-10-24 03:00:00+00:00,110570.13,111470.32,110274.85,111261.36,1806.065,365968,854.37436
2025-10-24 06:00:00+00:00,111261.37,111522.3,110680.01,111097.8,1858.8239,365109,798.37074
2025-10-24 09:00:00+00:00,111097.79,111482.99,110600,111066.29,1354.0683,322859,667.08248
2025-10-24 12:00:00+00:00,111066.29,112104.98,109700.01,110219.17,4795.5458,926249,2494.1658
2025-10-24 15:00:00+00:00,110219.17,110620,109797.13,110235.22,1547.6258,441442,770.82548
2025-10-24 18:00:00+00:00,110235.22,111025.95,110166,110893.7,1174.0835,288323,608.87862
2025-10-24 21:00:00+00:00,110893.69,111138.62,110646.64,111004.89,1262.1886,177931,664.79013
2025-10-25 00:00:00+00:00,111004.9,111226.67,110672.86,111025.77,580.03803,156944,235.55833
2025-10-25 03:00:00+00:00,111025.77,111458.81,110998.21,111386.79,895.51462,138004,464.19147
2025-10-25 06:00:00+00:00,111386.78,111820.87,111261.01,111763.8,1119.8273,185677,600.07535
2025-10-25 09:00:00+00:00,111763.81,111850.13,111375.81,111563.81,1029.246,207646,445.99867
2025-10-25 12:00:00+00:00,111563.81,111943.19,111520,111591.19,935.09802,189341,491.67849
2025-10-25 15:00:00+00:00,111591.2,111591.2,111164.39,111374.96,883.97514,135640,404.7566
2025-10-25 18:00:00+00:00,111374.97,111731.78,111317.34,111431.94,552.86974,115243,270.05933
2025-10-25 21:00:00+00:00,111431.94,111683.64,111342.25,111646.27,411.39978,109704,174.76836
2025-10-26 00:00:00+00:00,111646.27,111899.56,111408.54,111448.85,856.08708,203081,423.57469
2025-10-26 03:00:00+00:00,111448.85,111650.9,111260.45,111615.32,510.0221,109968,234.7685
2025-10-26 06:00:00+00:00,111615.33,111850,111548.75,111776.94,566.58875,107318,251.72201
2025-10-26 09:00:00+00:00,111776.94,113466.23,111708.63,113286.09,2747.166,488832,1571.2213
2025-10-26 12:00:00+00:00,113286.09,114000,113279.85,113575.36,3068.76,545683,1620.096
2025-10-26 15:00:00+00:00,113575.35,113761.98,113290.62,113442.13,1313.6928,253290,639.03533
2025-10-26 18:00:00+00:00,113442.14,113793.93,113283.11,113320.8,732.12937,149192,324.75771
2025-10-26 21:00:00+00:00,113320.8,115466.8,112901,114559.4,3660.0312,606587,1917.0061
2025-10-27 00:00:00+00:00,114559.41,115445.39,114362.26,114883.39,2694.465,463881,1346.9238
2025-10-27 03:00:00+00:00,114883.4,115652.89,114829.48,115556.57,1815.6092,321391,842.78428
2025-10-27 06:00:00+00:00,115556.56,116400,114900,115014.88,5500.1843,550145,2583.1039
2025-10-27 09:00:00+00:00,115014.88,115550.02,114814.69,115362.02,2452.2629,442341,1378.5186
2025-10-27 12:00:00+00:00,115362.02,115437.48,114503.99,114810.05,3169.5736,615032,1655.7994
2025-10-27 15:00:00+00:00,114810.06,115706.06,114778,115706.06,2584.2031,558981,1673.1719
2025-10-27 18:00:00+00:00,115706.06,115790,114408,114455.17,1548.8513,350018,715.35697
2025-10-27 21:00:00+00:00,114455.17,114626.99,113830.01,114107.65,1685.083,358699,774.04297
2025-10-28 00:00:00+00:00,114107.65,114547.2,113569.91,113936.94,1726.8451,393268,843.11016
2025-10-28 03:00:00+00:00,113936.93,114109.86,113483.3,113605.31,1526.1392,374243,668.20342
2025-10-28 06:00:00+00:00,113605.32,114480.19,113605.32,114427.23,1429.3655,307092,911.35039
2025-10-28 09:00:00+00:00,114427.23,114673.68,114205.28,114357.73,929.4054,220448,510.9765
2025-10-28 12:00:00+00:00,114357.72,116086,114138.06,115068.17,3288.1621,713313,1764.4636
2025-10-28 15:00:00+00:00,115068.18,115591.41,114516,115290,1911.8639,643696,933.06664
2025-10-28 18:00:00+00:00,115289.99,115366.45,112324.82,112808.05,3266.2898,751599,1400.8289
2025-10-28 21:00:00+00:00,112808.05,113289.02,112211,112898.45,1445.3516,426186,733.31615
2025-10-29 00:00:00+00:00,112898.44,112975.75,112100,112666.75,1774.6601,439999,908.05937
2025-10-29 03:00:00+00:00,112666.75,113379,112339.77,113039.1,1254.0035,317812,663.07891
2025-10-29 06:00:00+00:00,113039.09,113624.12,112956,113070.94,1591.4579,388492,944.42671
2025-10-29 09:00:00+00:00,113070.94,113240.72,112732.91,113132.36,1463.7265,365417,691.03152
2025-10-29 12:00:00+00:00,113132.35,113643.73,112234.74,112488.44,2684.6514,595028,1278.592
2025-10-29 15:00:00+00:00,112488.45,112564.31,110960,111883.49,4121.2975,785396,1974.3232
2025-10-29 18:00:00+00:00,111883.5,112030.23,109200,111433.46,6270.7963,1202356,3129.75
2025-10-29 21:00:00+00:00,111433.45,111800,109733.22,110021.29,1919.1208,386980,817.81057
2025-10-30 00:00:00+00:00,110021.3,111011.99,109703.43,110985.92,1713.446,553343,928.49304
2025-10-30 03:00:00+00:00,110985.93,110985.93,107925.06,110248.29,5377.8792,1137351,2446.4232
2025-10-30 06:00:00+00:00,110248.28,111592,109978.01,110714.31,3019.8432,629033,1689.879
2025-10-30 09:00:00+00:00,110714.31,110814,109692.3,109717.29,1783.3259,485393,741.32121
2025-10-30 12:00:00+00:00,109717.19,109777.93,107400,108285.54,5524.197,1218229,2419.7682
2025-10-30 15:00:00+00:00,108285.54,108350.44,106801,107486.69,3179.9422,896381,1435.7946
2025-10-30 18:00:00+00:00,107486.69,107652,106304.34,107510.91,3412.286,987137,1829.5065
2025-10-30 21:00:00+00:00,107510.91,108334.53,107400,108322.88,1977.9089,466584,1059.9456
2025-10-31 00:00:00+00:00,108322.87,110042.16,108275.28,108857.99,3353.9363,748573,1673.007
2025-10-31 03:00:00+00:00,108858,110215,108613.11,109899.15,2892.4325,544772,1538.8131
2025-10-31 06:00:00+00:00,109899.15,110100,109214.13,110062.44,2246.0153,556032,1243.6333
2025-10-31 09:00:00+00:00,110062.45,110550,109461.53,110415.61,1720.1894,543498,853.69479
2025-10-31 12:00:00+00:00,110415.62,111054.61,109366.91,110790.14,4555.6635,1021379,2262.6275
2025-10-31 15:00:00+00:00,110790.14,111190,108635,109299.98,3788.6049,984572,1705.4173
2025-10-31 18:00:00+00:00,109299.98,110237.66,108974.76,109493.85,2165.2229,616084,1140.3947
2025-10-31 21:00:00+00:00,109493.84,109801.89,109329.15,109608.01,796.13972,241962,380.95171
2025-11-01 00:00:00+00:00,109608.01,110048,109394.81,109790.27,842.86679,273612,342.9272
2025-11-01 03:00:00+00:00,109790.27,110564.49,109789.17,110140.79,1204.4286,341501,693.46747
2025-11-01 06:00:00+00:00,110140.78,110270.9,109933.86,110248.88,866.6759,241768,400.57466
2025-11-01 09:00:00+00:00,110248.88,110254.55,109854.72,110137.59,817.45873,204225,328.76218
2025-11-01 12:00:00+00:00,110137.59,110200,109702.66,109933.85,907.43985,261155,329.73649
2025-11-01 15:00:00+00:00,109933.86,110529.99,109910.22,110208.97,1587.5012,328965,711.78728
2025-11-01 18:00:00+00:00,110208.96,110516.17,110193.43,110406.2,490.6124,135777,268.73036
2025-11-01 21:00:00+00:00,110406.21,110426,109858.44,110098.1,661.52087,207211,330.69837
2025-11-02 00:00:00+00:00,110098.1,110263.91,109879.39,110015.77,710.97105,216534,335.24365
2025-11-02 03:00:00+00:00,110015.76,110784.13,109962.06,110497.98,2787.1188,306046,1267.7765
2025-11-02 06:00:00+00:00,110497.98,111045.09,110274.9,110850.17,2306.0313,307500,1193.7918
2025-11-02 09:00:00+00:00,110850.17,111229.78,110346.15,111196.99,1909.6535,357597,1097.8322
2025-11-02 12:00:00+00:00,111196.99,111250.01,110173.84,110422.24,1301.5487,513034,531.5904
2025-11-02 15:00:00+00:00,110422.24,110566.86,109735.59,110190.4,1217.9844,379959,528.94914
2025-11-02 18:00:00+00:00,110190.41,110331,109890.34,110086.7,563.56053,191917,278.07348
2025-11-02 21:00:00+00:00,110086.7,110742.26,109471.34,110540.68,1310.1326,379601,688.60744
2025-11-03 00:00:00+00:00,110540.69,110750,108666.66,109033.83,2442.3445,706124,1024.4982
2025-11-03 03:00:00+00:00,109033.84,109155.74,107400,107606.75,3397.8555,899134,1330.9075
2025-11-03 06:00:00+00:00,107606.75,107832.45,106888,107586.97,3023.2996,739235,1272.4603
2025-11-03 09:00:00+00:00,107586.98,107920.92,106726.63,107787.42,2437.1162,602501,991.25762
2025-11-03 12:00:00+00:00,107787.42,108333,107369.01,108059.99,2310.1996,714761,1131.0629
2025-11-03 15:00:00+00:00,108060,108148.81,105306.56,107481.19,9039.9559,1701471,4104.842
2025-11-03 18:00:00+00:00,107481.2,107599.85,106310.43,106657.55,3452.6256,957056,1842.5097
2025-11-03 21:00:00+00:00,106657.55,107094.27,105755.59,106583.04,2577.7908,754264,1149.5475
2025-11-04 00:00:00+00:00,106583.05,107298.74,105852.37,106482.6,3031.3087,898423,1466.1964
2025-11-04 03:00:00+00:00,106482.61,107299,104200,104215.76,5071.4586,940406,2220.6668
2025-11-04 06:00:00+00:00,104215.76,105201,103759.99,104051.9,5820.1265,959227,2760.2839
2025-11-04 09:00:00+00:00,104051.9,104699.07,103605,104584.76,3517.0519,810534,1620.1182
2025-11-04 12:00:00+00:00,104584.75,104694.28,102915.05,104500.01,5151.0858,952137,2299.062
2025-11-04 15:00:00+00:00,104500.01,104842.63,100800,101114.83,9808.548,1700180,4177.4746
2025-11-04 18:00:00+00:00,101114.82,101711.84,99600,100755.43,10251.773,1691621,4739.8794
2025-11-04 21:00:00+00:00,100755.42,101893.09,98944.36,101497.22,7883.5217,1147081,4105.3092
2025-11-05 00:00:00+00:00,101497.23,101922.98,98966.8,101677.93,8178.3775,1320387,4266.3934
2025-11-05 03:00:00+00:00,101677.94,102370,101461.98,101824.89,5982.3964,840767,3600.4196
2025-11-05 06:00:00+00:00,101824.89,102152.58,101176.47,101699.74,2693.6842,639396,1412.0564
2025-11-05 09:00:00+00:00,101699.74,102203.48,101285.09,102070.61,2397.7288,676354,1168.8253
2025-11-05 12:00:00+00:00,102070.62,103470,101916.77,103202.3,4494.4541,920388,2478.3
2025-11-05 15:00:00+00:00,103202.3,104039.66,102829.51,103904.05,5325.1614,1029035,2738.3298
2025-11-05 18:00:00+00:00,103904.05,104534.74,103620,103831.22,2900.5536,636024,1576.3861
2025-11-05 21:00:00+00:00,103831.22,104100,103305.05,103885.16,1806.4196,438017,886.1377
2025-11-06 00:00:00+00:00,103885.16,103897.86,102716.26,103321.81,3090.5686,611049,1321.8579
2025-11-06 03:00:00+00:00,103321.8,104200,103088,103143.57,2117.8742,464073,1103.3947
2025-11-06 06:00:00+00:00,103143.57,103591.47,102910.66,103200.26,2191.3477,566655,1075.5904
2025-11-06 09:00:00+00:00,103200.26,103300.01,102651.63,103227.58,2010.1225,431605,907.61595
2025-11-06 12:00:00+00:00,103227.59,103626.46,102044.63,102125,3653.3366,845765,1744.3078
2025-11-06 15:00:00+00:00,102124.99,102932.94,100300.95,101804.01,7373.7074,1503449,3359.5411
2025-11-06 18:00:00+00:00,101804.02,102338,100638.55,100914.11,2525.129,833825,1217.263
2025-11-06 21:00:00+00:00,100914.11,101538,100541.17,101346.04,2852.5354,498580,1242.9771
2025-11-07 00:00:00+00:00,101346.04,101928.99,100749.94,101905.11,2698.0808,743446,1412.5422
2025-11-07 03:00:00+00:00,101905.12,102527,101582.92,102447.47,2766.8343,482525,1522.7752
2025-11-07 06:00:00+00:00,102447.48,102496,101438.39,101496.18,2380.7692,366979,1174.7576
2025-11-07 09:00:00+00:00,101496.18,101512.51,99803.58,100411.89,5782.9515,778938,2472.4114
2025-11-07 12:00:00+00:00,100411.89,100922.78,99260.86,100806.08,6032.2789,1209141,2886.1088
2025-11-07 15:00:00+00:00,100806.7,102736.84,100353.45,102397.12,6667.9011,1361147,3484.661
2025-11-07 18:00:00+00:00,102397.13,103900,102282.2,103783.09,3740.033,969863,2138.1706
2025-11-07 21:00:00+00:00,103783.08,104096.36,103311.33,103339.08,1990.6606,423720,965.37898
2025-11-08 00:00:00+00:00,103339.09,103406.22,102539.49,102846.65,1870.2342,495396,877.03845
2025-11-08 03:00:00+00:00,102846.66,103293.21,102272.66,102304,1530.5601,392920,694.26867
2025-11-08 06:00:00+00:00,102304.01,102687.72,101902.64,102431.74,1513.1583,291672,758.2618
2025-11-08 09:00:00+00:00,102431.74,102630.14,101715.76,101857.1,1368.0269,238219,657.1581
2025-11-08 12:00:00+00:00,101857.1,102186.99,101454,101827.19,2551.461,460308,1195.6586
2025-11-08 15:00:00+00:00,101827.19,102003.57,101500,101994.52,1494.218,404747,711.31668
2025-11-08 18:00:00+00:00,101994.53,102219.39,101522.08,102068.06,1344.4843,261119,626.08632
2025-11-08 21:00:00+00:00,102068.06,102482.2,102028.62,102312.94,718.63699,199438,342.87119
2025-11-09 00:00:00+00:00,102312.95,102337.89,101568.41,101633.25,1388.4865,441662,562.47663
2025-11-09 03:00:00+00:00,101633.25,102130.61,101400,101928.54,1437.7848,380400,719.04074
2025-11-09 06:00:00+00:00,101928.54,102048.15,101681.75,101972.94,648.48622,229264,360.88022
2025-11-09 09:00:00+00:00,101972.94,102307.68,101500,102239.41,1608.8117,282758,721.23814
2025-11-09 12:00:00+00:00,102239.41,104041.25,102050.64,103037.9,3543.7221,537547,1858.3496
2025-11-09 15:00:00+00:00,103037.9,104168,102972.55,103637.57,2346.2243,459315,1223.7283
2025-11-09 18:00:00+00:00,103637.58,105061.08,103520,104633.12,2323.11,506700,1304.9505
2025-11-09 21:00:00+00:00,104633.13,105495.62,104058.59,104722.96,3042.3452,566558,1474.2852
2025-11-10 00:00:00+00:00,104722.95,106670.11,104265.02,106006.69,5653.4929,900894,3067.2869
2025-11-10 03:00:00+00:00,106006.7,106473.73,105843.22,106100,2144.7418,502199,1042.8185
2025-11-10 06:00:00+00:00,106100,106554,105900,105965.46,2145.4208,387141,977.08768
2025-11-10 09:00:00+00:00,105965.46,106599.47,105836,106176.5,1598.2687,384129,768.04805
2025-11-10 12:00:00+00:00,106176.5,106589.89,104681.9,104898.15,3379.437,690829,1551.8864
2025-11-10 15:00:00+00:00,104898.15,105981.79,104667,105953.1,4055.7551,866283,2243.3725
2025-11-10 18:00:00+00:00,105953.1,106299.22,105408,106010.73,1677.9771,537890,927.86494
2025-11-10 21:00:00+00:00,106010.74,106275.16,105280,106011.13,2027.1632,441592,1017.4545
2025-11-11 00:00:00+00:00,106011.13,107500,105500,106655.02,4182.9733,1003877,2243.3416
2025-11-11 03:00:00+00:00,106655.02,107100,105166.66,105249.35,2166.6387,584638,921.70812
2025-11-11 06:00:00+00:00,105249.35,105345.68,104741.2,105157.8,2411.6423,557047,1100.4392
2025-11-11 09:00:00+00:00,105157.8,105497.99,104909.74,105311.9,1294.6366,390942,657.03592
2025-11-11 12:00:00+00:00,105311.9,105500,103840.91,104560.16,6635.9414,869333,2018.8812
2025-11-11 15:00:00+00:00,104560.15,104560.15,102840.22,103338.99,3796.7578,975033,1871.2166
2025-11-11 18:00:00+00:00,103338.99,103572.37,102658.36,102809.27,1708.371,653851,860.17396
2025-11-11 21:00:00+00:00,102809.27,103209.13,102476.09,103058.99,1999.546,497428,1044.2374
2025-11-12 00:00:00+00:00,103059,103413.09,102687.72,103151.66,2303.7646,597835,1283.6758
2025-11-12 03:00:00+00:00,103151.66,103467.2,103011,103385.3,1154.572,340420,582.44669
2025-11-12 06:00:00+00:00,103385.31,104228.9,103051.59,104147.24,2443.3457,450201,1157.4279
2025-11-12 09:00:00+00:00,104147.25,105200,104145.98,105020.83,2479.7047,640348,1300.0513
2025-11-12 12:00:00+00:00,105020.82,105333.33,103604.57,103990.4,2617.6148,720612,1361.321
2025-11-12 15:00:00+00:00,103990.39,104299.98,101300,101748.02,5842.6709,1386700,2673.7115
2025-11-12 18:00:00+00:00,101748.01,101947.88,100813.59,101539.01,2278.7216,753422,1122.165
2025-11-12 21:00:00+00:00,101539.01,101999.35,101448.82,101654.37,1337.2447,424594,674.92181
2025-11-13 00:00:00+00:00,101654.37,102604,101467.15,102064.41,2148.2934,614723,1277.9266
2025-11-13 03:00:00+00:00,102064.41,103400,100922.55,103135.84,3205.3584,931889,1539.2097
2025-11-13 06:00:00+00:00,103136,104085.01,102914.39,103684.06,3460.3794,684275,1663.8457
2025-11-13 09:00:00+00:00,103684.07,103740,102553.63,102936.5,2236.9033,532338,920.55664
2025-11-13 12:00:00+00:00,102936.49,103483.83,101699.91,102873.14,4190.0369,949396,2044.7349
2025-11-13 15:00:00+00:00,102873.14,102999.98,99608.98,99659.99,8107.1949,1611071,3658.7228
2025-11-13 18:00:00+00:00,99659.99,99922,98000.4,98162.11,9312.8539,1872175,4243.4615
2025-11-13 21:00:00+00:00,98162.11,100501.31,98021,99692.02,3537.4876,929537,1901.7665
2025-11-14 00:00:00+00:00,99692.03,99866.02,98700,99620,5008.7628,1253530,2037.4005
2025-11-14 03:00:00+00:00,99620.01,99649.87,96712.12,97523.98,6778.1233,1215923,2782.6626
2025-11-14 06:00:00+00:00,97523.98,97742.85,95933.75,97377.41,6761.5931,1290988,3325.2866
2025-11-14 09:00:00+00:00,97377.41,97553.7,95711,96167.44,3663.6697,839601,1515.9808
2025-11-14 12:00:00+00:00,96167.45,96801.53,94560.48,96542.38,12025.735,1768149,5523.8673
2025-11-14 15:00:00+00:00,96542.38,97411.11,95600,95842.56,5314.7209,1230728,2587.4465
2025-11-14 18:00:00+00:00,95842.57,96329.58,94201.77,94377.47,4495.7593,1132704,1912.8301
2025-11-14 21:00:00+00:00,94377.46,95482.74,94012.45,94594,3239.7807,819402,1499.4408
2025-11-15 00:00:00+00:00,94594,96484.5,94558.49,96482.77,2969.2582,871197,1569.1861
2025-11-15 03:00:00+00:00,96482.78,96846.68,95921.21,96342.18,2660.989,653442,1159.649
2025-11-15 06:00:00+00:00,96342.18,96570.65,95642.61,95910.88,2277.7877,558684,965.07202
2025-11-15 09:00:00+00:00,95910.87,96150.99,95630,95696.87,1348.9258,427917,551.63176
2025-11-15 12:00:00+00:00,95696.86,96471.22,95565.17,96254.25,1623.1904,466193,980.27428
2025-11-15 15:00:00+00:00,96254.26,96425.85,95731.32,96238.5,1664.1744,552264,716.00147
2025-11-15 18:00:00+00:00,96238.51,96349.86,95119.94,95277.52,1520.7604,340741,633.8566
2025-11-15 21:00:00+00:00,95277.51,95694.01,95125.29,95596.24,1045.8079,393120,540.11077
2025-11-16 00:00:00+00:00,95596.23,95969.98,94841.62,95963.88,1575.5602,594100,676.18923
2025-11-16 03:00:00+00:00,95963.89,96192,95630.22,95881.82,1062.5496,325169,478.53849
2025-11-16 06:00:00+00:00,95881.83,96238,95721.68,96116.94,916.00581,303424,445.85992
2025-11-16 09:00:00+00:00,96116.93,96635.11,95500,95627.13,2207.2744,489748,1058.634
2025-11-16 12:00:00+00:00,95627.13,95900,95117.48,95531.13,1506.5438,465236,761.76388
2025-11-16 15:00:00+00:00,95531.13,95555,93770.48,94357.67,5799.2674,1012399,2549.3698
2025-11-16 18:00:00+00:00,94357.66,95567.79,93775.81,94090,4849.5868,879263,2115.1114
2025-11-16 21:00:00+00:00,94090.01,94540,93005.55,94261.44,5972.6172,1072055,2743.1608
2025-11-17 00:00:00+00:00,94261.45,95487.8,93767.27,94976.18,3411.187,936437,1727.2404
2025-11-17 03:00:00+00:00,94976.17,95575.94,94849.37,95122.76,2909.9426,629911,1097.5225
2025-11-17 06:00:00+00:00,95122.77,96026.71,94900,95619.06,2725.4337,547734,1411.0088
2025-11-17 09:00:00+00:00,95619.07,95938.36,95309.68,95565.38,2333.4799,489792,1089.0987
2025-11-17 12:00:00+00:00,95565.38,96043,93571.3,94769.32,6218.5451,1268418,2795.2453
2025-11-17 15:00:00+00:00,94769.33,95018.86,92658.82,92767.49,6898.611,1804123,3420.8818
2025-11-17 18:00:00+00:00,92767.48,93224.35,91292,91920.59,9918.3046,1667582,4884.2958
2025-11-17 21:00:00+00:00,91914.01,92399.48,91220,92215.14,4803.0941,790325,2264.8991
2025-11-18 00:00:00+00:00,92215.14,92357.51,90687.42,90866.01,6041.1571,1436171,2680.725
2025-11-18 03:00:00+00:00,90866.01,90927.69,89253.78,90221.33,9531.7386,1744765,4126.6826
2025-11-18 06:00:00+00:00,90221.33,91440,89337.39,91220,6328.1986,1177402,3628.3186
2025-11-18 09:00:00+00:00,91219.99,91617.17,90889.93,91517.82,3551.6727,726781,2044.5093
2025-11-18 12:00:00+00:00,91517.83,92450.23,90905.7,91359.29,4295.2921,1030517,2146.1063
2025-11-18 15:00:00+00:00,91359.3,93836.01,91010,93256.92,6525.3302,1587322,3630.8759
2025-11-18 18:00:00+00:00,93256.92,93766,92657.25,92783.36,1733.272,684794,897.12222
2025-11-18 21:00:00+00:00,92783.36,93423.74,92462.72,92960.83,1828.4864,398841,976.61967
2025-11-19 00:00:00+00:00,92960.83,92980.22,91929.86,92569.12,2262.987,681577,1048.6034
2025-11-19 03:00:00+00:00,92569.12,92636,90025.06,90459.99,3738.0364,737946,1406.034
2025-11-19 06:00:00+00:00,90459.99,92028.92,90282.83,91470.44,3503.2008,638287,1836.1693
2025-11-19 09:00:00+00:00,91470.44,91782.04,91072.41,91410.22,1737.0315,426824,846.93637
2025-11-19 12:00:00+00:00,91410.23,91900,91037.5,91713.44,2721.7685,781124,1352.8872
2025-11-19 15:00:00+00:00,91713.45,92384.61,88889,89500.01,8358.9402,1615815,3832.1552
2025-11-19 18:00:00+00:00,89500,89744.51,88608,89516.91,5142.364,1107410,2289.5935
2025-11-19 21:00:00+00:00,89516.91,91594,89450.01,91554.96,4822.3092,833191,2447.7055
2025-11-20 00:00:00+00:00,91554.96,92798.14,91185.26,92592.84,3009.4763,661436,1604.3708
2025-11-20 03:00:00+00:00,92592.85,93160,92124,92616.2,2728.9007,519554,1457.2983
2025-11-20 06:00:00+00:00,92616.21,92851.06,91687.07,92128.22,2604.437,518205,1052.7463
2025-11-20 09:00:00+00:00,92128.22,92135.01,91440.55,91934,2578.9731,455719,1232.741
2025-11-20 12:00:00+00:00,91934.01,92541.92,90431.54,91103.19,4205.9682,1072541,1904.9744
2025-11-20 15:00:00+00:00,91103.19,91171.78,86395.47,87233.81,13723.739,2142054,5781.7408
2025-11-20 18:00:00+00:00,87233.8,87769.23,86100,86462.97,7304.6072,1594411,3694.8401
2025-11-20 21:00:00+00:00,86462.97,88250,86429.09,86637.23,3577.0889,877475,1555.1286
2025-11-21 00:00:00+00:00,86637.22,87498.94,85360,85444.93,4690.5223,1171056,1935.0397
2025-11-21 03:00:00+00:00,85444.93,86459.53,85404.05,86195.08,4009.4589,1034527,2181.0566
2025-11-21 06:00:00+00:00,86195.09,86255.02,82000,83643.45,16130.864,1582067,6614.7814
2025-11-21 09:00:00+00:00,83643.45,83988.4,81648,82309.66,11988.091,1691707,5765.4365
2025-11-21 12:00:00+00:00,82309.67,85496,80600,84850,18381.994,2569855,9035.3927
2025-11-21 15:00:00+00:00,84850.01,85572.82,82333,84877.07,9621.2202,2002884,4793.2792
2025-11-21 18:00:00+00:00,84877.06,85083.31,83304.87,84571.2,4360.7982,1113459,2088.9059
2025-11-21 21:00:00+00:00,84571.19,85416.66,84121.38,85129.43,3073.1779,660925,1657.9662
2025-11-22 00:00:00+00:00,85129.42,85620,84285.71,84528.99,2314.2249,798605,1009.0955
2025-11-22 03:00:00+00:00,84529,84611.35,83832.91,84280.92,1975.9761,655376,801.00588
2025-11-22 06:00:00+00:00,84280.92,84799.54,83935.95,84016.77,1430.4431,574163,717.64461
2025-11-22 09:00:00+00:00,84016.77,84343.91,83500,84098.94,2763.3483,685340,1152.3944
2025-11-22 12:00:00+00:00,84098.94,84755.83,83620.16,84494.4,2137.9969,653711,1144.4106
2025-11-22 15:00:00+00:00,84494.4,84899,84014.39,84554.2,1413.8456,561916,769.41414
2025-11-22 18:00:00+00:00,84554.2,84808.22,84244.51,84474.41,742.55199,349618,376.69987
2025-11-22 21:00:00+00:00,84474.41,85260,84237.7,84739.74,1415.5459,418864,718.12931
2025-11-23 00:00:00+00:00,84739.75,86349.84,84667.57,86000.34,3353.3196,799610,1880.3006
2025-11-23 03:00:00+00:00,86000.34,86860,85820.68,86358.28,2288.8809,655770,1239.119
2025-11-23 06:00:00+00:00,86358.27,86500,85420,86137.19,1829.4521,477753,811.55116
2025-11-23 09:00:00+00:00,86137.18,86465.24,85814.92,86331.28,1532.9159,410026,797.38862
2025-11-23 12:00:00+00:00,86331.28,87200,86271.1,86547.4,2712.1169,757383,1399.571
2025-11-23 15:00:00+00:00,86547.4,87500,86451.9,86746.51,2960.9569,680758,1587.3239
2025-11-23 18:00:00+00:00,86746.52,87694.68,86724.78,87483.36,2236.9704,576283,1282.8974
2025-11-23 21:00:00+00:00,87483.37,88127.64,86701.54,86830,2819.8516,705910,1408.3654
2025-11-24 00:00:00+00:00,86830,88059.44,85946.65,87518.22,3641.006,1013679,1850.5985
2025-11-24 03:00:00+00:00,87518.23,87837.57,86450,87468.29,2309.3652,719879,1145.1554
2025-11-24 06:00:00+00:00,87468.28,87518.06,86700,86961.51,2207.2093,641990,1161.5165
2025-11-24 09:00:00+00:00,86961.5,86961.5,85696.56,86264.72,2921.4294,578238,1131.3767
2025-11-24 12:00:00+00:00,86264.71,86660.01,85272,86171.14,3180.8453,760320,1493.7501
2025-11-24 15:00:00+00:00,86171.22,88550.68,85913.44,88369.91,4766.8261,1207939,2725.3245
2025-11-24 18:00:00+00:00,88369.91,89228,88115.16,89089.06,4041.2181,845219,2175.8038
2025-11-24 21:00:00+00:00,89089.06,89132,88252.5,88300.01,1595.2285,421892,755.34971
2025-11-25 00:00:00+00:00,88300.01,88300.01,87457.53,87909.4,2036.2616,581073,1001.4354
2025-11-25 03:00:00+00:00,87909.41,88519.99,87553.84,88120.82,1415.4151,383378,728.97153
2025-11-25 06:00:00+00:00,88120.83,88149.01,86993.2,87009.82,3117.4126,460174,1219.8566
2025-11-25 09:00:00+00:00,87009.82,87535.98,86666,87361.71,2372.0257,464525,1099.0826
2025-11-25 12:00:00+00:00,87361.71,87792.2,86116,86741.55,3670.5037,926611,1855.8741
2025-11-25 15:00:00+00:00,86741.55,88155.65,86200,87625.89,2824.8738,867102,1630.7319
2025-11-25 18:00:00+00:00,87625.9,87830,86182.49,87382.7,2348.644,652929,1081.4508
2025-11-25 21:00:00+00:00,87387.48,87889.38,86565.48,87369.96,1781.9046,502955,805.77697
2025-11-26 00:00:00+00:00,87369.97,88224,87338.05,87711.82,1501.0728,512750,832.12729
2025-11-26 03:00:00+00:00,87711.82,87892.82,86909.99,87519.53,1648.7365,346740,666.26578
2025-11-26 06:00:00+00:00,87519.54,87970,87409.78,87424.8,1266.3983,317276,549.72098
2025-11-26 09:00:00+00:00,87424.8,87453.47,86670.36,87095.79,1847.2487,330598,839.64882
2025-11-26 12:00:00+00:00,87095.78,87693.21,86306.77,86899.73,3013.0363,718081,1665.0806
2025-11-26 15:00:00+00:00,86899.72,89962.9,86664.23,89830.79,4903.9913,1077235,2626.8922
2025-11-26 18:00:00+00:00,89830.8,90418.39,89508.85,89866.82,5437.289,901386,2439.9641
2025-11-26 21:00:00+00:00,89866.83,90656.08,89815.35,90484.02,2058.0496,464214,1263.9109
2025-11-27 00:00:00+00:00,90484.01,91950,90089.91,91389.21,4928.7252,769150,3338.9159
2025-11-27 03:00:00+00:00,91389.73,91615.6,90889.11,90967.54,2048.8258,549321,971.93871
2025-11-27 06:00:00+00:00,90967.53,91520.24,90967.53,91492.02,1836.4248,379138,894.33688
2025-11-27 09:00:00+00:00,91492.01,91940.18,91307.69,91371.88,1727.6164,376420,778.20146
2025-11-27 12:00:00+00:00,91371.87,91457.36,90438.43,90789.68,2525.2722,553535,1042.3245
2025-11-27 15:00:00+00:00,90789.68,91635.79,90629.98,91479.3,1878.9935,602962,977.47508
2025-11-27 18:00:00+00:00,91479.3,91843.59,91347.21,91433.17,1056.1387,393312,494.19453
2025-11-27 21:00:00+00:00,91433.18,91600,91114.52,91333.95,831.51263,296334,400.97135
2025-11-28 00:00:00+00:00,91333.94,91417.99,90652.55,91083.08,1567.1172,437447,646.60311
2025-11-28 03:00:00+00:00,91083.08,91707.79,91000.88,91612.09,1094.2521,286875,594.00935
2025-11-28 06:00:00+00:00,91612.09,91717,90867.43,91690,2042.0721,368988,1067.1236
2025-11-28 09:00:00+00:00,91689.99,92030,91065.13,91437.64,2275.8564,458172,1391.9986
2025-11-28 12:00:00+00:00,91437.64,93092,91380.94,92250.01,3929.0995,848623,2193.8595
2025-11-28 15:00:00+00:00,92250,92796,90180.63,90663.98,5872.9739,1102265,2070.4639
2025-11-28 18:00:00+00:00,90661.57,91225.45,90421.88,91201.1,1334.0921,460830,716.74919
2025-11-28 21:00:00+00:00,91201.09,91247.16,90705.57,90890.7,715.39696,266554,280.83989
2025-11-29 00:00:00+00:00,90890.71,91119.99,90546.36,90798.89,737.04952,214869,285.46251
2025-11-29 03:00:00+00:00,90798.9,90931.56,90551.12,90747.16,599.62559,151523,325.47384
2025-11-29 06:00:00+00:00,90747.16,90832.57,90311.92,90629.67,1043.1222,265391,503.66698
2025-11-29 09:00:00+00:00,90629.67,90682.33,90376.37,90673.19,748.01846,185134,349.54532
2025-11-29 12:00:00+00:00,90673.2,90810.45,90530.93,90621.72,728.47382,170487,325.76977
2025-11-29 15:00:00+00:00,90621.73,91165.65,90421.21,90421.21,1475.9422,267271,623.296
2025-11-29 18:00:00+00:00,90421.21,91035.27,90155.47,90963.29,1472.2632,265418,720.68682
2025-11-29 21:00:00+00:00,90963.29,91051.87,90690.23,90802.44,625.38793,157767,225.14808
2025-11-30 00:00:00+00:00,90802.44,91055.5,90749.9,90795.51,696.46121,253846,375.67507
2025-11-30 03:00:00+00:00,90795.52,90970.36,90471,90783.75,664.03131,178726,326.03492
2025-11-30 06:00:00+00:00,90783.76,91438.99,90717.51,91184.45,1304.2188,250105,862.38832
2025-11-30 09:00:00+00:00,91184.45,91632,90998.34,91048.78,1516.0691,318908,874.11961
2025-11-30 12:00:00+00:00,91048.79,92000.01,91009,91499.99,2138.8889,370686,1119.6709
2025-11-30 15:00:00+00:00,91499.98,91850,91313.26,91488.19,1140.9852,245299,456.20466
2025-11-30 18:00:00+00:00,91488.2,91626.75,91159.42,91315.6,658.88002,183001,326.82654
2025-11-30 21:00:00+00:00,91315.59,91351.61,90336.9,90360,1568.2071,353459,662.04699
2025-12-01 00:00:00+00:00,90360.01,90417,86474.34,86722.29,8247.6941,1417559,3587.4211
2025-12-01 03:00:00+00:00,86722.3,86800,85604,86001.08,4614.3417,798053,1704.6326
2025-12-01 06:00:00+00:00,86001.08,86890.77,85974.66,86869.51,3272.8587,603572,1657.7838
2025-12-01 09:00:00+00:00,86869.5,86938.01,86131.01,86149.15,2057.7002,488809,743.37735
2025-12-01 12:00:00+00:00,86146.59,86674,84756,86067.9,4850.2116,1183782,2346.6061
2025-12-01 15:00:00+00:00,86067.9,86137.17,83822.76,84920.3,6343.9667,1533688,2925.1703
2025-12-01 18:00:00+00:00,84925.01,85833.01,84603.97,85518,2535.3506,977974,1245.1722
2025-12-01 21:00:00+00:00,85518.01,86860,85499.99,86286.01,2586.8888,706248,1314.1702
2025-12-02 00:00:00+00:00,86286.01,87350,86184.39,86554.47,2602.0251,799722,1264.4735
2025-12-02 03:00:00+00:00,86554.46,87288.48,86214.99,87008.2,1653.379,522483,921.09475
2025-12-02 06:00:00+00:00,87008.2,87179.22,86296.21,86471.89,1770.2333,400501,658.98819
2025-12-02 09:00:00+00:00,86471.88,87628.78,86450.6,87368.92,2314.4496,523274,1235.9502
2025-12-02 12:00:00+00:00,87368.92,89275.54,87032.75,89271.99,4928.8307,1008302,2516.4857
2025-12-02 15:00:00+00:00,89271.99,91990,89263.06,91458.4,7980.5325,1657136,3832.1006
2025-12-02 18:00:00+00:00,91458.4,92307.65,90720.87,91026.67,4356.6357,948434,1970.9573
2025-12-02 21:00:00+00:00,91026.66,92000,90965.02,91277.88,2604.1414,537447,1112.2893
2025-12-03 00:00:00+00:00,91277.88,93051.64,90990.23,92817.92,3710.6065,871373,2154.5867
2025-12-03 03:00:00+00:00,92817.93,93660,92597.26,93642.92,2985.9807,833083,1853.7218
2025-12-03 06:00:00+00:00,93642.92,93958.58,92682.1,92765.65,3183.2328,680997,1192.7685
2025-12-03 09:00:00+00:00,92765.64,93389.62,92666,93005.68,1861.8183,593145,927.43523
2025-12-03 12:00:00+00:00,93005.68,93700,91697,92357.54,4707.1387,1194484,2282.4639
2025-12-03 15:00:00+00:00,92357.54,93040,91786.99,92956.22,3814.1394,1171558,1635.9091
2025-12-03 18:00:00+00:00,92956.22,93500,92383.05,92980.43,2620.6463,720859,1406.0335
2025-12-03 21:00:00+00:00,92981.45,94150,92860,93429.95,2828.9631,667683,1540.2744
2025-12-04 00:00:00+00:00,93429.95,94070.7,92669.82,93943.24,3344.6755,855937,1484.567
2025-12-04 03:00:00+00:00,93943.24,94080,92775,92979.25,1820.2034,527259,553.08053
2025-12-04 06:00:00+00:00,92979.25,93600,92824.32,93260.63,2162.2113,510295,732.58984
2025-12-04 09:00:00+00:00,93260.64,93621.31,92736.9,92948.31,1505.1417,520565,718.30119
2025-12-04 12:00:00+00:00,92948.32,93200,91801,91894.01,2648.3301,830638,1087.2012
2025-12-04 15:00:00+00:00,91894,93257,91756.57,92426.76,3926.1629,1175796,1794.276
2025-12-04 18:00:00+00:00,92426.77,92550.86,90889,92476.25,3395.2069,1083462,1549.1756
2025-12-04 21:00:00+00:00,92476.25,92718.53,92076.66,92078.06,1002.0088,352097,393.50399
2025-12-05 00:00:00+00:00,92078.06,92692.36,92058.82,92518.4,1216.2506,396802,538.47705
2025-12-05 03:00:00+00:00,92518.4,92665.56,91813.37,91932.85,1282.3296,387248,499.88929
2025-12-05 06:00:00+00:00,91932.85,92497.51,91892.86,92112.04,1087.0192,333888,460.47005
2025-12-05 09:00:00+00:00,92112.04,92112.04,90956.25,91351.43,1984.5821,566769,805.6323
2025-12-05 12:00:00+00:00,91351.44,91432.69,89874.7,90287.67,3433.0435,924314,1428.0824
2025-12-05 15:00:00+00:00,90287.67,91478.67,88056,89336.13,6519.9748,1630882,3396.157
2025-12-05 18:00:00+00:00,89335.53,89800,88814.88,89301.75,2923.367,892268,1108.9593
2025-12-05 21:00:00+00:00,89301.75,89484,88901.6,89330.04,1346.4053,388181,484.47257
2025-12-06 00:00:00+00:00,89330.04,89500,89030.67,89390.9,746.20194,310485,307.9268
2025-12-06 03:00:00+00:00,89390.9,89806.43,89390.9,89604.98,1117.2596,342565,690.38382
2025-12-06 06:00:00+00:00,89604.97,89764.19,89217.59,89277.14,860.95793,262295,333.30676
2025-12-06 09:00:00+00:00,89277.14,89750.01,89264.74,89631.28,1080.8421,266671,575.15552
2025-12-06 12:00:00+00:00,89631.29,90289.97,89566,90004.76,1576.8891,327840,812.4278
2025-12-06 15:00:00+00:00,90004.76,90042.54,89490.98,89712.85,1090.4532,395572,556.35437
2025-12-06 18:00:00+00:00,89712.85,89787.99,89077.6,89548.88,1003.9261,271946,424.46131
2025-12-06 21:00:00+00:00,89548.88,89615.34,88908.01,89236.79,932.97024,304847,341.71196
2025-12-07 00:00:00+00:00,89236.8,89695.65,89176.52,89621.96,556.85215,245530,332.40777
2025-12-07 03:00:00+00:00,89621.95,89799.96,89427,89515.01,566.28192,165809,254.03594
2025-12-07 06:00:00+00:00,89515.01,89733.33,89190.97,89316.61,501.47293,206204,247.2454
2025-12-07 09:00:00+00:00,89316.61,89395.65,89050.01,89149.18,613.54235,216205,270.25155
2025-12-07 12:00:00+00:00,89149.18,89585.12,87719.28,88220.53,2674.6244,664146,1225.6154
2025-12-07 15:00:00+00:00,88220.53,91271.77,88169.08,90945.17,3836.0968,1063211,1994.66
2025-12-07 18:00:00+00:00,90945.18,91760,90945.17,91439.04,1431.4557,486092,766.752
2025-12-07 21:00:00+00:00,91439.05,91439.05,88995.33,90395.31,2840.7856,905874,1279.5988
2025-12-08 00:00:00+00:00,90395.32,91700,89860,91364.18,2057.8138,774436,1103.3878
2025-12-08 03:00:00+00:00,91364.18,91470.58,90988.91,91334.03,951.35687,427843,435.68211
2025-12-08 06:00:00+00:00,91334.04,91938.67,91241.27,91833.9,1430.6545,409666,568.75129
2025-12-08 09:00:00+00:00,91833.89,92287.15,91792.38,91968.29,1559.3218,457542,781.45084
2025-12-08 12:00:00+00:00,91968.29,92122.08,90790,90852.56,3185.6162,927344,1206.8317
2025-12-08 15:00:00+00:00,90852.57,90998.95,89612,90257.98,3725.3697,1247227,1820.0456
2025-12-08 18:00:00+00:00,90257.98,90917.23,89724.72,90799.92,1467.0779,774926,708.77803
2025-12-08 21:00:00+00:00,90799.92,91374,90490.76,90634.34,1416.4281,439747,671.81591
2025-12-09 00:00:00+00:00,90634.35,90846.26,89966,90068.2,1138.2101,522436,557.32142
2025-12-09 03:00:00+00:00,90068.21,90500,89500,89899.35,2356.3751,469823,1049.1596
2025-12-09 06:00:00+00:00,89899.35,90600,89775.67,90498.72,1128.7234,364246,541.21685
2025-12-09 09:00:00+00:00,90498.72,90498.72,89912.48,90384.55,1162.2063,453144,555.08759
2025-12-09 12:00:00+00:00,90384.54,90850,90004.73,90357.59,1755.3696,708217,800.05189
2025-12-09 15:00:00+00:00,90357.6,94588.99,90288.1,93917.99,9026.2605,1871005,4898.0593
2025-12-09 18:00:00+00:00,93918,94225,92767.71,93116.76,2537.6236,927813,1138.3521
2025-12-09 21:00:00+00:00,93116.76,93243.12,92254.92,92678.8,2135.6614,623539,978.51082
2025-12-10 00:00:00+00:00,92678.81,92786.35,91976,92495.68,1739.6052,475475,811.32668
2025-12-10 03:00:00+00:00,92495.89,92725,92348.66,92556.28,941.98684,309837,511.59271
2025-12-10 06:00:00+00:00,92556.28,92790,92396.24,92605,1001.1131,297613,447.85901
2025-12-10 09:00:00+00:00,92604.99,93291.5,91763.69,92120.45,2301.2039,670847,920.9482
2025-12-10 12:00:00+00:00,92120.45,92226,91600.81,91831.24,1783.5976,628164,761.23556
2025-12-10 15:00:00+00:00,91831.24,92595.11,91563.15,92396.23,2123.5714,883471,952.29389
2025-12-10 18:00:00+00:00,92396.23,94476,91684.39,92453.89,7190.4369,2023868,3783.0649
2025-12-10 21:00:00+00:00,92453.89,92777.34,91878,92015.37,1917.1659,736432,1009.0102
2025-12-11 00:00:00+00:00,92015.38,92080.32,89876.81,90074,2985.5785,968980,1343.1811
2025-12-11 03:00:00+00:00,90073.99,90480.14,89389.63,90316.72,2443.6109,678444,1211.3162
2025-12-11 06:00:00+00:00,90316.72,90450.97,89971.11,90183.71,1409.2434,374192,576.64775
2025-12-11 09:00:00+00:00,90183.71,90504.19,90123.01,90242.35,992.00395,286504,462.83117
2025-12-11 12:00:00+00:00,90242.36,90482.01,89260.63,89545.24,2358.9407,696961,985.78902
2025-12-11 15:00:00+00:00,89545.23,90653.33,89333,89983.23,2695.2883,1213203,1169.9289
2025-12-11 18:00:00+00:00,89983.23,91831.2,89891.87,91792.99,2918.7142,1053601,1419.2244
2025-12-11 21:00:00+00:00,91792.98,93555,91706.06,92513.38,4169.2076,978553,1981.9794
2025-12-12 00:00:00+00:00,92513.38,92748.98,91448.31,92588.79,1865.2901,652500,892.28226
2025-12-12 03:00:00+00:00,92588.79,92754,92078.91,92444.42,1122.8592,341495,520.51706
2025-12-12 06:00:00+00:00,92444.41,92720,92044.8,92342.39,1296.9747,315120,558.98514
2025-12-12 09:00:00+00:00,92342.38,92650.01,92094,92418.19,997.79667,292489,486.55518
2025-12-12 12:00:00+00:00,92418.19,92660.74,91903.34,92444,2054.2018,568643,1102.5964
2025-12-12 15:00:00+00:00,92444,92445.94,89480,90083.09,6768.2801,1690304,3210.8376
2025-12-12 18:00:00+00:00,90083.09,90666,89898.61,90214.08,1900.9503,887584,902.70492
2025-12-12 21:00:00+00:00,90214.08,90404.13,90100,90268.42,672.83878,208584,312.20418
2025-12-13 00:00:00+00:00,90268.43,90444.28,90120,90232.77,514.48873,137668,178.84296
2025-12-13 03:00:00+00:00,90232.77,90469.71,90205.52,90342.91,358.03456,115577,172.58603
2025-12-13 06:00:00+00:00,90342.92,90575.28,90270.65,90458.19,554.01026,146462,267.54816
2025-12-13 09:00:00+00:00,90458.2,90634.55,90290,90330.36,1199.6382,160736,453.14239
2025-12-13 12:00:00+00:00,90330.36,90470.3,89932.99,90079.7,1436.7311,277032,395.79726
2025-12-13 15:00:00+00:00,90079.71,90289.6,89981,90052.61,889.5902,189898,358.5055
2025-12-13 18:00:00+00:00,90052.61,90224.8,90037.57,90088.31,363.13383,101318,139.67998
2025-12-13 21:00:00+00:00,90088.31,90280.76,89766.39,90240.01,580.08106,235063,271.88242
2025-12-14 00:00:00+00:00,90240,90472.4,90117.05,90290.17,584.45044,177631,267.36114
2025-12-14 03:00:00+00:00,90290.18,90329.24,90050.74,90199.06,413.04189,115176,168.75019
2025-12-14 06:00:00+00:00,90199.06,90280.01,90072.97,90108.28,519.36442,121380,139.68735
2025-12-14 09:00:00+00:00,90108.28,90151.02,88687.27,89360,1920.0484,532184,727.00042
2025-12-14 12:00:00+00:00,89360.01,89666,88884.26,89118.04,1389.2015,519645,675.64862
2025-12-14 15:00:00+00:00,89118.04,89398.71,88531.34,88810.67,1472.0213,514657,728.95086
2025-12-14 18:00:00+00:00,88810.67,89073.18,88356.9,88558.97,1138.8798,438017,532.14417
2025-12-14 21:00:00+00:00,88558.97,88714.66,87577.36,88172.17,1979.9324,697059,766.1656
2025-12-15 00:00:00+00:00,88172.16,90052.64,88074.37,89321.85,2378.9619,840742,1212.9469
2025-12-15 03:00:00+00:00,89321.85,89786.89,89225.91,89615.24,951.04211,375137,383.18625
2025-12-15 06:00:00+00:00,89615.25,89918.48,89476.98,89770.01,936.61775,310712,453.58041
2025-12-15 09:00:00+00:00,89770,89986.68,89572.05,89641.28,1274.3667,351652,692.21694
2025-12-15 12:00:00+00:00,89641.28,89876.42,87840,88050.01,2595.3664,855966,1159.2983
2025-12-15 15:00:00+00:00,88050,88184.28,85599.99,85762.87,6463.268,2147495,3112.735
2025-12-15 18:00:00+00:00,85762.86,86560.4,85146.64,85787.04,3311.5664,1313478,1684.3294
2025-12-15 21:00:00+00:00,85787.04,86472.7,85530.01,86432.08,1867.5027,551985,894.11751
2025-12-16 00:00:00+00:00,86432.08,86535.22,85651.92,85944.01,1575.8115,614938,755.42385
2025-12-16 03:00:00+00:00,85944.01,86200,85266,86028.11,1664.3888,527391,774.8742
2025-12-16 06:00:00+00:00,86028.12,86615.38,85850,86281.18,1892.2705,431837,851.68406
2025-12-16 09:00:00+00:00,86281.17,87330,86201.1,87261.45,1990.7003,540289,1023.1796
2025-12-16 12:00:00+00:00,87261.46,87786.88,86107.43,87297.99,4805.7383,1445120,2160.5494
2025-12-16 15:00:00+00:00,87298,88175.98,86839.35,87131.99,4004.4894,1554833,2202.5708
2025-12-16 18:00:00+00:00,87132,88019.88,87061.23,87573.23,1796.3792,706710,923.03818
2025-12-16 21:00:00+00:00,87573.22,87931.48,87496.05,87863.42,726.27223,278574,374.65742
2025-12-17 00:00:00+00:00,87863.43,87950,87188.37,87483.04,913.89464,401517,379.22892
2025-12-17 03:00:00+00:00,87483.04,87615.27,86209.11,86626.39,1278.845,408002,549.35362
2025-12-17 06:00:00+00:00,86626.4,87169.37,86326.8,86395.66,1538.597,424880,692.41045
2025-12-17 09:00:00+00:00,86395.67,87137.42,86238.91,86983.26,1224.3583,467929,663.63795
2025-12-17 12:00:00+00:00,86983.26,89685.17,86817.27,89675.85,4031.6683,1061817,2077.0803
2025-12-17 15:00:00+00:00,89675.85,90365.85,86166.66,86427.12,7126.6238,2062958,3246.3725
2025-12-17 18:00:00+00:00,86427.12,86850.64,85314,85891.18,2728.6611,907105,1208.0786
2025-12-17 21:00:00+00:00,85890.36,86431.14,85700,86243.22,991.46914,324430,461.116
2025-12-18 00:00:00+00:00,86243.23,86863.75,85863.93,86699.64,1091.5938,479110,558.50706
2025-12-18 03:00:00+00:00,86699.64,86901.4,86270.59,86440.9,1409.5003,343609,627.28379
2025-12-18 06:00:00+00:00,86440.9,87126.22,86411.62,86978.98,1465.1852,365214,655.62172
2025-12-18 09:00:00+00:00,86978.98,87453.63,86803.06,87300.74,1195.7407,350104,652.5071
2025-12-18 12:00:00+00:00,87300.5,89477.61,87109.76,88345.2,5455.2037,1507204,2557.7977
2025-12-18 15:00:00+00:00,88345.19,89362.79,85481.22,86483.56,5606.9858,1929867,2580.2128
2025-12-18 18:00:00+00:00,86483.56,86889.04,84450.01,84582.65,7473.5822,1465635,4071.593
2025-12-18 21:00:00+00:00,84582.64,85835.9,84559.21,85516.41,1707.6258,506204,965.01509
2025-12-19 00:00:00+00:00,85516.41,85929.06,85110.24,85643.44,1230.7887,565179,562.606
2025-12-19 03:00:00+00:00,85643.44,87568.99,85610.47,87139.95,3569.7054,1096536,1937.5332
2025-12-19 06:00:00+00:00,87139.95,88449.06,86907.8,88102.78,2784.278,714331,1590.0404
2025-12-19 09:00:00+00:00,88102.78,88385.06,87898.36,88198.7,1238.3141,442150,635.23729
2025-12-19 12:00:00+00:00,88198.7,88552.17,87514.59,88180.01,3452.6263,961497,1578.7073
2025-12-19 15:00:00+00:00,88180,89399.97,86873.14,86943.25,5333.1246,1530468,2563.2216
2025-12-19 18:00:00+00:00,86943.26,88416,86846.16,88099.6,2758.5373,837962,1488.302
2025-12-19 21:00:00+00:00,88099.59,88426.85,87800,88136.94,889.2757,334130,524.49677
2025-12-20 00:00:00+00:00,88136.95,88311.87,87961.6,88204.04,840.38871,187362,501.48858
2025-12-20 03:00:00+00:00,88204.03,88573.07,88123.07,88295.31,648.57499,145405,333.48873
2025-12-20 06:00:00+00:00,88295.31,88444.54,88189.67,88257.21,483.49449,149418,204.31368
2025-12-20 09:00:00+00:00,88257.21,88339.05,88107.35,88277.66,631.58391,127872,245.30246
2025-12-20 12:00:00+00:00,88277.66,88343.73,87795.76,88260.88,961.66851,226234,418.97243
2025-12-20 15:00:00+00:00,88260.89,88267.1,88025.96,88181.8,640.52469,125798,279.63915
2025-12-20 18:00:00+00:00,88181.8,88418.73,88151.97,88271.6,416.09685,92147,216.305
2025-12-20 21:00:00+00:00,88271.6,88443.44,88154.06,88360.9,500.79979,120190,256.8606
2025-12-21 00:00:00+00:00,88360.91,88433.64,87869.35,87943.76,806.58788,157230,434.53269
2025-12-21 03:00:00+00:00,87943.76,88150.01,87934.48,88138.95,432.90183,113996,212.78637
2025-12-21 06:00:00+00:00,88138.95,88767.2,88054.61,88537.87,634.16837,163092,336.09179
2025-12-21 09:00:00+00:00,88537.88,89081.77,88500.3,88601.57,1013.148,324015,528.08759
2025-12-21 12:00:00+00:00,88601.57,88920.01,87600.04,88065.18,1838.9999,576729,786.36083
2025-12-21 15:00:00+00:00,88065.19,88494.97,87813,88324.14,1094.2199,253389,488.73229
2025-12-21 18:00:00+00:00,88324.14,88600,87950,88230.96,641.53879,196575,316.36597
2025-12-21 21:00:00+00:00,88230.97,88823.52,88091.96,88658.86,671.30785,245640,347.43644
2025-12-22 00:00:00+00:00,88658.87,89627.24,87900,88458.27,2342.6924,800939,1212.5133
2025-12-22 03:00:00+00:00,88458.27,89034.44,88283.4,88831.34,854.25835,359138,402.17075
2025-12-22 06:00:00+00:00,88831.34,89908.71,88730.07,89334.2,1635.472,426862,795.49343
2025-12-22 09:00:00+00:00,89334.21,90118,89301,89945.43,1701.1625,384868,806.32059
2025-12-22 12:00:00+00:00,89945.43,90588.23,89440.5,90126.43,2744.0285,840296,1453.6878
2025-12-22 15:00:00+00:00,90126.44,90454.74,89092.09,89308.92,2441.5117,1043176,1072.2804
2025-12-22 18:00:00+00:00,89308.91,89523.23,87911.79,88351.03,1911.1807,679758,965.38779
2025-12-22 21:00:00+00:00,88351.03,88833.33,88150,88620.79,1042.9135,312710,561.7603
2025-12-23 00:00:00+00:00,88620.79,88940,88091.21,88206.8,1091.8494,385304,558.89134
2025-12-23 03:00:00+00:00,88206.8,88368.1,87614.79,87765.01,1205.7506,409946,521.40258
2025-12-23 06:00:00+00:00,87765.01,87780,87051.52,87477.15,1552.3589,491568,745.80424
2025-12-23 09:00:00+00:00,87477.14,87890,87297.69,87856.65,1084.5552,291304,563.52535
2025-12-23 12:00:00+00:00,87856.66,87963.03,86601.9,86874,2368.2645,748203,946.02307
2025-12-23 15:00:00+00:00,86873.99,88275.4,86720,87180.01,2959.1054,1006140,1370.9519
2025-12-23 18:00:00+00:00,87180,88372.35,87162.39,87691.5,2109.0179,670216,1014.1111
2025-12-23 21:00:00+00:00,87691.51,87856.37,87180,87486,1539.4273,462399,661.05784
2025-12-24 00:00:00+00:00,87486,87839.66,86940.76,87134.39,1295.0481,409052,634.30265
2025-12-24 03:00:00+00:00,87134.39,87458.54,86796.65,86957.9,937.28174,310084,496.28448
2025-12-24 06:00:00+00:00,86957.89,87184.57,86769.32,86795.56,1031.2891,257853,572.67384
2025-12-24 09:00:00+00:00,86795.56,87359.59,86724.05,87203.94,873.27742,232651,475.68126
2025-12-24 12:00:00+00:00,87203.94,87478.59,86420,86994.7,1618.1936,498451,710.07163
2025-12-24 15:00:00+00:00,86994.7,87670,86580,87322.77,1953.9649,779112,989.32971
2025-12-24 18:00:00+00:00,87322.77,87679.05,87233.93,87556.2,661.24866,197447,279.0656
2025-12-24 21:00:00+00:00,87556.21,88049.89,87556.2,87669.45,770.53973,192589,385.86414
2025-12-25 00:00:00+00:00,87669.44,87967.5,87508.52,87892.66,507.65551,190138,252.0127
2025-12-25 03:00:00+00:00,87892.66,87925.08,87661.17,87750.55,449.7814,130259,197.7672
2025-12-25 06:00:00+00:00,87750.56,87888,87351.96,87584.65,725.30004,186842,369.56693
2025-12-25 09:00:00+00:00,87584.65,87603.78,87251.6,87519.44,742.56169,198407,406.33092
2025-12-25 12:00:00+00:00,87519.45,87759.33,87398.78,87718.21,796.02572,211337,388.30567
2025-12-25 15:00:00+00:00,87718.22,88592.74,87714,88139.08,1875.1946,470899,793.42815
2025-12-25 18:00:00+00:00,88139.07,88314.37,87650,87892.69,589.40928,182762,246.6389
2025-12-25 21:00:00+00:00,87892.69,87982.98,86934.72,87225.27,1410.6541,421528,736.90661
2025-12-26 00:00:00+00:00,87225.27,89440,86891.7,89199.99,3629.522,897305,2017.9459
2025-12-26 03:00:00+00:00,89200,89289.99,88516.73,88996.58,2177.5658,492619,1306.9906
2025-12-26 06:00:00+00:00,88996.58,89567.75,88347.45,88742.28,2761.8743,515387,1316.9091
2025-12-26 09:00:00+00:00,88742.28,88918.59,88532,88533.42,800.46517,266197,345.43424
2025-12-26 12:00:00+00:00,88533.43,89050,87345.88,87380.43,2427.9437,643414,993.82081
2025-12-26 15:00:00+00:00,87380.44,87463.77,86655.08,87331.91,4676.2069,1170054,1972.3716
2025-12-26 18:00:00+00:00,87331.91,87792.7,87117.11,87585.77,1044.0233,331012,543.08452
2025-12-26 21:00:00+00:00,87585.76,87697.81,87321.4,87369.56,827.01385,193494,350.24946
2025-12-27 00:00:00+00:00,87369.56,87492.66,87253.05,87446.02,501.29637,113089,208.8027
2025-12-27 03:00:00+00:00,87446.01,87532,87386.97,87506,387.30514,74104,164.99404
2025-12-27 06:00:00+00:00,87506.01,87702,87417.93,87593,415.86215,122730,220.81274
2025-12-27 09:00:00+00:00,87593.01,87665.62,87370.73,87475.98,963.99466,164088,459.93758
2025-12-27 12:00:00+00:00,87475.99,87544.91,87308.05,87544.9,597.64639,123490,182.35705
2025-12-27 15:00:00+00:00,87544.89,87589.99,87442.08,87562.58,433.68739,111395,209.25122
2025-12-27 18:00:00+00:00,87562.57,87635.77,87463.76,87555.92,397.96773,73530,221.02014
2025-12-27 21:00:00+00:00,87555.92,87984,87499.99,87877.01,771.79173,175110,398.54858
2025-12-28 00:00:00+00:00,87877,87961.37,87705.97,87810.78,463.37129,144624,216.04505
2025-12-28 03:00:00+00:00,87810.79,87845.45,87614.79,87657.93,475.69696,114785,217.62107
2025-12-28 06:00:00+00:00,87657.94,87972.95,87647.42,87805,347.77817,108766,192.42664
2025-12-28 09:00:00+00:00,87805,88010,87720,87883.25,587.51409,150825,305.42617
2025-12-28 12:00:00+00:00,87883.25,88088.75,87794.86,87910,551.99053,141064,278.05979
2025-12-28 15:00:00+00:00,87910,88006,87740,87760,542.04735,148187,245.72877
2025-12-28 18:00:00+00:00,87760.01,87768.79,87446.73,87514.76,753.39021,200283,364.32713
2025-12-28 21:00:00+00:00,87514.75,88049.53,87435,87952.71,724.50425,232892,411.11754
2025-12-29 00:00:00+00:00,87952.71,89383.74,87813.17,89163.25,2931.7393,779048,1527.0599
2025-12-29 03:00:00+00:00,89163.25,90406.08,89101.79,89984,3855.5606,630401,1869.5629
2025-12-29 06:00:00+00:00,89984,90121.21,89444.47,89555.1,2465.4182,406298,1198.4921
2025-12-29 09:00:00+00:00,89555.1,89618.22,87567.65,87567.66,3618.0959,728323,1888.7727
2025-12-29 12:00:00+00:00,87567.65,88190.71,86806.5,87429.96,3188.1936,873138,1540.0247
2025-12-29 15:00:00+00:00,87429.97,87918.69,87222.41,87849.99,1685.3339,719144,995.01721
2025-12-29 18:00:00+00:00,87850,87996.22,87085.8,87212.01,1427.9669,471631,690.46478
2025-12-29 21:00:00+00:00,87212.01,87404.29,87071.49,87237.13,722.67736,185606,369.70675
2025-12-30 00:00:00+00:00,87237.13,87359.4,86986.82,87111,941.37818,309585,368.3661
2025-12-30 03:00:00+00:00,87110.99,87492.66,86845.66,87255.97,1012.1341,269439,514.42377
2025-12-30 06:00:00+00:00,87255.98,88224.76,87241.91,87872.68,1671.346,366622,919.74024
2025-12-30 09:00:00+00:00,87872.68,88179.38,87657.44,87903.89,1441.5536,308886,671.84979
2025-12-30 12:00:00+00:00,87903.89,89010.12,87834.01,88875.83,2571.4942,656206,1426.8477
2025-12-30 15:00:00+00:00,88875.82,89400,88129.91,88371.34,3443.5142,1015974,1552.9544
2025-12-30 18:00:00+00:00,88371.34,88493.62,87886.46,87947.15,1219.773,389511,646.48823
2025-12-30 21:00:00+00:00,87947.15,88573.65,87891.15,88485.49,804.71681,225953,460.89058
2025-12-31 00:00:00+00:00,88485.5,88784,88172.15,88673.6,857.93888,299599,473.07168
2025-12-31 03:00:00+00:00,88673.61,88819.8,88325.06,88463.09,728.78832,197164,301.81951
2025-12-31 06:00:00+00:00,88463.1,88733.33,88393.52,88434.65,795.43321,155357,344.70702
2025-12-31 09:00:00+00:00,88434.66,89046.6,88434.65,89011.52,1396.8996,256478,609.86189
2025-12-31 12:00:00+00:00,89011.51,89200,88278.35,88479.99,1980.4637,502236,834.5227
2025-12-31 15:00:00+00:00,88479.99,88487.68,87400.41,87620.82,3160.4587,902327,1558.2333
2025-12-31 18:00:00+00:00,87620.82,87980,87250,87662.01,1827.4043,425378,889.94231
2025-12-31 21:00:00+00:00,87662.01,87879.04,87619.67,87648.22,811.2337,158857,419.87567
2026-01-01 00:00:00+00:00,87648.21,88088.1,87632.74,87914,684.66058,168443,399.89782
2026-01-01 03:00:00+00:00,87914,88015.7,87550.43,87704.39,908.43691,188890,405.23267
2026-01-01 06:00:00+00:00,87704.39,87811.13,87596,87770.9,634.38893,110518,331.86291
2026-01-01 09:00:00+00:00,87770.89,88024.64,87751.82,88024.64,534.60748,119945,210.43212
2026-01-01 12:00:00+00:00,88024.64,88036.42,87810.66,87967.05,745.8797,168722,363.6659
2026-01-01 15:00:00+00:00,87967.05,88500,87879.03,88316.37,926.09264,278861,495.25261
2026-01-01 18:00:00+00:00,88316.38,88431.23,88062.32,88258.12,609.64996,178095,262.47425
2026-01-01 21:00:00+00:00,88258.12,88919.45,88254.08,88839.04,1235.8551,235807,654.82708
2026-01-02 00:00:00+00:00,88839.05,88890.09,88379.88,88637.03,944.92483,268619,466.11935
2026-01-02 03:00:00+00:00,88637.02,89120.01,88573.64,88765.2,1181.5175,338465,662.04617
2026-01-02 06:00:00+00:00,88765.21,89200,88715.44,89178.13,1115.7179,260004,517.22749
2026-01-02 09:00:00+00:00,89178.13,89942.44,89106.34,89502.95,2897.7845,499095,1353.2853
2026-01-02 12:00:00+00:00,89502.94,90135,88459.96,89580,3022.3244,814233,1534.033
2026-01-02 15:00:00+00:00,89580.01,90961.81,88800,90370.52,5374.2299,1841432,2804.0389
2026-01-02 18:00:00+00:00,90370.52,90555.99,89552.18,89740,1870.8326,737691,994.55179
2026-01-02 21:00:00+00:00,89740.01,90400,89728.37,89995.13,989.64129,250672,598.05245
2026-01-03 00:00:00+00:00,89995.14,90418.32,89966.48,90340,840.49145,217146,509.49329
2026-01-03 03:00:00+00:00,90340.01,90480.62,89924.48,90031.1,819.51231,183332,410.52582
2026-01-03 06:00:00+00:00,90031.1,90134.6,89314.01,89670.51,1601.7764,374208,740.60238
2026-01-03 09:00:00+00:00,89670.51,89982.11,89634.95,89752.74,842.9399,202637,498.95787
2026-01-03 12:00:00+00:00,89752.75,90249.99,89664.93,90126.02,959.77914,217318,555.42853
2026-01-03 15:00:00+00:00,90126.02,90219.67,89918.59,90093.99,439.50985,167466,207.44601
2026-01-03 18:00:00+00:00,90094,90372.4,90017.23,90372.39,410.9624,110070,230.32131
2026-01-03 21:00:00+00:00,90372.4,90741.16,90318.29,90628.01,1142.4957,212037,638.94562
2026-01-04 00:00:00+00:00,90628.01,91610.17,90628,91124,2391.1949,527313,1249.1477
2026-01-04 03:00:00+00:00,91124,91587.72,91080.06,91480.04,958.37722,214033,583.42443
2026-01-04 06:00:00+00:00,91480.04,91810,91174.46,91374.99,1824.3344,344488,822.28143
2026-01-04 09:00:00+00:00,91374.99,91620.5,91236.19,91300,1975.4509,293275,979.78386
2026-01-04 12:00:00+00:00,91300.01,91419.22,91014.1,91336.39,999.33733,237667,520.69588
2026-01-04 15:00:00+00:00,91336.39,91455.9,91096.27,91335.73,780.53747,210220,378.56082
2026-01-04 18:00:00+00:00,91335.72,91349.38,90863.47,91313.94,824.49493,204480,399.46907
2026-01-04 21:00:00+00:00,91313.93,91590,91150.47,91529.73,672.80258,175561,387.63066
2026-01-05 00:00:00+00:00,91529.74,93388,91514.81,93033.11,4953.0623,759868,2899.9832
2026-01-05 03:00:00+00:00,93033.11,93204.7,92330.46,92359.99,1584.8769,277724,780.72719
2026-01-05 06:00:00+00:00,92359.99,92774.28,92155,92467.53,1452.7577,301423,585.37384
2026-01-05 09:00:00+00:00,92467.54,93151,92320.17,93134.26,1894.9209,436943,934.42872
2026-01-05 12:00:00+00:00,93134.25,93666,92407.13,93428,2294.8972,896179,1162.5474
2026-01-05 15:00:00+00:00,93428,94477.69,93170.95,94317.84,4382.3099,1428376,2382.5865
2026-01-05 18:00:00+00:00,94317.84,94789.08,93920,94177.99,2870.3113,906925,1524.9895
2026-01-05 21:00:00+00:00,94178,94406,93800,93859.71,1240.4596,478051,622.33311
2026-01-06 00:00:00+00:00,93859.71,94161.86,93529.18,93620.6,1242.6037,491839,527.27596
2026-01-06 03:00:00+00:00,93620.6,94000,93572.11,93599.99,923.819,316162,371.68608
2026-01-06 06:00:00+00:00,93599.99,93951.07,93137.98,93240.17,1754.6602,389938,782.44859
2026-01-06 09:00:00+00:00,93240.18,93895,93229.37,93840,1004.5047,287870,582.96472
2026-01-06 12:00:00+00:00,93839.99,94444.44,93531.28,93836.81,2330.23,750511,1177.8132
2026-01-06 15:00:00+00:00,93836.81,94311.22,91539.68,91589.24,5410.6305,1404732,2038.7829
2026-01-06 18:00:00+00:00,91589.23,92698.04,91262.94,92505.32,2936.6386,700483,1181.8832
2026-01-06 21:00:00+00:00,92505.31,93845.03,92372.4,93747.97,2943.3315,677151,1445.967
2026-01-07 00:00:00+00:00,93747.97,93747.97,92236.07,92949.77,2378.7673,675019,968.67843
2026-01-07 03:00:00+00:00,92949.77,93108.69,92500,92529.54,841.14041,293671,386.77372
2026-01-07 06:00:00+00:00,92529.53,92961.53,92523.75,92718.9,760.38729,233307,400.16073
2026-01-07 09:00:00+00:00,92718.9,92718.91,91600,92087.21,2338.2913,479126,1060.4557
2026-01-07 12:00:00+00:00,92087.21,92299.4,91353.39,91959.04,2188.5982,684028,1113.4309
2026-01-07 15:00:00+00:00,91959.05,92000,91024,91252.14,2660.6289,1004436,1275.223
2026-01-07 18:00:00+00:00,91252.13,91441.35,90675.52,91047.49,1866.7004,625498,821.23621
2026-01-07 21:00:00+00:00,91047.49,91489.6,90873.08,91364.16,1241.9765,345167,688.91087
2026-01-08 00:00:00+00:00,91364.16,91687.99,90764,90956.49,1247.05,404893,598.47755
2026-01-08 03:00:00+00:00,90956.5,91188,90616.36,90829.58,1200.9694,382998,542.18481
2026-01-08 06:00:00+00:00,90829.58,90917.22,89641.84,90227.25,3296.5798,743027,1463.4905
2026-01-08 09:00:00+00:00,90227.25,90493.18,89777.25,90226.77,1589.2999,547777,764.91074
2026-01-08 12:00:00+00:00,90226.77,90240.85,89311,90024.01,2956.1831,814481,1621.8879
2026-01-08 15:00:00+00:00,90024,91440,89820.89,91366.39,3157.9623,1133292,1753.4026
2026-01-08 18:00:00+00:00,91366.39,91469,90568.11,90927.62,1403.2355,553875,670.16515
2026-01-08 21:00:00+00:00,90927.63,91493,90917.7,91099.99,1281.5112,343129,777.55644
2026-01-09 00:00:00+00:00,91100,91632.1,90850,91038.38,1156.0738,380842,606.71822
2026-01-09 03:00:00+00:00,91038.39,91271.73,90882.71,91091.82,1032.3721,243234,541.96213
2026-01-09 06:00:00+00:00,91091.82,91146.47,89694.66,90033.52,2020.8619,433055,723.11565
2026-01-09 09:00:00+00:00,90033.52,90691.32,90014.6,90463.11,1444.8405,326156,902.07794
2026-01-09 12:00:00+00:00,90463.12,90938.62,89940,90150,2253.2316,721606,1219.0956
2026-01-09 15:00:00+00:00,90150.01,92082.55,89850,91422.23,5273.4966,1225014,3203.4651
2026-01-09 18:00:00+00:00,91422.23,91507.82,90190,90303.36,1443.0395,609177,648.54526
2026-01-09 21:00:00+00:00,90303.37,90732.01,90113.87,90641.28,966.36337,216619,667.45276
2026-01-10 00:00:00+00:00,90641.27,90782.23,90527.99,90697.17,404.09936,107796,177.18433
2026-01-10 03:00:00+00:00,90697.17,90697.18,90408.23,90603.52,374.17437,96290,164.35922
2026-01-10 06:00:00+00:00,90603.52,90773.33,90474.35,90661.95,530.68237,111143,333.79197
2026-01-10 09:00:00+00:00,90661.94,90832,90630.09,90723.86,359.05638,103334,204.61989
2026-01-10 12:00:00+00:00,90723.87,90788.78,90538.46,90591.01,321.9665,93674,137.50309
2026-01-10 15:00:00+00:00,90591.01,90746,90544.96,90544.96,388.18263,84723,186.96698
2026-01-10 18:00:00+00:00,90544.96,90659.03,90504.55,90572.86,333.86254,59318,169.99284
2026-01-10 21:00:00+00:00,90572.86,90600,90404,90504.7,392.09307,110079,177.55551
2026-01-11 00:00:00+00:00,90504.7,90731.9,90451.1,90699,320.90035,98215,172.13751
2026-01-11 03:00:00+00:00,90699,90850,90631.64,90774.43,412.90236,78241,243.64461
2026-01-11 06:00:00+00:00,90774.42,90816,90585.34,90790.01,538.62218,106155,249.5308
2026-01-11 09:00:00+00:00,90790.01,90815.44,90675.6,90754.99,432.67509,87526,217.26074
2026-01-11 12:00:00+00:00,90754.99,91191.5,90720.21,91127.16,647.88209,143758,399.36413
2026-01-11 15:00:00+00:00,91127.17,91283.89,90708.25,90986.68,1120.2507,259772,584.95504
2026-01-11 18:00:00+00:00,90986.68,90986.69,90370.85,90708.26,834.6202,183466,406.781
2026-01-11 21:00:00+00:00,90708.25,91041.79,90236,91013.65,1169.2829,324896,594.68785
2026-01-12 00:00:00+00:00,91013.66,92384.4,90700.29,92203.56,2817.4771,770452,1523.4387
2026-01-12 03:00:00+00:00,92203.56,92519.95,91741.82,92111.86,1894.9197,346321,1037.3367
2026-01-12 06:00:00+00:00,92111.87,92207.01,90388.89,90752.27,2079.2492,496450,852.06843
2026-01-12 09:00:00+00:00,90752.28,90942.85,90370,90620.96,1462.1987,294936,811.76713
2026-01-12 12:00:00+00:00,90620.95,91131.39,90128.44,90908.95,1872.5966,499141,877.63466
2026-01-12 15:00:00+00:00,90908.95,92332,90705.91,91522.83,3818.0226,1034545,1880.1307
2026-01-12 18:00:00+00:00,91522.83,92046.23,91411.79,91484.86,1217.4321,382995,608.25803
2026-01-12 21:00:00+00:00,91484.87,91502.37,90938.2,91296.2,1026.1867,274669,501.90851
2026-01-13 00:00:00+00:00,91296.2,91546.08,91042.66,91118.3,1048.7125,256845,432.80832
2026-01-13 03:00:00+00:00,91118.3,92255.94,91118.29,91920.99,1527.3393,317209,834.40354
2026-01-13 06:00:00+00:00,91921,92275.38,91806.19,92165.9,1834.0519,271777,954.41643
2026-01-13 09:00:00+00:00,92165.89,92672.11,91950,92000.74,2016.2277,398563,1122.1508
2026-01-13 12:00:00+00:00,92000.73,92915.12,91787.61,92462.03,2906.9608,685911,1543.1302
2026-01-13 15:00:00+00:00,92462.03,93760,92132.66,93241.99,4146.1914,1173634,2111.8023
2026-01-13 18:00:00+00:00,93241.99,94500,93198.09,94408.7,3640.699,988298,2169.7851
2026-01-13 21:00:00+00:00,94408.7,96495,94062,95414,5901.3323,932834,3236.7338
2026-01-14 00:00:00+00:00,95413.99,95647.91,95116.03,95347.46,2000.459,538376,983.13771
2026-01-14 03:00:00+00:00,95347.47,95799.22,94972,95005,1511.4301,360837,755.80917
2026-01-14 06:00:00+00:00,95005.01,95315.15,94559.28,94900.01,2124.0774,411445,880.09099
2026-01-14 09:00:00+00:00,94900.01,95291.98,94737.95,94792.99,1375.6025,383416,676.81248
2026-01-14 12:00:00+00:00,94793,96827,94680.67,96493.15,3226.9346,792465,1799.054
2026-01-14 15:00:00+00:00,96493.14,97777,96188.25,96956.07,7270.9623,1500901,4164.6997
2026-01-14 18:00:00+00:00,96956.07,97924.49,96246.56,97655.28,3371.695,948777,1861.0923
2026-01-14 21:00:00+00:00,97655.27,97717.72,96772.02,96951.78,1970.7335,409995,854.29199
2026-01-15 00:00:00+00:00,96951.78,97000,96095.8,96339.91,2030.0941,423242,945.35515
2026-01-15 03:00:00+00:00,96339.92,96510.57,95777,96429.71,1695.051,372211,812.98717
2026-01-15 06:00:00+00:00,96429.71,96760.15,96172.41,96643,1913.3238,414063,927.76228
2026-01-15 09:00:00+00:00,96643.01,97193.34,96559.19,96581.08,2032.8495,350764,1069.4142
2026-01-15 12:00:00+00:00,96581.07,97165.03,95592.69,96063.43,2458.6275,681021,1147.7314
2026-01-15 15:00:00+00:00,96063.43,97163,95435.91,96636.35,6730.7714,1223804,4273.7664
2026-01-15 18:00:00+00:00,96636.35,96650.51,95134.48,95260.67,4022.0428,757099,1243.274
2026-01-15 21:00:00+00:00,95260.68,95871,95196,95604.8,843.05347,270891,421.03704
2026-01-16 00:00:00+00:00,95604.81,95855.12,95393.9,95504.4,992.98776,304357,459.05452
2026-01-16 03:00:00+00:00,95504.4,95676.73,95133.03,95660.37,1661.8271,277682,627.85986
2026-01-16 06:00:00+00:00,95660.38,95871.47,95489.6,95676,1441.9948,231777,732.36474
2026-01-16 09:00:00+00:00,95676.01,95788.17,95261.43,95429.09,1019.6454,195700,368.55916
2026-01-16 12:00:00+00:00,95429.09,95809.08,95192.35,95192.36,1192.4679,420755,588.35069
2026-01-16 15:00:00+00:00,95192.36,95663.15,94293.46,95076.08,3146.1807,900586,1441.1132
2026-01-16 18:00:00+00:00,95076.09,95561.5,94682,95553.6,944.95452,382798,438.81634
2026-01-16 21:00:00+00:00,95553.61,95600,95260.64,95550.94,767.65638,257904,398.95099
2026-01-17 00:00:00+00:00,95550.94,95578.2,95200,95371.35,388.52896,121992,155.24268
2026-01-17 03:00:00+00:00,95371.36,95384.87,95260.64,95323.67,367.93704,79970,191.11979
2026-01-17 06:00:00+00:00,95323.68,95347.89,95021.67,95247.51,487.54682,143954,238.94693
2026-01-17 09:00:00+00:00,95247.51,95323.86,95073.57,95323.86,450.33956,113207,254.48018
2026-01-17 12:00:00+00:00,95323.85,95544.07,95198.81,95471.18,703.02572,150843,350.82517
2026-01-17 15:00:00+00:00,95471.17,95639.45,95212.25,95357.24,1219.8457,204694,583.36206
2026-01-17 18:00:00+00:00,95357.23,95465.98,95290.7,95378.18,229.87311,67575,114.94406
2026-01-17 21:00:00+00:00,95378.19,95412.86,95050,95147.77,433.70448,138292,170.93196
2026-01-18 00:00:00+00:00,95147.77,95250,94876.33,95022.01,571.20841,180144,216.0672
2026-01-18 03:00:00+00:00,95022.01,95260,95022.01,95188.55,417.15766,108704,246.22855
2026-01-18 06:00:00+00:00,95188.54,95199.62,95021.44,95183.93,562.92369,96273,251.26942
2026-01-18 09:00:00+00:00,95183.93,95295.39,95061.65,95168.06,835.04342,128684,398.80893
2026-01-18 12:00:00+00:00,95168.06,95376.24,94910,94955.79,981.5738,175657,397.79659
2026-01-18 15:00:00+00:00,94955.78,95280.24,94915.21,95274.36,449.51238,153957,263.63823
2026-01-18 18:00:00+00:00,95274.35,95521.71,95180.9,95304.01,745.45761,182228,446.33656
2026-01-18 21:00:00+00:00,95304.01,95531.12,93615.4,93673.14,2332.3012,463138,887.21056
2026-01-19 00:00:00+00:00,93673.14,93673.14,91910.2,92566.8,5585.1406,1094997,2750.7683
2026-01-19 03:00:00+00:00,92566.8,92811.11,92500,92511.77,1420.3883,256825,791.30348
2026-01-19 06:00:00+00:00,92511.77,93368.44,92385.07,93259.09,1713.8294,344580,989.4203
2026-01-19 09:00:00+00:00,93259.09,93317.29,92900,93191.96,1043.4075,255768,430.77526
2026-01-19 12:00:00+00:00,93191.96,93226.44,92700,92812.43,1331.6222,351788,541.72186
2026-01-19 15:00:00+00:00,92812.43,93420,92812.43,93242.99,1204.8066,361726,583.3791
2026-01-19 18:00:00+00:00,93242.99,93274.82,92930,93141.94,594.06723,212953,263.71602
2026-01-19 21:00:00+00:00,93141.95,93342.36,92158.48,92631,1402.2656,480429,555.7581
2026-01-20 00:00:00+00:00,92630.99,92870,92370.25,92552.16,931.07076,400954,444.81591
2026-01-20 03:00:00+00:00,92552.15,92650,91294.11,91624.18,2239.2539,518467,956.93037
2026-01-20 06:00:00+00:00,91624.19,91625.31,90693,91116,3821.7458,963715,1746.381
2026-01-20 09:00:00+00:00,91116,91442.88,90899,91218.99,1170.3337,385557,560.28362
2026-01-20 12:00:00+00:00,91218.99,91371.11,90272.53,90531.15,3060.7749,847241,1214.3788
2026-01-20 15:00:00+00:00,90531.15,90974.49,89431.1,89775.46,4425.6489,1320337,1932.9317
2026-01-20 18:00:00+00:00,89775.47,89958,89292.48,89733.99,2401.663,885689,1144.3001
2026-01-20 21:00:00+00:00,89734,89829.11,87895.98,88427.66,3956.8351,742071,1629.1748
2026-01-21 00:00:00+00:00,88427.66,89381.86,88250,89048.57,2439.993,527057,1353.1281
2026-01-21 03:00:00+00:00,89048.56,90120.44,89046,89950.04,1395.4292,310066,771.70917
2026-01-21 06:00:00+00:00,89950.03,89950.04,89000,89197.35,1917.8868,417989,1026.9009
2026-01-21 09:00:00+00:00,89197.36,89493.46,88700,88789.99,1287.7992,388141,618.71906
2026-01-21 12:00:00+00:00,88789.99,89993.88,88196.72,89805.43,3609.9408,1181445,1746.1309
2026-01-21 15:00:00+00:00,89805.43,90574,87263.53,87932.38,4968.262,1824165,2138.1896
2026-01-21 18:00:00+00:00,87932.37,90450,87585.05,90214.01,3630.5357,1391063,1981.0079
2026-01-21 21:00:00+00:00,90214.02,90377,89344.98,89454.73,1367.6571,379127,629.42734
2026-01-22 00:00:00+00:00,89454.73,90359.99,89454.72,89938.3,1172.108,420178,742.54797
2026-01-22 03:00:00+00:00,89938.3,90166.67,89702.84,90026.3,918.31592,266436,477.55079
2026-01-22 06:00:00+00:00,90026.3,90215.79,89760,89920.16,926.56746,258943,431.88229
2026-01-22 09:00:00+00:00,89920.16,90150,89883.8,89941.26,884.39692,257717,441.69749
2026-01-22 12:00:00+00:00,89941.26,90340,89039.78,89088.59,2183.4398,640668,1110.9203
2026-01-22 15:00:00+00:00,89088.6,89616.04,88515.37,89550.01,2686.2041,1137117,1336.253
2026-01-22 18:00:00+00:00,89550,89946.13,89114.48,89409.72,1285.847,498985,634.90116
2026-01-22 21:00:00+00:00,89409.73,89669.21,89140.13,89559.67,768.62569,263368,353.79468
2026-01-23 00:00:00+00:00,89559.68,89979.97,89450.48,89663.48,883.05678,303774,460.82039
2026-01-23 03:00:00+00:00,89663.47,90088.94,89473.99,89616.03,1052.8942,295262,480.36897
2026-01-23 06:00:00+00:00,89616.04,89799.36,89133.35,89221.46,1482.1,496254,710.38106
2026-01-23 09:00:00+00:00,89221.46,89388.71,88860.44,89202.48,1448.4954,416343,679.87595
2026-01-23 12:00:00+00:00,89202.47,89733.71,88663.65,89017.85,1758.249,583280,858.02725
2026-01-23 15:00:00+00:00,89017.85,91224.99,88578.36,90600,3692.0076,1296087,1959.6182
2026-01-23 18:00:00+00:00,90600,91039.75,89200.68,89503.68,2735.1798,939958,1320.0447
2026-01-23 21:00:00+00:00,89503.67,89752.45,89317,89600.26,866.50639,288949,442.0401
2026-01-24 00:00:00+00:00,89600.26,89722.57,89424.39,89702.85,392.61883,150347,191.07324
2026-01-24 03:00:00+00:00,89702.85,89957.39,89670.88,89775.2,648.37191,153597,316.35399
2026-01-24 06:00:00+00:00,89775.2,89784.88,89572.81,89660.88,865.22384,99106,317.45271
2026-01-24 09:00:00+00:00,89660.88,89676.26,89577.97,89595.4,323.3049,76777,128.70225
2026-01-24 12:00:00+00:00,89595.41,89595.41,89171.75,89450.03,682.44399,133003,289.40704
2026-01-24 15:00:00+00:00,89450.03,89492.14,89162.08,89406.5,704.67554,161788,311.58664
2026-01-24 18:00:00+00:00,89406.5,89461.4,89276.58,89380.01,236.31615,69374,102.468
2026-01-24 21:00:00+00:00,89380,89489.84,89215.59,89225.34,373.61221,115862,178.92552
2026-01-25 00:00:00+00:00,89225.34,89319.13,89102.58,89139.04,476.98149,131187,181.39804
2026-01-25 03:00:00+00:00,89139.04,89176.72,88838.72,88990.9,1027.6554,183480,351.51149
2026-01-25 06:00:00+00:00,88990.89,88990.9,88136,88300.01,1272.1573,283476,441.32869
2026-01-25 09:00:00+00:00,88300,88710,88238.5,88570.17,814.8335,221247,512.4212
2026-01-25 12:00:00+00:00,88570.17,88971.89,88450,88710.1,900.73428,274615,510.09996
2026-01-25 15:00:00+00:00,88710.1,88760.35,87560,87892.17,2716.7546,733662,1158.4405
2026-01-25 18:00:00+00:00,87892.16,87983.29,86194.85,86654.61,4572.1543,1123217,1963.6331
2026-01-25 21:00:00+00:00,86654.6,87013.79,86074.72,86670.36,2644.9493,769294,1150.4436
2026-01-26 00:00:00+00:00,86670.36,87973.11,86509.63,87563.38,2921.9114,845161,1624.1866
2026-01-26 03:00:00+00:00,87563.39,87956.27,87062.76,87826.01,2958.278,480603,2089.2115
2026-01-26 06:00:00+00:00,87826.01,88424.45,87701.72,87975.39,2474.5869,525687,1160.308
2026-01-26 09:00:00+00:00,87975.39,88000,87600.69,87855,1029.824,276409,463.98224
2026-01-26 12:00:00+00:00,87855.01,88508.41,87450.08,88178.1,2667.98,624005,1285.8132
2026-01-26 15:00:00+00:00,88178.09,88860,87035.51,87700.62,3036.7342,1211740,1435.1855
2026-01-26 18:00:00+00:00,87700.61,88537.95,87542.05,87629.22,1495.7677,526907,729.48472
2026-01-26 21:00:00+00:00,87629.23,88659.09,87573.35,88347.08,1181.4324,307571,640.77037
2026-01-27 00:00:00+00:00,88347.08,88858.96,88194.82,88831.6,1122.9748,272230,571.90569
2026-01-27 03:00:00+00:00,88831.59,89010,88399.99,88456.3,1341.41,295673,734.36384
2026-01-27 06:00:00+00:00,88456.31,88555.14,88120.04,88170.82,939.13157,234954,430.14639
2026-01-27 09:00:00+00:00,88170.83,88170.83,87743.52,87992.74,1156.6796,255362,504.17848
2026-01-27 12:00:00+00:00,87992.74,88474.23,87659.23,87745.02,1660.9779,500843,874.51577
2026-01-27 15:00:00+00:00,87745.02,88819.89,87304.33,87546.58,3151.547,1157485,1526.2535
2026-01-27 18:00:00+00:00,87546.58,89497.19,87450,89396.16,2359.8952,730081,1352.7449
2026-01-27 21:00:00+00:00,89396.03,89523.16,89008.75,89250,1392.7881,340708,728.76083
2026-01-28 00:00:00+00:00,89249.99,89497.96,89100.01,89285.77,740.52537,272981,340.46896
2026-01-28 03:00:00+00:00,89285.78,89311.87,88840,89084.1,992.77886,265169,416.83575
2026-01-28 06:00:00+00:00,89084.1,89400,88833.65,88925.47,1226.4596,295158,466.60155
2026-01-28 09:00:00+00:00,88925.47,90156.72,88849.99,90080,2271.6196,485272,1227.849
2026-01-28 12:00:00+00:00,90079.99,90488,89460.01,89617.27,3430.003,813614,1767.1162
2026-01-28 15:00:00+00:00,89617.27,90600,88904.61,90169.88,2667.0732,958764,1429.4637
2026-01-28 18:00:00+00:00,90169.89,90178.91,89006.36,89130.63,2232.8409,940009,1002.2592
2026-01-28 21:00:00+00:00,89130.63,89490.24,88878.01,89299.99,770.88455,354824,364.84908
2026-01-29 00:00:00+00:00,89300,89348,87704,87907.06,2153.3755,666728,820.61198
2026-01-29 03:00:00+00:00,87907.05,88408.08,87771.3,88186.54,1435.3917,339083,819.76654
2026-01-29 06:00:00+00:00,88186.53,88500,87907.8,88064.16,1634.9264,288806,747.00477
2026-01-29 09:00:00+00:00,88064.16,88160,87750.01,87846.5,1475.3684,242080,680.66833
2026-01-29 12:00:00+00:00,87846.5,88182.29,87008,87014.4,1865.5975,424438,821.64991
2026-01-29 15:00:00+00:00,87014.4,87039.51,84012.78,84261.66,14971.395,2082007,5249.2743
2026-01-29 18:00:00+00:00,84261.66,84630.55,83383.33,84216.91,5147.5233,1170939,2380.4285
2026-01-29 21:00:00+00:00,84216.91,84737.69,84200,84650.16,1747.8046,384668,866.18472
2026-01-30 00:00:00+00:00,84650.16,84735.75,81118,82164.88,10774.454,1588881,4184.2414
2026-01-30 03:00:00+00:00,82164.88,83332.2,82036.35,82914.19,3436.2546,645943,1608.3432
2026-01-30 06:00:00+00:00,82914.2,83100,82056.08,82671.7,3783.5752,727506,2167.483
2026-01-30 09:00:00+00:00,82671.7,83314.85,82160,83151.36,2295.3337,673854,1302.6425
2026-01-30 12:00:00+00:00,83151.36,83797.99,82421.64,83098,3238.9892,1009978,1740.8783
2026-01-30 15:00:00+00:00,83098,83616.46,82382.01,82943.23,3563.532,1783689,1720.1955
2026-01-30 18:00:00+00:00,82943.23,84621.16,81871.37,83906.34,6456.2453,2047176,3185.1176
2026-01-30 21:00:00+00:00,83906.34,84523.11,83790.44,84260.49,1647.4641,521802,840.69624
2026-01-31 00:00:00+00:00,84260.5,84270.02,83815.02,84130.01,1370.5964,313194,631.48858
2026-01-31 03:00:00+00:00,84130.01,84232,83903.7,84000.01,820.63675,219230,486.45682
2026-01-31 06:00:00+00:00,84000.01,84050.51,82560.75,83074.07,2028.9275,502710,802.49489
2026-01-31 09:00:00+00:00,83074.08,83300,82851.97,83020,1265.9135,405756,659.44252
2026-01-31 12:00:00+00:00,83020,83140,80825.76,81479.99,5243.6753,1077237,2127.8364
2026-01-31 15:00:00+00:00,81480,82200,78159.9,78893.92,13350.987,2038654,6091.186
2026-01-31 18:00:00+00:00,78893.92,79143.64,75719.9,77999.03,11625.286,1829428,5028.3552
2026-01-31 21:00:00+00:00,77999.02,79240,77372.69,78741.09,3785.8691,998767,2132.3531
2026-02-01 00:00:00+00:00,78741.1,79424,78284,78900.01,3664.0715,1098578,1760.4537
2026-02-01 03:00:00+00:00,78900.01,79119.3,78527.13,78620.91,1780.095,551164,943.32544
2026-02-01 06:00:00+00:00,78620.9,78863,77967.69,78604.02,1945.0934,714907,878.20055
2026-02-01 09:00:00+00:00,78604.02,79220.72,78148.1,78743.56,1882.5845,720791,950.36297
2026-02-01 12:00:00+00:00,78743.57,78768.68,77236.68,78211.12,2761.7524,1028911,1250.5064
2026-02-01 15:00:00+00:00,78211.12,78254.2,76761.98,77745.32,3680.2743,1482889,1653.5991
2026-02-01 18:00:00+00:00,77745.33,78443.1,76606,77103.04,2374.853,958569,1120.4277
2026-02-01 21:00:00+00:00,77103.04,77779.63,75700,76968.21,7306.7575,1446097,3474.8681
2026-02-02 00:00:00+00:00,76968.22,78231.26,76449.84,76491.17,4604.3644,1636684,2489.599
2026-02-02 03:00:00+00:00,76491.18,76621.28,74604,75502.1,11559.997,2072620,5059.7322
2026-02-02 06:00:00+00:00,75502.1,77191.15,74957.51,76881.28,6275.9473,1500186,3295.2499
2026-02-02 09:00:00+00:00,76881.28,77970.62,76652,77759.99,4229.3631,996407,2525.1677
2026-02-02 12:00:00+00:00,77760,78885,77626.44,77844.79,4284.8098,1281687,2288.0267
2026-02-02 15:00:00+00:00,77844.78,79360,77564.62,78988.64,6632.7681,1513618,3516.6378
2026-02-02 18:00:00+00:00,78988.65,78988.65,77888,78008.59,2969.8633,687334,1455.6284
2026-02-02 21:00:00+00:00,78008.59,78962.78,77922,78738.61,1716.4772,397042,850.40947
2026-02-03 00:00:00+00:00,78738.6,79186.81,77800,77808.01,2944.2411,824676,1344.6343
2026-02-03 03:00:00+00:00,77808.02,78999.99,77644.09,78240.45,2369.0383,748487,1159.7311
2026-02-03 06:00:00+00:00,78240.45,79084.29,77950,78747.96,2426.4223,711868,1263.7285
2026-02-03 09:00:00+00:00,78747.96,78841.35,77950,78079.5,1954.6494,713184,953.95195
2026-02-03 12:00:00+00:00,78079.5,78458.89,77156.24,77201.22,3474.5341,1054989,1673.3804
2026-02-03 15:00:00+00:00,77201.21,78196.83,74882.28,74915.79,8478.856,2065439,3669.9401
2026-02-03 18:00:00+00:00,74915.79,76721.25,72945.5,76475.52,14552.735,2331232,6014.4281
2026-02-03 21:00:00+00:00,76475.53,76960,75406.79,75770.21,2919.633,749570,1225.0881
2026-02-04 00:00:00+00:00,75770.21,76798.12,75467.22,75963.35,2536.7472,852248,1103.144
2026-02-04 03:00:00+00:00,75963.35,76971.52,75906.05,76279.99,2671.0611,621988,1139.1854
2026-02-04 06:00:00+00:00,76280,76780,76068.69,76587.26,1939.1201,588329,893.45961
2026-02-04 09:00:00+00:00,76587.26,76607.69,75666,76017.25,2176.4661,666229,952.25543
2026-02-04 12:00:00+00:00,76017.25,76260.85,74256,74359.53,5308.4443,1432450,2394.5243
2026-02-04 15:00:00+00:00,74359.53,75328.28,72169,72576.08,12498.935,3247052,5539.7086
2026-02-04 18:00:00+00:00,72576.08,74144,72273.68,73516.3,6142.4061,1936767,3089.5301
2026-02-04 21:00:00+00:00,73516.3,73680,71888,73165.83,5102.1797,1378939,2162.5482
2026-02-05 00:00:00+00:00,73165.84,73341.18,71305.55,71454.44,5807.5762,1885042,2759.2796
2026-02-05 03:00:00+00:00,71454.44,71884.47,70140,70732.72,11145.364,2136410,4696.5596
2026-02-05 06:00:00+00:00,70732.73,71622.82,70434.05,71054.99,6447.5619,1057504,3219.6784
2026-02-05 09:00:00+00:00,71054.99,71978.58,69922,70318.35,7567.6816,1140188,3665.6734
2026-02-05 12:00:00+00:00,70318.35,70872.04,69163,69404.76,11378.282,1785986,5449.8079
2026-02-05 15:00:00+00:00,69404.75,69616.29,66152,66181.69,25824.583,2810735,12432.734
2026-02-05 18:00:00+00:00,66181.68,66637.46,62345,63775.67,22579.197,2406419,9605.2626
2026-02-05 21:00:00+00:00,63775.66,64908,62690.9,62909.86,15548.583,2141726,7213.6542
2026-02-06 00:00:00+00:00,62909.87,66010,60000,64990.1,26222.786,3133474,13035.131
2026-02-06 03:00:00+00:00,64990.11,66826.5,63770.17,66408.11,8513.7364,1484251,4351.5135
2026-02-06 06:00:00+00:00,66408.11,66800,64500,64895.05,9852.1931,1468970,5286.2607
2026-02-06 09:00:00+00:00,64895.04,66755.13,64764.7,66631.32,7248.8964,1064902,4118.719
2026-02-06 12:00:00+00:00,66631.32,68647.45,66114.49,68194.89,11554.014,2061259,5865.17
2026-02-06 15:00:00+00:00,68194.9,71500,67772,70753.53,18169.96,2138517,11044.096
2026-02-06 18:00:00+00:00,70753.53,70996.77,69340.91,70000.13,7009.4965,1202164,3667.7073
2026-02-06 21:00:00+00:00,70000.14,71751.33,69837.35,70580.26,3968.1317,674991,2108.9138
2026-02-07 00:00:00+00:00,70580.26,70680.54,69718,70361.37,3770.1442,896324,1798.7051
2026-02-07 03:00:00+00:00,70361.36,71690.07,69800,70161.5,4632.5713,937370,2216.7165
2026-02-07 06:00:00+00:00,70161.51,70310,67300,68495.01,12341.822,1578163,4706.3952
2026-02-07 09:00:00+00:00,68495.01,68763.28,67582.48,67972.65,5903.5732,739913,1880.9868
2026-02-07 12:00:00+00:00,67972.65,69999.99,67901.89,68645.99,6615.7617,1168837,2836.8785
2026-02-07 15:00:00+00:00,68646,69898,68531.5,69188.81,7703.4997,1189992,3467.7766
2026-02-07 18:00:00+00:00,69188.81,69728.83,69009.09,69631.18,1796.1041,354072,1051.153
2026-02-07 21:00:00+00:00,69631.18,69727.86,68787.34,69289.38,1492.004,302756,807.61061
2026-02-08 00:00:00+00:00,69289.37,69696.57,68888,69370.7,1568.7267,497258,793.34286
2026-02-08 03:00:00+00:00,69370.69,69443.9,68952.01,69220.52,1234.1075,337355,545.834
2026-02-08 06:00:00+00:00,69220.53,70796.99,69090,70665.59,3977.3254,637089,2700.3877
2026-02-08 09:00:00+00:00,70665.59,71220,69890.52,70999.98,3433.7363,784439,1773.4982
2026-02-08 12:00:00+00:00,70999.99,71554.95,70707.39,71262.19,2744.4733,654140,1548.0195
2026-02-08 15:00:00+00:00,71262.18,71465.93,70251.33,70785.99,2524.6325,714573,1148.9019
2026-02-08 18:00:00+00:00,70786,71538.05,70700.03,70835.17,1913.4274,508849,934.81921
2026-02-08 21:00:00+00:00,70835.17,72271.41,70000,70330.38,4024.1026,736746,1990.9491
2026-02-09 00:00:00+00:00,70330.38,71000,70068.18,70629.99,2855.4313,960316,1458.0256
2026-02-09 03:00:00+00:00,70629.99,71453.53,70614.07,71044.51,2383.3836,580891,1207.6447
2026-02-09 06:00:00+00:00,71044.51,71044.52,69393.97,69873.99,3308.2604,775203,1450.94
2026-02-09 09:00:00+00:00,69873.45,70116,68420.58,68928.72,4513.7422,980318,2049.6001
2026-02-09 12:00:00+00:00,68928.71,69755.59,68308,69272,4555.5557,1174123,2319.3827
2026-02-09 15:00:00+00:00,69271.99,71000,68780,70612.29,6249.438,1092490,3152.6515
2026-02-09 18:00:00+00:00,70612.29,71126,70088.88,70738.71,3246.9338,713801,1450.968
2026-02-09 21:00:00+00:00,70738.71,70807.75,69823.52,70138,2039.9834,367627,765.42245
2026-02-10 00:00:00+00:00,70138,70527.59,69743.8,70102.89,1557.8306,428342,740.48348
2026-02-10 03:00:00+00:00,70102.9,70166.22,69208.61,69447.64,1967.1494,485546,745.08342
2026-02-10 06:00:00+00:00,69447.63,69499.9,68682,69142,2808.1705,535500,1197.1903
2026-02-10 09:00:00+00:00,69141.99,69417.7,68459.89,68535.01,2859.4288,410632,1200.0065
2026-02-10 12:00:00+00:00,68535.02,69591.2,67800,68460.4,4166.725,852256,2170.4947
2026-02-10 15:00:00+00:00,68460.4,69993.65,68300.9,69925.31,3970.2539,1069523,2016.3139
2026-02-10 18:00:00+00:00,69925.31,69943.44,68604.63,68753.7,2129.5396,540318,784.13263
2026-02-10 21:00:00+00:00,68753.69,69005.45,68362,68841.29,914.67304,236541,383.50568
2026-02-11 00:00:00+00:00,68841.28,69292.88,68603.4,68677.33,1139.5215,411930,529.04633
2026-02-11 03:00:00+00:00,68677.34,68751.91,67368,67404.28,2817.9831,721909,1162.7187
2026-02-11 06:00:00+00:00,67404.28,67491.84,66557.99,66981.07,4007.5408,774605,1986.4691
2026-02-11 09:00:00+00:00,66981.08,67110.77,66369.49,67053.03,3042.3025,627636,1401.4424
2026-02-11 12:00:00+00:00,67053.03,68834.34,66435.62,66584.6,6352.259,1392482,3371.9313
2026-02-11 15:00:00+00:00,66584.61,67250,65756,66518.26,5652.9946,1592250,2760.5958
2026-02-11 18:00:00+00:00,66518.26,67860.44,66150.66,67555.98,2662.4727,849019,1527.1505
2026-02-11 21:00:00+00:00,67555.98,68369.77,66787.7,67082.52,3043.172,586746,1596.156
2026-02-12 00:00:00+00:00,67082.52,68047.48,67055.53,67439.14,1685.1892,604726,811.80609
2026-02-12 03:00:00+00:00,67439.14,67682.69,66670.45,67141.93,1688.0838,592673,748.10569
2026-02-12 06:00:00+00:00,67141.92,67355.93,66891.6,67141.15,2221.3256,589758,1206.8676
2026-02-12 09:00:00+00:00,67141.15,68299,67050,68076.01,2885.0299,666288,1680.1526
2026-02-12 12:00:00+00:00,68076.01,68410.52,67493.78,67577.02,3221.3398,951347,1612.6512
2026-02-12 15:00:00+00:00,67577.02,68000,65374.56,65413.99,6896.5783,1883545,3332.3994
2026-02-12 18:00:00+00:00,65414,66117.51,65118,65428.56,3533.9727,1007060,1671.4736
2026-02-12 21:00:00+00:00,65428.24,66488.9,65428.24,66272.17,2140.2235,482883,1038.2688
2026-02-13 00:00:00+00:00,66272.17,66759.61,65872.46,66663.08,2013.4288,666731,1052.441
2026-02-13 03:00:00+00:00,66663.08,66814,66175.79,66175.79,1516.364,468235,653.12496
2026-02-13 06:00:00+00:00,66175.79,66747.38,66002.98,66699.96,2085.0458,531827,941.08184
2026-02-13 09:00:00+00:00,66699.96,67226.66,66612.86,67171.42,1598.5582,656620,920.2497
2026-02-13 12:00:00+00:00,67171.41,68028.45,66867.47,67733.51,3753.4637,1327969,1856.3214
2026-02-13 15:00:00+00:00,67733.51,69482.97,67692,69047.99,5830.0709,1843596,3204.5789
2026-02-13 18:00:00+00:00,69048,69411.44,68683.32,68777.12,2178.9672,672448,1219.576
2026-02-13 21:00:00+00:00,68777.13,69079.4,68726.4,68853.96,1268.6508,283416,577.87506
2026-02-14 00:00:00+00:00,68853.97,69137.5,68768.56,68884.21,1053.5363,285082,548.03883
2026-02-14 03:00:00+00:00,68884.21,69027.14,68760,68773.42,1036.4399,204251,576.28112
2026-02-14 06:00:00+00:00,68773.41,69870.99,68730.13,69746.2,2738.131,492726,1608.4183
2026-02-14 09:00:00+00:00,69746.2,70560.01,69566.78,70505.74,2183.1737,549332,1268.525
2026-02-14 12:00:00+00:00,70505.74,70533.67,69064.6,69701.66,6351.968,935441,1795.8858
2026-02-14 15:00:00+00:00,69701.66,70048.39,69283.02,69739.38,2444.2062,678625,863.12734
2026-02-14 18:00:00+00:00,69739.38,70028.59,69619.52,70023.09,1036.8624,328850,636.54425
2026-02-14 21:00:00+00:00,70023.1,70250.46,69668.05,69822.95,1270.4664,328856,561.11353
2026-02-15 00:00:00+00:00,69822.94,69902.7,69341.27,69480.01,1067.6976,344741,432.66411
2026-02-15 03:00:00+00:00,69480,70518.57,69251.5,70267.61,3512.8697,589341,1497.4986
2026-02-15 06:00:00+00:00,70267.6,70983,70182.31,70446.52,2829.8965,671494,1714.4488
2026-02-15 09:00:00+00:00,70446.52,70668,70208.16,70295.22,1174.8759,408974,453.27509
2026-02-15 12:00:00+00:00,70295.22,70418.48,68772.2,69170.51,3405.9686,907803,1179.168
2026-02-15 15:00:00+00:00,69170.51,69255.6,68203.6,68641.21,3083.3989,597860,1078.9845
2026-02-15 18:00:00+00:00,68641.21,68800,68000,68450,5902.6628,692136,1847.6776
2026-02-15 21:00:00+00:00,68450,69078.49,68319.64,68832.58,1312.682,386284,657.8761
2026-02-16 00:00:00+00:00,68832.59,69065.5,68243.68,68320.48,1303.6866,471553,511.21491
2026-02-16 03:00:00+00:00,68320.49,68900,68143.22,68385.29,1272.5034,341033,594.71197
2026-02-16 06:00:00+00:00,68385.29,68798.7,68228.76,68762.85,904.58816,271517,526.4894
2026-02-16 09:00:00+00:00,68762.86,69060.77,68338.9,68812.83,1307.2761,418520,717.99427
2026-02-16 12:00:00+00:00,68812.84,70126.67,68225,68427.64,4415.5014,1504637,2543.3712
2026-02-16 15:00:00+00:00,68427.64,68607.22,67294.11,67951.86,3545.4147,1240725,1691.9425
2026-02-16 18:00:00+00:00,67951.85,68549.14,67824.91,68530,1326.8095,456775,762.50239
2026-02-16 21:00:00+00:00,68530,68978.88,68427.18,68892.43,1439.9856,529089,805.2047
2026-02-17 00:00:00+00:00,68892.43,69241.5,68387.2,68838.48,1602.2394,598911,780.25966
2026-02-17 03:00:00+00:00,68838.48,68860.68,67892,68245.71,1330.6246,502143,575.15976
2026-02-17 06:00:00+00:00,68245.71,68519.99,68130.78,68177.53,831.10162,380243,379.29916
2026-02-17 09:00:00+00:00,68177.53,68308.37,67690,67854.6,1416.2631,500380,642.69406
2026-02-17 12:00:00+00:00,67854.6,68360.5,66734.3,66875.06,3653.4541,1110274,1578.3269
2026-02-17 15:00:00+00:00,66875.06,68158.1,66621.06,67244.22,4902.1937,1762497,2153.1816
2026-02-17 18:00:00+00:00,67244.22,68235.39,67127.86,67753.3,2082.7006,840595,1103.4773
2026-02-17 21:00:00+00:00,67753.3,67926.29,67394,67503.52,670.49204,299810,326.0526
2026-02-18 00:00:00+00:00,67503.52,67627.97,66892.03,67335.04,983.32698,398698,472.84732
2026-02-18 03:00:00+00:00,67335.04,67938,67326.98,67654.8,884.12949,292762,468.42857
2026-02-18 06:00:00+00:00,67654.81,68476.22,67614.91,68132.82,1325.9487,386134,779.99515
2026-02-18 09:00:00+00:00,68132.83,68276,67076.9,67369.75,1389.4567,431950,659.67821
2026-02-18 12:00:00+00:00,67369.75,67689.76,66717.3,67223.76,2562.67,729428,1305.913
2026-02-18 15:00:00+00:00,67223.77,68347.72,66994.23,67187.39,3473.7575,1021580,1915.0593
2026-02-18 18:00:00+00:00,67187.4,67229.76,65870,66268.39,3288.5473,964509,1468.5743
2026-02-18 21:00:00+00:00,66268.4,66504.2,66053.6,66461,1584.6019,323936,824.56127
2026-02-19 00:00:00+00:00,66461,66958.9,66345,66835.2,1075.1576,327028,599.14415
2026-02-19 03:00:00+00:00,66835.2,67070.56,66679.76,66871.35,904.88625,287641,449.65588
2026-02-19 06:00:00+00:00,66871.34,67320,66785.56,66966.12,1510.1126,390689,688.59611
2026-02-19 09:00:00+00:00,66966.12,67191.83,66478.02,66496.02,1319.5721,412709,549.77801
2026-02-19 12:00:00+00:00,66496.03,66680.7,65631.83,66421.2,3368.2882,1042628,1645.9507
2026-02-19 15:00:00+00:00,66421.2,67049.99,65899.25,66369.42,2923.3085,1137664,1507.6792
2026-02-19 18:00:00+00:00,66369.42,67198.1,66228.49,67149.11,2016.8783,735276,1043.6982
2026-02-19 21:00:00+00:00,67149.11,67168.86,66652.34,67003.73,1424.0663,345716,622.20516
2026-02-20 00:00:00+00:00,67003.73,67486.62,66949.41,67242.03,1140.4162,366508,603.20159
2026-02-20 03:00:00+00:00,67242.03,68006,67115.38,67790.1,1802.2826,363921,984.66077
2026-02-20 06:00:00+00:00,67790.11,67990,67660.12,67879.99,1231.7009,297013,580.90643
2026-02-20 09:00:00+00:00,67879.99,68318.39,67280.6,67318.41,3124.6344,462935,1330.7723
2026-02-20 12:00:00+00:00,67318.41,67594,66280.2,67069.65,12945.241,990939,4252.1472
2026-02-20 15:00:00+00:00,67069.65,68083.98,66536.64,67613.37,10541.269,1575363,4425.7949
2026-02-20 18:00:00+00:00,67613.38,68000,67466.11,67750.4,2862.0266,680802,1737.3162
2026-02-20 21:00:00+00:00,67750.4,68233.99,67639.29,68020.01,1704.3003,307431,1086.6609
2026-02-21 00:00:00+00:00,68020,68099.54,67787.19,68001.05,1012.7369,172728,573.91995
2026-02-21 03:00:00+00:00,68001.04,68001.04,67534.69,67851.93,939.23008,183316,451.0432
2026-02-21 06:00:00+00:00,67851.93,68079.41,67749.59,68055.03,639.52383,122430,298.41098
2026-02-21 09:00:00+00:00,68055.04,68314.54,67978.9,68092.45,1091.3345,199543,590.93182
2026-02-21 12:00:00+00:00,68092.45,68644,67915,68450.01,1390.661,256942,702.45786
2026-02-21 15:00:00+00:00,68450.01,68698.7,68101.78,68437.45,1298.3737,277134,673.44384
2026-02-21 18:00:00+00:00,68437.45,68658.5,68190,68211.19,908.8074,162679,390.53041
2026-02-21 21:00:00+00:00,68211.19,68437.56,67900,67975.93,752.1739,218767,322.724
2026-02-22 00:00:00+00:00,67975.93,68222.16,67809.78,67909.68,849.11549,201756,436.43908
2026-02-22 03:00:00+00:00,67909.67,68086,67824.9,67977.52,619.69346,203484,278.395
2026-02-22 06:00:00+00:00,67977.52,68178.79,67912.02,67950.1,753.12597,182444,291.56613
2026-02-22 09:00:00+00:00,67950.11,68245,67948.74,68219.97,549.48047,147610,263.63128
2026-02-22 12:00:00+00:00,68219.97,68232.4,67353.75,67443.89,1877.5936,479624,756.53369
2026-02-22 15:00:00+00:00,67443.89,67813.2,67190,67384.49,1644.0187,403663,772.31279
2026-02-22 18:00:00+00:00,67384.48,67491.96,67313.54,67401.74,857.78666,226854,523.49997
2026-02-22 21:00:00+00:00,67401.74,67751.44,67401.74,67643.4,1024.3205,315465,651.91493
2026-02-23 00:00:00+00:00,67643.39,67684.86,64290.71,64783.56,9932.5459,2020727,5067.7572
2026-02-23 03:00:00+00:00,64783.56,65294.8,64685.64,65070.9,3098.1699,572174,1715.128
2026-02-23 06:00:00+00:00,65070.9,66015.22,65033.9,65676.44,3007.3234,621605,1539.7431
2026-02-23 09:00:00+00:00,65676.44,66600,65672.76,66207.23,2298.454,616038,1021.7019
2026-02-23 12:00:00+00:00,66207.23,66511.51,65529.73,65923.53,2533.2366,958353,1091.0573
2026-02-23 15:00:00+00:00,65923.52,66250,64152.04,64813.26,5290.3568,1665193,2714.4016
2026-02-23 18:00:00+00:00,64813.27,65194.51,63888.79,64473.14,4465.9071,1249428,1928.3456
2026-02-23 21:00:00+00:00,64473.14,65035.98,64459.44,64656.02,2449.9156,565177,1310.5039
2026-02-24 00:00:00+00:00,64656.01,65026.75,63433.84,64109.81,3439.9945,1240190,1631.3163
2026-02-24 03:00:00+00:00,64109.8,64109.8,62700.8,63104.79,4683.7502,1388956,2059.1164
2026-02-24 06:00:00+00:00,63104.79,63444.66,62866.42,63392.15,2238.0555,709376,1125.9238
2026-02-24 09:00:00+00:00,63392.15,63411.8,62908.92,63227.1,1565.4466,500159,756.51203
2026-02-24 12:00:00+00:00,63227.11,63834.21,62510.28,63453.99,4412.5476,1162911,2246.8334
2026-02-24 15:00:00+00:00,63454,64520,63300,64219.71,3567.6417,1424259,1869.2359
2026-02-24 18:00:00+00:00,64219.7,64743.11,63872.72,64472.9,1941.4123,700197,914.50237
2026-02-24 21:00:00+00:00,64472.9,64472.9,63820.5,64058.15,1253.988,427581,547.17002
2026-02-25 00:00:00+00:00,64058.15,66310,63913.27,65884.83,4385.3769,1196731,2325.6876
2026-02-25 03:00:00+00:00,65884.84,65955.87,64755.26,64882.76,2356.9058,725073,1094.671
2026-02-25 06:00:00+00:00,64882.77,65586.87,64781.18,65530.49,1771.7236,535635,968.58848
2026-02-25 09:00:00+00:00,65530.48,65692.62,65200.8,65430.04,1303.534,416611,688.54377
2026-02-25 12:00:00+00:00,65430.04,67009.78,65324.62,66973.2,5356.9289,1013288,3205.2273
2026-02-25 15:00:00+00:00,66973.19,68879.96,66715.13,68674.2,7045.5243,1408604,4050.45
2026-02-25 18:00:00+00:00,68674.2,69550,68373.33,69148.69,4854.7774,911110,2285.9338
2026-02-25 21:00:00+00:00,69148.69,69988.83,67600,67988.04,3675.2217,889663,1763.8179
2026-02-26 00:00:00+00:00,67988.04,68700,67727.52,68257.45,2586.9529,739667,1372.9095
2026-02-26 03:00:00+00:00,68257.46,68860,68044.18,68443.81,1482.896,563292,759.60771
2026-02-26 06:00:00+00:00,68443.82,68522,67792,67954.01,2220.4687,508830,943.65013
2026-02-26 09:00:00+00:00,67954,68722.64,67933.25,68051.31,2506.9262,490146,1300.2881
2026-02-26 12:00:00+00:00,68051.3,68303.83,67264.22,67697.74,3110.314,880529,1456.5866
2026-02-26 15:00:00+00:00,67696.89,67743.36,66500,66826.8,5031.9099,1337478,2383.8293
2026-02-26 18:00:00+00:00,66826.8,67903.12,66575.73,67414.07,2892.312,646225,1484.6148
2026-02-26 21:00:00+00:00,67414.07,67656.11,67150.14,67485.18,905.99829,259970,471.01442
2026-02-27 00:00:00+00:00,67485.19,67546.15,66885,67266.58,1744.1608,537922,826.54069
2026-02-27 03:00:00+00:00,67266.58,68216.8,67099.71,67724.99,2145.7778,445634,1131.2452
2026-02-27 06:00:00+00:00,67725,68079.83,67459.3,67926.24,2008.149,363414,1001.6468
2026-02-27 09:00:00+00:00,67926.25,68149.93,65960.01,66126.99,4191.7149,534563,1575.925
2026-02-27 12:00:00+00:00,66126.99,66344.9,65649.34,65887.59,4537.8185,616522,2344.6799
2026-02-27 15:00:00+00:00,65887.59,66311.11,65113.72,65703.19,3358.0817,726039,1630.9157
2026-02-27 18:00:00+00:00,65703.18,65788.07,65172.6,65594.67,1919.829,379627,979.42668
2026-02-27 21:00:00+00:00,65594.67,65953.2,64914.46,65872.1,1323.0525,252343,616.82926
2026-02-28 00:00:00+00:00,65872.09,66025.52,65721.13,65961.13,806.33011,195070,433.39282
2026-02-28 03:00:00+00:00,65961.13,65982.34,65488,65591.03,851.15474,211822,307.55709
2026-02-28 06:00:00+00:00,65591.03,65591.04,63030,63473.28,6421.3121,1296932,2901.0417
2026-02-28 09:00:00+00:00,63473.27,64307.44,63372.1,63844.2,3616.1843,575119,1981.9755
2026-02-28 12:00:00+00:00,63844.2,65360.51,63827.2,64435.61,3554.9447,667205,2019.1979
2026-02-28 15:00:00+00:00,64435.62,65555,64200,65442.62,1827.3566,580275,971.04102
2026-02-28 18:00:00+00:00,65442.61,67151.68,65185.7,66959.62,2743.4453,931175,1606.0407
2026-02-28 21:00:00+00:00,66959.63,67760,66368.42,66973.26,2727.9886,810916,1310.8613
2026-03-01 00:00:00+00:00,66973.26,68199.99,66042.72,67620.65,4052.3649,965030,2144.0122
2026-03-01 03:00:00+00:00,67620.65,67813.33,67079.36,67292.09,1707.4966,411135,772.2603
2026-03-01 06:00:00+00:00,67292.08,67345.8,66389.33,66560.14,3573.7092,484614,1346.8985
2026-03-01 09:00:00+00:00,66560.14,66771.1,66215.71,66468.03,1775.1074,532252,909.54426
2026-03-01 12:00:00+00:00,66468.04,67360.57,66132.27,66847.8,2611.4768,754620,1377.73
2026-03-01 15:00:00+00:00,66847.8,67243.69,65699.98,65979.61,3481.496,808095,1687.3511
2026-03-01 18:00:00+00:00,65979.61,66657.44,65084.02,65300,2408.4525,563994,1218.7588
2026-03-01 21:00:00+00:00,65300.01,66491.43,65056,65776.47,3591.7553,792273,1753.2168
2026-03-02 00:00:00+00:00,65776.48,67079,65761.04,66276.77,2431.176,1090101,1250.019
2026-03-02 03:00:00+00:00,66276.77,67037.22,66101.07,66730.78,2147.259,608847,893.78387
2026-03-02 06:00:00+00:00,66730.78,66739.45,65542.6,66282,3077.03,789970,1561.411
2026-03-02 09:00:00+00:00,66281.99,66720.84,66003.59,66359.68,3257.3544,783920,1063.1517
2026-03-02 12:00:00+00:00,66359.67,67220.81,65259.21,67177.06,5355.0443,1448963,2689.849
2026-03-02 15:00:00+00:00,67177.05,70096,66975.29,69198,10362.042,2283270,5543.8933
2026-03-02 18:00:00+00:00,69198,69505,68576.18,69106.58,2970.7725,859911,1533.4121
2026-03-02 21:00:00+00:00,69106.58,69539.77,68740,68830.06,2409.706,532544,800.39376
2026-03-03 00:00:00+00:00,68830.06,69258.08,68210.71,68512.17,1903.6498,638045,919.40111
2026-03-03 03:00:00+00:00,68512.17,68617.42,67845.84,67947.75,1808.7622,546165,728.42692
2026-03-03 06:00:00+00:00,67947.75,68311.83,66905,67003.3,3870.2503,839101,1773.39
2026-03-03 09:00:00+00:00,67003.3,67184.71,66340.14,67026.61,4199.3069,1213085,2151.5142
2026-03-03 12:00:00+00:00,67026.6,67973.2,66158,66568.95,3748.0936,1414734,1869.182
2026-03-03 15:00:00+00:00,66568.95,68999,66471.79,68318.66,5259.2551,1726664,2798.3047
2026-03-03 18:00:00+00:00,68318.66,68914.01,67976.47,68266,2513.639,828270,1288.1312
2026-03-03 21:00:00+00:00,68265.99,68860,67832.3,68338,1669.2849,442055,803.27185
2026-03-04 00:00:00+00:00,68338.01,68909.34,67857.61,68323.33,2860.3558,787682,1381.2904
2026-03-04 03:00:00+00:00,68323.33,68397.84,67400,68206.59,2687.1852,715436,1434.1425
2026-03-04 06:00:00+00:00,68206.58,71163,68048.63,71011.4,8031.5197,1058851,4552.4884
2026-03-04 09:00:00+00:00,71011.4,71893,70724.26,71111.4,7470.7413,1494152,3739.1844
2026-03-04 12:00:00+00:00,71111.4,72633,70588,71621.04,7193.8835,1466554,4076.2757
2026-03-04 15:00:00+00:00,71621.03,73759.99,71580.62,73218.92,9070.798,1791717,5085.2985
2026-03-04 18:00:00+00:00,73218.93,74050,72912.11,73019.68,4683.0953,822977,2062.6809
2026-03-04 21:00:00+00:00,73019.69,73523.31,72313.04,72666.77,2921.4974,480933,1309.9917
2026-03-05 00:00:00+00:00,72666.77,73306.82,72336.76,72506.19,2454.5928,767129,1186.5723
2026-03-05 03:00:00+00:00,72506.18,73081.08,72260.74,72412.15,2504.2771,512732,1256.6939
2026-03-05 06:00:00+00:00,72412.15,72675.07,71757.17,72333.7,3931.2985,736568,1614.4947
2026-03-05 09:00:00+00:00,72333.7,73558.15,72298.83,72915.79,4841.2015,988424,2012.8626
2026-03-05 12:00:00+00:00,72915.8,73063.38,71944.18,72609.29,3285.6151,1096800,1611.6592
2026-03-05 15:00:00+00:00,72609.3,72770,70645.47,70704.41,5281.5651,1462220,2470.2959
2026-03-05 18:00:00+00:00,70703.37,71430.78,70656.63,71236.51,1843.7736,810965,983.8382
2026-03-05 21:00:00+00:00,71236.51,71572.3,70777,70890.72,2448.1889,334322,1163.0978
2026-03-06 00:00:00+00:00,70891.02,71419.98,70344.03,71252.43,2483.8386,683433,1312.26
2026-03-06 03:00:00+00:00,71252.43,71305.42,70143.19,70436.19,2182.0336,655134,965.3487
2026-03-06 06:00:00+00:00,70436.18,71192.76,70261.23,70789.49,2023.7972,571531,941.64208
2026-03-06 09:00:00+00:00,70789.49,70808.65,70184.01,70212.95,1871.7298,446719,837.96244
2026-03-06 12:00:00+00:00,70212.94,70341.76,68176.47,68409.89,7125.6727,1060635,2978.8766
2026-03-06 15:00:00+00:00,68409.89,69100,67744.78,67955.1,3620.4842,987584,1655.0745
2026-03-06 18:00:00+00:00,67955.1,68485.01,67777,68111.03,1801.2339,621214,975.95317
2026-03-06 21:00:00+00:00,68111.03,68440.92,67919.72,68114.02,1521.0973,276649,796.97601
2026-03-07 00:00:00+00:00,68114.02,68394.09,68060.6,68350.04,1286.4066,218701,624.15782
2026-03-07 03:00:00+00:00,68350.05,68551.04,67817,68018.26,1565.8729,264518,679.14028
2026-03-07 06:00:00+00:00,68018.27,68045.07,67446.41,67795.4,1724.0681,331785,785.52639
2026-03-07 09:00:00+00:00,67795.4,68232.27,67738.31,68010.01,1024.1241,219707,534.59581
2026-03-07 12:00:00+00:00,68010,68085.41,67609.44,68016.7,1150.5495,256404,648.69244
2026-03-07 15:00:00+00:00,68016.7,68034.67,67702.2,67788.41,1144.7948,204001,456.92319
2026-03-07 18:00:00+00:00,67788.4,67788.41,66915.26,67402.98,3082.9492,359263,1246.2846
2026-03-07 21:00:00+00:00,67402.98,67483.05,67101.31,67262.91,1740.778,213097,935.44797
2026-03-08 00:00:00+00:00,67262.91,67481.96,66833.58,66925.44,1884.0333,280687,986.2779
2026-03-08 03:00:00+00:00,66925.45,67250.24,66547.15,67149.93,2608.2929,346920,1362.398
2026-03-08 06:00:00+00:00,67149.93,67577.36,67035.18,67539.33,2265.836,268532,1317.0656
2026-03-08 09:00:00+00:00,67539.34,68200,67411.76,67515,2294.7797,386470,1235.1233
2026-03-08 12:00:00+00:00,67515,67650.94,66761.68,67339.76,3585.3224,434669,1772.5971
2026-03-08 15:00:00+00:00,67339.75,67369.36,66800.01,67065,2230.3459,286484,1131.8562
2026-03-08 18:00:00+00:00,67065,67609.08,66745.54,67238.8,2344.0167,305568,1447.1127
2026-03-08 21:00:00+00:00,67238.79,67266,65618.49,65971.2,4381.0121,719062,2016.2185
2026-03-09 00:00:00+00:00,65971.2,66773,65821.97,66537.32,3967.7153,793559,1815.9469
2026-03-09 03:00:00+00:00,66537.32,68069.29,66512.88,67911.16,3250.4839,650769,1776.4837
2026-03-09 06:00:00+00:00,67911.15,67939.55,66853.48,67814.69,3447.5903,528462,1690.6596
2026-03-09 09:00:00+00:00,67814.69,68460.09,67344.45,67764.98,2490.147,525563,1325.7591
2026-03-09 12:00:00+00:00,67764.99,69480,67759.57,69151.5,5807.5232,1003157,2869.7615
2026-03-09 15:00:00+00:00,69151.5,69254.87,68270.34,68600.71,3971.0081,685178,1829.1867
2026-03-09 18:00:00+00:00,68600.71,69516.65,68179.12,68961.71,3571.2297,609278,1555.4765
2026-03-09 21:00:00+00:00,68961.15,69102.53,68384.69,68432.16,2391.0238,297701,1238.1798
2026-03-10 00:00:00+00:00,68432.16,70578.29,68391.41,70272.01,4218.3009,614964,2343.6437
2026-03-10 03:00:00+00:00,70272,70370.86,69390,69971.34,3082.3575,492132,1462.6593
2026-03-10 06:00:00+00:00,69971.34,71097.64,69750.62,70709.37,4773.3961,546898,2524.7052
2026-03-10 09:00:00+00:00,70709.37,71300,70540.4,70580.94,4418.3175,428466,2288.4489
2026-03-10 12:00:00+00:00,70580.95,71527.54,69266.06,71467.81,4901.2315,1025655,2378.4798
2026-03-10 15:00:00+00:00,71467.81,71777,70512.64,70868.61,4773.846,974548,2360.1022
2026-03-10 18:00:00+00:00,70868.62,70914.9,69739,70235.6,3501.8991,743593,1781.36
2026-03-10 21:00:00+00:00,70236.34,70417.3,69452.42,69948.63,2933.2287,349808,1314.4292
2026-03-11 00:00:00+00:00,69948.64,70173.25,69614,69810.72,3289.0539,420051,1866.165
2026-03-11 03:00:00+00:00,69810.73,70281.87,69420,69510.36,2630.6439,367721,1403.9716
2026-03-11 06:00:00+00:00,69510.37,70018.49,69500,69662.24,2235.8735,326810,1266.5822
2026-03-11 09:00:00+00:00,69662.24,69755.1,69150.28,69173,2866.173,396165,1586.3703
2026-03-11 12:00:00+00:00,69172.99,71091.18,68977.91,70578.7,5944.7388,1274440,2956.4807
2026-03-11 15:00:00+00:00,70578.7,71321,69702.25,70785.99,5804.8269,1141915,2981.3147
2026-03-11 18:00:00+00:00,70785.99,70895.31,70375.68,70634.96,2161.7106,445036,887.47732
2026-03-11 21:00:00+00:00,70634.96,70950,70125.83,70191.86,2316.255,387717,1066.9543
2026-03-12 00:00:00+00:00,70191.86,70353.87,69226.52,69286.56,2161.0356,466511,941.7565
2026-03-12 03:00:00+00:00,69286.55,69676.88,69205.91,69480.54,1586.5609,339507,819.5381
2026-03-12 06:00:00+00:00,69480.54,70116.37,69315.63,69917.37,2796.8797,341177,1557.9455
2026-03-12 09:00:00+00:00,69917.36,70800,69580,70427.91,3403.0552,497354,1833.7456
2026-03-12 12:00:00+00:00,70427.9,70660.69,69355.34,69590.09,4318.9718,957667,1858.9042
2026-03-12 15:00:00+00:00,69590.09,70569.15,69476.14,70212.06,3893.858,895580,1952.4577
2026-03-12 18:00:00+00:00,70212.05,70555.2,69770.85,70164.49,2118.8902,522825,748.86137
2026-03-12 21:00:00+00:00,70164.5,70734.25,70013.17,70541.34,1717.909,323438,831.82501
2026-03-13 00:00:00+00:00,70541.34,72000,70386.01,71143.8,4827.8732,802517,2475.2963
2026-03-13 03:00:00+00:00,71143.8,71637.54,70964.43,71546.29,2887.6504,354663,1480.0786
2026-03-13 06:00:00+00:00,71546.28,72142.85,71180.19,71821.02,4041.9759,527036,2039.5259
2026-03-13 09:00:00+00:00,71821.01,72575.98,71589.81,72228.82,3284.9827,554042,1791.0531
2026-03-13 12:00:00+00:00,72228.81,73913.74,72210,72382.72,8998.3847,1255591,5106.165
2026-03-13 15:00:00+00:00,72382.72,72829.12,70914.09,71037.93,7529.5015,1121557,3376.3794
2026-03-13 18:00:00+00:00,71037.93,71469.53,70841.23,71346.84,1799.7391,403344,998.87489
2026-03-13 21:00:00+00:00,71346.84,71491.03,70559.02,70930,2626.5092,293740,1042.9693
2026-03-14 00:00:00+00:00,70930.01,70951.8,70481.7,70783.27,2568.731,230068,1192.6693
2026-03-14 03:00:00+00:00,70783.27,71307.92,70783.26,71013.75,2411.144,246769,1198.3414
2026-03-14 06:00:00+00:00,71013.75,71013.75,70317,70585.63,1924.6091,250447,752.56248
2026-03-14 09:00:00+00:00,70585.64,70784.38,70389.08,70751.42,2033.5102,187786,1024.0758
2026-03-14 12:00:00+00:00,70751.42,70941.17,70578.76,70599.22,1688.2313,200678,818.37075
2026-03-14 15:00:00+00:00,70599.23,70733.02,70500,70617.01,1363.0009,253584,703.96164
2026-03-14 18:00:00+00:00,70617.01,70856.4,70559.35,70805.71,287.29514,114205,148.86442
2026-03-14 21:00:00+00:00,70805.71,71253.17,70661.06,71211.95,740.72591,178202,403.2553
2026-03-15 00:00:00+00:00,71211.95,71634.08,70858.82,71450.53,1811.8762,274961,930.65867
2026-03-15 03:00:00+00:00,71450.54,71800.68,71240.68,71489.68,2352.4293,261697,1352.4082
2026-03-15 06:00:00+00:00,71489.67,71736.72,71373.75,71717.5,1356.3561,184354,769.85114
2026-03-15 09:00:00+00:00,71717.5,71940.49,71659.71,71839.42,1618.7421,242187,756.67632
2026-03-15 12:00:00+00:00,71839.41,71839.42,71263.99,71622.03,1885.3368,297216,761.52059
2026-03-15 15:00:00+00:00,71622.04,71989.93,71320.08,71819.95,878.43092,239257,548.78301
2026-03-15 18:00:00+00:00,71819.96,71930,71321.87,71730.81,809.25213,248729,394.83343
2026-03-15 21:00:00+00:00,71730.81,73199,71629.99,72815.24,3324.8835,760612,1792.2864
2026-03-16 00:00:00+00:00,72815.25,73008.94,72270.41,72514.69,1888.4303,485309,907.5118
2026-03-16 03:00:00+00:00,72514.69,74451.03,72436.02,74207.49,6753.616,872082,3859.5309
2026-03-16 06:00:00+00:00,74207.49,74207.5,72888.8,73135,3750.4043,519968,1735.0876
2026-03-16 09:00:00+00:00,73135,73838.76,73057.25,73552.77,2250.8654,445203,1342.8714
2026-03-16 12:00:00+00:00,73552.78,74509.52,72990.52,73565.54,4719.7641,1052438,2403.9614
2026-03-16 15:00:00+00:00,73565.54,74065.7,73160.66,73943.18,2947.4217,814486,1644.1461
2026-03-16 18:00:00+00:00,73943.17,74418.6,73781.54,74236.9,2633.636,615077,1332.8962
2026-03-16 21:00:00+00:00,74236.9,74909.08,74150,74884.67,3465.3924,591919,1978.2171
2026-03-17 00:00:00+00:00,74884.67,76000,74614.18,75198.02,5194.8732,971695,2812.7822
2026-03-17 03:00:00+00:00,75198.02,75326.15,73784,74036.74,4998.2731,640184,2003.7969
2026-03-17 06:00:00+00:00,74036.74,74457.72,73877.56,74188.38,2112.6424,412074,996.92647
2026-03-17 09:00:00+00:00,74188.38,74406.03,73560.98,74033.11,2561.1898,486305,1256.03
2026-03-17 12:00:00+00:00,74033.1,74425.31,73399.19,74381.7,3136.8339,769393,1653.2765
2026-03-17 15:00:00+00:00,74381.69,74893.94,73669.91,74523.75,2944.7045,787874,1610.816
2026-03-17 18:00:00+00:00,74523.76,74800,74359.87,74506.75,1942.8293,453010,871.46175
2026-03-17 21:00:00+00:00,74506.75,74799,73871.74,73909.36,1629.92,342652,586.16253
2026-03-18 00:00:00+00:00,73909.37,74476,73535.36,74338.93,1760.5775,401622,981.24594
2026-03-18 03:00:00+00:00,74338.93,74672.34,73830.76,73950,1594.9619,265132,815.93204
2026-03-18 06:00:00+00:00,73950.01,74225.82,73700.01,74044.89,1893.0209,286430,1029.9193
2026-03-18 09:00:00+00:00,74044.9,74281.33,72800,72952.85,2703.764,507327,1367.8198
2026-03-18 12:00:00+00:00,72952.85,72981.79,71100,71193.23,5812.9692,1235248,2497.7836
2026-03-18 15:00:00+00:00,71193.23,71750,70857.21,71595.21,4553.4491,849945,2412.3242
2026-03-18 18:00:00+00:00,71595.21,72000.5,70500,71214.67,3523.6585,825765,1811.7041
2026-03-18 21:00:00+00:00,71214.67,71451.22,70944.56,71246.54,1550.4798,362428,792.44166
2026-03-19 00:00:00+00:00,71246.55,71321.81,70902.37,71055.44,1834.3402,357123,771.69836
2026-03-19 03:00:00+00:00,71055.44,71613.79,70654.86,70826.54,1712.6317,398946,824.28506
2026-03-19 06:00:00+00:00,70826.55,70979.99,69478.51,69985.19,4389.4492,699449,1760.9564
2026-03-19 09:00:00+00:00,69985.19,70560.91,69909.09,69952.75,2418.532,471988,1143.5611
2026-03-19 12:00:00+00:00,69952.75,70179.53,69081.51,69482.25,4809.11,1147922,2189.4465
2026-03-19 15:00:00+00:00,69482.24,69954.18,68793.35,69854.16,3516.2955,905604,1924.9856
2026-03-19 18:00:00+00:00,69854.15,70676,69581.55,70483.03,2121.8809,625424,1247.3285
2026-03-19 21:00:00+00:00,70483.03,70695.6,69718.23,69930,1562.5787,366070,626.87519
2026-03-20 00:00:00+00:00,69930.01,70588.5,69837.1,70415.47,1711.46,393255,1051.1038
2026-03-20 03:00:00+00:00,70415.48,70969.71,70388,70606.24,1625.8087,304185,951.21306
2026-03-20 06:00:00+00:00,70606.23,71367,70160.06,71042.23,2707.6761,345538,1260.2852
2026-03-20 09:00:00+00:00,71042.23,71042.23,70218.68,70478.71,2100.1727,414960,828.51473
2026-03-20 12:00:00+00:00,70478.71,70685.63,69589.38,69731.21,3519.015,1005343,1480.1604
2026-03-20 15:00:00+00:00,69731.2,70100,69388,70000,3118.0065,912876,1561.017
2026-03-20 18:00:00+00:00,69999.99,70259.28,69525.33,70057.66,1594.2722,602930,798.8082
2026-03-20 21:00:00+00:00,70057.66,70923.75,69946.65,70510.73,1744.7563,390884,870.3097
2026-03-21 00:00:00+00:00,70510.73,70826,70431.67,70737.6,967.50387,234189,524.65801
2026-03-21 03:00:00+00:00,70737.6,70834.46,70617.05,70697.94,1655.3734,198168,880.66182
2026-03-21 06:00:00+00:00,70697.94,70879.76,70492.02,70594.43,2244.7943,200920,948.42153
2026-03-21 09:00:00+00:00,70594.42,70735.36,70559.69,70652.72,1089.2421,124824,619.24766
2026-03-21 12:00:00+00:00,70652.73,71100.94,70592.53,70629.1,1244.6895,201567,653.61624
2026-03-21 15:00:00+00:00,70629.09,70760,70210,70304.08,1279.8029,207756,527.98044
2026-03-21 18:00:00+00:00,70303.45,70534.38,70290.48,70462.28,1038.4383,117094,550.50861
2026-03-21 21:00:00+00:00,70462.27,70516.82,68571.42,68918.12,3877.3232,355568,1674.5988
2026-03-22 00:00:00+00:00,68918.12,69411.1,68228.5,69278.12,3477.3493,648045,1805.3343
2026-03-22 03:00:00+00:00,69278.12,69588.79,69123.13,69153.41,1620.0387,288039,842.86251
2026-03-22 06:00:00+00:00,69153.41,69250.08,68523.96,68804.77,1864.8052,310663,772.6502
2026-03-22 09:00:00+00:00,68804.77,68901.65,68110.55,68217.95,1528.2927,347177,733.78555
2026-03-22 12:00:00+00:00,68217.94,68957.24,68199.04,68711.66,1417.8612,372253,822.91554
2026-03-22 15:00:00+00:00,68711.66,69005.71,68665.34,68673.02,901.58612,240688,439.34562
2026-03-22 18:00:00+00:00,68672.85,68743.18,68080,68176.46,1132.5427,294862,445.71775
2026-03-22 21:00:00+00:00,68176.47,68474,67360.66,67859,2901.3108,767425,1429.7119
2026-03-23 00:00:00+00:00,67859,68400,67445.18,68320.72,2079.8151,696949,1095.9175
2026-03-23 03:00:00+00:00,68320.72,68915.4,68057.56,68899.92,2064.9615,440507,1230.3828
2026-03-23 06:00:00+00:00,68899.92,68904.42,67502.48,68434.26,4403.6714,803018,2263.2304
2026-03-23 09:00:00+00:00,68434.27,71499,67916.14,70122.15,7927.5267,1268804,4068.2965
2026-03-23 12:00:00+00:00,70122.15,71817.09,69671.95,71446.46,5291.3653,1574449,2804.4441
2026-03-23 15:00:00+00:00,71446.46,71660.01,70103.21,71085.16,4093.2825,1019392,1864.6604
2026-03-23 18:00:00+00:00,71085.16,71246.01,70559.03,70915.59,1603.7937,421806,882.18267
2026-03-23 21:00:00+00:00,70915.59,70998,70404.39,70906.45,870.6749,284805,431.85794
2026-03-24 00:00:00+00:00,70906.45,71099.96,70278.46,70453.37,1898.1214,459985,863.35321
2026-03-24 03:00:00+00:00,70453.38,70741.64,70119.06,70283.85,1497.5853,324939,613.93605
2026-03-24 06:00:00+00:00,70283.84,71400,70253.23,70964.15,3298.0108,436332,1537.6101
2026-03-24 09:00:00+00:00,70964.16,71368.61,70851.77,71157.77,1752.6522,366135,956.98187
2026-03-24 12:00:00+00:00,71157.77,71177.66,69507.34,69869.93,4163.4635,900749,1646.6416
2026-03-24 15:00:00+00:00,69869.93,70255.37,68923.07,69238.43,3603.676,811134,1696.9136
2026-03-24 18:00:00+00:00,69238.44,70295.54,69168.64,70093.19,2373.9434,537195,1321.8283
2026-03-24 21:00:00+00:00,70093.19,70832.54,69901.39,70556.74,2114.9698,354859,1094.5857
2026-03-25 00:00:00+00:00,70556.74,71100.28,70476.9,70531.09,1991.387,349178,1012.8015
2026-03-25 03:00:00+00:00,70531.1,71345,70408,71117.66,1986.8049,309147,1009.7371
2026-03-25 06:00:00+00:00,71117.65,71503.94,70800,71248.39,2556.3149,346334,1289.36
2026-03-25 09:00:00+00:00,71248.4,72026.09,71101.99,71678.97,2136.681,370296,1223.2146
2026-03-25 12:00:00+00:00,71678.97,71963.71,71105.43,71234.28,2825.6386,696992,1189.1998
2026-03-25 15:00:00+00:00,71234.28,71752.88,70530.47,70779,3331.6551,643821,1544.7178
2026-03-25 18:00:00+00:00,70778.99,71149.07,70646.34,71009.5,1621.9402,342874,816.30199
2026-03-25 21:00:00+00:00,71009.5,71594.11,70947.61,71336.53,1269.0789,240260,734.44509
2026-03-26 00:00:00+00:00,71336.53,71436.82,70672.37,70893.01,1646.4893,282047,869.5918
2026-03-26 03:00:00+00:00,70893.01,70968.66,69942.96,70016.98,2215.4057,321327,959.89052
2026-03-26 06:00:00+00:00,70016.97,70167.6,69805,70024.77,2240.0564,375442,1232.6858
2026-03-26 09:00:00+00:00,70024.78,70144.44,69192.96,69276.01,2810.9004,460447,1301.8586
2026-03-26 12:00:00+00:00,69276.01,69877.45,69218,69479.92,2894.7796,636563,1466.121
2026-03-26 15:00:00+00:00,69479.91,69497.73,68377.83,68486.86,3885.1307,664950,1630.958
2026-03-26 18:00:00+00:00,68486.86,69478.42,68153,69005.21,3654.1955,551370,1926.3347
2026-03-26 21:00:00+00:00,69005.21,69205.43,68603.24,68820.31,1473.5001,305556,728.95427
2026-03-27 00:00:00+00:00,68820.31,69179.05,68531.37,68903.59,2137.9735,288061,1146.9794
2026-03-27 03:00:00+00:00,68903.58,68924,68304.14,68630.77,2197.2133,295681,1154.5571
2026-03-27 06:00:00+00:00,68630.76,68955.53,67609.29,67920.5,4131.4355,449590,2063.9981
2026-03-27 09:00:00+00:00,67920.51,67960.32,66231.96,66702.78,5508.3793,743916,2620.604
2026-03-27 12:00:00+00:00,66702.78,66773.25,65730.17,66205.06,5867.781,876745,2888.8416
2026-03-27 15:00:00+00:00,66205.07,66638.25,65600,65632.92,4634.1572,766603,2417.4532
2026-03-27 18:00:00+00:00,65632.93,66152.51,65548.25,66020.76,2245.2562,507972,1237.1218
2026-03-27 21:00:00+00:00,66020.77,66420.75,65920,66407.28,1881.4996,230738,1039.0733
2026-03-28 00:00:00+00:00,66407.28,66520.46,65932.09,66053.2,1603.4617,250576,686.64047
2026-03-28 03:00:00+00:00,66053.2,66407.96,66053.19,66341.9,1834.4344,171420,974.51743
2026-03-28 06:00:00+00:00,66341.9,66573.61,66308.93,66409.33,1931.7013,175859,1077.7525
2026-03-28 09:00:00+00:00,66409.34,66416.77,66124.4,66319.47,1163.6377,161073,401.99474
2026-03-28 12:00:00+00:00,66319.46,67163.99,66240.87,66742.1,1955.1842,322524,1124.611
2026-03-28 15:00:00+00:00,66742.09,67288.94,66704,66846.21,1425.2891,279238,713.64492
2026-03-28 18:00:00+00:00,66846.2,67010,66804.71,66906,699.73577,135203,363.39535
2026-03-28 21:00:00+00:00,66906,66926.31,66283.38,66377.03,848.95433,191475,410.48482
2026-03-29 00:00:00+00:00,66377.04,66843.66,66281.4,66818,874.19736,229972,487.27729
2026-03-29 03:00:00+00:00,66818.01,67130.5,66597.1,66771.94,1247.9646,193563,631.10507
2026-03-29 06:00:00+00:00,66771.94,66872,66556.78,66724,941.91367,158577,433.33221
2026-03-29 09:00:00+00:00,66724,66988.01,66418,66816.28,907.57032,220775,428.69916
2026-03-29 12:00:00+00:00,66816.29,66875.24,66461,66589.64,918.31698,239331,433.23188
2026-03-29 15:00:00+00:00,66589.64,66730.6,66158.26,66385.84,1079.9903,269884,547.35756
2026-03-29 18:00:00+00:00,66385.84,66793.83,66321.66,66614.05,713.15885,157939,371.13384
2026-03-29 21:00:00+00:00,66614.04,66756.51,65000,66010.93,3369.7437,676136,1437.2913
2026-03-30 00:00:00+00:00,66010.93,67450,65800.59,67121.01,3235.3483,799395,1832.1657
2026-03-30 03:00:00+00:00,67121.01,67800,66977.62,67492.46,1902.9947,453655,1033.2646
2026-03-30 06:00:00+00:00,67492.46,67946.02,67227.88,67666.44,3035.4063,382162,1427.4434
2026-03-30 09:00:00+00:00,67666.44,68042.3,67360.41,67680.45,1653.9415,316302,737.70344
2026-03-30 12:00:00+00:00,67680.44,68169.65,67088.73,67799.54,3213.2182,678548,1470.734
2026-03-30 15:00:00+00:00,67799.54,67896.89,66650,66828.02,2542.6864,576800,1210.0829
2026-03-30 18:00:00+00:00,66828.02,66929.18,66233.13,66651.4,1420.6273,402798,682.88272
2026-03-30 21:00:00+00:00,66651.41,66994.17,66419.79,66797.37,1349.1671,293189,761.64218
2026-03-31 00:00:00+00:00,66797.38,68408.37,66544.51,67943.43,2552.1886,612020,1475.52
2026-03-31 03:00:00+00:00,67943.43,68009.99,67400,67681.68,2191.1937,363443,938.07987
2026-03-31 06:00:00+00:00,67681.69,67711.02,66688.68,66778.33,2989.1028,441156,1082.8122
2026-03-31 09:00:00+00:00,66778.34,66924.33,65998.05,66685.69,3290.1459,588461,1651.311
2026-03-31 12:00:00+00:00,66685.69,67767.87,66427.53,66587.45,3111.6009,812368,1381.6955
2026-03-31 15:00:00+00:00,66587.46,68589.49,66587.46,67526.75,4555.4382,1187283,2466.2079
2026-03-31 18:00:00+00:00,67526.76,68267.27,67526.3,68265.53,1554.7106,485685,876.58116
2026-03-31 21:00:00+00:00,68265.53,68410.3,67884,68284.48,1861.0259,356404,853.97497
2026-04-01 00:00:00+00:00,68284.49,68378.64,67578.75,67668.89,2623.6554,423999,1353.1846
2026-04-01 03:00:00+00:00,67668.9,68755.51,67668.9,68456.02,2081.3037,400240,1150.6907
2026-04-01 06:00:00+00:00,68456.01,69310,68389.21,68670.16,4057.9118,534252,2066.1779
2026-04-01 09:00:00+00:00,68670.15,68736.15,68390.25,68712.52,2207.8264,330895,1146.1987
2026-04-01 12:00:00+00:00,68712.52,68786,67918.83,68593.55,3302.4663,733831,1708.8757
2026-04-01 15:00:00+00:00,68593.56,69171.77,68247.17,68266.62,2263.4226,581264,1152.965
2026-04-01 18:00:00+00:00,68266.62,68330.31,67939.28,68191.09,1412.276,425080,637.07452
2026-04-01 21:00:00+00:00,68191.09,68534,67996.89,68113.92,1071.3277,312349,487.33139
2026-04-02 00:00:00+00:00,68113.92,68653.38,66624.64,66852.99,3522.3642,878581,1750.5008
2026-04-02 03:00:00+00:00,66852.99,66969.54,66217.07,66591.54,2623.4238,419406,1375.0084
2026-04-02 06:00:00+00:00,66591.54,66961.26,66180,66439.12,1921.0265,326665,968.20633
2026-04-02 09:00:00+00:00,66439.12,66517.43,66167.1,66220.28,2058.5346,334150,1043.9064
2026-04-02 12:00:00+00:00,66220.28,67104.86,65712.12,66868.18,4157.5904,914851,2312.82
2026-04-02 15:00:00+00:00,66868.17,67430.99,66646.36,66679.16,3201.9658,661214,1400.8671
2026-04-02 18:00:00+00:00,66679.16,67109.09,66596.8,66939.25,1649.6173,428235,714.59209
2026-04-02 21:00:00+00:00,66939.25,67096.68,66731.08,66901.99,1068.9565,226031,524.75507
2026-04-03 00:00:00+00:00,66901.99,67000,66282,66533.81,1627.361,333850,713.87839
2026-04-03 03:00:00+00:00,66533.82,66808.5,66416.68,66600.35,2136.7609,305559,869.09351
2026-04-03 06:00:00+00:00,66600.35,67288,66558.76,66965.39,2034.8437,325511,1014.3529
2026-04-03 09:00:00+00:00,66965.39,67057.42,66674.72,67017.44,722.64631,220633,349.58414
2026-04-03 12:00:00+00:00,67017.43,67370.42,66508.1,66929.81,1892.9753,388848,1064.0179
2026-04-03 15:00:00+00:00,66929.8,67069,66751.86,66855.01,1204.9852,211351,638.57445
2026-04-03 18:00:00+00:00,66855,66930,66774.02,66831.98,618.51141,109531,221.06914
2026-04-03 21:00:00+00:00,66831.97,66970.18,66826.13,66964.3,1191.0476,127821,664.69948
2026-04-04 00:00:00+00:00,66964.29,66968.28,66814,66844.83,716.38437,142057,292.55202
2026-04-04 03:00:00+00:00,66844.84,66936.72,66775.91,66916.29,896.33822,148001,406.0373
2026-04-04 06:00:00+00:00,66916.3,67057.42,66911.2,66940,1316.9533,147232,682.56412
2026-04-04 09:00:00+00:00,66940,67232.72,66918,67156.93,949.12777,158749,490.04869
2026-04-04 12:00:00+00:00,67156.93,67267,67029.07,67215.24,871.72279,169036,442.06996
2026-04-04 15:00:00+00:00,67215.24,67562.93,67177.39,67329.4,1183.8496,269460,633.21733
2026-04-04 18:00:00+00:00,67329.41,67543.6,67186.62,67268.4,497.10799,178297,216.9093
2026-04-04 21:00:00+00:00,67268.4,67504.54,67215,67300.42,942.0321,143347,537.9306
2026-04-05 00:00:00+00:00,67300.42,67307.28,66955.72,67170.16,1053.1764,136056,447.12511
2026-04-05 03:00:00+00:00,67170.17,67188.51,66888,66931.65,722.98171,105931,296.12267
2026-04-05 06:00:00+00:00,66931.65,66940,66611.66,66933.18,1571.2142,202807,824.91916
2026-04-05 09:00:00+00:00,66933.18,67150,66902.15,66999,835.3548,166231,336.03846
2026-04-05 12:00:00+00:00,66998.99,66999,66680.57,66918.03,1265.3379,250293,551.11942
2026-04-05 15:00:00+00:00,66918.03,67856.16,66829.02,67373.64,1995.9952,368834,983.08214
2026-04-05 18:00:00+00:00,67373.64,67705.74,67276.67,67658.35,778.94375,218253,384.86264
2026-04-05 21:00:00+00:00,67658.35,69136.2,67347.05,69034.18,3510.4635,657852,1968.2873
2026-04-06 00:00:00+00:00,69034.18,69588,68776.61,69207.99,3861.1667,773642,2003.7887
2026-04-06 03:00:00+00:00,69207.99,69259.06,68980.36,69199.31,1946.2728,328159,1061.3361
2026-04-06 06:00:00+00:00,69199.31,69354.26,68806.53,69224.63,2025.1088,416204,958.05449
2026-04-06 09:00:00+00:00,69224.63,70283.32,69214.46,69614.91,3484.2359,568832,1825.7649
2026-04-06 12:00:00+00:00,69614.91,69809.99,69163.86,69654.38,2595.2337,794846,1322.4118
2026-04-06 15:00:00+00:00,69654.39,70351.46,69282.02,69574.61,3019.6507,841358,1511.1267
2026-04-06 18:00:00+00:00,69574.62,69974.08,69479.49,69826.01,1342.6975,434684,627.9019
2026-04-06 21:00:00+00:00,69826,69826,68300,68853.66,2007.2444,537798,839.40797
2026-04-07 00:00:00+00:00,68853.66,69128.2,68273.34,68674,1972.6719,665562,930.84647
2026-04-07 03:00:00+00:00,68674.01,68981.83,68540.84,68669,1476.7206,308964,730.59753
2026-04-07 06:00:00+00:00,68669,68984.48,68443,68936.71,1135.4935,282440,570.9049
2026-04-07 09:00:00+00:00,68936.71,69247.9,68071.96,68345.75,1934.6508,480424,1014.7914
2026-04-07 12:00:00+00:00,68345.75,68633.87,67763.64,67860.48,2956.839,665047,1391.0084
2026-04-07 15:00:00+00:00,67860.49,69000,67732.01,68705.81,2886.4241,586418,1487.1841
2026-04-07 18:00:00+00:00,68705.82,69535.26,68358.1,69319.39,3113.0068,587061,1645.5907
2026-04-07 21:00:00+00:00,69319.39,72761,69311.84,71924.22,8274.6901,1295790,4694.2593
2026-04-08 00:00:00+00:00,71924.22,72110.65,71240.99,71364.94,2928.8338,529182,1290.8102
2026-04-08 03:00:00+00:00,71364.95,71831.6,71277.18,71731.1,1984.1417,252636,896.91187
2026-04-08 06:00:00+00:00,71731.1,71941.42,71573.04,71800,2256.1974,310864,950.5334
2026-04-08 09:00:00+00:00,71799.99,71955,71407.77,71675.12,1713.4975,274246,853.91047
2026-04-08 12:00:00+00:00,71675.12,72857,70707.23,70912.88,5942.8706,1059778,3169.5392
2026-04-08 15:00:00+00:00,70912.89,71963.94,70833.3,71888.19,2313.2107,641892,1177.4896
2026-04-08 18:00:00+00:00,71888.19,71888.2,71019,71372.93,1403.4982,439866,601.57489
2026-04-08 21:00:00+00:00,71372.94,71748,70901.89,71069.93,1260.4364,335524,629.43233
2026-04-09 00:00:00+00:00,71069.93,71198.8,70466,71060.64,1837.042,455048,832.87675
2026-04-09 03:00:00+00:00,71060.64,71124.05,70689.38,70984,1607.805,252951,834.10327
2026-04-09 06:00:00+00:00,70983.99,71380,70809.94,71249.51,2024.2605,293855,1223.5391
2026-04-09 09:00:00+00:00,71249.51,71575,71038.5,71150.17,1263.5408,246329,683.81895
2026-04-09 12:00:00+00:00,71150.17,71355.24,70522.77,71123.71,1952.3645,559348,964.30887
2026-04-09 15:00:00+00:00,71123.71,72550,70929.44,72347.49,4894.3451,983881,2614.8804
2026-04-09 18:00:00+00:00,72348,72458.31,71747.68,72413.97,1666.1096,463507,890.39019
2026-04-09 21:00:00+00:00,72413.96,73145,71585.25,71787.97,2912.9541,518106,1560.4002
2026-04-10 00:00:00+00:00,71787.98,72387,71573.35,71965.36,2163.1874,464415,1114.2058
2026-04-10 03:00:00+00:00,71965.36,72267.89,71813.73,72127.84,1686.5557,260786,691.32992
2026-04-10 06:00:00+00:00,72127.84,72179.85,71426.15,71606.07,1775.2907,306769,679.34001
2026-04-10 09:00:00+00:00,71606.08,72261.93,71583.47,72127.59,940.8327,261400,494.9218
2026-04-10 12:00:00+00:00,72127.59,73155.58,71899.51,72909,3769.3111,698231,2147.918
2026-04-10 15:00:00+00:00,72909,73289.96,72355.87,73121.66,2511.6458,578564,1306.5416
2026-04-10 18:00:00+00:00,73121.66,73434,72880.95,73361.68,2182.727,371043,1222.3616
2026-04-10 21:00:00+00:00,73361.68,73364.47,72700.6,72962.7,2343.0825,235100,1163.1298
2026-04-11 00:00:00+00:00,72962.71,73094.89,72670,72966.57,1410.2772,173171,690.43408
2026-04-11 03:00:00+00:00,72966.58,73075.34,72679.08,72722.28,747.4497,126814,350.35828
2026-04-11 06:00:00+00:00,72722.28,72832,72612.16,72664.17,1175.539,126205,731.40316
2026-04-11 09:00:00+00:00,72664.16,72915.95,72617.75,72907.05,641.43078,118987,362.48042
2026-04-11 12:00:00+00:00,72907.05,72982.4,72513.09,72704.67,887.03004,169567,382.57015
2026-04-11 15:00:00+00:00,72704.66,73204.74,72678,73095.97,1172.3546,207951,667.49851
2026-04-11 18:00:00+00:00,73095.97,73790,73032.61,73290.43,1847.1862,345964,928.03528
2026-04-11 21:00:00+00:00,73290.43,73574,72907.4,73043.16,1189.6762,203382,560.69617
2026-04-12 00:00:00+00:00,73043.16,73137.24,71310,71761.35,3301.9169,579908,1422.5214
2026-04-12 03:00:00+00:00,71761.35,71861.33,71417.22,71710.2,2069.4843,218106,935.55897
2026-04-12 06:00:00+00:00,71710.19,71805.85,71588.57,71629.21,1612.8088,110772,775.89271
2026-04-12 09:00:00+00:00,71629.21,71682.72,71357.76,71468.55,858.45249,118958,362.46047
2026-04-12 12:00:00+00:00,71468.54,71500,70700,70748.34,1858.8899,307867,734.35623
2026-04-12 15:00:00+00:00,70748.34,71202,70604.07,71140.51,1085.1134,182792,592.73636
2026-04-12 18:00:00+00:00,71140.51,71440,70956.83,71335.43,1031.5754,133089,697.54447
2026-04-12 21:00:00+00:00,71335.43,71452,70505.88,70740.98,1654.2269,417287,805.2423
2026-04-13 00:00:00+00:00,70741.56,71271.78,70615.3,71073.14,1537.7311,313903,879.03682
2026-04-13 03:00:00+00:00,71073.14,71155.42,70672.72,70878.82,1466.8586,224932,804.2222
2026-04-13 06:00:00+00:00,70878.82,71106.54,70566.99,70680.7,1890.2841,225536,1020.5446
2026-04-13 09:00:00+00:00,70680.7,70997.12,70678,70929.68,688.91961,184870,372.34935
2026-04-13 12:00:00+00:00,70929.68,72401,70758.5,72400.15,4103.1113,693398,2181.0143
2026-04-13 15:00:00+00:00,72400.15,72600,71652.65,72148.87,4510.1791,700007,1956.9121
2026-04-13 18:00:00+00:00,72148.87,73480,72053.78,73149.36,4680.4805,610715,2472.3402
2026-04-13 21:00:00+00:00,73149.36,74900,73072.85,74417.99,5352.6519,720178,2953.3795
2026-04-14 00:00:00+00:00,74418,74579.32,73954.86,74330.98,2939.6728,374476,1215.7097
2026-04-14 03:00:00+00:00,74330.99,74504.52,74150.6,74210.11,1969.0847,221504,968.44144
2026-04-14 06:00:00+00:00,74210.12,74924.64,74210.12,74750,3009.4241,384014,1416.5711
2026-04-14 09:00:00+00:00,74750,74830.93,74307.35,74376.52,1759.406,271691,824.24486
2026-04-14 12:00:00+00:00,74376.52,76038,74277.19,75013.62,8117.8666,1027873,4894.6646
2026-04-14 15:00:00+00:00,75013.61,75688,74244.63,74748.9,3913.0404,777801,1792.2356
2026-04-14 18:00:00+00:00,74748.89,74814.99,73795.47,74102.29,3102.9258,584160,1510.9386
2026-04-14 21:00:00+00:00,74102.28,74373.19,73806.09,74131.55,1721.5241,391929,691.08375
2026-04-15 00:00:00+00:00,74131.55,74786.72,74126.32,74322,1825.1226,353538,936.54669
2026-04-15 03:00:00+00:00,74322.01,74434.51,73864.01,74021.5,1520.1388,240800,633.39972
2026-04-15 06:00:00+00:00,74021.5,74181.9,73514,74110.51,2403.7293,318883,1193.4334
2026-04-15 09:00:00+00:00,74110.52,74256.44,73789.5,74201.78,1356.8383,311183,652.97447
2026-04-15 12:00:00+00:00,74201.78,74506.84,73817.23,74151.81,2001.57,573225,1020.1422
2026-04-15 15:00:00+00:00,74151.81,74299.07,73580.85,74134.95,1884.5832,557329,796.95436
2026-04-15 18:00:00+00:00,74134.95,75281,74073.61,74841.68,2157.1807,496841,1103.2199
2026-04-15 21:00:00+00:00,74841.67,75425,74540.23,74809.99,1275.8788,335993,677.3491
2026-04-16 00:00:00+00:00,74809.99,75267.85,74451.49,74887.24,1467.2563,365033,756.70813
2026-04-16 03:00:00+00:00,74887.23,75174.38,74728,75043.48,1343.2437,334698,630.2524
2026-04-16 06:00:00+00:00,75043.47,75115.12,74500,74677.91,1982.7658,281948,897.26044
2026-04-16 09:00:00+00:00,74677.91,74901.5,74277.34,74574.79,2017.4113,289633,1292.097
2026-04-16 12:00:00+00:00,74574.8,75030.39,73309.85,73973.33,3689.8152,733755,1636.2762
2026-04-16 15:00:00+00:00,73973.33,74932,73912.23,74343.25,3033.7603,726251,1447.6788
2026-04-16 18:00:00+00:00,74343.25,75534.76,74240,75223.47,2645.7269,566662,1469.0445
2026-04-16 21:00:00+00:00,75223.48,75286.51,74789.5,75154.29,908.70833,283910,472.38052
2026-04-17 00:00:00+00:00,75154.28,75154.77,74529.4,74700,1439.2057,216294,623.03555
2026-04-17 03:00:00+00:00,74700,74871.11,74555.12,74637.77,1177.2367,199868,558.98616
2026-04-17 06:00:00+00:00,74637.77,75881.95,74604.62,75780.38,2378.5445,355090,1460.6968
2026-04-17 09:00:00+00:00,75780.38,76370.25,75095.93,75589.7,3484.6386,598964,1833.8619
2026-04-17 12:00:00+00:00,75589.7,78052.49,75531.97,77886.77,9869.0313,1668900,6000.9043
2026-04-17 15:00:00+00:00,77886.77,78333,77101.49,77520.59,4550.7845,1078826,2424.0558
2026-04-17 18:00:00+00:00,77520.59,77611.68,77000,77337.64,1647.0797,539439,917.64307
2026-04-17 21:00:00+00:00,77337.64,77510,76911,77072,1394.846,273786,616.29372
2026-04-18 00:00:00+00:00,77072.01,77420.08,76978.17,77292.52,858.50982,216707,493.59156
2026-04-18 03:00:00+00:00,77292.53,77296.95,76884.1,77134.66,951.05083,177521,449.75764
2026-04-18 06:00:00+00:00,77134.66,77217,76501,76738.63,1218.0191,230095,481.20206
2026-04-18 09:00:00+00:00,76738.62,76738.63,75763.76,76039.05,1896.937,367829,820.1216
2026-04-18 12:00:00+00:00,76039.06,76300,75797.53,76249.99,1411.4257,307592,743.75829
2026-04-18 15:00:00+00:00,76250,76363.75,75691.03,75828.51,1039.5415,267004,447.69854
2026-04-18 18:00:00+00:00,75828.51,75844.66,75445.16,75754.78,1270.7616,242475,606.69574
2026-04-18 21:00:00+00:00,75754.77,75891.64,75599.64,75691.76,495.59905,131889,290.95819
2026-04-19 00:00:00+00:00,75691.76,75847.42,75407.84,75496,831.08883,187884,348.5782
2026-04-19 03:00:00+00:00,75496.01,75782.63,75357,75545.6,644.53015,176338,308.36346
2026-04-19 06:00:00+00:00,75545.6,75545.6,74867.72,75257.6,1490.5135,263497,748.1779
2026-04-19 09:00:00+00:00,75257.59,75641.99,74921.74,75604.11,1055.1176,234348,609.42664
2026-04-19 12:00:00+00:00,75604.11,76240.66,75432.07,76024.01,1821.1185,357579,986.85151
2026-04-19 15:00:00+00:00,76024.02,76155.3,74638.31,74791.26,2297.167,593434,1009.3398
2026-04-19 18:00:00+00:00,74791.27,75071.61,74427.53,74630,1290.7068,388598,618.16048
2026-04-19 21:00:00+00:00,74630.01,74810,73762.9,73801.79,1939.5799,538073,829.72078
2026-04-20 00:00:00+00:00,73801.8,74746.93,73724.31,74410.01,2217.2336,345781,1094.3959
2026-04-20 03:00:00+00:00,74410.01,74640.65,74095.18,74264.15,1144.7106,201993,598.91487
2026-04-20 06:00:00+00:00,74264.16,75572,74250,74728.91,2155.574,489979,1241.6135
2026-04-20 09:00:00+00:00,74728.92,75404.63,74706.87,75192.71,1108.0052,313630,630.74482
2026-04-20 12:00:00+00:00,75192.72,75766.74,74859.11,75034.79,2520.155,791433,1222.0062
2026-04-20 15:00:00+00:00,75034.79,75991.47,74702,75898.14,2470.2801,692726,1327.0599
2026-04-20 18:00:00+00:00,75898.14,76558.62,75898.14,76276.17,4331.743,485386,2234.7189
2026-04-20 21:00:00+00:00,76276.18,76357.2,75617.6,75840.97,1045.7088,242663,463.24702
2026-04-21 00:00:00+00:00,75840.97,76263.4,75580,75581.33,1356.1877,309678,743.54608
2026-04-21 03:00:00+00:00,75581.33,75981.1,75474.77,75802,837.43281,204755,378.68267
2026-04-21 06:00:00+00:00,75802,76927.57,75703.85,76507.21,2560.8357,337755,1588.4446
2026-04-21 09:00:00+00:00,76507.21,76866.55,76155,76452.94,1743.9576,353974,807.41015
2026-04-21 12:00:00+00:00,76452.94,76595.3,75625.28,75675.05,2675.0842,709687,1219.4289
2026-04-21 15:00:00+00:00,75675.04,76190.72,75052.64,75545.62,2415.2767,780536,1194.9665
2026-04-21 18:00:00+00:00,75545.62,75919.5,74821.57,75698.51,2207.9952,629635,1152.5775
2026-04-21 21:00:00+00:00,75698.51,76425.37,75302.01,76336.15,1115.8014,290193,587.90648
2026-04-22 00:00:00+00:00,76336.14,77645.35,76132.95,77604.71,2471.2705,541768,1554.5562
2026-04-22 03:00:00+00:00,77604.7,78452.18,77364.25,77994.93,3890.2994,578165,2063.3537
2026-04-22 06:00:00+00:00,77994.92,78219.41,77825,78010.92,2444.8604,324106,1247.7899
2026-04-22 09:00:00+00:00,78010.92,78399,77951.17,78300,1329,290963,630.71642
2026-04-22 12:00:00+00:00,78300,79174.68,78114.04,79045.75,4053.8224,821204,2340.1176
2026-04-22 15:00:00+00:00,79045.75,79472.82,78632.37,78900,2925.2915,602672,1516.3026
2026-04-22 18:00:00+00:00,78900.01,79163.66,78410,78436.68,1316.9123,350105,626.7577
2026-04-22 21:00:00+00:00,78436.69,78824,78155.83,78178.23,1306.0558,248094,396.53027
2026-04-23 00:00:00+00:00,78178.22,78574.44,77582.17,77939.92,2873.772,559642,1356.9213
2026-04-23 03:00:00+00:00,77939.91,78110.01,77453.43,78033.87,1595.1465,323829,755.83978
2026-04-23 06:00:00+00:00,78034,78339.35,77714.86,77858.35,1860.7532,313180,652.06208
2026-04-23 09:00:00+00:00,77858.34,77860.8,77174.01,77704.62,2426.9684,364592,1335.9238
2026-04-23 12:00:00+00:00,77704.61,78201.53,77379.92,78180.77,2155.4376,574045,1079.1878
2026-04-23 15:00:00+00:00,78180.78,78662.5,76960,77769.21,3394.9275,764823,1504.5375
2026-04-23 18:00:00+00:00,77769.2,78146.75,77592.92,77886.97,1953.0182,477723,717.656
2026-04-23 21:00:00+00:00,77886.97,78331,77800,78257.48,710.77165,193962,358.62754
2026-04-24 00:00:00+00:00,78257.48,78581.93,77952.16,78125.65,1410.7855,286571,781.08141
2026-04-24 03:00:00+00:00,78125.65,78178.4,77457,77953.48,1668.7758,276139,806.98023
2026-04-24 06:00:00+00:00,77953.48,78000,77543.52,77785.71,1709.335,238038,852.83759
2026-04-24 09:00:00+00:00,77785.7,78372.58,77402.01,78240.26,2187.4504,371580,1137.8829
2026-04-24 12:00:00+00:00,78240.27,78479.37,77681.74,78037.64,2188.094,539950,891.8519
2026-04-24 15:00:00+00:00,78037.65,78233.18,77489.6,77681.71,1724.4483,468780,795.29243
2026-04-24 18:00:00+00:00,77681.72,77757.14,77363.63,77718.31,948.19048,246553,487.14343
2026-04-24 21:00:00+00:00,77718.31,77756.15,77264.08,77437.13,838.06361,154362,394.99405
2026-04-25 00:00:00+00:00,77437.13,77644.04,77309.92,77607.8,800.78599,111193,423.93789
2026-04-25 03:00:00+00:00,77607.8,77711.87,77485.51,77510.28,591.99258,92473,299.0404
2026-04-25 06:00:00+00:00,77510.27,77654.41,77450,77643.37,560.74805,83007,304.60292
2026-04-25 09:00:00+00:00,77643.38,77885.35,77587.1,77682.3,636.69621,94083,410.91974
2026-04-25 12:00:00+00:00,77682.29,77752.54,77550.61,77656.75,526.23829,95606,262.8383
2026-04-25 15:00:00+00:00,77656.74,77722.7,77140.23,77245.77,1103.0589,154735,449.61141
2026-04-25 18:00:00+00:00,77245.78,77481.7,77193.79,77479.13,710.60878,85943,361.89169
2026-04-25 21:00:00+00:00,77479.14,77650,77415.2,77625,754.98536,89502,487.0112
2026-04-26 00:00:00+00:00,77625,77642.43,77445.94,77512.67,524.40281,80387,198.37518
2026-04-26 03:00:00+00:00,77512.67,78200,77326.51,77983.31,1170.9124,198967,622.86361
2026-04-26 06:00:00+00:00,77983.31,78210,77899.45,78032.59,647.59425,114331,345.32117
2026-04-26 09:00:00+00:00,78032.59,78149.99,77926.59,78101.44,455.7338,93761,263.85182
2026-04-26 12:00:00+00:00,78101.43,78173.15,77770,78095.66,953.06815,150778,459.05182
2026-04-26 15:00:00+00:00,78095.65,78121.92,77850,78018.57,749.6963,116998,249.46595
2026-04-26 18:00:00+00:00,78018.57,78500,77988.11,78194.22,1104.975,201755,559.60161
2026-04-26 21:00:00+00:00,78194.21,78961,77843.75,78657.55,2357.1788,519994,1283.3345
2026-04-27 00:00:00+00:00,78657.55,79485.66,78400.03,79130.01,2645.5479,539828,1511.7086
2026-04-27 03:00:00+00:00,79130.01,79316.5,77562.63,77785.54,2620.9151,466437,1130.7484
2026-04-27 06:00:00+00:00,77785.55,77871.9,77465.05,77804.34,1850.4711,253952,895.95292
2026-04-27 09:00:00+00:00,77804.34,77980,77700,77844.26,1142.3942,155791,599.2251
2026-04-27 12:00:00+00:00,77844.25,78265.34,77571.79,77815.25,1922.6124,449246,855.83951
2026-04-27 15:00:00+00:00,77815.26,77827.17,76546,76743.24,3566.4412,665284,1606.5395
2026-04-27 18:00:00+00:00,76743.23,77067.8,76459.64,76960.43,1271.461,272911,567.07513
2026-04-27 21:00:00+00:00,76960.43,77450,76763.71,77371.32,1027.0813,179440,545.44302
2026-04-28 00:00:00+00:00,77371.32,77478,76672.56,76890.93,1169.7933,265812,480.38932
2026-04-28 03:00:00+00:00,76890.92,77154,76672,76885.98,1064.1358,211320,540.13116
2026-04-28 06:00:00+00:00,76885.97,77027.91,76424.9,76858.59,3140.1225,333080,1650.2206
2026-04-28 09:00:00+00:00,76858.59,76863.54,76130.1,76229,1799.6564,291117,862.12954
2026-04-28 12:00:00+00:00,76228.99,76421.94,75666.6,75949.99,3204.814,564365,1537.5477
2026-04-28 15:00:00+00:00,75950,76262.63,75836.88,76187.3,1356.625,353376,656.77371
2026-04-28 18:00:00+00:00,76187.3,76480,76066.35,76463.95,856.85349,188125,475.87952
2026-04-28 21:00:00+00:00,76463.95,76481.3,76197.02,76342.77,618.72328,145251,315.88317
2026-04-29 00:00:00+00:00,76342.78,76668.02,76187.75,76531.29,1323.67,218241,733.55776
2026-04-29 03:00:00+00:00,76531.29,77455.71,76519.94,77288.38,1636.4597,317048,938.03951
2026-04-29 06:00:00+00:00,77288.39,77337.57,76907.07,77046.32,2445.4718,222926,1355.2683
2026-04-29 09:00:00+00:00,77046.31,77904.93,76972.32,77590.03,2158.1083,353134,1216.0952
2026-04-29 12:00:00+00:00,77590.04,77596.39,76425.62,76570,4130.7671,620999,2032.8654
2026-04-29 15:00:00+00:00,76570,76634.61,75696.13,76184.01,2703.7925,539931,1484.228
2026-04-29 18:00:00+00:00,76184,76274.8,74937.52,75676.79,2966.7702,544289,1403.959
2026-04-29 21:00:00+00:00,75676.79,76088.9,75607.7,75780,914.89055,216322,516.00778
2026-04-30 00:00:00+00:00,75780,76473.26,75494.7,75704.74,1431.3188,415285,738.84221
2026-04-30 03:00:00+00:00,75704.74,75994.26,75323.65,75600.09,1100.8049,313692,651.3839
2026-04-30 06:00:00+00:00,75600.09,76208.92,75569.99,76058.17,1239.8483,259202,686.10792
2026-04-30 09:00:00+00:00,76058.17,76339.38,75876.29,76059.43,1361.0844,248786,794.5073
2026-04-30 12:00:00+00:00,76059.42,76669.14,76042.75,76301.24,3131.4993,604975,1696.9324
2026-04-30 15:00:00+00:00,76301.25,76653.6,76111,76250.01,813.97358,329343,373.63851
2026-04-30 18:00:00+00:00,76250,76568.9,76204.4,76492.46,778.76064,251067,390.37879
2026-04-30 21:00:00+00:00,76492.45,76535.42,76206.02,76346.57,524.52621,147130,253.40021
2026-05-01 00:00:00+00:00,76346.58,76776.21,76320.42,76592.54,1194.1884,172027,580.2394
2026-05-01 03:00:00+00:00,76592.54,77453.74,76555.06,77165.98,2335.7094,291099,956.97693
2026-05-01 06:00:00+00:00,77165.99,77500,76882,77377.47,1770.6202,232162,875.28465
2026-05-01 09:00:00+00:00,77377.48,77600,77146.48,77463.98,1270.5376,180344,754.37644
2026-05-01 12:00:00+00:00,77463.98,78914.12,77408.73,78358.75,5718.018,639192,2906.2478
2026-05-01 15:00:00+00:00,78358.74,78735.92,78131.02,78552.94,2207.1835,422202,1034.6231
2026-05-01 18:00:00+00:00,78552.93,78623.37,77752,77880.18,1827.9473,275902,764.58817
2026-05-01 21:00:00+00:00,77880.18,78411.13,77857.97,78231.13,991.26058,175530,450.64365
2026-05-02 00:00:00+00:00,78231.13,78513.7,78166.48,78353.93,895.97248,148247,435.9968
2026-05-02 03:00:00+00:00,78353.93,78514.82,78040,78174,1238.6175,129354,561.56075
2026-05-02 06:00:00+00:00,78174,78363.21,78148.24,78315.37,741.41553,82714,436.90177
2026-05-02 09:00:00+00:00,78315.36,78394,78094.43,78143.08,663.30193,75608,349.2193
2026-05-02 12:00:00+00:00,78143.09,78484.42,78108.41,78423.98,599.941,104087,425.05099
2026-05-02 15:00:00+00:00,78423.98,78596.61,78365.96,78398.02,533.96411,112507,273.12769
2026-05-02 18:00:00+00:00,78398.03,78521.68,78310.54,78451.38,362.14321,85896,159.18826
2026-05-02 21:00:00+00:00,78451.37,79199.48,78439.51,78686.85,1115.5207,197730,655.99402
2026-05-03 00:00:00+00:00,78686.84,78754.55,78108.75,78171.85,847.40735,174507,306.58069
2026-05-03 03:00:00+00:00,78171.86,78260.75,78109.94,78249.42,388.16238,84491,173.72535
2026-05-03 06:00:00+00:00,78249.41,78505.92,78084.08,78387.86,708.38012,114121,377.65991
2026-05-03 09:00:00+00:00,78387.87,78849.22,78354.53,78656.01,846.75821,117817,587.02172
2026-05-03 12:00:00+00:00,78656.01,78878.77,78586.99,78741,900.65143,154898,352.21519
2026-05-03 15:00:00+00:00,78741,78822.83,78558.65,78725.76,762.66939,139452,266.37094
2026-05-03 18:00:00+00:00,78725.76,79268,78631.61,78915.99,1036.5971,164268,505.99483
2026-05-03 21:00:00+00:00,78915.99,79447,78484.42,78568.57,1935.1669,402920,895.34549
2026-05-04 00:00:00+00:00,78568.58,80420.9,78288.88,80173.3,4079.4311,646424,2392.5621
2026-05-04 03:00:00+00:00,80173.3,80635.51,79926.9,80027.26,3121.0237,415009,1550.5023
2026-05-04 06:00:00+00:00,80027.26,80048.64,79500,79708.3,1958.936,259295,868.76261
2026-05-04 09:00:00+00:00,79708.3,79930,78202,78793.67,5553.6729,579180,2985.8511
2026-05-04 12:00:00+00:00,78793.67,80545.17,78500,80216.16,3459.507,572735,1916.478
2026-05-04 15:00:00+00:00,80216.15,80776.99,79320.28,80390.81,5031.5297,794062,2422.6846
2026-05-04 18:00:00+00:00,80390.8,80439.18,79900,79936.7,1629.117,275269,658.5972
2026-05-04 21:00:00+00:00,79936.7,80397.19,79744.91,79861.01,1209.7439,192630,556.20758
2026-05-05 00:00:00+00:00,79861.01,80900,79808.72,80554.68,1724.2073,256481,954.03779
2026-05-05 03:00:00+00:00,80554.69,81323.52,80457.93,80970,2218.2612,330775,1107.1146
2026-05-05 06:00:00+00:00,80969.99,81136.59,80723.2,80815.24,1908.7239,218105,859.7494
2026-05-05 09:00:00+00:00,80815.24,81095.48,80527.76,81014.05,2010.1144,204495,955.19062
2026-05-05 12:00:00+00:00,81014.05,81712.32,80932.54,81336.59,3662.1512,555704,1987.862
2026-05-05 15:00:00+00:00,81336.59,81689.2,81050.04,81270.6,1887.2999,347667,929.89964
2026-05-05 18:00:00+00:00,81270.61,81770,81270.61,81646.38,1516.872,232637,876.69052
2026-05-05 21:00:00+00:00,81646.39,81791.48,80790,80905.52,2019.5502,345066,957.60521
2026-05-06 00:00:00+00:00,80905.53,81534.23,80731.14,81363.54,2301.2198,292913,1566.6872
2026-05-06 03:00:00+00:00,81363.54,81760.84,81060,81333,1878.3514,287063,975.64114
2026-05-06 06:00:00+00:00,81333,81986,81211.34,81945.66,2486.2929,314974,1186.2008
2026-05-06 09:00:00+00:00,81945.66,82850,81682.7,82522.89,3835.5177,426830,2192.8751
2026-05-06 12:00:00+00:00,82522.88,82539.33,81136,81526.73,3683.9069,648357,1655.8579
2026-05-06 15:00:00+00:00,81526.74,81907.51,81316.28,81452.63,2225.7006,366813,1238.0311
2026-05-06 18:00:00+00:00,81452.63,81700,81200,81427.52,1405.439,245664,740.48363
2026-05-06 21:00:00+00:00,81427.52,81618.77,81000,81447.01,982.34571,212093,420.91118
2026-05-07 00:00:00+00:00,81447.01,81490.03,80830.23,81113.34,1722.8774,334185,857.39245
2026-05-07 03:00:00+00:00,81113.35,81172.27,80725.09,81088,1088.4695,180902,526.93829
2026-05-07 06:00:00+00:00,81088,81708.32,80874.41,81231.24,1943.0479,281454,977.34541
2026-05-07 09:00:00+00:00,81231.25,81231.25,80572.4,80866.65,1716.7149,234185,864.68223
2026-05-07 12:00:00+00:00,80866.65,81180,80046,80171.38,3178.8528,499351,1456.3245
2026-05-07 15:00:00+00:00,80171.37,80271.42,79500,80094.52,3992.4747,523975,1763.8087
2026-05-07 18:00:00+00:00,80094.52,80371.23,79859.51,79879.99,1370.9943,283020,614.40811
2026-05-07 21:00:00+00:00,79880,80068.03,79582.95,80006,1141.3719,203257,564.24904
2026-05-08 00:00:00+00:00,80006,80142.84,79316.99,79488.46,2563.9448,249439,1282.6682
2026-05-08 03:00:00+00:00,79488.47,79778.95,79181.48,79600.01,1155.3225,196340,582.50492
2026-05-08 06:00:00+00:00,79600.01,79987.27,79248.58,79886.01,2413.6309,260397,1276.3704
2026-05-08 09:00:00+00:00,79886,80340.94,79788.01,80231.22,1719.6007,226474,936.50678
2026-05-08 12:00:00+00:00,80231.22,80500,79549.54,80150.97,2928.5013,527476,1508.5352
2026-05-08 15:00:00+00:00,80150.97,80261.87,79625,80060,2981.6476,433389,1713.9763
2026-05-08 18:00:00+00:00,80060,80299.99,79954.54,80133.09,1209.7897,230361,585.81347
2026-05-08 21:00:00+00:00,80133.08,80409.09,80111.02,80193.17,1028.8726,141496,442.01125
2026-05-09 00:00:00+00:00,80193.18,80477.47,80129.85,80417.87,704.98249,129531,415.35332
2026-05-09 03:00:00+00:00,80417.88,80666.66,80307.76,80379.49,1153.2985,136559,606.86028
2026-05-09 06:00:00+00:00,80379.5,80452.44,80135,80407.12,1013.3848,114164,523.133
2026-05-09 09:00:00+00:00,80407.12,80415.83,80166.26,80345.46,712.66983,84943,389.61718
2026-05-09 12:00:00+00:00,80345.47,80426.9,80254.71,80332.22,1021.442,108121,641.30788
2026-05-09 15:00:00+00:00,80332.23,80928.56,80234,80812.7,1395.1719,196450,770.69221
2026-05-09 18:00:00+00:00,80812.69,81080,80744.98,80805.5,701.30257,119768,362.39049
2026-05-09 21:00:00+00:00,80805.51,80896,80621.88,80678.4,846.16978,112837,323.3713
2026-05-10 00:00:00+00:00,80678.41,80790,80572.77,80777.42,1047.4967,122407,540.49237
2026-05-10 03:00:00+00:00,80777.42,80887.15,80682,80700.77,910.96222,101629,452.4878
2026-05-10 06:00:00+00:00,80700.76,80909.65,80658.97,80830.33,864.59345,103621,481.47858
2026-05-10 09:00:00+00:00,80830.34,80975.4,80691,80821.21,856.34097,116038,436.63277
2026-05-10 12:00:00+00:00,80821.21,81000.01,80784.2,80990.11,862.39434,136641,426.16706
2026-05-10 15:00:00+00:00,80990.11,81583.11,80936,81476.18,1975.2568,288911,1126.1143
2026-05-10 18:00:00+00:00,81476.18,81493.11,80279.77,80734.88,1624.9953,296849,707.57518
2026-05-10 21:00:00+00:00,80734.88,82479.32,80571.97,82210.07,3892.2791,635512,2224.9486
2026-05-11 00:00:00+00:00,82210.07,82380,81117.64,81169.08,2281.8951,470651,1135.7446
2026-05-11 03:00:00+00:00,81169.09,81188.97,80525,80832.33,1660.1153,266928,681.77956
2026-05-11 06:00:00+00:00,80832.34,81049.51,80621.87,80767.97,1256.8644,188932,528.77087
2026-05-11 09:00:00+00:00,80767.97,81200,80758.3,81196.94,1175.4723,204098,573.83747
2026-05-11 12:00:00+00:00,81196.95,81356.46,80462.97,80953.38,2020.9342,494527,949.99111
2026-05-11 15:00:00+00:00,80953.39,82071.77,80826.02,81941.09,2326.0576,462989,1181.8731
2026-05-11 18:00:00+00:00,81941.09,82137.26,81739.09,81821.02,1317.109,303413,691.50477
2026-05-11 21:00:00+00:00,81821.03,81969.99,81596.31,81745.65,913.31262,184858,388.87203
2026-05-12 00:00:00+00:00,81745.66,81788,80714.28,81249.93,1672.448,327521,738.03354
2026-05-12 03:00:00+00:00,81249.93,81305.24,81000,81224.03,916.09382,171949,423.09663
2026-05-12 06:00:00+00:00,81224.04,81300,80760.53,80843.31,1530.2955,228761,773.68254
2026-05-12 09:00:00+00:00,80843.3,80963.35,80496.57,80784.87,1494.4507,223401,799.63038
2026-05-12 12:00:00+00:00,80784.86,80999,80397.07,80540,2247.4175,519969,1122.8858
2026-05-12 15:00:00+00:00,80540,80676.78,79843.59,80527.69,2918.4171,483819,1083.689
2026-05-12 18:00:00+00:00,80527.69,80896.25,80430,80696.87,1006.0793,220833,513.02211
2026-05-12 21:00:00+00:00,80696.87,80791.94,80439.91,80504.47,601.05481,168884,262.16386
2026-05-13 00:00:00+00:00,80504.47,81281.66,80412.15,81050,1198.5124,282331,635.85399
2026-05-13 03:00:00+00:00,81050,81299.99,80976.27,81019.99,897.97976,143613,462.10684
2026-05-13 06:00:00+00:00,81020,81200,80889.12,81196.57,1348.1148,175596,614.16976
2026-05-13 09:00:00+00:00,81196.57,81324.64,80494.98,80501.22,1468.3578,237566,670.15618
2026-05-13 12:00:00+00:00,80501.22,80592.65,79481.56,79756.01,3342.0318,583759,1576.6534
2026-05-13 15:00:00+00:00,79756.02,79856.08,78754.65,79514.97,3864.9496,494134,1666.9021
2026-05-13 18:00:00+00:00,79514.97,79800,79400,79698.95,1436.3046,231122,862.49965
2026-05-13 21:00:00+00:00,79698.95,79705.73,79228,79313.61,1253.8056,202449,673.29987
2026-05-14 00:00:00+00:00,79313.61,79681.73,79222.22,79370.24,1497.1936,243836,814.93562
2026-05-14 03:00:00+00:00,79370.24,79998,78922,79809.16,1999.8822,331406,1056.5684
2026-05-14 06:00:00+00:00,79809.15,79953.35,79644.44,79821.56,1434.2287,215383,716.26955
2026-05-14 09:00:00+00:00,79821.55,79905.99,79234,79258.27,1193.6918,204557,542.71368
2026-05-14 12:00:00+00:00,79258.27,81020,79230.31,80964.85,3409.735,601873,1910.9179
2026-05-14 15:00:00+00:00,80964.84,82048.13,80816.08,81668.48,6992.6607,913258,4193.7505
2026-05-14 18:00:00+00:00,81668.49,81949.15,81166.22,81412.04,2051.266,405774,1114.2114
2026-05-14 21:00:00+00:00,81412.05,81559.71,81059.93,81089.99,1149.21,184959,400.84081
2026-05-15 00:00:00+00:00,81090,81664.45,80750,81299.14,1946.7742,465188,1051.8771
2026-05-15 03:00:00+00:00,81299.14,81340.81,80314,80360.01,1903.7379,354319,772.86904
2026-05-15 06:00:00+00:00,80360.01,81003.37,80314.01,80638,2232.9513,321306,1270.1322
2026-05-15 09:00:00+00:00,80638,80776.33,80369,80628.53,1167.6232,231376,598.9273
2026-05-15 12:00:00+00:00,80628.52,80635.44,78659,79150.37,5602.0963,933570,2613.2805
2026-05-15 15:00:00+00:00,79150.36,79504.83,79013.81,79460,1600.0641,421803,699.3174
2026-05-15 18:00:00+00:00,79460,79561.94,79000,79123.12,1190.2133,296585,435.44201
2026-05-15 21:00:00+00:00,79123.13,79200,78911.42,79113.21,1707.8104,159967,891.33293
2026-05-16 00:00:00+00:00,79113.2,79227.77,79010,79155.54,879.52039,139055,436.65159
2026-05-16 03:00:00+00:00,79155.55,79187.71,78860,79027.37,873.48606,126018,401.20844
2026-05-16 06:00:00+00:00,79027.36,79047.94,78066,78426.56,2279.0491,335641,1018.4873
2026-05-16 09:00:00+00:00,78426.55,78440.81,77640,78081.71,3467.0568,405727,1296.5755
2026-05-16 12:00:00+00:00,78080.46,78346,77833.4,78130.55,2351.4425,217644,1423.0273
2026-05-16 15:00:00+00:00,78130.55,78364.65,78078.22,78201.5,1011.224,169988,512.34576
2026-05-16 18:00:00+00:00,78201.5,78327.75,78142.99,78261,776.07947,102719,439.2642
2026-05-16 21:00:00+00:00,78261,78308.33,78125.32,78148.05,495.00354,100869,248.75123
2026-05-17 00:00:00+00:00,78148.05,78243.19,77721.19,77895.51,1084.7761,221071,435.32148
2026-05-17 03:00:00+00:00,77895.5,78323.96,77888,78121.41,835.13254,114635,449.58213
2026-05-17 06:00:00+00:00,78121.41,78208.69,78017,78089.8,434.49031,93985,204.61368
2026-05-17 09:00:00+00:00,78089.8,78599.99,78073.52,78415.99,1018.8092,178631,548.89459
2026-05-17 12:00:00+00:00,78415.99,78550,77850,78051.51,912.28207,188217,333.42641
2026-05-17 15:00:00+00:00,78051.51,78193.66,77856.69,78089.98,642.95269,161889,331.1423
2026-05-17 18:00:00+00:00,78089.99,78468.46,78014.33,78277.36,603.14808,142941,309.82652
2026-05-17 21:00:00+00:00,78277.36,78485.36,76735.16,77457.67,2911.1112,469064,1285.0606
2026-05-18 00:00:00+00:00,77457.67,77477.99,76707.61,76835.41,2378.9817,589606,1180.8667
2026-05-18 03:00:00+00:00,76835.41,77080.93,76772.01,76931.4,1450.35,244500,794.01691
2026-05-18 06:00:00+00:00,76931.4,77181.88,76583.33,77040.42,2323.5636,318981,1122.6023
2026-05-18 09:00:00+00:00,77040.43,77403.48,76668.58,77285.83,1490.3374,254737,698.39418
2026-05-18 12:00:00+00:00,77285.83,77800,76230.02,76393.65,4255.9225,794239,1828.3399
2026-05-18 15:00:00+00:00,76393.66,76757.21,76051,76706.39,3663.988,646031,1576.9048
2026-05-18 18:00:00+00:00,76706.38,77182.14,76144.24,76909.92,2055.9015,474552,1142.9404
2026-05-18 21:00:00+00:00,76909.92,77222.79,76800,77001.87,1126.4721,206682,572.3926
2026-05-19 00:00:00+00:00,77001.88,77414.62,76487.83,76617.47,1794.9244,347733,858.96045
2026-05-19 03:00:00+00:00,76617.46,77000,76586.11,76911.24,843.98819,213052,389.10057
2026-05-19 06:00:00+00:00,76911.25,77317.02,76886.13,77048.71,1342.2304,251158,682.37144
2026-05-19 09:00:00+00:00,77048.72,77103.97,76633.83,76714.62,1279.7658,263880,631.20397
2026-05-19 12:00:00+00:00,76714.61,77048.72,76144.71,76392.43,2589.9856,546419,1244.3052
2026-05-19 15:00:00+00:00,76392.43,77015.41,76337.97,76856.76,1784.8561,345185,1096.6055
2026-05-19 18:00:00+00:00,76856.76,77065.8,76744.8,77022.23,771.60991,193965,428.82552
2026-05-19 21:00:00+00:00,77022.22,77040.83,76642.95,76834.36,617.49946,153729,349.40184
2026-05-20 00:00:00+00:00,76834.36,76922.46,76516.74,76690.42,888.03463,308559,401.93966
2026-05-20 03:00:00+00:00,76690.42,77320,76604.99,77196.99,2012.3115,232519,965.17801
2026-05-20 06:00:00+00:00,77196.99,77635.52,77179.93,77458.04,1428.4464,210750,784.41262
2026-05-20 09:00:00+00:00,77458.05,77663,77328.2,77382.49,1133.5123,152021,551.73319
2026-05-20 12:00:00+00:00,77382.5,77748.05,76891.61,77446.08,2262.0171,569399,1122.9462
2026-05-20 15:00:00+00:00,77446.01,77853.04,77018.38,77568.95,1686.5644,485615,885.46093
2026-05-20 18:00:00+00:00,77568.95,77760,77350.71,77720.01,1161.1852,280085,636.97418
2026-05-20 21:00:00+00:00,77720.01,77766.6,77226.61,77552.23,724.19165,198806,257.51763
2026-05-21 00:00:00+00:00,77552.24,78173.15,77525,77955.78,1822.3503,278111,1012.6025
2026-05-21 03:00:00+00:00,77955.78,78180.01,77714.94,77828,1197.7737,162028,528.45606
2026-05-21 06:00:00+00:00,77828,78200,77521,77924.63,1191.399,267973,540.18907
2026-05-21 09:00:00+00:00,77924.63,77977.53,77147.15,77189.1,1441.4003,286937,774.77644
2026-05-21 12:00:00+00:00,77189.1,77363.32,76719.47,76984.61,1942.7999,503252,954.24849
2026-05-21 15:00:00+00:00,76984.61,78098.16,76900,77869.38,2107.403,482267,1190.667
2026-05-21 18:00:00+00:00,77869.38,77922.01,77230,77705.81,1141.782,332768,543.60834
2026-05-21 21:00:00+00:00,77705.8,77813.35,77534.43,77615.52,473.35025,159810,220.4606
2026-05-22 00:00:00+00:00,77615.52,77728.01,77327.28,77673.36,726.29999,213852,342.7141
2026-05-22 03:00:00+00:00,77673.37,77900,77454.56,77489,978.08563,167986,485.52128
2026-05-22 06:00:00+00:00,77489,77543.38,77216,77267.38,1446.4153,269494,745.21908
2026-05-22 09:00:00+00:00,77267.39,77430.55,77184.45,77428.84,926.87876,162053,561.96966
2026-05-22 12:00:00+00:00,77428.83,77584.94,76751,76774.23,1741.2675,379234,794.11012
2026-05-22 15:00:00+00:00,76774.23,77093.72,76570,76750,1675.9939,371952,851.37676
2026-05-22 18:00:00+00:00,76750.01,76898,75668.76,75984.47,2426.9581,541498,911.39725
2026-05-22 21:00:00+00:00,75984.47,76087.85,75359.18,75539.5,1350.4622,264714,512.68251
2026-05-23 00:00:00+00:00,75539.5,75635.59,75220,75572.07,1628.8154,342861,767.54883
2026-05-23 03:00:00+00:00,75572.07,75664.62,75469.89,75482.68,733.10255,111563,333.32377
2026-05-23 06:00:00+00:00,75482.68,75501.09,74289.6,74684.3,3189.1287,332594,1368.2125
2026-05-23 09:00:00+00:00,74684.29,74873.55,74624.5,74789.99,1545.149,112546,789.79523
2026-05-23 12:00:00+00:00,74789.99,75726.3,74660.05,75537.72,2308.7771,223803,1398.601
2026-05-23 15:00:00+00:00,75537.73,75676,75371.72,75488.18,1612.8763,191043,872.03687
2026-05-23 18:00:00+00:00,75488.17,77300,75472.04,77287.58,2036.7021,415969,1188.7886
2026-05-23 21:00:00+00:00,77286.08,77404.18,76396.06,76752.01,2032.337,373157,1020.2804
2026-05-24 00:00:00+00:00,76752,76968.04,76629.02,76830,803.65861,163103,464.63455
2026-05-24 03:00:00+00:00,76830.01,77011.62,76651.59,76822.23,613.85685,117183,218.89966
2026-05-24 06:00:00+00:00,76822.23,77065.94,76716.02,76830.69,678.80633,118601,350.26366
2026-05-24 09:00:00+00:00,76830.69,77543.15,76821.86,77320.06,1519.2973,190094,898.41814
2026-05-24 12:00:00+00:00,77320.06,77325.72,76195.36,76465.16,1584.2156,281919,743.31398
2026-05-24 15:00:00+00:00,76465.15,76799.99,76362.78,76693.34,1006.8143,176752,607.76645
2026-05-24 18:00:00+00:00,76693.34,76796.18,76596,76668.4,833.6532,163274,553.19885
2026-05-24 21:00:00+00:00,76668.41,77225.97,76108,77064.96,1357.6994,402043,676.63747
2026-05-25 00:00:00+00:00,77064.96,77485,76914.25,77108.77,1169.6992,337054,569.87138
2026-05-25 03:00:00+00:00,77108.77,77498,76990.78,77407,757.25726,156577,391.52853
2026-05-25 06:00:00+00:00,77406.99,77650,77184.62,77456.94,1142.6072,227500,620.74666
2026-05-25 09:00:00+00:00,77456.94,77699.97,77333.33,77357.5,861.81723,175549,380.59768
2026-05-25 12:00:00+00:00,77357.5,77773.69,77286.5,77714,1063.8938,233281,520.04992
2026-05-25 15:00:00+00:00,77713.99,77905.52,77508.88,77564.01,1120.3649,235864,506.8279
2026-05-25 18:00:00+00:00,77564,77658.01,77220,77273.06,814.41924,205520,389.30872
2026-05-25 21:00:00+00:00,77273.06,77449.94,77019.82,77322.01,742.2631,207164,265.45075
2026-05-26 00:00:00+00:00,77322.01,77345,76512.98,76660,1749.667,328967,772.7374
2026-05-26 03:00:00+00:00,76660,76989.23,76475.59,76930.01,1344.7798,181124,726.74473
2026-05-26 06:00:00+00:00,76930,77059.74,76603.73,76726.37,1340.6397,279578,694.84859
2026-05-26 09:00:00+00:00,76726.37,77621.75,76586.94,77183.55,1650.9268,366377,960.36324
2026-05-26 12:00:00+00:00,77183.56,78080,76691.88,76908.01,3082.8262,697282,1524.2688
2026-05-26 15:00:00+00:00,76908.01,77012,75850,75935.08,5011.9374,844051,1945.1095
2026-05-26 18:00:00+00:00,75935.09,76273.66,75779.3,76106.86,1752.4353,416251,740.63236
2026-05-26 21:00:00+00:00,76106.86,76117.31,75677.97,75930.01,1020.2641,247115,502.33587
2026-05-27 00:00:00+00:00,75930.01,76104.02,75682.99,75879,1791.4036,261295,967.26901
2026-05-27 03:00:00+00:00,75879.01,75966.91,75310.9,75697.99,1920.4622,311989,826.73446
2026-05-27 06:00:00+00:00,75697.99,76071.41,75690.01,75873.24,1225.5662,249510,687.86716
2026-05-27 09:00:00+00:00,75873.25,76043.94,75710.76,75769.18,982.89637,248912,585.13963
2026-05-27 12:00:00+00:00,75769.18,76174.15,74758.33,75031.92,4388.68,845118,1705.0936
2026-05-27 15:00:00+00:00,75031.92,75502.29,74685.58,74860.42,2534.0066,579872,1146.3279
2026-05-27 18:00:00+00:00,74860.42,75415.81,74663.45,75274.58,1818.4698,362984,991.76094
2026-05-27 21:00:00+00:00,75274.58,75274.58,74243.99,74449.3,2216.2901,507388,1080.6252
2026-05-28 00:00:00+00:00,74449.31,74590.77,74127.57,74287.42,1848.1968,550938,1096.0872
2026-05-28 03:00:00+00:00,74287.43,74380.39,72728.85,72990.87,6318.6746,778866,3157.4728
2026-05-28 06:00:00+00:00,72990.87,73512.14,72761.11,73325.88,2928.4736,335964,1474.7061
2026-05-28 09:00:00+00:00,73325.88,73616,73261.6,73505.66,1426.593,285333,817.67288
2026-05-28 12:00:00+00:00,73505.65,73580.75,72582.82,73033.06,3921.7406,818055,2140.6239
2026-05-28 15:00:00+00:00,73033.06,73734.72,72700,73554.82,2269.6973,533092,1261.5958
2026-05-28 18:00:00+00:00,73554.81,73749.69,73241.48,73579.99,1407.0911,282739,731.2514
2026-05-28 21:00:00+00:00,73580,73949.22,73448.55,73617.51,1153.5533,214726,605.96799
2026-05-29 00:00:00+00:00,73617.52,73868.33,73189.11,73225.06,1851.714,290854,911.47783
2026-05-29 03:00:00+00:00,73225.07,73719.39,73210.21,73706,1548.6489,229903,983.69303
2026-05-29 06:00:00+00:00,73706,73939.19,73373.37,73653.4,2054.7876,261662,1191.2872
2026-05-29 09:00:00+00:00,73653.4,73902.85,73341.85,73487.98,1507.7535,205861,944.26031
2026-05-29 12:00:00+00:00,73487.98,73487.98,72512.49,73096.85,2815.5919,619998,1387.4091
2026-05-29 15:00:00+00:00,73096.84,74514.1,73008.98,73980.94,5887.5352,716648,3881.4262
2026-05-29 18:00:00+00:00,73980.94,74065.29,73187.25,73673.61,1673.7931,371443,758.1425
2026-05-29 21:00:00+00:00,73673.62,73844,73320,73460.78,1346.9173,200949,610.67593
2026-05-30 00:00:00+00:00,73460.78,73786.7,73408.62,73786.69,1200.6078,148617,658.21365
2026-05-30 03:00:00+00:00,73786.7,73796.43,73216,73604.99,1270.0016,203869,637.0276
2026-05-30 06:00:00+00:00,73604.99,73709.91,73486,73530.07,831.04432,111258,480.08221
2026-05-30 09:00:00+00:00,73530.07,73680.75,73503.07,73602.02,802.33776,97828,432.8229
2026-05-30 12:00:00+00:00,73602.01,74100,73594.4,73929.11,1183.6997,178511,725.46936
2026-05-30 15:00:00+00:00,73929.11,74047.26,73811.3,74020.07,803.61885,160525,467.59819
2026-05-30 18:00:00+00:00,74020.06,74143.76,73926.68,73979.84,438.98266,105938,233.16438
2026-05-30 21:00:00+00:00,73979.85,74054,73781.3,73884.38,985.11644,117860,483.73258
2026-05-31 00:00:00+00:00,73884.38,74275.66,73858.56,74090.84,909.68879,195215,501.79457
2026-05-31 03:00:00+00:00,74090.84,74226.78,74055.16,74055.98,615.97242,123154,296.76284
2026-05-31 06:00:00+00:00,74055.99,74109.39,73836,73937.61,791.62151,123773,323.56479
2026-05-31 09:00:00+00:00,73937.62,74024,73699.2,73937.79,902.26381,126051,370.45368
2026-05-31 12:00:00+00:00,73937.63,74023.99,73483.05,73602.17,1082.3988,205358,470.10037
2026-05-31 15:00:00+00:00,73602.18,73775.79,73400,73709.44,782.15698,164382,357.08201
2026-05-31 18:00:00+00:00,73709.43,73760,73456.48,73739.66,851.74332,131433,511.24705
2026-05-31 21:00:00+00:00,73739.67,74198,73500,73674.39,1050.6115,294071,576.46712
2026-06-01 00:00:00+00:00,73674.39,74092,73222,73790,1337.5326,407164,660.21999
2026-06-01 03:00:00+00:00,73789.99,74019.58,73328.32,73350,1200.2876,278272,584.39598
2026-06-01 06:00:00+00:00,73349.99,73368,72610.03,72902.65,2325.4267,482138,958.52277
2026-06-01 09:00:00+00:00,72902.64,73095.64,72290,72479.99,3313.314,364608,1130.4683
2026-06-01 12:00:00+00:00,72480,72610,71363.43,71567.91,6951.9895,1185890,3294.134
2026-06-01 15:00:00+00:00,71567.91,71800.73,70686.68,71646.01,5476.4956,790869,3176.4425
2026-06-01 18:00:00+00:00,71646,71690,71382,71446,1373.4748,323249,762.69346
2026-06-01 21:00:00+00:00,71445.99,71583.29,70840.9,71408.9,1942.5711,405583,1033.4271
2026-06-02 00:00:00+00:00,71408.9,71408.9,70111,70846.49,3032.7,612545,1292.1419
2026-06-02 03:00:00+00:00,70846.48,71048,70267.79,70268.96,1814.4329,447030,829.71063
2026-06-02 06:00:00+00:00,70268.97,70442,69705.3,69821.99,3840.5975,618974,1795.227
2026-06-02 09:00:00+00:00,69822,69849,69324.65,69461.72,2821.6805,526994,1391.8595
2026-06-02 12:00:00+00:00,69461.73,69548.13,67617.85,68019.3,6990.8868,1130436,3239.6746
2026-06-02 15:00:00+00:00,68019.3,68146.3,67076,67492.34,5239.6158,1057808,2580.4335
2026-06-02 18:00:00+00:00,67492.34,67689.65,66432,67587.77,4896.9332,854053,2499.5259
2026-06-02 21:00:00+00:00,67587.78,67923.24,66193,66760.83,4221.349,1002837,2046.9185
2026-06-03 00:00:00+00:00,66760.84,67204.15,66472.65,66620.01,2985.1954,680486,1602.7966
2026-06-03 03:00:00+00:00,66620,67398.28,65426.34,67330.01,5929.5425,987231,2852.9022
2026-06-03 06:00:00+00:00,67330,67516,66872.01,67028,3934.9865,602177,2217.608
2026-06-03 09:00:00+00:00,67028.01,67476.69,66656.48,67067.37,2567.2225,537624,1315.6341
2026-06-03 12:00:00+00:00,67067.37,67244.62,66635,66864.95,3016.3659,995729,1461.4963
2026-06-03 15:00:00+00:00,66864.95,66898,65555,65964.08,3964.7856,1072327,1863.1089
2026-06-03 18:00:00+00:00,65964.08,66161.24,64766,65007.27,3691.3529,754193,1362.1241
2026-06-03 21:00:00+00:00,65007.27,65860,64092.49,64142.75,4048.8552,1046591,1891.6254
2026-06-04 00:00:00+00:00,64142.75,64428,61383.56,63231.99,14555.136,2076097,5784.3946
2026-06-04 03:00:00+00:00,63232,64764.32,63218.48,63955.47,5096.5721,888684,2519.7038
2026-06-04 06:00:00+00:00,63955.48,64481.22,63245.9,63629.99,3876.4465,871797,1988.5321
2026-06-04 09:00:00+00:00,63629.99,63644,62205,62545.99,7025.258,1309847,3397.6512
2026-06-04 12:00:00+00:00,62546,64494.92,62392,63958.97,5142.7846,1506439,2633.6774
2026-06-04 15:00:00+00:00,63958.97,64404,62944.91,63540.97,2869.8684,908545,1510.2052
2026-06-04 18:00:00+00:00,63540.96,64163.93,63149.76,63638.4,2650.7084,791302,1266.5371
2026-06-04 21:00:00+00:00,63638.4,63918,63106.04,63885.99,2360.4014,705265,1072.1236
2026-06-05 00:00:00+00:00,63885.99,63978,62588.77,62617.72,2941.3603,911654,1315.5996
2026-06-05 03:00:00+00:00,62617.72,63688,62278,62329.35,3858.4404,997819,1823.085
2026-06-05 06:00:00+00:00,62329.36,63120.98,61126.01,62454.64,9477.9566,1888933,4488.7124
2026-06-05 09:00:00+00:00,62454.64,63259.9,61964.98,61964.99,2915.8284,840504,1377.9062
2026-06-05 12:00:00+00:00,61964.99,62457.86,60334.97,60868.97,10329.251,2011366,4293.8539
2026-06-05 15:00:00+00:00,60868.98,61547.24,59786,60813.99,11803.208,1978739,5052.5479
2026-06-05 18:00:00+00:00,60814,61787.01,59130.91,61620.01,8935.4728,1906179,4219.9724
2026-06-05 21:00:00+00:00,61620.01,62000,60518,61056.47,4765.7704,1123662,2307.8403
2026-06-06 00:00:00+00:00,61056.47,61530.05,60678,60951.64,2248.6881,713366,1106.9526
2026-06-06 03:00:00+00:00,60951.63,61062,59500,60942.38,4999.5523,1309447,2558.5448
2026-06-06 06:00:00+00:00,60942.37,61500,60681,61264,3484.1125,712586,1452.201
2026-06-06 09:00:00+00:00,61264,61322,60198,60802.91,2748.8578,622617,1220.7328
2026-06-06 12:00:00+00:00,60802.9,61185.26,60641.2,60791.05,1645.137,508935,856.20827
2026-06-06 15:00:00+00:00,60791.06,60971.24,60396,60576.2,1770.2163,496975,872.45298
2026-06-06 18:00:00+00:00,60576.19,60786,60393.96,60711.69,1651.1496,339616,699.74882
2026-06-06 21:00:00+00:00,60711.69,61000,60429.09,60884.62,1247.8752,297332,706.71791
2026-06-07 00:00:00+00:00,60884.62,61664.13,60746,61506.74,2489.3916,556100,1321.6733
2026-06-07 03:00:00+00:00,61506.73,62159,61416.1,61748.1,2095.7296,506373,1069.0118
2026-06-07 06:00:00+00:00,61748.11,62960,61619.4,62855.01,5283.1173,626948,2999.5718
2026-06-07 09:00:00+00:00,62855,62900,62298.39,62621.96,2717.217,485511,1309.5493
2026-06-07 12:00:00+00:00,62621.97,62643.97,61577.12,61905.49,4026.8005,770255,1557.8817
2026-06-07 15:00:00+00:00,61905.49,62332,61674.51,62160.01,1584.2756,481614,788.37285
2026-06-07 18:00:00+00:00,62160.01,62296,61184,61878.01,1989.379,468945,804.11959
2026-06-07 21:00:00+00:00,61878,64234.68,61652.01,63332.01,6426.1939,856715,4306.1303
2026-06-08 00:00:00+00:00,63332.01,63863.06,62720.86,63129.93,2887.6071,806519,1503.2864
2026-06-08 03:00:00+00:00,63129.94,63458,62408,62764,1655.6009,518362,752.68428
2026-06-08 06:00:00+00:00,62763.99,63350,62734,63132.83,2097.1889,534072,1035.2522
2026-06-08 09:00:00+00:00,63132.84,63873.08,63058,63479.61,3261.7239,568955,1695.9667
2026-06-08 12:00:00+00:00,63479.62,64077.57,62718.3,63964.08,5831.5164,1024343,2790.3846
2026-06-08 15:00:00+00:00,63964.07,64200,63268.01,63550,4213.9878,654410,2120.732
2026-06-08 18:00:00+00:00,63549.99,63690,63160.31,63485.49,1588.4005,370042,674.86148
2026-06-08 21:00:00+00:00,63485.49,63850,62978.66,63085.99,1517.3608,410861,654.82836
2026-06-09 00:00:00+00:00,63086,63184,62423.07,62868,2978.4606,588052,1465.8682
2026-06-09 03:00:00+00:00,62867.99,63526.01,62702,63338.68,2843.0365,452087,1518.321
2026-06-09 06:00:00+00:00,63338.69,63506,62769.52,62849.75,2489.814,340396,1104.7076
2026-06-09 09:00:00+00:00,62849.75,62944.43,62498.75,62711.12,1684.6198,336709,797.07622
2026-06-09 12:00:00+00:00,62711.12,62895.18,61148.07,61541.95,4607.0492,949212,2002.5269
2026-06-09 15:00:00+00:00,61541.95,61889,60780,61692.01,4619.1025,965790,2322.0596
2026-06-09 18:00:00+00:00,61692.01,62272,61602,62160,1371.6407,413022,685.53934
2026-06-09 21:00:00+00:00,62159.99,62176.86,61556,61730,1042.4963,302064,461.1376
2026-06-10 00:00:00+00:00,61730,61974.7,61235.29,61302.36,1386.7456,478334,580.36472
2026-06-10 03:00:00+00:00,61302.37,61594,61080,61361.17,1105.7052,352114,518.93553
2026-06-10 06:00:00+00:00,61361.17,61813.34,61145.5,61261.55,2189.4001,406661,1033.6323
2026-06-10 09:00:00+00:00,61261.56,61456,60755,61034.04,2073.3209,571219,873.66738
2026-06-10 12:00:00+00:00,61034.04,62446,60960,62195.99,3442.2831,953667,1857.3003
2026-06-10 15:00:00+00:00,62195.99,62857.99,61654.54,61969.99,2974.9164,926984,1372.1012
2026-06-10 18:00:00+00:00,61969.99,62162.9,61588.8,61805.51,1349.3131,476771,767.73937
2026-06-10 21:00:00+00:00,61805.5,61805.51,61104.24,61510.99,1477.0322,489936,710.85416
2026-06-11 00:00:00+00:00,61510.99,62378,61510.99,62148,1866.0626,441209,1094.7063
2026-06-11 03:00:00+00:00,62148.01,62854,62012,62610,1870.8776,403565,1028.2544
2026-06-11 06:00:00+00:00,62610,63050,62544.89,62957.99,2145.1559,298830,963.09882
2026-06-11 09:00:00+00:00,62958,63257.21,62789.62,63108,1631.1689,300019,931.81712
2026-06-11 12:00:00+00:00,63108.01,63239.43,62500,62734.02,3705.1203,727700,1646.6988
2026-06-11 15:00:00+00:00,62734.02,63655.83,62348,63644.19,3019.6242,613758,1637.8115
2026-06-11 18:00:00+00:00,63644.18,63933.02,63270,63393.67,2295.9365,447924,1181.2843
2026-06-11 21:00:00+00:00,63393.67,63700,63362,63625.99,847.00053,213798,491.82237
2026-06-12 00:00:00+00:00,63626,63810.01,63301.53,63624.07,2373.5611,284608,1523.0585
2026-06-12 03:00:00+00:00,63624.07,63863.98,63310,63358.2,1626.267,246776,822.95246
2026-06-12 06:00:00+00:00,63358.2,63615.84,62829.81,63470.81,2480.7942,369920,1236.4962
2026-06-12 09:00:00+00:00,63470.81,63953.84,63438,63766.01,1777.8666,340292,777.6249
2026-06-12 12:00:00+00:00,63766.01,64000,63045.29,63999.99,2432.175,681156,1207.8624
2026-06-12 15:00:00+00:00,63999.99,64394.44,63510.16,63865.44,2902.2649,706226,1426.7384
2026-06-12 18:00:00+00:00,63865.45,63934.34,63400,63449,1353.2183,325960,605.03008
2026-06-12 21:00:00+00:00,63449.01,63658,63426.83,63580.01,1450.9052,199114,774.10933
2026-06-13 00:00:00+00:00,63580,63840,63507.39,63646.01,1539.3683,182946,852.20244
2026-06-13 03:00:00+00:00,63646.01,63720.88,63418.66,63584.03,1071.331,165367,491.16362
2026-06-13 06:00:00+00:00,63584.03,63910,63550.51,63806,963.95684,158030,573.27177
2026-06-13 09:00:00+00:00,63806,63984.53,63726.57,63971.28,969.77776,150892,527.26193
2026-06-13 12:00:00+00:00,63971.28,64245.88,63921.33,64220.97,1584.2404,215201,923.7008
2026-06-13 15:00:00+00:00,64220.96,64350,63920.05,63971.19,1607.4266,261197,743.65411
2026-06-13 18:00:00+00:00,63971.2,64333.62,63971.19,64278.31,766.75854,146630,383.82101
2026-06-13 21:00:00+00:00,64278.31,64762.77,64226.38,64458.01,1457.8821,208746,831.2735
2026-06-14 00:00:00+00:00,64458.01,64710,64380.7,64490.01,1676.4822,179211,923.60321
2026-06-14 03:00:00+00:00,64490.01,64563.48,64293.41,64338,838.89068,115150,406.79745
2026-06-14 06:00:00+00:00,64338,64513.82,64214,64456.33,1289.2479,150730,500.40537
2026-06-14 09:00:00+00:00,64456.33,64664,64321.18,64546,649.62485,131045,340.23031
2026-06-14 12:00:00+00:00,64546.01,64560.66,63866.66,63983.55,1424.1768,246340,612.9264
2026-06-14 15:00:00+00:00,63983.56,64208.92,63694.11,63732.64,1240.9128,218793,487.54158
2026-06-14 18:00:00+00:00,63732.65,64092.4,63678.83,64008.64,609.68581,152349,278.64604
2026-06-14 21:00:00+00:00,64008.64,65800,64007.24,65746.45,5474.0127,867283,3415.8957
2026-06-15 00:00:00+00:00,65746.45,65923,65354,65472.01,2486.6458,409025,1129.3969
2026-06-15 03:00:00+00:00,65472.01,65995,65422.83,65858.01,1809.1825,268989,938.84515
2026-06-15 06:00:00+00:00,65858,66000,65620,65662.01,1302.5709,235981,598.58923
2026-06-15 09:00:00+00:00,65662,66385.12,65512,66233.9,2182.8192,375753,1043.9509
2026-06-15 12:00:00+00:00,66233.89,66949.22,66106,66591.55,3847.3792,552530,1966.0662
2026-06-15 15:00:00+00:00,66591.54,67292.15,66580.42,66851.79,3904.1611,545991,1738.8445
2026-06-15 18:00:00+00:00,66851.8,66933.86,66348,66519.98,1710.5604,393852,863.3445
2026-06-15 21:00:00+00:00,66519.99,66567.38,66076.56,66328.74,1316.4818,358373,548.28675
2026-06-16 00:00:00+00:00,66328.74,66463.26,65678.14,65741.99,1878.9941,338838,783.13334
2026-06-16 03:00:00+00:00,65742,66301.83,65650,66045,2236.0265,280186,1192.9014
2026-06-16 06:00:00+00:00,66044.99,66992,66044.99,66899.61,1631.3135,322240,953.35352
2026-06-16 09:00:00+00:00,66899.61,66923.99,66368.36,66481.73,1455.2264,329290,689.94298
2026-06-16 12:00:00+00:00,66481.73,66818,65360.92,65654.9,3401.9332,740708,1295.5161
2026-06-16 15:00:00+00:00,65654.9,66011.47,65614.3,65978.79,1510.9241,434315,724.39096
2026-06-16 18:00:00+00:00,65978.78,66248.69,65560,65854,1401.2176,329830,687.07563
2026-06-16 21:00:00+00:00,65854,65938,65626.9,65675.01,786.42252,189222,383.28729
2026-06-17 00:00:00+00:00,65675.02,66200,65477.5,65904,1856.6669,313601,1047.3307
2026-06-17 03:00:00+00:00,65903.99,66048.19,65703.45,65836.3,1572.955,188596,701.53836
2026-06-17 06:00:00+00:00,65836.3,65896.45,64833.07,64926.02,2068.3438,329103,765.84972
2026-06-17 09:00:00+00:00,64926.02,65076.76,64565,64810.01,2098.9608,340758,1141.7568
2026-06-17 12:00:00+00:00,64810.01,65461.38,64590.53,65101.45,2318.9148,571846,1258.3197
2026-06-17 15:00:00+00:00,65101.45,66445.93,64987.74,66104.08,2971.6799,600478,1484.8883
2026-06-17 18:00:00+00:00,66107.99,66107.99,63998.35,64434.36,4920.99,1221202,2334.9656
2026-06-17 21:00:00+00:00,64434.36,64529.2,63915.77,64509.4,1240.1429,367539,609.65884
2026-06-18 00:00:00+00:00,64509.4,64806,64457.67,64689.5,1103.6856,297868,605.91589
2026-06-18 03:00:00+00:00,64689.5,64689.5,63696.29,63994,1977.6947,413120,832.39503
2026-06-18 06:00:00+00:00,63994,64646.75,63850,64399.92,2006.6121,301047,946.61076
2026-06-18 09:00:00+00:00,64399.93,64478,63878.14,63974.4,1123.8965,284144,479.64077
2026-06-18 12:00:00+00:00,63974.4,64445.19,63587.3,63816.61,2400.8274,646219,1239.3479
2026-06-18 15:00:00+00:00,63816.61,63825.99,62272.07,62606,5069.0562,936798,2355.6277
2026-06-18 18:00:00+00:00,62606,63274.19,62580.01,63086,1989.6342,455069,1048.7016
2026-06-18 21:00:00+00:00,63086,63121.81,62742,62958.01,1264.1899,239666,640.4228
2026-06-19 00:00:00+00:00,62958.01,63110.29,62840,63006,1633.4793,253843,810.9833
2026-06-19 03:00:00+00:00,63006.01,63029.64,62386.9,62739.2,1588.2357,354315,672.98647
2026-06-19 06:00:00+00:00,62739.2,62917.32,62504.27,62603.99,1320.9959,275465,772.63154
2026-06-19 09:00:00+00:00,62604,62684,62316.44,62626,2684.8241,340012,1143.837
2026-06-19 12:00:00+00:00,62626,63419.27,62353,63203.53,2374.3076,521932,1229.703
2026-06-19 15:00:00+00:00,63203.54,63387.8,62866.99,63198.01,2389.3757,476868,1099.6165
2026-06-19 18:00:00+00:00,63198,63274,62942,63250.01,843.35119,234290,324.78914
2026-06-19 21:00:00+00:00,63250.01,63666,63048,63543.91,1412.8546,215193,654.66266
2026-06-20 00:00:00+00:00,63543.9,63777,63336.01,63340.57,1347.6731,261587,627.25788
2026-06-20 03:00:00+00:00,63340.58,63907.07,63320.14,63678.07,974.76201,200303,541.05487
2026-06-20 06:00:00+00:00,63678.07,63800,63392.41,63417.97,1187.4191,188809,519.24776
2026-06-20 09:00:00+00:00,63417.98,63798.76,63417.98,63688,934.3282,159972,477.81841
2026-06-20 12:00:00+00:00,63688,64150,63184.21,63949.9,1806.789,342191,933.98937
2026-06-20 15:00:00+00:00,63949.9,64388,63730.21,63834.7,1802.1827,449918,872.83538
2026-06-20 18:00:00+00:00,63834.7,63981.09,63788,63925.99,503.41143,146645,234.85693
2026-06-20 21:00:00+00:00,63926,64350,63918.29,64298.01,965.53764,220656,462.79819
2026-06-21 00:00:00+00:00,64298.01,64323.68,64206.17,64241.25,1141.3234,133436,437.7589
2026-06-21 03:00:00+00:00,64241.26,64588,64225.6,64256.55,955.16268,194709,572.85062
2026-06-21 06:00:00+00:00,64256.56,64323.99,63900.17,64014,773.61045,134294,314.5575
2026-06-21 09:00:00+00:00,64014,64483.95,63961.28,64176,945.54698,216589,494.62079
2026-06-21 12:00:00+00:00,64176,64235.13,63952,64145.97,710.3071,190962,351.6733
2026-06-21 15:00:00+00:00,64145.97,64355.88,64046,64151.46,832.62505,189417,437.70236
2026-06-21 18:00:00+00:00,64151.47,64298.84,63700,63848,880.94435,217655,403.61962
2026-06-21 21:00:00+00:00,63848,63969.59,63270,63311.99,1795.1433,491232,820.35073
2026-06-22 00:00:00+00:00,63312,64823.52,63312,64257.99,2412.1205,592832,1356.7321
2026-06-22 03:00:00+00:00,64258,64459.44,63868.41,64247.74,2215.5756,375367,1123.2277
2026-06-22 06:00:00+00:00,64247.74,64397.57,63946,64165.99,1137.4266,284854,517.17887
2026-06-22 09:00:00+00:00,64166,64768.46,64052.17,64657.22,1503.7581,346546,823.12976
2026-06-22 12:00:00+00:00,64657.22,65622.83,64579.08,64980.39,3620.9924,771948,1939.0675
2026-06-22 15:00:00+00:00,64980.39,65146,64388.16,64602,1797.3135,471589,776.52332
2026-06-22 18:00:00+00:00,64602,64730.15,64276,64433.8,1528.2316,328792,539.66878
2026-06-22 21:00:00+00:00,64433.8,64480,63804.59,64020.01,1207.6904,349409,602.00483
2026-06-23 00:00:00+00:00,64020.01,64275.38,63828.93,64204.01,1539.1356,330083,855.6921
2026-06-23 03:00:00+00:00,64204.01,64204.01,63342.34,63400,1495.8869,327758,501.29263
2026-06-23 06:00:00+00:00,63400,63400,61938,62385.99,7684.5258,747916,3011.968
2026-06-23 09:00:00+00:00,62386,62643.99,62247.2,62507.06,1457.5075,324779,694.03217
2026-06-23 12:00:00+00:00,62507.05,62855.98,61960,62493.63,3470.3155,759116,1553.2331
2026-06-23 15:00:00+00:00,62493.63,62846,62198,62358.02,1891.6721,505012,1060.7851
2026-06-23 18:00:00+00:00,62358.03,62531.27,62104.7,62470.7,1573.28,349177,743.67239
2026-06-23 21:00:00+00:00,62470.7,62799.99,62470.7,62734.57,1110.6695,282349,692.59187
2026-06-24 00:00:00+00:00,62734.57,63119.45,62606.09,62630,1991.7595,387874,1032.5241
2026-06-24 03:00:00+00:00,62630.01,63073.44,62461.87,62890,1786.7379,318596,834.34124
2026-06-24 06:00:00+00:00,62889.99,62909.98,62605.28,62800,1284.5744,240491,674.25953
2026-06-24 09:00:00+00:00,62800,63239.06,62318.88,62921.19,1839.6221,392079,990.1968
2026-06-24 12:00:00+00:00,62921.19,62973.2,60888,61113.1,6131.8947,1122421,2704.7468
2026-06-24 15:00:00+00:00,61113.1,61150.13,59102.7,59404,11302.57,1449479,5036.2871
2026-06-24 18:00:00+00:00,59404,61208.48,59310.85,60956,4600.4373,1045947,2358.9958
2026-06-24 21:00:00+00:00,60956,61276,60665.75,61077.99,1740.6901,410644,820.10296
2026-06-25 00:00:00+00:00,61078,61163.16,60700.01,60799.08,1962.4963,390436,1074.4591
2026-06-25 03:00:00+00:00,60799.08,61807.04,60684.94,61600.01,2238.9155,421320,1266.4329
2026-06-25 06:00:00+00:00,61600.02,61962.4,61600.01,61712.35,1814.4389,331377,910.10805
2026-06-25 09:00:00+00:00,61712.36,61792,61066,61282.01,1619.7107,327912,755.8174
2026-06-25 12:00:00+00:00,61282,61761.35,58115.01,59471.5,13523.279,1834017,5810.2793
2026-06-25 15:00:00+00:00,59471.49,60067,58874.85,59676.01,5283.9993,1280494,2693.2524
2026-06-25 18:00:00+00:00,59676,59793.34,59168.82,59456.62,2435.4409,666436,1104.1453
2026-06-25 21:00:00+00:00,59456.62,60273.81,59452.01,59794,1507.7261,431283,791.6591
2026-06-26 00:00:00+00:00,59794.64,59906.71,58358.77,58561.99,4343.0117,817865,1971.5947
2026-06-26 03:00:00+00:00,58562,60238.77,58337,59953.3,3613.1872,807820,1995.3781
2026-06-26 06:00:00+00:00,59953.3,60759.99,59702,60245.67,4461.9047,641742,2586.5752
2026-06-26 09:00:00+00:00,60245.9,60259.37,59239.78,59413.24,2931.5293,629881,1069.507
2026-06-26 12:00:00+00:00,59413.24,60294,58500.1,59590.73,6185.9713,1502226,2943.7013
2026-06-26 15:00:00+00:00,59590.73,60583,59584.01,60023.97,3257.9753,872947,1898.1999
2026-06-26 18:00:00+00:00,60023.96,60158,59556,59718,1666.7482,511066,866.74603
2026-06-26 21:00:00+00:00,59717.99,60117.64,59678,60097.27,943.22951,235587,575.78808
2026-06-27 00:00:00+00:00,60097.27,60378.23,59876.22,60290.01,1301.5168,225219,813.53297
2026-06-27 03:00:00+00:00,60290.01,60482,60136,60236.76,1186.8351,193899,752.44617
2026-06-27 06:00:00+00:00,60236.75,60574,60093.33,60456,1878.0623,215773,898.59908
2026-06-27 09:00:00+00:00,60456,60511.99,60198.94,60363.65,721.20983,157935,336.46786
2026-06-27 12:00:00+00:00,60363.65,60728,60257.03,60611.5,1089.8225,221831,586.34386
2026-06-27 15:00:00+00:00,60611.49,60941.17,60413.15,60524.88,1394.6257,283575,714.78225
2026-06-27 18:00:00+00:00,60524.89,60605.41,60085.88,60300,863.73977,205277,431.25665
2026-06-27 21:00:00+00:00,60300,60482.18,59855.16,60029,1151.4171,259907,534.49766
2026-06-28 00:00:00+00:00,60029.01,60339.99,59986,60150.45,1133.4552,167708,582.00467
2026-06-28 03:00:00+00:00,60150.46,60275,59753.48,59989.17,792.30267,169451,376.27893
2026-06-28 06:00:00+00:00,59989.18,60545.01,59808,60370,1071.3943,200873,617.10693
2026-06-28 09:00:00+00:00,60370.01,60462,60068,60342,628.64754,185447,286.85915
2026-06-28 12:00:00+00:00,60341.99,60457.02,59963.86,60033,900.9535,275340,436.77256
2026-06-28 15:00:00+00:00,60033.01,60130,59403.77,59586.01,1553.8005,414466,687.13356
2026-06-28 18:00:00+00:00,59586,59765.9,59270.26,59660,801.15533,266333,410.43106
2026-06-28 21:00:00+00:00,59660,59906,58905,59577.01,2025.4289,619614,894.05902
2026-06-29 00:00:00+00:00,59577.01,59812,58900.01,59757.46,2420.2347,711273,1220.9536
2026-06-29 03:00:00+00:00,59757.47,60233,59392.02,60102.8,1639.1097,509685,870.30382
2026-06-29 06:00:00+00:00,60102.8,60346.27,59745.46,59840,1770.7768,404085,805.56827
2026-06-29 09:00:00+00:00,59840.01,60311.95,59778.76,59956.05,1704.6616,420552,853.11526
2026-06-29 12:00:00+00:00,59956.05,60780.57,59011,59469.67,6743.4343,1410325,3441.9276
2026-06-29 15:00:00+00:00,59469.45,60683.84,59097.58,60413.99,3826.8484,811362,2132.5643
2026-06-29 18:00:00+00:00,60413.99,60557.5,60153.35,60296,1339.3661,388018,647.75935
2026-06-29 21:00:00+00:00,60296.01,60585.99,60194.01,60260.21,758.71003,229036,361.97001
2026-06-30 00:00:00+00:00,60260.2,60276.54,59700,59948.24,1475.3035,359962,699.06625
2026-06-30 03:00:00+00:00,59948.24,60031.75,59360,59652.13,1964.6277,320858,862.52952
2026-06-30 06:00:00+00:00,59652.13,59712.88,59189,59311.92,2350.8173,366466,976.90502
2026-06-30 09:00:00+00:00,59311.26,59420,59123.01,59192.7,1209.832,285896,530.57062
2026-06-30 12:00:00+00:00,59192.71,59276.6,58228.33,58482.81,6327.897,1080562,2990.5272
2026-06-30 15:00:00+00:00,58482.81,58796,58201,58417.99,3374.5837,699888,1472.5499
2026-06-30 18:00:00+00:00,58417.99,58874.99,58351.56,58732.01,1712.5428,426022,787.19018
2026-06-30 21:00:00+00:00,58732,58806.91,58509.99,58624.71,1224.2238,265155,560.21261
2026-07-01 00:00:00+00:00,58624.71,59171.63,57800.19,59085,4350.5196,709062,1960.2606
2026-07-01 03:00:00+00:00,59085,59457,58850,59154.33,1627.862,338513,720.55074
2026-07-01 06:00:00+00:00,59154.33,59156,58500,58973.99,1655.9251,365714,803.45939
2026-07-01 09:00:00+00:00,58973.99,59091.99,58550,58622.03,1220.1889,281657,568.93012
2026-07-01 12:00:00+00:00,58622.02,60092,58326,59542,7764.6158,936265,4290.4925
2026-07-01 15:00:00+00:00,59541.99,60536.55,59520.51,60190.6,3664.9518,596128,2153.5251
2026-07-01 18:00:00+00:00,60190.59,60352.93,59876,60126,1204.5656,329966,564.51981
2026-07-01 21:00:00+00:00,60126,61334,59984.86,60024,3604.8179,609544,1874.3747
2026-07-02 00:00:00+00:00,60024,60495.24,59588,60423.1,2013.2913,423032,1189.1059
2026-07-02 03:00:00+00:00,60423.11,61121.78,60300.02,60504.54,2521.0244,457278,1189.0595
2026-07-02 06:00:00+00:00,60504.54,60652.74,60104,60511.99,2005.911,351708,1013.3061
2026-07-02 09:00:00+00:00,60512,61437.49,60376.13,61358.01,3430.0363,568098,1918.685
2026-07-02 12:00:00+00:00,61358,62200,61147.23,61696.61,5814.1235,970705,3081.883
2026-07-02 15:00:00+00:00,61696.61,61962.43,61108.99,61667.39,3224.6164,610366,1713.6753
2026-07-02 18:00:00+00:00,61667.4,61900.29,61342,61584.78,1460.8835,316877,833.4723
2026-07-02 21:00:00+00:00,61584.77,61653.43,61350.02,61560,912.2552,185032,455.66812
2026-07-03 00:00:00+00:00,61560,61733.11,61248.86,61440.01,1886.8051,393463,865.3568
2026-07-03 03:00:00+00:00,61440.01,61808,61324,61700.49,1859.4847,279494,855.75856
2026-07-03 06:00:00+00:00,61700.49,61896.99,61554.07,61584,2238.4025,282218,1079.8646
2026-07-03 09:00:00+00:00,61583.99,62103.1,61510.01,62024.02,1367.7757,324533,737.30478
2026-07-03 12:00:00+00:00,62024.01,62282,61700,62167.48,2186.8044,401569,1291.8319
2026-07-03 15:00:00+00:00,62167.47,62400,61820,62194,1281.2474,307418,614.62735
2026-07-03 18:00:00+00:00,62193.99,62907.77,62118,62776.92,1747.6363,319262,1077.5856
2026-07-03 21:00:00+00:00,62776.91,62979.86,62518.72,62583.26,1480.8301,263574,727.65721
2026-07-04 00:00:00+00:00,62583.26,62946,62404.25,62538.96,1480.7876,270360,594.81565
2026-07-04 03:00:00+00:00,62538.96,62750,62441.29,62471.52,934.84354,168667,474.39831
2026-07-04 06:00:00+00:00,62471.53,62674.47,62328.24,62553.78,1141.9818,166694,605.85922
2026-07-04 09:00:00+00:00,62553.78,62583.99,62415.87,62482.01,754.24716,117116,370.60173
2026-07-04 12:00:00+00:00,62482,62776.92,62482,62693.99,609.16833,159954,304.74463
2026-07-04 15:00:00+00:00,62693.99,63439.62,62687.89,63280.38,1945.425,350431,1146.7616
2026-07-04 18:00:00+00:00,63280.38,63461.99,63092.02,63233.78,963.40003,230846,497.75346
2026-07-04 21:00:00+00:00,63233.79,63448,62927.98,63144.01,1309.974,179220,758.60135
2026-07-05 00:00:00+00:00,63144.01,63144.01,62596.08,62693.56,1103.9214,241369,449.91778
2026-07-05 03:00:00+00:00,62693.57,62952.93,62658,62740.5,812.76542,159077,378.1581
2026-07-05 06:00:00+00:00,62740.5,63104,62669.99,62915,1000.8158,161309,544.78193
2026-07-05 09:00:00+00:00,62915,62930.16,62436.59,62658.92,1013.8023,198487,426.03608
2026-07-05 12:00:00+00:00,62658.92,62819.66,62569.37,62812.25,851.35079,160707,436.91045
2026-07-05 15:00:00+00:00,62812.25,62943.59,62590.02,62624.93,863.47573,200280,373.78995
2026-07-05 18:00:00+00:00,62624.93,62888.14,62616,62730.61,834.0436,153569,446.93421
2026-07-05 21:00:00+00:00,62730.61,63999,62609.47,63650,2691.9026,515385,1509.4079
2026-07-06 00:00:00+00:00,63650.01,63920,63350,63460.01,1685.3722,401103,772.95625
2026-07-06 03:00:00+00:00,63460.01,63495.14,62950,63114,1402.2809,287661,660.80383
2026-07-06 06:00:00+00:00,63113.99,63244,62800.13,62904.01,1687.8708,259202,725.086
2026-07-06 09:00:00+00:00,62904.01,63030,62483.83,62483.84,1497.8886,266314,655.9227
2026-07-06 12:00:00+00:00,62483.84,62487.98,61306.84,62052,7254.3527,996385,4459.1489
2026-07-06 15:00:00+00:00,62052,63976.16,62052,63587.38,4787.8091,871866,2704.9923
2026-07-06 18:00:00+00:00,63587.38,63892.65,63560,63828,968.80887,282915,489.67101
2026-07-06 21:00:00+00:00,63828,64700,63810,64042.02,2150.9012,412449,1087.9709
2026-07-07 00:00:00+00:00,64042.93,64314,63288.01,63322.01,1770.9287,391039,801.96663
2026-07-07 03:00:00+00:00,63322.01,63414,62800,63128.01,1762.3431,312069,857.40875
2026-07-07 06:00:00+00:00,63128,63445.7,62984.42,63104,1928.3523,311800,970.72416
2026-07-07 09:00:00+00:00,63104,63467.15,63063.28,63406,1216.5118,262862,674.94953
2026-07-07 12:00:00+00:00,63405.99,63872,62671.39,63562.05,3358.1063,732398,1691.7063
2026-07-07 15:00:00+00:00,63562.05,64243.75,63376.22,64186,3667.3835,590959,1876.8499
2026-07-07 18:00:00+00:00,64185.99,64188,63379.69,63697.99,2075.3788,375760,840.35975
2026-07-07 21:00:00+00:00,63698,63866,63218,63363.99,1055.2037,305215,414.23974
2026-07-08 00:00:00+00:00,63364,63761.99,62525.47,62979.99,2618.8135,505491,1117.1629
2026-07-08 03:00:00+00:00,62979.98,63094,62558,62637.88,1477.9948,311043,567.43989
2026-07-08 06:00:00+00:00,62637.88,62941.46,61855.26,62018.36,2649.2617,563197,1098.6722
2026-07-08 09:00:00+00:00,62018.36,62392.04,61743.83,62299.99,3569.4721,451570,1656.0741
2026-07-08 12:00:00+00:00,62300,62451.08,61632.23,61889.83,3424.2247,690019,1611.9977
2026-07-08 15:00:00+00:00,61889.83,62394.32,61544.56,62104.62,2336.9819,562604,1192.5958
2026-07-08 18:00:00+00:00,62104.62,62351.97,62045.2,62099.61,1198.6838,287298,538.45281
2026-07-08 21:00:00+00:00,62099.62,62350.63,61956,62290,1344.6656,227265,556.17485
2026-07-09 00:00:00+00:00,62290.01,62642,61705.29,61788.8,1899.3055,424546,770.05099
2026-07-09 03:00:00+00:00,61788.79,62624.61,61730,62589.61,1991.7692,314950,847.49214
2026-07-09 06:00:00+00:00,62589.61,63283.26,62485.58,62903.65,2565.7341,401097,1174.3165
2026-07-09 09:00:00+00:00,62903.66,63056.98,62614.66,62786.34,1653.4608,286479,730.39793
2026-07-09 12:00:00+00:00,62786.33,63240.15,62465.39,63016,4025.8322,681679,2026.523
2026-07-09 15:00:00+00:00,63016,63261,62559.59,63142.79,2120.2263,497932,1262.7605
2026-07-09 18:00:00+00:00,63142.79,63500,63080,63313.38,1619.7286,350415,776.83461
2026-07-09 21:00:00+00:00,63313.38,63418,63060.91,63230,866.75007,218952,334.10788
2026-07-10 00:00:00+00:00,63230.01,64050.23,62926.01,63961.99,2873.8201,433608,1426.3629
2026-07-10 03:00:00+00:00,63961.99,64200,63822.8,64115.99,1486.6769,270374,621.71975
2026-07-10 06:00:00+00:00,64116,64392,63802.02,64246.01,1864.8924,284717,944.02317
2026-07-10 09:00:00+00:00,64246,64494.84,64102,64425.18,1789.155,317419,942.87106
2026-07-10 12:00:00+00:00,64425.18,64692.83,63793.43,63914.87,3247.362,661038,1683.187
2026-07-10 15:00:00+00:00,63914.88,64220,63821.88,63823.99,1900.8721,490284,909.30775
2026-07-10 18:00:00+00:00,63824,64077.56,63656,63841.25,2920.5266,278760,1544.6982
2026-07-10 21:00:00+00:00,63841.25,64222.61,63835.05,64161.72,1505.6962,191225,655.33306
2026-07-11 00:00:00+00:00,64161.72,64310,63984.07,64158.04,926.69907,200993,448.70164
2026-07-11 03:00:00+00:00,64158.04,64221.99,64068,64176.01,934.29257,176658,411.42259
2026-07-11 06:00:00+00:00,64176,64300,64124,64265.98,894.63022,125168,389.23109
2026-07-11 09:00:00+00:00,64265.98,64300,64129.99,64198,1186.2328,111530,592.84493
2026-07-11 12:00:00+00:00,64197.99,64504.11,64130.65,64350.07,1311.9301,155589,619.47453
2026-07-11 15:00:00+00:00,64350.07,64484.01,63896.18,64315.53,1927.1033,323195,770.6717
2026-07-11 18:00:00+00:00,64315.53,64463.83,64233.23,64382.45,673.79881,112346,246.44418
2026-07-11 21:00:00+00:00,64382.44,64427.56,63819,63819,1297.2874,200699,429.49496
2026-07-12 00:00:00+00:00,63819.01,64172.66,63702.16,64070.39,3605.3238,373270,1858.0133
2026-07-12 03:00:00+00:00,64070.4,64245.87,63900,63959.93,1193.2038,157297,570.1864
2026-07-12 06:00:00+00:00,63959.93,64100.32,63640.83,63983.18,2383.0182,311302,1096.286
2026-07-12 09:00:00+00:00,63983.18,64062.17,63764,64018.01,3498.5378,349112,1717.3594
2026-07-12 12:00:00+00:00,64018,64290.11,63958.71,64203.08,951.42746,155636,509.24881
2026-07-12 15:00:00+00:00,64203.08,64262.15,64029.12,64078,734.99566,160749,298.8699
2026-07-12 18:00:00+00:00,64078,64270,64018.69,64198.89,544.31456,124441,262.65626
2026-07-12 21:00:00+00:00,64198.9,64232.02,63668,63780,1004.0157,287798,444.38729
2026-07-13 00:00:00+00:00,63780,64425,63237.26,63375.99,2870.5591,679345,1226.4682
2026-07-13 03:00:00+00:00,63376,63382.95,62500.76,62799,2555.2273,427469,983.64218
2026-07-13 06:00:00+00:00,62799.01,63302.88,62710.45,63206.97,3754.3422,285563,1827.3758
2026-07-13 09:00:00+00:00,63206.98,63210,62862.28,62901.99,1910.0306,192570,777.84545
2026-07-13 12:00:00+00:00,62901.99,62990.04,62101,62791.85,4645.9007,718682,2205.3099
2026-07-13 15:00:00+00:00,62791.85,62983.83,61900,61904.99,3358.4723,499506,1494.2189
2026-07-13 18:00:00+00:00,61904.99,62324.74,61824.97,62210.99,1460.3778,286157,786.04598
2026-07-13 21:00:00+00:00,62211,62347.46,61882.88,62334.52,1127.5919,260420,560.53079
2026-07-14 00:00:00+00:00,62334.52,62666.66,62272.2,62544,1809.4061,350880,888.3052
2026-07-14 03:00:00+00:00,62544,62872,62314,62737,1380.0386,219489,669.16863
2026-07-14 06:00:00+00:00,62737,62807.94,62500,62713.85,1526.0566,222122,722.44644
2026-07-14 09:00:00+00:00,62713.85,62923.06,62534.29,62844.99,1354.6741,234508,627.41553
2026-07-14 12:00:00+00:00,62844.99,64346.49,62780.84,64305.02,5722.3559,819847,3062.0007
2026-07-14 15:00:00+00:00,64305.01,64966.43,64194.64,64621.43,5494.3542,685162,3033.2205
2026-07-14 18:00:00+00:00,64621.43,64704,64419.99,64572.02,1151.4622,238663,574.70858
2026-07-14 21:00:00+00:00,64572.02,65100,64516,65043.98,2114.0661,310274,1270.2242
2026-07-15 00:00:00+00:00,65043.99,65065.01,64488,64490.87,1313.6456,241818,466.28397
2026-07-15 03:00:00+00:00,64490.87,64964.96,64490.86,64944.06,1355.5513,223925,695.35832
2026-07-15 06:00:00+00:00,64944.06,65277.37,64485,64768.01,3142.2791,353985,1653.8671
2026-07-15 09:00:00+00:00,64768,64917.94,64614,64732.15,1358.9191,209681,726.33892
2026-07-15 12:00:00+00:00,64732.15,65577,64606,65399.81,4966.6577,771108,2597.04
2026-07-15 15:00:00+00:00,65399.8,65600,64784.83,65056.1,3696.1519,480090,1776.0572
2026-07-15 18:00:00+00:00,65056.1,65143.57,64738.49,64968.01,1694.3443,221498,759.46512
2026-07-15 21:00:00+00:00,64968.02,65018.74,64691.89,64756.28,874.34845,166814,335.07298
2026-07-16 00:00:00+00:00,64756.28,64845.5,64392.01,64642.01,1552.5738,289430,572.66812
2026-07-16 03:00:00+00:00,64642,64997.52,64544.04,64917.99,1455.2714,227836,636.20401
2026-07-16 06:00:00+00:00,64917.99,64978,63888,64126.85,5461.9955,492303,2629.3624
2026-07-16 09:00:00+00:00,64126.86,64269.42,64019.02,64256.53,4115.939,278467,2156.0985
2026-07-16 12:00:00+00:00,64256.52,64863.07,63838.28,64543.51,2549.3333,561871,1300.7926
2026-07-16 15:00:00+00:00,64543.51,64896,63984.09,64069.03,1760.2753,497486,851.80989
2026-07-16 18:00:00+00:00,64069.04,64330,64052.14,64114.27,813.90196,231100,384.37623
2026-07-16 21:00:00+00:00,64114.25,64253.25,63748.74,63830.2,1055.2366,234988,475.99433
2026-07-17 00:00:00+00:00,63830.2,64067.69,63380.28,63482,1989.5385,441494,880.88999
2026-07-17 03:00:00+00:00,63482,63720,62804.3,62839.76,2357.3304,322029,1047.3766
2026-07-17 06:00:00+00:00,62839.77,62998.52,62666,62888,3326.8795,380467,1812.4844
2026-07-17 09:00:00+00:00,62888.01,63361.7,62852.89,63298.01,1755.2246,236627,946.25232
2026-07-17 12:00:00+00:00,63298,63518,62537.56,63174,3199.5302,700457,1390.7614
2026-07-17 15:00:00+00:00,63174.01,64228.27,62856.16,64049.86,2794.78,588786,1394.7237
2026-07-17 18:00:00+00:00,64049.85,64387.99,63894,64120,1796.4989,429392,791.65077
2026-07-17 21:00:00+00:00,64120.01,64216.61,63884.35,63931.67,970.11187,140044,354.29872
2026-07-18 00:00:00+00:00,63931.67,64032.6,63886.65,63967.61,791.36061,109799,367.29199
2026-07-18 03:00:00+00:00,63967.61,64017.85,63926.39,63967.95,1044.0244,108167,546.30792
2026-07-18 06:00:00+00:00,63967.95,64026.03,63950,64006.01,777.50681,76832,400.77034
2026-07-18 09:00:00+00:00,64006.01,64097.22,63887.73,64069.89,810.0648,59751,399.6896
2026-07-18 12:00:00+00:00,64069.89,64274.47,63963,64126,1038.6778,168872,568.90501
2026-07-18 15:00:00+00:00,64126,64492,64037.45,64480.29,1101.0787,181219,617.20148
2026-07-18 18:00:00+00:00,64480.28,64739.64,64462,64693.01,1379.5797,185508,664.05021
2026-07-18 21:00:00+00:00,64693.02,64865,64614.36,64834.22,1088.8872,198553,535.99773
2026-07-19 00:00:00+00:00,64834.21,64967.25,64700.84,64826.01,1228.1708,148168,649.76821
2026-07-19 03:00:00+00:00,64826.01,64842.92,64610.89,64724.01,871.70501,127181,374.6738
2026-07-19 06:00:00+00:00,64724,64784,64631.54,64707.49,1248.7322,112000,668.20437
2026-07-19 09:00:00+00:00,64707.48,64725.74,64445,64467.64,936.27207,184073,514.66374
2026-07-19 12:00:00+00:00,64467.65,64663.04,64285.24,64593.07,1204.2024,219173,663.22742
2026-07-19 15:00:00+00:00,64593.07,64752,64406.3,64547.86,984.13861,190245,489.85629
2026-07-19 18:00:00+00:00,64547.86,64560,64280,64535.99,537.26471,153452,267.19139
2026-07-19 21:00:00+00:00,64536,64900,64347.89,64722.54,1369.4289,330045,654.38479
2026-07-20 00:00:00+00:00,64722.55,65107.99,64416,64827.2,1516.2773,484049,750.83933
2026-07-20 03:00:00+00:00,64827.19,64914.93,64082.7,64128,1652.3878,390752,720.98183
2026-07-20 06:00:00+00:00,64128.01,64356,63100,64049.99,5751.8741,459860,1750.5453
2026-07-20 09:00:00+00:00,64050,65068,64012.8,65002.01,1888.2195,352570,1072.0965
2026-07-20 12:00:00+00:00,65002,65002.83,64077.76,64416.01,3284.4284,693616,1799.03
2026-07-20 15:00:00+00:00,64416.01,65666.8,64398.15,65587.98,4293.204,655623,2590.3215
2026-07-20 18:00:00+00:00,65587.99,65799,65041.05,65367.58,1903.454,362180,963.29756
2026-07-20 21:00:00+00:00,65367.57,65445.27,65092.66,65255.51,1033.6419,208197,457.71457
2026-07-21 00:00:00+00:00,65255.51,65658.78,65148.75,65414.01,1489.8822,346141,827.00778
2026-07-21 03:00:00+00:00,65414.01,65933.24,65411.74,65751.56,2261.0971,303296,1147.7267
2026-07-21 06:00:00+00:00,65751.56,66354,65634,66226.44,3104.8686,427902,1639.3338
2026-07-21 09:00:00+00:00,66226.43,66420.65,66144,66345.59,2404.2571,269558,1186.9469
2026-07-21 12:00:00+00:00,66345.59,66956.15,66255.73,66842.3,4083.2625,667190,2309.5253
2026-07-21 15:00:00+00:00,66842.29,66842.3,66052.63,66207.95,2646.281,493060,1202.3047
2026-07-21 18:00:00+00:00,66207.96,66502.8,66098.71,66406.57,1531.2871,282949,740.67903
2026-07-21 21:00:00+00:00,66406.58,66576,66204,66556.16,1097.3454,215145,492.28447
2026-07-22 00:00:00+00:00,66556.15,66739.89,66282.65,66314.12,2347.3097,539656,1313.4082
2026-07-22 03:00:00+00:00,66314.12,66424,65944.51,65974.9,2284.7054,393754,1038.0428
2026-07-22 06:00:00+00:00,65974.9,66164.57,65701,65987.96,4137.3725,627827,1987.9772
2026-07-22 09:00:00+00:00,65987.97,66116.36,65850,66013.36,3409.2784,471713,1669.6831
2026-07-22 12:00:00+00:00,66013.36,66204.98,65553.67,65793.98,2312.4331,486769,1120.5919
2026-07-22 15:00:00+00:00,65793.98,66384,65793.98,66024.03,1553.6998,428093,798.78322
2026-07-22 18:00:00+00:00,66024.02,66075.91,65691.93,65919.68,960.50108,251177,418.27587
2026-07-22 21:00:00+00:00,65919.67,66138.24,65844.3,66114.49,1069.5661,182836,507.70717
2026-07-23 00:00:00+00:00,66114.5,66313.14,65653.23,65805.34,2220.0977,307640,1139.2506
2026-07-23 03:00:00+00:00,65805.35,65816,65570.12,65691.01,1450.117,214753,589.31362
2026-07-23 06:00:00+00:00,65691.01,65821.17,65351.02,65633,1440.9466,252473,686.25709
2026-07-23 09:00:00+00:00,65632.99,65792.09,65540.93,65555.21,1080.241,192952,531.55204
2026-07-23 12:00:00+00:00,65555.21,65589.41,64822.13,64909.99,3222.4854,650011,1359.6871
2026-07-23 15:00:00+00:00,64910,65023.68,64650,64681.27,2521.9704,465109,1189.4269
2026-07-23 18:00:00+00:00,64681.26,65217.93,64680,65147.5,1434.6403,283124,796.68911
2026-07-23 21:00:00+00:00,65147.5,65235.43,65013.94,65098.97,1327.7283,191237,744.14785
2026-07-24 00:00:00+00:00,65098.98,65187.57,64762.18,65116.99,1442.1825,261568,702.21793
2026-07-24 03:00:00+00:00,65116.99,65469.86,65078,65325,1054.6997,203343,518.13952
2026-07-24 06:00:00+00:00,65325.01,65808.59,65278.07,65302.18,2440.1274,273946,1122.4722
2026-07-24 09:00:00+00:00,65302.18,65314.66,64857.14,65083.43,1946.2365,240957,1090.5934
2026-07-24 12:00:00+00:00,65083.42,65133.99,63739.75,64055.12,4106.2262,678672,1770.4802
2026-07-24 15:00:00+00:00,64055.11,64333.33,63858,64180,2994.0246,454861,1482.7237
2026-07-24 18:00:00+00:00,64180,64292.44,64128.89,64170.23,1185.4095,204508,595.73034
2026-07-24 21:00:00+00:00,64170.24,64258.73,64121.86,64139.99,1652.3653,149836,850.86569
2026-07-25 00:00:00+00:00,64140,64179.03,64006.55,64052,1359.2131,125135,690.71616
2026-07-25 03:00:00+00:00,64052.01,64205.67,63980.01,64024,886.5205,103317,468.67582
2026-07-25 06:00:00+00:00,64024,64063.37,63810,63876.06,1164.4427,146447,531.44306
2026-07-25 09:00:00+00:00,63876.07,64113,63830,64064.01,2240.658,178597,1212.5223
2026-07-25 12:00:00+00:00,64064.01,64267.78,64043,64214.04,735.07934,107038,522.66755
2026-07-25 15:00:00+00:00,64214.05,64356,64123,64267.4,508.40763,120747,276.07307
2026-07-25 18:00:00+00:00,64267.41,64475.28,64267.41,64339.75,747.91964,124620,429.11504
2026-07-25 21:00:00+00:00,64339.75,64430,64263.03,64375,1220.8095,99437,490.28193
2026-07-26 00:00:00+00:00,64375.01,64541.66,64350,64527.56,650.94066,107434,365.2578
2026-07-26 03:00:00+00:00,64527.57,64599.95,64403.95,64417.69,861.2728,99260,400.30791
2026-07-26 06:00:00+00:00,64417.68,64493.99,64293.81,64480.01,885.88307,97368,409.53097
2026-07-26 09:00:00+00:00,64480.02,64573.73,64478.38,64507.35,476.71625,80518,251.28332
2026-07-26 12:00:00+00:00,64507.36,64768.23,64414,64712.99,1142.6895,182685,668.42407
2026-07-26 15:00:00+00:00,64713,64940.51,64668.91,64697.2,1081.7325,168522,538.72931
2026-07-26 18:00:00+00:00,64697.21,64769.99,64631.57,64649.04,604.33781,81724,265.19477
2026-07-26 21:00:00+00:00,64649.04,65577,64649.03,65399.99,2229.4882,320512,1192.7516
2026-07-27 00:00:00+00:00,65400,65418.81,64892.03,65172,1420.3793,318815,608.79015
2026-07-27 03:00:00+00:00,65172.02,65500,65161.99,65468.38,1135.5364,218915,501.64725
2026-07-27 06:00:00+00:00,65468.38,65744.6,65128.85,65162.98,2658.4137,340744,1076.1695
2026-07-27 09:00:00+00:00,65162.98,65432,65092,65100.79,2177.6107,205752,1090.3503
2026-07-27 12:00:00+00:00,65100.79,65718,64459.82,64687.45,2796.7505,729454,1344.6331
2026-07-27 15:00:00+00:00,64687.45,65090,64418.01,65019.81,1474.155,438661,737.50541
2026-07-27 18:00:00+00:00,65019.81,65078,64755.67,64960.65,812.78737,232159,364.05667
2026-07-27 21:00:00+00:00,64960.64,64960.65,63605.56,63755.86,2316.2725,437136,971.67697
2026-07-28 00:00:00+00:00,63755.86,63827.49,63059.39,63185.59,2385.4742,413293,1137.4045
2026-07-28 03:00:00+00:00,63185.59,63623.5,63168.01,63451.61,1462.1928,216459,720.57231
2026-07-28 06:00:00+00:00,63451.62,63668.71,63395.13,63428.08,1728.1958,230364,1016.1814
2026-07-28 09:00:00+00:00,63428.07,63593,63294,63450,1136.9266,210521,586.91788
2026-07-28 12:00:00+00:00,63449.99,63588,62742.47,63412.45,2925.8843,573956,1367.8352
2026-07-28 15:00:00+00:00,63412.45,64100,63269.28,63685.88,1990.312,519791,1096.6457
2026-07-28 18:00:00+00:00,63685.88,64018.39,63672.26,63917.55,945.00418,257054,507.63469
2026-07-28 21:00:00+00:00,63917.55,64073.3,63562,63915,1315.8402,258505,636.83669
2026-07-29 00:00:00+00:00,63915,64200,63658,63979.96,1965.5024,420507,1156.3367
2026-07-29 03:00:00+00:00,63979.96,64094.2,63598,64067.32,1629.1995,346930,837.73284
2026-07-29 06:00:00+00:00,64067.32,64588,64026.64,64417.31,1914.8186,277746,1043.2572
2026-07-29 09:00:00+00:00,64417.31,64744.81,64386.94,64507.54,1345.1729,229428,748.36156
2026-07-29 12:00:00+00:00,64507.53,64718.87,64047.71,64108.01,2007.5926,610361,915.41521
2026-07-29 15:00:00+00:00,64108.01,64286.71,63624.15,64269.83,1971.8676,533183,1062.1239
2026-07-29 18:00:00+00:00,64269.83,64648.79,63378.09,63522.01,4138.3496,850204,2172.2151
2026-07-29 21:00:00+00:00,63522.01,64131.44,63267.34,63984.28,1807.6159,346935,996.17515
2026-07-30 00:00:00+00:00,63984.29,64411.76,63603.92,64189.99,1911.1939,370472,1050.3167
2026-07-30 03:00:00+00:00,64190,64300.91,63907.85,64033.89,2116.4085,345107,1088.4009
2026-07-30 06:00:00+00:00,64033.9,64358.99,63943.29,64308.01,2496.2613,716781,1293.6893
2026-07-30 09:00:00+00:00,64308.01,64885.18,64283.8,64788,3649.5815,652304,1813.5276
2026-07-30 12:00:00+00:00,64788.01,65176.6,64620,64683.97,3058.6166,434497,1604.4224
2026-07-30 15:00:00+00:00,64683.97,64988,64607.31,64872,1746.2289,311799,1081.2251
2026-07-30 18:00:00+00:00,64871.99,64936,64688,64777.37,951.29748,192735,468.94387
2026-07-30 21:00:00+00:00,64777.38,65086.4,64668.91,64780.02,1201.9966,222996,595.66631
2026-07-31 00:00:00+00:00,64780.03,65409.56,64203.58,64297.79,2733.0914,474792,1246.6248
2026-07-31 03:00:00+00:00,64297.79,64439.81,64172,64363.06,1468.5829,233310,894.29134
2026-07-31 06:00:00+00:00,64363.06,64496.64,63784.67,63834.01,4326.9194,300635,1589.1113
2026-07-31 09:00:00+00:00,63834.01,64011.99,63610,63805.51,1271.8669,203790,716.20406
2026-07-31 12:00:00+00:00,63805.5,63849.19,62466,62682.06,5656.1979,744813,2546.4726
2026-07-31 15:00:00+00:00,62682.05,63301.68,62490.24,63245.44,2679.933,422977,1500.7208
2026-07-31 18:00:00+00:00,63245.44,63302,62928.35,62953.7,1376.7661,225603,744.45606
2026-07-31 21:00:00+00:00,62953.7,63062.47,62846,62887.88,962.24938,134318,421.68048
2026-08-01 00:00:00+00:00,62887.88,63106.55,62887.87,63075.07,1252.6596,95633,672.96118
2026-08-01 03:00:00+00:00,63075.08,63142.85,62970.65,63020,1071.1619,71574,507.94149
2026-08-01 06:00:00+00:00,63020,63150,62992.82,63126.25,691.59467,57381,344.05422
2026-08-01 09:00:00+00:00,63126.25,63139.54,62986.31,63076,728.58095,71672,334.32078
2026-08-01 12:00:00+00:00,63076,63127.07,63051,63126.52,893.44845,61210,475.37341
2026-08-01 15:00:00+00:00,63126.53,63126.53,62666,62708.07,851.47232,118535,371.56959
2026-08-01 18:00:00+00:00,62708.06,62734,62275,62662.13,1427.4249,252660,671.29442
2026-08-01 21:00:00+00:00,62662.14,62866.62,62662.13,62823.64,646.74618,103318,394.72389
2026-08-02 00:00:00+00:00,62823.65,63547.7,62806.58,63451.58,1681.4702,211958,930.92765
2026-08-02 03:00:00+00:00,63451.58,63634,63380,63453.27,952.24141,125173,471.69137
2026-08-02 06:00:00+00:00,63453.27,63544.51,63172,63193.99,1115.3093,91202,685.75839
2026-08-02 09:00:00+00:00,63194,63320,62982.38,63031.99,850.448,152205,395.53918
2026-08-02 12:00:00+00:00,63031.99,63231.67,63010,63069.37,824.356,131198,421.99305
2026-08-02 15:00:00+00:00,63069.37,63342,63050,63300.28,777.4087,140078,431.60255
2026-08-02 18:00:00+00:00,63300,63610.01,63290,63494.52,906.68646,144404,554.9538
2026-08-02 21:00:00+00:00,63494.51,63796.33,63344,63570,1279.0914,289846,673.86513
2026-08-03 00:00:00+00:00,63570.01,63596,63100,63141.4,1063.8262,251736,489.99761
2026-08-03 03:00:00+00:00,63141.39,63168.44,62751.3,62827.17,1383.5739,183947,694.63536
2026-08-03 06:00:00+00:00,62827.17,62872.58,62300,62541.5,2318.3779,242594,1104.175
2026-08-03 09:00:00+00:00,62541.5,62863.1,62520,62560.01,1311.4846,182938,763.64063
2026-08-03 12:00:00+00:00,62560.01,63992.71,62445.26,63967.19,3946.4478,695941,2372.8429
2026-08-03 15:00:00+00:00,63967.19,64059.75,63646.59,63906,2796.7241,488420,1407.4042
2026-08-03 18:00:00+00:00,63905.99,64080,63768,63775.43,1412.2202,254797,627.26931
2026-08-03 21:00:00+00:00,63775.43,63791.98,63392.01,63520,1310.6427,193991,527.93887
2026-08-04 00:00:00+00:00,63520,63972,63322.01,63822.44,1941.0758,321870,1097.6289
2026-08-04 03:00:00+00:00,63822.45,64243.81,63649,63818.48,1444.9697,193375,741.96034
2026-08-04 06:00:00+00:00,63818.47,63859.71,63506.78,63588.94,1513.7666,151150,762.07715
2026-08-04 09:00:00+00:00,63589.04,63950,63451.8,63926,1428.2905,236303,651.83473
2026-08-04 12:00:00+00:00,63926,64193.54,63615.38,64128.72,2479.3748,512056,1454.8234
2026-08-04 15:00:00+00:00,64128.73,64238,63814.29,63972.09,2142.2959,420079,1159.0273
2026-08-04 18:00:00+00:00,63972.09,64420,63965.73,64341,1786.5229,343144,968.22748
2026-08-04 21:00:00+00:00,64341,64549.16,64081.26,64106.56,954.18285,210062,524.88442
2026-08-05 00:00:00+00:00,64106.55,64504,63950,64368.26,1605.5339,281943,844.18823
2026-08-05 03:00:00+00:00,64368.27,64525.97,64046,64330.87,1110.3325,207840,503.86919
2026-08-05 06:00:00+00:00,64330.86,64373.31,63995.89,64120.81,1308.8796,187533,727.37874
2026-08-05 09:00:00+00:00,64120.81,64242.93,64020,64075.28,830.49347,175121,376.27714
2026-08-05 12:00:00+00:00,64075.28,64581.43,63880,64476.39,3107.7747,636411,1760.8886
2026-08-05 15:00:00+00:00,64476.4,64804,64385.49,64770,2005.8486,436369,953.75542
2026-08-05 18:00:00+00:00,64770,65025.22,64670.01,64822.89,1474.5481,261456,783.68199
2026-08-05 21:00:00+00:00,64822.88,64825.78,64579.15,64665.23,1299.4446,215554,572.44321
2026-08-06 00:00:00+00:00,64665.24,64724.38,64439.34,64579.36,1303.1884,205074,605.72492
2026-08-06 03:00:00+00:00,64579.36,64996,64493.2,64908.09,1067.6132,199981,566.40171
2026-08-06 06:00:00+00:00,64908.1,64999,64745.69,64941.99,1236.6403,174930,514.44334
2026-08-06 09:00:00+00:00,64942,64944,64503.54,64622.09,984.10866,185611,449.50802
2026-08-06 12:00:00+00:00,64622.08,64850,64172,64778,1987.7808,511406,1011.1157
2026-08-06 15:00:00+00:00,64778.01,64987.26,64548.81,64621.69,1436.9033,462283,761.3605
2026-08-06 18:00:00+00:00,64621.68,64621.69,64365,64439.7,992.36192,201176,408.65727
2026-08-06 21:00:00+00:00,64439.71,64513.99,64200,64323.61,855.83625,147490,348.94111
2026-08-07 00:00:00+00:00,64323.61,64544,64230.59,64399.87,1025.1685,270448,504.21969
2026-08-07 03:00:00+00:00,64399.88,64407.73,64166,64336.43,744.06648,198803,321.45874
2026-08-07 06:00:00+00:00,64336.42,64672.1,64264,64600,1267.8839,172264,597.53306
2026-08-07 09:00:00+00:00,64600,65213.33,64599.99,65029.98,1932.5423,246058,900.39812
2026-08-07 12:00:00+00:00,65029.98,65390.99,64788,64957.98,3666.6016,699088,1958.5028
2026-08-07 15:00:00+00:00,64957.98,65136.17,64525,64764.33,1557.0213,388710,561.44873
2026-08-07 18:00:00+00:00,64764.33,65053.56,64676,64972,862.49077,220310,487.66455
2026-08-07 21:00:00+00:00,64972,65102,64846,64923.19,751.62926,87702,308.04049
2026-08-08 00:00:00+00:00,64923.2,64965,64784.19,64923.97,1033.1788,68977,525.72293
2026-08-08 03:00:00+00:00,64923.98,65074.18,64918.28,64995.39,596.14185,72413,349.08782
2026-08-08 06:00:00+00:00,64995.39,65020.5,64948.56,64993.87,618.1949,43943,288.20497
2026-08-08 09:00:00+00:00,64993.88,65050,64957,64967.35,626.00575,61459,318.50002
2026-08-08 12:00:00+00:00,64967.36,65192.54,64924,65129.02,778.66755,92762,455.6675
2026-08-08 15:00:00+00:00,65129.01,65150,65039,65119.75,503.14605,66520,240.01133
2026-08-08 18:00:00+00:00,65119.75,65119.75,65017.39,65082.41,756.23482,55556,293.67848
2026-08-08 21:00:00+00:00,65082.42,65082.42,64936.01,64962.6,848.57322,78817,339.13306
2026-08-09 00:00:00+00:00,64962.6,65002,64777.92,64820.01,800.19898,82566,331.70492
2026-08-09 03:00:00+00:00,64820.01,64826.13,64730.08,64801.58,504.46854,49880,260.5209
2026-08-09 06:00:00+00:00,64801.57,64960.06,64792.1,64824.16,883.68927,83684,442.49947
2026-08-09 09:00:00+00:00,64824.17,65000,64809.68,64950,549.48243,62425,297.01555
2026-08-09 12:00:00+00:00,64950.01,65300,64914.73,65260.01,854.59911,104727,461.86955
2026-08-09 15:00:00+00:00,65260.01,65266.06,65182.36,65198.68,783.65021,79294,366.0588
2026-08-09 18:00:00+00:00,65198.68,65220,65046.25,65137.96,806.84873,80650,219.69544
2026-08-09 21:00:00+00:00,65137.96,65474.46,64842.59,64901.59,1848.2988,260755,827.96459
2026-08-10 00:00:00+00:00,64901.59,65391.14,64826.78,65099.99,1399.4239,279382,737.53783
2026-08-10 03:00:00+00:00,65099.99,65172,64904.99,65134,968.75965,157841,458.31724
2026-08-10 06:00:00+00:00,65134,65379.13,65130.01,65245.58,1304.76,148609,619.44389
2026-08-10 09:00:00+00:00,65245.59,65245.59,64958.87,65125.98,978.17949,185149,477.09221
2026-08-10 12:00:00+00:00,65125.99,65237.8,64518.01,64625.77,2543.6644,431576,1369.1122
2026-08-10 15:00:00+00:00,64625.77,64711.43,63830.57,63953.04,3884.9633,490776,1841.0995
2026-08-10 18:00:00+00:00,63953.04,64215.21,63806.27,64158.5,1773.6706,237545,1061
2026-08-10 21:00:00+00:00,64158.49,64158.5,63920.69,63970.01,784.98735,123469,383.02483
2026-08-11 00:00:00+00:00,63970.01,64086,63895.64,64044.59,1308.5881,142894,631.66068
2026-08-11 03:00:00+00:00,64044.6,64176,63964,64000,1101.6201,87121,473.68603
2026-08-11 06:00:00+00:00,64000,64148.78,63852,64136.41,1231.368,134555,625.86941
2026-08-11 09:00:00+00:00,64136.41,64400,64121.51,64389.57,1399.4582,140585,714.20538
2026-08-11 12:00:00+00:00,64389.58,64515.43,63714.75,63770.03,3090.2067,409439,1291.3932
2026-08-11 15:00:00+00:00,63770.03,63868,63451,63607.88,2510.2422,381485,1433.0848
2026-08-11 18:00:00+00:00,63607.87,63748.37,63238,63740,1522.6241,237923,839.01886
2026-08-11 21:00:00+00:00,63740,63768.58,63543.55,63600,727.52517,126515,354.09486
2026-08-12 00:00:00+00:00,63600.01,63908.01,63534.01,63749.76,1359.6359,168321,741.96783
2026-08-12 03:00:00+00:00,63749.77,63891.42,63709.85,63849.94,1647.6787,143329,818.31665
2026-08-12 06:00:00+00:00,63849.94,63867.2,63606.15,63794.94,1324.837,165610,810.87173
2026-08-12 09:00:00+00:00,63794.95,64249.5,63768.01,64240.04,1963.9717,250707,818.49795
2026-08-12 12:00:00+00:00,64240.04,64500,63362.74,63363.39,3188.3847,617025,1471.1169
2026-08-12 15:00:00+00:00,63363.39,63578,63316,63471,1551.2156,274930,934.22854
2026-08-12 18:00:00+00:00,63470.99,63600,63310.34,63599.99,1085.7177,193654,593.65513
2026-08-12 21:00:00+00:00,63600,63661.24,63370,63479.99,1505.627,176923,805.17149
2026-08-13 00:00:00+00:00,63479.99,63717.31,63380,63550.01,1182.8194,199254,681.649
2026-08-13 03:00:00+00:00,63550.01,64010,63514.21,63878,1125.2519,195435,550.76975
2026-08-13 06:00:00+00:00,63878.01,63947.09,63742,63766.8,1228.9517,146681,688.3905
2026-08-13 09:00:00+00:00,63766.8,63818.16,63350,63484.3,1011.2585,174906,490.80183
2026-08-13 12:00:00+00:00,63484.31,63999,63450,63859.45,1615.7202,377129,857.28351
2026-08-13 15:00:00+00:00,63859.46,63940.08,62802.27,63144.38,2902.0144,584502,1374.2608
2026-08-13 18:00:00+00:00,63144.37,63519.39,63105.44,63415.55,914.72288,244939,514.50985
2026-08-13 21:00:00+00:00,63415.56,63640,63390,63490.86,813.11961,155931,430.63666
2026-08-14 00:00:00+00:00,63490.86,63617.45,63410,63465.39,1178.1123,217951,516.36412
2026-08-14 03:00:00+00:00,63465.39,63576,63276,63379.83,1029.2178,156320,531.44982
2026-08-14 06:00:00+00:00,63379.83,63379.83,62700,62940.01,2250.4508,297702,1221.7844
2026-08-14 09:00:00+00:00,62940.01,62946,62739.98,62868.83,1544.6226,215604,884.6538
2026-08-14 12:00:00+00:00,62868.83,62913.3,62535.24,62620.01,2472.5435,505505,1234.7804
2026-08-14 15:00:00+00:00,62620.01,63247.05,62612,63013.69,2008.3793,404987,1253.1771
2026-08-14 18:00:00+00:00,63013.7,63088.21,62830,62907.59,1122.1935,241733,606.20621
2026-08-14 21:00:00+00:00,62907.59,63066.13,62800,63043.56,735.30919,144728,429.86134
2026-08-15 00:00:00+00:00,63043.56,63134.82,62992.91,63134.41,937.42194,84780,512.12622
2026-08-15 03:00:00+00:00,63134.41,63187.98,63039.99,63089,570.0507,59372,315.88068
2026-08-15 06:00:00+00:00,63089,63134.84,62933.71,62935.72,1240.4814,80423,628.38663
2026-08-15 09:00:00+00:00,62935.72,63054.69,62920,63022.01,439.28673,55277,240.9663
2026-08-15 12:00:00+00:00,63022.01,63080.88,62946.58,63040,486.06833,64177,224.8514
2026-08-15 15:00:00+00:00,63040.01,63124.99,63032,63070.5,513.77947,66702,344.57287
2026-08-15 18:00:00+00:00,63070.49,63127.4,63044.37,63103.29,866.17263,77210,650.31389
2026-08-15 21:00:00+00:00,63103.29,63175,63086,63086.01,351.89921,52372,193.42212
2026-08-16 00:00:00+00:00,63086.01,63151.59,63012,63121.91,520.47826,60154,268.78365
2026-08-16 03:00:00+00:00,63121.92,63158.8,63040,63069.43,471.38945,38268,217.90781
2026-08-16 06:00:00+00:00,63069.43,63083.79,63043.21,63072.42,536.18057,30213,297.24843
2026-08-16 09:00:00+00:00,63072.43,63072.43,62968.45,63013.66,637.84335,53839,371.20765
2026-08-16 12:00:00+00:00,63013.66,63102.86,62997.77,63102.85,384.73983,47240,216.08325
2026-08-16 15:00:00+00:00,63102.86,63390,63102.86,63159.3,758.25495,119275,361.92016
2026-08-16 18:00:00+00:00,63159.31,63230,63027.6,63067.79,399.19723,77451,219.93435
2026-08-16 21:00:00+00:00,63067.79,63085.15,62716,62900,1029.1477,213854,544.95025
2026-08-17 00:00:00+00:00,62900,63500,62751.1,63403.34,1532.5681,340865,787.69938
2026-08-17 03:00:00+00:00,63403.33,63594.76,63339.78,63520.18,2122.5575,156465,1028.4912
2026-08-17 06:00:00+00:00,63520.18,63717.17,63350,63380.84,1529.476,158697,684.15819
2026-08-17 09:00:00+00:00,63380.83,63781.69,63295,63631.1,1422.5504,187114,762.74906
2026-08-17 12:00:00+00:00,63631.11,63904.76,63444.17,63902.63,1574.4275,359251,791.97521
2026-08-17 15:00:00+00:00,63902.63,64425,63812.35,64325.99,3446.9709,466606,1760.4755
2026-08-17 18:00:00+00:00,64325.99,64610.01,64266,64392.73,1737.2795,300947,912.53179
2026-08-17 21:00:00+00:00,64392.72,64578,64283.49,64532.1,889.81718,141311,458.83062
2026-08-18 00:00:00+00:00,64532.11,64568.46,64048,64103.22,1153.7371,200511,524.95277
2026-08-18 03:00:00+00:00,64103.22,64276,64047.73,64242.76,2640.656,158165,1393.9465
2026-08-18 06:00:00+00:00,64242.76,64446,64087.98,64296.02,1491.2277,207429,637.55548
2026-08-18 09:00:00+00:00,64296.01,64402.35,64123.42,64351.19,799.77803,130287,348.67372
2026-08-18 12:00:00+00:00,64351.18,65058.81,64027.85,64714.16,3174.0468,418258,1786.9468
2026-08-18 15:00:00+00:00,64714.16,64891.81,64652,64670.02,1332.4333,261019,560.37898
2026-08-18 18:00:00+00:00,64670.02,64822,64568,64582.39,596.40895,118206,255.92103
2026-08-18 21:00:00+00:00,64582.38,64780,64562.25,64725.42,601.62527,114144,250.8738
2026-08-19 00:00:00+00:00,64725.42,64736.27,64350,64351.9,1110.0249,198485,556.7031
2026-08-19 03:00:00+00:00,64351.86,64414,64236,64236.01,919.09095,136455,433.77773
2026-08-19 06:00:00+00:00,64236.01,64510.95,64166,64413.95,1543.2906,158253,793.05837
2026-08-19 09:00:00+00:00,64413.95,64539.05,64360.7,64515.63,777.06609,100839,334.30668
2026-08-19 12:00:00+00:00,64515.62,65970,64474.86,65923.21,4770.1337,664165,2678.3202
2026-08-19 15:00:00+00:00,65923.21,69500,65892,68197.29,12984.92,1439599,7322.6828
2026-08-19 18:00:00+00:00,68197.3,69579.99,68042,69048.06,2775.7723,566165,1441.5518
2026-08-19 21:00:00+00:00,69048.06,70000,68980,69334.79,4174.0015,896635,2086.4646
2026-08-20 00:00:00+00:00,69334.78,69894.5,69268,69301.27,3186.3397,572897,1720.6682
2026-08-20 03:00:00+00:00,69301.27,69668,68902.22,69406.54,2915.6139,477966,1370.7142
2026-08-20 06:00:00+00:00,69406.53,71826.26,69336.97,71592.1,7627.4676,946893,3970.484
2026-08-20 09:00:00+00:00,71592.11,72490,71500,71927.07,6874.7826,978927,3411.6148
2026-08-20 12:00:00+00:00,71927.07,72108.8,71132,71826.85,5169.8143,1141115,2723.3861
2026-08-20 15:00:00+00:00,71826.85,72966,71789.01,72737.5,5519.5586,1109908,2768.6641
2026-08-20 18:00:00+00:00,72737.51,73110.7,72330,72671.75,2658.277,565016,1212.0116
2026-08-20 21:00:00+00:00,72671.76,73400,72498,73025.15,1952.9392,456392,967.39837
2026-08-21 00:00:00+00:00,73027.02,75785.82,73027.02,74439.74,6809.4244,1355945,3768.0581
2026-08-21 03:00:00+00:00,74439.75,75500,74247.46,75472.73,3003.9998,653327,1670.4879
2026-08-21 06:00:00+00:00,75472.73,79500,75104,79258.03,9524.1381,1469544,5030.6496
2026-08-21 09:00:00+00:00,79258.02,79363.79,76411.38,76722.32,8159.0025,1617898,3662.8368
2026-08-21 12:00:00+00:00,76722.31,77700,76243.04,77384.68,6558.4533,1493061,3338.5991
2026-08-21 15:00:00+00:00,77384.69,77871.33,76784.81,77392.68,3783.924,850189,2091.172
2026-08-21 18:00:00+00:00,77392.69,77550,76643.72,77520.19,3304.2251,641015,1797.5681
2026-08-21 21:00:00+00:00,77520.19,78760.68,77388,78338.03,3196.3985,847965,1674.505
2026-08-22 00:00:00+00:00,78338.03,78563.83,77683.37,78470,2400.2355,679344,1270.5015
2026-08-22 03:00:00+00:00,78470,78828.15,76500,77380.75,5289.5081,924783,2500.9454
2026-08-22 06:00:00+00:00,77380.75,77669.28,76985.14,77210.55,2343.1382,532837,1257.847
2026-08-22 09:00:00+00:00,77210.55,77395.04,76533.87,77130.02,2877.5257,596447,1577.4725
2026-08-22 12:00:00+00:00,77130.01,77387.99,76930,77003.62,1535.4816,342252,761.8496
2026-08-22 15:00:00+00:00,77003.62,77547.96,76880,77278.01,1370.7009,334604,687.55508
2026-08-22 18:00:00+00:00,77278.01,77469.64,77138,77311.69,858.44077,206315,479.674
2026-08-22 21:00:00+00:00,77311.69,77311.69,76772,77074.93,1849.4776,333463,877.34715
2026-08-23 00:00:00+00:00,77074.94,77400,77005.88,77079.46,1011.0288,304504,574.41158
2026-08-23 03:00:00+00:00,77079.46,77136.78,75545.67,76053.37,3705.8764,672925,1774.7349
2026-08-23 06:00:00+00:00,76053.38,76654.78,75872.89,76486.49,2060.3584,427757,1081.9598
2026-08-23 09:00:00+00:00,76486.49,77400,76467,77311.02,1664.9075,419587,989.43004
2026-08-23 12:00:00+00:00,77311.02,77765.8,76802,77186,2418.2116,519044,1275.2987
2026-08-23 15:00:00+00:00,77186,77475,76913.49,77176.41,1261.5588,364239,667.64518
2026-08-23 18:00:00+00:00,77176.41,77487.04,77116,77401.6,1135.0881,260494,689.41153
2026-08-23 21:00:00+00:00,77401.59,78052.85,77290.22,77734,2110.2023,659279,1154.4586
2026-08-24 00:00:00+00:00,77734,77742,76883.61,77478.69,2216.5461,690699,1084.5128
2026-08-24 03:00:00+00:00,77478.7,77532.37,76670.01,77149.4,3523.3756,550441,1302.1692
2026-08-24 06:00:00+00:00,77149.39,77790.19,76838,77041.47,2348.7796,483577,1275.8913
2026-08-24 09:00:00+00:00,77041.46,78600,77028,78443.65,2960.5555,619767,1712.7116
2026-08-24 12:00:00+00:00,78443.65,79841.12,77851.9,79510.92,8389.5709,1713795,4685.8961
2026-08-24 15:00:00+00:00,79510.93,80000,78468.61,78761.14,7181.3941,1350673,2988.2181
2026-08-24 18:00:00+00:00,78761.14,79118.42,78560,78932.33,2268.1057,622606,1287.0377
2026-08-24 21:00:00+00:00,78932.33,79049.4,78622.13,78992.75,1290.9664,302851,697.55855
2026-08-25 00:00:00+00:00,78992.76,81272.62,78715.63,80649.63,5515.6341,1250071,3100.5587
2026-08-25 03:00:00+00:00,80649.62,80956,80150,80731.9,3252.3428,776566,1663.9073
2026-08-25 06:00:00+00:00,80731.9,80923.69,79369.17,79930.77,2841.3982,612662,1442.548
2026-08-25 09:00:00+00:00,79930.76,79958,78888,79117.99,2929.5261,710130,1305.9897
2026-08-25 12:00:00+00:00,79118,79386.94,78120.74,79235.99,3957.5282,1225325,1854.197
2026-08-25 15:00:00+00:00,79236,79563.71,78752.06,79240.01,2217.5433,633542,1261.6031
2026-08-25 18:00:00+00:00,79240.02,79380,78165.27,78206.13,1949.9205,523393,919.39787
2026-08-25 21:00:00+00:00,78206.14,79000,77851,78539.14,2108.6206,628513,1085.2309
2026-08-26 00:00:00+00:00,78539.13,79251.6,78312,79108,1758.5762,571001,1026.5801
2026-08-26 03:00:00+00:00,79108.01,79200,78638,79085.98,1451.6775,403447,847.7093
2026-08-26 06:00:00+00:00,79085.98,79206,78600,78707.59,1971.0258,448616,798.71319
2026-08-26 09:00:00+00:00,78707.59,78879.75,78244.83,78487.26,1334.0929,482616,629.72818
2026-08-26 12:00:00+00:00,78487.26,78713.79,77774,77790.48,3017.3191,951145,1340.7776
2026-08-26 15:00:00+00:00,77790.48,78603,77632.58,78442.83,1897.9123,567235,981.20818
2026-08-26 18:00:00+00:00,78442.84,78650.26,78200,78452.04,1126.3205,331812,611.41909
2026-08-26 21:00:00+00:00,78452.04,79174.12,78392.19,79023.75,2056.8346,528655,1063.1366
2026-08-27 00:00:00+00:00,79023.75,79028.49,78546.13,78717.76,1477.5665,433546,575.84571
2026-08-27 03:00:00+00:00,78717.76,78990,78600,78912.55,836.23325,301950,325.89505
2026-08-27 06:00:00+00:00,78912.54,80022,78604.78,79755.99,2450.7134,559149,1222.7622
2026-08-27 09:00:00+00:00,79756,80520,79172.65,79477.67,2437.666,765928,1066.9142
2026-08-27 12:00:00+00:00,79477.66,80388,78920,80204.05,3113.4789,1131577,1410.7607
2026-08-27 15:00:00+00:00,80204.06,80848.74,80094,80442.46,3347.091,1032416,1509.2866
2026-08-27 18:00:00+00:00,80442.47,80442.47,79749.7,80096,1460.3065,405473,674.50139
2026-08-27 21:00:00+00:00,80096,80432.36,79975.74,80249.58,1142.4815,302246,572.5346
2026-08-28 00:00:00+00:00,80249.59,81478.87,79723.02,79926.11,3169.8529,778955,1626.8438
2026-08-28 03:00:00+00:00,79926.11,80060.01,79558.11,79686,1420.1435,375451,725.58711
2026-08-28 06:00:00+00:00,79686,79999,79480,79516.78,1903.4467,399879,664.57553
2026-08-28 09:00:00+00:00,79516.77,79770.29,79001.01,79604.13,1484.5953,350729,724.4083
2026-08-28 12:00:00+00:00,79604.12,79727.36,78423.03,79542.44,4173.4079,961688,2025.6845
2026-08-28 15:00:00+00:00,79542.44,79838.73,76888,77904,4933.3925,1223454,2288.0079
2026-08-28 18:00:00+00:00,77904,77935.5,77270,77407.34,1340.5229,473927,597.96065
2026-08-28 21:00:00+00:00,77407.34,77846.72,77255.69,77845.87,1331.0748,258074,647.34192
2026-08-29 00:00:00+00:00,77845.88,77963.92,77584.53,77671.18,924.50026,237389,444.74204
2026-08-29 03:00:00+00:00,77671.18,77731.43,77507.16,77632.53,664.12038,219032,315.80559
2026-08-29 06:00:00+00:00,77632.52,77672,77382.37,77633.99,1520.6062,210580,774.06698
2026-08-29 09:00:00+00:00,77634,77754.23,77526,77584.67,710.29511,135702,374.69206
2026-08-29 12:00:00+00:00,77584.66,78150,77506.63,78014.37,968.38296,193938,576.84936
2026-08-29 15:00:00+00:00,78014.37,78130.43,77806.9,78100,855.46516,237371,437.13617
2026-08-29 18:00:00+00:00,78099.99,78330,78018.02,78129.92,616.574,168243,321.58709
2026-08-29 21:00:00+00:00,78129.92,78283.7,78062,78230,756.35847,117631,350.01734
2026-08-30 00:00:00+00:00,78230,78330,77994.02,78106.01,561.89961,160467,263.88829
2026-08-30 03:00:00+00:00,78106,78233.7,77990,78127.71,631.23192,115830,350.54557
2026-08-30 06:00:00+00:00,78127.72,78310.71,78034,78074.01,489.86166,107346,268.56191
2026-08-30 09:00:00+00:00,78074.01,78242,77962.49,78166,505.61403,129662,231.3949
2026-08-30 12:00:00+00:00,78165.99,78966.76,78165.99,78783.71,1742.2598,381554,869.04747
2026-08-30 15:00:00+00:00,78783.7,79400,78626,79021.02,1682.1118,508258,809.23637
2026-08-30 18:00:00+00:00,79021.02,79181.99,78438.23,78597.33,820.18328,281220,371.03407
2026-08-30 21:00:00+00:00,78597.32,78804,77000,77682,2652.262,720585,1150.6351
2026-08-31 00:00:00+00:00,77682,78185.89,77392,77473.99,1852.0937,643610,965.1904
2026-08-31 03:00:00+00:00,77474,78156.78,77394,78016,1340.874,430200,768.36935
2026-08-31 06:00:00+00:00,78016.01,78521.89,77864.16,78480.8,2466.8013,519891,1280.3736
2026-08-31 09:00:00+00:00,78480.79,78802,78302,78315.43,1683.8409,445250,856.96648
2026-08-31 12:00:00+00:00,78315.43,78686.94,77675.04,78600.14,3268.5469,1046761,1649.8303
2026-08-31 15:00:00+00:00,78601.93,79019.86,78212.3,78897.36,2300.6195,637726,1291.9098
2026-08-31 18:00:00+00:00,78897.35,79250,78779.24,78864.72,1263.6627,401215,667.70409
2026-08-31 21:00:00+00:00,78864.73,79071.12,78405.01,78581.29,1127.4669,230084,670.29103
2026-09-01 00:00:00+00:00,78581.3,78900.01,78189.93,78449.99,1488.5484,289764,865.3227
2026-09-01 03:00:00+00:00,78449.99,79220.61,78400.18,79179.99,1533.2961,334819,821.72069
2026-09-01 06:00:00+00:00,79179.99,79179.99,77820,77883.28,1809.529,505715,911.61402
2026-09-01 09:00:00+00:00,77883.28,78202.52,77758.69,78098.97,1712.7313,434216,1048.6314
2026-09-01 12:00:00+00:00,78098.96,78424,77510,78167.99,2560.2246,704743,1258.4949
2026-09-01 15:00:00+00:00,78168,78169.69,77241.12,77265.79,1737.1064,494587,752.31976
2026-09-01 18:00:00+00:00,77265.79,77471.9,76420,77448.45,2197.3173,567072,944.54173
2026-09-01 21:00:00+00:00,77448.46,77638.18,76920.36,77439,1091.8863,331889,525.49992
2026-09-02 00:00:00+00:00,77439.01,77512,76718.48,77329.2,1451.2938,410136,741.98204
2026-09-02 03:00:00+00:00,77329.2,77792,77294.56,77651.07,1260.1301,387334,696.96711
2026-09-02 06:00:00+00:00,77651.08,77765.99,76746.81,76854.11,1618.0731,368485,789.96636
2026-09-02 09:00:00+00:00,76854.11,77049.4,76264,76828.76,2602.7057,532861,1374.2098
2026-09-02 12:00:00+00:00,76828.75,77490,76611.67,77066.42,1950.1475,592053,1054.4699
2026-09-02 15:00:00+00:00,77066.42,77582,76748.01,77381.66,2469.8838,515369,1179.0456
2026-09-02 18:00:00+00:00,77381.65,77524,77124,77406.01,1046.5442,279823,516.89612
2026-09-02 21:00:00+00:00,77406,77431.78,77007.36,77340.01,672.20002,226431,293.84615
2026-09-03 00:00:00+00:00,77340.01,77900,76968,77816.01,1424.1318,371162,809.99721
2026-09-03 03:00:00+00:00,77816.02,77880,77101.01,77809.91,1339.6185,303390,666.90614
2026-09-03 06:00:00+00:00,77809.91,78183.91,77600,77843.34,1467.5801,372245,807.46386
2026-09-03 09:00:00+00:00,77843.34,78004.94,77478,77948.39,1144.1702,388337,620.15143
2026-09-03 12:00:00+00:00,77948.39,80561,77896.07,80549.97,4546.1942,990179,2662.5686
2026-09-03 15:00:00+00:00,80549.97,81370.33,80354.65,81042,5171.4664,932137,2779.1836
2026-09-03 18:00:00+00:00,81042,81790,80904,81473,2300.1258,523092,1111.0638
2026-09-03 21:00:00+00:00,81473,82300,80905.05,81270.37,2413.1356,580103,1384.0201
2026-09-04 00:00:00+00:00,81270.37,81427.75,80669.45,80831.99,1582.5423,354560,700.84995
2026-09-04 03:00:00+00:00,80832,81288,80806,80996.15,1720.0143,267203,1057.7538
2026-09-04 06:00:00+00:00,80996.15,81237,80502.87,81147.16,1895.4956,370246,852.31078
2026-09-04 09:00:00+00:00,81147.16,81423.03,80831.14,81224.86,1964.7172,392698,1050.8273
2026-09-04 12:00:00+00:00,81224.86,81350,78660,78915.71,7435.772,1286114,3211.3857
2026-09-04 15:00:00+00:00,78915.71,79877.07,78800,79472.22,2395.1298,393741,1247.9283
2026-09-04 18:00:00+00:00,79472.22,79862.15,79472.22,79697.04,907.48549,185845,458.36941
2026-09-04 21:00:00+00:00,79697.03,79819.3,79512,79660.77,1297.4688,167493,702.93427
2026-09-05 00:00:00+00:00,79660.77,79721.57,79472.22,79569.09,657.36567,153964,319.78059
2026-09-05 03:00:00+00:00,79569.09,79630.74,79442,79577.53,992.69854,110186,452.14679
2026-09-05 06:00:00+00:00,79577.53,79763.41,79568,79650,906.97123,125472,491.43788
2026-09-05 09:00:00+00:00,79650.01,79735.97,79593.92,79609.28,939.32118,128826,378.16493
2026-09-05 12:00:00+00:00,79609.29,79774,79545.96,79719.76,1131.439,160404,607.39231
2026-09-05 15:00:00+00:00,79719.75,80200,79678.62,80058.6,1994.9951,271762,893.43311
2026-09-05 18:00:00+00:00,80058.6,80078,79694,79737.83,1227.6799,190301,501.37447
2026-09-05 21:00:00+00:00,79737.83,79947.99,79706.04,79831.75,1266.7694,135135,611.55217
2026-09-06 00:00:00+00:00,79831.75,80067.45,79829.98,79907.28,711.06341,152290,347.92439
2026-09-06 03:00:00+00:00,79907.28,80107.99,79794.04,79989.13,1253.3005,202842,541.5227
2026-09-06 06:00:00+00:00,79989.12,79989.13,79577,79837.17,1207.9209,166022,485.0445
2026-09-06 09:00:00+00:00,79837.17,80020,79806.01,79919.17,1131.6276,176292,425.35856
2026-09-06 12:00:00+00:00,79919.17,80010,79233,79543.06,1349.7786,281237,596.06938
2026-09-06 15:00:00+00:00,79543.07,79786,79383.32,79745.34,769.46805,205355,395.00876
2026-09-06 18:00:00+00:00,79745.34,79973.56,79745.34,79912,667.68402,115340,311.57162
2026-09-06 21:00:00+00:00,79912,80559.99,79647.04,80341.83,1763.9752,358867,1109.6909
2026-09-07 00:00:00+00:00,80341.83,80443.99,79800,79874.24,1313.6927,343140,623.86329
2026-09-07 03:00:00+00:00,79874.25,79986.02,79540.38,79759.47,1729.8817,312103,960.62152
2026-09-07 06:00:00+00:00,79759.47,79825.7,79001.1,79437.38,1799.3174,317668,854.37936
2026-09-07 09:00:00+00:00,79437.39,79550,79282,79420.16,1046.6846,240634,494.46749
2026-09-07 12:00:00+00:00,79420.16,79643.5,78956.94,79191.95,1546.4475,381266,740.40108
2026-09-07 15:00:00+00:00,79191.96,79223.53,78680,79185.73,1470.5325,397836,677.69052
2026-09-07 18:00:00+00:00,79185.74,79419.17,79096,79238,751.36159,184747,389.69026
2026-09-07 21:00:00+00:00,79238,79278,78781.07,79112.01,914.53698,287209,439.04316
2026-09-08 00:00:00+00:00,79112,79485,78930,78930.01,1501.4089,515258,716.9605
2026-09-08 03:00:00+00:00,78930.01,79002,78555,78578,2218.6159,745686,1055.6599
2026-09-08 06:00:00+00:00,78577.99,78632,78179.98,78418,6203.075,1248567,2707.3229
2026-09-08 09:00:00+00:00,78418,78994.5,78271.63,78430.01,1759.5174,301803,776.0756
2026-09-08 12:00:00+00:00,78430,78630.81,77620.01,78567.52,3999.4392,682472,1490.8934
2026-09-08 15:00:00+00:00,78567.52,78978.39,78451.39,78504.38,1385.2058,351931,794.54361
2026-09-08 18:00:00+00:00,78504.38,78822.47,78271.49,78487.99,1054.8471,301559,507.60839
2026-09-08 21:00:00+00:00,78487.99,78662.75,78406,78455.8,1112.9569,192370,492.05133
2026-09-09 00:00:00+00:00,78455.8,78928.65,78455.79,78726.01,1340.3514,254589,617.86965
2026-09-09 03:00:00+00:00,78726.01,79370.01,78548.46,78923.43,1500.8586,309787,757.74124
2026-09-09 06:00:00+00:00,78923.43,79760,78865.71,79698.02,1579.9948,339603,752.10855
2026-09-09 09:00:00+00:00,79698.02,79716,78725.29,79324.75,1685.7752,395751,765.4141
2026-09-09 12:00:00+00:00,79324.75,79678.84,78877.36,78958.01,2871.8347,697955,1283.8249
2026-09-09 15:00:00+00:00,78958.01,79394.99,78060.03,78776.01,2704.0287,699354,1298.7465
2026-09-09 18:00:00+00:00,78776,78792.25,77917.09,78324.07,1316.958,309772,617.79089
2026-09-09 21:00:00+00:00,78324.07,78339.56,77770,78306.43,1130.1188,331558,526.58636
2026-09-10 00:00:00+00:00,78306.43,78508.49,77952,78357.86,1505.5185,337325,640.97864
2026-09-10 03:00:00+00:00,78357.87,78564.39,78270.75,78536.71,1147.3654,192007,628.52899
2026-09-10 06:00:00+00:00,78536.71,78542.05,77906.48,78110,1401.6283,284996,660.24039
2026-09-10 09:00:00+00:00,78110,78229.22,77688,77840.8,1882.8803,302442,557.39548
2026-09-10 12:00:00+00:00,77840.64,77959.2,76676.07,77412.01,5363.6855,937734,2122.1852
2026-09-10 15:00:00+00:00,77412.01,77544,76804.99,77328.72,1842.0462,424857,952.96107
2026-09-10 18:00:00+00:00,77328.72,77347.45,76982.6,77268.08,858.03322,267716,341.72331
2026-09-10 21:00:00+00:00,77268.08,77303.02,76464,76568.72,1319.2115,333630,522.9604
2026-09-11 00:00:00+00:00,76568.73,77013.62,76563.01,76838.68,1223.4159,330101,613.66732
2026-09-11 03:00:00+00:00,76838.68,77252.88,76702.7,77252.86,1622.6862,216797,829.81228
2026-09-11 06:00:00+00:00,77252.87,77500,77144.59,77364.93,1134.2114,176191,600.80979
2026-09-11 09:00:00+00:00,77364.94,77370.01,76746.95,77036.12,1379.6001,233253,597.02816
2026-09-11 12:00:00+00:00,77036.12,79890,76046.58,78798.51,7969.8518,1346494,4121.5547
2026-09-11 15:00:00+00:00,78798.4,78849.98,77303,77534,2938.6273,701406,1353.5561
2026-09-11 18:00:00+00:00,77534,77538.01,76883,77339.33,1585.8994,392186,734.92751
2026-09-11 21:00:00+00:00,77339.33,77424.01,76967.13,77225.7,1858.9852,217835,1000.7976
2026-09-12 00:00:00+00:00,77225.71,77378.37,77207.65,77288,808.6153,99122,415.64413
2026-09-12 03:00:00+00:00,77288.01,77347.82,77164.06,77218,1601.7876,90399,902.02082
2026-09-12 06:00:00+00:00,77218,77374.01,77199.99,77360.01,794.2484,84610,499.51096
2026-09-12 09:00:00+00:00,77360,77400.75,77292,77356.04,626.17197,76260,301.99501
2026-09-12 12:00:00+00:00,77356.05,77505.67,77255.19,77461.24,1603.6664,112510,931.61521
2026-09-12 15:00:00+00:00,77461.25,77479.99,77170.57,77210.58,673.51194,94629,267.33316
2026-09-12 18:00:00+00:00,77210.58,77227.71,77059.75,77170,1369.6408,102876,653.26731
2026-09-12 21:00:00+00:00,77170,77300,77148.5,77278.73,582.8022,88168,341.38458
2026-09-13 00:00:00+00:00,77278.73,77341.37,77162.36,77289.96,683.89915,67188,344.42881
2026-09-13 03:00:00+00:00,77289.97,77324.46,77184.01,77322.01,619.60577,69282,382.31817
2026-09-13 06:00:00+00:00,77322.01,77325.82,76756,76813.71,1145.8877,149132,541.56918
2026-09-13 09:00:00+00:00,76813.71,76893.91,76500,76792.32,994.33601,198076,441.60952
2026-09-13 12:00:00+00:00,76792.31,77254.45,76560,77216.01,1252.5037,198878,764.21344
2026-09-13 15:00:00+00:00,77216.01,77413.52,77011.33,77328.94,667.7794,169686,347.45924
2026-09-13 18:00:00+00:00,77328.94,77409.04,77223.16,77348.01,362.5884,83601,166.36136
2026-09-13 21:00:00+00:00,77348.01,77450,76622.97,76842.01,1233.0836,339660,627.77336
2026-09-14 00:00:00+00:00,76842.01,77725.5,76388.72,77600,2324.6648,474942,1204.4589
2026-09-14 03:00:00+00:00,77600,77869.82,77494.34,77611.79,1740.3902,213576,1157.7019
2026-09-14 06:00:00+00:00,77611.79,77999.99,77379.41,77728.8,1399.2052,276484,718.6812
2026-09-14 09:00:00+00:00,77728.8,78374.01,77593.8,77776,1417.4017,319948,748.64254
2026-09-14 12:00:00+00:00,77776,78712.29,77481.98,78521.06,2862.8841,719345,1591.4862
2026-09-14 15:00:00+00:00,78521.05,79048.44,78301.41,78937.98,2225.1307,488664,1201.1272
2026-09-14 18:00:00+00:00,78937.98,79600,78838.57,79100,2016.919,437078,1040.1549
2026-09-14 21:00:00+00:00,79100,79117.93,78131.3,78189.21,1426.8939,295480,541.44247
2026-09-15 00:00:00+00:00,78189.2,78250.46,77750,77913.72,1211.7793,230522,579.22252
2026-09-15 03:00:00+00:00,77913.73,77913.73,77300.01,77630,1616.9661,240808,699.5338
2026-09-15 06:00:00+00:00,77630,77727.83,76703.59,77000.01,2000.1512,263554,1063.5582
2026-09-15 09:00:00+00:00,77000.01,77223.32,76843.75,76940.01,1551.3025,245745,893.00265
2026-09-15 12:00:00+00:00,76940.01,77143.15,75605,75942.01,5347.2466,788082,2399.8634
2026-09-15 15:00:00+00:00,75942.01,77343.44,75832,76962,3020.8369,476829,1832.9095
2026-09-15 18:00:00+00:00,76962,77205.39,74967.97,75935.24,5340.5405,872503,2471.3059
2026-09-15 21:00:00+00:00,75935.24,75956.58,75140.64,75644.48,1593.8944,301897,705.60534
2026-09-16 00:00:00+00:00,75644.48,76111,75457.52,75886.35,1243.2412,271251,644.36445
2026-09-16 03:00:00+00:00,75886.36,76076.01,75677.64,75962.01,1063.0034,212089,582.47385
2026-09-16 06:00:00+00:00,75962.01,76097.54,75350,75736.01,1812.576,251665,786.59039
2026-09-16 09:00:00+00:00,75736.01,76304.01,75730,76250,1293.7847,219224,668.26227
2026-09-16 12:00:00+00:00,76250,76300,75423.04,75697.82,2010.8475,454727,967.5786
2026-09-16 15:00:00+00:00,75697.83,75950,75353.07,75768.01,1567.1033,364485,857.32249
2026-09-16 18:00:00+00:00,75770.45,76560.76,75064.82,76178.34,4566.9753,1051424,2507.5988
2026-09-16 21:00:00+00:00,76178.35,76276.02,75632.7,76206.01,1330.453,232829,516.82253
2026-09-17 00:00:00+00:00,76206,76774.08,76055.34,76370.01,1608.3862,267662,992.62241
2026-09-17 03:00:00+00:00,76370.01,76632.14,76187,76333.88,851.18867,166359,403.10292
2026-09-17 06:00:00+00:00,76333.87,76682.01,76308.42,76574.63,1116.5448,168941,568.89532
2026-09-17 09:00:00+00:00,76574.63,76770,76179,76482,1122.1082,207104,537.80161
2026-09-17 12:00:00+00:00,76482,77179.47,76000,76502.46,2924.8962,540802,1670.9114
2026-09-17 15:00:00+00:00,76502.45,76970.01,76275,76667.86,1780.4034,352221,901.63404
2026-09-17 18:00:00+00:00,76667.87,76781.85,76470.4,76556.01,784.21403,184099,395.99339
2026-09-17 21:00:00+00:00,76556.01,76616.01,76259.98,76417.01,737.28069,127370,371.3564
2026-09-18 00:00:00+00:00,76417.01,77042.2,76296,76988.3,1666.5208,216700,900.89276
2026-09-18 03:00:00+00:00,76988.31,77715.48,76981.94,77493.8,2362.298,300306,1405.1611
2026-09-18 06:00:00+00:00,77493.8,78279.8,77402.32,78272.15,2827.3173,320169,1692.5437
2026-09-18 09:00:00+00:00,78271.48,78490.79,77961.57,78062,2159.4445,289356,1084.141
2026-09-18 12:00:00+00:00,78062.01,80989.99,77972.3,80937.83,7310.537,831937,4270.3131
2026-09-18 15:00:00+00:00,80937.83,81258.01,80501,81019,3775.3535,612160,1774.0128
2026-09-18 18:00:00+00:00,81019,81400,80796.92,81110.01,2246.4613,400489,1065.6333
2026-09-18 21:00:00+00:00,81110.01,81370.57,80862.61,80883.87,1559.8473,221992,740.07855
2026-09-19 00:00:00+00:00,80883.86,81741,80844.58,81304.72,1714.1567,306317,841.21702
2026-09-19 03:00:00+00:00,81304.73,81402.01,80911.12,81040.01,789.46619,157743,292.65479
2026-09-19 06:00:00+00:00,81040.01,81413.27,80925.76,81312.01,816.79909,160545,428.96615
2026-09-19 09:00:00+00:00,81312.01,81528.01,81199.99,81302.63,1294.4477,164175,608.96781
2026-09-19 12:00:00+00:00,81302.63,81639.61,81183.28,81586.01,1348.9389,184333,729.56012
2026-09-19 15:00:00+00:00,81586.02,81951,81447.9,81464.01,2231.1788,325263,1241.1185
2026-09-19 18:00:00+00:00,81464,81534.01,81080.24,81155.33,989.53437,178617,383.85778
2026-09-19 21:00:00+00:00,81155.33,81373.34,80904.46,81249.99,1479.2453,171396,608.32041
2026-09-20 00:00:00+00:00,81249.99,81330.01,80263.66,80331.52,1878.1503,225908,752.21776
2026-09-20 03:00:00+00:00,80331.52,80668.15,80126.04,80494.31,2304.4911,280790,1392.2536
2026-09-20 06:00:00+00:00,80494.31,80607.5,80165.49,80264.85,975.52338,153907,536.58382
2026-09-20 09:00:00+00:00,80264.85,80581.82,80256.82,80493.2,1007.9004,172097,656.37463
2026-09-20 12:00:00+00:00,80493.21,80789.33,80327.64,80682.01,1011.2728,192708,594.81624
2026-09-20 15:00:00+00:00,80682.01,81497.33,80666.66,81147.94,2192.7937,437638,1322.5808
2026-09-20 18:00:00+00:00,81147.94,81314.01,81030.97,81091.85,652.95308,158762,290.0116
2026-09-20 21:00:00+00:00,81091.86,81332.01,80579.43,81178,970.5982,319468,466.49086
2026-09-21 00:00:00+00:00,81178.01,82100,80850.22,81310.61,2527.3996,633886,1267.8247
2026-09-21 03:00:00+00:00,81310.61,81792.01,81228.15,81550,1274.1719,236408,621.69792
2026-09-21 06:00:00+00:00,81550.01,84174.1,81400,83760,5710.6534,588231,3280.2607
2026-09-21 09:00:00+00:00,83760,85299.87,83700,84887.19,6674.2143,780352,3748.9405
2026-09-21 12:00:00+00:00,84887.19,86125,84778,85844.14,6731.1546,917606,3180.0059
2026-09-21 15:00:00+00:00,85844.13,86344.7,85607.42,85897.21,3812.0412,564874,1815.6603
2026-09-21 18:00:00+00:00,85897.2,87395.67,85800,87001.68,3377.8901,450017,1729.7852
2026-09-21 21:00:00+00:00,87001.68,87001.68,86295.78,86620,1855.6535,289630,901.03206
2026-09-22 00:00:00+00:00,86620.01,86625.82,85300,85714.9,2916.7081,471807,1226.0625
2026-09-22 03:00:00+00:00,85714.91,85750.01,85114,85397.37,2142.5053,388743,1080.4573
2026-09-22 06:00:00+00:00,85397.38,86377.77,85157.31,86223.77,2837.5704,395079,1487.811
2026-09-22 09:00:00+00:00,86223.77,86271.22,85681.83,85986.62,2247.8435,417298,979.76205
2026-09-22 12:00:00+00:00,85986.62,86470.58,85461.53,86258.01,3791.0346,674154,1661.2604
2026-09-22 15:00:00+00:00,86258,86717.6,86033.18,86570.24,3162.5871,463600,1291.5595
2026-09-22 18:00:00+00:00,86570.24,86649.06,86132,86264.01,2811.6737,309734,1135.9885
2026-09-22 21:00:00+00:00,86264.01,86504.17,86000,86208.56,1418.5355,266360,622.38539
2026-09-23 00:00:00+00:00,86208.57,86845.39,86133.4,86552.26,1951.9448,337950,1161.5926
2026-09-23 03:00:00+00:00,86552.27,87278.54,86424,86496.01,2107.1603,364881,1122.7627
2026-09-23 06:00:00+00:00,86496,86609.93,85688,85899.99,2539.0228,351033,1066.4989
2026-09-23 09:00:00+00:00,85899.99,86024.01,85450.88,85649.95,1873.8482,288022,878.12477
2026-09-23 12:00:00+00:00,85649.96,85940.32,83864.07,84533.99,6419.1117,779467,2805.6899
2026-09-23 15:00:00+00:00,84534,84794.01,83500.01,84326.56,4529.9542,676412,2078.9731
2026-09-23 18:00:00+00:00,84326.55,84569.94,84136,84232.86,1752.348,303951,823.13993
2026-09-23 21:00:00+00:00,84232.86,84670.01,84212.68,84397.6,977.54273,200180,397.89068
2026-09-24 00:00:00+00:00,84397.6,84494.5,83744.7,84365.54,1732.9137,340289,782.24679
2026-09-24 03:00:00+00:00,84365.55,84480.01,83781.89,83978.02,1047.3193,248847,512.41352
2026-09-24 06:00:00+00:00,83978.02,84622.01,83301,83660,3078.5001,460466,1589.2391
2026-09-24 09:00:00+00:00,83660.01,83743.43,82874.93,83494.58,3235.8314,466360,1380.8374
2026-09-24 12:00:00+00:00,83494.59,84942.45,83346.66,83673.77,3751.9401,653146,1657.2377
2026-09-24 15:00:00+00:00,83673.77,84924.01,83508,84110,2874.2413,594761,1410.8111
2026-09-24 18:00:00+00:00,84110,84660,83888,84371.63,1765.7962,333398,876.5273
2026-09-24 21:00:00+00:00,84371.62,84501.16,83948.43,84410.24,1217.0776,195784,588.19292
2026-09-25 00:00:00+00:00,84410.24,84888,84180,84226.16,1714.0764,309447,707.51474
2026-09-25 03:00:00+00:00,84226.17,84385.1,84061.22,84194.01,1219.3021,194018,572.79101
2026-09-25 06:00:00+00:00,84194,84512,83750.5,84417.06,2432.0743,252946,1213.4324
2026-09-25 09:00:00+00:00,84417.05,85255,84394,84582.64,3039.3764,329404,1788.3816
2026-09-25 12:00:00+00:00,84582.64,84704,83183,84016.01,4989.0941,912409,2117.3544
2026-09-25 15:00:00+00:00,84016.01,84115.87,83363.63,83785.11,2561.2325,537343,1126.1883
2026-09-25 18:00:00+00:00,83785.11,84193.39,83785.11,83886,979.80928,184465,473.48167
2026-09-25 21:00:00+00:00,83886.01,84123.35,83632.03,84099.99,1121.3001,128564,541.98981
2026-09-26 00:00:00+00:00,84100,84145.26,83798,84010,1118.4534,139016,482.95258
2026-09-26 03:00:00+00:00,84010,84049.83,83848.91,83919.69,798.52151,117610,419.01517
2026-09-26 06:00:00+00:00,83919.69,84336.96,83876.58,84220.01,949.65166,121078,559.62665
2026-09-26 09:00:00+00:00,84220.01,84220.01,83966.03,84176,712.2079,127514,340.28145
2026-09-26 12:00:00+00:00,84176,84204.88,83856.23,84020,931.89952,105625,414.97547
2026-09-26 15:00:00+00:00,84020.01,84190,84010.49,84132.4,1085.5364,99308,565.91029
2026-09-26 18:00:00+00:00,84132.4,84162.52,83838,84030.34,948.96746,101983,347.5579
2026-09-26 21:00:00+00:00,84030.35,84473.58,84030.34,84433.1,1512.8268,134563,772.59214
