time,open,high,low,close,volume,trades,taker_buy_volume
2023-09-24 12:00:00+00:00,26584.55,26738.54,26122.08,26248.38,9727.3393,283261,4647.5466
2023-09-25 00:00:00+00:00,26248.39,26343.1,26000,26075.41,12906.495,430180,6308.7353
2023-09-25 12:00:00+00:00,26075.4,26446.15,25990.46,26304.81,13359.709,443308,6345.8468
2023-09-26 00:00:00+00:00,26304.8,26397.46,26188.26,26273.83,7682.2318,296066,3693.0086
2023-09-26 12:00:00+00:00,26273.82,26306.39,26088.34,26221.67,10813.119,401661,5120.7528
2023-09-27 00:00:00+00:00,26221.68,26848.07,26202.96,26766.7,14083.832,401890,7056.7453
2023-09-27 12:00:00+00:00,26766.69,26850,26112.06,26372.99,20687.748,537800,9757.0097
2023-09-28 00:00:00+00:00,26373,26623.84,26342.4,26476.93,12959.222,430550,6602.5706
2023-09-28 12:00:00+00:00,26476.93,27308.48,26460,27021.39,31558.613,728424,15860.622
2023-09-29 00:00:00+00:00,27021.39,27244.89,26859.7,26970.78,13522.017,395931,7227.2778
2023-09-29 12:00:00+00:00,26970.78,27149.05,26665.16,26906.96,14956.745,482679,7182.0777
2023-09-30 00:00:00+00:00,26906.96,26997,26886.31,26936.02,4972.4265,226072,2381.8154
2023-09-30 12:00:00+00:00,26936.02,27094.99,26903.01,26962.56,7832.1966,308836,3839.4273
2023-10-01 00:00:00+00:00,26962.57,27289.08,26954.09,27187.71,7973.8655,328564,4105.8628
2023-10-01 12:00:00+00:00,27187.71,28065.51,27033.1,27992.57,16628.949,555029,8710.1242
2023-10-02 00:00:00+00:00,27992.58,28484.28,27826.65,28198.04,26312.322,681071,13424.665
2023-10-02 12:00:00+00:00,28198.05,28580,27281.44,27494.51,30758.82,783087,14998.945
2023-10-03 00:00:00+00:00,27494.51,27676.52,27381.48,27559.99,12388.067,493443,5534.2525
2023-10-03 12:00:00+00:00,27560,27579.7,27160.5,27426.46,16540.898,708934,8027.7828
2023-10-04 00:00:00+00:00,27426.45,27643.09,27202,27572.43,13683.217,544045,7150.08
2023-10-04 12:00:00+00:00,27572.43,27839.72,27329.85,27778.57,16132.925,644336,7927.6218
2023-10-05 00:00:00+00:00,27778.57,27896.07,27550.77,27725.68,8695.0641,416176,4462.1541
2023-10-05 12:00:00+00:00,27725.68,28120.39,27352,27410.39,21986.432,794221,10523.84
2023-10-06 00:00:00+00:00,27410.39,27801,27389.99,27760,11422.132,413942,5793.8625
2023-10-06 12:00:00+00:00,27760,28295,27175.94,27931.09,26561.111,912758,13297.378
2023-10-07 00:00:00+00:00,27931.1,28029.67,27842.08,27942.12,7433.5438,335391,3674.8282
2023-10-07 12:00:00+00:00,27942.12,27986.27,27850,27956.67,5915.2945,306232,2717.5227
2023-10-08 00:00:00+00:00,27956.67,28095.14,27775,27811.63,10938.466,383438,4887.7998
2023-10-08 12:00:00+00:00,27811.63,27999.72,27687.5,27917.05,8755.1033,439292,4328.2829
2023-10-09 00:00:00+00:00,27917.06,27987.93,27412.21,27468.92,14715.214,538638,6843.7219
2023-10-09 12:00:00+00:00,27468.91,27750.03,27260,27590.12,16819.532,617887,8233.7081
2023-10-10 00:00:00+00:00,27590.12,27735,27492.6,27508.87,8094.6148,356867,3782.4053
2023-10-10 12:00:00+00:00,27508.86,27630,27298,27390.12,14682.229,645405,7068.8179
2023-10-11 00:00:00+00:00,27390.12,27477.39,26964.89,27196.26,16021.693,567481,7294.0923
2023-10-11 12:00:00+00:00,27196.26,27262.45,26538.66,26875.52,21327.754,768998,10165.985
2023-10-12 00:00:00+00:00,26875.52,26947.04,26655.6,26837.84,11846.337,473484,5689.6256
2023-10-12 12:00:00+00:00,26837.84,26862.74,26555,26759.63,11582.304,592598,5439.2338
2023-10-13 00:00:00+00:00,26759.63,26943,26737.4,26820.92,8672.1467,366274,3888.8127
2023-10-13 12:00:00+00:00,26820.91,27130,26685,26862,15443.618,669048,7320.8412
2023-10-14 00:00:00+00:00,26862,26989.58,26841.76,26872.35,6083.104,263652,2379.4353
2023-10-14 12:00:00+00:00,26872.35,26953.18,26789,26852.48,4334.1518,254185,1999.4169
2023-10-15 00:00:00+00:00,26852.48,26919,26815.76,26852.47,3367.5646,201717,1523.8289
2023-10-15 12:00:00+00:00,26852.48,27293.33,26808.25,27154.15,11907.127,481225,6278.8635
2023-10-16 00:00:00+00:00,27154.14,27980,27112.66,27749.6,24969.684,704568,13304.306
2023-10-16 12:00:00+00:00,27749.61,30000,27709.04,28500.78,53429.54,1584771,27433.735
2023-10-17 00:00:00+00:00,28500.77,28609.38,28069.32,28422.63,19557.25,616717,9732.956
2023-10-17 12:00:00+00:00,28422.63,28613.65,28135.35,28395.91,18871.196,729093,9261.112
2023-10-18 00:00:00+00:00,28395.91,28982.36,28236.41,28340.64,17118.903,652285,8463.7059
2023-10-18 12:00:00+00:00,28340.65,28437.41,28142.87,28320,15043.573,562950,7126.4385
2023-10-19 00:00:00+00:00,28320,28514.21,28100.66,28450.69,13426.054,483568,6937.236
2023-10-19 12:00:00+00:00,28450.7,28916.89,28420,28713.71,22469.448,846688,11490.001
2023-10-20 00:00:00+00:00,28713.71,30207.55,28578.29,29839.99,38253.008,1226440,19619.243
2023-10-20 12:00:00+00:00,29839.99,29910,29321,29669.04,21169.091,689308,9847.516
2023-10-21 00:00:00+00:00,29669.05,29878.83,29464.77,29804.99,10057.475,425786,5113.375
2023-10-21 12:00:00+00:00,29804.99,30379.99,29678.69,29909.8,17460.044,726351,8722.7494
2023-10-22 00:00:00+00:00,29909.8,30248,29640,29909.67,13601.187,575557,6573.9091
2023-10-22 12:00:00+00:00,29909.66,30051.79,29714.28,29992.46,9251.3582,432742,4587.5593
2023-10-23 00:00:00+00:00,29992.46,30985.12,29883.6,30657.04,31323.519,1114893,15726.426
2023-10-23 12:00:00+00:00,30657.04,34741.91,30395.01,33069.99,62190.123,1725045,32112.805
2023-10-24 00:00:00+00:00,33069.99,35280,32832.34,34542.91,68679.576,1777250,35177.311
2023-10-24 12:00:00+00:00,34542.9,34835.74,33200,33922.73,46585.449,1072910,22232.008
2023-10-25 00:00:00+00:00,33922.73,34446.42,33679.05,34199.2,22748.305,716186,10109.755
2023-10-25 12:00:00+00:00,34199.2,35132.85,34199.19,34496.05,32138.72,927790,16040.748
2023-10-26 00:00:00+00:00,34496.05,34824.13,33960.39,34102.66,20268.854,678114,9475.8034
2023-10-26 12:00:00+00:00,34102.66,34370,33751,34151.66,19475.809,704671,9052.6272
2023-10-27 00:00:00+00:00,34151.66,34245,33780,34047.01,12889.484,475343,5333.1274
2023-10-27 12:00:00+00:00,34047,34195.21,33390.95,33892.02,19440.917,636897,8977.1969
2023-10-28 00:00:00+00:00,33892.01,34493.33,33860,34175.84,9519.1716,325909,4730.632
2023-10-28 12:00:00+00:00,34175.85,34239.7,33907.79,34081,7360.9598,281529,3582.6756
2023-10-29 00:00:00+00:00,34081.01,34321.89,33930,34253.81,6290.1098,268936,2947.9236
2023-10-29 12:00:00+00:00,34253.81,34750.11,34253.8,34525.89,14395.412,448544,7106.0374
2023-10-30 00:00:00+00:00,34525.88,34679.81,34114.74,34608.51,14241.312,482837,6680.5194
2023-10-30 12:00:00+00:00,34608.51,34856,34062.84,34474.73,19416.648,634890,8557.0484
2023-10-31 00:00:00+00:00,34474.74,34600,34025,34488.27,15798.574,555528,7493.2823
2023-10-31 12:00:00+00:00,34488.26,34720.49,34130,34639.77,16939.324,623525,8350.5127
2023-11-01 00:00:00+00:00,34639.78,34668.05,34316,34424.07,10315.396,390334,4465.1232
2023-11-01 12:00:00+00:00,34424.07,35582,34097.39,35421.43,43157.886,1234301,21313.88
2023-11-02 00:00:00+00:00,35421.43,35984.99,35063.25,35373.56,21843.702,667986,10581.578
2023-11-02 12:00:00+00:00,35373.56,35457.96,34300,34941.59,26171.875,782851,12721.776
2023-11-03 00:00:00+00:00,34941.58,34946.5,34120,34252.4,20504.303,629483,10187.044
2023-11-03 12:00:00+00:00,34252.39,34848.79,34150.68,34716.78,18566.904,607890,8981.8129
2023-11-04 00:00:00+00:00,34716.78,35000,34585.18,34712.37,9263.9556,414519,4540.0491
2023-11-04 12:00:00+00:00,34712.37,35255,34644,35062.07,9113.5998,380268,4689.1174
2023-11-05 00:00:00+00:00,35062.06,35305.75,34935,35085.98,10824.337,438519,5140.2156
2023-11-05 12:00:00+00:00,35085.97,35380,34448,35011.88,13704.397,599949,6730.1163
2023-11-06 00:00:00+00:00,35011.89,35276.33,34725.9,35232.45,10988.425,474221,5336.9454
2023-11-06 12:00:00+00:00,35232.45,35250,34810.64,35046.09,11358.046,514025,5433.3319
2023-11-07 00:00:00+00:00,35046.09,35053.41,34551,34627.83,11823.895,511444,5396.7705
2023-11-07 12:00:00+00:00,34627.83,35888,34523.06,35399.12,26864.842,841352,13978.498
2023-11-08 00:00:00+00:00,35399.13,35437.09,35167.78,35330.79,10129.869,367883,5084.642
2023-11-08 12:00:00+00:00,35330.8,36106,35100,35624.72,23271.472,764685,12108.183
2023-11-09 00:00:00+00:00,35624.72,36990,35534.05,36805.71,29323.357,806093,14761.005
2023-11-09 12:00:00+00:00,36805.71,37972.24,35600,36701.09,53214.532,1332672,27395.807
2023-11-10 00:00:00+00:00,36701.1,37147.2,36324.71,37071.09,19566.459,613872,9985.2325
2023-11-10 12:00:00+00:00,37071.1,37526,36822,37301.63,23847.59,683857,11403.336
2023-11-11 00:00:00+00:00,37301.63,37408.26,36900.1,36988.52,11461.013,438239,5241.0735
2023-11-11 12:00:00+00:00,36988.51,37274.3,36666.93,37130,11523.959,485061,5487.5844
2023-11-12 00:00:00+00:00,37129.99,37180,36731.1,37055.5,9187.8773,419734,4364.4999
2023-11-12 12:00:00+00:00,37055.49,37222.22,36931.1,37064.13,8499.3115,391151,4141.9606
2023-11-13 00:00:00+00:00,37064.13,37417.99,36692.58,36810.02,14093.43,518447,6758.514
2023-11-13 12:00:00+00:00,36810.02,37031.45,36333,36462.93,18704.753,698744,8683.9311
2023-11-14 00:00:00+00:00,36462.93,36744,36190.17,36259.18,13406.838,475267,6050.7925
2023-11-14 12:00:00+00:00,36259.17,36693.01,34800,35551.19,32096.846,929161,15154.394
2023-11-15 00:00:00+00:00,35551.2,36278.62,35360,36240.94,15683.107,445418,8024.8036
2023-11-15 12:00:00+00:00,36240.95,37980,36002.35,37858.2,37886.027,1100009,20117.339
2023-11-16 00:00:00+00:00,37858.2,37929.54,37121.09,37247.48,15587.161,587737,7239.493
2023-11-16 12:00:00+00:00,37247.49,37319.99,35500,36163.51,31903.235,954709,14974.556
2023-11-17 00:00:00+00:00,36163.51,36673.69,36101.44,36372.83,16141.404,525575,7587.5899
2023-11-17 12:00:00+00:00,36372.82,36800,35861.1,36613.92,22142.207,823747,10815.774
2023-11-18 00:00:00+00:00,36613.91,36613.92,36178.58,36402.8,7263.8697,338769,3448.2873
2023-11-18 12:00:00+00:00,36402.79,36845.49,36347.69,36568.1,9838.3722,445729,4653.2603
2023-11-19 00:00:00+00:00,36568.11,36716,36384.02,36453.62,6748.2268,339723,3295.7624
2023-11-19 12:00:00+00:00,36453.63,37500,36385.7,37359.86,14498.12,522677,7279.4905
2023-11-20 00:00:00+00:00,37359.85,37420,37038.3,37147.5,12095.472,491245,5695.7812
2023-11-20 12:00:00+00:00,37147.51,37750,36677,37448.78,23927.23,993805,11895.445
2023-11-21 00:00:00+00:00,37448.79,37649.44,37150,37174.97,9168.0622,451104,4171.9349
2023-11-21 12:00:00+00:00,37174.97,37500,35735,35741.65,38478.486,1485791,18199.486
2023-11-22 00:00:00+00:00,35741.65,36773.53,35632.01,36463.93,17369.624,641468,9513.8323
2023-11-22 12:00:00+00:00,36463.94,37861.1,36239.2,37408.34,27681.683,1006906,13532.879
2023-11-23 00:00:00+00:00,37408.35,37653.44,37159.95,37370,12388.135,470687,5553.6661
2023-11-23 12:00:00+00:00,37370,37530,36870,37294.28,11439.794,521597,5532.6852
2023-11-24 00:00:00+00:00,37294.27,38035.46,37251.51,37741.99,16280.927,558251,8418.546
2023-11-24 12:00:00+00:00,37741.99,38414,37550.32,37713.57,28399.879,821163,13930.626
2023-11-25 00:00:00+00:00,37713.57,37839.44,37591.1,37652.51,6160.3742,305531,2824.1618
2023-11-25 12:00:00+00:00,37652.51,37888,37620,37780.67,5235.7704,263917,2329.7493
2023-11-26 00:00:00+00:00,37780.67,37814.63,37662.18,37679.31,4432.5599,245781,2034.9811
2023-11-26 12:00:00+00:00,37679.3,37748,37150,37447.43,16831.977,602239,8169.5353
2023-11-27 00:00:00+00:00,37447.42,37569.23,36900,37035.95,12755.582,541601,5881.9772
2023-11-27 12:00:00+00:00,37035.95,37284,36707,37242.7,17245.492,696416,8576.661
2023-11-28 00:00:00+00:00,37242.7,37343.57,36868.41,37251.42,9911.1793,447532,4599.2024
2023-11-28 12:00:00+00:00,37251.43,38377,37142.81,37818.87,27633.287,825247,13569.36
2023-11-29 00:00:00+00:00,37818.88,38450,37677.96,38104.65,16884.654,525057,8081.667
2023-11-29 12:00:00+00:00,38104.65,38280,37570,37854.64,16109.537,606296,7507.2977
2023-11-30 00:00:00+00:00,37854.65,38145.85,37553.6,37885.15,12314.497,486369,5547.116
2023-11-30 12:00:00+00:00,37885.15,37966.94,37500,37723.96,12425.794,521422,5937.3382
2023-12-01 00:00:00+00:00,37723.97,38833,37615.86,38580.17,23300.431,741075,12224.193
2023-12-01 12:00:00+00:00,38580.17,38999,38219,38682.52,20115.232,782342,10184.08
2023-12-02 00:00:00+00:00,38682.51,38826.94,38641.61,38740.16,6417.1817,362987,2883.3165
2023-12-02 12:00:00+00:00,38740.17,39717.14,38703.44,39450.35,20279.74,671703,10283.337
2023-12-03 00:00:00+00:00,39450.35,39555.53,39274.86,39479.7,7509.5081,363861,3445.5064
2023-12-03 12:00:00+00:00,39479.69,40250,39381.34,39972.26,19201.145,787663,9887.7899
2023-12-04 00:00:00+00:00,39972.26,42154.83,39972.26,41596.01,45699.165,1191787,22242.356
2023-12-04 12:00:00+00:00,41596.01,42420,41144.87,41991.1,33573.166,920432,16353.263
2023-12-05 00:00:00+00:00,41991.1,41991.1,41414,41726.09,17353.565,738627,8064.218
2023-12-05 12:00:00+00:00,41726.09,44488,41694,44073.32,50137.181,1334073,26751.59
2023-12-06 00:00:00+00:00,44073.82,44297.21,43335.28,43839.21,27266.416,1016557,13456.336
2023-12-06 12:00:00+00:00,43839.22,44279.98,43600.78,43762.69,24164.689,859725,11636.289
2023-12-07 00:00:00+00:00,43762.69,44047.33,42821.1,43188.03,21167.906,668777,9729.7265
2023-12-07 12:00:00+00:00,43188.03,43925,42955,43273.14,25935.363,745982,12905.95
2023-12-08 00:00:00+00:00,43273.15,43729.73,43081.1,43653.82,18195.966,502783,8796.7915
2023-12-08 12:00:00+00:00,43653.82,44700,43453.02,44170.99,24704.41,808485,12021.887
2023-12-09 00:00:00+00:00,44171,44358.02,43720,43817.35,13046.397,493869,6186.0747
2023-12-09 12:00:00+00:00,43817.35,44136.52,43584.51,43713.6,11879.573,493483,5411.933
2023-12-10 00:00:00+00:00,43713.59,44049,43603.88,43738.02,8424.399,389268,3940.6348
2023-12-10 12:00:00+00:00,43738.03,44046,43563,43789.51,10532.219,441399,4901.2716
2023-12-11 00:00:00+00:00,43789.5,43804.5,40400,42344.01,38851.957,1112608,18469.098
2023-12-11 12:00:00+00:00,42344.01,42390.32,40222,41253.4,37811.941,974534,18030.145
2023-12-12 00:00:00+00:00,41253.41,42104.12,41178.28,41584.57,19276.998,690984,9660.6022
2023-12-12 12:00:00+00:00,41584.58,42070.23,40680,41492.39,23445.7,835427,11734.309
2023-12-13 00:00:00+00:00,41492.38,41506,40555,41004.69,16200.874,619450,7574.361
2023-12-13 12:00:00+00:00,41004.69,43475.2,40984,42869.03,29665.124,1105209,14780.613
2023-12-14 00:00:00+00:00,42869.03,43311.1,42648.95,43267.06,15001.156,620709,7135.534
2023-12-14 12:00:00+00:00,43267.07,43420,41400,43022.26,27045.901,978827,13444.259
2023-12-15 00:00:00+00:00,43022.26,43080.81,42479.14,42776.03,13460.85,583959,6414.4583
2023-12-15 12:00:00+00:00,42776.04,42787.24,41666,41940.3,19960.943,739669,9906.6783
2023-12-16 00:00:00+00:00,41940.29,42410.99,41605,42331.99,10204.06,476858,5287.7913
2023-12-16 12:00:00+00:00,42332,42724.43,42118.45,42278.03,13914.798,704028,6905.7138
2023-12-17 00:00:00+00:00,42278.02,42298.82,41661.36,41960.07,10695.015,552378,5030.3624
2023-12-17 12:00:00+00:00,41960.07,42424.07,41252,41374.65,17027.099,675256,8215.5017
2023-12-18 00:00:00+00:00,41374.64,41470.1,40542.93,41105.12,23097.973,834042,11153.531
2023-12-18 12:00:00+00:00,41105.12,42757.81,40888,42657.8,23636.119,907605,12102.268
2023-12-19 00:00:00+00:00,42657.8,43497,42567.69,42976.11,20608.393,754114,10133.94
2023-12-19 12:00:00+00:00,42976.1,43041.1,41811.1,42275.99,20319.471,855074,10029.72
2023-12-20 00:00:00+00:00,42275.99,43041,42206,42864.44,14194.634,685905,6832.0941
2023-12-20 12:00:00+00:00,42864.43,44283,42757.32,43668.93,34515.66,1248683,17080.043
2023-12-21 00:00:00+00:00,43668.92,44100,43286.72,43931.6,15415.488,634416,7759.8238
2023-12-21 12:00:00+00:00,43931.6,44242.35,43370.4,43861.8,19208.806,866286,9299.0716
2023-12-22 00:00:00+00:00,43861.79,44398.26,43463,43753.94,18097.33,770755,8873.215
2023-12-22 12:00:00+00:00,43753.95,44048.16,43412.54,43969.04,14685.866,633354,7176.0078
2023-12-23 00:00:00+00:00,43969.04,43988.68,43291.1,43547.78,9203.7704,434219,4283.3429
2023-12-23 12:00:00+00:00,43547.78,43856,43547.77,43702.16,7353.3589,415439,3481.9628
2023-12-24 00:00:00+00:00,43702.15,43946,43401,43634.2,10767.99,519471,5111.6998
2023-12-24 12:00:00+00:00,43634.19,43864.08,42500,42991.5,14376.345,618207,6729.5663
2023-12-25 00:00:00+00:00,42991.5,43335.13,42720.43,43171.11,10415.349,467314,5224.9742
2023-12-25 12:00:00+00:00,43171.11,43802.32,43080.01,43576.13,16605.891,701114,8466.2651
2023-12-26 00:00:00+00:00,43576.12,43592.68,42150,42685.55,21112.801,722314,10735.844
2023-12-26 12:00:00+00:00,42685.56,42827.68,41637.6,42508.93,19897.242,753502,10360.323
2023-12-27 00:00:00+00:00,42508.93,43220,42098.69,43019.11,14619.06,579081,7765.8662
2023-12-27 12:00:00+00:00,43019.11,43677,42706,43428.85,21572.151,860689,11216.966
2023-12-28 00:00:00+00:00,43428.86,43787.57,42794.11,43059.98,16742.399,681555,8340.8669
2023-12-28 12:00:00+00:00,43059.98,43125.03,42241.79,42563.76,18408.126,710271,9081.9522
2023-12-29 00:00:00+00:00,42563.76,42934,42088.92,42862.01,17548.309,673006,8873.2231
2023-12-29 12:00:00+00:00,42862,43111,41300,42066.95,25048.88,898131,12322.118
2023-12-30 00:00:00+00:00,42066.94,42209.22,41520.3,41893.96,10260.551,415960,5109.1078
2023-12-30 12:00:00+00:00,41893.96,42612.32,41882.71,42140.28,12646.027,520585,6618.5887
2023-12-31 00:00:00+00:00,42140.29,42899,41965.84,42518.36,11685.763,482807,6304.5199
2023-12-31 12:00:00+00:00,42518.36,42719.8,42056,42283.58,11900.153,533677,5692.6288
2024-01-01 00:00:00+00:00,42283.58,42775,42180.77,42690.2,9603.8849,432049,4949.3085
2024-01-01 12:00:00+00:00,42690.21,44184.1,42580,44179.55,17570.414,682574,9382.4233
2024-01-02 00:00:00+00:00,44179.55,45879.63,44148.34,45433.99,35509.104,1157380,18792.628
2024-01-02 12:00:00+00:00,45433.99,45800,44600,44946.91,29637.302,1090152,15024.517
2024-01-03 00:00:00+00:00,44946.91,45500,43500,43702.88,22679.329,837169,10099.712
2024-01-03 12:00:00+00:00,43702.89,43716,40750,42845.23,58515.223,1820872,29004.279
2024-01-04 00:00:00+00:00,42845.23,43273.08,42613.77,43176.32,17677.944,723575,8179.26
2024-01-04 12:00:00+00:00,43176.33,44729.58,43097.06,44151.1,30360.119,1096369,15426.641
2024-01-05 00:00:00+00:00,44151.1,44324.8,42450,43771.34,23726.75,1003617,11613.127
2024-01-05 12:00:00+00:00,43771.34,44357.46,43100,44145.11,24348.503,1061228,12401.937
2024-01-06 00:00:00+00:00,44145.12,44214.42,43397.05,43671.96,9815.8095,515898,4784.9623
2024-01-06 12:00:00+00:00,43671.97,44148.58,43527.27,43968.32,8019.252,440744,4263.6084
2024-01-07 00:00:00+00:00,43968.32,44259.29,43833.4,44061.1,8768.2907,427938,4417.4477
2024-01-07 12:00:00+00:00,44061.1,44480.59,43572.09,43929.02,14255.56,681321,7196.0757
2024-01-08 00:00:00+00:00,43929.01,44688,43175,44635.99,21165.691,839531,10923.643
2024-01-08 12:00:00+00:00,44636,47248.99,44350,46951.04,51648.885,1524933,27805.162
2024-01-09 00:00:00+00:00,46951.04,47150,46230,46615.99,20828.374,785292,10162.457
2024-01-09 12:00:00+00:00,46616,47972,44748.67,46110,49099.292,1852453,24662.997
2024-01-10 00:00:00+00:00,46110,46249.14,45000,45515.89,19776.94,734943,9582.1233
2024-01-10 12:00:00+00:00,45515.88,47695.93,44300.36,46653.99,70134.472,2398645,37328.671
2024-01-11 00:00:00+00:00,46654,47150,45618.1,47060,24055.274,1010973,12367.994
2024-01-11 12:00:00+00:00,47059.99,48969.48,45606.06,46339.16,63415.056,1987478,31708.174
2024-01-12 00:00:00+00:00,46339.16,46515.53,45537.37,45954.35,18182.414,827807,9098.59
2024-01-12 12:00:00+00:00,45954.35,46109,41500,42782.73,68145.523,1981385,32608.991
2024-01-13 00:00:00+00:00,42782.74,43254.96,42436.12,42624,23145.657,782974,11159.003
2024-01-13 12:00:00+00:00,42624.01,43257,42505,42847.99,12972.818,651269,6589.0949
2024-01-14 00:00:00+00:00,42847.99,43079,42562.56,42829.99,8691.2031,417917,4357.9701
2024-01-14 12:00:00+00:00,42829.99,43010.84,41720,41732.35,19537.206,817810,9332.3383
2024-01-15 00:00:00+00:00,41732.35,42824.68,41718.05,42697.99,14024.338,553272,7323.904
2024-01-15 12:00:00+00:00,42698,43400.43,42163.32,42511.1,26245.555,1104339,12600.856
2024-01-16 00:00:00+00:00,42511.1,43153.66,42466.88,42900.54,12522.775,578894,6642.1807
2024-01-16 12:00:00+00:00,42900.55,43578.01,42050,43137.95,32522.971,1137686,17422.376
2024-01-17 00:00:00+00:00,43137.94,43198,42564,42680.16,11736.936,471406,5581.8596
2024-01-17 12:00:00+00:00,42680.16,42926.02,42200.69,42776.1,21529.278,966766,11066.346
2024-01-18 00:00:00+00:00,42776.09,42930,42387.68,42544.59,11037.502,471506,5124.8421
2024-01-18 12:00:00+00:00,42544.6,42810,40683.28,41327.5,32870.014,994581,15960.301
2024-01-19 00:00:00+00:00,41327.51,41576,40752.26,41475.37,15432.596,528242,8000.1307
2024-01-19 12:00:00+00:00,41475.37,42196.86,40280,41659.03,32910.149,1113186,16347.37
2024-01-20 00:00:00+00:00,41659.03,41774,41456.3,41580.83,8204.1739,412293,3890.6206
2024-01-20 12:00:00+00:00,41580.82,41872.56,41478,41696.04,7719.821,395031,3666.7457
2024-01-21 00:00:00+00:00,41696.05,41826.97,41564.29,41719.89,4772.4582,295378,2264.8851
2024-01-21 12:00:00+00:00,41719.9,41881.39,41500.98,41580.33,6957.7048,362439,3311.6754
2024-01-22 00:00:00+00:00,41580.32,41689.65,40364.63,40815.99,20695.462,910684,10156.341
2024-01-22 12:00:00+00:00,40815.92,41244.06,39431.58,39568.02,34730.737,1236566,16631.799
2024-01-23 00:00:00+00:00,39568.02,40176.74,38657,38845.56,24626.959,787263,12265.18
2024-01-23 12:00:00+00:00,38845.56,39907.23,38555,39897.6,33329.675,1256662,18648.792
2024-01-24 00:00:00+00:00,39897.59,40555,39557.01,40209.34,20450.297,771136,11100.03
2024-01-24 12:00:00+00:00,40209.34,40298.86,39484.19,40084.88,18843.531,904479,9573.0276
2024-01-25 00:00:00+00:00,40084.89,40300.24,39792.01,40178.07,11756.666,480503,5693.9789
2024-01-25 12:00:00+00:00,40178.07,40283.82,39550,39961.09,19265.452,810730,9991.2703
2024-01-26 00:00:00+00:00,39961.09,41348.13,39822.52,41289.52,18098.9,673154,9613.7563
2024-01-26 12:00:00+00:00,41289.52,42246.82,40914.5,41823.51,29286.067,951707,15060.999
2024-01-27 00:00:00+00:00,41823.51,41933.17,41394.34,41761.23,8908.7725,383495,4225.2604
2024-01-27 12:00:00+00:00,41761.22,42200,41714,42120.63,7315.6441,367653,3260.3893
2024-01-28 00:00:00+00:00,42120.63,42842.68,41925,42471.98,16233.889,555914,7501.5437
2024-01-28 12:00:00+00:00,42471.98,42544,41620.81,42031.06,11061.109,476579,5469.6445
2024-01-29 00:00:00+00:00,42031.05,42504,41874.94,42246.95,9378.4641,453128,4588.4254
2024-01-29 12:00:00+00:00,42246.95,43333,41804.88,43302.7,22164.278,744728,11408.461
2024-01-30 00:00:00+00:00,43302.71,43787.35,43133.9,43537.74,14239.031,492341,7324.7726
2024-01-30 12:00:00+00:00,43537.75,43882.36,42683.99,42941.1,23380.214,824269,11992.527
2024-01-31 00:00:00+00:00,42941.1,43107.77,42355,42647.98,13869.216,512237,6761.7914
2024-01-31 12:00:00+00:00,42647.98,43745.11,42276.84,42580,26001.921,987322,13528.157
2024-02-01 00:00:00+00:00,42580,42687.63,41884.28,42087.52,14974.767,593538,7656.6273
2024-02-01 12:00:00+00:00,42087.52,43285.13,41944.89,43082.94,20256.28,798731,10478.216
2024-02-02 00:00:00+00:00,43082.95,43432.63,42941.1,43148.41,12405.463,411114,6818.4756
2024-02-02 12:00:00+00:00,43148.42,43488,42546.79,43200,17266.681,675228,8827.0956
2024-02-03 00:00:00+00:00,43199.99,43380.01,42973.66,42995.04,5379.7634,271976,2386.8601
2024-02-03 12:00:00+00:00,42995.04,43270,42880,43011.09,6653.6466,337986,3304.9256
2024-02-04 00:00:00+00:00,43011.1,43119.04,42720.07,43060.1,6243.2416,329619,3030.6388
2024-02-04 12:00:00+00:00,43060.09,43115.76,42222,42582.88,10823.652,601616,5396.4879
2024-02-05 00:00:00+00:00,42582.88,43268.98,42258.1,43194.08,11965.87,580270,6158.7142
2024-02-05 12:00:00+00:00,43194.08,43569.76,42330.52,42708.7,17501.889,737127,8825.3554
2024-02-06 00:00:00+00:00,42708.7,43119.9,42574,42826.96,10678.136,503160,5604.1506
2024-02-06 12:00:00+00:00,42826.96,43399.98,42658,43098.95,13997.718,617600,7206.8314
2024-02-07 00:00:00+00:00,43098.96,43200,42788,42928.29,8742.7665,434075,3993.1972
2024-02-07 12:00:00+00:00,42928.28,44396.5,42890.51,44349.6,25649.833,944734,13762.68
2024-02-08 00:00:00+00:00,44349.6,44885,44331.1,44698.97,18168.989,761133,9010.8926
2024-02-08 12:00:00+00:00,44698.97,45614.3,44606,45288.65,27270.633,1102517,13720.631
2024-02-09 00:00:00+00:00,45288.66,47299.88,45242.12,47180.02,27866.686,1021140,14623.451
2024-02-09 12:00:00+00:00,47180.01,48200,46652,47132.77,45636.795,1302744,22737.513
2024-02-10 00:00:00+00:00,47132.78,47504,46800,47182,10603.265,574563,5150.3865
2024-02-10 12:00:00+00:00,47182.01,48170,47105.44,47751.09,14199.094,748858,7590.3126
2024-02-11 00:00:00+00:00,47751.08,48592.66,47557.16,48411.71,15112.364,759700,8176.5579
2024-02-11 12:00:00+00:00,48411.71,48469.07,47931.82,48299.99,14846.444,647570,7564.8251
2024-02-12 00:00:00+00:00,48300,48826.81,47710.01,47903.03,17613.376,730325,8862.1816
2024-02-12 12:00:00+00:00,47903.04,50334.82,47841,49917.27,41396.591,1209069,21935.252
2024-02-13 00:00:00+00:00,49917.28,50368.61,49650,49988.12,19055.172,616781,9562.7753
2024-02-13 12:00:00+00:00,49988.12,49996,48300.95,49699.59,36496.395,1125030,18847.018
2024-02-14 00:00:00+00:00,49699.6,51723.08,49225.01,51555.12,27106.503,882081,14567.654
2024-02-14 12:00:00+00:00,51555.12,52043.71,51200.24,51795.17,29939.871,977311,15096.864
2024-02-15 00:00:00+00:00,51795.17,52500,51634.01,52330,22425.064,803713,11143.123
2024-02-15 12:00:00+00:00,52330,52816.62,51314,51880,31390.967,982856,15579.464
2024-02-16 00:00:00+00:00,51880.01,52435.86,51566,52213.86,19559.669,757527,9152.8063
2024-02-16 12:00:00+00:00,52213.87,52572.08,51592.88,52124.11,18212.584,826184,9157.0925
2024-02-17 00:00:00+00:00,52124.1,52162.82,51500,51690.48,7373.677,469689,3343.4577
2024-02-17 12:00:00+00:00,51690.47,52030.18,50625,51642.64,18300.329,958084,9312.0582
2024-02-18 00:00:00+00:00,51642.64,52069,51163.28,51832.01,9456.2146,637440,4677.7876
2024-02-18 12:00:00+00:00,51832.01,52377,51535.01,52137.67,12535.889,737982,6603.5593
2024-02-19 00:00:00+00:00,52137.68,52488.77,51904.83,52336.22,13717.271,680866,7035.7916
2024-02-19 12:00:00+00:00,52336.22,52454.11,51677,51774.73,15817.723,862124,8230.5704
2024-02-20 00:00:00+00:00,51774.74,52380,51311,52286.8,16429.122,820570,8216.2779
2024-02-20 12:00:00+00:00,52286.8,52985,50760.37,52258.82,33185.351,1151342,16777.973
2024-02-21 00:00:00+00:00,52258.82,52366.8,50813,50965.53,16813.949,797010,7890.2359
2024-02-21 12:00:00+00:00,50965.53,51950.01,50625,51849.39,26265.451,1027850,14349.497
2024-02-22 00:00:00+00:00,51849.38,52034.12,51153.69,51622.04,14616.766,772522,7259.3485
2024-02-22 12:00:00+00:00,51622.05,52065.78,50940.78,51288.42,20692.68,915662,10571.119
2024-02-23 00:00:00+00:00,51288.42,51548.54,50830,51218.95,13416.547,658906,5957.1026
2024-02-23 12:00:00+00:00,51218.94,51333.47,50521,50744.15,17129.248,828133,8653.7064
2024-02-24 00:00:00+00:00,50744.15,51172.06,50585,51119.79,7650.123,405538,3847.6445
2024-02-24 12:00:00+00:00,51119.79,51698,51032.34,51568.22,8910.2981,449477,4614.5118
2024-02-25 00:00:00+00:00,51568.21,51898.72,51438.88,51645,7907.2636,402301,4055.5981
2024-02-25 12:00:00+00:00,51645,51958.55,51279.8,51728.85,10814.368,521691,5488.5786
2024-02-26 00:00:00+00:00,51728.85,51796.5,50901.44,51090.01,11244.078,498324,5797.3614
2024-02-26 12:00:00+00:00,51090.01,54910,50957,54476.47,40012.644,1310585,21401.474
2024-02-27 00:00:00+00:00,54476.48,57073.84,54450.13,56527.79,34298.234,1292828,17751.036
2024-02-27 12:00:00+00:00,56527.8,57588.15,56209,57037.34,32896.752,1121457,17219.223
2024-02-28 00:00:00+00:00,57037.35,59494.06,56691.85,58941.11,30464.62,1157362,16122.618
2024-02-28 12:00:00+00:00,58941.11,64000,58700,62432.1,88298.849,2737700,45944.022
2024-02-29 00:00:00+00:00,62432.11,63676.35,61021.1,62936.02,36933.988,1525597,19072.295
2024-02-29 12:00:00+00:00,62936.02,63531.88,60364.7,61130.98,41491.088,1643808,20390.774
2024-03-01 00:00:00+00:00,61130.99,62243.53,60777,61863.72,20517.261,830807,10264.376
2024-03-01 12:00:00+00:00,61863.71,63114.23,61131.01,62387.9,27220.673,1116637,13931.326
2024-03-02 00:00:00+00:00,62387.9,62433.19,61641.1,61826.32,14699.84,870135,7039.028
2024-03-02 12:00:00+00:00,61826.32,62200,61561.12,61987.28,10834.896,771673,5652.3492
2024-03-03 00:00:00+00:00,61987.28,62100,61320,61831.1,11901.41,865581,5870.6318
2024-03-03 12:00:00+00:00,61831.1,63231.88,61821.09,63113.97,17093.499,1126430,9034.5542
2024-03-04 00:00:00+00:00,63113.97,65555,62300,65230,35221.156,1849629,19048.477
2024-03-04 12:00:00+00:00,65229.99,68499,64533.67,68245.71,49614.004,2038224,26270.609
2024-03-05 00:00:00+00:00,68245.71,68686.8,65089,66656.31,41167.462,1927533,20258.693
2024-03-05 12:00:00+00:00,66656.32,69000,59005,63724.01,91529.319,3383173,45733.153
2024-03-06 00:00:00+00:00,63724.01,67641.1,62779.14,67301.31,39020.925,1678459,20267.854
2024-03-06 12:00:00+00:00,67301.31,67592.31,64664.92,66074.04,39717.93,1624522,20076.472
2024-03-07 00:00:00+00:00,66074.04,67275.2,65551,66905.34,22990.772,1117841,12406.998
2024-03-07 12:00:00+00:00,66905.34,67980,66541.1,66823.17,30069.115,1310386,15528.665
2024-03-08 00:00:00+00:00,66823.18,67753.4,66757,67741.21,17572.516,804847,8715.4365
2024-03-08 12:00:00+00:00,67741.22,69990,66082.66,68124.19,56689.417,2139080,28996.078
2024-03-09 00:00:00+00:00,68124.2,68541.1,67861.1,68299.99,11534.492,686018,5997.1832
2024-03-09 12:00:00+00:00,68300,68521.1,68000,68313.27,8338.4051,659323,4008.4088
2024-03-10 00:00:00+00:00,68313.28,69887.61,68200,69568.46,20253.283,1154466,10396.685
2024-03-10 12:00:00+00:00,69568.45,69833.33,68094.75,68955.88,18151.386,985052,8792.1141
2024-03-11 00:00:00+00:00,68955.88,72226.3,67024.96,71487.2,42494.144,1734055,22581.806
2024-03-11 12:00:00+00:00,71487.21,72800,71304.2,72078.1,32798.682,1309359,16854.049
2024-03-12 00:00:00+00:00,72078.1,72470.41,71301,72023.82,21187.456,1019997,10949.446
2024-03-12 12:00:00+00:00,72023.82,73000,68620.82,71452.01,47596.091,2027893,23567.767
2024-03-13 00:00:00+00:00,71452,73650.25,71333.31,73065.41,24401.58,1143353,12798.75
2024-03-13 12:00:00+00:00,73065.4,73410.22,71634.52,73072.41,28258.132,1357844,13988.332
2024-03-14 00:00:00+00:00,73072.4,73777,72500,72884,19611.813,966090,9520.1276
2024-03-14 12:00:00+00:00,72884.01,73047.16,68555,71388.94,52145.816,2028779,26156.621
2024-03-15 00:00:00+00:00,71388.94,72419.71,65600,67757.76,62373.771,2349629,29464.496
2024-03-15 12:00:00+00:00,67757.75,70650,67413.8,69499.85,40960.265,1554816,20380.169
2024-03-16 00:00:00+00:00,69499.84,70043,67725.53,68256.01,20132.574,1144492,9916.015
2024-03-16 12:00:00+00:00,68256,68499.1,64780,65300.63,35794.38,1584527,17324.184
2024-03-17 00:00:00+00:00,65300.64,67515,64533,66955.49,28813.263,1360076,14740.12
2024-03-17 12:00:00+00:00,66955.49,68904.4,66436.92,68393.48,20928.953,1089080,10588.174
2024-03-18 00:00:00+00:00,68393.47,68956,66800,68253.4,23867.331,1045087,12047.881
2024-03-18 12:00:00+00:00,68253.39,68627.81,66565.2,67609.99,31823.75,1419428,16481.792
2024-03-19 00:00:00+00:00,67610,68124.11,62505,63081.34,54118.597,1977359,25292.901
2024-03-19 12:00:00+00:00,63081.34,65756,61555,61937.4,46886.728,1616473,22912.383
2024-03-20 00:00:00+00:00,61937.41,63957.74,60775,63392.94,41767.084,1632149,20498.866
2024-03-20 12:00:00+00:00,63392.95,68100,62022,67840.51,48653.502,1917644,25024.977
2024-03-21 00:00:00+00:00,67840.51,68240.47,66072.2,67044,24149.991,1064102,12373.964
2024-03-21 12:00:00+00:00,67044.01,67693.6,64529.01,65501.27,29207.489,1324288,14276.134
2024-03-22 00:00:00+00:00,65501.28,66649.62,64065.72,64233.9,20230.555,1086980,9539.2755
2024-03-22 12:00:00+00:00,64233.9,64674.06,62260,63796.64,31251.823,1405901,15039.604
2024-03-23 00:00:00+00:00,63796.64,64857.14,63000,64629.62,12487.055,847772,5980.5143
2024-03-23 12:00:00+00:00,64629.61,65999,63861.66,63990.01,13923.059,905794,6768.4939
2024-03-24 00:00:00+00:00,63990.02,65368.66,63772.29,65334.01,10109.571,742742,5329.8474
2024-03-24 12:00:00+00:00,65334,67628.69,64600.01,67209.99,21286.209,1138032,11359.809
2024-03-25 00:00:00+00:00,67210,67740,66385.06,66810.15,14831.96,891118,7425.1668
2024-03-25 12:00:00+00:00,66810.15,71150,66780,69880.01,38599.185,1741102,20390.421
2024-03-26 00:00:00+00:00,69880,71561.1,69732.8,70693.16,16922.773,997885,8373.5471
2024-03-26 12:00:00+00:00,70693.17,71136.63,69280,69988,22011.611,1178922,11125.31
2024-03-27 00:00:00+00:00,69987.99,70739.65,69407,70220.73,13737.891,916646,6849.6422
2024-03-27 12:00:00+00:00,70220.73,71769.54,68359.18,69469.99,35381.466,1536720,18052.692
2024-03-28 00:00:00+00:00,69469.99,70962.63,68903.62,70647.18,15920.654,803304,7990.8322
2024-03-28 12:00:00+00:00,70647.18,71552.06,70348.75,70780.6,19518.379,996593,10016.437
2024-03-29 00:00:00+00:00,70780.6,70916.16,69566,70142.78,11759.672,735036,5440.5842
2024-03-29 12:00:00+00:00,70142.78,70636.04,69009,69850.54,13685.412,787571,6398.5087
2024-03-30 00:00:00+00:00,69850.53,70321.1,69710,70183.55,7276.8938,592113,3505.1605
2024-03-30 12:00:00+00:00,70183.54,70280.06,69540,69582.18,6367.7176,518375,2918.7332
2024-03-31 00:00:00+00:00,69582.17,70470,69562.99,70369.99,8436.6751,503041,4369.6821
2024-03-31 12:00:00+00:00,70369.99,71366,70289.72,71280.01,10959.669,678885,5772.7978
2024-04-01 00:00:00+00:00,71280,71288.23,68888,69460.01,17903.058,848524,8494.0905
2024-04-01 12:00:00+00:00,69460,70080,68062.86,69649.8,23542.263,1044914,11717.06
2024-04-02 00:00:00+00:00,69649.81,69674.23,65075,65622.69,36592.556,1397556,17208.796
2024-04-02 12:00:00+00:00,65622.69,66249.83,64550,65463.99,35207.272,1264854,18311.378
2024-04-03 00:00:00+00:00,65463.99,66642.36,64493.07,66059.76,20362.863,955489,10392.109
2024-04-03 12:00:00+00:00,66059.75,66903.63,65451.62,65963.28,19524.354,1216607,10226.479
2024-04-04 00:00:00+00:00,65963.27,66468.99,65064.52,66353.67,11938.094,768638,5681.9897
2024-04-04 12:00:00+00:00,66353.68,69309.91,66330.56,68487.79,29572.391,1232307,15331.332
2024-04-05 00:00:00+00:00,68487.8,68756.67,66380,66478,17353.299,955347,8530.3009
2024-04-05 12:00:00+00:00,66478,68566.66,65952.56,67820.62,20561.932,946633,10359.684
2024-04-06 00:00:00+00:00,67820.63,68232.14,67447.83,67668.16,8890.0701,514555,3984.4582
2024-04-06 12:00:00+00:00,67668.16,69692,67527.78,68896,11244.219,656905,5989.406
2024-04-07 00:00:00+00:00,68896,69777,68824,69357,8986.1255,536818,4499.0513
2024-04-07 12:00:00+00:00,69357,70326.29,68849.77,69360.39,12548.619,732230,6650.8527
2024-04-08 00:00:00+00:00,69360.38,72650,69043.24,72404,26111.006,1143950,14901.265
2024-04-08 12:00:00+00:00,72404,72797.99,71245.17,71620,19612.87,893075,10408.64
2024-04-09 00:00:00+00:00,71620,71758.19,69576.61,70794.85,17454.816,812173,8217.9309
2024-04-09 12:00:00+00:00,70794.84,70977,68210,69146,21839.086,991984,10678.607
2024-04-10 00:00:00+00:00,69146,69594.15,68466.63,69043,11993.489,655537,5700.6664
2024-04-10 12:00:00+00:00,69043,71172.08,67518,70631.08,30012.535,1196633,14568.682
2024-04-11 00:00:00+00:00,70631.08,71305.89,69881.31,69983.16,12942.4,686989,6355.1999
2024-04-11 12:00:00+00:00,69983.16,71100,69567.21,70006.23,18974.856,972006,9553.2913
2024-04-12 00:00:00+00:00,70006.22,71227.46,70002.22,70904.01,12160.732,602043,5820.5349
2024-04-12 12:00:00+00:00,70904,70975.54,65086.86,67116.52,43912.13,1894574,20115.33
2024-04-13 00:00:00+00:00,67116.52,67929,65731.27,67360,16999.55,1032120,7593.1181
2024-04-13 12:00:00+00:00,67360.01,67926,60660.57,63924.51,54395.671,2309220,25628.551
2024-04-14 00:00:00+00:00,63924.52,64887.99,62134,64166.05,31446.178,1278134,14532.59
2024-04-14 12:00:00+00:00,64166.05,65840,62573.66,65661.84,30153,1379819,15199.706
2024-04-15 00:00:00+00:00,65661.85,66867.07,64683.01,65860.12,21706.491,1035426,10270.178
2024-04-15 12:00:00+00:00,65860.12,66399,62274.4,63419.99,30683.04,1503622,14936.502
2024-04-16 00:00:00+00:00,63419.99,63899.69,61600,63094.77,27234.489,1290473,13314.668
2024-04-16 12:00:00+00:00,63094.76,64365,61694.02,63793.39,26200.804,1313881,12726.599
2024-04-17 00:00:00+00:00,63793.4,64499,62541.13,62595.04,13707.807,770526,6906.2452
2024-04-17 12:00:00+00:00,62595.04,62974.88,59678.16,61277.37,36902.738,1687801,17440.501
2024-04-18 00:00:00+00:00,61277.38,63072.27,60803.35,62597.92,19355.708,905657,9658.9782
2024-04-18 12:00:00+00:00,62597.92,64117.09,61580.71,63470.08,24245.901,1236854,11211.229
2024-04-19 00:00:00+00:00,63470.09,65450,59600.01,64870.74,45985.521,1690381,23034.599
2024-04-19 12:00:00+00:00,64870.73,65440.57,62953.9,63818.01,23788.782,1137903,11906.904
2024-04-20 00:00:00+00:00,63818.01,64268.58,63090.07,63707.17,10806.811,622447,5528.4609
2024-04-20 12:00:00+00:00,63707.18,65419,63575.83,64940.59,12330.619,754265,6283.3835
2024-04-21 00:00:00+00:00,64940.58,65695.56,64608,65234.01,9544.3995,661248,4901.2083
2024-04-21 12:00:00+00:00,65234.02,65375.41,64237.5,64941.15,9772.022,728905,4833.5094
2024-04-22 00:00:00+00:00,64941.15,66479.8,64500,65877.47,17423.907,980465,9377.155
2024-04-22 12:00:00+00:00,65877.47,67232.35,65626.87,66819.32,13974.087,836126,7088.9
2024-04-23 00:00:00+00:00,66819.32,67183.01,65852.35,66043.99,10412.946,624838,4929.5518
2024-04-23 12:00:00+00:00,66043.99,67130,65765.81,66414,12186.954,809077,5924.6222
2024-04-24 00:00:00+00:00,66414,67070.43,66203.05,66571.52,9389.6226,645299,4780.296
2024-04-24 12:00:00+00:00,66571.52,66737,63606.06,64289.59,24206.074,1139598,12119.214
2024-04-25 00:00:00+00:00,64289.58,64741.47,63337.25,63861.23,12118.563,584382,5787.3097
2024-04-25 12:00:00+00:00,63861.24,65297.94,62794,64498.34,19222.9,790942,9021.3199
2024-04-26 00:00:00+00:00,64498.33,64662.53,63890.82,64244.02,11884.273,440441,5856.3127
2024-04-26 12:00:00+00:00,64244.03,64820.01,63297.48,63770.01,15200.92,585120,7713.9238
2024-04-27 00:00:00+00:00,63770,63923.41,62391.24,62862.14,10979.865,485594,4995.4793
2024-04-27 12:00:00+00:00,62862.13,63650,62750,63461.98,9953.196,426828,4908.4739
2024-04-28 00:00:00+00:00,63461.98,64370,63345.55,63484.01,8445.441,386824,3852.0531
2024-04-28 12:00:00+00:00,63484,63976,62781,63118.62,8503.759,403828,4089.285
2024-04-29 00:00:00+00:00,63118.62,63367.05,61923.13,62256,12194.187,531793,5956.7281
2024-04-29 12:00:00+00:00,62256,64228.35,61765.53,63866,15956.043,620503,8029.8663
2024-04-30 00:00:00+00:00,63866,64734,61000,61204.42,23745.205,838808,11902.856
2024-04-30 12:00:00+00:00,61204.41,61559.36,59191.6,60672,31202.45,1146863,14482.56
2024-05-01 00:00:00+00:00,60672.01,60841.63,56552.82,57898.47,40874.659,1194271,18797.501
2024-05-01 12:00:00+00:00,57898.46,59468,56625.09,58364.97,40291.809,1206818,19406.073
2024-05-02 00:00:00+00:00,58364.97,58689.55,56911.84,58559.66,22512.858,706602,11502.908
2024-05-02 12:00:00+00:00,58559.66,59625,58222,59060.61,25070.962,866296,11737.845
2024-05-03 00:00:00+00:00,59060.6,59999,58811.32,59291.09,12659.296,537798,6239.4492
2024-05-03 12:00:00+00:00,59291.1,63333,58991.99,62882.01,30969.106,1020863,15905.994
2024-05-04 00:00:00+00:00,62882.01,64540,62541.03,63873.31,14558.798,628768,7806.0005
2024-05-04 12:00:00+00:00,63873.3,64240.76,63300.58,63892.04,9809.8945,484741,4865.2055
2024-05-05 00:00:00+00:00,63892.03,64188,62822.17,63859.63,8440.1036,478511,3938.8623
2024-05-05 12:00:00+00:00,63859.63,64646,63582.08,64012,10086.647,514410,5016.072
2024-05-06 00:00:00+00:00,64012,65500,63708.58,64203.56,16645.579,662386,8504.7925
2024-05-06 12:00:00+00:00,64203.55,64319.86,62700,63165.19,18029.341,730171,8674.7678
2024-05-07 00:00:00+00:00,63165.18,64422.41,62832.6,63490.43,11878.586,553303,5671.492
2024-05-07 12:00:00+00:00,63490.43,64320,62261,62312.08,13720.209,719595,6830.8908
2024-05-08 00:00:00+00:00,62312.07,63020.22,62020.09,62243.4,10711.179,514050,5288.7456
2024-05-08 12:00:00+00:00,62243.4,62828,60888,61193.03,15410.011,901102,7380.8362
2024-05-09 00:00:00+00:00,61193.03,61806.98,60630,61053.99,10989.34,582677,5137.9727
2024-05-09 12:00:00+00:00,61053.99,63429.03,60882.19,63074.01,19671.466,799280,9982.042
2024-05-10 00:00:00+00:00,63074,63380,62660.42,63299.63,10737.763,475213,5800.9531
2024-05-10 12:00:00+00:00,63299.63,63469.13,60187.12,60799.99,25791.577,1025430,12265.879
2024-05-11 00:00:00+00:00,60799.99,61096.27,60487.09,60684.01,6943.928,375537,3061.2482
2024-05-11 12:00:00+00:00,60684,61515,60643.94,60825.99,6430.6414,377744,3161.8474
2024-05-12 00:00:00+00:00,60825.99,61366.59,60610,61146,5021.721,286222,2395.6426
2024-05-12 12:00:00+00:00,61145.99,61888,60910.58,61483.99,7731.4114,440891,4021.2685
2024-05-13 00:00:00+00:00,61484,63295.48,60749.21,62738,19330.176,782433,10013.879
2024-05-13 12:00:00+00:00,62737.99,63450,62399.35,62940.08,13403.243,589000,6704.0296
2024-05-14 00:00:00+00:00,62940.09,63118.36,61404.34,61798.57,13293.943,506968,6271.0956
2024-05-14 12:00:00+00:00,61798.57,62300,61142.77,61577.49,15794.778,620971,7544.7188
2024-05-15 00:00:00+00:00,61577.49,62999.44,61319.47,62467.18,10493.46,493983,4879.1551
2024-05-15 12:00:00+00:00,62467.18,66444.16,62402.03,66206.5,33066.287,1235471,16918.686
2024-05-16 00:00:00+00:00,66206.51,66666,65652.92,66503.8,11792.771,503482,5859.1145
2024-05-16 12:00:00+00:00,66503.81,66752.01,64602.77,65235.21,19313.596,766311,9785.9981
2024-05-17 00:00:00+00:00,65235.21,66564.23,65106.38,66218,11536.082,482375,6152.9227
2024-05-17 12:00:00+00:00,66217.99,67451.2,65828.03,67024,14756.152,634879,7148.1725
2024-05-18 00:00:00+00:00,67024,67400.01,66725.53,67190.82,8133.1757,393213,4053.9976
2024-05-18 12:00:00+00:00,67190.81,67227.97,66600,66915.2,6308.082,340854,2857.1366
2024-05-19 00:00:00+00:00,66915.2,67700,66837.39,67330,7896.1482,367287,4077.3181
2024-05-19 12:00:00+00:00,67330.01,67330.01,65857.25,66274.01,10129.156,456442,4614.857
2024-05-20 00:00:00+00:00,66274,67349,66060.31,66994.2,11255.955,477013,5482.5673
2024-05-20 12:00:00+00:00,66994.2,71515.56,66753.42,71446.62,39560.746,1453926,21309.963
2024-05-21 00:00:00+00:00,71446.62,71979,70706,71130,26983.315,1101515,13749.351
2024-05-21 12:00:00+00:00,71130,71455.09,69162.94,70148.34,22624.119,1035933,10936.928
2024-05-22 00:00:00+00:00,70148.34,70368.6,69165,69736.13,10612.884,517990,4897.5855
2024-05-22 12:00:00+00:00,69736.14,70666,68842.19,69166.62,17060.296,853983,8227.2018
2024-05-23 00:00:00+00:00,69166.62,70061,69166.61,69982.72,8881.4592,513834,4261.1227
2024-05-23 12:00:00+00:00,69982.72,70096.12,66312.16,67969.65,31631.715,1314021,15530.028
2024-05-24 00:00:00+00:00,67969.66,68017.56,66600.12,67349.99,12921.221,573386,6621.7461
2024-05-24 12:00:00+00:00,67350,69250,66921.97,68549.99,15174.616,592521,7722.5528
2024-05-25 00:00:00+00:00,68549.99,69610,68500,69104.67,6134.5408,371874,3104.743
2024-05-25 12:00:00+00:00,69104.68,69356.6,68847.65,69290.57,5995.8534,331929,2747.2169
2024-05-26 00:00:00+00:00,69290.56,69562.23,68808.37,69134.91,5420.4622,319707,2732.2831
2024-05-26 12:00:00+00:00,69134.91,69399,68128.01,68507.67,6451.6557,403142,3202.3378
2024-05-27 00:00:00+00:00,68507.67,69298,68250,68434.26,8605.039,490540,4231.9523
2024-05-27 12:00:00+00:00,68434.26,70687.56,68384,69436.43,14531.888,728801,7477.6694
2024-05-28 00:00:00+00:00,69436.43,69591.81,67486.65,68389.87,17512.668,751349,7975.1037
2024-05-28 12:00:00+00:00,68389.87,68661.28,67277.91,68398.39,15110.302,708002,7567.9941
2024-05-29 00:00:00+00:00,68398.4,68935.68,67602.34,67763.59,10312.897,566271,4929.8083
2024-05-29 12:00:00+00:00,67763.59,68280,67124.65,67652.42,12846.934,654773,6818.7512
2024-05-30 00:00:00+00:00,67652.41,68422.89,67128,67817.01,11703.488,542815,5564.9116
2024-05-30 12:00:00+00:00,67817.01,69500,67755,68352.17,16774.73,730036,8509.455
2024-05-31 00:00:00+00:00,68352.17,68729.73,67876,68349.73,8182.9168,411120,4019.0316
2024-05-31 12:00:00+00:00,68349.73,69044.1,66670,67540.01,18507.405,766740,9239.0703
2024-06-01 00:00:00+00:00,67540.01,67810,67428.44,67660.57,4321.2386,296075,2018.8787
2024-06-01 12:00:00+00:00,67660.57,67900,67556.72,67766.85,4516.4227,342409,2216.3918
2024-06-02 00:00:00+00:00,67766.84,68320.08,67367.2,68251.52,5302.7861,355753,2646.2859
2024-06-02 12:00:00+00:00,68251.53,68460,67257.47,67765.63,10123.539,456595,5113.9479
2024-06-03 00:00:00+00:00,67765.62,69333,67612.48,69080,13161.174,554497,6871.712
2024-06-03 12:00:00+00:00,69080,70288,68500,68809.9,16472.2,699292,8436.9607
2024-06-04 00:00:00+00:00,68809.89,69370.01,68567.32,68955.85,7890.028,391378,3851.7325
2024-06-04 12:00:00+00:00,68955.84,71063.45,68843.73,70537.84,21729.757,863137,11071.235
2024-06-05 00:00:00+00:00,70537.83,71379.21,70423.51,70971.71,12895.251,469164,6532.8108
2024-06-05 12:00:00+00:00,70971.7,71758,70383.66,71108,15807.929,585951,7677.4231
2024-06-06 00:00:00+00:00,71108,71237.02,70800,71170.01,6591.1179,323901,3118.9161
2024-06-06 12:00:00+00:00,71170.01,71700,70117.64,70799.06,15250.887,576325,7168.475
2024-06-07 00:00:00+00:00,70799.06,71700,70663.59,71699.99,9172.1539,371983,4890.4678
2024-06-07 12:00:00+00:00,71700,71997.02,68420,69355.6,26426.297,1144432,12428.313
2024-06-08 00:00:00+00:00,69355.6,69582.2,69232.15,69365.93,5138.9678,335086,2526.6365
2024-06-08 12:00:00+00:00,69365.94,69491.36,69168.02,69310.46,4634.8619,379017,2245.5939
2024-06-09 00:00:00+00:00,69310.46,69425.7,69130.24,69367.69,3085.2501,222661,1376.0259
2024-06-09 12:00:00+00:00,69367.68,69857.14,69250.01,69648.14,6805.317,352922,3507.6671
2024-06-10 00:00:00+00:00,69648.15,69801.34,69172.29,69473.89,6315.2529,390751,3119.8599
2024-06-10 12:00:00+00:00,69473.89,70195.94,69201.59,69540,10807.417,545980,5292.1426
2024-06-11 00:00:00+00:00,69540,69590.01,66732,66890.01,23148.966,966436,10942.606
2024-06-11 12:00:00+00:00,66890,67588.22,66051,67314.24,18287.05,815979,8897.2169
2024-06-12 00:00:00+00:00,67314.23,68059.01,66905,67778.43,8993.4918,468423,4662.2294
2024-06-12 12:00:00+00:00,67778.43,69999,67250,68263.99,28181.832,1202322,14313.661
2024-06-13 00:00:00+00:00,68263.98,68393.63,66969.98,67739.99,11894.628,626984,5793.5566
2024-06-13 12:00:00+00:00,67740,68449.3,66251.78,66773.01,17184.928,891218,8092.5835
2024-06-14 00:00:00+00:00,66773.01,67256.32,66480,67036,9031.9158,652879,4507.9246
2024-06-14 12:00:00+00:00,67035.99,67370.24,65078,66043.99,19376.272,1083435,9111.484
2024-06-15 00:00:00+00:00,66043.99,66416.66,65967.5,66319.95,6393.4987,348169,2963.2127
2024-06-15 12:00:00+00:00,66319.94,66478.48,65857.1,66228.25,5058.3037,352717,2531.8081
2024-06-16 00:00:00+00:00,66228.25,66770,66034.5,66492.83,4366.3352,308195,2182.9911
2024-06-16 12:00:00+00:00,66492.83,66998.7,66460,66676.87,5026.187,395100,2567.0606
2024-06-17 00:00:00+00:00,66676.86,66913.69,65556,65817.2,10245.865,625166,4986.2112
2024-06-17 12:00:00+00:00,65817.2,67298.81,65130,66504.33,17140.303,917454,8730.6831
2024-06-18 00:00:00+00:00,66504.33,66588.23,64569,65366,19113.85,1075728,8640.1692
2024-06-18 12:00:00+00:00,65366,65433.97,64060,65175.32,23236.253,1075983,11436.244
2024-06-19 00:00:00+00:00,65175.32,65727.54,64810.62,65210,12713.101,568869,6527.7581
2024-06-19 12:00:00+00:00,65210,65310.02,64666,64974.37,7347.6949,509589,3762.0237
2024-06-20 00:00:00+00:00,64974.37,66482.94,64818.72,66169.85,9699.313,527981,4937.3035
2024-06-20 12:00:00+00:00,66169.86,66300.5,64559.15,64869.99,14565.977,754706,6891.5759
2024-06-21 00:00:00+00:00,64869.99,65066.66,63522.75,63770,12284.451,608967,5355.166
2024-06-21 12:00:00+00:00,63770.01,64460.14,63379.35,64143.56,13709.113,753650,7188.0936
2024-06-22 00:00:00+00:00,64143.56,64546.81,63943.82,64265.26,5113.0884,344251,2613.0367
2024-06-22 12:00:00+00:00,64265.27,64397.82,64218.5,64262.01,2195.867,218581,1143.2538
2024-06-23 00:00:00+00:00,64262.01,64521,64252.85,64341.45,2695.0575,206086,1303.9329
2024-06-23 12:00:00+00:00,64341.46,64429.1,63178.32,63210.01,5529.3969,386673,2670.7467
2024-06-24 00:00:00+00:00,63210.01,63369.8,60567.01,61291.95,21831.497,1038994,10047.46
2024-06-24 12:00:00+00:00,61291.95,61700,58402,60293.3,30329.857,1151793,14448.135
2024-06-25 00:00:00+00:00,60293.3,61598.87,60257.06,61187.64,13575.116,593450,6736.7926
2024-06-25 12:00:00+00:00,61187.64,62420,60953.23,61806.01,17614.128,684031,8623.292
2024-06-26 00:00:00+00:00,61806.01,62487.81,61149.64,61445.26,10524.342,413802,5227.1779
2024-06-26 12:00:00+00:00,61445.26,61980,60712,60864.99,11961.323,698350,6207.8487
2024-06-27 00:00:00+00:00,60864.98,61455.15,60606.63,61196.02,7733.7983,446781,4123.9354
2024-06-27 12:00:00+00:00,61196.01,62389.22,61154.6,61706.47,10610.488,615395,5174.3296
2024-06-28 00:00:00+00:00,61706.46,62225.31,61212.11,61690,10027.491,486218,5219.5249
2024-06-28 12:00:00+00:00,61690,61875,60063,60427.84,14793.701,993408,7442.0142
2024-06-29 00:00:00+00:00,60427.84,61224,60383.77,61102.33,7058.49,405547,3524.3546
2024-06-29 12:00:00+00:00,61102.33,61182.7,60839.51,60986.68,4451.0691,362122,1937.3345
2024-06-30 00:00:00+00:00,60986.68,61782,60712.21,61560,7303.5138,479359,3329.9001
2024-06-30 12:00:00+00:00,61560,63058.76,61346,62772.01,10022.788,629553,4894.5459
2024-07-01 00:00:00+00:00,62772.01,63818.33,62573.32,62662.09,12553.307,717505,6119.7184
2024-07-01 12:00:00+00:00,62662.09,63861.76,62497.2,62899.99,11993.798,744003,6268.8882
2024-07-02 00:00:00+00:00,62900,63288.83,62401.23,62832.01,8336.4797,504027,4174.5629
2024-07-02 12:00:00+00:00,62832.01,63152,61806.28,62135.47,10236.639,804789,5278.6164
2024-07-03 00:00:00+00:00,62135.46,62285.94,59600,60386.01,16348.259,926588,7294.7335
2024-07-03 12:00:00+00:00,60386.01,60740.2,59400,60208.58,15811.853,912784,7760.7214
2024-07-04 00:00:00+00:00,60208.57,60498.19,56952,57761.94,31727.005,1414078,14226.576
2024-07-04 12:00:00+00:00,57761.95,58813.13,56771,57050.01,22841.768,1109158,10756.412
2024-07-05 00:00:00+00:00,57050.02,57546,53485.93,55486.5,51249.479,2289179,23735.306
2024-07-05 12:00:00+00:00,55486.51,57040.02,54828.52,56628.79,30098.768,1460076,14191.346
2024-07-06 00:00:00+00:00,56628.79,56998,56018,56731.42,9881.9489,693738,4743.6433
2024-07-06 12:00:00+00:00,56731.42,58475,56500,58230.13,11769.367,717327,6339.8607
2024-07-07 00:00:00+00:00,58230.13,58449.46,57073.36,57460,8927.0709,608458,4164.6357
2024-07-07 12:00:00+00:00,57460,57631.02,55724.37,55857.81,10191.868,680771,4917.033
2024-07-08 00:00:00+00:00,55857.81,58236.73,54260.16,57154.01,27805.978,1507248,13472.008
2024-07-08 12:00:00+00:00,57154.01,57621.1,54800,56714.62,20284.227,1047141,10491.899
2024-07-09 00:00:00+00:00,56714.61,57900,56289.45,57428.01,12281.647,733258,6273.1622
2024-07-09 12:00:00+00:00,57428.01,58296,56903,58050,15450.561,1024435,7870.0878
2024-07-10 00:00:00+00:00,58050,59470,57309.09,58492,12871.153,885196,6447.4444
2024-07-10 12:00:00+00:00,58492,58550,57157.79,57725.85,12080.585,881500,5976.0872
2024-07-11 00:00:00+00:00,57725.85,58936.52,57050,58777.99,11721.182,908436,6156.3259
2024-07-11 12:00:00+00:00,58777.99,59650,57150,57339.89,18039.875,1249225,8862.9755
2024-07-12 00:00:00+00:00,57339.89,57571.86,56542.47,57203.54,9807.3488,758408,4595.0986
2024-07-12 12:00:00+00:00,57203.54,58526.68,57000,57889.1,13845.108,991330,6893.7269
2024-07-13 00:00:00+00:00,57889.09,58854.98,57756.63,58534,6144.188,453568,3265.0103
2024-07-13 12:00:00+00:00,58534,59850,58288.19,59204.02,9213.5572,660823,4624.3522
2024-07-14 00:00:00+00:00,59204.01,60400,59194.01,60099.1,10955.874,793442,5448.1641
2024-07-14 12:00:00+00:00,60099.1,61420.69,59466.67,60797.91,10222.465,662646,5031.2961
2024-07-15 00:00:00+00:00,60797.91,63243.71,60632.3,62454,17370.745,1215233,8473.3299
2024-07-15 12:00:00+00:00,62454,64900,62444.67,64724.14,21320.233,1385192,10603.212
2024-07-16 00:00:00+00:00,64724.06,64993.95,62373.24,63746.11,20652.468,1186765,10392.159
2024-07-16 12:00:00+00:00,63746.11,65388.97,63063.83,65043.99,21878.061,1298018,11202.889
2024-07-17 00:00:00+00:00,65044,66128.63,64560,64723.73,14873.492,884780,7513.6029
2024-07-17 12:00:00+00:00,64723.73,65400,63854,64087.99,14694.038,983891,7102.5673
2024-07-18 00:00:00+00:00,64087.99,65133.3,63910,64758,9416.3052,673523,4464.5588
2024-07-18 12:00:00+00:00,64758,65111.29,63238.48,63987.92,13152.417,1023219,6823.7932
2024-07-19 00:00:00+00:00,63987.92,64486,63300.67,64116,10674.141,756403,4740.7827
2024-07-19 12:00:00+00:00,64115.99,67386,64005.57,66660,24960.587,1428486,13230.287
2024-07-20 00:00:00+00:00,66660.01,66822.22,66222.46,66483.69,6019.1154,400045,2697.2562
2024-07-20 12:00:00+00:00,66483.69,67598,66273.62,67139.96,8367.8089,595048,4171.3783
2024-07-21 00:00:00+00:00,67139.97,67436.22,66592.1,66879.99,4766.8796,352576,2295.8782
2024-07-21 12:00:00+00:00,66879.99,68366.66,65777,68165.34,17052.232,970366,9116.1764
2024-07-22 00:00:00+00:00,68165.35,68474.55,66944.1,67516.01,8352.2822,614486,3825.2373
2024-07-22 12:00:00+00:00,67516.01,68256,66559.97,67532.01,13098.761,943654,6438.7131
2024-07-23 00:00:00+00:00,67532,67750.98,66256.39,66676.01,12572.649,717129,5943.0388
2024-07-23 12:00:00+00:00,66676,67349.03,65441.08,65936.01,18833.504,1054960,9225.8092
2024-07-24 00:00:00+00:00,65936,66600,65476.84,66367.99,8148.5503,449340,3976.5896
2024-07-24 12:00:00+00:00,66368,67102.01,65111,65376,14934.012,941713,6851.166
2024-07-25 00:00:00+00:00,65376.01,65620,63800,64096,17479.684,802924,7863.0229
2024-07-25 12:00:00+00:00,64096.01,66175.49,63456.7,65799.95,17646.745,1027436,8716.4296
2024-07-26 00:00:00+00:00,65799.95,67498,65722.63,67322,12203.892,650003,6387.6818
2024-07-26 12:00:00+00:00,67321.99,68200,66892,67907.99,12040.468,756979,6056.8395
2024-07-27 00:00:00+00:00,67908,68295.39,67630,68209.88,5295.8236,338926,2550.2892
2024-07-27 12:00:00+00:00,68209.88,69399.99,66650,67896.5,26414.396,1351665,13288.639
2024-07-28 00:00:00+00:00,67896.49,68285.43,67066.66,67836,6384.9638,410731,3186.0183
2024-07-28 12:00:00+00:00,67836.01,68318.43,67577.63,68249.88,4483.7302,410479,2217.4687
2024-07-29 00:00:00+00:00,68249.88,69888,68168,69580.01,13133.667,717035,6965.9706
2024-07-29 12:00:00+00:00,69580.01,70079.99,66428,66784.69,23333.629,1235777,11230.263
2024-07-30 00:00:00+00:00,66784.68,67000,65862,66574.01,10813.288,655093,5150.1868
2024-07-30 12:00:00+00:00,66574,66948,65302.67,66188,12318.967,966990,5946.6387
2024-07-31 00:00:00+00:00,66188,66554.4,65496,66094.01,6931.7769,525956,3372.4885
2024-07-31 12:00:00+00:00,66094.01,66849.24,64530,64628,15693.662,1084020,7445.9965
2024-08-01 00:00:00+00:00,64628.01,64841.29,63584,64674.25,12531.002,805099,5824.805
2024-08-01 12:00:00+00:00,64674.26,65659.78,62302,65354.02,23011.266,1592158,11062.128
2024-08-02 00:00:00+00:00,65354.02,65596.14,63668,64660.01,11288.807,797264,5316.8484
2024-08-02 12:00:00+00:00,64660.01,65524.01,61230.01,61498.33,27531.623,1660471,12885.51
2024-08-03 00:00:00+00:00,61498.34,62002.39,60505,61919.38,11081.373,584352,5334.0229
2024-08-03 12:00:00+00:00,61919.38,62198.22,59850,60697.99,16953.343,1085203,7613.9351
2024-08-04 00:00:00+00:00,60697.99,61117.63,60081.57,60896,6655.1531,468784,3317.3673
2024-08-04 12:00:00+00:00,60896,61097.55,57122.77,58161,24961.367,1417411,11239.257
2024-08-05 00:00:00+00:00,58161,58305.59,49000,51340,98744.863,4247360,45033.48
2024-08-05 12:00:00+00:00,51340,55600,49542.83,54018.81,63320.729,3321137,32329.783
2024-08-06 00:00:00+00:00,54018.82,56276,53950,55210.01,27624.225,1685698,13800.397
2024-08-06 12:00:00+00:00,55210,57040.99,54371.94,56022.01,28260.552,1748126,14133.796
2024-08-07 00:00:00+00:00,56022,57736.05,55557.88,56963.38,18805.117,1058018,9674.5998
2024-08-07 12:00:00+00:00,56963.39,57479.6,54558.62,55134.16,25464.26,1339486,12222.55
2024-08-08 00:00:00+00:00,55133.76,57670.04,54730,57320.51,16007.632,899103,8073.3699
2024-08-08 12:00:00+00:00,57320.51,62745.14,56700,61685.99,32341.897,1703939,17602.925
2024-08-09 00:00:00+00:00,61686,61744.37,60170.16,60655.24,14087.55,768688,6793.1637
2024-08-09 12:00:00+00:00,60655.25,61115.11,59535,60837.99,16884.93,1059121,8229.887
2024-08-10 00:00:00+00:00,60837.99,61470.58,60242,60920.88,5636.8093,446926,2758.6344
2024-08-10 12:00:00+00:00,60920.88,61196.63,60400,60923.51,4358.3969,353573,2135.0042
2024-08-11 00:00:00+00:00,60923.51,61858,60425,60669.15,6146.9358,469906,2937.1973
2024-08-11 12:00:00+00:00,60669.14,60761.09,58286.73,58712.59,13042.909,849563,6157.5479
2024-08-12 00:00:00+00:00,58712.59,59990,57642.21,59851.7,15201.193,974805,7684.4092
2024-08-12 12:00:00+00:00,59851.71,60711.09,57800,59346.64,21808.724,1319032,10594.857
2024-08-13 00:00:00+00:00,59346.64,59923.28,58392.88,58830,10262.005,674490,4977.6321
2024-08-13 12:00:00+00:00,58830.01,61578.1,58709.57,60587.15,17596.953,1038995,8669.5914
2024-08-14 00:00:00+00:00,60587.16,61453,60425.01,61296.87,7667.5408,517540,3763.6462
2024-08-14 12:00:00+00:00,61296.88,61800,58433.18,58683.39,20755.222,1211802,9500.25
2024-08-15 00:00:00+00:00,58683.39,59044.44,57713.88,58745.36,12488.652,810152,5751.9958
2024-08-15 12:00:00+00:00,58745.36,59849.38,56078.54,57541.06,25197.524,1697706,11503.227
2024-08-16 00:00:00+00:00,57541.05,58683.47,57098.62,58400,9841.7369,690779,5146.2587
2024-08-16 12:00:00+00:00,58400,59817.76,57526.31,58874.6,17769.107,1308760,8817.2595
2024-08-17 00:00:00+00:00,58874.59,59477.16,58785.05,59137.12,4203.814,392258,2216.4945
2024-08-17 12:00:00+00:00,59137.12,59700,59100.28,59491.99,3517.9153,414901,1655.1586
2024-08-18 00:00:00+00:00,59491.99,60259.01,59256.56,60024.01,6928.9101,555988,3616.1837
2024-08-18 12:00:00+00:00,60024,60284.99,58408.92,58427.35,6705.947,543742,3044.3988
2024-08-19 00:00:00+00:00,58427.35,58763.83,57787.3,58396.95,11808.649,737789,5665.9207
2024-08-19 12:00:00+00:00,58396.94,59617.63,58029.77,59438.5,11000.664,898506,5684.3871
2024-08-20 00:00:00+00:00,59438.5,61400,59363.31,60518.82,14877.06,890158,8194.0764
2024-08-20 12:00:00+00:00,60518.83,60955.99,58548.23,59013.8,16600.385,1014361,7847.1438
2024-08-21 00:00:00+00:00,59013.8,59924.13,58783.47,59361.14,7312.9688,537538,3459.3082
2024-08-21 12:00:00+00:00,59361.14,61820.93,58850,61156.03,20670.673,1443987,10697.602
2024-08-22 00:00:00+00:00,61156.03,61400,59724.87,61336.09,9886.0182,775384,4746.8445
2024-08-22 12:00:00+00:00,61336.09,61398.18,60100,60375.84,11355.188,942896,5522.4892
2024-08-23 00:00:00+00:00,60375.83,61367.74,60342.14,60741.68,7435.1532,554054,3612.5557
2024-08-23 12:00:00+00:00,60741.68,64955,60741.68,64037.24,30682.918,2001628,16760.328
2024-08-24 00:00:00+00:00,64037.24,64494.5,63626.58,63905.01,8292.5008,703198,3950.1076
2024-08-24 12:00:00+00:00,63905,64444,63531,64157.01,7564.6553,848658,3692.9193
2024-08-25 00:00:00+00:00,64157.02,64507.04,63773.27,63873.91,5997.3688,606230,2944.1624
2024-08-25 12:00:00+00:00,63873.92,65000,63805,64220,6308.111,656835,3371.5599
2024-08-26 00:00:00+00:00,64219.99,64481,63220.95,63859,8132.4279,836102,3653.9429
2024-08-26 12:00:00+00:00,63859,63958.95,62800,62834,11337.625,1316739,5341.7332
2024-08-27 00:00:00+00:00,62834,63212,62230,62417,10871.093,879900,4958.8766
2024-08-27 12:00:00+00:00,62416.99,62495,58034.01,59415,24264.848,2115381,10914.277
2024-08-28 00:00:00+00:00,59415,60234.98,58516,59935,16572.274,1425573,7954.1312
2024-08-28 12:00:00+00:00,59934.99,60160,57860,59034.9,20296.268,2238561,9181.7805
2024-08-29 00:00:00+00:00,59034.9,60477,58878.46,60067.06,9179.5185,874016,4679.1456
2024-08-29 12:00:00+00:00,60067.06,61166.99,58713.09,59359.01,17841.389,1869884,8473.2403
2024-08-30 00:00:00+00:00,59359,59674.42,58685,59396,10064.591,838454,4975.1459
2024-08-30 12:00:00+00:00,59396,59944.07,57701.1,59123.99,18454.731,2007242,8808.2016
2024-08-31 00:00:00+00:00,59123.99,59462.38,58831.88,59120.99,4282.5634,433917,2119.0447
2024-08-31 12:00:00+00:00,59120.99,59244.04,58744,58973.99,4515.8456,462027,2076.8861
2024-09-01 00:00:00+00:00,58974,59076.59,57777,58240.52,8200.7613,761884,3802.8259
2024-09-01 12:00:00+00:00,58240.51,58788.93,57201,57301.86,12504.396,1391296,5848.6794
2024-09-02 00:00:00+00:00,57301.77,58680.76,57128,58422.01,12293.817,1074915,6388.9032
2024-09-02 12:00:00+00:00,58422.01,59425.69,58104,59132.13,10601.198,891204,4906.3513
2024-09-03 00:00:00+00:00,59132.12,59809.65,58717,59072,8409.3455,672117,3990.4606
2024-09-03 12:00:00+00:00,59072.01,59350,57415,57487.73,14418.839,1536641,6989.3314
2024-09-04 00:00:00+00:00,57487.74,57943.53,55606,56573,18591.503,1381785,8415.5338
2024-09-04 12:00:00+00:00,56573,58519,56187.61,57970.9,16969.319,1795764,8446.221
2024-09-05 00:00:00+00:00,57970.9,58327.07,56541.68,56698.01,10880.572,1193152,4835.8229
2024-09-05 12:00:00+00:00,56698.01,57350,55643.65,56180,16926.342,2174906,8120.0668
2024-09-06 00:00:00+00:00,56180,56858.88,55280,55999.09,13149.267,1396778,6232.9472
2024-09-06 12:00:00+00:00,55999.09,57008,52550,53962.97,41298.501,3890503,19092.241
2024-09-07 00:00:00+00:00,53962.97,54492.98,53745.54,54326,8783.8829,912814,4220.9593
2024-09-07 12:00:00+00:00,54326.01,54850,53814.01,54160.86,7910.1648,1008109,3802.9475
2024-09-08 00:00:00+00:00,54160.86,54722.85,53964,54556.08,5467.4654,577303,2714.1149
2024-09-08 12:00:00+00:00,54556.08,55318,53629.01,54869.95,10806.682,1218789,5317.6459
2024-09-09 00:00:00+00:00,54869.95,55555,54591.96,55264.87,11419.929,1217870,5614.6344
2024-09-09 12:00:00+00:00,55264.87,58088,54804,57042,20964.588,2138042,10798.197
2024-09-10 00:00:00+00:00,57042.01,57378,56386.4,57228,10082.994,929223,4878.0638
2024-09-10 12:00:00+00:00,57228.01,58044.36,56502.31,57635.99,13543.788,1913925,6812.3113
2024-09-11 00:00:00+00:00,57635.99,57750,56100,56797.99,13290.858,1479222,6232.0224
2024-09-11 12:00:00+00:00,56798,57981.71,55545.19,57338,19735.709,2565881,9747.2854
2024-09-12 00:00:00+00:00,57338,58470.01,57324,58057.99,12133.692,1239830,5941.4012
2024-09-12 12:00:00+00:00,58058,58588,57345.23,58132.32,18940.714,2466934,8841.603
2024-09-13 00:00:00+00:00,58132.31,58350,57742,57871.1,7035.6159,863611,3255.2894
2024-09-13 12:00:00+00:00,57871.1,60625,57632.62,60498,22789.617,2514401,12139.848
2024-09-14 00:00:00+00:00,60497.99,60610.45,59605.98,59706.39,7000.1759,636672,3024.9889
2024-09-14 12:00:00+00:00,59706.4,60134.13,59400,59993.03,5137.7331,652112,2545.232
2024-09-15 00:00:00+00:00,59993.02,60280.06,59880,60000.51,3421.2681,384719,1574.4941
2024-09-15 12:00:00+00:00,60000.51,60395.8,58691.05,59132,10336.656,1168231,4856.7529
2024-09-16 00:00:00+00:00,59132,59210.7,58112,58663.99,12074.644,1275300,5807.5887
2024-09-16 12:00:00+00:00,58664,58789.93,57493.3,58213.99,14402.92,1869852,7052.1697
2024-09-17 00:00:00+00:00,58213.99,59300,57610.01,59080.99,8204.4456,1119360,3972.2556
2024-09-17 12:00:00+00:00,59080.99,61320,58872.02,60313.99,24911.813,2798849,12418.404
2024-09-18 00:00:00+00:00,60313.99,60769,59348.88,59846,10353.293,1308710,4914.0332
2024-09-18 12:00:00+00:00,59846,61786.24,59174.8,61759.99,25733.732,3858961,13515.564
2024-09-19 00:00:00+00:00,61759.98,62727.52,61555,62645.44,15390.203,1837349,7984.8274
2024-09-19 12:00:00+00:00,62645.44,63850,62582.14,62947.99,18942.323,2600935,9624.8022
2024-09-20 00:00:00+00:00,62948,64133.32,62606,63440,14003.921,1772791,6895.5962
2024-09-20 12:00:00+00:00,63440.01,63544.37,62350,63201.05,11462.457,2196505,5515.7261
2024-09-21 00:00:00+00:00,63201.05,63310.37,62758,63089.77,3886.0911,659497,1716.9289
2024-09-21 12:00:00+00:00,63089.76,63559.9,63036.92,63348.96,4489.2549,624114,2160.8086
2024-09-22 00:00:00+00:00,63348.97,63450,62544.94,62784,4672.5949,716752,2104.5595
2024-09-22 12:00:00+00:00,62784,64000,62357.93,63578.76,9569.604,1428984,4818.6142
2024-09-23 00:00:00+00:00,63578.76,64745.88,62538.75,63435.04,13511.251,2086943,6943.7643
2024-09-23 12:00:00+00:00,63435.03,63825.96,63059.93,63339.99,10566.802,1912244,5387.3121
2024-09-24 00:00:00+00:00,63339.99,63948,62700,63478.34,9592.5451,1214279,4680.2061
2024-09-24 12:00:00+00:00,63478.35,64688,62731.1,64262.7,13592.502,2655878,6842.6875
2024-09-25 00:00:00+00:00,64262.7,64817.99,63407.7,63838.01,8479.13,1228741,4073.6764
2024-09-25 12:00:00+00:00,63838.01,63999,62947.08,63152.01,9333.9816,2126790,4311.0034
2024-09-26 00:00:00+00:00,63152.01,64500,62670,64393.99,9427.021,1363261,4839.0034
2024-09-26 12:00:00+00:00,64393.98,65839,64150,65173.99,18946.285,2998072,10202.985
2024-09-27 00:00:00+00:00,65173.99,65986,64819.9,65437.35,9861.3808,1496821,4808.4883
2024-09-27 12:00:00+00:00,65437.36,66498,65314.31,65769.95,12187.424,2001708,6284.3688
2024-09-28 00:00:00+00:00,65769.95,66260,65453,65798.01,4587.5494,663964,2209.5835
2024-09-28 12:00:00+00:00,65798.01,65982.16,65422.23,65858,4539.6838,677739,2291.6419
2024-09-29 00:00:00+00:00,65858,65984,65432,65691.92,3501.4094,551416,1778.8084
2024-09-29 12:00:00+00:00,65691.92,66076.12,65528,65602.01,4836.3317,862033,2354.1294
2024-09-30 00:00:00+00:00,65602.01,65618.8,63249.68,63819.44,16545.194,2019688,7540.7655
2024-09-30 12:00:00+00:00,63819.45,64161.08,62856.3,63327.59,13465.893,1958896,6911.1649
2024-10-01 00:00:00+00:00,63327.6,64130.63,63006.7,63734,10625.092,1278523,5989.2608
2024-10-01 12:00:00+00:00,63734.01,63809.97,60164,60805.78,33046.389,4328546,14962.484
2024-10-02 00:00:00+00:00,60804.92,61940,60733.81,61164.01,10940.841,1907080,5445.7612
2024-10-02 12:00:00+00:00,61164.01,62390.31,60000,60649.28,20593.86,3406130,10273.564
2024-10-03 00:00:00+00:00,60649.27,61477.19,60126.56,60764.74,11415.628,1975991,5601.1092
2024-10-03 12:00:00+00:00,60764.73,61100,59828.11,60752.71,14805.807,3268013,7305.4055
2024-10-04 00:00:00+00:00,60752.72,61646.27,60459.9,61449.84,7171.2672,1359719,3675.3763
2024-10-04 12:00:00+00:00,61449.84,62484.85,60753.97,62086,14123.393,2438912,7013.9686
2024-10-05 00:00:00+00:00,62086,62326.48,61689.26,62180,4066.2535,526257,2113.7717
2024-10-05 12:00:00+00:00,62179.99,62370.56,61700,62058,3741.2079,656918,1576.7836
2024-10-06 00:00:00+00:00,62058.01,62176.75,61798.97,62101.92,2726.4941,431448,1368.8192
2024-10-06 12:00:00+00:00,62101.92,62975,62065.31,62819.91,6180.3677,1125105,3429.48
2024-10-07 00:00:00+00:00,62819.91,63970.19,62649.95,63135.44,11028.237,1625809,5587.5553
2024-10-07 12:00:00+00:00,63135.45,64478.19,62128,62224,14937.948,3183533,7173.1788
2024-10-08 00:00:00+00:00,62224.01,62820,62005,62624.01,7589.0154,1404341,3716.6562
2024-10-08 12:00:00+00:00,62624.02,63200,61860.31,62160.49,12113.208,2394097,5897.7132
2024-10-09 00:00:00+00:00,62160.5,62543.75,62002.5,62200,5978.9309,1010088,3032.409
2024-10-09 12:00:00+00:00,62199.99,62412.09,60301,60636.02,14032.226,2658275,6422.2927
2024-10-10 00:00:00+00:00,60636.01,61321.68,60355,61262,6914.6235,1204564,3349.3254
2024-10-10 12:00:00+00:00,61262.01,61320,58946,60326.39,17053.301,2668013,7478.4474
2024-10-11 00:00:00+00:00,60326.4,61263.4,60087.64,61174.87,7204.2296,950395,3657.1727
2024-10-11 12:00:00+00:00,61174.88,63417.56,61129.72,62540,16437.122,2271785,8442.3949
2024-10-12 00:00:00+00:00,62539.99,63260.53,62487.23,62936.91,5708.7681,713410,2701.3814
2024-10-12 12:00:00+00:00,62936.91,63480,62824.03,63206.22,5202.5331,1057427,2495.5355
2024-10-13 00:00:00+00:00,63206.23,63285.72,62520.18,62561.33,5028.0674,706003,2335.4122
2024-10-13 12:00:00+00:00,62561.34,63125,62050,62870.02,6881.1525,1536526,3519.634
2024-10-14 00:00:00+00:00,62870.02,65188.57,62457.81,64920.06,17081.739,2404233,9135.8938
2024-10-14 12:00:00+00:00,64920.05,66500,64660.56,66083.99,20588.213,2573344,10805.225
2024-10-15 00:00:00+00:00,66084,66330,65201,65399.69,10692.848,1525310,4934.5896
2024-10-15 12:00:00+00:00,65399.68,67950,64800.01,67074.14,32991.106,4720309,16886.092
2024-10-16 00:00:00+00:00,67074.14,68424,66750.49,67894.72,15249.923,2279727,7977.6426
2024-10-16 12:00:00+00:00,67894.73,68308.91,67117.18,67620.01,14688.332,2829958,7235.2314
2024-10-17 00:00:00+00:00,67620,67939.4,66741.09,66872.43,10897.39,1607375,4567.0998
2024-10-17 12:00:00+00:00,66872.44,67680,66666,67421.78,14430.838,2374585,7586.8473
2024-10-18 00:00:00+00:00,67421.78,68378.95,67192.36,67702,12856.177,1610609,5733.0294
2024-10-18 12:00:00+00:00,67702,69000,67642.71,68428,15869.458,2400360,8485.1491
2024-10-19 00:00:00+00:00,68427.99,68693.26,68090.3,68090.3,4145.7723,589954,1886.7813
2024-10-19 12:00:00+00:00,68090.3,68413.96,68010,68378,4047.8951,562474,2184.4149
2024-10-20 00:00:00+00:00,68377.99,68500,68100,68420.01,3626.184,420695,2042.8937
2024-10-20 12:00:00+00:00,68420.01,69400,68198.22,69031.99,8816.2898,1143100,4730.0321
2024-10-21 00:00:00+00:00,69032,69519.52,68119.01,68238.01,10926.609,1438322,5236.7741
2024-10-21 12:00:00+00:00,68238,68328.68,66840.67,67377.5,20447.813,2248455,8356.8341
2024-10-22 00:00:00+00:00,67377.5,67800,66571.42,67299.15,13065.854,1617729,6293.7291
2024-10-22 12:00:00+00:00,67299.15,67836.01,66644.18,67426,11533.109,2051562,6106.7895
2024-10-23 00:00:00+00:00,67426.01,67472.83,66200,66414,9075.2579,1366917,3965.6423
2024-10-23 12:00:00+00:00,66414,66910.15,65260,66668.65,16454.983,2440448,7922.6977
2024-10-24 00:00:00+00:00,66668.65,67612.12,66510,67285.99,9864.9544,1493956,4398.0249
2024-10-24 12:00:00+00:00,67286,68850,67262,68198.28,12724.884,2303506,7104.5602
2024-10-25 00:00:00+00:00,68198.27,68286.56,67250,68105.79,8775.3113,1267173,4148.6165
2024-10-25 12:00:00+00:00,68105.79,68771.49,65596.29,66698.33,25704.4,4065420,11882.416
2024-10-26 00:00:00+00:00,66698.32,67264.34,66439.9,67138,6805.7455,1370493,3407.2419
2024-10-26 12:00:00+00:00,67138,67454.55,66744,67092.76,5037.1622,1003008,2661.948
2024-10-27 00:00:00+00:00,67092.76,67325.46,66913.73,67128.04,2744.4237,543705,1359.5576
2024-10-27 12:00:00+00:00,67128.03,68332.05,67121.45,68021.7,5908.7722,1228284,3058.1786
2024-10-28 00:00:00+00:00,68021.69,68833.57,67618,68753.78,7645.8091,1363349,3555.6009
2024-10-28 12:00:00+00:00,68753.78,70270,68426.67,69962.21,21400.945,3069097,11662.749
2024-10-29 00:00:00+00:00,69962.21,71587.88,69760,71452.01,18985.237,2024862,10453.42
2024-10-29 12:00:00+00:00,71452.02,73620.12,70929,72736.42,31143.369,3620568,16445.045
2024-10-30 00:00:00+00:00,72736.41,72785.72,71926.82,71983.99,9868.8574,1258763,4654.9928
2024-10-30 12:00:00+00:00,71984,72961,71436,72344.74,17017.133,2781971,8832.2216
2024-10-31 00:00:00+00:00,72344.75,72700,72030.08,72226,8385.6035,1124750,4109.228
2024-10-31 12:00:00+00:00,72226,72276,69685.76,70292.01,20966.499,3400792,10095.911
2024-11-01 00:00:00+00:00,70292.01,70470,68830,70002.01,14834.843,1878853,7038.7303
2024-11-01 12:00:00+00:00,70002.01,71632.95,68820.14,69496.01,23467.024,2690418,11005.432
2024-11-02 00:00:00+00:00,69496,69914.37,69417.88,69608,4466.7274,666297,2185.4748
2024-11-02 12:00:00+00:00,69608,69711.59,69000.14,69374.74,6054.945,937264,3042.0324
2024-11-03 00:00:00+00:00,69374.74,69391,67864.16,68358.86,10268.855,1504788,4745.9144
2024-11-03 12:00:00+00:00,68358.86,69358,67478.73,68775.99,14726.848,2163241,7531.6673
2024-11-04 00:00:00+00:00,68775.99,69500,68240.61,68792.71,9346.7587,2078964,4764.1034
2024-11-04 12:00:00+00:00,68792.72,69264.52,66835,67850.01,20453.633,3298084,10163.137
2024-11-05 00:00:00+00:00,67850.01,69100,67476.63,68810.03,10264.125,1749819,5253.2868
2024-11-05 12:00:00+00:00,68810.03,70577.91,68666,69372.01,23090.944,3205825,11806.6
2024-11-06 00:00:00+00:00,69372.01,75407.1,69298,74272.01,69486.487,5088941,36044.047
2024-11-06 12:00:00+00:00,74272,76400,73488,75571.99,34640.507,3345243,17199.838
2024-11-07 00:00:00+00:00,75571.99,76022.79,74416,74746,16371.792,2266203,7980.2749
2024-11-07 12:00:00+00:00,74745.99,76849.99,74512.19,75857.89,28497.63,2941519,13825.185
2024-11-08 00:00:00+00:00,75857.89,76358,75555,75934.46,12739.187,1600043,5996.2274
2024-11-08 12:00:00+00:00,75934.47,77199.99,75630.76,76509.78,23781.912,3277446,11559.166
2024-11-09 00:00:00+00:00,76509.78,76795.69,76136,76487.11,7279.8278,1105989,3322.4238
2024-11-09 12:00:00+00:00,76487.11,76900,75714.66,76677.46,9662.2513,1479275,4710.3695
2024-11-10 00:00:00+00:00,76677.46,80040,76492,79844.01,29158.747,3177707,16349.304
2024-11-10 12:00:00+00:00,79844,81500,78473.13,80370.01,32671.354,3950891,16401.708
2024-11-11 00:00:00+00:00,80370.01,82380.94,80216.01,82134,21932.275,3243978,11321.681
2024-11-11 12:00:00+00:00,82133.99,89530.54,81460.19,88647.99,60391.39,6104912,31515.614
2024-11-12 00:00:00+00:00,88648,89940,85229,87155.55,54386.65,6135586,27545.313
2024-11-12 12:00:00+00:00,87155.55,89876.94,85072,87952.01,42913.237,5363472,22044.02
2024-11-13 00:00:00+00:00,87952,88562.94,86127.99,87669.39,25553.546,4922629,12414.298
2024-11-13 12:00:00+00:00,87669.4,93265.64,87502.49,90375.2,61210.308,7039471,31928.032
2024-11-14 00:00:00+00:00,90375.21,91657.77,89104.54,91491.86,21683.463,4046871,11051.764
2024-11-14 12:00:00+00:00,91491.85,91790,86668.21,87325.59,35046.048,5781987,16889.092
2024-11-15 00:00:00+00:00,87325.59,89771.99,87073.38,89741.25,19556.956,3163617,10242.919
2024-11-15 12:00:00+00:00,89741.24,91850,87754.45,91032.07,28370.994,4845494,14557.692
2024-11-16 00:00:00+00:00,91032.08,91779.66,90850,91169.69,11250.932,2203809,5833.055
2024-11-16 12:00:00+00:00,91169.69,91396.03,90056.17,90586.92,11466.945,2035646,5663.2586
2024-11-17 00:00:00+00:00,90587.98,91449.99,89364,90684.19,11853.935,2652283,5881.7276
2024-11-17 12:00:00+00:00,90684.19,91189.88,88722,89855.99,12013.621,2278436,5971.0546
2024-11-18 00:00:00+00:00,89855.98,92300,89617.96,90275.13,16119.494,2907084,8030.7927
2024-11-18 12:00:00+00:00,90275.13,92594,89376.9,90464.08,30425.54,4254041,15598.078
2024-11-19 00:00:00+00:00,90464.07,92000,90357,91652.02,11200.017,1635820,5789.0536
2024-11-19 12:00:00+00:00,91652.01,93905.51,90975.8,92310.79,32460.029,4011969,16338.799
2024-11-20 00:00:00+00:00,92310.8,93669.98,91500,93454.65,13790.151,1937065,6686.8328
2024-11-20 12:00:00+00:00,93454.65,94831.97,93138,94286.56,28413.047,5428922,13738.475
2024-11-21 00:00:00+00:00,94286.56,98384.86,94040,97974.99,32608.142,3801318,17560.11
2024-11-21 12:00:00+00:00,97975,98988,95600,98317.12,36620.218,5247287,17863.954
2024-11-22 00:00:00+00:00,98317.12,99419.99,97840,98870.38,20456.089,2649947,9975.9843
2024-11-22 12:00:00+00:00,98870.39,99588.01,97122.11,98892,25733.221,4621364,12733.684
2024-11-23 00:00:00+00:00,98892,98908.85,98284.61,98429.99,10455.446,1544446,4561.6127
2024-11-23 12:00:00+00:00,98430,98847.68,97136,97672.4,14302.398,2294692,6614.636
2024-11-24 00:00:00+00:00,97672.4,98564,97239.29,97280.03,11179.853,1664007,5534.6652
2024-11-24 12:00:00+00:00,97280.04,98369.46,95734.77,97900.04,20021.125,3300713,9589.4566
2024-11-25 00:00:00+00:00,97900.05,98871.8,96888,98188.09,14264.71,2779959,6879.8974
2024-11-25 12:00:00+00:00,98188.09,98313.08,92600.19,93010.01,36582.741,5509732,16607.03
2024-11-26 00:00:00+00:00,93010.01,94973.37,91466.52,92356.85,24560.622,4418910,12136.141
2024-11-26 12:00:00+00:00,92356.84,94685.6,90791.1,91965.16,33298.109,5806899,16984.127
2024-11-27 00:00:00+00:00,91965.16,93885.6,91792.14,93367.99,14389.864,2434880,7058.8394
2024-11-27 12:00:00+00:00,93367.99,97208.21,92847.84,95863.11,26763.563,4213810,13257.743
2024-11-28 00:00:00+00:00,95863.11,96564,94640,95452.01,16042.728,2237517,7805.0855
2024-11-28 12:00:00+00:00,95452,96221.8,94698,95643.98,12771.816,2750644,7000.6077
2024-11-29 00:00:00+00:00,95643.99,97358.21,95364.99,97237.91,10290.194,1809694,5379.2048
2024-11-29 12:00:00+00:00,97237.91,98619.99,96768,97460,17411.588,3284376,8461.007
2024-11-30 00:00:00+00:00,97460,97463.95,96092.01,96267.99,8895.5809,1921924,4194.3878
2024-11-30 12:00:00+00:00,96267.99,97062.5,96242.14,96407.99,5608.2521,1432835,2881.5272
2024-12-01 00:00:00+00:00,96407.99,97179.04,95693.88,97108.89,7710.3034,1604576,3621.093
2024-12-01 12:00:00+00:00,97108.89,97836,96660.88,97185.18,9228.3011,1737624,4493.8027
2024-12-02 00:00:00+00:00,97185.17,98130,94820.41,95128.68,17071.256,3657021,8418.5114
2024-12-02 12:00:00+00:00,95128.67,97356.69,94395,95840.62,20887.414,3903082,10403.422
2024-12-03 00:00:00+00:00,95840.61,96305.52,94595.38,94988.01,11238.336,1806429,5180.3426
2024-12-03 12:00:00+00:00,94988,96250,93578.17,95849.69,24588.987,3555283,12158.769
2024-12-04 00:00:00+00:00,95849.69,96950,95224.17,96190.41,12175.856,1983471,5724.481
2024-12-04 12:00:00+00:00,96190.41,99000,94587.83,98587.32,31674.681,4665253,16309.12
2024-12-05 00:00:00+00:00,98587.32,104088,97888.89,102566.91,53846.929,5306415,29134.543
2024-12-05 12:00:00+00:00,102566.91,103550,90500,96945.63,56074.801,6705949,27100.536
2024-12-06 00:00:00+00:00,96945.63,98828.7,95981.72,98069.62,20611.465,2885462,10394.457
2024-12-06 12:00:00+00:00,98069.61,101898.99,97512.26,99740.84,24438.068,4033640,11605.167
2024-12-07 00:00:00+00:00,99740.84,100428,98844,99620,8347.6961,1345033,3664.8788
2024-12-07 12:00:00+00:00,99620,100439.18,99036.01,99831.99,6584.2498,1289533,3111.6712
2024-12-08 00:00:00+00:00,99831.99,100328.88,98657.7,99701.16,5835.9663,1277180,2522.5244
2024-12-08 12:00:00+00:00,99701.17,101351,99357.16,101109.59,8777.0305,1717529,4630.2773
2024-12-09 00:00:00+00:00,101109.6,101215.93,98035.57,98088.47,16527.562,3065897,7798.2869
2024-12-09 12:00:00+00:00,98088.47,100421.8,94150.05,97276.47,37421.554,5379975,17673.798
2024-12-10 00:00:00+00:00,97276.48,98138,95565.41,97722.52,16552.112,3384561,8069.9032
2024-12-10 12:00:00+00:00,97722.53,98270,94256.54,96593,35156.577,8171628,16453.193
2024-12-11 00:00:00+00:00,96593,98472.57,95658.24,98292.61,12899.503,3737678,6271.926
2024-12-11 12:00:00+00:00,98292.61,101888,98072.33,101125,24854.28,4512833,12840.92
2024-12-12 00:00:00+00:00,101125,101829,100178.32,100358.42,10195.388,2491517,4842.287
2024-12-12 12:00:00+00:00,100358.42,102540,99311.64,100004.29,19036.7,5574805,9333.5996
2024-12-13 00:00:00+00:00,100004.29,100789,99205,100353.37,8152.1785,1950465,3928.5856
2024-12-13 12:00:00+00:00,100353.37,101895.26,99700,101424.25,13751.861,3531195,6740.508
2024-12-14 00:00:00+00:00,101424.24,102650,101148.35,101583.99,7703.8588,1710152,3864.2861
2024-12-14 12:00:00+00:00,101584,101742.43,100609.41,101420,6487.8445,1664386,2925.9607
2024-12-15 00:00:00+00:00,101420,102850,101237.14,102671.44,7608.8506,1429352,4565.3467
2024-12-15 12:00:00+00:00,102671.44,105250,102473.01,104463.99,14620.071,2209457,8103.5477
2024-12-16 00:00:00+00:00,104463.99,106648,103625.78,103757.99,15859.381,3024443,7568.8653
2024-12-16 12:00:00+00:00,103758,107793.07,103333,106058.66,25443.022,5023611,12780.234
2024-12-17 00:00:00+00:00,106058.65,107550.02,105657.34,106808.31,10443.651,2301002,5184.8192
2024-12-17 12:00:00+00:00,106808.31,108353,105321.49,106133.74,18621.285,4911797,9002.5012
2024-12-18 00:00:00+00:00,106133.74,106524.98,103137.82,105028.33,15969.218,3493685,7108.9487
2024-12-18 12:00:00+00:00,105028.33,105350,100000,100204.01,34338.78,5268435,16199.427
2024-12-19 00:00:00+00:00,100204.01,102609.72,98802,102449.99,18285.092,2937468,8924.9066
2024-12-19 12:00:00+00:00,102450,102800.11,95700,97461.86,36862.306,4336473,17973.731
2024-12-20 00:00:00+00:00,97461.86,98233,92612.1,92723.98,34592.619,4514932,15365.023
2024-12-20 12:00:00+00:00,92723.99,97816.44,92232.54,97805.44,28291.517,2914075,14098.207
2024-12-21 00:00:00+00:00,97805.44,99540.61,97188.09,98262.08,11780.738,1656928,5902.0578
2024-12-21 12:00:00+00:00,98262.08,98283.95,96398.39,97291.99,11702.803,2060710,5824.8834
2024-12-22 00:00:00+00:00,97292,97448.08,95890.28,97101.28,7014.933,1631678,3321.0246
2024-12-22 12:00:00+00:00,97101.29,97300,94250.35,95186.27,12338.897,2001873,5972.3729
2024-12-23 00:00:00+00:00,95186.28,96538.92,93700.42,95932.42,12968.43,2478426,6958.3081
2024-12-23 12:00:00+00:00,95932.41,96423,92520,94881.47,19842.337,2986493,9381.2754
2024-12-24 00:00:00+00:00,94881.47,94881.47,93569.02,94398.6,7071.4176,1427880,3390.774
2024-12-24 12:00:00+00:00,94398.6,99487.99,94075.1,98663.58,16602.807,1993669,8578.4799
2024-12-25 00:00:00+00:00,98663.58,99349.31,97725.27,97907.61,6828.0312,1419708,3142.4329
2024-12-25 12:00:00+00:00,97907.61,99569.15,97632.02,99429.6,7646.1339,1863320,3864.0936
2024-12-26 00:00:00+00:00,99429.61,99963.7,95199.14,95695.81,11934.226,2531664,5552.95
2024-12-26 12:00:00+00:00,95695.81,96621.95,95234.93,95791.6,9258.1415,2671826,4518.9225
2024-12-27 00:00:00+00:00,95791.6,97544.58,94646.03,96952.38,12499.282,2644268,6357.5775
2024-12-27 12:00:00+00:00,96952.38,97035.8,93500.01,94299.03,14001.983,3074598,6587.9391
2024-12-28 00:00:00+00:00,94299.03,94883,94135.66,94754.83,3376.3877,1070997,1645.8757
2024-12-28 12:00:00+00:00,94754.83,95733.99,94375.8,95300,5009.5052,1661064,2557.7231
2024-12-29 00:00:00+00:00,95300,95340,94808,95032.57,2717.5454,650384,1169.0095
2024-12-29 12:00:00+00:00,95032.58,95231.58,93009.52,93738.2,10858.46,2215454,4482.3764
2024-12-30 00:00:00+00:00,93738.19,94274.29,93240.03,93923.14,7022.5153,1986612,3459.7291
2024-12-30 12:00:00+00:00,93923.14,95024.5,91530.45,92792.05,20596.907,3573951,9632.4674
2024-12-31 00:00:00+00:00,92792.05,94741.68,92033.73,94232.68,8312.4677,1370406,4098.7845
2024-12-31 12:00:00+00:00,94232.68,96250,93189.59,93576,11299.566,1977441,5589.1833
2025-01-01 00:00:00+00:00,93576,94509.42,92888,93444.64,4666.6433,641338,2348.743
2025-01-01 12:00:00+00:00,93444.65,95151.15,93407.07,94591.79,5706.6828,875218,2998.9935
2025-01-02 00:00:00+00:00,94591.78,96876.38,94392,96732.99,8850.0971,1066210,4595.0563
2025-01-02 12:00:00+00:00,96733,97839.5,95924.6,96984.79,13120.392,2502869,6320.9135
2025-01-03 00:00:00+00:00,96984.79,97342.44,96100.01,96757.58,4688.1933,808251,2345.7466
2025-01-03 12:00:00+00:00,96757.57,98976.91,96472.43,98174.18,10565.636,2042913,5122.8614
2025-01-04 00:00:00+00:00,98174.17,98350.04,97532.58,97889.39,4206.9582,659635,2123.9021
2025-01-04 12:00:00+00:00,97889.4,98778.43,97514.79,98220.5,4783.0983,900347,2226.9001
2025-01-05 00:00:00+00:00,98220.51,98522.76,97600,97641.63,2921.1834,552517,1351.6187
2025-01-05 12:00:00+00:00,97641.62,98836.85,97276.79,98363.61,5174.4539,1133282,2526.2912
2025-01-06 00:00:00+00:00,98363.61,99892,97920,99259.99,8457.315,1504891,4214.336
2025-01-06 12:00:00+00:00,99259.99,102480,98711.94,102235.6,16806.119,2348811,8325.2593
2025-01-07 00:00:00+00:00,102235.6,102724.38,100472.45,100830.86,7085.0587,930101,3116.7226
2025-01-07 12:00:00+00:00,100830.86,100960.06,96181.81,96954.61,24974.817,3550461,11698.392
2025-01-08 00:00:00+00:00,96954.6,97268.65,94543.86,95134.92,12592.189,1683339,5800.4584
2025-01-08 12:00:00+00:00,95134.92,96079.32,92500.9,95060.61,21112.49,3487869,10003.392
2025-01-09 00:00:00+00:00,95060.61,95382.32,92750,93465.23,12818.392,1894561,5713.5193
2025-01-09 12:00:00+00:00,93465.23,94685.25,91203.67,92552.49,21726.445,4132600,9610.1073
2025-01-10 00:00:00+00:00,92552.49,95293.4,92431.73,95073.95,9376.8918,2084605,4828.8393
2025-01-10 12:00:00+00:00,95073.95,95836,92206.02,94726.11,22105.972,3446839,10788.599
2025-01-11 00:00:00+00:00,94726.1,94791.67,93831.73,94625.65,3275.0848,744263,1517.55
2025-01-11 12:00:00+00:00,94625.66,95050.94,93984.55,94599.99,3772.8195,751928,1894.8267
2025-01-12 00:00:00+00:00,94599.99,94699,93711.19,94255.1,3081.983,554390,1349.3983
2025-01-12 12:00:00+00:00,94255.1,95450.1,93800,94545.06,5524.8832,1104473,2678.932
2025-01-13 00:00:00+00:00,94545.07,95940,90833.12,90851.22,16209.041,2481164,7064.2855
2025-01-13 12:00:00+00:00,90851.23,94727.15,89256.69,94536.1,26410.524,3259799,12409.595
2025-01-14 00:00:00+00:00,94536.11,97371,94346.22,96548.04,12157.871,1630066,6363.8156
2025-01-14 12:00:00+00:00,96548.04,97265.48,95351.76,96560.86,15688.746,2902857,7884.8806
2025-01-15 00:00:00+00:00,96560.85,97724.96,96500,96762.18,9012.5318,1269067,3946.1336
2025-01-15 12:00:00+00:00,96762.19,100681.94,96539.77,100497.35,21497.46,2218878,11548.045
2025-01-16 00:00:00+00:00,100497.35,100866.66,98617.55,99158.71,10961.108,1285816,5153.9439
2025-01-16 12:00:00+00:00,99158.7,100641.99,97335.13,99987.3,16871.745,2476939,8359.5932
2025-01-17 00:00:00+00:00,99987.3,102581.45,99950.77,102237.6,15470.513,1487305,8598.3528
2025-01-17 12:00:00+00:00,102237.6,105865.22,102195.9,104077.48,23701.34,2399602,12074.86
2025-01-18 00:00:00+00:00,104077.47,104656.87,102277.55,103589.29,12570.072,1557004,5841.3494
2025-01-18 12:00:00+00:00,103589.29,104988.88,103107.65,104556.23,11737.758,1846158,5766.1633
2025-01-19 00:00:00+00:00,104556.23,105634.78,103450.69,104363.23,15952.722,1909824,7784.1492
2025-01-19 12:00:00+00:00,104363.24,106422.43,99651.6,101331.57,27444.561,3362096,13295.362
2025-01-20 00:00:00+00:00,101331.57,109588,99550,108239.19,44154.746,5327148,22672.882
2025-01-20 12:00:00+00:00,108239.19,108700.01,100333,102260.01,45374.486,6270789,22097.648
2025-01-21 00:00:00+00:00,102260,103973.02,100119.04,103758.25,21769.512,3300264,10903.209
2025-01-21 12:00:00+00:00,103758.25,107240.81,102803.43,106143.82,24171.508,3542716,12323.818
2025-01-22 00:00:00+00:00,106143.82,106394.46,104647.75,105100.39,8921.8657,1432299,3984.5331
2025-01-22 12:00:00+00:00,105100.38,105584.23,103339.12,103706.66,13326.827,2931736,6517.06
2025-01-23 00:00:00+00:00,103706.66,103819.99,101262.28,101944.49,12096.424,1836472,5690.8609
2025-01-23 12:00:00+00:00,101944.5,106850,101281.62,103910.34,41856.696,5124911,21355.066
2025-01-24 00:00:00+00:00,103910.35,105759,102750,105420.1,9908.1248,1969336,4976.5145
2025-01-24 12:00:00+00:00,105420.11,107120,104456.89,104870.5,13701.115,2829550,6916.946
2025-01-25 00:00:00+00:00,104870.51,105280.82,104106.09,104670.99,4691.6598,933330,2326.9052
2025-01-25 12:00:00+00:00,104670.99,105286.52,104449.75,104746.85,4376.664,837435,2135.6992
2025-01-26 00:00:00+00:00,104746.86,105500,104444.01,104818.69,3885.1214,699900,1987.3069
2025-01-26 12:00:00+00:00,104818.68,105260.36,102520.44,102620,5927.391,1113111,2654.8656
2025-01-27 00:00:00+00:00,102620.01,103260,97777.77,98761.13,27795.911,4420452,12366.644
2025-01-27 12:00:00+00:00,98761.12,102405,98714.28,102082.83,22962.224,4948458,11162.58
2025-01-28 00:00:00+00:00,102082.83,103371.24,101334.55,102762.01,8376.296,1912037,4055.4584
2025-01-28 12:00:00+00:00,102762.02,103800,100272.68,101335.52,13645.762,3516607,6701.189
2025-01-29 00:00:00+00:00,101335.52,103000,101328.01,102646,5670.3036,1285362,2970.6668
2025-01-29 12:00:00+00:00,102646,104782.68,101400.01,103733.24,17485.054,3904337,8704.505
2025-01-30 00:00:00+00:00,103733.25,105595.81,103278.54,105300.63,8362.2039,1550827,4310.9573
2025-01-30 12:00:00+00:00,105300.63,106457.44,104660,104722.94,11011.871,2439248,5829.971
2025-01-31 00:00:00+00:00,104722.94,105029.72,103930.09,104736,6372.2967,1207864,3165.9088
2025-01-31 12:00:00+00:00,104736.01,106012,101560,102429.56,15610.885,3124040,7531.4908
2025-02-01 00:00:00+00:00,102429.56,102783.71,101412,102028.81,4891.7059,982430,2301.3416
2025-02-01 12:00:00+00:00,102028.82,102329.01,100279.51,100635.65,7399.2516,1606356,3324.5517
2025-02-02 00:00:00+00:00,100635.66,101456.6,98645,98864.6,12151.353,2470535,5093.1693
2025-02-02 12:00:00+00:00,98864.6,99439.05,96150,97700.59,22468.146,4731804,10493.997
2025-02-03 00:00:00+00:00,97700.59,97782.79,91231,95107.89,43805.434,6271649,20618.675
2025-02-03 12:00:00+00:00,95107.89,102500.01,94131.14,101328.52,31359.305,4353613,16117.895
2025-02-04 00:00:00+00:00,101328.51,101732.31,97860,98967.7,15862.242,2280642,7524.4483
2025-02-04 12:00:00+00:00,98967.7,100777.93,96150,97763.13,24405.745,4338269,11567.133
2025-02-05 00:00:00+00:00,97763.14,98930.44,97131.43,98198,10401.483,1891533,4721.8688
2025-02-05 12:00:00+00:00,98198,99149,96155,96612.43,15831.822,2580230,6310.6829
2025-02-06 00:00:00+00:00,96612.44,99120,96430.78,98877.99,7357.0463,1296975,3700.4853
2025-02-06 12:00:00+00:00,98877.99,99040.09,95676.64,96554.35,16158.158,2945832,7561.0452
2025-02-07 00:00:00+00:00,96554.35,97883.12,96409.65,97750,7853.7278,1526238,3811.6578
2025-02-07 12:00:00+00:00,97749.99,100137.99,95620.34,96506.8,23940.493,3486218,11437.696
2025-02-08 00:00:00+00:00,96506.8,96880,95785.09,96120,4959.8843,910307,2155.6511
2025-02-08 12:00:00+00:00,96120,96750,95688,96444.74,5187.3586,847585,2294.8757
2025-02-09 00:00:00+00:00,96444.75,97323.09,96360.14,96554.01,5005.3471,748172,2394.2677
2025-02-09 12:00:00+00:00,96554.01,96760,94713,96462.75,9115.569,1545020,4269.4611
2025-02-10 00:00:00+00:00,96462.75,97954.69,95256,97661.16,11678.619,1755372,5737.3818
2025-02-10 12:00:00+00:00,97661.15,98345,96866.39,97430.82,8894.2567,1720547,3870.2415
2025-02-11 00:00:00+00:00,97430.82,98478.42,97416.62,98151.52,6315.3034,1204183,2860.0971
2025-02-11 12:00:00+00:00,98151.51,98158.89,94876.88,95778.2,12332.46,2512403,5734.4035
2025-02-12 00:00:00+00:00,95778.21,96469.78,95100,96094.65,6643.5846,1226941,3005.3494
2025-02-12 12:00:00+00:00,96094.65,98119.99,94088.23,97869.99,22507.582,3765796,10815.356
2025-02-13 00:00:00+00:00,97870,98083.91,95599.57,95925.11,8665.9226,1569446,3620.3195
2025-02-13 12:00:00+00:00,95925.12,96774.71,95217.36,96608.14,11255.854,2340010,5231.8426
2025-02-14 00:00:00+00:00,96608.13,97248.6,96356.41,96887.56,5346.7128,808192,2486.1037
2025-02-14 12:00:00+00:00,96887.55,98826,96252.82,97500.48,12826.314,2691372,6575.2131
2025-02-15 00:00:00+00:00,97500.47,97972.26,97223.58,97615.59,3410.0405,757764,1611.7403
2025-02-15 12:00:00+00:00,97615.59,97962.51,97304.38,97569.66,3939.3363,936563,1967.4017
2025-02-16 00:00:00+00:00,97569.67,97704.47,97061.58,97336,2868.7816,555167,1272.4943
2025-02-16 12:00:00+00:00,97335.99,97336,96046.18,96118.12,5322.6433,1041534,2447.2363
2025-02-17 00:00:00+00:00,96118.12,96638.05,95800,96063.18,6875.1334,1116327,3295.8545
2025-02-17 12:00:00+00:00,96063.17,97046.59,95205,95780,9616.9117,1714910,4714.5611
2025-02-18 00:00:00+00:00,95780.01,96322.97,95050,95640.34,7262.0104,1332964,3337.4725
2025-02-18 12:00:00+00:00,95640.35,96753.91,93388.09,95671.74,16106.184,2901284,8095.0012
2025-02-19 00:00:00+00:00,95671.74,96468.99,95029.99,96422.6,8011.7249,1104114,3182.1204
2025-02-19 12:00:00+00:00,96422.6,96899.99,95407.41,96644.37,8426.7847,1680111,3991.4977
2025-02-20 00:00:00+00:00,96644.37,97384.03,96415.09,97207.92,6654.2032,768773,3115.9799
2025-02-20 12:00:00+00:00,97207.93,98711.36,96799.42,98305,10403.189,1618200,5240.4487
2025-02-21 00:00:00+00:00,98305.01,98896.81,98084.06,98629.3,7830.8196,938815,3812.7138
2025-02-21 12:00:00+00:00,98629.31,99475,94871.95,96181.98,24418.462,3589710,11500.868
2025-02-22 00:00:00+00:00,96181.99,96611.53,95770.49,96580,5702.5212,771595,2706.9998
2025-02-22 12:00:00+00:00,96580,96980,96345.49,96551.01,5565.6559,734823,2586.2807
2025-02-23 00:00:00+00:00,96551.01,96650,96083.33,96115.99,3795.4135,529541,1656.0113
2025-02-23 12:00:00+00:00,96115.99,96332.44,95227.94,96258,7089.4357,927827,2963.9214
2025-02-24 00:00:00+00:00,96258,96500,95078.01,95821.45,9003.13,1374188,4505.9543
2025-02-24 12:00:00+00:00,95821.45,96095.32,91349.26,91552.88,22546.973,3598496,9932.6793
2025-02-25 00:00:00+00:00,91552.88,92540.69,86888.1,89239.39,41172.223,5461051,17976.513
2025-02-25 12:00:00+00:00,89239.39,89544.4,86050.99,88680.4,37160.889,4828094,17845.64
2025-02-26 00:00:00+00:00,88680.39,89414.15,88138,88616.8,11524.254,1803516,5705.3494
2025-02-26 12:00:00+00:00,88616.8,88674,82256.01,84250.09,45369.29,6686490,22371.835
2025-02-27 00:00:00+00:00,84250.09,87078.46,84026.96,86698.6,16497.631,2761260,8578.6184
2025-02-27 12:00:00+00:00,86698.6,86795.9,82716.49,84708.58,26007.824,3596321,11777.101
2025-02-28 00:00:00+00:00,84708.57,84892.85,78258.52,80513.38,54055.905,6655239,25480.353
2025-02-28 12:00:00+00:00,80512.97,85120,80075.47,84349.94,29592.135,4688977,14744.5
2025-03-01 00:00:00+00:00,84349.95,86558,83824.78,84632.79,17113.851,1997703,7614.5199
2025-03-01 12:00:00+00:00,84632.79,86262.74,84334.39,86064.53,8671.2036,1703025,4133.5878
2025-03-02 00:00:00+00:00,86064.54,86589.97,85531.87,86105.89,6700.9406,1512284,3355.6087
2025-03-02 12:00:00+00:00,86105.88,95000,85050.6,94270,48188.15,5890934,25918.202
2025-03-03 00:00:00+00:00,94269.99,94416.46,91142,92739.99,18789.536,3427622,9110.6499
2025-03-03 12:00:00+00:00,92740,93721.37,85117.11,86220.61,40381.566,6370238,18804.787
2025-03-04 00:00:00+00:00,86221.16,86807.98,82464.84,83937.94,22689.903,4499967,10768.369
2025-03-04 12:00:00+00:00,83937.93,88967.52,81500,87281.98,32919.204,5826664,16816.347
2025-03-05 00:00:00+00:00,87281.98,90660,86334.53,89814.26,15404.922,3057089,7861.5639
2025-03-05 12:00:00+00:00,89814.26,91000,87600,90606.01,22859.09,5013177,11368.72
2025-03-06 00:00:00+00:00,90606,92810.64,89986.73,91350,13726.125,3329080,7129.8765
2025-03-06 12:00:00+00:00,91350,91457.03,87836,89931.89,20616.324,4314446,10154.118
2025-03-07 00:00:00+00:00,89931.88,91283.02,84667.03,88966.96,26012.946,3976903,12677.663
2025-03-07 12:00:00+00:00,88966.96,91100,85573.07,86801.75,31967.411,5533539,15716.753
2025-03-08 00:00:00+00:00,86801.74,86897.25,85218.47,85955.88,7176.6997,1429263,3484.7148
2025-03-08 12:00:00+00:00,85955.89,86627.51,85661.76,86222.45,5812.5308,1124711,3006.851
2025-03-09 00:00:00+00:00,86222.46,86500,84625.01,85024.01,5582.2864,1156126,2391.5739
2025-03-09 12:00:00+00:00,85024,85058.34,80000,80734.37,20533.107,4033012,9702.2984
2025-03-10 00:00:00+00:00,80734.48,84123.46,80037.62,83582,16185.067,3639341,8541.8784
2025-03-10 12:00:00+00:00,83582,83771.94,77459.91,78595.86,31448.317,5062197,14356.692
2025-03-11 00:00:00+00:00,78595.86,82092.34,76606,81720.34,21287.862,3242498,10721.388
2025-03-11 12:00:00+00:00,81720.33,83617.4,79058,82932.99,27482.206,3740812,13307.78
2025-03-12 00:00:00+00:00,82932.99,83783.26,81296,83004.45,13652.061,2262124,6830.677
2025-03-12 12:00:00+00:00,83004.45,84539.85,80607.65,83680.12,18281.925,2991453,8918.7401
2025-03-13 00:00:00+00:00,83680.12,84336.33,82400.04,82975.86,10051.45,1699191,4629.1875
2025-03-13 12:00:00+00:00,82975.86,83900,79939.9,81115.78,17494.824,2667902,8383.9938
2025-03-14 00:00:00+00:00,81115.78,83348.46,80818.84,83253.15,8108.6418,1077126,4042.6514
2025-03-14 12:00:00+00:00,83253.15,85309.71,82640.59,83983.2,18749.886,2213861,10040.235
2025-03-15 00:00:00+00:00,83983.19,84676.28,83618,84103.74,6140.291,703663,2787.6577
2025-03-15 12:00:00+00:00,84103.74,84499.74,84010.58,84338.44,5184.4422,626007,2407.6336
2025-03-16 00:00:00+00:00,84338.44,84418,82381.46,82410.02,5161.3483,771688,2230.3805
2025-03-16 12:00:00+00:00,82410.01,85117.04,81981.12,82574.53,12434.777,1996259,6275.5727
2025-03-17 00:00:00+00:00,82574.52,83869.77,82523,83514.73,6481.2582,1087738,3166.5159
2025-03-17 12:00:00+00:00,83514.73,84756.83,82456,84010.03,10733.485,1927018,5221.3753
2025-03-18 00:00:00+00:00,84010.02,84021.74,82244.68,82581.1,7878.5923,1204849,3441.4083
2025-03-18 12:00:00+00:00,82581.09,82821.6,81134.66,82715.03,9732.3065,1921522,4605.8259
2025-03-19 00:00:00+00:00,82715.03,84119.09,82547.16,83881.4,8197.0355,1136607,3719.558
2025-03-19 12:00:00+00:00,83881.4,87000,83510.21,86845.94,19954.018,2638154,10084.69
2025-03-20 00:00:00+00:00,86845.93,87453.67,84755.14,85502.17,9744.9052,1303854,4481.6456
2025-03-20 12:00:00+00:00,85502.16,86532.04,83655.23,84223.39,12345.399,1948741,5681.947
2025-03-21 00:00:00+00:00,84223.38,84850.33,83700.47,84046.52,5046.1426,896188,2080.1143
2025-03-21 12:00:00+00:00,84046.52,84584,83175.25,84088.79,6910.8318,1463817,3386.3053
2025-03-22 00:00:00+00:00,84088.79,84539.17,83989.58,84239.25,2633.5101,448241,1152.1998
2025-03-22 12:00:00+00:00,84239.24,84320,83625.1,83840.59,2786.711,416240,1131.992
2025-03-23 00:00:00+00:00,83840.59,85027.32,83809.75,84679.99,2910.2333,400314,1460.8416
2025-03-23 12:00:00+00:00,84680,86129.64,84573.4,86082.5,5551.7448,806219,2963.9685
2025-03-24 00:00:00+00:00,86082.5,87909.99,85519.09,87689.52,11483.194,1216791,6039.552
2025-03-24 12:00:00+00:00,87689.52,88765.43,87050.6,87498.16,18632.427,1699922,8340.4038
2025-03-25 00:00:00+00:00,87498.16,87679.25,86310,87370.43,8573.7814,990600,3842.912
2025-03-25 12:00:00+00:00,87370.44,88539.63,86929.46,87392.87,14069.471,1812215,5597.6509
2025-03-26 00:00:00+00:00,87392.88,88275,87030.56,87954.96,7645.6694,744651,3562.2002
2025-03-26 12:00:00+00:00,87954.97,88000,85860,86909.17,10763.115,1635503,5028.7773
2025-03-27 00:00:00+00:00,86909.17,87756.39,86787,86943.52,5862.0571,766745,2668.0727
2025-03-27 12:00:00+00:00,86943.51,87728.27,85800,87232.01,11235.982,1609636,5516.9825
2025-03-28 00:00:00+00:00,87232.01,87515.67,84800,85255.26,12533.576,1421789,5282.469
2025-03-28 12:00:00+00:00,85255.25,85609.74,83585,84424.38,14649.155,1814296,5992.3683
2025-03-29 00:00:00+00:00,84424.38,84624.73,82007,82293.56,6268.4366,1023316,2815.0993
2025-03-29 12:00:00+00:00,82293.56,82882.01,81644.81,82648.54,5427.962,1149071,2806.5056
2025-03-30 00:00:00+00:00,82648.53,83534.64,82500,83111.76,4050.2001,740874,1955.2679
2025-03-30 12:00:00+00:00,83111.76,83268.05,81565,82389.99,5814.295,1166789,2769.8031
2025-03-31 00:00:00+00:00,82390,82444.89,81278.52,82205.51,8988.2411,1705897,3778.9049
2025-03-31 12:00:00+00:00,82205.5,83943.08,81656,82550.01,11580.898,2258461,6133.977
2025-04-01 00:00:00+00:00,82550,84504.74,82432.74,83930.3,7843.6236,1170405,3808.4853
2025-04-01 12:00:00+00:00,83930.31,85579.46,82544,85158.34,12346.773,2158288,6437.9411
2025-04-02 00:00:00+00:00,85158.35,85450,83904.72,84566.91,7184.0294,1200370,3525.0751
2025-04-02 12:00:00+00:00,84566.91,88500,82320,82516.29,32747.428,4137868,17214.603
2025-04-03 00:00:00+00:00,82516.28,83998.02,82175.98,83096.01,11284.551,1624852,5938.3795
2025-04-03 12:00:00+00:00,83096.01,83332.2,81211.24,83213.09,16053.291,2492634,8013.1484
2025-04-04 00:00:00+00:00,83213.09,84720,81659,82680.45,15816.1,1973002,7389.9227
2025-04-04 12:00:00+00:00,82680.44,84620.01,81849.05,83889.87,17099.44,3019584,8506.2651
2025-04-05 00:00:00+00:00,83889.87,84266,83297.66,83452.69,4219.9931,672039,1781.6719
2025-04-05 12:00:00+00:00,83452.69,83688,82379.95,83537.99,5140.4116,903711,2247.9746
2025-04-06 00:00:00+00:00,83537.99,83817.63,82666,82855.99,3422.6633,598870,1563.8005
2025-04-06 12:00:00+00:00,82855.99,82981.14,77153.83,78430,24520.051,3349623,10930.044
2025-04-07 00:00:00+00:00,78430,79347.46,74508,76685.62,37303.249,5073035,18471.88
2025-04-07 12:00:00+00:00,76685.62,81243.58,75789.01,79163.24,41084.282,4663561,20603.962
2025-04-08 00:00:00+00:00,79163.24,80867.99,78772.14,79982,12501.821,1908904,5826.8033
2025-04-08 12:00:00+00:00,79982,80375,76239.9,76322.42,22815.5,3603847,9877.927
2025-04-09 00:00:00+00:00,76322.42,77979.3,74620,76230.01,26818.711,3561445,12743.767
2025-04-09 12:00:00+00:00,76230.01,83588,76010.21,82615.22,48669.577,4179807,26747.862
2025-04-10 00:00:00+00:00,82615.22,82753.21,81292.99,81882.01,12166.708,1576481,6195.5149
2025-04-10 12:00:00+00:00,81882,82466.35,78464.36,79607.3,21118.099,2953064,10144.404
2025-04-11 00:00:00+00:00,79607.3,82985.71,78969.58,82129.67,16028.207,1893826,8071.7371
2025-04-11 12:00:00+00:00,82129.67,84300,81341.22,83423.84,18407.231,2529331,9947.8466
2025-04-12 00:00:00+00:00,83423.83,84031.87,82792.95,83528.3,6342.8409,863343,3035.8979
2025-04-12 12:00:00+00:00,83528.3,85905,83474.94,85276.9,12127.904,1637853,6490.8286
2025-04-13 00:00:00+00:00,85276.91,86100,84216.15,84528.66,13530.481,1320241,6414.0649
2025-04-13 12:00:00+00:00,84528.66,84990.22,83034.23,83760,11149.56,1955638,5244.6142
2025-04-14 00:00:00+00:00,83760,85544.3,83678,84927.55,15444.144,1730069,7572.5511
2025-04-14 12:00:00+00:00,84927.56,85799.99,83709.25,84591.58,13214.95,2191453,7624.0382
2025-04-15 00:00:00+00:00,84591.58,86000,84347.97,85589.23,9013.4024,1134002,4652.3736
2025-04-15 12:00:00+00:00,85589.23,86496.42,83600,83643.99,11897.593,1776531,5786.9872
2025-04-16 00:00:00+00:00,83643.99,84127.05,83111.64,84048.11,8367.9662,1190349,4301.9393
2025-04-16 12:00:00+00:00,84048.36,85500,83275,84030.38,12499.279,2074381,6154.8296
2025-04-17 00:00:00+00:00,84030.38,85053.38,83814.48,84562,4792.4804,768875,2378.7065
2025-04-17 12:00:00+00:00,84562,85470.01,83736.26,84947.91,8936.3673,1234530,4045.7091
2025-04-18 00:00:00+00:00,84947.92,85132.08,84413.23,84669.11,3937.8811,469581,1824.2417
2025-04-18 12:00:00+00:00,84669.11,84769.95,84303.96,84474.69,2592.0821,370428,1087.5469
2025-04-19 00:00:00+00:00,84474.7,85436.72,84364.45,85217.4,4743.5345,417973,2671.4545
2025-04-19 12:00:00+00:00,85217.4,85677.99,84694.49,85077.01,4923.047,457253,2744.8464
2025-04-20 00:00:00+00:00,85077,85320.76,83949.52,84129.83,3935.6407,404755,1769.4417
2025-04-20 12:00:00+00:00,84129.82,85298,84099.3,85179.24,4156.0365,539375,2074.0414
2025-04-21 00:00:00+00:00,85179.24,87795.26,85144.76,86971.92,15698.981,1279624,8457.5212
2025-04-21 12:00:00+00:00,86971.92,88465.99,86389.78,87516.23,16074.392,1761771,8758.8776
2025-04-22 00:00:00+00:00,87516.22,88877,87076.03,88614.1,11329.682,1011449,5393.7404
2025-04-22 12:00:00+00:00,88614.09,93888,88482,93442.99,32543.066,2257026,17384.03
2025-04-23 00:00:00+00:00,93442.99,94521.79,92580.18,93466.01,13278.2,1080890,6347.3355
2025-04-23 12:00:00+00:00,93466.01,94696.05,91935.41,93691.08,14125.968,1935646,6780.7222
2025-04-24 00:00:00+00:00,93691.07,93787.65,91660.01,92619.94,10138.57,1245280,4011.199
2025-04-24 12:00:00+00:00,92619.94,94005,92434.78,93980.47,9358.4911,1552103,4553.9822
2025-04-25 00:00:00+00:00,93980.47,94660,92855.96,94635.67,11454.458,1274206,5897.3609
2025-04-25 12:00:00+00:00,94635.67,95758.04,93929.41,94638.68,16046.209,2057622,7174.8605
2025-04-26 00:00:00+00:00,94638.68,95199,93990.6,94144.06,5700.2479,759740,2554.7623
2025-04-26 12:00:00+00:00,94144.07,94888,93870.69,94628,3714.8209,716243,1601.4623
2025-04-27 00:00:00+00:00,94628,95369,93655,93920.01,7127.6195,1070951,3105.8897
2025-04-27 12:00:00+00:00,93920,94545.45,93602.58,93749.3,4035.2215,847209,2144.1975
2025-04-28 00:00:00+00:00,93749.29,95550,92800.01,95319.99,11410.527,1576691,6241.3263
2025-04-28 12:00:00+00:00,95319.99,95630,93444,95011.18,10747.007,1848049,5385.4496
2025-04-29 00:00:00+00:00,95011.18,95461.53,94200,95129.74,7823.2387,1258464,2996.649
2025-04-29 12:00:00+00:00,95129.74,95459.99,93742.54,94256.82,9132.1015,1762411,4116.0357
2025-04-30 00:00:00+00:00,94256.82,95228.45,94136.48,95176.66,5273.8596,945721,2533.3606
2025-04-30 12:00:00+00:00,95176.66,95214.9,92910,94172,12387.415,2268428,5859.8556
2025-05-01 00:00:00+00:00,94172,96396.31,94130.43,96180.01,8994.8725,1055608,5161.9235
2025-05-01 12:00:00+00:00,96180.01,97424.02,95769.66,96489.91,12385.581,1870108,5763.9496
2025-05-02 00:00:00+00:00,96489.9,97309.78,96350,96928.97,6427.3425,1068623,3238.3669
2025-05-02 12:00:00+00:00,96928.97,97895.68,96561.57,96887.14,8478.4056,1629640,4201.9684
2025-05-03 00:00:00+00:00,96887.13,96935.67,95852.29,95942.02,6190.0366,636966,2406.9794
2025-05-03 12:00:00+00:00,95942.01,96509.44,95753.01,95856.42,3533.3118,544273,1522.4255
2025-05-04 00:00:00+00:00,95856.42,96304.48,95286.78,95423.2,5450.3168,880294,2133.4188
2025-05-04 12:00:00+00:00,95423.19,95758.08,94151.38,94277.62,5586.0666,794432,2251.9161
2025-05-05 00:00:00+00:00,94277.61,94825.46,93514.1,94038.18,9016.9812,1113807,4424.4756
2025-05-05 12:00:00+00:00,94038.19,95199,93613.66,94733.68,8234.2007,1509493,3975.173
2025-05-06 00:00:00+00:00,94733.68,94926.99,93720.63,93812.54,5563.5428,838405,2338.9229
2025-05-06 12:00:00+00:00,93812.53,96920.65,93377,96834.02,10559.102,1674555,5167.0344
2025-05-07 00:00:00+00:00,96834.02,97732,96208.1,97047.43,8650.1269,1064926,4375.5752
2025-05-07 12:00:00+00:00,97047.43,97478.27,95784.61,97030.5,7994.7117,1784213,3941.1695
2025-05-08 00:00:00+00:00,97030.5,99888,96876.29,99409.14,14242.011,1587137,7450.4569
2025-05-08 12:00:00+00:00,99409.15,104145.76,99090.66,103261.6,20720.018,3404010,11096.773
2025-05-09 00:00:00+00:00,103261.61,104361.3,102364,102958.31,18108.442,2411673,9661.1909
2025-05-09 12:00:00+00:00,102958.31,103793.66,102315.14,102971.99,9508.9568,1995256,4864.0129
2025-05-10 00:00:00+00:00,102971.99,104100,102818.76,103434.94,7137.8856,1047319,3841.3203
2025-05-10 12:00:00+00:00,103434.94,104984.57,103005.33,104809.53,8186.9006,1180526,4416.9145
2025-05-11 00:00:00+00:00,104809.53,104972,103345.06,104652.01,9280.9966,1528885,4684.4786
2025-05-11 12:00:00+00:00,104652.01,104888,103569.77,104118,8706.1254,1571291,4387.4772
2025-05-12 00:00:00+00:00,104118,105819.45,103625,103762.9,15198.518,2223911,8235.7404
2025-05-12 12:00:00+00:00,103762.89,104629.96,100718.37,102791.32,16074.26,3074496,8220.2576
2025-05-13 00:00:00+00:00,102791.32,103822.03,101429.7,103729.2,9696.6996,1664594,5159.0909
2025-05-13 12:00:00+00:00,103729.2,104976.25,102811.32,104103.72,11556.724,2038937,5546.8875
2025-05-14 00:00:00+00:00,104103.72,104145,102875.22,103944.93,8648.7354,1374155,4243.1127
2025-05-14 12:00:00+00:00,103944.93,104356.95,102602.05,103507.82,7804.1727,1651066,3782.9206
2025-05-15 00:00:00+00:00,103507.83,103866.51,101500,102371.61,6763.5665,1588097,3081.4216
2025-05-15 12:00:00+00:00,102371.62,104192.7,101383.07,103763.71,11235.419,2551380,5393.7588
2025-05-16 00:00:00+00:00,103763.71,104466.01,103100.49,103651.71,8751.6884,1571939,4206.8065
2025-05-16 12:00:00+00:00,103651.72,104550.33,103343.07,103463.9,6932.1918,1665503,3348.3515
2025-05-17 00:00:00+00:00,103463.9,103709.86,102612.5,102994.17,6898.068,1355494,3448.5546
2025-05-17 12:00:00+00:00,102994.18,103477.87,102640.02,103126.65,4352.8282,1213103,1886.5607
2025-05-18 00:00:00+00:00,103126.65,104088.2,103105.09,103800.54,3902.8022,734887,2092.7264
2025-05-18 12:00:00+00:00,103800.55,106660,103285.71,106454.26,17697.185,2458413,9572.1726
2025-05-19 00:00:00+00:00,106454.27,107108.62,102000,102963.41,16412.791,2840213,7433.0893
2025-05-19 12:00:00+00:00,102963.4,105829.99,102126.16,105573.74,13847.244,2041158,6775.2197
2025-05-20 00:00:00+00:00,105573.73,106853.27,104847.16,105203.76,11112.649,1658651,5749.3362
2025-05-20 12:00:00+00:00,105203.75,107320,104184.72,106849.99,12592.834,2219700,6601.1266
2025-05-21 00:00:00+00:00,106850,107985.05,106100.01,106546.44,11357.408,2069399,5838.1535
2025-05-21 12:00:00+00:00,106546.43,110797.38,106117.67,109643.99,34173.632,4765880,17823.496
2025-05-22 00:00:00+00:00,109643.99,111880,109177.37,110981.97,20135.323,3433040,10822.022
2025-05-22 12:00:00+00:00,110981.98,111980,110550,111696.21,11495.45,2361176,5762.5412
2025-05-23 00:00:00+00:00,111696.22,111800,108888,109076.35,10264.996,1793183,4764.8812
2025-05-23 12:00:00+00:00,109076.36,109992.75,106800,107318.3,21472.727,3458009,9544.4353
2025-05-24 00:00:00+00:00,107318.3,109506.03,106875.41,109208.56,9720.6396,1579814,5356.1035
2025-05-24 12:00:00+00:00,109208.57,109282.81,107500,107761.91,7061.8917,1225604,3430.8039
2025-05-25 00:00:00+00:00,107761.9,108288.69,106708.98,107260,7188.9495,1523416,3226.7154
2025-05-25 12:00:00+00:00,107259.99,109299.99,106600.64,109004.19,10521.097,1627752,4640.4517
2025-05-26 00:00:00+00:00,109004.2,110228.11,108670.58,109772.72,7217.4818,1283806,3564.5346
2025-05-26 12:00:00+00:00,109772.73,110422.22,108858.28,109434.79,7431.6341,1604057,3736.5783
2025-05-27 00:00:00+00:00,109434.78,109899,107516.57,109585.49,9930.9204,1736392,4694.8697
2025-05-27 12:00:00+00:00,109585.49,110718,108600,108938.17,11345.736,1999117,5275.023
2025-05-28 00:00:00+00:00,108938.17,109284.7,108258.01,108870.38,5286.6016,1069753,2480.6788
2025-05-28 12:00:00+00:00,108870.39,109053.39,106769.43,107781.78,10347.187,1863509,4396.5946
2025-05-29 00:00:00+00:00,107781.78,108891.91,106948.01,108779.84,7824.4398,1370035,3843.088
2025-05-29 12:00:00+00:00,108779.83,108797.25,105322.86,105589.75,12010.261,2404891,5614.4056
2025-05-30 00:00:00+00:00,105589.75,106313.12,104600.5,105880.51,12041.687,1971890,5546.1801
2025-05-30 12:00:00+00:00,105880.5,106000,103621,103985.48,11664.811,2335682,5524.8074
2025-05-31 00:00:00+00:00,103985.47,104292.69,103068.55,103498.18,6133.1254,1500830,2784.8051
2025-05-31 12:00:00+00:00,103498.17,104900,103480.11,104591.88,5156.2338,842957,2494.1466
2025-06-01 00:00:00+00:00,104591.88,104729.99,103752.49,104082.68,3783.3525,834903,1752.159
2025-06-01 12:00:00+00:00,104082.67,105866.91,103783.01,105642.93,5926.3476,1104456,2888.1917
2025-06-02 00:00:00+00:00,105642.93,105935.63,103941,104047.64,6346.1127,1216342,2925.5249
2025-06-02 12:00:00+00:00,104047.63,105931.44,103659.88,105857.99,7107.8754,1781314,3569.1301
2025-06-03 00:00:00+00:00,105858,106500,104872.5,105287.24,5760.5498,896425,2774.3301
2025-06-03 12:00:00+00:00,105287.24,106794.67,105031.6,105376.89,7498.9765,1574273,3485.8942
2025-06-04 00:00:00+00:00,105376.9,106000,105080.26,105084.36,7552.6463,906295,3958.5366
2025-06-04 12:00:00+00:00,105084.36,105542,104179,104696.86,6482.2485,1368169,3021.4125
2025-06-05 00:00:00+00:00,104696.86,105240.84,104380,104827.8,3781.9956,700990,1649.3803
2025-06-05 12:00:00+00:00,104827.79,105909.71,100372.26,101508.68,18539.506,3262305,8355.9799
2025-06-06 00:00:00+00:00,101508.69,103991.45,101095.8,103927.99,7249.291,1104619,3574.8725
2025-06-06 12:00:00+00:00,103927.99,105333,103513.7,104288.44,8589.7829,1604708,4080.7343
2025-06-07 00:00:00+00:00,104288.43,105319.13,103871.09,105150.01,3889.5826,719872,1796.3144
2025-06-07 12:00:00+00:00,105150.01,105900,105150,105552.15,4455.3495,682622,2173.7047
2025-06-08 00:00:00+00:00,105552.15,105786.33,104964.14,105686.71,3379.7584,508167,1784.7735
2025-06-08 12:00:00+00:00,105686.71,106488.14,105520.25,105734,4668.3046,786987,2576.6491
2025-06-09 00:00:00+00:00,105734.01,107806,105318.37,107759.21,7690.3461,1027205,4129.3721
2025-06-09 12:00:00+00:00,107759.21,110530.17,106860,110263.02,12285.028,1812641,6494.5101
2025-06-10 00:00:00+00:00,110263.02,110311.82,109056.9,109541.28,7018.5982,1055468,3215.924
2025-06-10 12:00:00+00:00,109541.93,110400,108331.03,110274.39,10053.23,1947952,4793.3718
2025-06-11 00:00:00+00:00,110274.39,110274.4,109193.89,109252.09,4027.8427,715853,1441.5662
2025-06-11 12:00:00+00:00,109252.1,110392.01,108064,108645.12,9088.0737,1951161,4589.4024
2025-06-12 00:00:00+00:00,108645.13,108813.55,106874.47,106900.95,7960.9438,1194658,3691.2508
2025-06-12 12:00:00+00:00,106900.95,108450.16,105671.72,105671.73,9817.7284,2322762,4599.9757
2025-06-13 00:00:00+00:00,105671.74,105694,102664.31,105039.48,18037.053,3201389,8750.7854
2025-06-13 12:00:00+00:00,105039.48,106179.53,104118,106066.59,8143.7644,2251188,4042.9217
2025-06-14 00:00:00+00:00,106066.59,106252,104792.98,105082.01,4806.9362,647077,2190.6499
2025-06-14 12:00:00+00:00,105082.01,105480,104300,105414.64,3992.0035,874699,1657.9051
2025-06-15 00:00:00+00:00,105414.63,106128.57,104867.64,104970.51,3198.1003,547081,1588.1448
2025-06-15 12:00:00+00:00,104970.51,105838.24,104494.53,105594.01,3966.1002,1017687,1768.3243
2025-06-16 00:00:00+00:00,105594.02,107262.31,104980.37,106883.99,6607.1752,1100306,3310.0321
2025-06-16 12:00:00+00:00,106884,108952.38,106495.09,106794.53,8315.4902,1828692,4132.3171
2025-06-17 00:00:00+00:00,106794.53,107771.34,105508.23,105641.47,7131.452,1520390,3409.2449
2025-06-17 12:00:00+00:00,105641.48,105862.03,103371.02,104551.17,10734.878,2202620,4673.408
2025-06-18 00:00:00+00:00,104551.17,105550.27,104175.87,104840.59,5005.7679,950683,2255.1755
2025-06-18 12:00:00+00:00,104840.58,105325.83,103500,104886.78,8962.8738,2517487,4401.1393
2025-06-19 00:00:00+00:00,104886.79,105226.17,104457.12,104776.23,3560.9479,742367,1597.1924
2025-06-19 12:00:00+00:00,104776.23,104917.05,103929.27,104658.59,4117.6595,975678,1986.005
2025-06-20 00:00:00+00:00,104658.59,106524.65,104238.02,105977.82,5767.3142,921842,2841.4823
2025-06-20 12:00:00+00:00,105977.82,106149.17,102345,103297.99,10651.749,2107562,4272.4881
2025-06-21 00:00:00+00:00,103297.98,103982.64,103127.48,103874.64,2625.9073,413049,1032.6604
2025-06-21 12:00:00+00:00,103874.63,103946.47,100837.9,102120.01,8528.306,1759529,3600.2766
2025-06-22 00:00:00+00:00,102120.02,103399.62,101839.96,102739.48,7622.9468,1681330,3541.03
2025-06-22 12:00:00+00:00,102739.47,102831,98200,100963.87,21123.464,3439979,9600.9997
2025-06-23 00:00:00+00:00,100963.87,102137,100494.25,101289.01,7966.8135,1214457,3740.1354
2025-06-23 12:00:00+00:00,101289,106074.2,99613.33,105333.93,19699.693,3729750,9668.0662
2025-06-24 00:00:00+00:00,105333.94,105811,104622.02,105170,8257.9868,1457833,3783.4712
2025-06-24 12:00:00+00:00,105169.99,106290,104800.98,106083,6393.7065,1515648,3064.8504
2025-06-25 00:00:00+00:00,106083,107237.44,105808.03,107198.02,5975.5335,1160960,3049.9075
2025-06-25 12:00:00+00:00,107198.02,108135.3,106752.36,107340.58,10725.622,1827932,5526.2296
2025-06-26 00:00:00+00:00,107340.59,108272.45,107105.43,107325.41,5198.0988,1129249,2367.2092
2025-06-26 12:00:00+00:00,107325.42,108000,106562.5,106947.06,5375.174,1468493,2615.8808
2025-06-27 00:00:00+00:00,106947.06,107735.34,106438.33,106983.6,5736.4393,871706,2145.5208
2025-06-27 12:00:00+00:00,106983.6,107709.22,106356.76,107047.59,6496.0011,1432793,2716.7593
2025-06-28 00:00:00+00:00,107047.58,107496.12,106811.51,107373.39,1688.967,317266,805.95136
2025-06-28 12:00:00+00:00,107373.39,107577.75,107084.15,107296.79,1593.2065,336039,708.46823
2025-06-29 00:00:00+00:00,107296.79,108484,107172.52,108477.11,2863.5388,410510,1682.7437
2025-06-29 12:00:00+00:00,108477.12,108528.5,107250,108356.93,3968.1976,812692,2088.3653
2025-06-30 00:00:00+00:00,108356.93,108789.99,107400,107654.2,4387.6482,666922,2023.0815
2025-06-30 12:00:00+00:00,107654.21,107858.79,106733.33,107146.5,5366.4767,1106563,2308.2998
2025-07-01 00:00:00+00:00,107146.51,107540,106301.86,106605.8,3676.2547,708911,1614.3166
2025-07-01 12:00:00+00:00,106605.79,107179.99,105250.85,105681.14,6829.3697,1304378,3034.6007
2025-07-02 00:00:00+00:00,105681.13,107860.23,105100.19,107479.99,5504.8342,757059,2575.8395
2025-07-02 12:00:00+00:00,107479.98,109730,107186.1,108849.6,12187.062,1687649,6672.5908
2025-07-03 00:00:00+00:00,108849.59,110273.21,108530.4,109599.19,6250.1341,943515,3560.4334
2025-07-03 12:00:00+00:00,109599.18,110529.18,108749.99,109584.78,6796.9482,1625429,3401.4634
2025-07-04 00:00:00+00:00,109584.77,109767.59,108518.83,108888,3698.1746,724484,1551.7419
2025-07-04 12:00:00+00:00,108888,108978.64,107245,107984.24,8095.6915,1250728,3236.0563
2025-07-05 00:00:00+00:00,107984.25,108420.56,107756.31,108112.21,2102.148,394239,938.82869
2025-07-05 12:00:00+00:00,108112.2,108250,107864.75,108198.12,1634.8277,315781,864.85659
2025-07-06 00:00:00+00:00,108198.12,108268.35,107800.01,108076.01,1636.1475,236662,816.88824
2025-07-06 12:00:00+00:00,108076,109700,108045.76,109203.84,4811.4595,1019929,2392.4708
2025-07-07 00:00:00+00:00,109203.85,109700,108572.52,108642.01,4175.9938,688966,1830.331
2025-07-07 12:00:00+00:00,108642.01,108660,107513.2,108262.94,5229.3822,1272974,2090.5913
2025-07-08 00:00:00+00:00,108262.94,109005,107429.57,108756.37,4335.8636,744383,1882.444
2025-07-08 12:00:00+00:00,108756.37,109216.56,108096.55,108922.98,4880.1572,978861,2489.5447
2025-07-09 00:00:00+00:00,108922.99,109136,108324.53,109058.27,3272.3976,516557,1636.6253
2025-07-09 12:00:00+00:00,109058.27,111999.79,108503,111233.99,14009.889,1811927,7299.0779
2025-07-10 00:00:00+00:00,111234,111581,110870.33,111019.99,4762.6418,695270,2233.2954
2025-07-10 12:00:00+00:00,111019.99,116868,110500,116010,20120.809,2531747,10666.84
2025-07-11 00:00:00+00:00,116010.01,118869.98,115222.22,117821.91,17060.906,1897387,8203.9546
2025-07-11 12:00:00+00:00,117821.91,118259.24,116604.87,117527.66,8812.6149,1810807,4298.9766
2025-07-12 00:00:00+00:00,117527.66,118200,117141.13,117810,3885.8802,665316,1773.7109
2025-07-12 12:00:00+00:00,117810,117861.19,116900.05,117420,4560.7241,776535,2010.8413
2025-07-13 00:00:00+00:00,117420,118086.66,117224.79,118072.01,2249.8402,398971,1133.5112
2025-07-13 12:00:00+00:00,118072.01,119488,117989.53,119086.64,7300.9527,1251312,3632.9631
2025-07-14 00:00:00+00:00,119086.65,123218,118905.18,121467.24,15679.668,2062431,8301.4556
2025-07-14 12:00:00+00:00,121467.23,122120,119202,119841.18,11589.681,2013702,5798.1252
2025-07-15 00:00:00+00:00,119841.17,119940.83,116250,117113.98,15714.55,1812747,7408.0406
2025-07-15 12:00:00+00:00,117113.98,118490.71,115736.92,117758.09,16303.91,1992627,8259.2644
2025-07-16 00:00:00+00:00,117758.08,119310.75,117017.29,118769.06,6372.811,824869,3289.6419
2025-07-16 12:00:00+00:00,118769.06,120063.84,118181.14,118630.43,10667.098,1604756,5066.3269
2025-07-17 00:00:00+00:00,118630.44,119192,117683.53,117995,6356.579,997822,2945.7241
2025-07-17 12:00:00+00:00,117995,120998.71,117453.57,119177.56,9371.9975,1350163,4750.4552
2025-07-18 00:00:00+00:00,119177.56,120820.71,118395,119171.34,10136.544,1348396,4496.887
2025-07-18 12:00:00+00:00,119171.35,119531.48,116812.76,117924.84,9788.1191,1456840,4454.4917
2025-07-19 00:00:00+00:00,117924.84,118499.9,117613.35,118327.06,3275.1573,522132,1550.775
2025-07-19 12:00:00+00:00,118327.05,118327.06,117277.34,117840,3360.6458,611250,1427.6082
2025-07-20 00:00:00+00:00,117840.01,118277.17,117650,117878.46,3957.0457,501314,1900.9648
2025-07-20 12:00:00+00:00,117878.46,118856.8,116467.02,117265.12,9005.8832,1114621,4680.369
2025-07-21 00:00:00+00:00,117265.11,119676.73,116515,118070.17,8090.1779,1059341,3914.3665
2025-07-21 12:00:00+00:00,118070.17,119233.71,116656.88,117380.36,9017.1534,1450202,4511.9516
2025-07-22 00:00:00+00:00,117380.36,119188.3,116128,119154.99,11364.097,1418432,5787.0997
2025-07-22 12:00:00+00:00,119154.99,120247.8,117550,119954.42,9595.0325,1360301,5024.3554
2025-07-23 00:00:00+00:00,119954.43,120090,117844.24,118538.46,5433.4562,732536,2563.7758
2025-07-23 12:00:00+00:00,118538.46,118756,117301,118755.99,9125.2946,1368868,4506.3112
2025-07-24 00:00:00+00:00,118756,119273.36,117103.1,118600,8069.3739,1010822,3891.861
2025-07-24 12:00:00+00:00,118600,119450,117832.32,118340.99,7737.5166,1070613,3759.8789
2025-07-25 00:00:00+00:00,118340.98,118451.57,114723.16,116543.58,27178.668,2060605,11459.497
2025-07-25 12:00:00+00:00,116543.59,117630,114908,117614.31,11227.681,1221750,5583.2768
2025-07-26 00:00:00+00:00,117614.31,118217.45,117138.38,117776.11,3778.0324,416052,1671.441
2025-07-26 12:00:00+00:00,117776.1,118297.35,117772.13,117919.99,3213.6397,374320,1496.4425
2025-07-27 00:00:00+00:00,117919.99,118438.83,117825.5,118072.71,2651.6887,337262,1355.4363
2025-07-27 12:00:00+00:00,118072.71,119766.65,117890,119415.55,6676.6205,757818,3882.8673
2025-07-28 00:00:00+00:00,119415.56,119800,118475.47,118827.49,6244.7761,735571,3360.1063
2025-07-28 12:00:00+00:00,118827.49,119093.68,117427.5,118062.32,7716.9715,1089206,3864.8115
2025-07-29 00:00:00+00:00,118062.32,119273.36,117450,118592.38,6785.8239,839078,3580.852
2025-07-29 12:00:00+00:00,118592.38,119080.81,116950.75,117950.76,8352.1105,1117616,4408.0853
2025-07-30 00:00:00+00:00,117950.75,118481.81,117358.84,117579.99,4686.4926,636295,2517.0931
2025-07-30 12:00:00+00:00,117579.99,118792,115796.23,117840.3,10900.244,1361074,5286.5212
2025-07-31 00:00:00+00:00,117840.29,118922.45,117781.87,118371.25,5505.747,532881,2716.1802
2025-07-31 12:00:00+00:00,118371.25,118879.14,115500,115764.08,11504.26,1326651,5597.336
2025-08-01 00:00:00+00:00,115764.07,116052,114116,115305.65,11731.362,1524268,5422.343
2025-08-01 12:00:00+00:00,115305.64,116019.3,112722.58,113297.93,12755.74,2636561,6064.8782
2025-08-02 00:00:00+00:00,113297.92,114063.49,113198.63,113787.12,4232.7249,796114,2005.6437
2025-08-02 12:00:00+00:00,113787.11,113787.12,112003,112546.35,7274.6094,1369600,3054.3647
2025-08-03 00:00:00+00:00,112546.35,114260.31,111920,113862.18,4131.0298,705392,2048.2849
2025-08-03 12:00:00+00:00,113862.19,114799.97,113579.69,114208.8,3266.7306,713889,1689.8984
2025-08-04 00:00:00+00:00,114208.81,115000,114107.6,114493.09,3934.9239,749217,1791.9454
2025-08-04 12:00:00+00:00,114493.09,115720,114121,115055.03,5732.7553,1205013,2923.3481
2025-08-05 00:00:00+00:00,115055.03,115127.81,113725.72,114827.07,5118.0295,865937,2411.9488
2025-08-05 12:00:00+00:00,114827.07,114893.13,112650,114129.75,6924.7613,1715115,3210.7188
2025-08-06 00:00:00+00:00,114129.75,114417.02,113355.13,114226.69,3778.866,858786,1783.4618
2025-08-06 12:00:00+00:00,114226.68,115716,113579.9,114992.27,5982.2872,1167714,3088.7856
2025-08-07 00:00:00+00:00,114992.27,116828.93,114259,116519.53,6181.9843,900170,3390.5078
2025-08-07 12:00:00+00:00,116519.54,117621,115632.31,117472.01,7286.5783,1414501,3618.2297
2025-08-08 00:00:00+00:00,117472.02,117630,116317.08,116891.51,4959.1748,1004818,2178.8341
2025-08-08 12:00:00+00:00,116891.51,117271.73,115878.71,116674.74,5086.138,1090486,2406.0717
2025-08-09 00:00:00+00:00,116674.74,117944.05,116299.13,117110,5346.2764,768391,2728.9702
2025-08-09 12:00:00+00:00,117110,117238.04,116359.89,116462.25,4167.8551,622560,2140.884
2025-08-10 00:00:00+00:00,116462.25,118741.77,116460.63,118330.58,7843.0921,1248457,4332.8186
2025-08-10 12:00:00+00:00,118330.58,119311.11,118074.99,119294.01,6479.6787,1068608,3690.6166
2025-08-11 00:00:00+00:00,119294.27,122335.16,118972.59,120561.54,16122.348,2151199,8173.5376
2025-08-11 12:00:00+00:00,120561.53,120794.05,118050.11,118686,10371.987,1870544,5069.8919
2025-08-12 00:00:00+00:00,118686,119275.46,118207.47,118522.22,7376.3983,899056,4238.4544
2025-08-12 12:00:00+00:00,118522.22,120324.43,118285,120134.08,9343.7107,1838785,5026.6052
2025-08-13 00:00:00+00:00,120134.09,120732.94,118920.92,120570.41,7898.2896,1134698,3901.6604
2025-08-13 12:00:00+00:00,120570.41,123667.79,120106.02,123306.43,15311.781,2578119,8029.6079
2025-08-14 00:00:00+00:00,123306.44,124474,120694,120949.67,10693.622,1597851,5086.596
2025-08-14 12:00:00+00:00,120949.66,121183.06,117180,118295.09,17287.325,2752598,8315.4825
2025-08-15 00:00:00+00:00,118295.09,119216.82,118032.32,119006.01,4746.2873,1019183,2187.3216
2025-08-15 12:00:00+00:00,119006.01,119130.77,116803.99,117342.05,8877.0514,1875833,3954.0955
2025-08-16 00:00:00+00:00,117342.04,117898.99,117143.98,117378.52,3551.8228,702501,1737.9272
2025-08-16 12:00:00+00:00,117378.52,117825,117219.34,117380.66,2841.8584,477341,1257.3014
2025-08-17 00:00:00+00:00,117380.66,118484,117172.21,118308.01,2887.8897,552347,1506.4991
2025-08-17 12:00:00+00:00,118308,118575,117321.53,117405.01,3010.7522,625216,1298.2321
2025-08-18 00:00:00+00:00,117405.01,117543.75,114640.14,114947.27,12028.837,2029942,5021.4731
2025-08-18 12:00:00+00:00,114947.27,116980,114825,116227.05,5717.1026,1316338,2626.2336
2025-08-19 00:00:00+00:00,116227.05,116725.69,114366,115508.71,6361.0635,1491051,2978.8994
2025-08-19 12:00:00+00:00,115508.71,115875.84,112732.58,112872.94,11704.411,1800131,5630.5143
2025-08-20 00:00:00+00:00,112872.95,114016.77,112566.01,113666.68,6836.627,1114525,2914.0515
2025-08-20 12:00:00+00:00,113666.69,114615.38,112380,114271.24,8799.7149,1883845,4295.5342
2025-08-21 00:00:00+00:00,114271.23,114821.76,113000,113148.66,4748.7421,993331,2313.5428
2025-08-21 12:00:00+00:00,113148.65,113995.11,112015.67,112500,6090.9503,1364049,3032.9373
2025-08-22 00:00:00+00:00,112500,113525,112177.27,112320,5198.8882,1016745,2807.1961
2025-08-22 12:00:00+00:00,112320.01,117429.05,111684.79,116935.99,17929.202,2421773,9036.4011
2025-08-23 00:00:00+00:00,116936,117030,115223.43,115310.13,6219.6617,926223,2742.7849
2025-08-23 12:00:00+00:00,115310.13,115486.97,114560,115438.05,5109.7002,633346,2340.5653
2025-08-24 00:00:00+00:00,115438.06,115666.68,114600,114730.22,5935.0909,765175,2590.1782
2025-08-24 12:00:00+00:00,114730.22,114917.1,110680,113493.59,15240.894,1808731,6734.8889
2025-08-25 00:00:00+00:00,113493.59,113667.28,110929.48,111214.97,10467.256,1957813,4977.3262
2025-08-25 12:00:00+00:00,111214.97,112937.26,109274.1,110111.98,14715.538,2737905,6410.2555
2025-08-26 00:00:00+00:00,110111.98,110547.31,108666.66,109876.52,7917.546,2066410,3878.7373
2025-08-26 12:00:00+00:00,109876.53,112371,109393.93,111763.22,10534.893,2011064,5984.6943
2025-08-27 00:00:00+00:00,111763.22,111825.16,110345.42,111322.07,5576.3436,1097703,2473.7083
2025-08-27 12:00:00+00:00,111322.07,112625,110921.79,111262.01,7816.2652,2013793,3788.1372
2025-08-28 00:00:00+00:00,111262.01,113360,110862.42,112909.18,5104.7398,935331,2376.1384
2025-08-28 12:00:00+00:00,112909.18,113485.9,111872.06,112566.9,5999.5376,1131449,2763.3267
2025-08-29 00:00:00+00:00,112566.9,112638.64,109414.18,110098.81,9232.2883,1353358,4498.5697
2025-08-29 12:00:00+00:00,110098.81,111517.07,107463.9,108377.4,13348.022,2253601,6117.7868
2025-08-30 00:00:00+00:00,108377.4,108777.43,107350.1,108680.01,7713.4165,883692,4304.6915
2025-08-30 12:00:00+00:00,108680.01,108926.15,108190.52,108816.33,2994.9751,527348,1492.4864
2025-08-31 00:00:00+00:00,108816.33,109480.02,108303.21,108389.76,4524.9854,664820,1960.6731
2025-08-31 12:00:00+00:00,108389.77,109237.51,108076.93,108246.35,4964.5306,701813,2612.9375
2025-09-01 00:00:00+00:00,108246.36,109912.4,107255,108782.88,9221.805,1671512,4356.7038
2025-09-01 12:00:00+00:00,108782.89,109520,107459.49,109237.42,6831.7972,1057872,3176.2872
2025-09-02 00:00:00+00:00,109237.43,110711.1,108883.8,109733.34,7580.7521,1089521,3801.6203
2025-09-02 12:00:00+00:00,109733.33,111771.52,108393.39,111240.01,10929.535,1506807,5287.0969
2025-09-03 00:00:00+00:00,111240.01,111782.21,110528.71,111437.77,5318.1537,947511,2419.0683
2025-09-03 12:00:00+00:00,111437.77,112575.27,111031.61,111705.71,6455.5671,1266738,3120.2263
2025-09-04 00:00:00+00:00,111705.72,112180,110279.68,110810,5029.4883,891511,2216.4507
2025-09-04 12:00:00+00:00,110810,111765.31,109329.12,110730.87,7173.647,1338744,3854.3308
2025-09-05 00:00:00+00:00,110730.87,112999,110435.75,112354,7103.58,1000933,3633.669
2025-09-05 12:00:00+00:00,112354,113384.62,110206.96,110659.99,14483.829,1969486,7154.1422
2025-09-06 00:00:00+00:00,110660,111307.7,110552.56,110781.02,2110.0684,328641,914.83544
2025-09-06 12:00:00+00:00,110781.03,110999.83,109977,110187.97,2890.2306,466560,1393.9975
2025-09-07 00:00:00+00:00,110187.98,111377.19,110180,111292.13,3035.7981,416443,1323.3641
2025-09-07 12:00:00+00:00,111292.12,111600,110861.2,111137.34,2645.5014,458518,1247.4878
2025-09-08 00:00:00+00:00,111137.35,112186.98,110621.78,112052.43,5755.2838,802151,2856.444
2025-09-08 12:00:00+00:00,112052.43,112924.37,111877.64,112065.23,5827.1183,942447,2675.2157
2025-09-09 00:00:00+00:00,112065.23,113293.29,111111,112433.59,6847.285,927655,3291.4618
2025-09-09 12:00:00+00:00,112433.59,112950,110766.66,111546.39,8531.9975,1215587,4305.9186
2025-09-10 00:00:00+00:00,111546.38,112859.8,110917.45,112299.99,6723.8987,847096,3105.5505
2025-09-10 12:00:00+00:00,112300,114313.13,112299.99,113960,10793.52,1335438,5169.0895
2025-09-11 00:00:00+00:00,113960,114459.65,113669.82,113999.99,5063.375,744209,2574.1382
2025-09-11 12:00:00+00:00,113999.99,115488.09,113430,115482.69,8613.3562,1422150,4170.1617
2025-09-12 00:00:00+00:00,115482.69,116331.81,114888.01,114913.45,7292.2089,1058961,3698.8006
2025-09-12 12:00:00+00:00,114913.45,116665.63,114740.99,116029.42,8031.8983,1422530,4296.7721
2025-09-13 00:00:00+00:00,116029.41,116298.78,115576.26,115974.11,4545.422,568187,1903.4845
2025-09-13 12:00:00+00:00,115974.11,116060,115127.27,115918.29,3723.9819,655448,1686.6091
2025-09-14 00:00:00+00:00,115918.29,116165.19,115449.59,115794.91,2634.8327,462041,1317.9341
2025-09-14 12:00:00+00:00,115794.92,116087.35,115135,115268.01,4072.7693,775177,2088.9736
2025-09-15 00:00:00+00:00,115268.01,116757.99,114625.87,115070,7434.2298,1368262,3674.0325
2025-09-15 12:00:00+00:00,115070.01,115605.07,114384,115349.71,5778.2817,1489727,2947.3311
2025-09-16 00:00:00+00:00,115349.71,116009.62,114930,115287.83,4110.0082,784015,1884.1538
2025-09-16 12:00:00+00:00,115287.84,116964.27,114737.11,116788.96,6816.9012,1263043,3408.0298
2025-09-17 00:00:00+00:00,116788.96,117286.73,116160.22,116258.13,5797.8743,897721,2677.0023
2025-09-17 12:00:00+00:00,116258.12,116990.68,114720.81,116447.59,10956.371,2329697,5297.9996
2025-09-18 00:00:00+00:00,116447.6,117896,116092.76,117063.4,6037.061,1147168,2855.3124
2025-09-18 12:00:00+00:00,117063.41,117900,116612.03,117073.53,5620.1727,1105486,2862.0329
2025-09-19 00:00:00+00:00,117073.53,117459.99,116300,116394.72,4108.3072,805331,1596.2959
2025-09-19 12:00:00+00:00,116394.72,116529.08,115100,115632.38,4883.7834,927140,2424.519
2025-09-20 00:00:00+00:00,115632.39,115985.2,115408.47,115894.06,2269.5701,370905,1173.9188
2025-09-20 12:00:00+00:00,115894.05,116121.81,115603.42,115685.63,2405.3574,369546,1102.246
2025-09-21 00:00:00+00:00,115685.63,115819.06,115329.03,115603.45,2512.852,442920,1122.1701
2025-09-21 12:00:00+00:00,115603.45,115747.23,115188,115232.29,1998.6702,503045,894.55475
2025-09-22 00:00:00+00:00,115232.29,115379.25,111800,112876.97,13421.624,1897557,6207.8161
2025-09-22 12:00:00+00:00,112876.97,113432.76,111936.4,112650.99,7360.0897,1148319,3104.5417
2025-09-23 00:00:00+00:00,112650.99,113281.5,111478,112975.99,6717.4885,1204406,3043.7764
2025-09-23 12:00:00+00:00,112975.99,113290.5,111458.73,111998.8,5583.8318,1251323,2499.5846
2025-09-24 00:00:00+00:00,111998.8,113162.17,111042.66,113029.46,7321.4517,1124229,3671.7201
2025-09-24 12:00:00+00:00,113029.45,113940,112808,113307,5047.808,1105608,2428.9748
2025-09-25 00:00:00+00:00,113307.01,113510.23,111283.63,111348,8267.586,1660455,3780.7454
2025-09-25 12:00:00+00:00,111347.99,111729.52,108631.51,108994.49,12963.564,2749498,5730.3339
2025-09-26 00:00:00+00:00,108994.49,109798.84,108620.07,109133.5,8054.5559,1542504,3771.6423
2025-09-26 12:00:00+00:00,109133.5,110300,108764.76,109643.46,6188.46,1714651,3206.6481
2025-09-27 00:00:00+00:00,109643.46,109743.91,109064.4,109310.21,3306.7906,483715,1512.9761
2025-09-27 12:00:00+00:00,109310.22,109699.98,109193,109635.85,2194.9958,435879,1010.2827
2025-09-28 00:00:00+00:00,109635.85,109787.75,109250,109369.02,2254.1336,499660,1127.5875
2025-09-28 12:00:00+00:00,109369.02,112350,109189.99,112163.95,5288.198,985206,2654.2886
2025-09-29 00:00:00+00:00,112163.96,112421.99,111560.65,112100,6255.0757,1066543,3130.3304
2025-09-29 12:00:00+00:00,112100,114400,111901.26,114311.96,9286.0443,1376110,4706.3573
2025-09-30 00:00:00+00:00,114311.97,114792,112656.27,113055.01,7690.4941,1240668,3604.8977
2025-09-30 12:00:00+00:00,113055,114754.87,112800,114048.93,7353.6623,1777663,3580.8239
2025-10-01 00:00:00+00:00,114048.94,116795.85,113966.67,116789.58,9256.9352,1549304,4748.605
2025-10-01 12:00:00+00:00,116789.57,118649.1,116363.38,118594.99,10779.46,1881039,5322.4359
2025-10-02 00:00:00+00:00,118594.99,119456.92,118279.31,118765.73,7419.7206,1348626,3606.0273
2025-10-02 12:00:00+00:00,118765.72,121022.07,118516.39,120529.35,12251.114,2123447,6147.0512
2025-10-03 00:00:00+00:00,120529.35,120550.9,119248.3,120334.5,8029.9757,1173884,3064.8877
2025-10-03 12:00:00+00:00,120334.51,123894.99,119881.24,122232,15906.352,3072936,8223.7359
2025-10-04 00:00:00+00:00,122232.21,122800,121684.97,121973.26,4515.4888,943352,2150.76
2025-10-04 12:00:00+00:00,121973.26,122509.52,121510,122391,3692.6779,760238,1617.0433
2025-10-05 00:00:00+00:00,122390.99,125708.42,122136,123464.64,16009.885,2489163,8592.7657
2025-10-05 12:00:00+00:00,123464.64,123548.83,122301.63,123482.31,6033.2126,1201507,3187.9067
2025-10-06 00:00:00+00:00,123482.32,124531.66,123084,124215,8004.1246,1718979,4086.1056
2025-10-06 12:00:00+00:00,124215,126199.63,124178,124658.54,11490.504,2487188,5876.9025
2025-10-07 00:00:00+00:00,124658.54,125082.27,123322.9,124453.38,6673.5698,1415373,3065.7336
2025-10-07 12:00:00+00:00,124453.37,125126,120574.94,121332.95,14960.424,2975412,6633.6174
2025-10-08 00:00:00+00:00,121332.96,123200,121066.14,122884.14,8486.3681,1958376,4512.456
2025-10-08 12:00:00+00:00,122884.14,124197.25,121649.68,123306,8526.2499,2226621,4526.6062
2025-10-09 00:00:00+00:00,123306.01,123348.32,121145.49,122737.57,6459.7674,1513841,3061.8427
2025-10-09 12:00:00+00:00,122737.56,123762.94,119651.47,121662.4,15099.593,2717326,7082.3109
2025-10-10 00:00:00+00:00,121662.41,121874.13,120855.41,121554.55,6215.0682,1559298,2843.6543
2025-10-10 12:00:00+00:00,121554.55,122550,102000,112774.5,57956.871,9845224,27658.489
2025-10-11 00:00:00+00:00,112774.49,113322.39,110090.29,112280,24605.429,4272528,10848.01
2025-10-11 12:00:00+00:00,112280.01,112500,109561.59,110644.4,10843.087,2389401,4527.9378
2025-10-12 00:00:00+00:00,110644.4,112133.33,109565.06,111848.36,10327.703,2319741,5596.4478
2025-10-12 12:00:00+00:00,111848.35,115770,111177.75,114958.8,21927.6,3728834,11318.998
2025-10-13 00:00:00+00:00,114958.81,115963.81,113616.5,114180,12121.484,2774769,5556.8826
2025-10-13 12:00:00+00:00,114180,115891.3,113800.01,115166,10435.756,2964583,5154.0146
2025-10-14 00:00:00+00:00,115166,115409.96,110012.24,111313.98,15024.979,3485133,6555.9251
2025-10-14 12:00:00+00:00,111313.98,113577,109866,113028.14,16845.351,3940509,8388.2669
2025-10-15 00:00:00+00:00,113028.13,113612.35,111693.26,111905.73,10667.836,2319535,4762.7326
2025-10-15 12:00:00+00:00,111905.72,112238.41,110164,110763.28,12318.652,2923606,5736.5857
2025-10-16 00:00:00+00:00,110763.28,111867.17,109635.15,111404.72,11094.685,2141389,4859.528
2025-10-16 12:00:00+00:00,111404.73,111982.45,107427,108194.28,18762.487,3985705,8267.4232
2025-10-17 00:00:00+00:00,108194.27,109240,103528.23,105683.72,24346.302,4015255,11251.596
2025-10-17 12:00:00+00:00,105683.71,107575.6,104533.21,106431.68,13574.367,3555430,6745.4032
2025-10-18 00:00:00+00:00,106431.68,107499,106322.2,107208.6,7981.3667,1231140,3370.9812
2025-10-18 12:00:00+00:00,107208.61,107339.03,106484,107185.01,3141.821,874310,1474.8752
2025-10-19 00:00:00+00:00,107185,108260.5,106103.36,107783.47,7364.8667,1526055,3366.2754
2025-10-19 12:00:00+00:00,107783.47,109450.07,107355.02,108642.78,8115.7976,1679585,3734.0347
2025-10-20 00:00:00+00:00,108642.77,111679.25,107402.52,111016.75,11104.399,2243611,5386.1291
2025-10-20 12:00:00+00:00,111016.75,111705.56,109855.83,110532.09,8089.0428,2039931,3894.3717
2025-10-21 00:00:00+00:00,110532.09,110532.09,107473.72,108580.01,10325.867,2107895,4955.4578
2025-10-21 12:00:00+00:00,108580,114000,107922.06,108297.67,26902.15,3896168,12078.614
2025-10-22 00:00:00+00:00,108297.66,108678.21,106708.18,107555.05,12747.384,2182178,6012.369
2025-10-22 12:00:00+00:00,107555.04,109163.88,106666.69,107567.44,15863.4,3365725,7754.2196
2025-10-23 00:00:00+00:00,107567.45,110298.29,107500,109253.89,7892.3,1537639,4018.877
2025-10-23 12:00:00+00:00,109253.88,111293.61,108685.72,110078.18,9680.7929,2183975,4556.4601
2025-10-24 00:00:00+00:00,110078.19,111522.3,109983.93,111066.29,6225.7255,1407077,2972.5834
2025-10-24 12:00:00+00:00,111066.29,112104.98,109700.01,111004.89,8779.4437,1833945,4538.66
2025-10-25 00:00:00+00:00,111004.9,111850.13,110672.86,111563.81,3624.626,688271,1745.8238
2025-10-25 12:00:00+00:00,111563.81,111943.19,111164.39,111646.27,2783.3427,549928,1341.2628
2025-10-26 00:00:00+00:00,111646.27,113466.23,111260.45,113286.09,4679.8639,909199,2481.2865
2025-10-26 12:00:00+00:00,113286.09,115466.8,112901,114559.4,8774.6134,1554752,4500.8951
2025-10-27 00:00:00+00:00,114559.41,116400,114362.26,115362.02,12462.521,1777758,6151.3306
2025-10-27 12:00:00+00:00,115362.02,115790,113830.01,114107.65,8987.711,1882730,4818.3712
2025-10-28 00:00:00+00:00,114107.65,114673.68,113483.3,114357.73,5611.7552,1295051,2933.6405
2025-10-28 12:00:00+00:00,114357.72,116086,112211,112898.45,9911.6674,2534794,4831.6753
2025-10-29 00:00:00+00:00,112898.44,113624.12,112100,113132.36,6083.8479,1511720,3206.5965
2025-10-29 12:00:00+00:00,113132.35,113643.73,109200,110021.29,14995.866,2969760,7200.4758
2025-10-30 00:00:00+00:00,110021.3,111592,107925.06,109717.29,11894.494,2805120,5806.1165
2025-10-30 12:00:00+00:00,109717.19,109777.93,106304.34,108322.88,14094.334,3568331,6745.0149
2025-10-31 00:00:00+00:00,108322.87,110550,108275.28,110415.61,10212.573,2392875,5309.1481
2025-10-31 12:00:00+00:00,110415.62,111190,108635,109608.01,11305.631,2863997,5489.3913
2025-11-01 00:00:00+00:00,109608.01,110564.49,109394.81,110137.59,3731.43,1061106,1765.7315
2025-11-01 12:00:00+00:00,110137.59,110529.99,109702.66,110098.1,3647.0743,933108,1640.9525
2025-11-02 00:00:00+00:00,110098.1,111229.78,109879.39,111196.99,7713.7746,1187677,3894.6441
2025-11-02 12:00:00+00:00,111196.99,111250.01,109471.34,110540.68,4393.2262,1464511,2027.2205
2025-11-03 00:00:00+00:00,110540.69,110750,106726.63,107787.42,11300.616,2946994,4619.1236
2025-11-03 12:00:00+00:00,107787.42,108333,105306.56,106583.04,17380.572,4127552,8227.9621
2025-11-04 00:00:00+00:00,106583.05,107299,103605,104584.76,17439.946,3608590,8067.2652
2025-11-04 12:00:00+00:00,104584.75,104842.63,98944.36,101497.22,33094.928,5491019,15321.725
2025-11-05 00:00:00+00:00,101497.23,102370,98966.8,102070.61,19252.187,3476904,10447.695
2025-11-05 12:00:00+00:00,102070.62,104534.74,101916.77,103885.16,14526.589,3023464,7679.1536
2025-11-06 00:00:00+00:00,103885.16,104200,102651.63,103227.58,9409.913,2073382,4408.459
2025-11-06 12:00:00+00:00,103227.59,103626.46,100300.95,101346.04,16404.708,3681619,7564.089
2025-11-07 00:00:00+00:00,101346.04,102527,99803.58,100411.89,13628.636,2371888,6582.4864
2025-11-07 12:00:00+00:00,100411.89,104096.36,99260.86,103339.08,18430.874,3963871,9474.3194
2025-11-08 00:00:00+00:00,103339.09,103406.22,101715.76,101857.1,6281.9796,1418207,2986.727
2025-11-08 12:00:00+00:00,101857.1,102482.2,101454,102312.94,6108.8003,1325612,2875.9327
2025-11-09 00:00:00+00:00,102312.95,102337.89,101400,102239.41,5083.5692,1334084,2363.6357
2025-11-09 12:00:00+00:00,102239.41,105495.62,102050.64,104722.96,11255.402,2070120,5861.3137
2025-11-10 00:00:00+00:00,104722.95,106670.11,104265.02,106176.5,11541.924,2174363,5855.2411
2025-11-10 12:00:00+00:00,106176.5,106589.89,104667,106011.13,11140.332,2536594,5740.5784
2025-11-11 00:00:00+00:00,106011.13,107500,104741.2,105311.9,10055.891,2536504,4922.5248
2025-11-11 12:00:00+00:00,105311.9,105500,102476.09,103058.99,14140.616,2995645,5794.5091
2025-11-12 00:00:00+00:00,103059,105200,102687.72,105020.83,8381.387,2028804,4323.6017
2025-11-12 12:00:00+00:00,105020.82,105333.33,100813.59,101654.37,12076.252,3285328,5832.1193
2025-11-13 00:00:00+00:00,101654.37,104085.01,100922.55,102936.5,11050.934,2763225,5401.5387
2025-11-13 12:00:00+00:00,102936.49,103483.83,98000.4,99692.02,25147.573,5362179,11848.686
2025-11-14 00:00:00+00:00,99692.03,99866.02,95711,96167.44,22212.149,4600042,9661.3305
2025-11-14 12:00:00+00:00,96167.45,97411.11,94012.45,94594,25075.996,4950983,11523.585
2025-11-15 00:00:00+00:00,94594,96846.68,94558.49,95696.87,9256.9608,2511240,4245.5389
2025-11-15 12:00:00+00:00,95696.86,96471.22,95119.94,95596.24,5853.9331,1752318,2870.2431
2025-11-16 00:00:00+00:00,95596.23,96635.11,94841.62,95627.13,5761.3899,1712441,2659.2217
2025-11-16 12:00:00+00:00,95627.13,95900,93005.55,94261.44,18128.015,3428953,8169.4058
2025-11-17 00:00:00+00:00,94261.45,96026.71,93767.27,95565.38,11380.043,2603874,5324.8704
2025-11-17 12:00:00+00:00,95565.38,96043,91220,92215.14,27838.555,5530448,13365.322
2025-11-18 00:00:00+00:00,92215.14,92357.51,89253.78,91517.82,25452.767,5085119,12480.235
2025-11-18 12:00:00+00:00,91517.83,93836.01,90905.7,92960.83,14382.381,3701474,7650.7241
2025-11-19 00:00:00+00:00,92960.83,92980.22,90025.06,91410.22,11241.256,2484634,5137.7431
2025-11-19 12:00:00+00:00,91410.23,92384.61,88608,91554.96,21045.382,4337540,9922.3414
2025-11-20 00:00:00+00:00,91554.96,93160,91185.26,91934,10921.787,2154914,5347.1565
2025-11-20 12:00:00+00:00,91934.01,92541.92,86100,86637.23,28811.404,5686481,12936.684
2025-11-21 00:00:00+00:00,86637.22,87498.94,81648,82309.66,36818.937,5479357,16496.314
2025-11-21 12:00:00+00:00,82309.67,85572.82,80600,85129.43,35437.19,6347123,17575.544
2025-11-22 00:00:00+00:00,85129.42,85620,83500,84098.94,8483.9923,2713484,3680.1404
2025-11-22 12:00:00+00:00,84098.94,85260,83620.16,84739.74,5709.9403,1984109,3008.6539
2025-11-23 00:00:00+00:00,84739.75,86860,84667.57,86331.28,9004.5685,2343159,4728.3593
2025-11-23 12:00:00+00:00,86331.28,88127.64,86271.1,86830,10729.896,2720334,5678.1577
2025-11-24 00:00:00+00:00,86830,88059.44,85696.56,86264.72,11079.01,2953786,5288.6471
2025-11-24 12:00:00+00:00,86264.71,89228,85272,88300.01,13584.118,3235370,7150.228
2025-11-25 00:00:00+00:00,88300.01,88519.99,86666,87361.71,8941.1149,1889150,4049.3461
2025-11-25 12:00:00+00:00,87361.71,88155.65,86116,87369.96,10625.926,2949597,5373.8337
2025-11-26 00:00:00+00:00,87369.97,88224,86670.36,87095.79,6263.4562,1507364,2887.7629
2025-11-26 12:00:00+00:00,87095.78,90656.08,86306.77,90484.02,15412.366,3160916,7995.8478
2025-11-27 00:00:00+00:00,90484.01,91950,90089.91,91371.88,10541.592,2074029,5983.3929
2025-11-27 12:00:00+00:00,91371.87,91843.59,90438.43,91333.95,6291.9171,1846143,2914.9654
2025-11-28 00:00:00+00:00,91333.94,92030,90652.55,91437.64,6979.2977,1551482,3699.7346
2025-11-28 12:00:00+00:00,91437.64,93092,90180.63,90890.7,11851.562,2678272,5261.9125
2025-11-29 00:00:00+00:00,90890.71,91119.99,90311.92,90673.19,3127.8158,816917,1464.1487
2025-11-29 12:00:00+00:00,90673.2,91165.65,90155.47,90802.44,4302.0672,860943,1894.9007
2025-11-30 00:00:00+00:00,90802.44,91632,90471,91048.78,4180.7805,1001585,2438.2179
2025-11-30 12:00:00+00:00,91048.79,92000.01,90336.9,90360,5506.9613,1152445,2564.7491
2025-12-01 00:00:00+00:00,90360.01,90417,85604,86149.15,18192.595,3307993,7693.2148
2025-12-01 12:00:00+00:00,86146.59,86860,83822.76,86286.01,16316.418,4401692,7831.1187
2025-12-02 00:00:00+00:00,86286.01,87628.78,86184.39,87368.92,8340.0871,2245980,4080.5066
2025-12-02 12:00:00+00:00,87368.92,92307.65,87032.75,91277.88,19870.14,4151319,9431.8328
2025-12-03 00:00:00+00:00,91277.88,93958.58,90990.23,93005.68,11741.638,2978598,6128.5122
2025-12-03 12:00:00+00:00,93005.68,94150,91697,93429.95,13970.888,3754584,6864.6809
2025-12-04 00:00:00+00:00,93429.95,94080,92669.82,92948.31,8832.2318,2414056,3488.5386
2025-12-04 12:00:00+00:00,92948.32,93257,90889,92078.06,10971.709,3441993,4824.1568
2025-12-05 00:00:00+00:00,92078.06,92692.36,90956.25,91351.43,5570.1816,1684707,2304.4687
2025-12-05 12:00:00+00:00,91351.44,91478.67,88056,89330.04,14222.791,3835645,6417.6713
2025-12-06 00:00:00+00:00,89330.04,89806.43,89030.67,89631.28,3805.2615,1182016,1906.7729
2025-12-06 12:00:00+00:00,89631.29,90289.97,88908.01,89236.79,4604.2386,1300205,2134.9554
2025-12-07 00:00:00+00:00,89236.8,89799.96,89050.01,89149.18,2238.1494,833748,1103.9407
2025-12-07 12:00:00+00:00,89149.18,91760,87719.28,90395.31,10782.962,3119323,5266.6262
2025-12-08 00:00:00+00:00,90395.32,92287.15,89860,91968.29,5999.147,2069487,2889.272
2025-12-08 12:00:00+00:00,91968.29,92122.08,89612,90634.34,9794.4919,3389244,4407.4712
2025-12-09 00:00:00+00:00,90634.35,90846.26,89500,90384.55,5785.515,1809649,2702.7854
2025-12-09 12:00:00+00:00,90384.54,94588.99,90004.73,92678.8,15454.915,4130574,7814.9742
2025-12-10 00:00:00+00:00,92678.81,93291.5,91763.69,92120.45,5983.9091,1753772,2691.7266
2025-12-10 12:00:00+00:00,92120.45,94476,91563.15,92015.37,13014.772,4271935,6505.6046
2025-12-11 00:00:00+00:00,92015.38,92080.32,89389.63,90242.35,7830.4368,2308120,3593.9763
2025-12-11 12:00:00+00:00,90242.36,93555,89260.63,92513.38,12142.151,3942318,5556.9217
2025-12-12 00:00:00+00:00,92513.38,92754,91448.31,92418.19,5282.9207,1601604,2458.3396
2025-12-12 12:00:00+00:00,92418.19,92660.74,89480,90268.42,11396.271,3355115,5528.3431
2025-12-13 00:00:00+00:00,90268.43,90634.55,90120,90330.36,2626.1717,560443,1072.1195
2025-12-13 12:00:00+00:00,90330.36,90470.3,89766.39,90240.01,3269.5361,803311,1165.8652
2025-12-14 00:00:00+00:00,90240,90472.4,88687.27,89360,3436.9051,946371,1302.7991
2025-12-14 12:00:00+00:00,89360.01,89666,87577.36,88172.17,5980.0349,2169378,2702.9093
2025-12-15 00:00:00+00:00,88172.16,90052.64,88074.37,89641.28,5540.9884,1878243,2741.9305
2025-12-15 12:00:00+00:00,89641.28,89876.42,85146.64,86432.08,14237.703,4868924,6850.4802
2025-12-16 00:00:00+00:00,86432.08,87330,85266,87261.45,7123.1711,2114455,3405.1617
2025-12-16 12:00:00+00:00,87261.46,88175.98,86107.43,87863.42,11332.879,3985237,5660.8157
2025-12-17 00:00:00+00:00,87863.43,87950,86209.11,86983.26,4955.695,1702328,2284.6309
2025-12-17 12:00:00+00:00,86983.26,90365.85,85314,86243.22,14878.422,4356310,6992.6474
2025-12-18 00:00:00+00:00,86243.23,87453.63,85863.93,87300.74,5162.0201,1538037,2493.9197
2025-12-18 12:00:00+00:00,87300.5,89477.61,84450.01,85516.41,20243.398,5408910,10174.619
2025-12-19 00:00:00+00:00,85516.41,88449.06,85110.24,88198.7,8823.0862,2818196,4725.4169
2025-12-19 12:00:00+00:00,88198.7,89399.97,86846.16,88136.94,12433.564,3664057,6154.7276
2025-12-20 00:00:00+00:00,88136.95,88573.07,87961.6,88277.66,2604.0421,610057,1284.5935
2025-12-20 12:00:00+00:00,88277.66,88443.44,87795.76,88360.9,2519.0898,564369,1171.7772
2025-12-21 00:00:00+00:00,88360.91,89081.77,87869.35,88601.57,2886.8061,758333,1511.4984
2025-12-21 12:00:00+00:00,88601.57,88920.01,87600.04,88658.86,4246.0665,1272333,1938.8955
2025-12-22 00:00:00+00:00,88658.87,90118,87900,89945.43,6533.5853,1971807,3216.498
2025-12-22 12:00:00+00:00,89945.43,90588.23,87911.79,88620.79,8139.6344,2875940,4053.1163
2025-12-23 00:00:00+00:00,88620.79,88940,87051.52,87856.65,4934.514,1578122,2389.6235
2025-12-23 12:00:00+00:00,87856.66,88372.35,86601.9,87486,8975.8151,2886958,3992.144
2025-12-24 00:00:00+00:00,87486,87839.66,86724.05,87203.94,4136.8963,1209640,2178.9422
2025-12-24 12:00:00+00:00,87203.94,88049.89,86420,87669.45,5003.9469,1667599,2364.3311
2025-12-25 00:00:00+00:00,87669.44,87967.5,87251.6,87519.44,2425.2986,705646,1225.6778
2025-12-25 12:00:00+00:00,87519.45,88592.74,86934.72,87225.27,4671.2837,1286526,2165.2793
2025-12-26 00:00:00+00:00,87225.27,89567.75,86891.7,88533.42,9369.4273,2171508,4987.2798
2025-12-26 12:00:00+00:00,88533.43,89050,86655.08,87369.56,8975.1877,2337974,3859.5263
2025-12-27 00:00:00+00:00,87369.56,87702,87253.05,87475.98,2268.4583,474011,1054.5471
2025-12-27 12:00:00+00:00,87475.99,87984,87308.05,87877.01,2201.0932,483525,1011.177
2025-12-28 00:00:00+00:00,87877,88010,87614.79,87883.25,1874.3605,519000,931.51893
2025-12-28 12:00:00+00:00,87883.25,88088.75,87435,87952.71,2571.9323,722426,1299.2332
2025-12-29 00:00:00+00:00,87952.71,90406.08,87567.65,87567.66,12870.814,2544070,6483.8876
2025-12-29 12:00:00+00:00,87567.65,88190.71,86806.5,87237.13,7024.1718,2249519,3595.2134
2025-12-30 00:00:00+00:00,87237.13,88224.76,86845.66,87903.89,5066.4118,1254532,2474.3799
2025-12-30 12:00:00+00:00,87903.89,89400,87834.01,88485.49,8039.4982,2287644,4087.181
2025-12-31 00:00:00+00:00,88485.5,89046.6,88172.15,89011.52,3779.06,908598,1729.4601
2025-12-31 12:00:00+00:00,89011.51,89200,87250,87648.22,7779.5604,1988798,3702.574
2026-01-01 00:00:00+00:00,87648.21,88088.1,87550.43,88024.64,2762.0939,587796,1347.4255
2026-01-01 12:00:00+00:00,88024.64,88919.45,87810.66,88839.04,3517.4774,861485,1776.2198
2026-01-02 00:00:00+00:00,88839.05,89942.44,88379.88,89502.95,6139.9448,1366183,2998.6784
2026-01-02 12:00:00+00:00,89502.94,90961.81,88459.96,89995.13,11257.028,3644028,5930.6761
2026-01-03 00:00:00+00:00,89995.14,90480.62,89314.01,89752.74,4104.7201,977323,2159.5794
2026-01-03 12:00:00+00:00,89752.75,90741.16,89664.93,90628.01,2952.7471,706891,1632.1415
2026-01-04 00:00:00+00:00,90628.01,91810,90628,91300,7149.3574,1379109,3634.6375
2026-01-04 12:00:00+00:00,91300.01,91590,90863.47,91529.73,3277.1723,827928,1686.3564
2026-01-05 00:00:00+00:00,91529.74,93388,91514.81,93134.26,9885.6179,1775958,5200.5129
2026-01-05 12:00:00+00:00,93134.25,94789.08,92407.13,93859.71,10787.978,3709531,5692.4566
2026-01-06 00:00:00+00:00,93859.71,94161.86,93137.98,93840,4925.5876,1485809,2264.3753
2026-01-06 12:00:00+00:00,93839.99,94444.44,91262.94,93747.97,13620.831,3532877,5844.4462
2026-01-07 00:00:00+00:00,93747.97,93747.97,91600,92087.21,6318.5862,1681123,2816.0686
2026-01-07 12:00:00+00:00,92087.21,92299.4,90675.52,91364.16,7957.904,2659129,3898.8009
2026-01-08 00:00:00+00:00,91364.16,91687.99,89641.84,90226.77,7333.8991,2078695,3369.0637
2026-01-08 12:00:00+00:00,90226.77,91493,89311,91099.99,8798.8921,2844777,4823.0121
2026-01-09 00:00:00+00:00,91100,91632.1,89694.66,90463.11,5654.1483,1383287,2773.8739
2026-01-09 12:00:00+00:00,90463.12,92082.55,89850,90641.28,9936.1311,2772416,5738.5588
2026-01-10 00:00:00+00:00,90641.27,90832,90408.23,90723.86,1668.0125,418563,879.95541
2026-01-10 12:00:00+00:00,90723.87,90788.78,90404,90504.7,1436.1047,347794,672.01842
2026-01-11 00:00:00+00:00,90504.7,90850,90451.1,90754.99,1705.1,370137,882.57366
2026-01-11 12:00:00+00:00,90754.99,91283.89,90236,91013.65,3772.036,911892,1985.788
2026-01-12 00:00:00+00:00,91013.66,92519.95,90370,90620.96,8253.8447,1908159,4224.6109
2026-01-12 12:00:00+00:00,90620.95,92332,90128.44,91296.2,7934.238,2191350,3867.9319
2026-01-13 00:00:00+00:00,91296.2,92672.11,91042.66,92000.74,6426.3313,1244394,3343.7791
2026-01-13 12:00:00+00:00,92000.73,96495,91787.61,95414,16595.184,3780677,9061.4514
2026-01-14 00:00:00+00:00,95413.99,95799.22,94559.28,94792.99,7011.569,1694074,3295.8504
2026-01-14 12:00:00+00:00,94793,97924.49,94680.67,96951.78,15840.325,3652138,8679.1379
2026-01-15 00:00:00+00:00,96951.78,97193.34,95777,96581.08,7671.3184,1560280,3755.5188
2026-01-15 12:00:00+00:00,96581.07,97165.03,95134.48,95604.8,14054.495,2932815,7085.8088
2026-01-16 00:00:00+00:00,95604.81,95871.47,95133.03,95429.09,5116.4551,1009516,2187.8383
2026-01-16 12:00:00+00:00,95429.09,95809.08,94293.46,95550.94,6051.2595,1962043,2867.2312
2026-01-17 00:00:00+00:00,95550.94,95578.2,95021.67,95323.86,1694.3524,459123,839.78958
2026-01-17 12:00:00+00:00,95323.85,95639.45,95050,95147.77,2586.449,561404,1220.0632
2026-01-18 00:00:00+00:00,95147.77,95295.39,94876.33,95168.06,2386.3332,513805,1112.3741
2026-01-18 12:00:00+00:00,95168.06,95531.12,93615.4,93673.14,4508.845,974980,1994.9819
2026-01-19 00:00:00+00:00,93673.14,93673.14,91910.2,93191.96,9762.7658,1952170,4962.2674
2026-01-19 12:00:00+00:00,93191.96,93420,92158.48,92631,4532.7616,1406896,1944.5751
2026-01-20 00:00:00+00:00,92630.99,92870,90693,91218.99,8162.4042,2268693,3708.4109
2026-01-20 12:00:00+00:00,91218.99,91371.11,87895.98,88427.66,13844.922,3795338,5920.7854
2026-01-21 00:00:00+00:00,88427.66,90120.44,88250,88789.99,7041.1081,1643253,3770.4572
2026-01-21 12:00:00+00:00,88789.99,90574,87263.53,89454.73,13576.396,4775800,6494.7558
2026-01-22 00:00:00+00:00,89454.73,90359.99,89454.72,89941.26,3901.3883,1203274,2093.6785
2026-01-22 12:00:00+00:00,89941.26,90340,88515.37,89559.67,6924.1166,2540138,3435.8691
2026-01-23 00:00:00+00:00,89559.68,90088.94,88860.44,89202.48,4866.5463,1511633,2331.4464
2026-01-23 12:00:00+00:00,89202.47,91224.99,88578.36,89600.26,9051.9428,3108274,4579.7303
2026-01-24 00:00:00+00:00,89600.26,89957.39,89424.39,89595.4,2229.5195,479827,953.58219
2026-01-24 12:00:00+00:00,89595.41,89595.41,89162.08,89225.34,1997.0479,480027,882.3872
2026-01-25 00:00:00+00:00,89225.34,89319.13,88136,88570.17,3591.6277,819390,1486.6594
2026-01-25 12:00:00+00:00,88570.17,88971.89,86074.72,86670.36,10834.592,2900788,4782.6172
2026-01-26 00:00:00+00:00,86670.36,88424.45,86509.63,87855,9384.6002,2127860,5337.6883
2026-01-26 12:00:00+00:00,87855.01,88860,87035.51,88347.08,8381.9143,2670223,4091.2538
2026-01-27 00:00:00+00:00,88347.08,89010,87743.52,87992.74,4560.196,1058219,2240.5944
2026-01-27 12:00:00+00:00,87992.74,89523.16,87304.33,89250,8565.2083,2729117,4482.275
2026-01-28 00:00:00+00:00,89249.99,90156.72,88833.65,90080,5231.3834,1318580,2451.7552
2026-01-28 12:00:00+00:00,90079.99,90600,88878.01,89299.99,9100.8017,3067211,4563.6881
2026-01-29 00:00:00+00:00,89300,89348,87704,87846.5,6699.062,1536697,3068.0516
2026-01-29 12:00:00+00:00,87846.5,88182.29,83383.33,84650.16,23732.32,4062052,9317.5374
2026-01-30 00:00:00+00:00,84650.16,84735.75,81118,83151.36,20289.617,3636184,9262.7102
2026-01-30 12:00:00+00:00,83151.36,84621.16,81871.37,84260.49,14906.23,5362645,7486.8877
2026-01-31 00:00:00+00:00,84260.5,84270.02,82560.75,83020,5486.0742,1440890,2579.8828
2026-01-31 12:00:00+00:00,83020,83140,75719.9,78741.09,34005.817,5944086,15379.731
2026-02-01 00:00:00+00:00,78741.1,79424,77967.69,78743.56,9271.8444,3085440,4532.3427
2026-02-01 12:00:00+00:00,78743.57,78768.68,75700,76968.21,16123.637,4916466,7499.4012
2026-02-02 00:00:00+00:00,76968.22,78231.26,74604,77759.99,26669.672,6205897,13369.749
2026-02-02 12:00:00+00:00,77760,79360,77564.62,78738.61,15603.918,3879681,8110.7024
2026-02-03 00:00:00+00:00,78738.6,79186.81,77644.09,78079.5,9694.351,2998215,4722.0458
2026-02-03 12:00:00+00:00,78079.5,78458.89,72945.5,75770.21,29425.758,6201230,12582.837
2026-02-04 00:00:00+00:00,75770.21,76971.52,75467.22,76017.25,9323.3945,2728794,4088.0444
2026-02-04 12:00:00+00:00,76017.25,76260.85,71888,73165.83,29051.965,7995208,13186.311
2026-02-05 00:00:00+00:00,73165.84,73341.18,69922,70318.35,30968.183,6219144,14341.191
2026-02-05 12:00:00+00:00,70318.35,70872.04,62345,62909.86,75330.646,9144866,34701.459
2026-02-06 00:00:00+00:00,62909.87,66826.5,60000,66631.32,51837.612,7151597,26791.624
2026-02-06 12:00:00+00:00,66631.32,71751.33,66114.49,70580.26,40701.603,6076931,22685.888
2026-02-07 00:00:00+00:00,70580.26,71690.07,67300,67972.65,26648.111,4151770,10602.804
2026-02-07 12:00:00+00:00,67972.65,69999.99,67901.89,69289.38,17607.369,3015657,8163.4186
2026-02-08 00:00:00+00:00,69289.37,71220,68888,70999.98,10213.896,2256141,5813.0627
2026-02-08 12:00:00+00:00,70999.99,72271.41,70000,70330.38,11206.636,2614308,5622.6896
2026-02-09 00:00:00+00:00,70330.38,71453.53,68420.58,68928.72,13060.817,3296728,6166.2103
2026-02-09 12:00:00+00:00,68928.71,71126,68308,70138,16091.911,3348041,7688.4246
2026-02-10 00:00:00+00:00,70138,70527.59,68459.89,68535.01,9192.5792,1860020,3882.7636
2026-02-10 12:00:00+00:00,68535.02,69993.65,67800,68841.29,11181.192,2698638,5354.4469
2026-02-11 00:00:00+00:00,68841.28,69292.88,66369.49,67053.03,11007.348,2536080,5079.6765
2026-02-11 12:00:00+00:00,67053.03,68834.34,65756,67082.52,17710.898,4420497,9255.8335
2026-02-12 00:00:00+00:00,67082.52,68299,66670.45,68076.01,8479.6286,2453445,4446.932
2026-02-12 12:00:00+00:00,68076.01,68410.52,65118,66272.17,15792.114,4324835,7654.7932
2026-02-13 00:00:00+00:00,66272.17,67226.66,65872.46,67171.42,7213.3969,2323413,3566.8975
2026-02-13 12:00:00+00:00,67171.41,69482.97,66867.47,68853.96,13031.153,4127429,6858.3513
2026-02-14 00:00:00+00:00,68853.97,70560.01,68730.13,70505.74,7011.2809,1531391,4001.2633
2026-02-14 12:00:00+00:00,70505.74,70533.67,69064.6,69822.95,11103.503,2271772,3856.6709
2026-02-15 00:00:00+00:00,69822.94,70983,69251.5,70295.22,8585.3397,2014550,4097.8865
2026-02-15 12:00:00+00:00,70295.22,70418.48,68000,68832.58,13704.712,2584083,4763.7061
2026-02-16 00:00:00+00:00,68832.59,69065.5,68143.22,68812.83,4788.0542,1502623,2350.4106
2026-02-16 12:00:00+00:00,68812.84,70126.67,67294.11,68892.43,10727.711,3731226,5803.0208
2026-02-17 00:00:00+00:00,68892.43,69241.5,67690,67854.6,5180.2287,1981677,2377.4126
2026-02-17 12:00:00+00:00,67854.6,68360.5,66621.06,67503.52,11308.84,4013176,5161.0384
2026-02-18 00:00:00+00:00,67503.52,68476.22,66892.03,67369.75,4582.8618,1509544,2380.9493
2026-02-18 12:00:00+00:00,67369.75,68347.72,65870,66461,10909.577,3039453,5514.1078
2026-02-19 00:00:00+00:00,66461,67320,66345,66496.02,4809.7286,1418067,2287.1741
2026-02-19 12:00:00+00:00,66496.03,67198.1,65631.83,67003.73,9732.5413,3261284,4819.5333
2026-02-20 00:00:00+00:00,67003.73,68318.39,66949.41,67318.41,7299.0341,1490377,3499.5411
2026-02-20 12:00:00+00:00,67318.41,68233.99,66280.2,68020.01,28052.837,3554535,11501.919
2026-02-21 00:00:00+00:00,68020,68314.54,67534.69,68092.45,3682.8253,678017,1914.3059
2026-02-21 12:00:00+00:00,68092.45,68698.7,67900,67975.93,4350.016,915522,2089.1561
2026-02-22 00:00:00+00:00,67975.93,68245,67809.78,68219.97,2771.4154,735294,1270.0315
2026-02-22 12:00:00+00:00,68219.97,68232.4,67190,67643.4,5403.7194,1425606,2704.2614
2026-02-23 00:00:00+00:00,67643.39,67684.86,64290.71,66207.23,18336.493,3830544,9344.3302
2026-02-23 12:00:00+00:00,66207.23,66511.51,63888.79,64656.02,14739.416,4438151,7044.3084
2026-02-24 00:00:00+00:00,64656.01,65026.75,62700.8,63227.1,11927.247,3838681,5572.8685
2026-02-24 12:00:00+00:00,63227.11,64743.11,62510.28,64058.15,11175.589,3714948,5577.7417
2026-02-25 00:00:00+00:00,64058.15,66310,63913.27,65430.04,9817.5403,2874050,5077.4908
2026-02-25 12:00:00+00:00,65430.04,69988.83,65324.62,67988.04,20932.452,4222665,11305.429
2026-02-26 00:00:00+00:00,67988.04,68860,67727.52,68051.31,8797.2438,2301935,4376.4553
2026-02-26 12:00:00+00:00,68051.3,68303.83,66500,67485.18,11940.534,3124202,5796.0451
2026-02-27 00:00:00+00:00,67485.19,68216.8,65960.01,66126.99,10089.803,1881533,4535.3576
2026-02-27 12:00:00+00:00,66126.99,66344.9,64914.46,65872.1,11138.782,1974531,5571.8515
2026-02-28 00:00:00+00:00,65872.09,66025.52,63030,63844.2,11694.981,2278943,5623.9671
2026-02-28 12:00:00+00:00,63844.2,67760,63827.2,66973.26,10853.735,2989571,5907.1409
2026-03-01 00:00:00+00:00,66973.26,68199.99,66042.72,66468.03,11108.678,2393031,5172.7153
2026-03-01 12:00:00+00:00,66468.04,67360.57,65056,65776.47,12093.181,2918982,6037.0567
2026-03-02 00:00:00+00:00,65776.48,67079,65542.6,66359.68,10912.819,3272838,4768.3655
2026-03-02 12:00:00+00:00,66359.67,70096,65259.21,68830.06,21097.565,5124688,10567.548
2026-03-03 00:00:00+00:00,68830.06,69258.08,66340.14,67026.61,11781.969,3236396,5572.7322
2026-03-03 12:00:00+00:00,67026.6,68999,66158,68338,13190.273,4411723,6758.8898
2026-03-04 00:00:00+00:00,68338.01,71893,67400,71111.4,21049.802,4056121,11107.106
2026-03-04 12:00:00+00:00,71111.4,74050,70588,72666.77,23869.274,4562181,12534.247
2026-03-05 00:00:00+00:00,72666.77,73558.15,71757.17,72915.79,13731.37,3004853,6070.6236
2026-03-05 12:00:00+00:00,72915.8,73063.38,70645.47,70890.72,12859.143,3704307,6228.8911
2026-03-06 00:00:00+00:00,70891.02,71419.98,70143.19,70212.95,8561.3992,2356817,4057.2132
2026-03-06 12:00:00+00:00,70212.94,70341.76,67744.78,68114.02,14068.488,2946082,6406.8803
2026-03-07 00:00:00+00:00,68114.02,68551.04,67446.41,68010.01,5600.4717,1034711,2623.4203
2026-03-07 12:00:00+00:00,68010,68085.41,66915.26,67262.91,7119.0714,1032765,3287.3482
2026-03-08 00:00:00+00:00,67262.91,68200,66547.15,67515,9052.9418,1282609,4900.8648
2026-03-08 12:00:00+00:00,67515,67650.94,65618.49,65971.2,12540.697,1745783,6367.7845
2026-03-09 00:00:00+00:00,65971.2,68460.09,65821.97,67764.98,13155.936,2498353,6608.8493
2026-03-09 12:00:00+00:00,67764.99,69516.65,67759.57,68432.16,15740.785,2595314,7492.6045
2026-03-10 00:00:00+00:00,68432.16,71300,68391.41,70580.94,16492.372,2082460,8619.4571
2026-03-10 12:00:00+00:00,70580.95,71777,69266.06,69948.63,16110.205,3093604,7834.3713
2026-03-11 00:00:00+00:00,69948.64,70281.87,69150.28,69173,11021.744,1510747,6123.0891
2026-03-11 12:00:00+00:00,69172.99,71321,68977.91,70191.86,16227.531,3249108,7892.227
2026-03-12 00:00:00+00:00,70191.86,70800,69205.91,70427.91,9947.5315,1644549,5152.9857
2026-03-12 12:00:00+00:00,70427.9,70734.25,69355.34,70541.34,12049.629,2699510,5392.0482
2026-03-13 00:00:00+00:00,70541.34,72575.98,70386.01,72228.82,15042.482,2238258,7785.954
2026-03-13 12:00:00+00:00,72228.81,73913.74,70559.02,70930,20954.135,3074232,10524.389
2026-03-14 00:00:00+00:00,70930.01,71307.92,70317,70751.42,8937.9942,915070,4167.6489
2026-03-14 12:00:00+00:00,70751.42,71253.17,70500,71211.95,4079.2532,746669,2074.4521
2026-03-15 00:00:00+00:00,71211.95,71940.49,70858.82,71839.42,7139.4037,963199,3809.5944
2026-03-15 12:00:00+00:00,71839.41,73199,71263.99,72815.24,6897.9033,1545814,3497.4234
2026-03-16 00:00:00+00:00,72815.25,74451.03,72270.41,73552.77,14643.316,2322562,7845.0017
2026-03-16 12:00:00+00:00,73552.78,74909.08,72990.52,74884.67,13766.214,3073920,7359.2209
2026-03-17 00:00:00+00:00,74884.67,76000,73560.98,74033.11,14866.979,2510258,7069.5355
2026-03-17 12:00:00+00:00,74033.1,74893.94,73399.19,73909.36,9654.2878,2352929,4721.7168
2026-03-18 00:00:00+00:00,73909.37,74672.34,72800,72952.85,7952.3243,1460511,4194.917
2026-03-18 12:00:00+00:00,72952.85,72981.79,70500,71246.54,15440.557,3273386,7514.2536
2026-03-19 00:00:00+00:00,71246.55,71613.79,69478.51,69952.75,10354.953,1927506,4500.5009
2026-03-19 12:00:00+00:00,69952.75,70695.6,68793.35,69930,12009.865,3045020,5988.6358
2026-03-20 00:00:00+00:00,69930.01,71367,69837.1,70478.71,8145.1175,1457938,4091.1168
2026-03-20 12:00:00+00:00,70478.71,70923.75,69388,70510.73,9976.0499,2912033,4710.2953
2026-03-21 00:00:00+00:00,70510.73,70879.76,70431.67,70652.72,5956.9136,758101,2972.989
2026-03-21 12:00:00+00:00,70652.73,71100.94,68571.42,68918.12,7440.2539,881985,3406.7041
2026-03-22 00:00:00+00:00,68918.12,69588.79,68110.55,68217.95,8490.486,1593924,4154.6325
2026-03-22 12:00:00+00:00,68217.94,69005.71,67360.66,67859,6353.3008,1675228,3137.6908
2026-03-23 00:00:00+00:00,67859,71499,67445.18,70122.15,16475.975,3209278,8657.8272
2026-03-23 12:00:00+00:00,70122.15,71817.09,69671.95,70906.45,11859.116,3300452,5983.1451
2026-03-24 00:00:00+00:00,70906.45,71400,70119.06,71157.77,8446.3697,1587391,3971.8813
2026-03-24 12:00:00+00:00,71157.77,71177.66,68923.07,70556.74,12256.053,2603937,5759.9692
2026-03-25 00:00:00+00:00,70556.74,72026.09,70408,71678.97,8671.1877,1374955,4535.1132
2026-03-25 12:00:00+00:00,71678.97,71963.71,70530.47,71336.53,9048.3129,1923947,4284.6647
2026-03-26 00:00:00+00:00,71336.53,71436.82,69192.96,69276.01,8912.8518,1439263,4364.0267
2026-03-26 12:00:00+00:00,69276.01,69877.45,68153,68820.31,11907.606,2158439,5752.368
2026-03-27 00:00:00+00:00,68820.31,69179.05,66231.96,66702.78,13975.002,1777248,6986.1386
2026-03-27 12:00:00+00:00,66702.78,66773.25,65548.25,66407.28,14628.694,2382058,7582.4899
2026-03-28 00:00:00+00:00,66407.28,66573.61,65932.09,66319.47,6533.2351,758928,3140.9052
2026-03-28 12:00:00+00:00,66319.46,67288.94,66240.87,66377.03,4929.1634,928440,2612.1361
2026-03-29 00:00:00+00:00,66377.04,67130.5,66281.4,66816.28,3971.646,802887,1980.4137
2026-03-29 12:00:00+00:00,66816.29,66875.24,65000,66010.93,6081.2099,1343290,2789.0146
2026-03-30 00:00:00+00:00,66010.93,68042.3,65800.59,67680.45,9827.6908,1951514,5030.5771
2026-03-30 12:00:00+00:00,67680.44,68169.65,66233.13,66797.37,8525.6989,1951335,4125.3418
2026-03-31 00:00:00+00:00,66797.38,68408.37,65998.05,66685.69,11022.631,2005080,5147.7231
2026-03-31 12:00:00+00:00,66685.69,68589.49,66427.53,68284.48,11082.776,2841740,5578.4595
2026-04-01 00:00:00+00:00,68284.49,69310,67578.75,68712.52,10970.697,1689386,5716.2519
2026-04-01 12:00:00+00:00,68712.52,69171.77,67918.83,68113.92,8049.4926,2052524,3986.2466
2026-04-02 00:00:00+00:00,68113.92,68653.38,66167.1,66220.28,10125.349,1958802,5137.6219
2026-04-02 12:00:00+00:00,66220.28,67430.99,65712.12,66901.99,10078.13,2230331,4953.0343
2026-04-03 00:00:00+00:00,66901.99,67288,66282,67017.44,6521.6118,1185553,2946.9089
2026-04-03 12:00:00+00:00,67017.43,67370.42,66508.1,66964.3,4907.5195,837551,2588.361
2026-04-04 00:00:00+00:00,66964.29,67232.72,66775.91,67156.93,3878.8036,596039,1871.2021
2026-04-04 12:00:00+00:00,67156.93,67562.93,67029.07,67300.42,3494.7125,760140,1830.1272
2026-04-05 00:00:00+00:00,67300.42,67307.28,66611.66,66999,4182.7271,611025,1904.2054
2026-04-05 12:00:00+00:00,66998.99,69136.2,66680.57,69034.18,7550.7404,1495232,3887.3515
2026-04-06 00:00:00+00:00,69034.18,70283.32,68776.61,69614.91,11316.784,2086837,5848.9442
2026-04-06 12:00:00+00:00,69614.91,70351.46,68300,68853.66,8964.8263,2608686,4300.8484
2026-04-07 00:00:00+00:00,68853.66,69247.9,68071.96,68345.75,6519.5367,1737390,3247.1403
2026-04-07 12:00:00+00:00,68345.75,72761,67732.01,71924.22,17230.96,3134316,9218.0424
2026-04-08 00:00:00+00:00,71924.22,72110.65,71240.99,71675.12,8882.6703,1366928,3992.1659
2026-04-08 12:00:00+00:00,71675.12,72857,70707.23,71069.93,10920.016,2477060,5578.036
2026-04-09 00:00:00+00:00,71069.93,71575,70466,71150.17,6732.6483,1248183,3574.3381
2026-04-09 12:00:00+00:00,71150.17,73145,70522.77,71787.97,11425.773,2524842,6029.9796
2026-04-10 00:00:00+00:00,71787.98,72387,71426.15,72127.59,6565.8664,1293370,2979.7975
2026-04-10 12:00:00+00:00,72127.59,73434,71899.51,72962.7,10806.766,1882938,5839.9509
2026-04-11 00:00:00+00:00,72962.71,73094.89,72612.16,72907.05,3974.6967,545177,2134.6759
2026-04-11 12:00:00+00:00,72907.05,73790,72513.09,73043.16,5096.247,926864,2538.8001
2026-04-12 00:00:00+00:00,73043.16,73137.24,71310,71468.55,7842.6625,1027744,3496.4335
2026-04-12 12:00:00+00:00,71468.54,71500,70505.88,70740.98,5629.8055,1041035,2829.8794
2026-04-13 00:00:00+00:00,70741.56,71271.78,70566.99,70929.68,5583.7935,949241,3076.1529
2026-04-13 12:00:00+00:00,70929.68,74900,70758.5,74417.99,18646.423,2724298,9563.6461
2026-04-14 00:00:00+00:00,74418,74924.64,73954.86,74376.52,9677.5876,1251685,4424.9671
2026-04-14 12:00:00+00:00,74376.52,76038,73795.47,74131.55,16855.357,2781763,8888.9224
2026-04-15 00:00:00+00:00,74131.55,74786.72,73514,74201.78,7105.829,1224404,3416.3543
2026-04-15 12:00:00+00:00,74201.78,75425,73580.85,74809.99,7319.2127,1963388,3597.6655
2026-04-16 00:00:00+00:00,74809.99,75267.85,74277.34,74574.79,6810.6771,1271312,3576.318
2026-04-16 12:00:00+00:00,74574.8,75534.76,73309.85,75154.29,10278.011,2310578,5025.38
2026-04-17 00:00:00+00:00,75154.28,76370.25,74529.4,75589.7,8479.6255,1370216,4476.5804
2026-04-17 12:00:00+00:00,75589.7,78333,75531.97,77072,17461.741,3560951,9958.8969
2026-04-18 00:00:00+00:00,77072.01,77420.08,75763.76,76039.05,4924.5167,992152,2244.6729
2026-04-18 12:00:00+00:00,76039.06,76363.75,75445.16,75691.76,4217.3278,948960,2089.1108
2026-04-19 00:00:00+00:00,75691.76,75847.42,74867.72,75604.11,4021.2501,862067,2014.5462
2026-04-19 12:00:00+00:00,75604.11,76240.66,73762.9,73801.79,7348.5722,1877684,3444.0725
2026-04-20 00:00:00+00:00,73801.8,75572,73724.31,75192.71,6625.5234,1351383,3565.6691
2026-04-20 12:00:00+00:00,75192.72,76558.62,74702,75840.97,10367.887,2212208,5247.032
2026-04-21 00:00:00+00:00,75840.97,76927.57,75474.77,76452.94,6498.4138,1206162,3518.0835
2026-04-21 12:00:00+00:00,76452.94,76595.3,74821.57,76336.15,8414.1575,2410051,4154.8794
2026-04-22 00:00:00+00:00,76336.14,78452.18,76132.95,78300,10135.43,1735002,5496.4162
2026-04-22 12:00:00+00:00,78300,79472.82,78114.04,78178.23,9602.082,2022075,4879.7082
2026-04-23 00:00:00+00:00,78178.22,78574.44,77174.01,77704.62,8756.6401,1561243,4100.7469
2026-04-23 12:00:00+00:00,77704.61,78662.5,76960,78257.48,8214.1549,2010553,3660.0088
2026-04-24 00:00:00+00:00,78257.48,78581.93,77402.01,78240.26,6976.3467,1172328,3578.7821
2026-04-24 12:00:00+00:00,78240.27,78479.37,77264.08,77437.13,5698.7964,1409645,2569.2818
2026-04-25 00:00:00+00:00,77437.13,77885.35,77309.92,77682.3,2590.2228,380756,1438.501
2026-04-25 12:00:00+00:00,77682.29,77752.54,77140.23,77625,3094.8914,425786,1561.3526
2026-04-26 00:00:00+00:00,77625,78210,77326.51,78101.44,2798.6433,487446,1430.4118
2026-04-26 12:00:00+00:00,78101.43,78961,77770,78657.55,5164.9183,989525,2551.4539
2026-04-27 00:00:00+00:00,78657.55,79485.66,77465.05,77844.26,8259.3283,1416008,4137.635
2026-04-27 12:00:00+00:00,77844.25,78265.34,76459.64,77371.32,7787.5959,1566881,3574.8972
2026-04-28 00:00:00+00:00,77371.32,77478,76130.1,76229,7173.7081,1101329,3532.8706
2026-04-28 12:00:00+00:00,76228.99,76481.3,75666.6,76342.77,6037.0157,1251117,2986.0841
2026-04-29 00:00:00+00:00,76342.78,77904.93,76187.75,77590.03,7563.7099,1111349,4242.9608
2026-04-29 12:00:00+00:00,77590.04,77596.39,74937.52,75780,10716.22,1921541,5437.0603
2026-04-30 00:00:00+00:00,75780,76473.26,75323.65,76059.43,5133.0564,1236965,2870.8413
2026-04-30 12:00:00+00:00,76059.42,76669.14,76042.75,76346.57,5248.7597,1332515,2714.3499
2026-05-01 00:00:00+00:00,76346.58,77600,76320.42,77463.98,6571.0556,875632,3166.8774
2026-05-01 12:00:00+00:00,77463.98,78914.12,77408.73,78231.13,10744.409,1512826,5156.1027
2026-05-02 00:00:00+00:00,78231.13,78514.82,78040,78143.08,3539.3074,435923,1783.6786
2026-05-02 12:00:00+00:00,78143.09,79199.48,78108.41,78686.85,2611.569,500220,1513.361
2026-05-03 00:00:00+00:00,78686.84,78849.22,78084.08,78656.01,2790.7081,490936,1444.9877
2026-05-03 12:00:00+00:00,78656.01,79447,78484.42,78568.57,4635.0848,861538,2019.9264
2026-05-04 00:00:00+00:00,78568.58,80635.51,78202,78793.67,14713.064,1899908,7797.6781
2026-05-04 12:00:00+00:00,78793.67,80776.99,78500,79861.01,11329.898,1834696,5553.9674
2026-05-05 00:00:00+00:00,79861.01,81323.52,79808.72,81014.05,7861.3067,1009856,3876.0924
2026-05-05 12:00:00+00:00,81014.05,81791.48,80790,80905.52,9085.8733,1481074,4752.0574
2026-05-06 00:00:00+00:00,80905.53,82850,80731.14,82522.89,10501.382,1321780,5921.4043
2026-05-06 12:00:00+00:00,82522.88,82539.33,81000,81447.01,8297.3921,1472927,4055.2838
2026-05-07 00:00:00+00:00,81447.01,81708.32,80572.4,80866.65,6471.1097,1030726,3226.3584
2026-05-07 12:00:00+00:00,80866.65,81180,79500,80006,9683.6937,1509603,4398.7904
2026-05-08 00:00:00+00:00,80006,80340.94,79181.48,80231.22,7852.4988,932650,4078.0503
2026-05-08 12:00:00+00:00,80231.22,80500,79549.54,80193.17,8148.8112,1332722,4250.3362
2026-05-09 00:00:00+00:00,80193.18,80666.66,80129.85,80345.46,3584.3356,465197,1934.9638
2026-05-09 12:00:00+00:00,80345.47,81080,80234,80678.4,3964.0862,537176,2097.7619
2026-05-10 00:00:00+00:00,80678.41,80975.4,80572.77,80821.21,3679.3934,443695,1911.0915
2026-05-10 12:00:00+00:00,80821.21,82479.32,80279.77,82210.07,8354.9255,1357913,4484.8051
2026-05-11 00:00:00+00:00,82210.07,82380,80525,81196.94,6374.3471,1130609,2920.1325
2026-05-11 12:00:00+00:00,81196.95,82137.26,80462.97,81745.65,6577.4135,1445787,3212.241
2026-05-12 00:00:00+00:00,81745.66,81788,80496.57,80784.87,5613.288,951632,2734.4431
2026-05-12 12:00:00+00:00,80784.86,80999,79843.59,80504.47,6772.9688,1393505,2981.7608
2026-05-13 00:00:00+00:00,80504.47,81324.64,80412.15,80501.22,4912.9648,839106,2382.2868
2026-05-13 12:00:00+00:00,80501.22,80592.65,78754.65,79313.61,9897.0916,1511464,4779.3551
2026-05-14 00:00:00+00:00,79313.61,79998,78922,79258.27,6124.9963,995182,3130.4872
2026-05-14 12:00:00+00:00,79258.27,82048.13,79230.31,81089.99,13602.872,2105864,7619.7205
2026-05-15 00:00:00+00:00,81090,81664.45,80314,80628.53,7251.0867,1372189,3693.8056
2026-05-15 12:00:00+00:00,80628.52,80635.44,78659,79113.21,10100.184,1811925,4639.3728
2026-05-16 00:00:00+00:00,79113.2,79227.77,77640,78081.71,7499.1124,1006441,3152.9229
2026-05-16 12:00:00+00:00,78080.46,78364.65,77833.4,78148.05,4633.7495,591220,2623.3885
2026-05-17 00:00:00+00:00,78148.05,78599.99,77721.19,78415.99,3373.2081,608322,1638.4119
2026-05-17 12:00:00+00:00,78415.99,78550,76735.16,77457.67,5069.4941,962111,2259.4558
2026-05-18 00:00:00+00:00,77457.67,77477.99,76583.33,77285.83,7643.2327,1407824,3795.8802
2026-05-18 12:00:00+00:00,77285.83,77800,76051,77001.87,11102.284,2121504,5120.5777
2026-05-19 00:00:00+00:00,77001.88,77414.62,76487.83,76714.62,5260.9088,1075823,2561.6364
2026-05-19 12:00:00+00:00,76714.61,77065.8,76144.71,76834.36,5763.951,1239298,3119.1381
2026-05-20 00:00:00+00:00,76834.36,77663,76516.74,77382.49,5462.3048,903849,2703.2635
2026-05-20 12:00:00+00:00,77382.5,77853.04,76891.61,77552.23,5833.9583,1533905,2902.8989
2026-05-21 00:00:00+00:00,77552.24,78200,77147.15,77189.1,5652.9233,995049,2856.0241
2026-05-21 12:00:00+00:00,77189.1,78098.16,76719.47,77615.52,5665.3351,1478097,2908.9845
2026-05-22 00:00:00+00:00,77615.52,77900,77184.45,77428.84,4077.6797,813385,2135.4241
2026-05-22 12:00:00+00:00,77428.83,77584.94,75359.18,75539.5,7194.6817,1557398,3069.5666
2026-05-23 00:00:00+00:00,75539.5,75664.62,74289.6,74789.99,7096.1956,899564,3258.8803
2026-05-23 12:00:00+00:00,74789.99,77404.18,74660.05,76752.01,7990.6925,1203972,4479.7069
2026-05-24 00:00:00+00:00,76752,77543.15,76629.02,77320.06,3615.6191,588981,1932.216
2026-05-24 12:00:00+00:00,77320.06,77325.72,76108,77064.96,4782.3825,1023988,2580.9167
2026-05-25 00:00:00+00:00,77064.96,77699.97,76914.25,77357.5,3931.3809,896680,1962.7442
2026-05-25 12:00:00+00:00,77357.5,77905.52,77019.82,77322.01,3740.9411,881829,1681.6373
2026-05-26 00:00:00+00:00,77322.01,77621.75,76475.59,77183.55,6086.0133,1156046,3154.694
2026-05-26 12:00:00+00:00,77183.56,78080,75677.97,75930.01,10867.463,2204699,4712.3465
2026-05-27 00:00:00+00:00,75930.01,76104.02,75310.9,75769.18,5920.3284,1071706,3067.0103
2026-05-27 12:00:00+00:00,75769.18,76174.15,74243.99,74449.3,10957.446,2295362,4923.8077
2026-05-28 00:00:00+00:00,74449.31,74590.77,72728.85,73505.66,12521.938,1951101,6545.939
2026-05-28 12:00:00+00:00,73505.65,73949.22,72582.82,73617.51,8752.0823,1848612,4739.4391
2026-05-29 00:00:00+00:00,73617.52,73939.19,73189.11,73487.98,6962.904,988280,4030.7184
2026-05-29 12:00:00+00:00,73487.98,74514.1,72512.49,73460.78,11723.837,1909038,6637.6538
2026-05-30 00:00:00+00:00,73460.78,73796.43,73216,73602.02,4103.9915,561572,2208.1464
2026-05-30 12:00:00+00:00,73602.01,74143.76,73594.4,73884.38,3411.4176,562834,1909.9645
2026-05-31 00:00:00+00:00,73884.38,74275.66,73699.2,73937.79,3219.5465,568193,1492.5759
2026-05-31 12:00:00+00:00,73937.63,74198,73400,73674.39,3766.9105,795244,1914.8965
2026-06-01 00:00:00+00:00,73674.39,74092,72290,72479.99,8176.5609,1532182,3333.607
2026-06-01 12:00:00+00:00,72480,72610,70686.68,71408.9,15744.531,2705591,8266.6969
2026-06-02 00:00:00+00:00,71408.9,71408.9,69324.65,69461.72,11509.411,2205543,5308.9391
2026-06-02 12:00:00+00:00,69461.73,69548.13,66193,66760.83,21348.785,4045134,10366.552
2026-06-03 00:00:00+00:00,66760.84,67516,65426.34,67067.37,15416.947,2807518,7988.941
2026-06-03 12:00:00+00:00,67067.37,67244.62,64092.49,64142.75,14721.36,3868840,6578.3547
2026-06-04 00:00:00+00:00,64142.75,64764.32,61383.56,62545.99,30553.413,5146425,13690.282
2026-06-04 12:00:00+00:00,62546,64494.92,62392,63885.99,13023.763,3911551,6482.5434
2026-06-05 00:00:00+00:00,63885.99,63978,61126.01,61964.99,19193.586,4638910,9005.3032
2026-06-05 12:00:00+00:00,61964.99,62457.86,59130.91,61056.47,35833.702,7019946,15874.215
2026-06-06 00:00:00+00:00,61056.47,61530.05,59500,60802.91,13481.211,3358016,6338.4312
2026-06-06 12:00:00+00:00,60802.9,61185.26,60393.96,60884.62,6314.3781,1642858,3135.128
2026-06-07 00:00:00+00:00,60884.62,62960,60746,62621.96,12585.455,2174932,6699.8062
2026-06-07 12:00:00+00:00,62621.97,64234.68,61184,63332.01,14026.649,2577529,7456.5044
2026-06-08 00:00:00+00:00,63332.01,63873.08,62408,63479.61,9902.1208,2427908,4987.1896
2026-06-08 12:00:00+00:00,63479.62,64200,62718.3,63085.99,13151.265,2459656,6240.8065
2026-06-09 00:00:00+00:00,63086,63526.01,62423.07,62711.12,9995.931,1717244,4885.973
2026-06-09 12:00:00+00:00,62711.12,62895.18,60780,61730,11640.289,2630088,5471.2635
2026-06-10 00:00:00+00:00,61730,61974.7,60755,61034.04,6755.1717,1808328,3006.5999
2026-06-10 12:00:00+00:00,61034.04,62857.99,60960,61510.99,9243.5448,2847358,4707.995
2026-06-11 00:00:00+00:00,61510.99,63257.21,61510.99,63108,7513.265,1443623,4017.8766
2026-06-11 12:00:00+00:00,63108.01,63933.02,62348,63625.99,9867.6815,2003180,4957.617
2026-06-12 00:00:00+00:00,63626,63953.84,62829.81,63766.01,8258.4889,1241596,4360.1321
2026-06-12 12:00:00+00:00,63766.01,64394.44,63045.29,63580.01,8138.5635,1912456,4013.7402
2026-06-13 00:00:00+00:00,63580,63984.53,63418.66,63971.28,4544.4339,657235,2443.8998
2026-06-13 12:00:00+00:00,63971.28,64762.77,63920.05,64458.01,5416.3077,831774,2882.4494
2026-06-14 00:00:00+00:00,64458.01,64710,64214,64546,4454.2457,576136,2171.0363
2026-06-14 12:00:00+00:00,64546.01,65800,63678.83,65746.45,8748.788,1484765,4795.0097
2026-06-15 00:00:00+00:00,65746.45,66385.12,65354,66233.9,7781.2184,1289748,3710.7821
2026-06-15 12:00:00+00:00,66233.89,67292.15,66076.56,66328.74,10778.583,1850746,5116.5419
2026-06-16 00:00:00+00:00,66328.74,66992,65650,66481.73,7201.5606,1270554,3619.3312
2026-06-16 12:00:00+00:00,66481.73,66818,65360.92,65675.01,7100.4974,1694075,3090.27
2026-06-17 00:00:00+00:00,65675.02,66200,64565,64810.01,7596.9264,1172058,3656.4756
2026-06-17 12:00:00+00:00,64810.01,66445.93,63915.77,64509.4,11451.728,2761065,5687.8325
2026-06-18 00:00:00+00:00,64509.4,64806,63696.29,63974.4,6211.889,1296179,2864.5624
2026-06-18 12:00:00+00:00,63974.4,64445.19,62272.07,62958.01,10723.708,2277752,5284.1001
2026-06-19 00:00:00+00:00,62958.01,63110.29,62316.44,62626,7227.5349,1223635,3400.4383
2026-06-19 12:00:00+00:00,62626,63666,62353,63543.91,7019.8891,1448283,3308.7713
2026-06-20 00:00:00+00:00,63543.9,63907.07,63320.14,63688,4444.1824,810671,2165.3789
2026-06-20 12:00:00+00:00,63688,64388,63184.21,64298.01,5077.9208,1159410,2504.4799
2026-06-21 00:00:00+00:00,64298.01,64588,63900.17,64176,3815.6435,679028,1819.7878
2026-06-21 12:00:00+00:00,64176,64355.88,63270,63311.99,4219.0198,1089266,2013.346
2026-06-22 00:00:00+00:00,63312,64823.52,63312,64657.22,7268.8807,1599599,3820.2684
2026-06-22 12:00:00+00:00,64657.22,65622.83,63804.59,64020.01,8154.2278,1921738,3857.2644
2026-06-23 00:00:00+00:00,64020.01,64275.38,61938,62507.06,12177.056,1730536,5062.9849
2026-06-23 12:00:00+00:00,62507.05,62855.98,61960,62734.57,8045.9371,1895654,4050.2825
2026-06-24 00:00:00+00:00,62734.57,63239.06,62318.88,62921.19,6902.6939,1339040,3531.3216
2026-06-24 12:00:00+00:00,62921.19,62973.2,59102.7,61077.99,23775.592,4028491,10920.133
2026-06-25 00:00:00+00:00,61078,61962.4,60684.94,61282.01,7635.5614,1471045,4006.8174
2026-06-25 12:00:00+00:00,61282,61761.35,58115.01,59794,22750.446,4212230,10399.336
2026-06-26 00:00:00+00:00,59794.64,60759.99,58337,59413.24,15349.633,2897308,7623.0551
2026-06-26 12:00:00+00:00,59413.24,60583,58500.1,60097.27,12053.924,3121826,6284.4353
2026-06-27 00:00:00+00:00,60097.27,60574,59876.22,60363.65,5087.624,792826,2801.0461
2026-06-27 12:00:00+00:00,60363.65,60941.17,59855.16,60029,4499.6051,970590,2266.8804
2026-06-28 00:00:00+00:00,60029.01,60545.01,59753.48,60342,3625.7997,723479,1862.2497
2026-06-28 12:00:00+00:00,60341.99,60457.02,58905,59577.01,5281.3383,1575753,2428.3962
2026-06-29 00:00:00+00:00,59577.01,60346.27,58900.01,59956.05,7534.7829,2045595,3749.941
2026-06-29 12:00:00+00:00,59956.05,60780.57,59011,60260.21,12668.359,2838741,6584.2213
2026-06-30 00:00:00+00:00,60260.2,60276.54,59123.01,59192.7,7000.5806,1333182,3069.0714
2026-06-30 12:00:00+00:00,59192.71,59276.6,58201,58624.71,12639.247,2471627,5810.4798
2026-07-01 00:00:00+00:00,58624.71,59457,57800.19,58622.03,8854.4955,1694946,4053.2008
2026-07-01 12:00:00+00:00,58622.02,61334,58326,60024,16238.951,2471903,8882.9121
2026-07-02 00:00:00+00:00,60024,61437.49,59588,61358.01,9970.263,1800116,5310.1564
2026-07-02 12:00:00+00:00,61358,62200,61108.99,61560,11411.879,2082980,6084.6987
2026-07-03 00:00:00+00:00,61560,62103.1,61248.86,62024.02,7352.4681,1279708,3538.2847
2026-07-03 12:00:00+00:00,62024.01,62979.86,61700,62583.26,6696.5182,1291823,3711.7021
2026-07-04 00:00:00+00:00,62583.26,62946,62328.24,62482.01,4311.8601,722837,2045.6749
2026-07-04 12:00:00+00:00,62482,63461.99,62482,63144.01,4827.9673,920451,2707.8611
2026-07-05 00:00:00+00:00,63144.01,63144.01,62436.59,62658.92,3931.3049,760242,1798.8939
2026-07-05 12:00:00+00:00,62658.92,63999,62569.37,63650,5240.7727,1029941,2767.0425
2026-07-06 00:00:00+00:00,63650.01,63920,62483.83,62483.84,6273.4124,1214280,2814.7688
2026-07-06 12:00:00+00:00,62483.84,64700,61306.84,64042.02,15161.872,2563615,8741.7831
2026-07-07 00:00:00+00:00,64042.93,64314,62800,63406,6678.1359,1277770,3305.0491
2026-07-07 12:00:00+00:00,63405.99,64243.75,62671.39,63363.99,10156.072,2004332,4823.1557
2026-07-08 00:00:00+00:00,63364,63761.99,61743.83,62299.99,10315.542,1831301,4439.3491
2026-07-08 12:00:00+00:00,62300,62451.08,61544.56,62290,8304.5559,1767186,3899.2212
2026-07-09 00:00:00+00:00,62290.01,63283.26,61705.29,62786.34,8110.2696,1427072,3522.2575
2026-07-09 12:00:00+00:00,62786.33,63500,62465.39,63230,8632.5372,1748978,4400.226
2026-07-10 00:00:00+00:00,63230.01,64494.84,62926.01,64425.18,8014.5443,1306118,3934.9769
2026-07-10 12:00:00+00:00,64425.18,64692.83,63656,64161.72,9574.4569,1621307,4792.526
2026-07-11 00:00:00+00:00,64161.72,64310,63984.07,64198,3941.8546,614349,1842.2003
2026-07-11 12:00:00+00:00,64197.99,64504.11,63819,63819,5210.1197,791829,2066.0854
2026-07-12 00:00:00+00:00,63819.01,64245.87,63640.83,64018.01,10680.084,1190981,5241.8451
2026-07-12 12:00:00+00:00,64018,64290.11,63668,63780,3234.7533,728624,1515.1623
2026-07-13 00:00:00+00:00,63780,64425,62500.76,62901.99,11090.159,1584947,4815.3316
2026-07-13 12:00:00+00:00,62901.99,62990.04,61824.97,62334.52,10592.343,1764765,5046.1056
2026-07-14 00:00:00+00:00,62334.52,62923.06,62272.2,62844.99,6070.1754,1026999,2907.3358
2026-07-14 12:00:00+00:00,62844.99,65100,62780.84,65043.98,14482.238,2053946,7940.154
2026-07-15 00:00:00+00:00,65043.99,65277.37,64485,64732.15,7170.3951,1029409,3541.8483
2026-07-15 12:00:00+00:00,64732.15,65600,64606,64756.28,11231.502,1639510,5467.6354
2026-07-16 00:00:00+00:00,64756.28,64997.52,63888,64256.53,12585.78,1288036,5994.333
2026-07-16 12:00:00+00:00,64256.52,64896,63748.74,63830.2,6178.747,1525445,3012.9731
2026-07-17 00:00:00+00:00,63830.2,64067.69,62666,63298.01,9428.973,1380617,4687.0033
2026-07-17 12:00:00+00:00,63298,64387.99,62537.56,63931.67,8760.9209,1858679,3931.4347
2026-07-18 00:00:00+00:00,63931.67,64097.22,63886.65,64069.89,3422.9567,354549,1714.0599
2026-07-18 12:00:00+00:00,64069.89,64865,63963,64834.22,4608.2235,734152,2386.1544
2026-07-19 00:00:00+00:00,64834.21,64967.25,64445,64467.64,4284.8801,571422,2207.3101
2026-07-19 12:00:00+00:00,64467.65,64900,64280,64722.54,4095.0346,892915,2074.6599
2026-07-20 00:00:00+00:00,64722.55,65107.99,63100,65002.01,10808.759,1687231,4294.463
2026-07-20 12:00:00+00:00,65002,65799,64077.76,65255.51,10514.728,1919616,5810.3637
2026-07-21 00:00:00+00:00,65255.51,66420.65,65148.75,66345.59,9260.105,1346897,4801.0151
2026-07-21 12:00:00+00:00,66345.59,66956.15,66052.63,66556.16,9358.1759,1658344,4744.7935
2026-07-22 00:00:00+00:00,66556.15,66739.89,65701,66013.36,12178.666,2032950,6009.1112
2026-07-22 12:00:00+00:00,66013.36,66384,65553.67,66114.49,5896.2001,1348875,2845.3581
2026-07-23 00:00:00+00:00,66114.5,66313.14,65351.02,65555.21,6191.4024,967818,2946.3733
2026-07-23 12:00:00+00:00,65555.21,65589.41,64650,65098.97,8506.8243,1589481,4089.9509
2026-07-24 00:00:00+00:00,65098.98,65808.59,64762.18,65083.43,6883.2462,979814,3433.423
2026-07-24 12:00:00+00:00,65083.42,65133.99,63739.75,64139.99,9938.0256,1487877,4699.7999
2026-07-25 00:00:00+00:00,64140,64205.67,63810,64064.01,5650.8342,553496,2903.3574
2026-07-25 12:00:00+00:00,64064.01,64475.28,64043,64375,3212.2161,451842,1718.1376
2026-07-26 00:00:00+00:00,64375.01,64599.95,64293.81,64507.35,2874.8128,384580,1426.38
2026-07-26 12:00:00+00:00,64507.36,65577,64414,65399.99,5058.2481,753443,2665.0997
2026-07-27 00:00:00+00:00,65400,65744.6,64892.03,65100.79,7391.94,1084226,3276.9572
2026-07-27 12:00:00+00:00,65100.79,65718,63605.56,63755.86,7399.9654,1837410,3417.8721
2026-07-28 00:00:00+00:00,63755.86,63827.49,63059.39,63450,6712.7894,1070637,3461.0761
2026-07-28 12:00:00+00:00,63449.99,64100,62742.47,63915,7177.0406,1609306,3608.9522
2026-07-29 00:00:00+00:00,63915,64744.81,63598,64507.54,6854.6934,1274611,3785.6883
2026-07-29 12:00:00+00:00,64507.53,64718.87,63267.34,63984.28,9925.4257,2340683,5145.9293
2026-07-30 00:00:00+00:00,63984.29,64885.18,63603.92,64788,10173.445,2084664,5245.9345
2026-07-30 12:00:00+00:00,64788.01,65176.6,64607.31,64780.02,6958.1396,1162027,3750.2577
2026-07-31 00:00:00+00:00,64780.03,65409.56,63610,63805.51,9800.4605,1212527,4446.2315
2026-07-31 12:00:00+00:00,63805.5,63849.19,62466,62887.88,10675.146,1527711,5213.3299
2026-08-01 00:00:00+00:00,62887.88,63150,62887.87,63076,3743.9972,296260,1859.2777
2026-08-01 12:00:00+00:00,63076,63127.07,62275,62823.64,3819.0918,535723,1912.9613
2026-08-02 00:00:00+00:00,62823.65,63634,62806.58,63031.99,4599.4689,580538,2483.9166
2026-08-02 12:00:00+00:00,63031.99,63796.33,63010,63570,3787.5426,705526,2082.4145
2026-08-03 00:00:00+00:00,63570.01,63596,62300,62560.01,6077.2626,861215,3052.4486
2026-08-03 12:00:00+00:00,62560.01,64080,62445.26,63520,9466.0348,1633149,4935.4553
2026-08-04 00:00:00+00:00,63520,64243.81,63322.01,63926,6328.1025,902698,3253.5012
2026-08-04 12:00:00+00:00,63926,64549.16,63615.38,64106.56,7362.3766,1485341,4106.9625
2026-08-05 00:00:00+00:00,64106.55,64525.97,63950,64075.28,4855.2394,852437,2451.7133
2026-08-05 12:00:00+00:00,64075.28,65025.22,63880,64665.23,7887.6159,1549790,4070.7692
2026-08-06 00:00:00+00:00,64665.24,64999,64439.34,64622.09,4591.5506,765596,2136.078
2026-08-06 12:00:00+00:00,64622.08,64987.26,64172,64323.61,5272.8823,1322355,2530.0746
2026-08-07 00:00:00+00:00,64323.61,65213.33,64166,65029.98,4969.6611,887573,2323.6096
2026-08-07 12:00:00+00:00,65029.98,65390.99,64525,64923.19,6837.7429,1395810,3315.6566
2026-08-08 00:00:00+00:00,64923.2,65074.18,64784.19,64967.35,2873.5213,246792,1481.5157
2026-08-08 12:00:00+00:00,64967.36,65192.54,64924,64962.6,2886.6216,293655,1328.4904
2026-08-09 00:00:00+00:00,64962.6,65002,64730.08,64950,2737.8392,278555,1331.7408
2026-08-09 12:00:00+00:00,64950.01,65474.46,64842.59,64901.59,4293.3968,525426,1875.5884
2026-08-10 00:00:00+00:00,64901.59,65391.14,64826.78,65125.98,4651.1231,770981,2292.3912
2026-08-10 12:00:00+00:00,65125.99,65237.8,63806.27,63970.01,8987.2857,1283366,4654.2365
2026-08-11 00:00:00+00:00,63970.01,64400,63852,64389.57,5041.0343,505155,2445.4215
2026-08-11 12:00:00+00:00,64389.58,64515.43,63238,63600,7850.5981,1155362,3917.5917
2026-08-12 00:00:00+00:00,63600.01,64249.5,63534.01,64240.04,6296.1233,727967,3189.6542
2026-08-12 12:00:00+00:00,64240.04,64500,63310.34,63479.99,7330.945,1262532,3804.1721
2026-08-13 00:00:00+00:00,63479.99,64010,63350,63484.3,4548.2815,716276,2411.6111
2026-08-13 12:00:00+00:00,63484.31,63999,62802.27,63490.86,6245.5771,1362501,3176.6908
2026-08-14 00:00:00+00:00,63490.86,63617.45,62700,62868.83,6002.4035,887577,3154.2522
2026-08-14 12:00:00+00:00,62868.83,63247.05,62535.24,63043.56,6338.4255,1296953,3524.0251
2026-08-15 00:00:00+00:00,63043.56,63187.98,62920,63022.01,3187.2407,279852,1697.3598
2026-08-15 12:00:00+00:00,63022.01,63175,62946.58,63086.01,2217.9196,260461,1413.1603
2026-08-16 00:00:00+00:00,63086.01,63158.8,62968.45,63013.66,2165.8916,182474,1155.1475
2026-08-16 12:00:00+00:00,63013.66,63390,62716,62900,2571.3397,457820,1342.888
2026-08-17 00:00:00+00:00,62900,63781.69,62751.1,63631.1,6607.1521,843141,3263.0979
2026-08-17 12:00:00+00:00,63631.11,64610.01,63444.17,64532.1,7648.495,1268115,3923.8131
2026-08-18 00:00:00+00:00,64532.11,64568.46,64047.73,64351.19,6085.3988,696392,2905.1285
2026-08-18 12:00:00+00:00,64351.18,65058.81,64027.85,64725.42,5704.5143,911627,2854.1206
2026-08-19 00:00:00+00:00,64725.42,64736.27,64166,64515.63,4349.4725,594032,2117.8459
2026-08-19 12:00:00+00:00,64515.62,70000,64474.86,69334.79,24704.827,3566564,13529.019
2026-08-20 00:00:00+00:00,69334.78,72490,68902.22,71927.07,20604.204,2976683,10473.481
2026-08-20 12:00:00+00:00,71927.07,73400,71132,73025.15,15300.589,3272431,7671.4601
2026-08-21 00:00:00+00:00,73027.02,79500,73027.02,76722.32,27496.565,5096714,14132.032
2026-08-21 12:00:00+00:00,76722.31,78760.68,76243.04,78338.03,16843.001,3832230,8901.8442
2026-08-22 00:00:00+00:00,78338.03,78828.15,76500,77130.02,12910.408,2733411,6606.7664
2026-08-22 12:00:00+00:00,77130.01,77547.96,76772,77074.93,5614.101,1216634,2806.4258
2026-08-23 00:00:00+00:00,77074.94,77400,75545.67,77311.02,8442.1711,1824773,4420.5364
2026-08-23 12:00:00+00:00,77311.02,78052.85,76802,77734,6925.0608,1803056,3786.8139
2026-08-24 00:00:00+00:00,77734,78600,76670.01,78443.65,11049.257,2344484,5375.285
2026-08-24 12:00:00+00:00,78443.65,80000,77851.9,78992.75,19130.037,3989925,9658.7105
2026-08-25 00:00:00+00:00,78992.76,81272.62,78715.63,79117.99,14538.901,3349429,7513.0037
2026-08-25 12:00:00+00:00,79118,79563.71,77851,78539.14,10233.613,3010773,5120.4288
2026-08-26 00:00:00+00:00,78539.13,79251.6,78244.83,78487.26,6515.3724,1905680,3302.7308
2026-08-26 12:00:00+00:00,78487.26,79174.12,77632.58,79023.75,8098.3865,2378847,3996.5415
2026-08-27 00:00:00+00:00,79023.75,80520,78546.13,79477.67,7202.1792,2060573,3191.4172
2026-08-27 12:00:00+00:00,79477.66,80848.74,78920,80249.58,9063.3578,2871712,4167.0833
2026-08-28 00:00:00+00:00,80249.59,81478.87,79001.01,79604.13,7978.0384,1905014,3741.4148
2026-08-28 12:00:00+00:00,79604.12,79838.73,76888,77845.87,11778.398,2917143,5558.9949
2026-08-29 00:00:00+00:00,77845.88,77963.92,77382.37,77584.67,3819.522,802703,1909.3067
2026-08-29 12:00:00+00:00,77584.66,78330,77506.63,78230,3196.7806,717183,1685.59
2026-08-30 00:00:00+00:00,78230,78330,77962.49,78166,2188.6072,513305,1114.3907
2026-08-30 12:00:00+00:00,78165.99,79400,77000,77682,6896.8168,1891617,3199.953
2026-08-31 00:00:00+00:00,77682,78802,77392,78315.43,7343.61,2038951,3870.8998
2026-08-31 12:00:00+00:00,78315.43,79250,77675.04,78581.29,7960.296,2315786,4279.7353
2026-09-01 00:00:00+00:00,78581.3,79220.61,77758.69,78098.97,6544.1048,1564514,3647.2888
2026-09-01 12:00:00+00:00,78098.96,78424,76420,77439,7586.5347,2098291,3480.8563
2026-09-02 00:00:00+00:00,77439.01,77792,76264,76828.76,6932.2027,1698816,3603.1253
2026-09-02 12:00:00+00:00,76828.75,77582,76611.67,77340.01,6138.7755,1613676,3044.2577
2026-09-03 00:00:00+00:00,77340.01,78183.91,76968,77948.39,5375.5005,1435134,2904.5186
2026-09-03 12:00:00+00:00,77948.39,82300,77896.07,81270.37,14430.922,3025511,7936.836
2026-09-04 00:00:00+00:00,81270.37,81427.75,80502.87,81224.86,7162.7694,1384707,3661.7418
2026-09-04 12:00:00+00:00,81224.86,81350,78660,79660.77,12035.856,2033193,5620.6177
2026-09-05 00:00:00+00:00,79660.77,79763.41,79442,79609.28,3496.3566,518448,1641.5302
2026-09-05 12:00:00+00:00,79609.29,80200,79545.96,79831.75,5620.8836,757602,2613.7521
2026-09-06 00:00:00+00:00,79831.75,80107.99,79577,79919.17,4303.9124,697446,1799.8501
2026-09-06 12:00:00+00:00,79919.17,80559.99,79233,80341.83,4550.9059,960799,2412.3406
2026-09-07 00:00:00+00:00,80341.83,80443.99,79001.1,79420.16,5889.5764,1213545,2933.3317
2026-09-07 12:00:00+00:00,79420.16,79643.5,78680,79112.01,4682.8785,1251058,2246.825
2026-09-08 00:00:00+00:00,79112,79485,78179.98,78430.01,11682.617,2811314,5256.0189
2026-09-08 12:00:00+00:00,78430,78978.39,77620.01,78455.8,7552.4489,1528332,3285.0968
2026-09-09 00:00:00+00:00,78455.8,79760,78455.79,79324.75,6106.98,1299730,2893.1335
2026-09-09 12:00:00+00:00,79324.75,79678.84,77770,78306.43,8022.9403,2038639,3726.9486
2026-09-10 00:00:00+00:00,78306.43,78564.39,77688,77840.8,5937.3926,1116770,2487.1435
2026-09-10 12:00:00+00:00,77840.64,77959.2,76464,76568.72,9382.9765,1963937,3939.83
2026-09-11 00:00:00+00:00,76568.73,77500,76563.01,77036.12,5359.9136,956342,2641.3176
2026-09-11 12:00:00+00:00,77036.12,79890,76046.58,77225.7,14353.364,2657921,7210.8359
2026-09-12 00:00:00+00:00,77225.71,77400.75,77164.06,77356.04,3830.8232,350391,2119.1709
2026-09-12 12:00:00+00:00,77356.05,77505.67,77059.75,77278.73,4229.6213,398183,2193.6003
2026-09-13 00:00:00+00:00,77278.73,77341.37,76500,76792.32,3443.7286,483678,1709.9257
2026-09-13 12:00:00+00:00,76792.31,77450,76560,76842.01,3515.955,791825,1905.8074
2026-09-14 00:00:00+00:00,76842.01,78374.01,76388.72,77776,6881.6619,1284950,3829.4845
2026-09-14 12:00:00+00:00,77776,79600,77481.98,78189.21,8531.8278,1940567,4374.2107
2026-09-15 00:00:00+00:00,78189.2,78250.46,76703.59,76940.01,6380.1991,980629,3235.3172
2026-09-15 12:00:00+00:00,76940.01,77343.44,74967.97,75644.48,15302.518,2439311,7409.6842
2026-09-16 00:00:00+00:00,75644.48,76304.01,75350,76250,5412.6053,954229,2681.691
2026-09-16 12:00:00+00:00,76250,76560.76,75064.82,76206.01,9475.379,2103465,4849.3224
2026-09-17 00:00:00+00:00,76206,76774.08,76055.34,76482,4698.2279,810066,2502.4223
2026-09-17 12:00:00+00:00,76482,77179.47,76000,76417.01,6226.7943,1204492,3339.8952
2026-09-18 00:00:00+00:00,76417.01,78490.79,76296,78062,9015.5806,1126531,5082.7385
2026-09-18 12:00:00+00:00,78062.01,81400,77972.3,80883.87,14892.199,2066578,7850.0378
2026-09-19 00:00:00+00:00,80883.86,81741,80844.58,81302.63,4614.8697,788780,2171.8058
2026-09-19 12:00:00+00:00,81302.63,81951,80904.46,81249.99,6048.8974,859609,2962.8569
2026-09-20 00:00:00+00:00,81249.99,81330.01,80126.04,80493.2,6166.0651,832702,3337.4298
2026-09-20 12:00:00+00:00,80493.21,81497.33,80327.64,81178,4827.6178,1108576,2673.8995
2026-09-21 00:00:00+00:00,81178.01,85299.87,80850.22,84887.19,16186.439,2238877,8918.7238
2026-09-21 12:00:00+00:00,84887.19,87395.67,84778,86620,15776.74,2222127,7626.4835
2026-09-22 00:00:00+00:00,86620.01,86625.82,85114,85986.62,10144.627,1672927,4774.0928
2026-09-22 12:00:00+00:00,85986.62,86717.6,85461.53,86208.56,11183.831,1713848,4711.1938
2026-09-23 00:00:00+00:00,86208.57,87278.54,85450.88,85649.95,8471.9761,1341886,4228.979
2026-09-23 12:00:00+00:00,85649.96,85940.32,83500.01,84397.6,13678.957,1960010,6105.6935
2026-09-24 00:00:00+00:00,84397.6,84622.01,82874.93,83494.58,9094.5645,1515962,4264.7369
2026-09-24 12:00:00+00:00,83494.59,84942.45,83346.66,84410.24,9609.0552,1777089,4532.769
2026-09-25 00:00:00+00:00,84410.24,85255,83750.5,84582.64,8404.8291,1085815,4282.1197
2026-09-25 12:00:00+00:00,84582.64,84704,83183,84099.99,9651.4361,1762781,4259.0142
2026-09-26 00:00:00+00:00,84100,84336.96,83798,84176,3578.8345,505218,1801.8758
2026-09-26 12:00:00+00:00,84176,84473.58,83838,84433.1,4479.2302,441479,2101.0358
2026-09-27 00:00:00+00:00,84433.11,85117.64,84257.07,84898,5457.5451,531278,2805.1357
2026-09-27 12:00:00+00:00,84898,85159.03,84132,84472,4157.5845,826882,1945.0644
